"Time (s)","Gyroscope x (rad/s)","Gyroscope y (rad/s)","Gyroscope z (rad/s)"
6.077308900E-2,-2.170474678E-1,-3.709780574E-1,1.478053331E-1
8.104308900E-2,-3.182475269E-1,-4.412854612E-1,1.824263930E-1
1.013130370E-1,-4.732433856E-1,-3.651190996E-1,1.872200817E-1
1.215830370E-1,-5.551354885E-1,-4.029359818E-1,1.376853287E-1
1.416956410E-1,-6.206492186E-1,-5.424855351E-1,5.725792050E-2
1.619654320E-1,-7.452850938E-1,-6.617950201E-1,1.424790081E-2
1.822352240E-1,-8.161250949E-1,-7.703187466E-1,-1.451421715E-2
2.025051200E-1,-9.088030457E-1,-9.386304021E-1,-7.097318769E-2
2.229051200E-1,-1.063798904E0,-1.050483108E0,-1.247690022E-1
2.430449120E-1,-1.099884748E0,-9.998830557E-1,-1.636511236E-1
2.633148070E-1,-1.067527294E0,-7.724493146E-1,-1.503353268E-1
2.835847550E-1,-9.237167239E-1,-6.388918757E-1,-5.925529078E-2
3.038546510E-1,-6.552702785E-1,-6.479465961E-1,1.464737463E-3
3.242546510E-1,-4.034686089E-1,-7.889608741E-1,-1.731053460E-3
3.443945990E-1,-4.849612713E-1,-1.055809379E0,-5.073318258E-2
3.646644950E-1,-8.656598926E-1,-1.174586296E0,-1.412805915E-1
3.849344950E-1,-1.328916430E0,-1.259274840E0,-2.318280041E-1
4.052044950E-1,-1.815076113E0,-1.568068027E0,-3.623228073E-1
4.254744430E-1,-2.342248440E0,-1.939711928E0,-3.213101327E-1
4.457443910E-1,-2.733067036E0,-2.099501371E0,-4.380896688E-2
4.660143910E-1,-2.790058613E0,-2.223604679E0,1.989379823E-1
4.862843910E-1,-2.409359932E0,-2.006823540E0,5.233107805E-1
5.065543390E-1,-2.009486675E0,-1.413604856E0,6.755102873E-1
5.269543390E-1,-1.945038199E0,-1.073918939E0,4.679170549E-1
5.470943390E-1,-1.851827741E0,-6.825676560E-1,4.327633679E-1
5.673643390E-1,-1.673395991E0,-5.078644156E-1,6.648576856E-1
5.876342350E-1,-1.541436434E0,-2.378201038E-1,1.308143735E0
6.079042350E-1,-1.382179618E0,-5.046686530E-2,2.218145132E0
6.281742350E-1,-1.180312157E0,-7.486140132E-1,3.036134481E0
6.484442350E-1,-9.583377838E-1,-1.980724573E0,3.652789116E0
6.687142350E-1,-7.165229321E-1,-2.505766392E0,3.949331760E0
6.889841820E-1,-2.037316710E-1,-2.712960243E0,3.928026438E0
7.092541820E-1,1.029044628E0,-3.755054235E0,3.585677385E0
7.295241820E-1,2.500839472E0,-4.248138428E0,2.787928104E0
7.497941820E-1,2.998717070E0,-4.679969311E0,1.196291089E0
7.700641300E-1,2.781935930E0,-3.985683918E0,-2.996053919E-2
7.903341300E-1,1.215332627E0,-2.076065779E0,8.548741043E-2
8.106041300E-1,-3.273022473E-1,-1.157542109E0,5.233107805E-1
8.308741300E-1,-1.469531178E0,-5.350286365E-1,8.752472401E-1
8.511440780E-1,-2.005225658E0,-5.691171288E-1,1.003611565E0
8.714140780E-1,-2.113349915E0,-3.896201849E-1,1.285240531E0
8.916840780E-1,-2.069674015E0,-2.049300969E-1,1.844903469E0
9.119540780E-1,-1.927994013E0,-2.948117256E-1,2.304964304E0
9.322240780E-1,-1.461009026E0,-3.107906580E-1,1.916276097E0
9.524940260E-1,-8.715187907E-1,-2.203764170E-1,1.004676819E0
9.727640260E-1,-5.318328738E-1,-1.729721874E-1,3.081275225E-1
9.930340260E-1,-3.107906580E-1,-9.258472323E-1,1.419463754E-1
1.013304026E0,1.877527125E-2,-1.884318233E0,3.145190775E-1
1.033573974E0,3.884217441E-1,-1.650626063E0,4.370244145E-1
1.053843974E0,6.466150284E-1,-4.807002246E-1,4.375570416E-1
1.074113974E0,8.522109389E-1,1.418132186E-1,6.941524148E-1
1.094383974E0,8.735162020E-1,6.298371404E-2,1.088832617E0
1.114653974E0,5.752423406E-1,-8.811061978E-1,6.808366179E-1
1.134923922E0,5.938844681E-1,-1.982855082E0,-5.363602638E-1
1.155193922E0,1.083772540E0,-2.907370806E0,-1.012000442E0
1.175463922E0,1.391101122E0,-3.353050470E0,-1.131709456E0
1.195733870E0,9.113330245E-1,-3.599525928E0,-1.099218965E0
1.216003870E0,3.079943359E-1,-4.150134087E0,-1.342631698E0
1.236273870E0,4.113249183E-1,-4.394611835E0,-1.600824952E0
1.256543818E0,5.709813237E-1,-4.290215969E0,-1.736646056E0
1.276813818E0,4.917523265E-1,-3.908452272E0,-1.839976668E0
1.297083818E0,4.166512489E-1,-3.455315828E0,-1.669001818E0
1.317483818E0,2.669816911E-1,-3.308841944E0,-1.251551628E0
1.337623766E0,-1.518000662E-2,-2.965294600E0,-5.518065691E-1
1.357893766E0,-4.103928208E-1,-2.442383289E0,-2.382195890E-1
1.378163714E0,-4.119907022E-1,-2.572345495E0,-4.555333555E-1
1.398433714E0,-2.239716798E-1,-3.008437634E0,-7.014760971E-1
1.418703714E0,-8.069372177E-2,-3.426553726E0,-7.893603444E-1
1.438973714E0,5.925529078E-2,-4.069706440E0,-7.547392845E-1
1.459243662E0,3.580617309E-1,-4.430298328E0,-6.801708341E-1
1.479513662E0,4.688491523E-1,-4.108588696E0,-5.896234512E-1
1.499783610E0,1.215732098E-1,-3.816839695E0,-6.354297400E-1
1.520053610E0,5.819002539E-2,-3.461574316E0,-6.423539519E-1
1.540402307E0,1.583248079E-1,-2.788594007E0,-5.789707899E-1
1.560593714E0,1.556616426E-1,-1.807219744E0,-4.629902244E-1
1.580863662E0,1.984053478E-2,-1.629853368E0,-3.873564899E-1
1.601133662E0,-6.258423906E-3,-1.658082843E0,-2.914827764E-1
1.621533662E0,5.446160212E-2,-1.515870214E0,-2.829606533E-1
1.641673557E0,6.937529147E-2,-1.736379743E0,-3.564638495E-1
1.661943557E0,4.913528636E-2,-1.880057216E0,-4.123901725E-1
1.682213557E0,2.996053919E-2,-1.835449219E0,-1.737711281E-1
1.702483505E0,9.068056941E-2,-1.065396786E0,7.323687430E-3
1.722883505E0,7.576687634E-2,-3.182475269E-1,7.430213690E-2
1.743023505E0,3.569964767E-1,-4.636560082E-1,3.938812315E-1
1.763293453E0,6.455497742E-1,-3.475422561E-1,8.182556629E-1
1.783563453E0,4.965460002E-1,1.482048035E-1,8.731167316E-1
1.803833453E0,2.515353858E-1,1.668469161E-1,4.189149141E-1
1.824233453E0,2.131858915E-1,-2.049300969E-1,4.370244145E-1
1.844373401E0,1.077247858E-1,-4.785696864E-1,7.095987201E-1
1.864643401E0,3.328948980E-3,-2.846917212E-1,9.396957159E-1
1.884913401E0,1.434111148E-1,-5.302349925E-1,1.051015735E0
1.905183401E0,-2.383527458E-1,-2.091911435E-1,1.234640598E0
1.925583401E0,-4.045338631E-1,4.042675495E-1,1.431714296E0
1.945723401E0,5.605949834E-2,4.958802164E-1,1.376853228E0
1.965993401E0,4.006722867E-1,3.360906839E-1,1.337971091E0
1.986263401E0,3.149185777E-1,2.611227632E-1,1.267663717E0
2.006533401E0,-9.507478029E-2,1.817606091E-1,1.160604715E0
2.026803401E0,-8.175898343E-2,7.052045465E-1,1.088299990E0
2.047073401E0,2.845585644E-1,8.404930234E-1,1.017992616E0
2.067343401E0,6.881603003E-1,6.679202914E-1,9.253146052E-1
2.087613401E0,9.651288390E-1,9.229177833E-1,1.059537888E0
2.107883401E0,9.241161942E-1,1.196157932E0,1.218128920E0
2.128153401E0,9.081372619E-1,9.074714780E-1,9.641967416E-1
2.148423401E0,9.816404581E-1,2.834932804E-1,6.643250585E-1
2.168693453E0,7.542066574E-1,-1.964079887E-1,4.530033767E-1
2.188963453E0,1.753690243E-1,-3.795001805E-1,6.691187024E-1
2.209233453E0,-5.620597005E-1,-1.011068344E0,1.432779551E0
2.229503453E0,-1.487107992E0,-2.384326458E0,2.571280003E0
2.249773453E0,-1.703756094E0,-4.695415974E0,3.305513144E0
2.270043505E0,-1.457280636E0,-7.138065338E0,4.064380169E0
2.290313505E0,-1.001480937E0,-7.224750996E0,4.077163219E0
2.310583505E0,-1.532914400E0,-5.452684879E0,3.415767908E0
2.330853505E0,-2.720283747E0,-6.746581078E0,2.641587496E0
2.351123557E0,-3.188467264E0,-5.919670105E0,1.942907691E0
2.371393557E0,-2.682600260E0,-5.621928692E0,1.269261599E0
2.391663557E0,-1.934918284E0,-5.235371113E0,8.795083165E-1
2.411933610E0,-1.188834190E0,-3.043058634E0,7.351650596E-1
2.432203610E0,-2.719085515E-1,-1.671132296E-1,7.037398219E-1
2.452473662E0,3.767038584E-1,1.398424864E0,5.849629045E-1
2.472743662E0,-9.986846894E-2,9.218525290E-1,2.500706315E-1
2.493013662E0,-2.055825710E0,-1.150085211E0,-8.002793044E-2
2.513283714E0,-2.493515968E0,-2.937597752E0,4.290349185E-1
2.533553714E0,-1.499891162E0,-2.052629948E0,9.061399102E-1
2.553823714E0,-4.524707198E-1,-8.672577739E-1,1.038765192E0
2.574093766E0,2.866890728E-1,6.564687192E-2,1.165931106E0
2.594363766E0,8.277098536E-1,4.484759867E-1,1.053146243E0
2.614633818E0,9.640635848E-1,-2.182458937E-1,6.515418887E-1
2.634903818E0,1.009337306E0,-1.435975432E0,3.187801540E-1
2.655173870E0,1.070456743E0,-2.364752054E0,-1.930790395E-2
2.675443818E0,1.088033676E0,-2.397642136E0,-2.520680130E-1
2.695713870E0,7.318361402E-1,-1.348623753E0,-3.298322558E-1
2.715983922E0,-6.791055668E-3,-4.721781015E-1,-1.657816470E-1
2.736253922E0,-3.784348965E-1,-4.380896688E-1,3.715106845E-2
2.756523974E0,-3.448790908E-1,-2.671148479E-1,8.335687965E-2
2.776793974E0,-3.326285779E-1,-3.502054140E-2,-1.620532274E-1
2.797064026E0,1.131842658E-2,-1.142628431E0,-1.620532274E-1
2.817334026E0,5.233107507E-2,-1.731053472E0,-2.350237966E-1
2.837604026E0,2.105227262E-1,-2.065945625E0,-3.889544010E-1
2.857874078E0,3.655185997E-1,-2.077131033E0,-7.856319547E-1
2.878144078E0,3.783017397E-1,-1.568068027E0,-1.024250984E0
2.898414130E0,4.331628382E-1,-8.592683077E-1,-1.033172607E0
2.918684130E0,6.578003168E-1,-2.713759243E-1,-1.117328405E0
2.938954182E0,6.705834866E-1,3.776359558E-1,-8.820382953E-1
2.959224182E0,3.623228073E-1,4.490086138E-1,-4.624575675E-1
2.979494182E0,1.636511236E-1,-6.005423889E-2,-5.448823571E-1
2.999764235E0,3.047985733E-1,-2.415485233E-1,-8.586025238E-1
3.020034235E0,5.034702420E-1,-1.532648057E-1,-7.440866828E-1
3.040304287E0,3.495396376E-1,-3.986749053E-1,-4.443480968E-1
3.060574287E0,2.430132627E-1,-6.889592409E-1,-3.298322558E-1
3.080844287E0,2.531332672E-1,-7.028076649E-1,-6.908234954E-1
3.101114339E0,2.233058959E-1,-3.512706757E-1,-1.679121852E0
3.121514339E0,4.789691567E-1,2.435459048E-1,-1.943307161E0
3.141654339E0,7.259771824E-1,3.206443489E-1,-1.708416581E0
3.161924339E0,5.384907722E-1,-3.251717389E-1,-1.363936901E0
3.182194391E0,4.688491523E-1,-3.704454303E-1,-1.270193696E0
3.202464391E0,4.107922912E-1,-7.884282470E-1,-1.152482152E0
3.222864391E0,3.127880394E-1,-9.588704109E-1,-1.239833713E0
3.243004443E0,2.089248300E-1,-4.998749495E-1,-1.284042120E0
3.263274443E0,3.049317189E-2,-1.655153334E-1,-1.359143257E0
3.283544443E0,-1.797632426E-1,4.966791719E-2,-1.142362118E0
3.303814443E0,-5.099949837E-1,4.111917615E-1,-8.713856339E-1
3.324214443E0,-8.086682558E-1,9.202546477E-1,-6.647245288E-1
3.344354495E0,-8.709861636E-1,1.641837597E0,-2.845585644E-1
3.364624495E0,-1.082440972E0,1.795235515E0,1.818937659E-1
3.384894495E0,-1.278849006E0,1.728656530E0,5.259739161E-1
3.405164495E0,-1.263402700E0,1.767006040E0,5.854955316E-1
3.425434495E0,-1.173920512E0,1.443698525E0,4.407528341E-1
3.445704495E0,-1.128646851E0,7.158571482E-1,1.179779470E-1
3.465974495E0,-9.881651998E-1,2.174469382E-1,-1.370195299E-1
3.486244495E0,-6.898913383E-1,3.712443709E-1,-6.404897571E-2
3.506514495E0,-2.596580088E-1,4.463454783E-1,9.294424951E-2
3.526745172E0,-8.602003753E-2,2.685796022E-1,1.957421899E-1
3.547054495E0,-1.744369268E-1,-2.436790615E-1,3.358243704E-1
3.567324495E0,-3.384875357E-1,-6.005423665E-1,7.159903049E-1
3.587594495E0,-4.556665123E-1,-6.692518592E-1,1.287903786E0
3.607864495E0,-5.865607858E-1,-9.787109494E-2,1.925863504E0
3.628134495E0,-6.313018799E-1,9.032104015E-1,2.363021135E0
3.648404495E0,-6.882934570E-1,1.543300748E0,2.198970556E0
3.668674495E0,-8.081356287E-1,1.588041782E0,1.545164943E0
3.688944495E0,-8.773777485E-1,1.245692611E0,9.167925119E-1
3.709214495E0,-8.672577739E-1,8.266445994E-1,4.274370372E-1
3.729484495E0,-6.920219064E-1,3.430148959E-1,-1.790974438E-1
3.749754495E0,-4.306328297E-1,1.062999964E0,-3.894870281E-1
3.770024443E0,1.663142890E-1,2.736129761E0,-2.163816839E-1
3.790373141E0,7.611308694E-1,3.398057938E0,-3.383543491E-1
3.810564547E0,1.468865395E0,3.506182194E0,-4.980107546E-1
3.830834547E0,1.877793431E0,4.731368542E0,-3.617901504E-1
3.851104443E0,1.925197721E0,5.345892429E0,-1.897500902E-1
3.871374443E0,1.344229579E0,4.408726692E0,3.075948730E-2
3.891644443E0,1.099218965E0,3.536542177E0,1.776327193E-1
3.911914391E0,1.156210542E0,3.716971159E0,2.234390527E-1
3.932184391E0,1.075783134E0,3.967840672E0,2.607232630E-1
3.952454391E0,8.218508959E-1,3.715905905E0,2.990727723E-1
3.972724287E0,4.379565120E-1,3.650924921E0,3.070622385E-1
3.992994287E0,-1.254348010E-1,2.948117018E0,3.970770240E-1
4.013264287E0,-2.346243113E-1,1.731319785E0,4.514054656E-1
4.033534287E0,-4.157191217E-1,1.577389121E0,4.822981060E-1
4.053804235E0,-9.444893599E-1,2.378866911E0,3.384875357E-1
4.074074235E0,-1.155811071E0,2.218544722E0,1.478053331E-1
4.094344235E0,-8.198535442E-1,2.744651794E0,-1.268995255E-1
4.114614182E0,-6.009418368E-1,1.986849904E0,1.744369231E-2
4.134884182E0,-3.411506712E-1,1.713742852E0,1.861548275E-1
4.155154130E0,-5.299686641E-2,1.011867285E0,8.175898343E-2
4.175424130E0,2.536658943E-1,4.740423262E-1,-9.813741595E-2
4.195694130E0,4.539354742E-1,3.741738573E-2,-2.051964104E-1
4.215964078E0,3.522028029E-1,9.174583107E-2,-1.215732098E-1
4.236234078E0,7.030739784E-1,1.705753356E-1,-3.910849094E-1
4.256504026E0,6.295707822E-1,4.372907281E-1,-3.165164590E-1
4.276773974E0,4.380896688E-2,6.231792569E-1,7.856319658E-3
4.297043974E0,-2.601906359E-1,7.648593187E-1,-7.257108390E-2
4.317313974E0,-2.271674722E-1,1.524658650E-1,1.464737463E-3
4.337583922E0,1.279647946E-1,-5.776392221E-1,1.962748319E-1
4.357853922E0,-5.524723530E-1,4.154528081E-1,4.210454524E-1
4.378123870E0,-8.672577739E-1,6.791055799E-1,3.997401893E-1
4.398393870E0,-2.423474751E-2,-1.932121962E-1,1.515337527E-1
4.418663818E0,1.379383206E0,-1.733716607E0,-7.510108948E-1
4.438933818E0,1.329315901E0,-2.295510054E0,5.387570858E-1
4.459203818E0,-3.009369783E-2,-4.546012580E-1,9.082704186E-1
4.479473766E0,-8.906935453E-1,1.447426915E0,4.018706977E-1
4.499743766E0,-1.011600971E0,1.543833375E0,6.776408553E-1
4.520013714E0,-9.727188349E-1,1.013465166E0,1.148354173E0
4.540283714E0,-2.537990510E-1,4.069307148E-1,5.568665862E-1
4.560553662E0,-2.442116886E-1,2.648511827E-1,2.825611830E-1
4.580823662E0,-4.242412448E-1,-3.965443969E-1,7.430213690E-2
4.601093610E0,-1.046222091E0,9.334372729E-2,1.946769357E-1
4.621493610E0,-9.013462067E-1,3.882885873E-1,4.993423223E-1
4.641633557E0,-6.211818457E-1,3.973433375E-1,8.827040792E-1
4.661903557E0,3.155843541E-2,3.893538713E-1,1.060603142E0
4.682173505E0,6.599308252E-1,9.760478139E-2,1.725061297E0
4.702443505E0,3.314301372E-1,4.585959911E-1,2.118143559E0
4.722843505E0,-5.435507894E-1,-2.814959288E-1,1.860349774E0
4.742983453E0,-1.228781581E0,5.459476262E-3,1.173920512E0
4.763253401E0,-8.544746041E-1,7.094655633E-1,3.374222517E-1
4.783523401E0,-2.516685426E-1,8.298403621E-1,1.323590130E-1
4.803793349E0,1.455416381E-1,4.138549268E-1,7.623292804E-1
4.824193349E0,5.379581451E-1,4.484759867E-1,1.448758602E0
4.844333297E0,5.997434258E-1,8.431561589E-1,1.502021790E0
4.864733297E0,-6.631266326E-2,1.830389261E0,1.059005260E0
4.884873245E0,-4.205128253E-1,5.086634159E-1,1.272457361E0
4.905143245E0,-9.173251390E-1,9.495493770E-1,7.138597965E-1
4.925543245E0,-1.156876326E0,5.949497223E-1,4.327633679E-1
4.945683193E0,-1.072853684E0,-9.840372950E-2,5.190497041E-1
4.965953141E0,-6.467481852E-1,-1.798963994E-1,5.179844499E-1
4.986223089E0,-9.028109163E-2,-4.727107286E-1,3.720433414E-1
5.006493089E0,2.296974659E-1,-5.382244587E-1,3.635212183E-1
5.026893089E0,2.382195890E-1,-5.089297295E-1,5.243760347E-1
5.047033037E0,3.170490861E-1,-4.673844278E-1,3.289001584E-1
5.067303037E0,-6.791055668E-3,-2.278332561E-1,3.502054140E-2
5.087572985E0,-4.556665123E-1,-2.022669315E-1,1.957421936E-2
5.107842985E0,-1.957421899E-1,-4.663191736E-1,1.696432382E-1
5.128112932E0,5.034702420E-1,-5.190497041E-1,4.098601937E-1
5.148382880E0,1.100816846E0,-3.773696423E-1,6.819018722E-1
5.168652880E0,1.612010241E0,1.012399912E0,1.187768936E0
5.188922828E0,1.064198375E0,-2.596580051E-2,1.337438464E0
5.209192828E0,7.632613778E-1,2.516685426E-2,7.729819417E-1
5.229462776E0,1.615206003E-1,2.627206445E-1,3.597927988E-1
5.249732776E0,-5.966808200E-1,-1.042626798E-1,5.728455186E-1
5.270002724E0,-1.186171055E0,-5.968139768E-1,9.375651479E-1
5.290272724E0,-1.359276414E0,-8.092008829E-1,7.660577297E-1
5.310542672E0,-9.503483176E-1,-5.408875942E-1,6.254429221E-1
5.330812620E0,-7.239798307E-1,-1.111868918E-1,5.313002467E-1
5.351212620E0,-3.118559420E-1,2.717753947E-1,5.897566080E-1
5.371352568E0,-2.458095849E-1,2.584595978E-1,6.297039986E-1
5.391622516E0,-2.932138145E-1,-7.017423958E-2,6.089313030E-1
5.411892516E0,-3.331612051E-1,2.996053919E-2,4.966791868E-1
5.432162464E0,-4.269044101E-1,1.167795286E-1,3.246390820E-1
5.452432412E0,-3.518033028E-1,2.435459048E-1,1.318263710E-1
5.472702360E0,-1.845569313E-1,2.318280041E-1,8.175898343E-2
5.492972360E0,-1.824263930E-1,1.977395564E-1,1.217063740E-1
5.513242307E0,-2.447443157E-1,2.818953991E-1,2.010685205E-2
5.533512255E0,-4.301002026E-1,4.980107546E-1,-3.479417264E-1
5.553782203E0,-1.595764875E0,2.525207520E0,-8.506129980E-1
5.574052203E0,-1.163267851E0,2.465020180E0,-1.043825269E0
5.594322151E0,5.837644935E-1,-1.308942735E-1,-1.023718357E0
5.614592099E0,1.884717703E0,-1.540903807E0,-1.759016514E-1
5.634862047E0,1.306412697E0,-1.706019759E0,-1.081642032E0
5.655131995E0,2.105227262E-1,-9.407609701E-1,-1.901229262E0
5.675401995E0,-1.616537571E-1,-3.427485824E-1,-2.425205946E0
5.695671891E0,3.809649050E-1,-1.022253633E0,-2.526405811E0
5.715941891E0,9.416930676E-1,-1.973267794E0,-1.823997617E0
5.736211839E0,7.227813601E-1,-1.861947656E0,-1.168461084E0
5.756481787E0,4.512723088E-1,-9.551420212E-1,-9.880320430E-1
5.776751735E0,1.886848211E-1,-5.440834165E-1,-5.864276290E-1
5.797021682E0,-1.845569313E-1,-3.768370152E-1,-9.920267761E-2
5.817421682E0,-3.347590864E-1,1.199753210E-1,6.418213248E-2
5.837561578E0,-6.866955757E-1,1.130511016E-1,2.202432603E-1
5.857831526E0,-6.254429221E-1,4.319643974E-1,4.354265034E-1
5.878101474E0,-3.294327855E-1,1.181776881E0,7.430213690E-2
5.898371422E0,-1.121189967E-1,4.660528302E-1,8.442214131E-2
5.918641370E0,1.460742801E-1,5.872265995E-2,3.595264861E-3
5.938911318E0,2.621880174E-1,-1.452753246E-1,-1.557948068E-2
5.959181266E0,2.856238186E-1,-2.043974549E-1,2.063948289E-2
5.979451214E0,1.620532274E-1,-7.816372067E-2,5.832318589E-2
5.999721162E0,-1.062600464E-1,2.483395934E-1,1.994706094E-1
6.019991057E0,-1.504684836E-1,3.989412189E-1,3.896201849E-1
6.040300328E0,6.671213359E-2,5.699160695E-1,5.408875942E-1
6.060531005E0,4.363586307E-1,4.623244107E-1,7.969503403E-1
6.080800953E0,6.301034689E-1,6.817687154E-1,1.095224142E0
6.101070901E0,6.119939685E-1,7.297055721E-1,1.381646991E0
6.121470901E0,6.854971647E-1,5.997434258E-1,1.487107992E0
6.141610745E0,6.285055280E-1,1.037433624E0,1.267663717E0
6.161880693E0,6.743118763E-1,-1.335574239E-1,1.357678533E0
6.182150641E0,7.808382511E-1,-3.232143164E0,1.888046622E0
6.202420485E0,4.704470634E-1,-3.696464777E0,2.086185694E0
6.222820485E0,7.579351068E-1,-2.055293083E0,2.171939373E0
6.242960380E0,6.631265879E-1,-9.785777926E-1,1.657949686E0
6.263230276E0,1.194426864E-1,-5.339633822E-1,7.692534924E-1
6.283500224E0,-1.531316489E-1,-5.792371184E-2,3.304980397E-1
6.303770172E0,-1.035968885E-1,-2.585927546E-1,2.170474678E-1
6.324170172E0,-4.181159660E-2,-7.060034871E-1,2.777675092E-1
6.344310016E0,-5.885581672E-2,-8.033419251E-1,2.905506492E-1
6.364579964E0,1.611211337E-2,-9.018788338E-1,1.701758653E-1
6.384849860E0,8.695214242E-2,-9.732515216E-1,9.347688407E-2
6.405119807E0,7.310371846E-2,-1.015329361E0,6.471476704E-2
6.425389703E0,5.992108025E-3,-8.906935453E-1,-1.131842658E-2
6.445659651E0,-1.464737463E-3,-4.764391780E-1,-7.736477256E-2
6.465929599E0,-3.062633052E-2,-9.787109494E-2,-1.098553166E-1
6.486199495E0,1.291632187E-2,3.032006621E-1,-1.274321675E-1
6.506469391E0,4.860265180E-2,5.981455445E-1,-1.263668984E-1
6.526700016E0,4.008054361E-2,6.130592227E-1,-1.087900475E-1
6.547009182E0,-6.950845569E-2,3.659180701E-1,6.151897460E-2
6.567279078E0,-3.222422674E-2,-3.289001435E-2,-9.387636185E-2
6.587549026E0,6.831002980E-2,-9.743167758E-1,-2.516685426E-2
6.607819026E0,7.789740711E-2,-1.848631859E0,-1.966743022E-1
6.628088922E0,-6.471476704E-2,-2.413621187E0,-5.118591785E-1
6.648358818E0,-3.001380265E-1,-2.610162258E0,-8.969519734E-1
6.668628714E0,-7.745798230E-1,-2.579802275E0,-1.829856634E0
6.688898662E0,-1.268196344E0,-1.381646991E0,-2.690323353E0
6.709168557E0,-1.327318549E0,5.392897129E-2,-2.879940271E0
6.729438453E0,-9.370325208E-1,1.260606408E0,-2.334658384E0
6.749708349E0,6.332992315E-1,1.949033022E0,-1.087501049E0
6.769978297E0,1.610944986E0,2.131193161E0,-1.029310971E-1
6.790248193E0,5.491434336E-1,2.593384266E0,2.372874767E-1
6.810518089E0,-6.185187101E-1,1.997502446E0,1.451421678E-1
6.830787985E0,-9.546093941E-1,1.414403796E0,2.154495716E-1
6.851057880E0,-9.178577662E-1,1.140231609E0,1.217063740E-1
6.871327776E0,-4.269044101E-1,1.450622797E0,-1.529984921E-1
6.891597620E0,-1.914811432E-1,1.916675568E0,-2.179795653E-1
6.911867620E0,-4.290349185E-1,2.547578096E0,-1.418132186E-1
6.932137516E0,-1.049417853E0,3.760647058E0,-5.499423668E-2
6.952407412E0,-1.558480740E0,4.317113876E0,-5.233107507E-2
6.972677307E0,-1.254347920E0,3.100316763E0,-1.940111369E-1
6.992947203E0,-1.111070037E0,2.644516945E0,-9.653951973E-2
7.013217099E0,-1.247956395E0,3.524824142E0,-3.635212034E-2
7.033486995E0,-1.222922683E0,3.775027990E0,-2.083922029E-1
7.053756891E0,-6.520745158E-1,2.000698328E0,-1.199753210E-1
7.074026787E0,-1.829590350E-1,4.282359779E-1,3.342264518E-2
7.094296682E0,-3.115896136E-2,-2.681801319E-1,1.398158520E-1
7.114566526E0,-3.755054250E-2,-2.788327634E-1,1.856221855E-1
7.134836422E0,5.819002539E-2,2.291648388E-1,1.307611167E-1
7.155106318E0,2.520680130E-1,-1.953427196E-1,1.685779691E-1
7.175376214E0,1.940111369E-1,-9.627319872E-2,1.627190262E-1
7.195646110E0,4.913528636E-2,-4.508728385E-1,2.809632942E-2
7.215915953E0,-1.944106072E-2,-4.668518007E-1,1.957421936E-2
7.236185849E0,1.412805915E-1,-4.988096952E-1,7.643266767E-2
7.256455745E0,2.925480306E-1,-5.430181623E-1,1.179779470E-1
7.276725641E0,3.367564678E-1,-5.872265697E-1,9.454214573E-2
7.296995485E0,3.330280483E-1,-6.165213585E-1,4.926844314E-2
7.317265380E0,4.699144363E-1,-9.599357247E-1,1.744369231E-2
7.337535224E0,5.986781716E-1,-1.183641076E0,-3.262370080E-2
7.357805120E0,6.040045023E-1,-1.105344176E0,-1.141163707E-1
7.378074964E0,5.821665525E-1,-1.169792652E0,-2.483395934E-1
7.398344860E0,4.304996729E-1,-9.460873008E-1,-2.957438231E-1
7.418614703E0,1.993374527E-1,-4.652538896E-1,-2.893522382E-1
7.438884599E0,4.593949392E-2,-1.591237634E-1,-2.989396155E-1
7.459154443E0,1.025316212E-2,-1.431448013E-1,-2.840259075E-1
7.479424287E0,5.126581341E-2,-2.452769578E-1,-1.913479865E-1
7.499694130E0,3.741738573E-2,-7.550056279E-2,-6.458161026E-2
7.519964026E0,1.717737690E-2,3.954791278E-2,-3.328948980E-3
7.540233870E0,2.143843099E-2,1.557948068E-2,-9.720530361E-3
7.560503714E0,1.930790395E-2,-1.464737463E-3,-1.331579551E-4
7.580773610E0,1.078579482E-2,-1.464737463E-3,6.258423906E-3
7.601043453E0,2.796316985E-3,-1.464737463E-3,1.158474199E-2
7.621443453E0,1.331579551E-4,-1.464737463E-3,1.371526904E-2
7.641741057E0,3.861580743E-3,-9.454214945E-3,1.105211023E-2
7.661853610E0,1.078579482E-2,-7.856319658E-3,4.660528619E-3
7.682123349E0,1.131842658E-2,4.394212738E-3,-1.198421582E-3
7.702393089E0,9.720530361E-3,9.187898599E-3,-6.657897611E-4
7.722793089E0,8.122635074E-3,9.720530361E-3,9.321057005E-4
7.742932724E0,1.185105834E-2,8.655266836E-3,1.464737463E-3
7.763202464E0,1.451421715E-2,3.861580743E-3,4.660528619E-3
7.783472255E0,1.238369010E-2,1.331579551E-4,8.921583183E-3
7.803742047E0,7.590003312E-3,-3.994738800E-4,9.986846708E-3
7.824142047E0,2.263685223E-3,2.796316985E-3,6.791055668E-3
7.844281682E0,5.992108025E-3,3.861580743E-3,-1.198421582E-3
7.864551526E0,9.187898599E-3,1.731053460E-3,-3.861580743E-3
7.884821370E0,1.731053460E-3,-9.454214945E-3,-6.657897611E-4
7.905091162E0,-7.856319658E-3,-2.543316968E-2,-6.657897611E-4
7.925491162E0,-1.624527015E-2,-2.490053698E-2,-2.796316985E-3
7.945630797E0,-1.358211134E-2,-2.010685205E-2,-7.590003312E-3
7.965900589E0,-3.595264861E-3,-1.051947847E-2,-1.451421715E-2
7.986170432E0,-1.997369342E-3,-3.062632866E-3,-1.664474420E-2
8.006440276E0,-3.062632866E-3,-2.530001104E-3,-1.504684892E-2
8.026710068E0,-3.595264861E-3,-4.660528619E-3,-1.451421715E-2
8.046979912E0,-5.725792143E-3,-8.388951421E-3,-1.238369010E-2
8.067249703E0,-7.856319658E-3,-1.744369231E-2,-1.238369010E-2
8.087519495E0,-9.853689000E-3,-2.170474641E-2,-1.824264042E-2
8.107789287E0,-1.038632076E-2,-2.223737910E-2,-2.143843099E-2
8.128059130E0,-9.853689000E-3,-2.117211558E-2,-1.930790395E-2
8.148328922E0,-7.323687430E-3,-1.797632314E-2,-1.557948068E-2
8.168598714E0,-6.791055668E-3,-1.584579609E-2,-9.720530361E-3
8.188868505E0,-4.127896391E-3,-1.691105962E-2,-5.992108025E-3
8.209138297E0,-4.127896391E-3,-1.424790081E-2,-7.590003312E-3
8.229408089E0,-5.725792143E-3,-1.584579609E-2,-1.078579482E-2
8.249677932E0,-3.595264861E-3,-1.584579609E-2,-2.090579830E-2
8.269947724E0,-4.660528619E-3,-1.105211023E-2,-2.463422157E-2
8.290217516E0,-4.127896391E-3,-1.051947847E-2,-2.410159074E-2
8.310487307E0,-5.193160381E-3,-1.478053257E-2,-1.771000773E-2
8.330757099E0,-7.323687430E-3,-1.957421936E-2,-1.824264042E-2
8.351026891E0,-1.145158429E-2,-1.904158667E-2,-1.664474420E-2
8.371296630E0,-1.411474310E-2,-1.424790081E-2,-1.398158539E-2
8.391566422E0,-8.921583183E-3,-9.986846708E-3,-1.930790395E-2
8.411836214E0,-6.258423906E-3,-1.051947847E-2,-2.783001214E-2
8.432106005E0,-6.791055668E-3,-1.637842879E-2,-1.717737690E-2
8.452375745E0,-1.091895252E-2,-1.904158667E-2,-1.504684892E-2
8.472645537E0,-1.411474310E-2,-2.436790615E-2,-1.344895363E-2
8.492915328E0,-1.411474310E-2,-2.596580051E-2,-2.410159074E-2
8.513185120E0,-1.198421605E-2,-2.117211558E-2,-4.061317816E-2
8.533454860E0,-8.921583183E-3,-2.383527346E-2,-3.581948951E-2
8.553724651E0,-4.660528619E-3,-2.117211558E-2,-2.463422157E-2
8.573994391E0,-1.464737463E-3,-1.424790081E-2,-1.611211337E-2
8.594264182E0,1.331579551E-4,-9.454214945E-3,-1.185105834E-2
8.614533922E0,-9.321057005E-4,-6.791055668E-3,-1.025316212E-2
8.634803714E0,-3.062632866E-3,-6.258423906E-3,-8.655266836E-3
8.655073453E0,-5.193160381E-3,-7.856319658E-3,-8.122635074E-3
8.675343193E0,-2.530001104E-3,-6.258423906E-3,-1.504684892E-2
8.695612985E0,6.657897611E-4,-8.921583183E-3,-1.930790395E-2
8.715882724E0,2.796316985E-3,-9.454214945E-3,-1.877527125E-2
8.736152464E0,2.796316985E-3,-7.323687430E-3,-1.611211337E-2
8.756422203E0,2.796316985E-3,-4.660528619E-3,-1.557948068E-2
8.776691943E0,4.394212738E-3,1.331579551E-4,-2.037316747E-2
8.797091943E0,3.328948980E-3,3.328948980E-3,-3.209106624E-2
8.817231422E0,1.198421582E-3,1.331579551E-4,-2.623211779E-2
8.837501214E0,-1.464737463E-3,-5.725792143E-3,-2.037316747E-2
8.857770953E0,-5.193160381E-3,-1.584579609E-2,-1.664474420E-2
8.878040641E0,-8.388951421E-3,-2.117211558E-2,-2.090579830E-2
8.898310380E0,-8.921583183E-3,-2.117211558E-2,-2.463422157E-2
8.918580120E0,-6.791055668E-3,-2.170474641E-2,-2.303632535E-2
8.938849860E0,-5.193160381E-3,-1.691105962E-2,-2.623211779E-2
8.959119599E0,-7.856319658E-3,-2.756369673E-2,-3.422159329E-2
8.979389235E0,-1.038632076E-2,-3.342264518E-2,-2.836264484E-2
8.999659026E0,-9.321057238E-3,-3.182475269E-2,-1.504684892E-2
9.019928714E0,-1.198421605E-2,-4.567318037E-2,-1.198421582E-3
9.040198453E0,-9.853689000E-3,-5.259739235E-2,-1.731053460E-3
9.060468193E0,-1.038632076E-2,-4.567318037E-2,-1.238369010E-2
9.080737880E0,-1.145158429E-2,-3.182475269E-2,-2.623211779E-2
9.101007620E0,-6.791055668E-3,-2.063948289E-2,-2.942790836E-2
9.121407620E0,-1.464737463E-3,-2.010685205E-2,-2.836264484E-2
9.141547047E0,-1.464737463E-3,-2.063948289E-2,-2.143843099E-2
9.161816735E0,1.331579551E-4,-1.371526904E-2,-1.291632187E-2
9.182086422E0,3.328948980E-3,8.122635074E-3,-1.930790395E-2
9.202356162E0,4.926844500E-3,2.623211779E-2,-3.262370080E-2
9.222756162E0,8.655266836E-3,3.581948951E-2,-4.274370521E-2
9.242895537E0,1.025316212E-2,4.327633604E-2,-4.540686309E-2
9.263165276E0,1.131842658E-2,4.807002097E-2,-3.848264739E-2
9.283434964E0,1.504684892E-2,4.807002097E-2,-2.410159074E-2
9.303704651E0,1.557948068E-2,4.274370521E-2,-6.524739787E-3
9.324104651E0,1.238369010E-2,3.262370080E-2,5.193160381E-3
9.344244026E0,5.992108025E-3,2.037316747E-2,1.531316526E-2
9.364513714E0,2.796316985E-3,1.078579482E-2,2.170474641E-2
9.384783401E0,1.731053460E-3,3.861580743E-3,2.756369673E-2
9.405053089E0,4.926844500E-3,-1.464737463E-3,3.448791057E-2
9.425322776E0,1.025316212E-2,-4.660528619E-3,3.874896467E-2
9.445592464E0,1.451421715E-2,-4.127896391E-3,4.447475821E-2
9.465862151E0,1.664474420E-2,-3.595264861E-3,4.873581231E-2
9.486131839E0,1.930790395E-2,-3.994738800E-4,4.713791609E-2
9.506401474E0,2.463422157E-2,1.198421582E-3,4.354264960E-2
9.526801474E0,2.783001214E-2,-2.530001104E-3,3.448791057E-2
9.546940849E0,2.729738131E-2,-5.193160381E-3,2.010685205E-2
9.567210485E0,1.984053478E-2,1.331579551E-4,4.660528619E-3
9.587480172E0,1.557948068E-2,8.122635074E-3,-5.992108025E-3
9.607749860E0,1.557948068E-2,1.185105834E-2,-7.590003312E-3
9.628019495E0,1.557948068E-2,1.771000773E-2,-1.198421582E-3
9.648289182E0,1.717737690E-2,1.131842658E-2,5.725792143E-3
9.668558818E0,5.459476262E-3,9.720530361E-3,9.454214945E-3
9.688828505E0,1.731053460E-3,1.504684892E-2,8.388951421E-3
9.709098141E0,6.524739787E-3,2.783001214E-2,5.193160381E-3
9.729367776E0,1.557948068E-2,3.422159329E-2,9.321057005E-4
9.749637464E0,1.984053478E-2,3.102580272E-2,1.997369342E-3
9.769907099E0,1.877527125E-2,2.410159074E-2,-1.331579551E-4
9.790176735E0,1.185105834E-2,2.250369452E-2,3.994738800E-4
9.810446370E0,8.122635074E-3,2.410159074E-2,1.997369342E-3
9.830716057E0,7.590003312E-3,1.930790395E-2,8.388951421E-3
9.850985693E0,1.238369010E-2,9.720530361E-3,1.318263728E-2
9.871255328E0,1.504684892E-2,4.394212738E-3,1.318263728E-2
9.891524964E0,1.504684892E-2,8.655266836E-3,1.211737376E-2
9.911794599E0,1.291632187E-2,6.524739787E-3,6.791055668E-3
9.932064235E0,1.185105834E-2,-9.321057005E-4,3.595264861E-3
9.952333922E0,1.131842658E-2,-1.464737463E-3,9.321057005E-4
9.972603505E0,1.344895363E-2,-2.530001104E-3,3.994738800E-4
9.992873141E0,1.504684892E-2,-1.997369342E-3,3.062632866E-3
1.001314278E1,1.504684892E-2,-3.595264861E-3,5.193160381E-3
1.003341241E1,8.122635074E-3,-7.856319658E-3,5.725792143E-3
1.005368205E1,6.657897611E-4,-8.388951421E-3,1.464737463E-3
1.007395168E1,-9.321057005E-4,-4.660528619E-3,-4.926844500E-3
1.009422132E1,6.657897611E-4,1.198421582E-3,-8.655266836E-3
1.011449090E1,-9.321057005E-4,6.657897611E-4,-8.655266836E-3
1.013476054E1,-5.725792143E-3,-4.127896391E-3,-1.131842658E-2
1.015503017E1,-1.198421605E-2,-6.791055668E-3,-1.185105834E-2
1.017543017E1,-1.304947957E-2,-6.258423906E-3,-1.504684892E-2
1.019556939E1,-1.518000662E-2,-6.791055668E-3,-1.238369010E-2
1.021583903E1,-1.518000662E-2,-1.850895584E-2,-1.078579482E-2
1.023610861E1,-1.624527015E-2,-2.490053698E-2,-1.398158539E-2
1.025650861E1,-2.050632425E-2,-1.691105962E-2,-1.877527125E-2
1.027664783E1,-1.571263932E-2,-1.105211023E-2,-2.516685426E-2
1.029691746E1,-3.062632866E-3,-7.856319658E-3,-2.729738131E-2
1.031731746E1,4.926844500E-3,-9.454214945E-3,-2.516685426E-2
1.033745668E1,6.524739787E-3,-1.051947847E-2,-1.771000773E-2
1.035772627E1,4.394212738E-3,-1.797632314E-2,-1.398158539E-2
1.037799585E1,3.328948980E-3,-2.490053698E-2,-1.398158539E-2
1.039826538E1,1.198421582E-3,-2.596580051E-2,-1.771000773E-2
1.041853507E1,-6.791055668E-3,-2.170474641E-2,-2.090579830E-2
1.043880465E1,-1.038632076E-2,-1.850895584E-2,-1.877527125E-2
1.045907424E1,-6.258423906E-3,-1.531316526E-2,-2.410159074E-2
1.047934382E1,-9.853689000E-3,-1.850895584E-2,-1.291632187E-2
1.049961345E1,-1.411474310E-2,-2.490053698E-2,-1.398158539E-2
1.051988304E1,-1.518000662E-2,-2.063948289E-2,-1.451421715E-2
1.054015262E1,-1.624527015E-2,-1.584579609E-2,-1.344895363E-2
1.056042220E1,-1.837579720E-2,-1.105211023E-2,-1.185105834E-2
1.058069179E1,-1.890842989E-2,-9.454214945E-3,-1.078579482E-2
1.060096137E1,-1.677790284E-2,-4.660528619E-3,-9.720530361E-3
1.062136137E1,-1.145158429E-2,4.926844500E-3,-1.078579482E-2
1.064150048E1,-5.725792143E-3,1.504684892E-2,-1.238369010E-2
1.066177007E1,-3.595264861E-3,1.398158539E-2,-9.187898599E-3
1.068203965E1,-6.791055668E-3,5.459476262E-3,-5.992108025E-3
1.070230918E1,-7.856319658E-3,-4.127896391E-3,-5.459476262E-3
1.072270918E1,-9.321057238E-3,-6.791055668E-3,-2.796316985E-3
1.074284835E1,-9.853689000E-3,-7.323687430E-3,9.321057005E-4
1.076311793E1,-1.411474310E-2,-1.371526904E-2,3.062632866E-3
1.078338746E1,-1.624527015E-2,-1.584579609E-2,9.321057005E-4
1.080365705E1,-1.571263932E-2,-2.010685205E-2,-4.926844500E-3
1.082405705E1,-9.321057238E-3,-2.063948289E-2,-1.344895363E-2
1.084419616E1,-4.660528619E-3,-2.010685205E-2,-1.131842658E-2
1.086446569E1,-9.321057005E-4,-1.371526904E-2,-9.720530361E-3
1.088473528E1,1.198421582E-3,-6.791055668E-3,-9.720530361E-3
1.090500481E1,3.861580743E-3,1.331579551E-4,-9.187898599E-3
1.092540481E1,7.057371549E-3,2.263685223E-3,-7.590003312E-3
1.094554392E1,3.328948980E-3,6.657897611E-4,-5.459476262E-3
1.096581345E1,-1.997369342E-3,-3.595264861E-3,-5.459476262E-3
1.098608304E1,-7.323687430E-3,-8.388951421E-3,-2.796316985E-3
1.100635257E1,-9.853689000E-3,-1.105211023E-2,-1.198421582E-3
1.102662210E1,-8.388951421E-3,-1.211737376E-2,-1.198421582E-3
1.104689163E1,-4.660528619E-3,-6.258423906E-3,-3.861580743E-3
1.106716116E1,-3.595264861E-3,-3.062632866E-3,-3.328948980E-3
1.108743069E1,-1.464737463E-3,-9.321057005E-4,-2.263685223E-3
1.110770028E1,-3.994738800E-4,-1.997369342E-3,-1.198421582E-3
1.112796981E1,1.331579551E-4,-1.464737463E-3,3.994738800E-4
1.114823934E1,3.861580743E-3,2.263685223E-3,-6.657897611E-4
1.116850887E1,2.263685223E-3,3.861580743E-3,-1.731053460E-3
1.118877840E1,5.459476262E-3,5.459476262E-3,-4.926844500E-3
1.120904793E1,5.459476262E-3,3.328948980E-3,-9.187898599E-3
1.122931741E1,5.992108025E-3,1.198421582E-3,-9.187898599E-3
1.124958694E1,6.657897611E-4,-3.994738800E-4,-5.992108025E-3
1.126985647E1,2.263685223E-3,1.331579551E-4,-2.263685223E-3
1.129012601E1,5.992108025E-3,-1.464737463E-3,3.062632866E-3
1.131039554E1,3.328948980E-3,-3.062632866E-3,9.454214945E-3
1.133066507E1,-4.660528619E-3,-1.265000552E-2,9.986846708E-3
1.135093455E1,-1.145158429E-2,-1.211737376E-2,8.388951421E-3
1.137120408E1,-6.258423906E-3,-7.323687430E-3,3.595264861E-3
1.139147361E1,-1.464737463E-3,-3.062632866E-3,1.464737463E-3
1.141174309E1,-1.997369342E-3,1.504684892E-2,5.193160381E-3
1.143201262E1,-9.321057238E-3,2.303632535E-2,3.062632866E-3
1.145228210E1,-5.193160381E-3,2.143843099E-2,2.010685205E-2
1.147255163E1,1.664474420E-2,2.410159074E-2,4.980107397E-2
1.149282111E1,3.635212034E-2,3.315633163E-2,6.844318658E-2
1.151309064E1,3.528685868E-2,3.688475490E-2,6.524740160E-2
1.153336012E1,2.836264484E-2,2.356895804E-2,4.447475821E-2
1.155362965E1,1.824264042E-2,1.025316212E-2,2.596580051E-2
1.157389913E1,1.291632187E-2,3.861580743E-3,1.105211023E-2
1.159416861E1,1.291632187E-2,9.187898599E-3,-4.394212738E-3
1.161443814E1,1.025316212E-2,1.664474420E-2,-1.398158539E-2
1.163470762E1,5.992108025E-3,1.185105834E-2,-1.398158539E-2
1.165497710E1,2.263685223E-3,-3.994738800E-4,-5.459476262E-3
1.167524658E1,-6.258423906E-3,-8.921583183E-3,-6.524739787E-3
1.169551611E1,-1.091895252E-2,-1.105211023E-2,-1.398158539E-2
1.171578559E1,-8.921583183E-3,-1.051947847E-2,-2.463422157E-2
1.173605507E1,-3.595264861E-3,-1.158474199E-2,-3.262370080E-2
1.175632455E1,-5.725792143E-3,-1.584579609E-2,-3.368896246E-2
1.177659403E1,-1.038632076E-2,-1.957421936E-2,-3.475422785E-2
1.179699403E1,-9.853689000E-3,-1.744369231E-2,-3.795001656E-2
1.181713298E1,-5.725792143E-3,-1.371526904E-2,-4.167843983E-2
1.183740246E1,-5.193160381E-3,-6.791055668E-3,-3.848264739E-2
1.185767194E1,-4.660528619E-3,-7.323687430E-3,-3.209106624E-2
1.187794142E1,-6.258423906E-3,-1.584579609E-2,-2.090579830E-2
1.189821090E1,-8.388951421E-3,-1.797632314E-2,-7.590003312E-3
1.191848038E1,-1.145158429E-2,-2.330264263E-2,9.321057005E-4
1.193874986E1,-1.944106072E-2,-2.596580051E-2,-1.331579551E-4
1.195901934E1,-1.944106072E-2,-2.862896025E-2,-6.524739787E-3
1.197928877E1,-1.411474310E-2,-2.436790615E-2,-1.504684892E-2
1.199955825E1,-6.258423906E-3,-1.211737376E-2,-1.930790395E-2
1.201982772E1,-3.994738800E-4,-3.994738800E-4,-1.877527125E-2
1.204009720E1,2.263685223E-3,6.524739787E-3,-1.611211337E-2
1.206036668E1,5.992108025E-3,1.025316212E-2,-1.238369010E-2
1.208063616E1,5.992108025E-3,1.025316212E-2,-3.861580743E-3
1.210090559E1,3.328948980E-3,1.198421582E-3,2.530001104E-3
1.212130559E1,-4.660528619E-3,-1.105211023E-2,2.530001104E-3
1.214144455E1,-1.145158429E-2,-1.797632314E-2,-1.331579551E-4
1.216171397E1,-1.198421605E-2,-1.904158667E-2,-3.328948980E-3
1.218198345E1,-8.388951421E-3,-1.211737376E-2,-4.926844500E-3
1.220225288E1,-2.530001104E-3,-5.725792143E-3,-6.524739787E-3
1.222265288E1,1.198421582E-3,3.328948980E-3,-7.590003312E-3
1.224279184E1,-1.464737463E-3,5.992108025E-3,-5.459476262E-3
1.226306127E1,-2.530001104E-3,1.731053460E-3,-6.657897611E-4
1.228333069E1,-5.725792143E-3,-3.062632866E-3,9.321057005E-4
1.230360017E1,-2.530001104E-3,-5.193160381E-3,9.321057005E-4
1.232400017E1,-9.321057005E-4,-5.193160381E-3,9.321057005E-4
1.234413908E1,1.731053460E-3,-5.193160381E-3,-1.731053460E-3
1.236440850E1,6.657897611E-4,-3.595264861E-3,-5.992108025E-3
1.238467793E1,6.657897611E-4,-2.530001104E-3,-1.025316212E-2
1.240494741E1,1.198421582E-3,-2.530001104E-3,-9.720530361E-3
1.242534741E1,2.796316985E-3,6.657897611E-4,-7.590003312E-3
1.244548632E1,4.394212738E-3,2.796316985E-3,-2.263685223E-3
1.246575575E1,4.394212738E-3,1.198421582E-3,5.193160381E-3
1.248602512E1,1.731053460E-3,3.328948980E-3,7.323687430E-3
1.250629460E1,-3.994738800E-4,-1.464737463E-3,9.986846708E-3
1.252669460E1,-2.530001104E-3,1.731053460E-3,5.193160381E-3
1.254683350E1,2.263685223E-3,4.394212738E-3,3.994738800E-4
1.256710293E1,7.057371549E-3,3.861580743E-3,-2.263685223E-3
1.258737236E1,7.590003312E-3,2.796316985E-3,-1.331579551E-4
1.260764184E1,3.861580743E-3,1.331579551E-4,5.725792143E-3
1.262791127E1,3.861580743E-3,5.459476262E-3,8.388951421E-3
1.264818069E1,1.025316212E-2,1.291632187E-2,7.856319658E-3
1.266845012E1,1.930790395E-2,1.824264042E-2,6.258423906E-3
1.268871955E1,2.143843099E-2,1.717737690E-2,4.127896391E-3
1.270898897E1,1.557948068E-2,1.185105834E-2,4.127896391E-3
1.272925840E1,5.992108025E-3,8.655266836E-3,4.660528619E-3
1.274952783E1,2.263685223E-3,7.590003312E-3,5.725792143E-3
1.276979731E1,4.926844500E-3,8.122635074E-3,3.595264861E-3
1.279006674E1,1.025316212E-2,8.655266836E-3,5.193160381E-3
1.281033611E1,1.291632187E-2,1.078579482E-2,5.725792143E-3
1.283073611E1,1.131842658E-2,1.078579482E-2,8.921583183E-3
1.285087496E1,9.187898599E-3,6.524739787E-3,1.318263728E-2
1.287114439E1,9.720530361E-3,5.992108025E-3,1.691105962E-2
1.289141382E1,1.238369010E-2,6.524739787E-3,1.957421936E-2
1.291168324E1,1.398158539E-2,8.655266836E-3,2.223737910E-2
1.293195267E1,1.451421715E-2,1.078579482E-2,1.797632314E-2
1.295222210E1,1.504684892E-2,1.451421715E-2,1.265000552E-2
1.297249153E1,1.238369010E-2,1.611211337E-2,5.193160381E-3
1.299276095E1,1.131842658E-2,1.238369010E-2,-1.731053460E-3
1.301303038E1,1.451421715E-2,1.185105834E-2,-5.992108025E-3
1.303329976E1,1.398158539E-2,1.131842658E-2,-4.926844500E-3
1.305356918E1,9.187898599E-3,7.590003312E-3,-1.198421582E-3
1.307383861E1,4.926844500E-3,5.992108025E-3,3.595264861E-3
1.309410804E1,4.394212738E-3,5.459476262E-3,8.388951421E-3
1.311437741E1,5.459476262E-3,6.524739787E-3,1.051947847E-2
1.313464684E1,9.187898599E-3,8.655266836E-3,1.158474199E-2
1.315491627E1,1.185105834E-2,8.655266836E-3,1.158474199E-2
1.317518559E1,1.185105834E-2,1.185105834E-2,1.158474199E-2
1.319545507E1,9.720530361E-3,5.459476262E-3,9.454214945E-3
1.321572444E1,7.590003312E-3,4.926844500E-3,8.388951421E-3
1.323599387E1,7.590003312E-3,9.720530361E-3,8.921583183E-3
1.325626325E1,1.025316212E-2,7.057371549E-3,7.856319658E-3
1.327653262E1,1.344895363E-2,8.655266836E-3,5.193160381E-3
1.329680205E1,1.557948068E-2,1.078579482E-2,3.062632866E-3
1.331707147E1,1.238369010E-2,1.131842658E-2,1.997369342E-3
1.333734085E1,1.025316212E-2,1.131842658E-2,3.062632866E-3
1.335761028E1,1.025316212E-2,9.720530361E-3,4.127896391E-3
1.337787970E1,7.057371549E-3,4.394212738E-3,6.258423906E-3
1.339814908E1,3.328948980E-3,1.331579551E-4,7.323687430E-3
1.341841850E1,1.198421582E-3,-3.062632866E-3,5.193160381E-3
1.343868788E1,1.198421582E-3,-9.321057005E-4,3.595264861E-3
1.345895726E1,1.198421582E-3,2.263685223E-3,3.994738800E-4
1.347922668E1,-9.321057005E-4,1.198421582E-3,-6.657897611E-4
1.349962668E1,-1.997369342E-3,6.657897611E-4,-4.926844500E-3
1.351976548E1,-3.062632866E-3,-9.321057005E-4,-5.459476262E-3
1.354003486E1,-5.193160381E-3,-3.062632866E-3,-4.926844500E-3
1.356030424E1,-8.388951421E-3,-5.725792143E-3,-4.394212738E-3
1.358057361E1,-9.321057238E-3,-7.856319658E-3,-4.926844500E-3
1.360084304E1,-7.856319658E-3,-8.921583183E-3,-6.524739787E-3
1.362124304E1,-4.660528619E-3,-8.921583183E-3,-2.796316985E-3
1.364138278E1,-4.660528619E-3,-6.258423906E-3,-2.263685223E-3
1.366165194E1,-8.921583183E-3,-7.323687430E-3,-4.394212738E-3
1.368192116E1,-5.725792143E-3,-7.323687430E-3,-8.122635074E-3
1.370219043E1,-7.856319658E-3,-4.127896391E-3,-1.238369010E-2
1.372259043E1,-8.388951421E-3,-1.265000552E-2,-9.187898599E-3
1.374272913E1,-1.304947957E-2,-1.691105962E-2,-1.131842658E-2
1.376299840E1,-1.518000662E-2,-1.531316526E-2,-1.131842658E-2
1.378326767E1,-9.853689000E-3,-1.211737376E-2,-6.524739787E-3
1.380353705E1,-9.321057005E-4,-9.321057005E-4,-8.655266836E-3
1.382393705E1,3.328948980E-3,4.394212738E-3,-1.078579482E-2
1.384407575E1,3.861580743E-3,2.263685223E-3,-5.992108025E-3
1.386434512E1,1.731053460E-3,2.263685223E-3,-3.328948980E-3
1.388461444E1,-4.660528619E-3,-1.464737463E-3,-3.328948980E-3
1.390488382E1,-8.921583183E-3,-7.856319658E-3,-2.796316985E-3
1.392528382E1,-9.853689000E-3,-1.051947847E-2,-4.394212738E-3
1.394542257E1,-8.921583183E-3,-1.051947847E-2,-3.861580743E-3
1.396569194E1,-5.725792143E-3,-4.660528619E-3,-4.926844500E-3
1.398596127E1,-2.530001104E-3,-3.994738800E-4,-7.590003312E-3
1.400623059E1,1.198421582E-3,-2.530001104E-3,-8.122635074E-3
1.402663059E1,1.731053460E-3,-9.321057005E-4,-9.187898599E-3
1.404676934E1,-1.464737463E-3,-9.321057005E-4,-8.122635074E-3
1.406703871E1,-3.595264861E-3,-4.127896391E-3,-9.720530361E-3
1.408730809E1,-6.258423906E-3,-9.986846708E-3,-8.122635074E-3
1.410757746E1,-6.791055668E-3,-1.211737376E-2,-7.590003312E-3
1.412784679E1,-5.725792143E-3,-1.051947847E-2,-2.796316985E-3
1.414811616E1,-5.193160381E-3,-7.856319658E-3,-1.731053460E-3
1.416838554E1,-1.997369342E-3,-4.127896391E-3,-4.394212738E-3
1.418865491E1,1.331579551E-4,1.331579551E-4,-4.394212738E-3
1.420888491E1,1.331579551E-4,1.731053460E-3,-4.394212738E-3
1.422919356E1,6.657897611E-4,-3.994738800E-4,-4.926844500E-3
1.424946293E1,-3.062632866E-3,-1.997369342E-3,-3.861580743E-3
1.426973226E1,-7.323687430E-3,-5.193160381E-3,-3.861580743E-3
1.429000163E1,-7.856319658E-3,-4.660528619E-3,-6.524739787E-3
1.431027100E1,-8.921583183E-3,-4.127896391E-3,-5.992108025E-3
1.433054033E1,-8.388951421E-3,-1.265000552E-2,-5.459476262E-3
1.435080970E1,-1.198421605E-2,-1.531316526E-2,-9.187898599E-3
1.437107908E1,-1.091895252E-2,-1.318263728E-2,-7.590003312E-3
1.439134840E1,-4.660528619E-3,-7.323687430E-3,-4.394212738E-3
1.441161778E1,6.657897611E-4,2.796316985E-3,-5.459476262E-3
1.443188710E1,4.926844500E-3,5.992108025E-3,-5.992108025E-3
1.445215647E1,4.926844500E-3,8.655266836E-3,-4.926844500E-3
1.447242590E1,3.328948980E-3,5.459476262E-3,-2.796316985E-3
1.449269522E1,1.731053460E-3,1.731053460E-3,1.464737463E-3
1.451296460E1,1.331579551E-4,-2.530001104E-3,5.193160381E-3
1.453323392E1,1.198421582E-3,-1.464737463E-3,6.258423906E-3
1.455350330E1,2.796316985E-3,2.263685223E-3,3.062632866E-3
1.457377262E1,4.394212738E-3,5.992108025E-3,2.530001104E-3
1.459404200E1,4.926844500E-3,3.328948980E-3,4.660528619E-3
1.461431132E1,5.459476262E-3,1.198421582E-3,5.193160381E-3
1.463458069E1,6.524739787E-3,5.459476262E-3,8.921583183E-3
1.465485002E1,8.655266836E-3,1.131842658E-2,1.105211023E-2
1.467511934E1,1.025316212E-2,1.185105834E-2,1.051947847E-2
1.469538871E1,9.720530361E-3,7.590003312E-3,9.986846708E-3
1.471565804E1,1.078579482E-2,5.992108025E-3,9.454214945E-3
1.473592736E1,1.291632187E-2,9.720530361E-3,9.454214945E-3
1.475619674E1,1.664474420E-2,1.611211337E-2,9.986846708E-3
1.477646606E1,2.037316747E-2,1.824264042E-2,1.158474199E-2
1.479673543E1,2.143843099E-2,2.090579830E-2,1.478053257E-2
1.481713543E1,1.984053478E-2,2.303632535E-2,1.584579609E-2
1.483727408E1,1.664474420E-2,2.410159074E-2,1.797632314E-2
1.485754340E1,1.557948068E-2,1.344895363E-2,1.531316526E-2
1.487781278E1,1.238369010E-2,9.187898599E-3,1.531316526E-2
1.489808210E1,9.720530361E-3,7.590003312E-3,1.211737376E-2
1.491835142E1,5.992108025E-3,2.796316985E-3,7.856319658E-3
1.493862075E1,1.731053460E-3,3.328948980E-3,6.791055668E-3
1.495889007E1,4.394212738E-3,1.731053460E-3,8.388951421E-3
1.497915944E1,1.344895363E-2,1.078579482E-2,6.258423906E-3
1.499942877E1,1.930790395E-2,1.930790395E-2,5.725792143E-3
1.501969809E1,1.664474420E-2,1.877527125E-2,5.725792143E-3
1.503996741E1,1.557948068E-2,1.344895363E-2,8.921583183E-3
1.506023674E1,1.185105834E-2,9.720530361E-3,1.158474199E-2
1.508050611E1,9.187898599E-3,7.590003312E-3,1.211737376E-2
1.510090611E1,9.720530361E-3,4.926844500E-3,9.454214945E-3
1.512120267E1,1.025316212E-2,6.524739787E-3,5.725792143E-3
1.514131465E1,1.185105834E-2,9.187898599E-3,4.660528619E-3
1.516158387E1,1.185105834E-2,1.078579482E-2,6.791055668E-3
1.518185309E1,1.185105834E-2,1.025316212E-2,8.388951421E-3
1.520212231E1,1.025316212E-2,7.590003312E-3,1.371526904E-2
1.522252231E1,8.122635074E-3,4.394212738E-3,1.371526904E-2
1.524266095E1,7.590003312E-3,2.796316985E-3,1.158474199E-2
1.526293022E1,7.590003312E-3,2.263685223E-3,1.105211023E-2
1.528319950E1,7.590003312E-3,3.861580743E-3,8.921583183E-3
1.530346877E1,7.590003312E-3,5.992108025E-3,7.323687430E-3
1.532386877E1,7.590003312E-3,7.590003312E-3,1.464737463E-3
1.534400741E1,6.524739787E-3,3.861580743E-3,9.321057005E-4
1.536427674E1,5.459476262E-3,1.331579551E-4,3.994738800E-4
1.538454606E1,3.861580743E-3,1.331579551E-4,-1.331579551E-4
1.540481538E1,6.657897611E-4,1.198421582E-3,9.321057005E-4
1.542521538E1,-3.994738800E-4,-1.997369342E-3,2.530001104E-3
1.544535403E1,3.328948980E-3,-2.530001104E-3,-1.198421582E-3
1.546562330E1,2.263685223E-3,2.796316985E-3,-1.198421582E-3
1.548589262E1,-3.994738800E-4,-7.856319658E-3,1.464737463E-3
1.554162137E1,-3.595264861E-3,-5.725792143E-3,5.193160381E-3
1.556183439E1,3.861580743E-3,1.731053460E-3,1.997369342E-3
1.558209351E1,7.057371549E-3,1.238369010E-2,-3.328948980E-3
1.560237413E1,7.057371549E-3,9.187898599E-3,-2.263685223E-3
1.562264324E1,2.796316985E-3,-1.464737463E-3,-1.331579551E-4
1.564291252E1,6.657897611E-4,-6.791055668E-3,9.321057005E-4
1.566318179E1,1.731053460E-3,-2.530001104E-3,3.062632866E-3
1.568345116E1,-1.464737463E-3,-3.994738800E-4,-1.331579551E-4
1.570372049E1,-2.530001104E-3,6.657897611E-4,-1.198421582E-3
1.572398970E1,-1.464737463E-3,-3.994738800E-4,-1.198421582E-3
1.574425908E1,-2.530001104E-3,-3.994738800E-4,-1.198421582E-3
1.576452840E1,-2.530001104E-3,-1.464737463E-3,-2.263685223E-3
1.578479772E1,-3.595264861E-3,-2.530001104E-3,-4.394212738E-3
1.580506700E1,-3.595264861E-3,-3.595264861E-3,-4.394212738E-3
1.582533632E1,-1.464737463E-3,-3.595264861E-3,-4.394212738E-3
1.584560564E1,-3.595264861E-3,-5.725792143E-3,-3.328948980E-3
1.586587496E1,-6.791055668E-3,-1.211737376E-2,-4.394212738E-3
1.588614429E1,-9.853689000E-3,-1.318263728E-2,-7.590003312E-3
1.590641356E1,-1.518000662E-2,-1.318263728E-2,-1.185105834E-2
1.592681356E1,-2.370211668E-2,-1.424790081E-2,-1.504684892E-2
1.594695215E1,-2.370211668E-2,-1.211737376E-2,-1.930790395E-2
1.596722147E1,-1.091895252E-2,1.731053460E-3,-9.720530361E-3
1.598749080E1,-1.464737463E-3,1.664474420E-2,1.584579609E-2
1.600776007E1,4.926844500E-3,8.122635074E-3,3.821633384E-2
1.602816007E1,1.664474420E-2,-2.530001104E-3,4.873581231E-2
1.604829871E1,1.557948068E-2,6.657897611E-4,4.660528526E-2
1.606856804E1,1.731053460E-3,-2.530001104E-3,2.969422378E-2
1.608883731E1,-4.660528619E-3,-1.744369231E-2,8.388951421E-3
1.610910658E1,-4.660528619E-3,-1.211737376E-2,-7.590003312E-3
1.612950658E1,-3.994738800E-4,-6.791055668E-3,-1.504684892E-2
1.614964517E1,2.796316985E-3,-9.986846708E-3,-1.717737690E-2
1.616991450E1,-3.994738800E-4,-5.725792143E-3,-2.143843099E-2
1.619018382E1,-4.660528619E-3,-7.856319658E-3,-2.569948509E-2
1.621058382E1,-8.921583183E-3,-1.318263728E-2,-2.676474862E-2
1.623072236E1,-1.518000662E-2,-1.531316526E-2,-3.209106624E-2
1.625099168E1,-1.624527015E-2,-6.791055668E-3,-3.528685868E-2
1.627126095E1,-1.304947957E-2,1.731053460E-3,-3.315633163E-2
1.629153028E1,-9.853689000E-3,4.926844500E-3,-2.783001214E-2
1.631179955E1,-8.921583183E-3,3.861580743E-3,-2.356895804E-2
1.633206882E1,-7.856319658E-3,1.731053460E-3,-1.824264042E-2
1.635233814E1,-5.725792143E-3,6.657897611E-4,-1.185105834E-2
1.637260741E1,-6.791055668E-3,-1.464737463E-3,-6.524739787E-3
1.639287668E1,-6.791055668E-3,-3.595264861E-3,-3.328948980E-3
1.641314600E1,-4.660528619E-3,-7.856319658E-3,-5.459476262E-3
1.643341528E1,6.657897611E-4,-4.660528619E-3,-4.394212738E-3
1.645368455E1,2.796316985E-3,-1.464737463E-3,-1.198421582E-3
1.647395387E1,1.731053460E-3,-6.791055668E-3,9.321057005E-4
1.649422314E1,-2.530001104E-3,-1.211737376E-2,9.321057005E-4
1.651449241E1,-5.725792143E-3,-1.424790081E-2,-4.394212738E-3
1.653476168E1,-6.791055668E-3,-1.211737376E-2,-8.655266836E-3
1.655503095E1,-2.530001104E-3,-7.856319658E-3,-1.185105834E-2
1.657530028E1,6.657897611E-4,-2.530001104E-3,-1.291632187E-2
1.659556955E1,-3.994738800E-4,-2.530001104E-3,-1.078579482E-2
1.661583882E1,-3.595264861E-3,-9.986846708E-3,-8.655266836E-3
1.663610809E1,-8.921583183E-3,-1.105211023E-2,-8.655266836E-3
1.665637736E1,-9.853689000E-3,-8.921583183E-3,-1.078579482E-2
1.667664663E1,-7.856319658E-3,-8.921583183E-3,-1.185105834E-2
1.669691590E1,-7.856319658E-3,-1.318263728E-2,-6.524739787E-3
1.671718517E1,-1.091895252E-2,-1.531316526E-2,-2.263685223E-3
1.673745444E1,-1.518000662E-2,-9.986846708E-3,-7.590003312E-3
1.675772371E1,-1.411474310E-2,-3.595264861E-3,-1.824264042E-2
1.677799298E1,-5.725792143E-3,1.731053460E-3,-2.356895804E-2
1.679826226E1,-3.595264861E-3,-4.660528619E-3,-2.143843099E-2
1.681853153E1,-1.091895252E-2,-1.531316526E-2,-1.611211337E-2
1.683880080E1,-1.944106072E-2,-2.490053698E-2,-1.291632187E-2
1.685907007E1,-2.050632425E-2,-2.596580051E-2,-1.185105834E-2
1.687933934E1,-1.624527015E-2,-1.957421936E-2,-1.078579482E-2
1.689960861E1,-1.091895252E-2,-1.531316526E-2,-1.185105834E-2
1.691987783E1,-6.791055668E-3,-1.531316526E-2,-1.398158539E-2
1.694014710E1,-3.595264861E-3,-1.105211023E-2,-1.185105834E-2
1.696041637E1,-3.595264861E-3,-6.791055668E-3,-8.655266836E-3
1.698068564E1,-4.660528619E-3,-6.791055668E-3,-5.459476262E-3
1.700108564E1,-7.856319658E-3,-5.725792143E-3,-1.198421582E-3
1.702122413E1,-9.853689000E-3,-8.921583183E-3,-1.331579551E-4
1.704149335E1,-9.853689000E-3,-9.986846708E-3,-1.198421582E-3
1.706176267E1,-7.856319658E-3,-7.856319658E-3,-5.459476262E-3
1.708203194E1,-6.791055668E-3,-6.791055668E-3,-8.655266836E-3
1.710230121E1,-6.791055668E-3,-5.725792143E-3,-1.291632187E-2
1.712257043E1,-4.660528619E-3,-5.725792143E-3,-1.504684892E-2
1.714283970E1,-3.595264861E-3,-3.595264861E-3,-1.398158539E-2
1.716310897E1,-3.994738800E-4,-1.464737463E-3,-1.291632187E-2
1.718337819E1,2.796316985E-3,1.731053460E-3,-7.590003312E-3
1.720364741E1,3.861580743E-3,4.926844500E-3,1.997369342E-3
1.722391668E1,-3.994738800E-4,5.992108025E-3,5.193160381E-3
1.724418595E1,-4.660528619E-3,1.731053460E-3,6.258423906E-3
1.726445522E1,-3.595264861E-3,-7.856319658E-3,3.062632866E-3
1.728472444E1,-3.595264861E-3,-1.211737376E-2,-1.198421582E-3
1.730499371E1,-2.530001104E-3,-1.211737376E-2,-1.331579551E-4
1.732526293E1,-3.994738800E-4,-6.791055668E-3,3.062632866E-3
1.734553215E1,2.796316985E-3,2.796316985E-3,3.062632866E-3
1.736580142E1,9.187898599E-3,9.187898599E-3,3.062632866E-3
1.738607064E1,1.025316212E-2,1.025316212E-2,3.062632866E-3
1.740633991E1,2.796316985E-3,4.926844500E-3,9.321057005E-4
1.742673991E1,-4.660528619E-3,-3.595264861E-3,-2.263685223E-3
1.744687835E1,-8.921583183E-3,-9.986846708E-3,-4.394212738E-3
1.746714762E1,-7.856319658E-3,-7.856319658E-3,-4.394212738E-3
1.748741684E1,-4.660528619E-3,-1.464737463E-3,-6.524739787E-3
1.750768606E1,-3.994738800E-4,3.861580743E-3,-6.524739787E-3
1.752808606E1,-3.994738800E-4,3.861580743E-3,-4.394212738E-3
1.754822455E1,6.657897611E-4,6.657897611E-4,-1.198421582E-3
1.756849377E1,-3.994738800E-4,3.861580743E-3,3.062632866E-3
1.758876299E1,-3.994738800E-4,5.992108025E-3,8.388951421E-3
1.760903226E1,2.796316985E-3,8.122635074E-3,1.584579609E-2
1.762943226E1,6.657897611E-4,2.197106183E-2,3.395527974E-2
1.764957069E1,-6.791055668E-3,3.049317189E-2,4.034686089E-2
1.766983991E1,-7.856319658E-3,1.131842658E-2,4.141212255E-2
1.769010918E1,1.344895363E-2,-9.986846708E-3,4.447475821E-2
1.771037840E1,3.795001656E-2,1.664474420E-2,4.980107397E-2
1.773077840E1,4.327633604E-2,4.008054361E-2,4.354264960E-2
1.775091684E1,2.516685426E-2,2.729738131E-2,3.075948730E-2
1.777118606E1,4.926844500E-3,3.861580743E-3,1.158474199E-2
1.779145528E1,-3.595264861E-3,-1.211737376E-2,-4.394212738E-3
1.781172450E1,-7.856319658E-3,-1.105211023E-2,-1.291632187E-2
1.783199371E1,-7.856319658E-3,-1.424790081E-2,-1.611211337E-2
1.785226293E1,-4.660528619E-3,-1.744369231E-2,-1.291632187E-2
1.787253215E1,-2.530001104E-3,-1.318263728E-2,-7.590003312E-3
1.789280132E1,-3.994738800E-4,-5.725792143E-3,-5.459476262E-3
1.791307059E1,6.657897611E-4,7.057371549E-3,-7.590003312E-3
1.793333981E1,2.796316985E-3,1.557948068E-2,-7.590003312E-3
1.795360903E1,5.992108025E-3,1.344895363E-2,-4.394212738E-3
1.797387824E1,5.992108025E-3,5.992108025E-3,-3.328948980E-3
1.799414746E1,2.796316985E-3,6.657897611E-4,-2.263685223E-3
1.801441668E1,-2.530001104E-3,-3.994738800E-4,-4.394212738E-3
1.803468590E1,-5.725792143E-3,-3.595264861E-3,-6.524739787E-3
1.805495512E1,-6.791055668E-3,-9.986846708E-3,-6.524739787E-3
1.807522434E1,-4.660528619E-3,-1.105211023E-2,-8.655266836E-3
1.809549350E1,-4.660528619E-3,-6.791055668E-3,-1.185105834E-2
1.811576272E1,-6.791055668E-3,-4.660528619E-3,-1.291632187E-2
1.813603194E1,-2.530001104E-3,-1.464737463E-3,-8.655266836E-3
1.815630116E1,6.657897611E-4,2.796316985E-3,9.321057005E-4
1.817657033E1,1.731053460E-3,-1.464737463E-3,7.323687430E-3
1.819683955E1,1.731053460E-3,-9.986846708E-3,4.127896391E-3
1.821710877E1,6.657897611E-4,-8.921583183E-3,-5.459476262E-3
1.823737799E1,1.731053460E-3,-3.994738800E-4,-1.717737690E-2
1.825764715E1,3.861580743E-3,3.861580743E-3,-2.250369452E-2
1.827791637E1,2.796316985E-3,6.657897611E-4,-2.143843099E-2
1.829818559E1,-3.994738800E-4,-6.791055668E-3,-1.717737690E-2
1.831845476E1,-4.660528619E-3,-9.986846708E-3,-1.291632187E-2
1.833872397E1,-8.921583183E-3,-8.921583183E-3,-1.185105834E-2
1.835899314E1,-1.304947957E-2,-1.105211023E-2,-1.185105834E-2
1.837926236E1,-1.304947957E-2,-1.531316526E-2,-1.291632187E-2
1.839953153E1,-1.198421605E-2,-1.318263728E-2,-1.611211337E-2
1.841980074E1,-1.091895252E-2,-1.105211023E-2,-1.611211337E-2
1.844006996E1,-9.853689000E-3,-1.424790081E-2,-1.717737690E-2
1.846033913E1,-7.856319658E-3,-1.211737376E-2,-1.398158539E-2
1.848060830E1,-4.660528619E-3,-9.986846708E-3,-6.524739787E-3
1.850087752E1,-3.595264861E-3,-8.921583183E-3,-3.328948980E-3
1.852114668E1,-2.530001104E-3,6.657897611E-4,-2.263685223E-3
1.854141585E1,1.731053460E-3,7.057371549E-3,-1.198421582E-3
1.856168507E1,4.926844500E-3,5.992108025E-3,-2.263685223E-3
1.858195424E1,2.796316985E-3,-2.530001104E-3,-3.328948980E-3
1.860222340E1,-3.595264861E-3,-8.921583183E-3,-5.459476262E-3
1.862249262E1,-7.856319658E-3,-9.986846708E-3,-8.655266836E-3
1.864276179E1,-7.856319658E-3,-5.725792143E-3,-9.720530361E-3
1.866303095E1,-3.595264861E-3,-1.464737463E-3,-9.720530361E-3
1.868330017E1,1.731053460E-3,6.657897611E-4,-7.590003312E-3
1.870356934E1,3.861580743E-3,4.926844500E-3,-3.328948980E-3
1.872383850E1,5.992108025E-3,7.057371549E-3,1.997369342E-3
1.874410767E1,9.187898599E-3,7.057371549E-3,8.388951421E-3
1.876437689E1,9.187898599E-3,8.122635074E-3,1.265000552E-2
1.878464606E1,9.187898599E-3,8.122635074E-3,1.478053257E-2
1.880491522E1,1.025316212E-2,9.187898599E-3,1.265000552E-2
1.882518434E1,1.131842658E-2,9.187898599E-3,8.388951421E-3
1.884545356E1,1.238369010E-2,1.131842658E-2,3.062632866E-3
1.886572272E1,1.025316212E-2,1.025316212E-2,-1.331579551E-4
1.888599194E1,1.131842658E-2,1.025316212E-2,-1.331579551E-4
1.890626111E1,1.344895363E-2,1.131842658E-2,1.997369342E-3
1.892666111E1,1.451421715E-2,1.238369010E-2,8.388951421E-3
1.894679944E1,1.238369010E-2,1.344895363E-2,1.265000552E-2
1.896706861E1,8.122635074E-3,5.992108025E-3,1.371526904E-2
1.898733778E1,5.992108025E-3,3.861580743E-3,1.265000552E-2
1.900773778E1,5.992108025E-3,9.187898599E-3,1.158474199E-2
1.902803403E1,8.122635074E-3,8.122635074E-3,1.158474199E-2
1.904814585E1,4.926844500E-3,3.861580743E-3,8.388951421E-3
1.906841491E1,1.731053460E-3,2.796316985E-3,6.258423906E-3
1.908868397E1,3.861580743E-3,7.057371549E-3,5.193160381E-3
1.910895304E1,8.122635074E-3,1.344895363E-2,3.062632866E-3
1.912935304E1,1.238369010E-2,1.451421715E-2,9.321057005E-4
1.914949132E1,1.344895363E-2,1.131842658E-2,1.997369342E-3
1.916976038E1,9.187898599E-3,7.057371549E-3,1.997369342E-3
1.919002950E1,2.796316985E-3,1.731053460E-3,4.127896391E-3
1.921029861E1,-1.464737463E-3,-3.994738800E-4,4.127896391E-3
1.923056778E1,1.731053460E-3,6.657897611E-4,5.193160381E-3
1.925083694E1,4.926844500E-3,2.796316985E-3,9.454214945E-3
1.927110611E1,7.057371549E-3,3.861580743E-3,9.454214945E-3
1.929137528E1,8.122635074E-3,3.861580743E-3,9.454214945E-3
1.931164439E1,7.057371549E-3,4.926844500E-3,9.454214945E-3
1.933191356E1,8.122635074E-3,4.926844500E-3,1.158474199E-2
1.935218267E1,8.122635074E-3,5.992108025E-3,1.265000552E-2
1.937245179E1,9.187898599E-3,4.926844500E-3,1.584579609E-2
1.939272095E1,1.025316212E-2,2.796316985E-3,1.478053257E-2
1.941299012E1,9.187898599E-3,2.796316985E-3,1.371526904E-2
1.943325929E1,7.057371549E-3,5.992108025E-3,1.051947847E-2
1.945352840E1,3.861580743E-3,9.187898599E-3,3.062632866E-3
1.947379752E1,2.796316985E-3,9.187898599E-3,-1.198421582E-3
1.949406668E1,3.861580743E-3,5.992108025E-3,-2.263685223E-3
1.951433585E1,3.861580743E-3,3.861580743E-3,-1.331579551E-4
1.953473585E1,6.657897611E-4,3.861580743E-3,3.062632866E-3
1.955487418E1,6.657897611E-4,4.926844500E-3,5.193160381E-3
1.957514330E1,3.861580743E-3,4.926844500E-3,5.193160381E-3
1.959541246E1,1.731053460E-3,-1.464737463E-3,8.388951421E-3
1.961568158E1,-6.791055668E-3,-1.744369231E-2,9.454214945E-3
1.963595075E1,-1.624527015E-2,-2.170474641E-2,7.323687430E-3
1.965621991E1,-1.411474310E-2,-1.424790081E-2,4.127896391E-3
1.967648903E1,-4.660528619E-3,-2.530001104E-3,1.997369342E-3
1.969675819E1,1.731053460E-3,5.992108025E-3,-1.331579551E-4
1.971702731E1,6.657897611E-4,2.796316985E-3,-1.198421582E-3
1.973729642E1,-4.660528619E-3,-2.530001104E-3,-4.394212738E-3
1.975756559E1,-6.791055668E-3,-6.791055668E-3,-7.590003312E-3
1.977783470E1,-9.853689000E-3,-9.986846708E-3,-1.185105834E-2
1.979810387E1,-1.198421605E-2,-1.105211023E-2,-1.504684892E-2
1.981837298E1,-1.304947957E-2,-5.725792143E-3,-1.717737690E-2
1.983864210E1,-1.091895252E-2,-1.464737463E-3,-1.291632187E-2
1.985891127E1,-9.853689000E-3,-2.530001104E-3,-8.655266836E-3
1.987918038E1,-1.091895252E-2,-5.725792143E-3,-4.394212738E-3
1.989944950E1,-1.304947957E-2,-8.921583183E-3,-2.263685223E-3
1.991971866E1,-1.624527015E-2,-1.105211023E-2,-1.198421582E-3
1.993998778E1,-1.624527015E-2,-7.856319658E-3,-2.263685223E-3
1.996025689E1,-1.304947957E-2,-7.856319658E-3,-4.394212738E-3
1.998052600E1,-1.091895252E-2,-9.986846708E-3,-5.459476262E-3
2.000079512E1,-9.853689000E-3,-7.856319658E-3,-7.590003312E-3
2.002106429E1,-7.856319658E-3,-4.660528619E-3,-1.078579482E-2
2.004133340E1,-4.660528619E-3,-4.660528619E-3,-1.185105834E-2
2.006160252E1,-3.595264861E-3,-4.660528619E-3,-6.524739787E-3
2.008187163E1,-2.530001104E-3,-4.660528619E-3,-2.263685223E-3
2.010214069E1,-1.464737463E-3,-4.660528619E-3,9.321057005E-4
2.012240986E1,-3.595264861E-3,-4.660528619E-3,3.062632866E-3
2.014267897E1,-4.660528619E-3,-6.791055668E-3,1.997369342E-3
2.016294814E1,-6.791055668E-3,-5.725792143E-3,-1.331579551E-4
2.018321726E1,-9.853689000E-3,-6.791055668E-3,-2.263685223E-3
2.020348637E1,-1.304947957E-2,-1.318263728E-2,-6.524739787E-3
2.022375548E1,-1.731053367E-2,-1.211737376E-2,-8.655266836E-3
2.024402460E1,-1.411474310E-2,-7.856319658E-3,-5.459476262E-3
2.026429371E1,-1.091895252E-2,-3.595264861E-3,-2.263685223E-3
2.028456283E1,-5.725792143E-3,6.657897611E-4,-2.263685223E-3
2.030496156E1,-3.994738800E-4,4.926844500E-3,-1.331579551E-4
2.032509978E1,-2.530001104E-3,9.187898599E-3,-1.331579551E-4
2.034536890E1,-5.725792143E-3,8.122635074E-3,9.321057005E-4
2.036563801E1,-8.921583183E-3,6.657897611E-4,1.997369342E-3
2.038590713E1,-1.198421605E-2,-4.660528619E-3,9.321057005E-4
2.040617619E1,-1.091895252E-2,-5.725792143E-3,-2.263685223E-3
2.042657619E1,-4.660528619E-3,-1.464737463E-3,-4.394212738E-3
2.044671442E1,-1.464737463E-3,1.731053460E-3,-7.590003312E-3
2.046698353E1,-2.530001104E-3,1.731053460E-3,-7.590003312E-3
2.048725265E1,-3.595264861E-3,6.657897611E-4,-5.459476262E-3
2.050752176E1,-6.791055668E-3,-5.725792143E-3,-2.263685223E-3
2.052792176E1,-1.411474310E-2,-1.957421936E-2,3.062632866E-3
2.054805994E1,-2.050632425E-2,-3.555317223E-2,1.051947847E-2
2.056832906E1,-2.476738021E-2,-4.727107286E-2,1.691105962E-2
2.058859817E1,-3.648528084E-2,-6.538055837E-2,1.904158667E-2
2.062413619E1,-5.459476262E-2,-6.697845459E-2,-1.717737690E-2
2.064440546E1,-3.222422674E-2,-2.490053698E-2,-1.930790395E-2
2.066467458E1,-1.251684781E-2,-7.856319658E-3,-1.664474420E-2
2.068494364E1,5.992108025E-3,4.394212738E-3,-1.398158539E-2
2.070521275E1,9.720530361E-3,5.459476262E-3,-1.731053460E-3
2.072561275E1,-9.321057005E-4,-1.464737463E-3,6.258423906E-3
2.074575093E1,-5.725792143E-3,-3.062632866E-3,8.921583183E-3
2.076601999E1,1.731053460E-3,2.263685223E-3,7.323687430E-3
2.078628911E1,8.122635074E-3,1.664474420E-2,3.062632866E-3
2.080655817E1,1.185105834E-2,2.996053919E-2,4.127896391E-3
2.082682728E1,1.504684892E-2,2.996053919E-2,9.454214945E-3
2.084709635E1,2.090579830E-2,2.942790836E-2,1.424790081E-2
2.086736546E1,2.410159074E-2,3.954791278E-2,1.424790081E-2
2.088763452E1,2.569948509E-2,5.020054802E-2,1.318263728E-2
2.090790364E1,2.623211779E-2,4.966791719E-2,1.211737376E-2
2.092817270E1,2.889527567E-2,4.114580899E-2,1.318263728E-2
2.094844176E1,3.475422785E-2,3.581948951E-2,1.371526904E-2
2.096871088E1,4.221107066E-2,3.901528195E-2,1.105211023E-2
2.098897994E1,4.487423226E-2,4.487423226E-2,6.791055668E-3
2.100924900E1,4.540686309E-2,4.966791719E-2,-1.331579551E-4
2.102951812E1,4.434159771E-2,5.073318258E-2,3.595264861E-3
2.104991812E1,4.008054361E-2,4.221107066E-2,8.921583183E-3
2.107005624E1,3.368896246E-2,2.569948509E-2,1.797632314E-2
2.109032536E1,2.463422157E-2,1.557948068E-2,2.436790615E-2
2.111059442E1,1.984053478E-2,1.185105834E-2,2.809632942E-2
2.113086348E1,1.717737690E-2,9.720530361E-3,3.129211813E-2
2.115113260E1,1.451421715E-2,6.524739787E-3,2.969422378E-2
2.117140166E1,1.078579482E-2,8.655266836E-3,2.117211558E-2
2.119167072E1,1.291632187E-2,1.291632187E-2,1.211737376E-2
2.121193978E1,1.291632187E-2,1.664474420E-2,3.062632866E-3
2.123220885E1,1.451421715E-2,2.090579830E-2,-2.796316985E-3
2.125247796E1,1.504684892E-2,1.824264042E-2,-2.796316985E-3
2.127274702E1,1.131842658E-2,1.664474420E-2,1.464737463E-3
2.129301609E1,5.992108025E-3,1.185105834E-2,5.725792143E-3
2.131328515E1,4.394212738E-3,7.590003312E-3,7.323687430E-3
2.133355421E1,-3.994738800E-4,9.720530361E-3,1.051947847E-2
2.135382327E1,1.331579551E-4,-3.595264861E-3,1.531316526E-2
2.137409234E1,-2.530001104E-3,-1.158474199E-2,1.531316526E-2
2.139436145E1,-2.530001104E-3,-9.986846708E-3,1.105211023E-2
2.141463051E1,3.861580743E-3,1.331579551E-4,-1.331579551E-4
2.143489958E1,5.459476262E-3,1.131842658E-2,-7.590003312E-3
2.145516864E1,2.796316985E-3,4.926844500E-3,-8.655266836E-3
2.147543770E1,-2.530001104E-3,-8.388951421E-3,-5.992108025E-3
2.149570671E1,-6.258423906E-3,-1.478053257E-2,-4.926844500E-3
2.151597583E1,-7.856319658E-3,-1.691105962E-2,-8.122635074E-3
2.153624489E1,-8.921583183E-3,-1.478053257E-2,-1.291632187E-2
2.155651395E1,-9.853689000E-3,-1.105211023E-2,-1.451421715E-2
2.157678301E1,-1.251684781E-2,-9.454214945E-3,-1.504684892E-2
2.159705208E1,-1.251684781E-2,-1.371526904E-2,-1.078579482E-2
2.161732109E1,-1.731053367E-2,-2.330264263E-2,-7.057371549E-3
2.163759015E1,-2.263685316E-2,-3.235738352E-2,-5.459476262E-3
2.165785921E1,-2.636527456E-2,-2.916159295E-2,-5.992108025E-3
2.167812827E1,-2.902843431E-2,-1.850895584E-2,-5.992108025E-3
2.169839734E1,-3.648528084E-2,-2.436790615E-2,-9.720530361E-3
2.171866640E1,-3.755054250E-2,-5.313002318E-2,-1.238369010E-2
2.173893546E1,-3.009369783E-2,-5.472791940E-2,-2.037316747E-2
2.175920447E1,-1.890842989E-2,-4.354264960E-2,-3.422159329E-2
2.177947353E1,-2.157158963E-2,-2.436790615E-2,-5.126581341E-2
2.179974260E1,-3.062633052E-2,-3.555317223E-2,-6.191844866E-2
2.182001166E1,-4.340949282E-2,-9.680583328E-2,-5.765739456E-2
2.184028072E1,-5.459476262E-2,-1.724395454E-1,-5.499423668E-2
2.186054973E1,-7.110634446E-2,-2.113216817E-1,-8.322372288E-2
2.188081880E1,-1.110537350E-1,-2.745717168E-1,-1.146489978E-1
2.190108786E1,-1.435442716E-1,-2.948117256E-1,-1.940111369E-1
2.192148786E1,-1.744369268E-1,-2.724411786E-1,-2.978743315E-1
2.194162593E1,-1.989379823E-1,-3.107906580E-1,-3.910849094E-1
2.196189499E1,-2.234390527E-1,-3.874896467E-1,-4.789691567E-1
2.198216406E1,-2.442116886E-1,-4.748412669E-1,-4.985433817E-1
2.200243312E1,-2.719085515E-1,-5.249086618E-1,-4.528702199E-1
2.202283312E1,-2.900180221E-1,-4.881570637E-1,-3.729754388E-1
2.204297119E1,-3.502054214E-1,-4.301002026E-1,-3.218427896E-1
2.206327958E1,-4.055991173E-1,-2.990727723E-1,-3.213101327E-1
2.208350932E1,-3.944138587E-1,-2.527337968E-1,-2.733732760E-1
2.210377838E1,-3.608580530E-1,-2.522011697E-1,-2.062616795E-1
2.212417838E1,-3.161169887E-1,-2.548643351E-1,-1.652490199E-1
2.214431645E1,-2.921485603E-1,-3.320959508E-1,-9.440898895E-2
2.216458546E1,-2.932138145E-1,-3.912180662E-1,-8.122635074E-3
2.218485447E1,-3.198454082E-1,-3.784348965E-1,3.502054140E-2
2.220512353E1,-3.933486044E-1,-3.752391040E-1,6.684529036E-2
2.222539255E1,-4.769718051E-1,-3.443464637E-1,6.471476704E-2
2.224566161E1,-5.004075766E-1,-3.155843616E-1,2.277000993E-2
2.226593062E1,-4.998749495E-1,-3.081275225E-1,-3.475422785E-2
2.228619968E1,-4.178496599E-1,-3.278348744E-1,-7.203845680E-2
2.230646869E1,-3.065296113E-1,-3.539338410E-1,-4.860265180E-2
2.232686869E1,-2.878875136E-1,-3.661843836E-1,-4.061317816E-2
2.234700676E1,-3.075948656E-1,-2.820285559E-1,-6.404897571E-2
2.236727577E1,-2.713759243E-1,-1.985385120E-1,-9.600688517E-2
2.238754484E1,-2.053295672E-1,-1.633848101E-1,-5.978792161E-2
2.240781385E1,-1.488705873E-1,-1.346226931E-1,-1.611211337E-2
2.242808291E1,-1.009337306E-1,-9.414267540E-2,2.703106403E-2
2.244835192E1,-8.868319541E-2,-6.431528926E-2,1.584579609E-2
2.246862093E1,-5.406212807E-2,-4.034686089E-2,-1.504684892E-2
2.248888999E1,-2.210422046E-2,1.731053460E-3,-4.114580899E-2
2.250915900E1,-1.145158429E-2,3.262370080E-2,-5.819002539E-2
2.252942801E1,1.664474420E-2,3.209106624E-2,-4.807002097E-2
2.254969708E1,4.380896688E-2,8.748477697E-2,-3.581948951E-2
2.256996609E1,8.269108832E-2,1.391500682E-1,-2.676474862E-2
2.259023510E1,1.721732318E-1,2.163816839E-1,-3.209106624E-2
2.261050411E1,2.920154035E-1,3.605917394E-1,-3.848264739E-2
2.263077312E1,3.948133290E-1,5.310339332E-1,-2.729738131E-2
2.265104218E1,4.858933687E-1,6.514087319E-1,-9.187898599E-3
2.267131119E1,5.173186660E-1,6.631265879E-1,-6.524739787E-3
2.269158020E1,4.123901725E-1,6.391581893E-1,-3.954791278E-2
2.271184921E1,1.284974217E-1,5.518065691E-1,-9.281109273E-2
2.273211827E1,-7.643266767E-2,2.648511827E-1,-1.711079776E-1
2.275238723E1,-2.423474751E-2,-8.295740932E-2,-1.737711281E-1
2.277265630E1,2.410159074E-2,-4.087949172E-2,-1.263668984E-1
2.279292530E1,1.487374306E-1,2.653838098E-1,-1.231711060E-1
2.281319432E1,3.346259296E-1,4.974781275E-1,-1.364869028E-1
2.283346333E1,4.012049139E-1,5.491434336E-1,-7.949529588E-2
2.285373234E1,2.776343226E-1,3.366233110E-1,4.713791609E-2
2.287400135E1,8.056056499E-2,-3.555317223E-2,1.350221634E-1
2.289427036E1,-7.536740601E-2,-3.683148921E-1,1.238368973E-1
2.291453937E1,-1.733716577E-1,-3.560643792E-1,5.299686641E-2
2.293480838E1,-1.275653243E-1,-1.207742617E-1,-1.557948068E-2
2.295507739E1,2.516685426E-2,8.322372288E-2,-2.356895804E-2
2.297534640E1,1.205079481E-1,1.545963883E-1,7.163897902E-2
2.299561541E1,1.274321675E-1,1.418132186E-1,2.165148407E-1
2.301588442E1,6.884266436E-2,2.143843099E-2,3.400854170E-1
2.303615343E1,2.796316985E-3,-1.633848101E-1,3.832286000E-1
2.305642244E1,-2.902843431E-2,-2.559295893E-1,3.065296113E-1
2.307669140E1,-3.275685757E-2,-1.793637723E-1,1.531316489E-1
2.309696046E1,-1.464737463E-3,-6.697845459E-2,5.193160381E-3
2.311722947E1,4.167843983E-2,1.331579551E-4,-8.855003864E-2
2.313749848E1,5.872265995E-2,2.623211779E-2,-1.327584833E-1
2.315776744E1,5.339634046E-2,-1.531316526E-2,-1.428784877E-1
2.317803645E1,4.593949392E-2,-1.015995219E-1,-1.311605871E-1
2.319830546E1,3.368896246E-2,-1.474058628E-1,-1.242363751E-1
2.321857447E1,2.250369452E-2,-1.399490088E-1,-1.253016293E-1
2.323884343E1,2.250369452E-2,-9.893636405E-2,-1.263668984E-1
2.325911244E1,2.889527567E-2,-4.940159991E-2,-1.322258562E-1
2.327938145E1,3.581948951E-2,-1.478053257E-2,-1.396826953E-1
2.329965046E1,3.475422785E-2,-2.223737910E-2,-1.407479644E-1
2.331991947E1,2.410159074E-2,-5.898897350E-2,-1.386174262E-1
2.334018848E1,-5.725792143E-3,-7.177213579E-2,-1.434111148E-1
2.336045744E1,-4.340949282E-2,-4.301001877E-2,-1.657816470E-1
2.338072645E1,-4.873581231E-2,1.185105834E-2,-2.030658871E-1
2.340099546E1,-2.743053809E-2,4.487423226E-2,-2.270343155E-1
2.342139546E1,-8.921583183E-3,4.966791719E-2,-2.265016884E-1
2.344153343E1,-1.464737463E-3,4.274370521E-2,-2.201101035E-1
2.346180244E1,-1.997369342E-2,3.795001656E-2,-2.259690464E-1
2.348207145E1,-4.767054692E-2,1.398158539E-2,-2.211753577E-1
2.350234041E1,-3.595264629E-2,1.664474420E-2,-1.982721984E-1
2.352274041E1,3.581948951E-2,-1.531316526E-2,-1.700427085E-1
2.354287838E1,8.695214242E-2,-2.170474641E-2,-1.039963663E-1
2.356314739E1,9.494162351E-2,3.328948980E-3,-3.475422785E-2
2.358341635E1,9.867004305E-2,1.611211337E-2,2.170474641E-2
2.360368536E1,1.077247858E-1,4.926844500E-3,7.004108280E-2
2.362408536E1,1.023984700E-1,-1.584579609E-2,1.318263710E-1
2.364422333E1,5.552686751E-2,-1.105211023E-2,1.808284968E-1
2.366449234E1,1.611211337E-2,-9.321057005E-4,1.866874546E-1
2.368476130E1,9.187898599E-3,2.090579830E-2,1.621863842E-1
2.370503025E1,3.635212034E-2,1.557948068E-2,1.291632205E-1
2.372543025E1,6.404897571E-2,-2.223737910E-2,9.560741484E-2
2.374556827E1,6.777740270E-2,-6.218476593E-2,7.962846011E-2
2.376583723E1,4.913528636E-2,-7.816372067E-2,7.430213690E-2
2.378610619E1,2.783001214E-2,-6.538055837E-2,6.684529036E-2
2.380637520E1,-3.994738800E-4,-6.271740049E-2,7.270424068E-2
2.382664416E1,-3.648528084E-2,-8.295740932E-2,9.560741484E-2
2.384691317E1,-7.270424068E-2,-1.106542572E-1,1.211737394E-1
2.386718213E1,-8.815056831E-2,-1.271658540E-1,1.430116445E-1
2.388745114E1,-7.590003312E-2,-9.946899116E-2,1.536642760E-1
2.390772010E1,-3.648528084E-2,-3.874896467E-2,1.573926955E-1
2.392798906E1,8.122635074E-3,3.528685868E-2,1.696432382E-1
2.394825807E1,4.167843983E-2,8.269108832E-2,1.792306006E-1
2.396852702E1,5.179844424E-2,7.363634557E-2,1.802958697E-1
2.398879598E1,4.008054361E-2,2.623211779E-2,1.802958697E-1
2.400906499E1,2.143843099E-2,-9.321057005E-4,1.605884880E-1
2.402933395E1,1.398158539E-2,-8.388951421E-3,1.291632205E-1
2.404960291E1,2.796316985E-3,5.992108025E-3,9.933583438E-2
2.406987187E1,-1.251684781E-2,3.155843541E-2,7.430213690E-2
2.409014088E1,-1.251684781E-2,3.581948951E-2,5.299686641E-2
2.411040984E1,-7.323687430E-3,2.889527567E-2,3.661843762E-2
2.413067880E1,1.331579551E-4,2.356895804E-2,2.596580051E-2
2.415094775E1,-7.856319658E-3,1.504684892E-2,2.543316968E-2
2.417121671E1,-4.340949282E-2,-1.637842879E-2,3.502054140E-2
2.419148572E1,-8.335687965E-2,-7.976161689E-2,2.862896025E-2
2.421175468E1,-1.147821546E-1,-8.242477477E-2,-8.122635074E-3
2.423202364E1,-1.041295230E-1,-1.464737463E-3,-5.712476373E-2
2.425229260E1,-4.340949282E-2,8.855003864E-2,-8.695214242E-2
2.427256150E1,1.185105834E-2,1.071921512E-1,-6.564687192E-2
2.429283051E1,2.889527567E-2,5.552686751E-2,-1.198421582E-3
2.431309947E1,1.984053478E-2,3.328948980E-3,6.897582114E-2
2.433336843E1,9.720530361E-3,-2.530001104E-3,1.158474237E-1
2.435363744E1,1.731053460E-3,9.720530361E-3,1.312937438E-1
2.437390635E1,-1.624527015E-2,3.049317189E-2,1.254348010E-1
2.439417536E1,-3.328948840E-2,6.032055244E-2,1.089232042E-1
2.441444432E1,-4.660528526E-2,8.588688076E-2,9.560741484E-2
2.443471322E1,-5.672528967E-2,9.227846563E-2,9.081372619E-2
2.445498223E1,-5.619265884E-2,7.629951090E-2,9.454214573E-2
2.447525114E1,-4.181159660E-2,5.925529078E-2,1.094558388E-1
2.449552015E1,-1.890842989E-2,4.061317816E-2,1.307611167E-1
2.451578911E1,-1.997369342E-3,1.238369010E-2,1.515337527E-1
2.453605807E1,3.861580743E-3,-3.075948730E-2,1.744369268E-1
2.455632697E1,-1.091895252E-2,-6.431528926E-2,1.973400861E-1
2.457659598E1,-3.701791167E-2,-8.135951310E-2,2.101232558E-1
2.459686494E1,-5.832318589E-2,-8.402267098E-2,2.042642981E-1
2.461713390E1,-6.205160543E-2,-7.709845901E-2,1.771000773E-1
2.463740286E1,-4.820318148E-2,-5.898897350E-2,1.382179558E-1
2.465767182E1,-2.530001104E-2,-4.301001877E-2,9.880319983E-2
2.467794077E1,3.861580743E-3,-2.277000993E-2,6.045371294E-2
2.469820973E1,1.717737690E-2,-1.424790081E-2,2.010685205E-2
2.471847869E1,1.398158539E-2,-2.223737910E-2,-1.717737690E-2
2.473874765E1,6.657897611E-4,-2.010685205E-2,-4.434159771E-2
2.475901661E1,-5.193160381E-3,-1.265000552E-2,-5.392897129E-2
2.477928557E1,-3.595264861E-3,-1.691105962E-2,-4.114580899E-2
2.479955452E1,-7.856319658E-3,-3.608580679E-2,-1.611211337E-2
2.481982348E1,-1.091895252E-2,-4.780370742E-2,-5.459476262E-3
2.484009244E1,-1.038632076E-2,-3.075948730E-2,-1.344895363E-2
2.486036140E1,-5.725792143E-3,-1.997369342E-3,-2.516685426E-2
2.488063036E1,-1.464737463E-3,8.655266836E-3,-3.422159329E-2
2.490089932E1,1.731053460E-3,2.263685223E-3,-3.368896246E-2
2.492129932E1,6.657897611E-4,-8.921583183E-3,-2.729738131E-2
2.494143728E1,-7.323687430E-3,-1.744369231E-2,-1.824264042E-2
2.496170624E1,-1.411474310E-2,-2.223737910E-2,-1.185105834E-2
2.498197520E1,-1.411474310E-2,-1.478053257E-2,-7.057371549E-3
2.500224416E1,-1.038632076E-2,3.861580743E-3,-6.657897611E-4
2.502264416E1,-5.725792143E-3,1.504684892E-2,6.791055668E-3
2.504278208E1,-7.856319658E-3,1.131842658E-2,2.117211558E-2
2.506305103E1,-1.464737486E-2,-7.323687430E-3,3.022685647E-2
2.508332004E1,-1.784316637E-2,-2.010685205E-2,3.235738352E-2
2.510358895E1,-2.157158963E-2,-1.691105962E-2,2.703106403E-2
2.512398895E1,-1.731053367E-2,-3.062632866E-3,1.744369231E-2
2.514412692E1,-6.791055668E-3,8.122635074E-3,1.904158667E-2
2.516439588E1,1.331579551E-4,6.524739787E-3,2.223737910E-2
2.518466484E1,-1.464737463E-3,-4.127896391E-3,2.703106403E-2
2.520493385E1,-7.856319658E-3,-1.371526904E-2,2.543316968E-2
2.522533385E1,-1.198421605E-2,-1.478053257E-2,2.170474641E-2
2.524547171E1,-1.091895252E-2,-1.997369342E-3,1.957421936E-2
2.526574077E1,-4.660528619E-3,5.459476262E-3,1.850895584E-2
2.528600973E1,-1.997369342E-3,5.459476262E-3,1.478053257E-2
2.530627869E1,-3.994738800E-4,-9.321057005E-4,8.921583183E-3
2.532642984E1,-9.321057005E-4,-6.258423906E-3,-6.657897611E-4
2.534681744E1,1.198421582E-3,-1.997369342E-3,-1.291632187E-2
2.536708588E1,3.861580743E-3,6.524739787E-3,-1.984053478E-2
2.538735478E1,6.657897611E-4,3.328948980E-3,-1.398158539E-2
2.540762369E1,-1.464737463E-3,-4.660528619E-3,-3.328948980E-3
2.542789265E1,-6.258423906E-3,-1.051947847E-2,-6.657897611E-4
2.544816161E1,-6.791055668E-3,-1.051947847E-2,-4.394212738E-3
2.546843062E1,-4.127896391E-3,-1.211737376E-2,-1.398158539E-2
2.548869958E1,1.198421582E-3,-9.986846708E-3,-2.090579830E-2
2.550896859E1,6.657897611E-4,-1.211737376E-2,-1.398158539E-2
2.552923754E1,-4.660528619E-3,-9.454214945E-3,-5.992108025E-3
2.554950656E1,-3.062632866E-3,2.263685223E-3,1.464737463E-3
2.556977546E1,3.861580743E-3,8.655266836E-3,4.127896391E-3
2.559004447E1,7.057371549E-3,8.655266836E-3,6.791055668E-3
2.561031343E1,2.263685223E-3,2.796316985E-3,7.856319658E-3
2.563058244E1,1.198421582E-3,2.796316985E-3,8.921583183E-3
2.565085145E1,6.524739787E-3,6.657897611E-4,7.856319658E-3
2.567112051E1,9.720530361E-3,-3.595264861E-3,2.530001104E-3
2.569138942E1,7.057371549E-3,-6.258423906E-3,-4.926844500E-3
2.571165838E1,1.331579551E-4,1.198421582E-3,-9.187898599E-3
2.573192739E1,-2.530001104E-3,1.291632187E-2,-3.328948980E-3
2.575219640E1,5.459476262E-3,1.877527125E-2,5.725792143E-3
2.577246536E1,9.720530361E-3,1.238369010E-2,1.478053257E-2
2.579273437E1,2.263685223E-3,-2.530001104E-3,1.637842879E-2
2.581300338E1,-6.791055668E-3,-1.478053257E-2,7.323687430E-3
2.583327228E1,-5.193160381E-3,-1.158474199E-2,-4.394212738E-3
2.585354135E1,-3.595264861E-3,-9.321057005E-4,-1.131842658E-2
2.587381036E1,-1.997369342E-3,2.263685223E-3,-8.655266836E-3
2.589407932E1,-1.464737463E-3,6.657897611E-4,-3.861580743E-3
2.591434833E1,4.394212738E-3,6.657897611E-4,-1.331579551E-4
2.593461734E1,9.187898599E-3,4.394212738E-3,-1.331579551E-4
2.595488630E1,1.131842658E-2,9.720530361E-3,9.321057005E-4
2.597515530E1,7.057371549E-3,1.611211337E-2,3.062632866E-3
2.599542426E1,2.263685223E-3,1.930790395E-2,6.791055668E-3
2.601569327E1,2.263685223E-3,1.185105834E-2,1.318263728E-2
2.603596228E1,-3.062632866E-3,3.328948980E-3,1.637842879E-2
2.605623130E1,-8.921583183E-3,-6.791055668E-3,1.211737376E-2
2.607650025E1,-7.323687430E-3,-1.158474199E-2,6.258423906E-3
2.609676926E1,-1.997369342E-3,-1.997369342E-3,7.856319658E-3
2.611703827E1,2.263685223E-3,5.992108025E-3,1.531316526E-2
2.613730723E1,5.992108025E-3,1.504684892E-2,2.170474641E-2
2.615757624E1,1.131842658E-2,2.303632535E-2,2.596580051E-2
2.617784525E1,1.398158539E-2,2.889527567E-2,2.809632942E-2
2.619811421E1,1.451421715E-2,2.783001214E-2,3.182475269E-2
2.621838322E1,1.131842658E-2,1.930790395E-2,3.129211813E-2
2.623865223E1,5.992108025E-3,1.185105834E-2,3.289001435E-2
2.625892119E1,4.394212738E-3,7.590003312E-3,3.182475269E-2
2.627919020E1,9.720530361E-3,7.057371549E-3,2.703106403E-2
2.629945921E1,1.717737690E-2,1.078579482E-2,1.797632314E-2
2.631972822E1,2.090579830E-2,1.984053478E-2,4.660528619E-3
2.633999718E1,2.250369452E-2,2.410159074E-2,-3.328948980E-3
2.636026619E1,2.197106183E-2,2.250369452E-2,-5.459476262E-3
2.638053520E1,2.090579830E-2,1.877527125E-2,-6.657897611E-4
2.640080416E1,1.984053478E-2,1.930790395E-2,4.127896391E-3
2.642120416E1,2.090579830E-2,2.037316747E-2,5.725792143E-3
2.644134218E1,2.037316747E-2,1.984053478E-2,5.725792143E-3
2.646161119E1,2.037316747E-2,1.984053478E-2,4.127896391E-3
2.648188015E1,1.930790395E-2,1.930790395E-2,3.595264861E-3
2.650214916E1,2.197106183E-2,1.824264042E-2,1.464737463E-3
2.652254916E1,2.090579830E-2,1.504684892E-2,-1.331579551E-4
2.654268718E1,1.930790395E-2,1.238369010E-2,1.464737463E-3
2.656295614E1,1.877527125E-2,1.930790395E-2,4.660528619E-3
2.658322515E1,1.771000773E-2,2.463422157E-2,9.986846708E-3
2.660349416E1,1.877527125E-2,2.623211779E-2,1.424790081E-2
2.662389416E1,2.250369452E-2,2.516685426E-2,1.637842879E-2
2.664403213E1,1.611211337E-2,1.984053478E-2,1.531316526E-2
2.666430114E1,4.394212738E-3,5.459476262E-3,1.424790081E-2
2.668457004E1,-1.997369342E-3,2.263685223E-3,1.371526904E-2
2.670483911E1,1.331579551E-4,7.057371549E-3,1.478053257E-2
2.672523911E1,1.078579482E-2,9.187898599E-3,1.424790081E-2
2.674537713E1,1.344895363E-2,1.131842658E-2,9.454214945E-3
2.676564609E1,1.451421715E-2,1.504684892E-2,5.193160381E-3
2.678591510E1,1.078579482E-2,1.930790395E-2,3.062632866E-3
2.680618411E1,7.590003312E-3,2.037316747E-2,6.258423906E-3
2.682645307E1,4.926844500E-3,2.250369452E-2,1.265000552E-2
2.684672208E1,6.524739787E-3,1.238369010E-2,1.850895584E-2
2.686699109E1,5.992108025E-3,8.122635074E-3,1.531316526E-2
2.688726004E1,7.057371549E-3,7.590003312E-3,8.921583183E-3
2.690752906E1,7.057371549E-3,9.720530361E-3,5.193160381E-3
2.692779807E1,7.057371549E-3,9.720530361E-3,4.127896391E-3
2.694806702E1,5.459476262E-3,6.524739787E-3,3.595264861E-3
2.696833603E1,4.394212738E-3,2.796316985E-3,5.725792143E-3
2.698860504E1,1.731053460E-3,-3.062632866E-3,2.530001104E-3
2.700887400E1,-3.595264861E-3,-1.105211023E-2,3.994738800E-4
2.702914301E1,-7.323687430E-3,-1.478053257E-2,-2.263685223E-3
2.704941202E1,-7.323687430E-3,-1.158474199E-2,-7.590003312E-3
2.706968098E1,-7.856319658E-3,-7.323687430E-3,-9.720530361E-3
2.708994999E1,-7.856319658E-3,-1.158474199E-2,-9.187898599E-3
2.711021895E1,-9.321057238E-3,-1.424790081E-2,-6.524739787E-3
2.713048796E1,-9.321057238E-3,-1.531316526E-2,-4.394212738E-3
2.715075697E1,-8.388951421E-3,-1.158474199E-2,-3.328948980E-3
2.717102593E1,-7.323687430E-3,-9.986846708E-3,-1.731053460E-3
2.719129494E1,-9.321057238E-3,-1.051947847E-2,-1.198421582E-3
2.721156390E1,-3.595264861E-3,-7.323687430E-3,-2.263685223E-3
2.723183291E1,-3.062632866E-3,-6.791055668E-3,-2.263685223E-3
2.725210192E1,-8.388951421E-3,-9.454214945E-3,3.994738800E-4
2.727237088E1,-1.198421605E-2,-1.797632314E-2,4.127896391E-3
2.729263989E1,-1.198421605E-2,-1.691105962E-2,8.921583183E-3
2.731290885E1,-7.856319658E-3,-1.211737376E-2,8.921583183E-3
2.733317786E1,-4.660528619E-3,-3.595264861E-3,2.530001104E-3
2.735344682E1,-1.091895252E-2,1.198421582E-3,-8.655266836E-3
2.737371583E1,-1.837579720E-2,-3.595264861E-3,-2.463422157E-2
2.739398478E1,-2.689790726E-2,-1.531316526E-2,-4.327633604E-2
2.741425380E1,-2.103895694E-2,-2.490053698E-2,-5.126581341E-2
2.743452270E1,-1.091895252E-2,-2.916159295E-2,-4.434159771E-2
2.745479176E1,-3.994738800E-4,-3.342264518E-2,-2.197106183E-2
2.747506072E1,7.590003312E-3,-2.543316968E-2,2.530001104E-3
2.749532973E1,1.824264042E-2,8.655266836E-3,1.211737376E-2
2.751559869E1,3.315633163E-2,3.528685868E-2,4.127896391E-3
2.753586770E1,3.475422785E-2,3.262370080E-2,-1.504684892E-2
2.755613666E1,3.155843541E-2,2.356895804E-2,-4.274370521E-2
2.757640567E1,2.783001214E-2,1.198421582E-3,-6.777740270E-2
2.759667463E1,-9.321057005E-4,-2.490053698E-2,-7.044056058E-2
2.761694364E1,-3.595264629E-2,-3.661843762E-2,-5.978792161E-2
2.763721260E1,-6.045371294E-2,-6.271740049E-2,-5.020054802E-2
2.765748161E1,-7.909582555E-2,-7.230477035E-2,-4.434159771E-2
2.767775057E1,-8.069372177E-2,-7.550056279E-2,-4.434159771E-2
2.769801952E1,-6.098634377E-2,-5.952160433E-2,-4.114580899E-2
2.771828848E1,-2.689790726E-2,-3.448791057E-2,-2.463422157E-2
2.773855749E1,-3.595264861E-3,-1.850895584E-2,-1.198421582E-3
2.775882645E1,-4.660528619E-3,-1.904158667E-2,1.744369231E-2
2.777922645E1,-1.890842989E-2,-3.075948730E-2,2.277000993E-2
2.779952234E1,-3.222422674E-2,-3.821633384E-2,1.371526904E-2
2.781979140E1,-3.808317333E-2,-3.661843762E-2,-1.331579551E-4
2.783990301E1,-3.435475379E-2,-3.768370301E-2,-1.557948068E-2
2.786017187E1,-2.689790726E-2,-4.407528415E-2,-2.090579830E-2
2.788044077E1,-1.571263932E-2,-3.928159550E-2,-4.926844500E-3
2.790070963E1,-1.518000662E-2,-3.715106845E-2,1.531316526E-2
2.792105723E1,-2.103895694E-2,-3.395527974E-2,2.649843320E-2
2.794124755E1,-2.530001104E-2,-2.809632942E-2,2.596580051E-2
2.796151640E1,-2.157158963E-2,-2.383527346E-2,1.904158667E-2
2.798178531E1,-1.411474310E-2,-2.010685205E-2,8.921583183E-3
2.800205426E1,-7.323687430E-3,-1.957421936E-2,3.595264861E-3
2.802245426E1,-7.856319658E-3,-1.691105962E-2,-1.198421582E-3
2.804259218E1,-1.198421605E-2,-3.062632866E-3,-9.187898599E-3
2.806286109E1,-1.091895252E-2,5.459476262E-3,-1.504684892E-2
2.808313004E1,-5.725792143E-3,1.238369010E-2,-2.250369452E-2
2.810339900E1,4.926844500E-3,2.516685426E-2,-2.783001214E-2
2.812379900E1,1.025316212E-2,3.209106624E-2,-2.942790836E-2
2.814393692E1,1.344895363E-2,2.569948509E-2,-2.090579830E-2
2.816420593E1,1.238369010E-2,1.771000773E-2,-6.524739787E-3
2.818447489E1,7.057371549E-3,1.451421715E-2,1.265000552E-2
2.820474374E1,5.992108025E-3,1.185105834E-2,3.289001435E-2
2.822514374E1,1.078579482E-2,5.992108025E-3,5.139897019E-2
2.824528171E1,5.992108025E-3,-1.464737463E-3,6.471476704E-2
2.826555062E1,-7.856319658E-3,-1.211737376E-2,6.897582114E-2
2.828581958E1,-1.251684781E-2,-1.957421936E-2,6.418213248E-2
2.830608859E1,-1.411474310E-2,-2.756369673E-2,5.512739345E-2
2.832648859E1,-1.784316637E-2,-3.928159550E-2,4.660528526E-2
2.834662650E1,-2.476738021E-2,-4.886896908E-2,4.301001877E-2
2.836689546E1,-1.997369342E-2,-4.247738793E-2,4.394212365E-2
2.838716447E1,-5.725792143E-3,-2.490053698E-2,4.247738793E-2
2.840743343E1,4.394212738E-3,-1.691105962E-2,3.661843762E-2
2.842770239E1,1.078579482E-2,-1.478053257E-2,2.330264263E-2
2.844797135E1,2.143843099E-2,-1.265000552E-2,1.105211023E-2
2.846824025E1,2.942790836E-2,-6.791055668E-3,8.388951421E-3
2.848850926E1,2.836264484E-2,-1.478053257E-2,2.063948289E-2
2.850877817E1,1.611211337E-2,-2.809632942E-2,3.555317223E-2
2.852904713E1,1.731053460E-3,-3.235738352E-2,4.354264960E-2
2.854931609E1,-2.530001104E-3,-2.490053698E-2,4.394212365E-2
2.856958504E1,5.992108025E-3,-1.265000552E-2,4.447475821E-2
2.858985400E1,2.143843099E-2,-1.464737463E-3,5.459476262E-2
2.861012296E1,3.422159329E-2,1.078579482E-2,6.578002870E-2
2.863039187E1,3.262370080E-2,1.930790395E-2,6.524740160E-2
2.865066083E1,1.557948068E-2,1.131842658E-2,4.980107397E-2
2.867092978E1,-6.791055668E-3,-1.051947847E-2,2.117211558E-2
2.869119874E1,-2.743053809E-2,-2.809632942E-2,-8.122635074E-3
2.871146770E1,-3.435475379E-2,-3.075948730E-2,-2.729738131E-2
2.873173666E1,-3.542001545E-2,-2.649843320E-2,-2.996053919E-2
2.875200562E1,-2.956106514E-2,-2.117211558E-2,-2.197106183E-2
2.877227452E1,-2.636527456E-2,-1.531316526E-2,-1.344895363E-2
2.879254348E1,-2.743053809E-2,-8.921583183E-3,-9.720530361E-3
2.881281244E1,-2.103895694E-2,-2.530001104E-3,-5.992108025E-3
2.883308140E1,-1.091895252E-2,-4.127896391E-3,-2.263685223E-3
2.885335031E1,-1.464737463E-3,2.263685223E-3,6.791055668E-3
2.887361926E1,3.328948980E-3,1.131842658E-2,1.691105962E-2
2.889388822E1,5.459476262E-3,4.926844500E-3,2.436790615E-2
2.891415713E1,4.394212738E-3,-9.454214945E-3,3.448791057E-2
2.893442609E1,3.328948980E-3,-1.371526904E-2,4.354264960E-2
2.895469504E1,2.263685223E-3,-9.986846708E-3,4.926844314E-2
2.897496395E1,4.394212738E-3,-6.791055668E-3,5.725792050E-2
2.899523291E1,8.122635074E-3,-1.371526904E-2,7.057371736E-2
2.901550187E1,1.731053460E-3,-1.957421936E-2,7.909582555E-2
2.903577077E1,-7.323687430E-3,-2.223737910E-2,7.270424068E-2
2.905603973E1,-7.323687430E-3,-1.211737376E-2,5.672528967E-2
2.907630864E1,-1.997369342E-3,1.731053460E-3,4.247738793E-2
2.909657760E1,2.796316985E-3,1.331579551E-4,3.289001435E-2
2.911684656E1,8.122635074E-3,5.459476262E-3,2.063948289E-2
2.913711546E1,1.451421715E-2,2.463422157E-2,4.127896391E-3
2.915738442E1,2.942790836E-2,4.593949392E-2,-9.720530361E-3
2.917765333E1,4.380896688E-2,5.392897129E-2,-1.398158539E-2
2.919792223E1,4.327633604E-2,5.073318258E-2,-1.611211337E-2
2.921819119E1,2.942790836E-2,4.327633604E-2,-2.303632535E-2
2.923846010E1,1.717737690E-2,4.167843983E-2,-2.836264484E-2
2.925872906E1,1.291632187E-2,4.327633604E-2,-3.262370080E-2
2.927899791E1,9.720530361E-3,3.475422785E-2,-2.356895804E-2
2.929926692E1,8.122635074E-3,1.930790395E-2,-8.122635074E-3
2.931953583E1,-3.062632866E-3,2.263685223E-3,1.211737376E-2
2.933980478E1,-1.997369342E-2,-1.318263728E-2,2.649843320E-2
2.936007369E1,-2.583264373E-2,-2.010685205E-2,3.075948730E-2
2.938034260E1,-1.731053367E-2,-1.478053257E-2,2.969422378E-2
2.940061156E1,-4.127896391E-3,-1.105211023E-2,2.916159295E-2
2.942088046E1,5.992108025E-3,-2.490053698E-2,4.034686089E-2
2.944114937E1,7.057371549E-3,-2.916159295E-2,5.193160102E-2
2.946141833E1,4.926844500E-3,-1.957421936E-2,5.459476262E-2
2.948168723E1,7.590003312E-3,-1.997369342E-3,4.660528526E-2
2.950195614E1,1.344895363E-2,5.992108025E-3,3.502054140E-2
2.952235614E1,1.451421715E-2,7.590003312E-3,2.809632942E-2
2.954249400E1,1.291632187E-2,5.992108025E-3,2.703106403E-2
2.956276291E1,1.238369010E-2,6.657897611E-4,2.223737910E-2
2.958303182E1,7.057371549E-3,-4.127896391E-3,1.637842879E-2
2.960330072E1,1.198421582E-3,-1.211737376E-2,-2.263685223E-3
2.962370072E1,3.328948980E-3,-1.371526904E-2,-2.303632535E-2
2.964383853E1,8.655266836E-3,-2.530001104E-3,-3.901528195E-2
2.966410744E1,5.992108025E-3,9.187898599E-3,-4.061317816E-2
2.968437640E1,-3.994738800E-4,8.655266836E-3,-3.155843541E-2
2.970464531E1,-8.921583183E-3,5.992108025E-3,-1.717737690E-2
2.972504531E1,-1.304947957E-2,1.731053460E-3,-4.394212738E-3
2.974518312E1,-7.856319658E-3,-9.321057005E-4,7.323687430E-3
2.976545202E1,1.331579551E-4,-1.997369342E-3,1.318263728E-2
2.978572093E1,8.122635074E-3,1.238369010E-2,9.454214945E-3
2.980598984E1,1.344895363E-2,3.262370080E-2,4.127896391E-3
2.982625874E1,1.824264042E-2,4.274370521E-2,-1.331579551E-4
2.984652765E1,1.398158539E-2,3.102580272E-2,-2.796316985E-3
2.986692765E1,-3.994738800E-4,9.720530361E-3,-1.331579551E-4
2.988706546E1,-1.518000662E-2,-6.791055668E-3,-6.657897611E-4
2.990733437E1,-1.571263932E-2,-1.051947847E-2,9.321057005E-4
2.992760327E1,-9.853689000E-3,-3.595264861E-3,-6.657897611E-4
2.994787218E1,-2.530001104E-3,1.331579551E-4,-1.731053460E-3
2.996814109E1,-3.062632866E-3,-4.127896391E-3,-3.861580743E-3
2.998840999E1,-8.388951421E-3,-1.371526904E-2,-9.187898599E-3
3.000867890E1,-1.358211134E-2,-2.436790615E-2,-1.344895363E-2
3.002894780E1,-1.571263932E-2,-2.063948289E-2,-1.504684892E-2
3.004921671E1,-1.304947957E-2,-1.997369342E-3,-1.451421715E-2
3.006948562E1,-9.321057005E-4,1.664474420E-2,-1.291632187E-2
3.008975447E1,1.025316212E-2,2.516685426E-2,-9.187898599E-3
3.011002333E1,1.557948068E-2,1.984053478E-2,-3.328948980E-3
3.013029228E1,1.078579482E-2,1.238369010E-2,4.660528619E-3
3.015056119E1,8.655266836E-3,1.291632187E-2,7.323687430E-3
3.017083010E1,1.131842658E-2,1.611211337E-2,2.530001104E-3
3.019109900E1,1.398158539E-2,9.187898599E-3,-5.992108025E-3
3.021136791E1,1.238369010E-2,3.328948980E-3,-1.131842658E-2
3.023163676E1,1.291632187E-2,9.187898599E-3,-5.992108025E-3
3.025190567E1,1.398158539E-2,1.984053478E-2,8.921583183E-3
3.027217458E1,2.197106183E-2,2.516685426E-2,2.703106403E-2
3.029244343E1,3.102580272E-2,2.996053919E-2,3.768370301E-2
3.031271234E1,3.422159329E-2,2.889527567E-2,4.034686089E-2
3.033298124E1,3.102580272E-2,3.315633163E-2,3.715106845E-2
3.035325015E1,2.889527567E-2,3.741738573E-2,2.969422378E-2
3.037351900E1,2.729738131E-2,3.155843541E-2,2.330264263E-2
3.039378791E1,2.197106183E-2,1.451421715E-2,2.170474641E-2
3.041405682E1,1.611211337E-2,4.926844500E-3,1.957421936E-2
3.043432567E1,1.557948068E-2,6.524739787E-3,1.957421936E-2
3.045459458E1,2.037316747E-2,1.557948068E-2,2.010685205E-2
3.047486348E1,2.783001214E-2,2.463422157E-2,2.277000993E-2
3.049513234E1,3.422159329E-2,2.889527567E-2,2.490053698E-2
3.051540124E1,3.528685868E-2,3.155843541E-2,2.862896025E-2
3.053567015E1,2.889527567E-2,2.836264484E-2,2.916159295E-2
3.055593906E1,2.410159074E-2,2.356895804E-2,2.809632942E-2
3.057620791E1,2.037316747E-2,2.037316747E-2,2.543316968E-2
3.059647682E1,1.877527125E-2,2.250369452E-2,2.117211558E-2
3.061674567E1,1.877527125E-2,2.250369452E-2,2.117211558E-2
3.063701458E1,1.771000773E-2,1.824264042E-2,2.277000993E-2
3.065728348E1,1.344895363E-2,1.824264042E-2,2.383527346E-2
3.067755234E1,7.590003312E-3,2.410159074E-2,2.490053698E-2
3.069782124E1,2.263685223E-3,1.771000773E-2,2.277000993E-2
3.071809015E1,1.731053460E-3,1.731053460E-3,1.371526904E-2
3.073835906E1,-3.595264861E-3,-6.791055668E-3,2.530001104E-3
3.075862791E1,-1.091895252E-2,-2.170474641E-2,-6.524739787E-3
3.077889682E1,-1.784316637E-2,-3.608580679E-2,-1.078579482E-2
3.079916572E1,-1.997369342E-2,-3.235738352E-2,-1.131842658E-2
3.081943458E1,-1.890842989E-2,-2.969422378E-2,-9.720530361E-3
3.083970348E1,-1.624527015E-2,-2.277000993E-2,-1.131842658E-2
3.085997239E1,-1.358211134E-2,-1.478053257E-2,-1.238369010E-2
3.088024130E1,-1.571263932E-2,-1.744369231E-2,-1.078579482E-2
3.090051020E1,-2.263685316E-2,-2.596580051E-2,-1.185105834E-2
3.092077906E1,-2.636527456E-2,-3.075948730E-2,-1.291632187E-2
3.094104796E1,-2.530001104E-2,-3.022685647E-2,-1.664474420E-2
3.096131687E1,-2.423474751E-2,-2.490053698E-2,-2.090579830E-2
3.098158577E1,-2.316948399E-2,-2.436790615E-2,-2.090579830E-2
3.100185468E1,-1.837579720E-2,-2.330264263E-2,-2.197106183E-2
3.102225468E1,-1.091895252E-2,-2.277000993E-2,-1.771000773E-2
3.104239244E1,-8.921583183E-3,-2.170474641E-2,-1.185105834E-2
3.106266135E1,-1.145158429E-2,-2.170474641E-2,-7.057371549E-3
3.108293025E1,-1.304947957E-2,-1.797632314E-2,-4.394212738E-3
3.110319916E1,-1.518000662E-2,-1.211737376E-2,-7.057371549E-3
3.112359916E1,-1.464737486E-2,-8.921583183E-3,-9.187898599E-3
3.114389489E1,-1.251684781E-2,-1.051947847E-2,-1.025316212E-2
3.116400645E1,-7.856319658E-3,-1.105211023E-2,-1.025316212E-2
3.118440645E1,-2.530001104E-3,-7.856319658E-3,-1.078579482E-2
3.120454421E1,-1.464737463E-3,-9.454214945E-3,-7.590003312E-3
3.122494421E1,-2.530001104E-3,-5.193160381E-3,-2.796316985E-3
3.124508187E1,-9.321057005E-4,6.657897611E-4,3.994738800E-4
3.126535072E1,-1.997369342E-3,-1.464737463E-3,2.530001104E-3
3.128561952E1,-4.127896391E-3,-3.595264861E-3,3.595264861E-3
3.130588843E1,-5.725792143E-3,-7.856319658E-3,2.530001104E-3
3.132628843E1,-8.921583183E-3,-1.371526904E-2,-2.263685223E-3
3.134642619E1,-1.251684781E-2,-1.744369231E-2,-9.187898599E-3
3.136669510E1,-1.304947957E-2,-1.797632314E-2,-1.504684892E-2
3.138696395E1,-1.358211134E-2,-1.850895584E-2,-1.504684892E-2
3.140723286E1,-1.198421605E-2,-1.691105962E-2,-1.185105834E-2
3.142750176E1,-8.388951421E-3,-7.323687430E-3,-8.122635074E-3
3.144777072E1,-3.062632866E-3,1.331579551E-4,-4.926844500E-3
3.146803963E1,-2.530001104E-3,6.657897611E-4,-1.731053460E-3
3.148830853E1,-3.595264861E-3,-2.530001104E-3,3.994738800E-4
3.150857739E1,-4.127896391E-3,-5.193160381E-3,-1.198421582E-3
3.152884635E1,-5.725792143E-3,-5.725792143E-3,-3.861580743E-3
3.154911525E1,-5.193160381E-3,-2.530001104E-3,-4.394212738E-3
3.156938416E1,-5.725792143E-3,-3.994738800E-4,-2.796316985E-3
3.158965312E1,-4.127896391E-3,1.198421582E-3,-1.198421582E-3
3.160992202E1,-9.321057005E-4,-3.994738800E-4,-1.198421582E-3
3.163019093E1,-9.321057005E-4,-4.660528619E-3,-1.198421582E-3
3.165045989E1,-3.994738800E-4,-6.791055668E-3,-1.731053460E-3
3.167072880E1,-2.530001104E-3,-4.660528619E-3,-3.328948980E-3
3.169099775E1,-3.062632866E-3,-3.994738800E-4,-5.992108025E-3
3.171126666E1,-9.321057005E-4,-1.464737463E-3,-5.459476262E-3
3.173153557E1,-3.994738800E-4,-4.127896391E-3,-5.459476262E-3
3.175180452E1,-3.994738800E-4,-3.062632866E-3,-5.459476262E-3
3.177207348E1,6.657897611E-4,1.331579551E-4,-5.992108025E-3
3.179234239E1,-9.321057005E-4,3.328948980E-3,-5.992108025E-3
3.181261135E1,1.331579551E-4,4.394212738E-3,-1.198421582E-3
3.183288025E1,1.198421582E-3,6.657897611E-4,3.595264861E-3
3.185314921E1,1.198421582E-3,1.731053460E-3,6.791055668E-3
3.187341817E1,-9.321057005E-4,1.198421582E-3,8.388951421E-3
3.189381817E1,-4.127896391E-3,-5.725792143E-3,4.660528619E-3
3.191395603E1,-8.388951421E-3,-1.371526904E-2,-2.796316985E-3
3.193435603E1,-9.321057238E-3,-1.584579609E-2,-1.078579482E-2
3.195449395E1,-8.921583183E-3,-1.478053257E-2,-1.238369010E-2
3.197476286E1,-6.791055668E-3,-1.265000552E-2,-7.590003312E-3
3.199503182E1,-5.193160381E-3,-5.725792143E-3,-6.657897611E-4
3.201530077E1,-1.997369342E-3,1.331579551E-4,5.193160381E-3
3.203556973E1,2.263685223E-3,4.926844500E-3,6.791055668E-3
3.205583869E1,2.263685223E-3,7.057371549E-3,4.127896391E-3
3.207623869E1,-9.321057005E-4,4.394212738E-3,9.321057005E-4
3.209637656E1,-9.321057005E-4,6.657897611E-4,3.994738800E-4
3.211664551E1,1.331579551E-4,-3.062632866E-3,-6.657897611E-4
3.213691447E1,2.263685223E-3,-3.062632866E-3,-1.731053460E-3
3.215718343E1,2.796316985E-3,-3.994738800E-4,-3.328948980E-3
3.217745239E1,2.263685223E-3,1.731053460E-3,-4.394212738E-3
3.219772135E1,1.198421582E-3,-9.321057005E-4,-1.731053460E-3
3.221799030E1,6.657897611E-4,-4.127896391E-3,9.321057005E-4
3.223825926E1,-9.321057005E-4,-4.660528619E-3,5.725792143E-3
3.225852822E1,-3.994738800E-4,-6.258423906E-3,7.323687430E-3
3.227879718E1,2.263685223E-3,-3.062632866E-3,6.258423906E-3
3.229906614E1,3.328948980E-3,2.796316985E-3,4.127896391E-3
3.231933515E1,3.861580743E-3,7.590003312E-3,1.464737463E-3
3.233960411E1,3.861580743E-3,7.057371549E-3,-6.657897611E-4
3.235987307E1,2.796316985E-3,3.861580743E-3,-2.796316985E-3
3.238014202E1,6.657897611E-4,1.731053460E-3,-1.198421582E-3
3.240041098E1,1.331579551E-4,3.861580743E-3,9.321057005E-4
3.242067994E1,-9.321057005E-4,1.731053460E-3,1.997369342E-3
3.244107994E1,1.331579551E-4,4.926844500E-3,9.321057005E-4
3.246121791E1,-1.997369342E-3,3.861580743E-3,-1.331579551E-4
3.248148687E1,-8.921583183E-3,-8.388951421E-3,-3.328948980E-3
3.250175583E1,-1.251684781E-2,-1.691105962E-2,-1.078579482E-2
3.252215583E1,-7.856319658E-3,-1.637842879E-2,-1.664474420E-2
3.254229380E1,-3.062632866E-3,-1.265000552E-2,-1.611211337E-2
3.256256275E1,-9.321057005E-4,-5.725792143E-3,-8.122635074E-3
3.258283171E1,1.331579551E-4,4.394212738E-3,-1.331579551E-4
3.260310067E1,6.657897611E-4,1.238369010E-2,8.388951421E-3
3.262350067E1,2.263685223E-3,1.451421715E-2,1.318263728E-2
3.264363859E1,1.331579551E-4,1.078579482E-2,1.371526904E-2
3.266390760E1,-3.062632866E-3,6.524739787E-3,9.986846708E-3
3.268417661E1,-7.856319658E-3,4.926844500E-3,5.725792143E-3
3.270444557E1,-6.258423906E-3,-9.321057005E-4,-1.331579551E-4
3.272484557E1,1.331579551E-4,-4.660528619E-3,-3.861580743E-3
3.274498353E1,1.331579551E-4,-5.193160381E-3,-6.524739787E-3
3.276525249E1,-3.994738800E-4,-5.193160381E-3,-7.057371549E-3
3.278552145E1,6.657897611E-4,-9.321057005E-4,-3.861580743E-3
3.280579046E1,2.263685223E-3,4.394212738E-3,9.321057005E-4
3.282605942E1,4.926844500E-3,3.861580743E-3,4.660528619E-3
3.284632838E1,2.796316985E-3,3.861580743E-3,8.921583183E-3
3.286659739E1,1.731053460E-3,2.796316985E-3,9.986846708E-3
3.288686635E1,1.331579551E-4,1.198421582E-3,7.856319658E-3
3.290713536E1,-1.997369342E-3,1.198421582E-3,3.062632866E-3
3.292740432E1,-9.321057005E-4,6.657897611E-4,-1.331579551E-4
3.294767327E1,6.657897611E-4,-1.464737463E-3,-2.796316985E-3
3.296794228E1,-3.994738800E-4,-1.464737463E-3,-3.861580743E-3
3.298821124E1,6.657897611E-4,1.731053460E-3,-1.731053460E-3
3.300848020E1,1.331579551E-4,1.731053460E-3,3.994738800E-4
3.302874921E1,1.331579551E-4,2.796316985E-3,1.997369342E-3
3.304901817E1,1.731053460E-3,6.657897611E-4,2.530001104E-3
3.306928718E1,-3.062632866E-3,-3.062632866E-3,-6.657897611E-4
3.308955614E1,-5.725792143E-3,-1.211737376E-2,-7.057371549E-3
3.310982515E1,-3.062632866E-3,-1.265000552E-2,-1.291632187E-2
3.313009411E1,-1.997369342E-3,-9.454214945E-3,-1.344895363E-2
3.315036312E1,-1.464737463E-3,-3.595264861E-3,-5.459476262E-3
3.317063208E1,-4.660528619E-3,5.992108025E-3,3.595264861E-3
3.319090103E1,-2.530001104E-3,8.122635074E-3,1.158474199E-2
3.321117004E1,1.331579551E-4,2.796316985E-3,1.265000552E-2
3.323143900E1,1.331579551E-4,-3.994738800E-4,9.986846708E-3
3.325170801E1,6.657897611E-4,-2.530001104E-3,3.062632866E-3
3.327197697E1,-9.321057005E-4,-1.464737463E-3,-2.263685223E-3
3.329224598E1,-3.994738800E-4,1.331579551E-4,-6.524739787E-3
3.331251494E1,5.459476262E-3,2.263685223E-3,-4.926844500E-3
3.333278395E1,5.459476262E-3,3.861580743E-3,-4.926844500E-3
3.335305291E1,5.459476262E-3,1.198421582E-3,-6.657897611E-4
3.337332192E1,2.796316985E-3,1.731053460E-3,1.997369342E-3
3.339359083E1,1.331579551E-4,5.459476262E-3,5.193160381E-3
3.341385989E1,6.657897611E-4,7.590003312E-3,6.258423906E-3
3.343412885E1,2.796316985E-3,8.655266836E-3,9.454214945E-3
3.345439786E1,4.926844500E-3,1.078579482E-2,1.105211023E-2
3.347466682E1,8.655266836E-3,1.025316212E-2,1.318263728E-2
3.349493583E1,1.025316212E-2,1.131842658E-2,1.371526904E-2
3.351520478E1,1.131842658E-2,1.344895363E-2,1.158474199E-2
3.353547380E1,1.238369010E-2,1.611211337E-2,1.158474199E-2
3.355574275E1,1.344895363E-2,1.504684892E-2,1.424790081E-2
3.357601171E1,1.504684892E-2,1.717737690E-2,1.478053257E-2
3.359628072E1,1.611211337E-2,1.930790395E-2,1.371526904E-2
3.361654968E1,1.664474420E-2,1.771000773E-2,1.158474199E-2
3.363681869E1,2.197106183E-2,1.984053478E-2,9.454214945E-3
3.365708765E1,1.984053478E-2,2.037316747E-2,7.323687430E-3
3.367735666E1,1.344895363E-2,1.771000773E-2,-1.331579551E-4
3.372300098E1,9.187898599E-3,1.451421715E-2,-1.331579551E-4
3.374316437E1,1.025316212E-2,1.344895363E-2,6.258423906E-3
3.376341333E1,1.557948068E-2,1.451421715E-2,1.371526904E-2
3.378370218E1,1.984053478E-2,2.090579830E-2,1.797632314E-2
3.380397062E1,2.090579830E-2,2.410159074E-2,2.010685205E-2
3.382423952E1,1.984053478E-2,2.197106183E-2,1.904158667E-2
3.384450848E1,1.664474420E-2,1.984053478E-2,1.478053257E-2
3.386477744E1,1.238369010E-2,1.664474420E-2,9.454214945E-3
3.388504645E1,1.131842658E-2,1.344895363E-2,6.258423906E-3
3.390531541E1,1.344895363E-2,1.557948068E-2,3.062632866E-3
3.392558437E1,1.664474420E-2,1.877527125E-2,4.127896391E-3
3.394585338E1,1.771000773E-2,1.984053478E-2,7.323687430E-3
3.396612234E1,1.557948068E-2,1.557948068E-2,1.051947847E-2
3.398652234E1,1.344895363E-2,1.238369010E-2,1.158474199E-2
3.400666031E1,1.238369010E-2,1.131842658E-2,1.265000552E-2
3.402706030E1,1.238369010E-2,1.344895363E-2,1.371526904E-2
3.404719827E1,1.451421715E-2,1.877527125E-2,1.478053257E-2
3.406746723E1,1.664474420E-2,1.984053478E-2,1.584579609E-2
3.408773619E1,1.664474420E-2,1.984053478E-2,1.478053257E-2
3.410800515E1,1.664474420E-2,2.090579830E-2,1.478053257E-2
3.412840515E1,1.877527125E-2,2.410159074E-2,1.158474199E-2
3.414854312E1,1.984053478E-2,2.303632535E-2,8.388951421E-3
3.416881208E1,1.664474420E-2,2.090579830E-2,1.051947847E-2
3.418908103E1,1.131842658E-2,1.984053478E-2,1.691105962E-2
3.420934999E1,5.992108025E-3,1.557948068E-2,1.797632314E-2
3.422974999E1,5.992108025E-3,1.451421715E-2,1.158474199E-2
3.424988796E1,1.451421715E-2,1.557948068E-2,6.258423906E-3
3.427015692E1,1.344895363E-2,1.451421715E-2,9.321057005E-4
3.429042588E1,5.992108025E-3,7.057371549E-3,1.997369342E-3
3.431069489E1,6.657897611E-4,4.926844500E-3,7.323687430E-3
3.433109489E1,2.796316985E-3,9.187898599E-3,1.051947847E-2
3.435123280E1,1.131842658E-2,1.344895363E-2,9.454214945E-3
3.437150176E1,1.877527125E-2,2.197106183E-2,5.193160381E-3
3.439177077E1,1.984053478E-2,2.197106183E-2,5.193160381E-3
3.441203973E1,1.344895363E-2,1.344895363E-2,8.388951421E-3
3.443230869E1,7.057371549E-3,8.122635074E-3,8.388951421E-3
3.445257765E1,1.731053460E-3,4.926844500E-3,6.258423906E-3
3.447284661E1,6.657897611E-4,6.657897611E-4,4.127896391E-3
3.449311557E1,1.731053460E-3,-3.994738800E-4,1.997369342E-3
3.451338452E1,6.657897611E-4,-3.994738800E-4,9.321057005E-4
3.453365348E1,-3.994738800E-4,-3.595264861E-3,-2.263685223E-3
3.455392244E1,-2.530001104E-3,-6.791055668E-3,-2.263685223E-3
3.457419145E1,-4.660528619E-3,-8.921583183E-3,-1.198421582E-3
3.459446041E1,-4.660528619E-3,-6.791055668E-3,-4.394212738E-3
3.461472937E1,-6.791055668E-3,-4.660528619E-3,-4.394212738E-3
3.463499833E1,-5.725792143E-3,-4.660528619E-3,-4.394212738E-3
3.465526728E1,-1.464737463E-3,-3.595264861E-3,-2.263685223E-3
3.467553624E1,2.796316985E-3,2.796316985E-3,9.321057005E-4
3.469580520E1,7.057371549E-3,1.025316212E-2,3.062632866E-3
3.471607416E1,7.057371549E-3,1.451421715E-2,6.258423906E-3
3.473634312E1,7.057371549E-3,1.238369010E-2,9.454214945E-3
3.475661208E1,9.187898599E-3,1.238369010E-2,1.158474199E-2
3.477688103E1,1.131842658E-2,1.557948068E-2,1.371526904E-2
3.479714999E1,1.238369010E-2,1.771000773E-2,1.371526904E-2
3.481741895E1,1.771000773E-2,1.984053478E-2,1.051947847E-2
3.483768791E1,2.197106183E-2,2.197106183E-2,7.323687430E-3
3.485795687E1,1.557948068E-2,1.238369010E-2,3.062632866E-3
3.487822583E1,5.992108025E-3,1.731053460E-3,1.997369342E-3
3.489849478E1,2.796316985E-3,5.992108025E-3,4.127896391E-3
3.491876374E1,5.992108025E-3,1.344895363E-2,5.193160381E-3
3.493903270E1,1.451421715E-2,1.664474420E-2,4.127896391E-3
3.495930166E1,1.557948068E-2,1.664474420E-2,9.321057005E-4
3.497957062E1,4.926844500E-3,3.861580743E-3,-1.331579551E-4
3.499983958E1,-8.921583183E-3,-1.105211023E-2,9.321057005E-4
3.502010848E1,-1.304947957E-2,-1.637842879E-2,1.997369342E-3
3.504037744E1,-1.091895252E-2,-1.318263728E-2,1.997369342E-3
3.506064640E1,-8.921583183E-3,-1.105211023E-2,-1.198421582E-3
3.508091536E1,-6.791055668E-3,-9.986846708E-3,-5.459476262E-3
3.510118432E1,-8.921583183E-3,-1.211737376E-2,-8.655266836E-3
3.512145322E1,-1.304947957E-2,-1.744369231E-2,-8.655266836E-3
3.514172218E1,-1.411474310E-2,-2.063948289E-2,-8.655266836E-3
3.516199114E1,-1.304947957E-2,-1.850895584E-2,-6.524739787E-3
3.518226010E1,-1.411474310E-2,-1.744369231E-2,-4.394212738E-3
3.520252906E1,-1.411474310E-2,-1.850895584E-2,-3.328948980E-3
3.522279796E1,-1.624527015E-2,-1.957421936E-2,-6.524739787E-3
3.524306692E1,-1.837579720E-2,-2.277000993E-2,-1.078579482E-2
3.526333588E1,-2.263685316E-2,-2.703106403E-2,-1.504684892E-2
3.528360478E1,-2.583264373E-2,-3.129211813E-2,-2.250369452E-2
3.530387374E1,-2.689790726E-2,-3.129211813E-2,-2.783001214E-2
3.532414270E1,-2.689790726E-2,-2.703106403E-2,-3.422159329E-2
3.534441161E1,-2.263685316E-2,-2.063948289E-2,-4.274370521E-2
3.536468057E1,-1.411474310E-2,-1.105211023E-2,-4.700475931E-2
3.538494952E1,-4.660528619E-3,-4.660528619E-3,-3.635212034E-2
3.540521843E1,2.796316985E-3,1.731053460E-3,-1.611211337E-2
3.542548739E1,2.796316985E-3,3.861580743E-3,5.193160381E-3
3.544575635E1,-9.853689000E-3,-2.530001104E-3,1.691105962E-2
3.546602525E1,-1.837579720E-2,-1.957421936E-2,1.158474199E-2
3.548629421E1,-1.518000662E-2,-2.063948289E-2,9.321057005E-4
3.550656312E1,-5.725792143E-3,-1.211737376E-2,-4.394212738E-3
3.552696312E1,2.796316985E-3,-1.464737463E-3,-6.524739787E-3
3.554710103E1,8.122635074E-3,1.344895363E-2,-6.524739787E-3
3.556736994E1,8.122635074E-3,1.451421715E-2,-6.524739787E-3
3.558763890E1,3.861580743E-3,3.861580743E-3,-5.459476262E-3
3.560790780E1,6.657897611E-4,-3.595264861E-3,-7.590003312E-3
3.562830781E1,-3.595264861E-3,-4.660528619E-3,-6.524739787E-3
3.564844567E1,-5.725792143E-3,-2.530001104E-3,-5.459476262E-3
3.566871463E1,-2.530001104E-3,-2.530001104E-3,-4.394212738E-3
3.568898353E1,-1.464737463E-3,-2.530001104E-3,-3.328948980E-3
3.570925249E1,-2.530001104E-3,-1.464737463E-3,-4.394212738E-3
3.572965249E1,6.657897611E-4,1.731053460E-3,-3.328948980E-3
3.574979031E1,1.731053460E-3,2.796316985E-3,-1.331579551E-4
3.577005926E1,6.657897611E-4,-3.994738800E-4,1.997369342E-3
3.579028885E1,-3.994738800E-4,6.657897611E-4,4.127896391E-3
3.581059708E1,-3.994738800E-4,3.861580743E-3,4.127896391E-3
3.583086598E1,-1.464737463E-3,2.796316985E-3,3.062632866E-3
3.585113494E1,1.731053460E-3,6.657897611E-4,-1.198421582E-3
3.587140385E1,4.926844500E-3,6.657897611E-4,-1.198421582E-3
3.589167286E1,2.796316985E-3,6.657897611E-4,-2.263685223E-3
3.591194176E1,2.796316985E-3,6.657897611E-4,-5.459476262E-3
3.593234176E1,2.796316985E-3,3.861580743E-3,-4.394212738E-3
3.595247963E1,1.731053460E-3,4.926844500E-3,-2.263685223E-3
3.597274853E1,-3.994738800E-4,1.731053460E-3,1.997369342E-3
3.599301749E1,-2.530001104E-3,-4.660528619E-3,4.127896391E-3
3.601328640E1,-3.595264861E-3,-7.856319658E-3,5.193160381E-3
3.603355530E1,-5.725792143E-3,-1.318263728E-2,-1.331579551E-4
3.605382426E1,-6.791055668E-3,-1.531316526E-2,-9.720530361E-3
3.607409317E1,-2.530001104E-3,-4.660528619E-3,-1.824264042E-2
3.609436208E1,3.861580743E-3,7.057371549E-3,-1.291632187E-2
3.611463103E1,5.992108025E-3,9.187898599E-3,-5.459476262E-3
3.613489994E1,6.657897611E-4,1.731053460E-3,1.997369342E-3
3.615516885E1,-6.791055668E-3,-8.921583183E-3,3.062632866E-3
3.617543780E1,-6.791055668E-3,-7.856319658E-3,9.321057005E-4
3.619570671E1,-1.464737463E-3,3.861580743E-3,-1.198421582E-3
3.621597562E1,-3.994738800E-4,4.926844500E-3,-1.331579551E-4
3.623624452E1,-2.530001104E-3,-3.994738800E-4,-1.331579551E-4
3.625651348E1,-2.530001104E-3,-2.530001104E-3,9.321057005E-4
3.627678239E1,-1.464737463E-3,-3.595264861E-3,9.321057005E-4
3.629705130E1,-3.994738800E-4,-2.530001104E-3,-3.328948980E-3
3.631732020E1,-1.464737463E-3,-3.994738800E-4,-4.394212738E-3
3.633758916E1,-1.464737463E-3,1.731053460E-3,-3.328948980E-3
3.635785807E1,-3.595264861E-3,-3.994738800E-4,-1.331579551E-4
3.637812697E1,-5.725792143E-3,-6.791055668E-3,-1.331579551E-4
3.639839588E1,-4.660528619E-3,-9.986846708E-3,-2.263685223E-3
3.641866478E1,-2.530001104E-3,-6.791055668E-3,-2.263685223E-3
3.643893369E1,6.657897611E-4,-1.464737463E-3,-2.263685223E-3
3.645920260E1,1.731053460E-3,2.796316985E-3,-2.263685223E-3
3.647947156E1,6.657897611E-4,4.926844500E-3,-2.263685223E-3
3.649987156E1,-3.994738800E-4,3.861580743E-3,-1.198421582E-3
3.652000937E1,-3.994738800E-4,6.657897611E-4,-1.331579551E-4
3.654027827E1,1.731053460E-3,6.657897611E-4,-1.331579551E-4
3.656054718E1,5.992108025E-3,2.796316985E-3,9.321057005E-4
3.658081609E1,3.861580743E-3,5.992108025E-3,9.321057005E-4
3.660108499E1,1.731053460E-3,3.861580743E-3,3.062632866E-3
3.662135390E1,-4.660528619E-3,-3.595264861E-3,1.997369342E-3
3.664162281E1,-1.304947957E-2,-1.744369231E-2,-4.394212738E-3
3.666189171E1,-1.411474310E-2,-1.957421936E-2,-1.291632187E-2
3.668216062E1,-6.791055668E-3,-9.986846708E-3,-1.398158539E-2
3.670242952E1,-2.530001104E-3,-3.595264861E-3,-6.524739787E-3
3.672269843E1,-3.595264861E-3,-3.994738800E-4,9.321057005E-4
3.674296734E1,-4.660528619E-3,1.731053460E-3,5.193160381E-3
3.676323624E1,6.657897611E-4,-3.994738800E-4,1.051947847E-2
3.678350515E1,1.731053460E-3,-6.791055668E-3,1.051947847E-2
3.680377400E1,-3.595264861E-3,-9.986846708E-3,9.454214945E-3
3.682404296E1,-7.856319658E-3,-4.660528619E-3,4.127896391E-3
3.684431182E1,-5.725792143E-3,6.657897611E-4,-1.331579551E-4
3.686458072E1,6.657897611E-4,-3.994738800E-4,-4.394212738E-3
3.688484963E1,1.731053460E-3,-6.791055668E-3,-8.655266836E-3
3.690511853E1,-3.994738800E-4,-8.921583183E-3,-7.590003312E-3
3.692538744E1,-1.464737463E-3,-4.660528619E-3,-3.328948980E-3
3.694565635E1,-3.994738800E-4,1.731053460E-3,-1.198421582E-3
3.696592520E1,1.731053460E-3,2.796316985E-3,3.062632866E-3
3.698619411E1,1.731053460E-3,6.657897611E-4,6.258423906E-3
3.700646301E1,-3.994738800E-4,1.731053460E-3,6.258423906E-3
3.702686301E1,-2.530001104E-3,2.796316985E-3,6.258423906E-3
3.704700077E1,-2.530001104E-3,6.657897611E-4,5.193160381E-3
3.706726968E1,-4.660528619E-3,-2.530001104E-3,9.321057005E-4
3.708753859E1,-7.856319658E-3,-8.921583183E-3,-3.328948980E-3
3.710780744E1,-1.304947957E-2,-1.531316526E-2,-5.459476262E-3
3.712820744E1,-1.837579720E-2,-1.637842879E-2,-8.655266836E-3
3.714834525E1,-1.518000662E-2,-1.105211023E-2,-1.078579482E-2
3.716874525E1,-1.198421605E-2,-6.791055668E-3,-1.185105834E-2
3.718888301E1,-8.921583183E-3,-6.791055668E-3,-1.291632187E-2
3.720915192E1,-4.660528619E-3,-8.921583183E-3,-1.078579482E-2
3.722955192E1,-9.853689000E-3,-1.105211023E-2,-8.655266836E-3
3.724968968E1,-1.837579720E-2,-1.744369231E-2,-1.185105834E-2
3.726995853E1,-1.731053367E-2,-1.957421936E-2,-1.611211337E-2
3.729022744E1,-1.198421605E-2,-1.637842879E-2,-1.611211337E-2
3.731049630E1,-6.791055668E-3,-1.105211023E-2,-1.291632187E-2
3.733089630E1,-4.660528619E-3,-3.595264861E-3,-6.524739787E-3
3.735103411E1,-3.595264861E-3,-3.994738800E-4,-1.331579551E-4
3.737130301E1,-2.530001104E-3,-3.595264861E-3,4.127896391E-3
3.739157187E1,-3.595264861E-3,-6.791055668E-3,4.127896391E-3
3.741184072E1,-7.856319658E-3,-9.986846708E-3,-1.198421582E-3
3.743210963E1,-7.856319658E-3,-7.856319658E-3,-6.524739787E-3
3.745237848E1,-6.791055668E-3,-2.530001104E-3,-9.720530361E-3
3.747264739E1,-1.464737463E-3,6.657897611E-4,-9.720530361E-3
3.749291630E1,6.657897611E-4,6.657897611E-4,-8.655266836E-3
3.751318515E1,6.657897611E-4,-3.595264861E-3,-5.459476262E-3
3.753345400E1,-2.530001104E-3,-7.856319658E-3,-3.328948980E-3
3.755372291E1,-4.660528619E-3,-5.725792143E-3,-2.263685223E-3
3.757399176E1,-6.791055668E-3,-2.530001104E-3,-2.263685223E-3
3.759426067E1,-4.660528619E-3,-1.464737463E-3,-1.331579551E-4
3.761452952E1,-1.464737463E-3,-3.595264861E-3,9.321057005E-4
3.763479843E1,-3.994738800E-4,-4.660528619E-3,9.321057005E-4
3.765506728E1,-1.464737463E-3,-3.595264861E-3,-1.198421582E-3
3.767533614E1,-1.464737463E-3,-3.994738800E-4,-4.394212738E-3
3.769560504E1,6.657897611E-4,3.861580743E-3,-7.590003312E-3
3.771587390E1,1.731053460E-3,3.861580743E-3,-4.394212738E-3
3.773614275E1,2.796316985E-3,6.657897611E-4,-1.331579551E-4
3.775641166E1,6.657897611E-4,-1.464737463E-3,3.062632866E-3
3.777668051E1,-3.994738800E-4,-3.994738800E-4,1.997369342E-3
3.779694942E1,6.657897611E-4,4.926844500E-3,-1.198421582E-3
3.781721827E1,6.657897611E-4,3.861580743E-3,-3.328948980E-3
3.783748713E1,-5.725792143E-3,-6.791055668E-3,-6.524739787E-3
3.785775603E1,-1.091895252E-2,-1.531316526E-2,-1.078579482E-2
3.787802489E1,-8.921583183E-3,-1.424790081E-2,-1.504684892E-2
3.789829374E1,-6.791055668E-3,-1.105211023E-2,-1.185105834E-2
3.791856265E1,-4.660528619E-3,-5.725792143E-3,-3.328948980E-3
3.793883150E1,-4.660528619E-3,6.657897611E-4,5.193160381E-3
3.795910036E1,-1.464737463E-3,2.796316985E-3,1.265000552E-2
3.797936921E1,6.657897611E-4,6.657897611E-4,1.478053257E-2
3.799963812E1,6.657897611E-4,6.657897611E-4,1.051947847E-2
3.801990697E1,1.731053460E-3,6.657897611E-4,3.062632866E-3
3.804017583E1,6.657897611E-4,6.657897611E-4,-4.394212738E-3
3.806057583E1,1.731053460E-3,1.731053460E-3,-6.524739787E-3
3.808071353E1,1.731053460E-3,-3.994738800E-4,-4.394212738E-3
3.810111353E1,6.657897611E-4,-2.530001104E-3,-1.198421582E-3
3.812125130E1,-3.994738800E-4,-2.530001104E-3,-1.331579551E-4
3.814152015E1,-2.530001104E-3,-3.595264861E-3,9.321057005E-4
3.816178900E1,-3.994738800E-4,-2.530001104E-3,1.997369342E-3
3.818205786E1,1.731053460E-3,1.731053460E-3,4.127896391E-3
3.820232676E1,4.926844500E-3,5.992108025E-3,7.323687430E-3
3.822259562E1,7.057371549E-3,9.187898599E-3,1.051947847E-2
3.824286447E1,9.187898599E-3,1.131842658E-2,1.265000552E-2
3.826313333E1,8.122635074E-3,1.238369010E-2,1.371526904E-2
3.828340218E1,8.122635074E-3,1.238369010E-2,1.371526904E-2
3.830367103E1,9.187898599E-3,1.238369010E-2,1.478053257E-2
3.832393989E1,1.025316212E-2,1.131842658E-2,1.584579609E-2
3.834420874E1,1.344895363E-2,1.344895363E-2,1.691105962E-2
3.836447765E1,1.557948068E-2,1.451421715E-2,1.478053257E-2
3.838474645E1,1.557948068E-2,1.877527125E-2,1.158474199E-2
3.840501530E1,1.344895363E-2,1.877527125E-2,1.051947847E-2
3.842528421E1,9.187898599E-3,1.451421715E-2,8.388951421E-3
3.844555307E1,3.861580743E-3,2.796316985E-3,6.258423906E-3
3.846582192E1,3.861580743E-3,-3.994738800E-4,4.127896391E-3
3.848609077E1,2.796316985E-3,1.731053460E-3,6.258423906E-3
3.850635963E1,3.861580743E-3,4.926844500E-3,1.158474199E-2
3.852675963E1,1.131842658E-2,1.344895363E-2,1.584579609E-2
3.854689734E1,1.557948068E-2,1.771000773E-2,2.010685205E-2
3.856716619E1,1.984053478E-2,1.771000773E-2,1.904158667E-2
3.858743504E1,1.771000773E-2,1.877527125E-2,1.478053257E-2
3.860770390E1,1.451421715E-2,2.090579830E-2,1.158474199E-2
3.862810390E1,1.131842658E-2,1.771000773E-2,9.454214945E-3
3.864824161E1,1.451421715E-2,1.664474420E-2,8.388951421E-3
3.866851046E1,1.877527125E-2,1.557948068E-2,1.051947847E-2
3.868877932E1,1.664474420E-2,1.451421715E-2,1.158474199E-2
3.870904817E1,1.344895363E-2,1.131842658E-2,1.265000552E-2
3.872944817E1,9.187898599E-3,1.025316212E-2,1.478053257E-2
3.874958588E1,8.122635074E-3,1.025316212E-2,1.478053257E-2
3.876985473E1,1.025316212E-2,1.131842658E-2,1.478053257E-2
3.879012359E1,1.344895363E-2,1.238369010E-2,1.371526904E-2
3.881039244E1,1.451421715E-2,1.131842658E-2,1.478053257E-2
3.883066130E1,1.344895363E-2,1.451421715E-2,1.265000552E-2
3.885093015E1,1.344895363E-2,2.090579830E-2,9.454214945E-3
3.887119895E1,1.664474420E-2,2.623211779E-2,7.323687430E-3
3.889146786E1,1.984053478E-2,2.197106183E-2,7.323687430E-3
3.891173671E1,1.984053478E-2,1.664474420E-2,1.051947847E-2
3.893213671E1,1.771000773E-2,1.557948068E-2,1.265000552E-2
3.895227442E1,1.238369010E-2,1.451421715E-2,1.371526904E-2
3.897254327E1,1.238369010E-2,1.557948068E-2,1.158474199E-2
3.899281213E1,1.557948068E-2,1.984053478E-2,1.051947847E-2
3.901308093E1,1.344895363E-2,1.344895363E-2,9.454214945E-3
3.903334984E1,3.861580743E-3,3.861580743E-3,1.051947847E-2
3.905361869E1,-3.994738800E-4,2.796316985E-3,9.454214945E-3
3.907388749E1,2.796316985E-3,3.861580743E-3,9.454214945E-3
3.909415635E1,1.131842658E-2,9.187898599E-3,7.323687430E-3
3.911442520E1,1.664474420E-2,1.877527125E-2,6.258423906E-3
3.913469406E1,1.664474420E-2,1.771000773E-2,7.323687430E-3
3.915496291E1,1.025316212E-2,1.025316212E-2,8.388951421E-3
3.917523176E1,2.796316985E-3,5.992108025E-3,8.388951421E-3
3.919550062E1,6.657897611E-4,2.796316985E-3,7.323687430E-3
3.921576942E1,-2.530001104E-3,-4.660528619E-3,5.193160381E-3
3.923603827E1,-7.856319658E-3,-1.318263728E-2,1.997369342E-3
3.925630713E1,-1.731053367E-2,-2.809632942E-2,-1.198421582E-3
3.927670713E1,-2.689790726E-2,-4.301001877E-2,-4.394212738E-3
3.929684484E1,-3.222422674E-2,-5.472791940E-2,-5.459476262E-3
3.931711369E1,-3.755054250E-2,-5.472791940E-2,-1.185105834E-2
3.933738249E1,-4.500738904E-2,-4.194475710E-2,-1.398158539E-2
3.935765135E1,-4.181159660E-2,-2.703106403E-2,-1.078579482E-2
3.937792020E1,-3.542001545E-2,-3.235738352E-2,-6.524739787E-3
3.939818906E1,-2.583264373E-2,-4.301001877E-2,-4.394212738E-3
3.941845791E1,-1.198421605E-2,-2.596580051E-2,-9.720530361E-3
3.943872676E1,1.731053460E-3,8.122635074E-3,-1.930790395E-2
3.945899562E1,1.025316212E-2,2.836264484E-2,-2.676474862E-2
3.947926442E1,1.238369010E-2,2.410159074E-2,-3.209106624E-2
3.949953327E1,1.025316212E-2,1.131842658E-2,-3.315633163E-2
3.951980213E1,1.731053460E-3,-1.464737463E-3,-3.635212034E-2
3.954007098E1,-3.994738800E-4,1.731053460E-3,-4.274370521E-2
3.956033978E1,1.131842658E-2,1.984053478E-2,-4.807002097E-2
3.958060864E1,2.090579830E-2,1.984053478E-2,-5.126581341E-2
3.960087749E1,9.187898599E-3,-1.637842879E-2,-5.020054802E-2
3.962134963E1,-1.518000662E-2,-4.833633825E-2,-4.807002097E-2
3.965668385E1,-1.571263932E-2,5.992108025E-3,-3.741738573E-2
3.967695353E1,6.657897611E-4,2.197106183E-2,-2.143843099E-2
3.969722182E1,2.263685223E-3,5.459476262E-3,1.997369342E-3
3.971749062E1,-5.725792143E-3,-2.969422378E-2,2.223737910E-2
3.973775937E1,-9.853689000E-3,-4.620581120E-2,2.649843320E-2
3.975802822E1,-5.193160381E-3,-3.448791057E-2,2.543316968E-2
3.977829708E1,1.291632187E-2,-1.265000552E-2,2.383527346E-2
3.979856593E1,2.942790836E-2,1.451421715E-2,2.543316968E-2
3.981883478E1,3.848264739E-2,3.315633163E-2,2.383527346E-2
3.983910359E1,3.581948951E-2,3.049317189E-2,1.265000552E-2
3.985937244E1,2.569948509E-2,1.717737690E-2,-3.861580743E-3
3.987964130E1,9.187898599E-3,1.731053460E-3,-1.504684892E-2
3.989991010E1,-4.127896391E-3,-1.531316526E-2,-1.771000773E-2
3.992017895E1,-1.198421605E-2,-2.756369673E-2,-1.291632187E-2
3.994044781E1,-1.251684781E-2,-2.969422378E-2,-4.926844500E-3
3.996071661E1,-6.791055668E-3,-2.330264263E-2,-6.657897611E-4
3.998098546E1,-1.464737463E-3,-7.856319658E-3,3.595264861E-3
4.000125432E1,1.331579551E-4,4.926844500E-3,8.388951421E-3
4.002165432E1,-1.464737463E-3,1.198421582E-3,1.424790081E-2
4.004179197E1,-7.323687430E-3,-7.856319658E-3,2.170474641E-2
4.006219197E1,-1.411474310E-2,-1.957421936E-2,3.022685647E-2
4.008232963E1,-1.411474310E-2,-2.330264263E-2,3.182475269E-2
4.010259848E1,-1.304947957E-2,-2.383527346E-2,2.862896025E-2
4.012299848E1,-9.853689000E-3,-1.691105962E-2,2.436790615E-2
4.014329406E1,-1.091895252E-2,-6.791055668E-3,1.424790081E-2
4.016340557E1,-1.304947957E-2,1.331579551E-4,-1.331579551E-4
4.018367432E1,-1.038632076E-2,-4.127896391E-3,-1.557948068E-2
4.020394301E1,-3.595264861E-3,-8.388951421E-3,-2.410159074E-2
4.022434301E1,1.331579551E-4,-1.637842879E-2,-2.143843099E-2
4.024448062E1,-3.595264861E-3,-1.904158667E-2,-1.877527125E-2
4.026474937E1,-7.856319658E-3,-7.323687430E-3,-2.090579830E-2
4.028501812E1,-8.388951421E-3,8.122635074E-3,-2.197106183E-2
4.030528692E1,-5.725792143E-3,1.877527125E-2,-2.250369452E-2
4.032568692E1,-3.595264861E-3,1.291632187E-2,-2.197106183E-2
4.034582458E1,-1.145158429E-2,-5.193160381E-3,-1.877527125E-2
4.036609333E1,-1.944106072E-2,-1.691105962E-2,-1.344895363E-2
4.038636218E1,-2.210422046E-2,-2.010685205E-2,-9.720530361E-3
4.040663098E1,-1.997369342E-2,-1.371526904E-2,-4.926844500E-3
4.042689984E1,-1.571263932E-2,-8.388951421E-3,-3.861580743E-3
4.044716864E1,-1.145158429E-2,-6.258423906E-3,-2.796316985E-3
4.046743749E1,-1.038632076E-2,-6.791055668E-3,-7.057371549E-3
4.048770630E1,-7.856319658E-3,-1.464737463E-3,-2.263685223E-3
4.050797510E1,-3.994738800E-4,2.516685426E-2,9.454214945E-3
4.052824390E1,2.090579830E-2,6.564687192E-2,2.862896025E-2
4.054851275E1,5.179844424E-2,8.641951531E-2,6.098634377E-2
4.056878156E1,5.872265995E-2,8.269108832E-2,9.187898785E-2
4.058905041E1,4.008054361E-2,5.978792161E-2,9.507478029E-2
4.060931921E1,3.209106624E-2,2.996053919E-2,7.217161357E-2
4.062958801E1,4.327633604E-2,1.984053478E-2,3.715106845E-2
4.064985687E1,4.807002097E-2,1.504684892E-2,4.127896391E-3
4.067012567E1,3.315633163E-2,9.187898599E-3,-9.187898599E-3
4.069039452E1,1.451421715E-2,1.398158539E-2,-1.131842658E-2
4.071066333E1,6.657897611E-4,2.250369452E-2,-1.025316212E-2
4.073093213E1,-2.050632425E-2,3.328948980E-3,-1.078579482E-2
4.075120098E1,-4.500738904E-2,-4.780370742E-2,-2.250369452E-2
4.077146978E1,-5.406212807E-2,-7.869634777E-2,-4.434159771E-2
4.079173864E1,-4.447475821E-2,-5.153212696E-2,-7.257108390E-2
4.081200744E1,-2.316948399E-2,1.504684892E-2,-1.045289934E-1
4.083227624E1,9.720530361E-3,6.831002980E-2,-1.306279600E-1
4.085254504E1,3.581948951E-2,8.322372288E-2,-1.380847991E-1
4.087281390E1,3.528685868E-2,8.322372288E-2,-1.253016293E-1
4.089308270E1,1.930790395E-2,7.949529588E-2,-1.103879437E-1
4.091335156E1,-1.464737463E-3,5.020054802E-2,-9.494162351E-2
4.093362036E1,-3.435475379E-2,-5.193160381E-3,-6.351634115E-2
4.095388916E1,-8.602003753E-2,-5.952160433E-2,-5.992108025E-3
4.097428916E1,-1.499358565E-1,-9.307741374E-2,8.602003753E-2
4.099442682E1,-1.898832470E-1,-1.436774284E-1,1.877527237E-1
4.101469562E1,-1.877527237E-1,-1.996037811E-1,2.687127590E-1
4.103496442E1,-1.472726911E-1,-2.091911435E-1,2.916159332E-1
4.105523327E1,-9.507478029E-2,-1.346226931E-1,2.223737836E-1
4.107550208E1,-3.595264629E-2,-3.994738800E-4,7.749792933E-2
4.109577088E1,3.368896246E-2,7.736477256E-2,-5.978792161E-2
4.111603968E1,8.002793044E-2,7.310371846E-2,-1.498026997E-1
4.113630848E1,7.576687634E-2,2.410159074E-2,-1.806953400E-1
4.115657734E1,2.836264484E-2,-4.514054582E-2,-1.482048035E-1
4.117684614E1,-2.530001104E-2,-6.378266215E-2,-8.588688076E-2
4.119711489E1,-3.968106955E-2,-4.940159991E-2,-2.250369452E-2
4.121738374E1,-5.086633936E-2,-1.051947847E-2,3.075948730E-2
4.123765254E1,-1.765674502E-1,1.215732098E-1,7.323687524E-2
4.125792135E1,-2.953443527E-1,3.053312004E-1,7.536740601E-2
4.127819020E1,-2.788327634E-1,3.882885873E-1,4.607265070E-2
4.129845900E1,-1.712411344E-1,2.424806356E-1,2.277000993E-2
4.131872780E1,4.274370521E-2,-1.729721874E-1,2.117211558E-2
4.133899661E1,2.126532495E-1,-3.326285779E-1,1.158474199E-2
4.135926541E1,2.243711501E-1,-1.692437679E-1,-3.528685868E-2
4.137953421E1,1.130511016E-1,9.920267761E-2,-7.736477256E-2
4.139980307E1,6.458161026E-2,1.748363972E-1,-1.066595241E-1
4.142007187E1,7.629951090E-2,1.476721764E-1,-1.370195299E-1
4.144034067E1,9.068056941E-2,1.050616279E-1,-1.625858694E-1
4.146060947E1,8.908267319E-2,5.765739456E-2,-1.796300858E-1
4.148087827E1,7.736477256E-2,2.516685426E-2,-1.796300858E-1
4.150114708E1,5.339634046E-2,2.783001214E-2,-1.567269117E-1
4.152154708E1,1.771000773E-2,4.593949392E-2,-1.141163707E-1
4.154168463E1,-2.210422046E-2,3.635212034E-2,-5.605949834E-2
4.156195348E1,-5.299686641E-2,-2.010685205E-2,4.127896391E-3
4.158222228E1,-7.483477145E-2,-6.111950055E-2,4.980107397E-2
4.160249109E1,-7.376950979E-2,-6.804371625E-2,7.430213690E-2
4.162289109E1,-5.672528967E-2,-5.739107728E-2,9.134636074E-2
4.164302869E1,-4.234423116E-2,-5.313002318E-2,1.099884734E-1
4.166329749E1,-3.808317333E-2,-5.845634267E-2,1.238368973E-1
4.168356630E1,-3.755054250E-2,-6.165213138E-2,1.296958476E-1
4.170383510E1,-3.222422674E-2,-6.165213138E-2,1.296958476E-1
4.172423510E1,-2.370211668E-2,-7.443529367E-2,1.126516312E-1
4.174437270E1,-1.464737486E-2,-8.828372508E-2,7.696529478E-2
4.176464150E1,-4.127896391E-3,-7.656582445E-2,2.809632942E-2
4.178491031E1,1.025316212E-2,-4.087949172E-2,-2.090579830E-2
4.180517906E1,3.741738573E-2,1.198421582E-3,-5.446160212E-2
4.182544786E1,6.138581783E-2,2.942790836E-2,-6.351634115E-2
4.184571666E1,6.831002980E-2,3.528685868E-2,-6.032055244E-2
4.186598546E1,5.819002539E-2,2.303632535E-2,-5.020054802E-2
4.188625426E1,3.581948951E-2,8.122635074E-3,-4.274370521E-2
4.190652307E1,1.078579482E-2,3.328948980E-3,-4.274370521E-2
4.192675254E1,-2.530001104E-3,4.926844500E-3,-3.741738573E-2
4.194706062E1,-2.530001104E-3,2.356895804E-2,-2.463422157E-2
4.196732942E1,2.263685223E-3,3.741738573E-2,-1.731053460E-3
4.198759822E1,-3.994738800E-4,2.889527567E-2,2.649843320E-2
4.200786702E1,-7.323687430E-3,1.398158539E-2,3.715106845E-2
4.202813588E1,-1.997369342E-2,5.459476262E-3,3.342264518E-2
4.204840468E1,-2.583264373E-2,8.655266836E-3,2.490053698E-2
4.206867348E1,-2.157158963E-2,1.664474420E-2,1.478053257E-2
4.208894228E1,-1.145158429E-2,2.783001214E-2,6.258423906E-3
4.210921109E1,1.198421582E-3,3.901528195E-2,3.062632866E-3
4.212947989E1,8.122635074E-3,3.422159329E-2,-5.459476262E-3
4.214974864E1,-1.464737463E-3,8.655266836E-3,-1.664474420E-2
4.217014864E1,-1.091895252E-2,-1.211737376E-2,-3.422159329E-2
4.219028624E1,-8.921583183E-3,-8.921583183E-3,-5.020054802E-2
4.221068624E1,-1.997369342E-3,6.657897611E-4,-5.872265995E-2
4.223082385E1,-1.997369342E-3,-1.997369342E-3,-6.032055244E-2
4.225109265E1,1.198421582E-3,-6.258423906E-3,-6.138581783E-2
4.227136145E1,2.796316985E-3,-9.454214945E-3,-6.724476814E-2
4.229163025E1,-1.997369342E-3,-1.424790081E-2,-7.150582224E-2
4.231189900E1,-8.921583183E-3,-2.330264263E-2,-7.363634557E-2
4.233216781E1,-1.198421605E-2,-2.596580051E-2,-6.937529147E-2
4.235243661E1,-7.856319658E-3,-1.744369231E-2,-5.978792161E-2
4.237270541E1,3.328948980E-3,6.657897611E-4,-4.221107066E-2
4.239297421E1,1.930790395E-2,2.783001214E-2,-2.889527567E-2
4.241324296E1,2.942790836E-2,4.221107066E-2,-2.303632535E-2
4.243351182E1,2.516685426E-2,3.102580272E-2,-1.611211337E-2
4.245378057E1,4.926844500E-3,1.198421582E-3,-6.524739787E-3
4.247404937E1,-1.837579720E-2,-3.395527974E-2,-2.263685223E-3
4.249431817E1,-4.607265070E-2,-5.792371184E-2,1.464737463E-3
4.251458697E1,-6.524740160E-2,-5.952160433E-2,7.323687430E-3
4.253485577E1,-5.779055133E-2,-4.034686089E-2,5.725792143E-3
4.255512452E1,-3.169159219E-2,-2.596580051E-2,4.660528619E-3
4.257539333E1,-1.145158429E-2,-2.223737910E-2,7.323687430E-3
4.259566213E1,-1.038632076E-2,-3.448791057E-2,3.062632866E-3
4.261593093E1,-1.731053367E-2,-3.395527974E-2,-1.131842658E-2
4.263619968E1,-8.388951421E-3,-2.809632942E-2,-4.434159771E-2
4.265646848E1,5.459476262E-3,-2.330264263E-2,-8.482161909E-2
4.267673723E1,9.187898599E-3,-2.543316968E-2,-1.205079481E-1
4.269700609E1,5.459476262E-3,-2.063948289E-2,-1.572595388E-1
4.271727489E1,6.524739787E-3,-1.797632314E-2,-1.849564016E-1
4.273754364E1,6.524739787E-3,-1.637842879E-2,-1.870869249E-1
4.275781244E1,2.263685223E-3,-1.531316526E-2,-1.604553312E-1
4.277808124E1,7.057371549E-3,-1.318263728E-2,-1.167795286E-1
4.279835004E1,1.451421715E-2,-1.478053257E-2,-7.736477256E-2
4.281861885E1,1.291632187E-2,-1.371526904E-2,-5.073318258E-2
4.283888760E1,6.524739787E-3,-9.986846708E-3,-4.008054361E-2
4.285915640E1,5.459476262E-3,-9.321057005E-4,-4.008054361E-2
4.287942520E1,8.655266836E-3,6.524739787E-3,-4.700475931E-2
4.289969400E1,1.291632187E-2,9.187898599E-3,-4.753739014E-2
4.291996275E1,8.122635074E-3,9.720530361E-3,-4.008054361E-2
4.294023156E1,-3.994738800E-4,1.504684892E-2,-2.996053919E-2
4.296050036E1,-3.595264861E-3,2.143843099E-2,-2.303632535E-2
4.298076911E1,-5.725792143E-3,1.664474420E-2,-2.143843099E-2
4.300103791E1,-1.518000662E-2,3.328948980E-3,-1.984053478E-2
4.302143791E1,-2.956106514E-2,-1.744369231E-2,-1.185105834E-2
4.304157546E1,-3.808317333E-2,-3.608580679E-2,-1.198421582E-3
4.306184426E1,-2.370211668E-2,-4.141212255E-2,1.850895584E-2
4.308211307E1,-1.997369342E-3,-2.436790615E-2,4.607265070E-2
4.310238187E1,1.131842658E-2,4.394212738E-3,5.299686641E-2
4.312278187E1,1.877527125E-2,2.676474862E-2,2.916159295E-2
4.314291942E1,3.528685868E-2,3.954791278E-2,-3.328948980E-3
4.316318822E1,6.724476814E-2,5.339634046E-2,-2.090579830E-2
4.318345697E1,9.760478139E-2,7.203845680E-2,-1.984053478E-2
4.320372577E1,1.045289934E-1,7.150582224E-2,-1.291632187E-2
4.322412577E1,7.257108390E-2,5.179844424E-2,-1.238369010E-2
4.324426333E1,1.451421715E-2,6.657897611E-4,-1.877527125E-2
4.326453213E1,-4.394212365E-2,-2.277000993E-2,-1.664474420E-2
4.328480093E1,-5.139897019E-2,-1.371526904E-2,1.464737463E-3
4.330506968E1,-1.997369342E-2,-1.904158667E-2,4.194475710E-2
4.332546968E1,-3.994738800E-4,-4.673844203E-2,9.400951862E-2
4.334560728E1,-1.251684781E-2,-9.361004084E-2,1.366200596E-1
4.336587603E1,-3.755054250E-2,-1.133174226E-1,1.323590130E-1
4.338614484E1,-3.009369783E-2,-6.378266215E-2,8.282424510E-2
4.340641359E1,2.623211779E-2,3.635212034E-2,2.170474641E-2
4.342681359E1,9.867004305E-2,1.306279600E-1,-2.197106183E-2
4.344695114E1,1.503353268E-1,1.732385010E-1,-4.434159771E-2
4.346721994E1,1.609879732E-1,1.577921808E-1,-5.712476373E-2
4.348748874E1,1.375521719E-1,1.199753210E-1,-7.203845680E-2
4.350775749E1,8.908267319E-2,8.641951531E-2,-8.588688076E-2
4.352802630E1,4.274370521E-2,5.819002539E-2,-9.334372729E-2
4.354829504E1,1.025316212E-2,2.942790836E-2,-8.215846121E-2
4.356856385E1,-9.321057238E-3,1.611211337E-2,-5.126581341E-2
4.358883260E1,-1.358211134E-2,1.025316212E-2,-1.185105834E-2
4.360910135E1,-5.725792143E-3,1.344895363E-2,1.424790081E-2
4.362937015E1,1.331579551E-4,1.984053478E-2,2.756369673E-2
4.364963895E1,-1.997369342E-3,1.504684892E-2,3.608580679E-2
4.366990770E1,-1.145158429E-2,6.657897611E-4,4.301001877E-2
4.369017650E1,-1.837579720E-2,-2.383527346E-2,4.447475821E-2
4.371044525E1,-1.837579720E-2,-4.514054582E-2,4.447475821E-2
4.373071406E1,-1.677790284E-2,-4.514054582E-2,3.928159550E-2
4.375098280E1,-1.624527015E-2,-2.969422378E-2,3.981423005E-2
4.377125161E1,-1.997369342E-2,-2.223737910E-2,4.447475821E-2
4.379165161E1,-2.157158963E-2,-2.862896025E-2,4.873581231E-2
4.381178916E1,-2.636527456E-2,-3.608580679E-2,4.607265070E-2
4.383205791E1,-3.488738462E-2,-3.981423005E-2,3.502054140E-2
4.385232671E1,-3.328948840E-2,-3.928159550E-2,2.330264263E-2
4.387259546E1,-2.050632425E-2,-4.301001877E-2,1.531316526E-2
4.389286426E1,-1.198421605E-2,-4.886896908E-2,9.454214945E-3
4.391313301E1,-1.198421605E-2,-5.313002318E-2,7.323687430E-3
4.393340182E1,-1.091895252E-2,-3.768370301E-2,6.258423906E-3
4.395367057E1,-7.856319658E-3,-7.323687430E-3,6.258423906E-3
4.397393932E1,5.992108025E-3,1.557948068E-2,8.388951421E-3
4.399420812E1,1.984053478E-2,2.090579830E-2,9.986846708E-3
4.401447687E1,1.930790395E-2,1.557948068E-2,1.265000552E-2
4.403474567E1,1.078579482E-2,1.331579551E-4,8.921583183E-3
4.405501442E1,3.861580743E-3,4.926844500E-3,3.062632866E-3
4.407528317E1,6.657897611E-4,1.824264042E-2,-1.198421582E-3
4.409555197E1,6.657897611E-4,2.143843099E-2,-6.657897611E-4
4.411582072E1,-3.062632866E-3,1.238369010E-2,5.725792143E-3
4.413608947E1,-8.921583183E-3,-2.530001104E-3,1.318263728E-2
4.415635827E1,-1.038632076E-2,-8.388951421E-3,1.637842879E-2
4.417662697E1,-9.853689000E-3,-4.127896391E-3,1.158474199E-2
4.419689583E1,-9.321057238E-3,3.328948980E-3,7.323687430E-3
4.421716458E1,-4.660528619E-3,4.926844500E-3,4.127896391E-3
4.423756458E1,-2.530001104E-3,5.992108025E-3,-1.198421582E-3
4.425770213E1,1.731053460E-3,2.263685223E-3,-1.198421582E-3
4.427797088E1,4.394212738E-3,-4.660528619E-3,9.321057005E-4
4.429823963E1,-3.994738800E-4,-9.454214945E-3,3.595264861E-3
4.431850843E1,-1.464737463E-3,-9.986846708E-3,3.595264861E-3
4.433877718E1,-1.997369342E-3,-1.051947847E-2,2.530001104E-3
4.435904593E1,-1.464737463E-3,-1.211737376E-2,-2.263685223E-3
4.437931468E1,-3.595264861E-3,-1.637842879E-2,-3.861580743E-3
4.439958348E1,-5.725792143E-3,-1.850895584E-2,-4.926844500E-3
4.441985223E1,-7.856319658E-3,-1.478053257E-2,-8.655266836E-3
4.444012098E1,-8.921583183E-3,-1.318263728E-2,-9.720530361E-3
4.446038973E1,-1.251684781E-2,-1.371526904E-2,-9.187898599E-3
4.448065848E1,-1.411474310E-2,-1.584579609E-2,-8.655266836E-3
4.450092728E1,-1.731053367E-2,-1.478053257E-2,-8.655266836E-3
4.452132728E1,-1.624527015E-2,-1.051947847E-2,-8.655266836E-3
4.454146478E1,-1.145158429E-2,-1.997369342E-3,-8.122635074E-3
4.456173359E1,-6.791055668E-3,3.861580743E-3,-4.394212738E-3
4.458200234E1,-5.725792143E-3,4.926844500E-3,-1.331579551E-4
4.460227109E1,-7.856319658E-3,6.657897611E-4,2.530001104E-3
4.462267109E1,-1.038632076E-2,-3.062632866E-3,1.997369342E-3
4.464280864E1,-1.038632076E-2,-3.595264861E-3,-1.331579551E-4
4.466307739E1,-9.321057238E-3,-1.464737463E-3,-6.657897611E-4
4.468334614E1,-4.127896391E-3,1.731053460E-3,-1.198421582E-3
4.470361489E1,-2.530001104E-3,2.796316985E-3,-1.198421582E-3
4.472401489E1,-3.994738800E-4,3.861580743E-3,-1.331579551E-4
4.474415244E1,-9.321057005E-4,6.657897611E-4,3.994738800E-4
4.476442119E1,-3.595264861E-3,-9.321057005E-4,-1.198421582E-3
4.478468994E1,-7.856319658E-3,-8.388951421E-3,-6.524739787E-3
4.480495869E1,-8.921583183E-3,-1.158474199E-2,-1.451421715E-2
4.482535869E1,-6.258423906E-3,-1.158474199E-2,-1.611211337E-2
4.484549624E1,-7.856319658E-3,-1.158474199E-2,-8.655266836E-3
4.486576499E1,-8.388951421E-3,-8.921583183E-3,-2.263685223E-3
4.488603374E1,-5.725792143E-3,-6.791055668E-3,2.530001104E-3
4.490630249E1,6.657897611E-4,-3.062632866E-3,5.725792143E-3
4.492670249E1,3.328948980E-3,1.331579551E-4,6.791055668E-3
4.494683999E1,-3.994738800E-4,2.796316985E-3,6.258423906E-3
4.496710874E1,-3.062632866E-3,2.263685223E-3,3.595264861E-3
4.498737749E1,-4.127896391E-3,-3.994738800E-4,2.530001104E-3
4.500764630E1,-2.530001104E-3,-1.997369342E-3,3.994738800E-4
4.502791504E1,-1.464737463E-3,-1.464737463E-3,-2.796316985E-3
4.504818380E1,1.198421582E-3,2.263685223E-3,-2.263685223E-3
4.506845254E1,6.657897611E-4,4.926844500E-3,-1.331579551E-4
4.508872130E1,1.331579551E-4,5.459476262E-3,4.127896391E-3
4.510899005E1,-1.997369342E-3,2.263685223E-3,9.454214945E-3
4.512925880E1,-4.660528619E-3,-9.321057005E-4,7.856319658E-3
4.514952755E1,-2.530001104E-3,-3.595264861E-3,6.791055668E-3
4.516979630E1,-4.127896391E-3,-3.595264861E-3,1.997369342E-3
4.519006505E1,-9.321057005E-4,-9.321057005E-4,-3.328948980E-3
4.521033380E1,1.198421582E-3,1.198421582E-3,-4.394212738E-3
4.523060254E1,3.328948980E-3,4.394212738E-3,-4.394212738E-3
4.525087130E1,8.655266836E-3,7.590003312E-3,-1.198421582E-3
4.527114004E1,5.459476262E-3,5.459476262E-3,2.530001104E-3
4.529140880E1,1.331579551E-4,1.731053460E-3,1.997369342E-3
4.531167754E1,-3.595264861E-3,-9.321057005E-4,2.530001104E-3
4.533194630E1,-5.193160381E-3,-4.127896391E-3,-1.331579551E-4
4.535221504E1,-5.725792143E-3,-1.158474199E-2,-4.394212738E-3
4.537248380E1,-6.258423906E-3,-1.424790081E-2,-7.590003312E-3
4.539275254E1,-4.660528619E-3,-1.105211023E-2,-5.992108025E-3
4.541302130E1,-4.127896391E-3,-1.464737463E-3,1.997369342E-3
4.543328999E1,-1.464737463E-3,3.861580743E-3,7.856319658E-3
4.545355874E1,3.328948980E-3,8.655266836E-3,8.388951421E-3
4.547382749E1,7.590003312E-3,1.238369010E-2,6.258423906E-3
4.549409624E1,8.122635074E-3,9.720530361E-3,4.660528619E-3
4.551436499E1,3.861580743E-3,2.796316985E-3,6.791055668E-3
4.553463374E1,1.331579551E-4,-1.997369342E-3,9.986846708E-3
4.555490249E1,-3.994738800E-4,-9.321057005E-4,9.454214945E-3
4.557517124E1,1.198421582E-3,2.263685223E-3,6.258423906E-3
4.559543999E1,5.459476262E-3,7.590003312E-3,3.994738800E-4
4.561570869E1,7.590003312E-3,1.025316212E-2,-1.731053460E-3
4.563597744E1,8.655266836E-3,1.238369010E-2,9.321057005E-4
4.565624619E1,7.590003312E-3,1.291632187E-2,6.258423906E-3
4.567651494E1,1.131842658E-2,1.025316212E-2,1.211737376E-2
4.569678369E1,1.557948068E-2,1.398158539E-2,1.637842879E-2
4.571705244E1,1.717737690E-2,1.717737690E-2,2.010685205E-2
4.573732119E1,1.930790395E-2,1.877527125E-2,1.850895584E-2
4.575758994E1,1.664474420E-2,2.090579830E-2,1.691105962E-2
4.577785869E1,1.877527125E-2,2.250369452E-2,1.957421936E-2
4.579812744E1,2.463422157E-2,2.729738131E-2,2.223737910E-2
4.581839619E1,3.315633163E-2,3.528685868E-2,2.703106403E-2
4.583866494E1,3.795001656E-2,4.114580899E-2,2.809632942E-2
4.585893369E1,3.741738573E-2,4.221107066E-2,2.862896025E-2
4.587920244E1,3.475422785E-2,4.221107066E-2,2.862896025E-2
4.589947119E1,3.155843541E-2,3.848264739E-2,2.703106403E-2
4.591973994E1,2.463422157E-2,2.942790836E-2,1.957421936E-2
4.594000869E1,2.090579830E-2,2.516685426E-2,1.637842879E-2
4.596027744E1,1.717737690E-2,2.090579830E-2,1.478053257E-2
4.598054624E1,1.717737690E-2,2.303632535E-2,1.850895584E-2
4.600081499E1,2.090579830E-2,2.569948509E-2,2.010685205E-2
4.602121499E1,2.250369452E-2,2.729738131E-2,2.330264263E-2
4.604135249E1,2.090579830E-2,2.569948509E-2,2.703106403E-2
4.606162130E1,1.664474420E-2,1.930790395E-2,3.075948730E-2
4.608189004E1,1.344895363E-2,1.664474420E-2,3.235738352E-2
4.610215885E1,1.398158539E-2,1.877527125E-2,3.022685647E-2
4.612255885E1,1.824264042E-2,1.930790395E-2,2.809632942E-2
4.614269640E1,2.037316747E-2,1.877527125E-2,2.490053698E-2
4.616296515E1,2.197106183E-2,1.984053478E-2,2.277000993E-2
4.618323395E1,2.143843099E-2,2.250369452E-2,2.063948289E-2
4.620350270E1,2.463422157E-2,2.463422157E-2,1.850895584E-2
4.622390270E1,2.410159074E-2,2.303632535E-2,1.637842879E-2
4.624404031E1,2.356895804E-2,1.984053478E-2,1.637842879E-2
4.626423041E1,2.090579830E-2,2.037316747E-2,1.957421936E-2
4.628457775E1,1.877527125E-2,2.410159074E-2,1.850895584E-2
4.630484656E1,2.090579830E-2,2.996053919E-2,1.637842879E-2
4.632524656E1,2.410159074E-2,3.315633163E-2,1.584579609E-2
4.634538416E1,2.836264484E-2,3.528685868E-2,1.691105962E-2
4.636565301E1,3.049317189E-2,3.368896246E-2,2.117211558E-2
4.638592182E1,2.729738131E-2,2.889527567E-2,2.490053698E-2
4.640619067E1,2.197106183E-2,2.623211779E-2,2.490053698E-2
4.642645947E1,2.836264484E-2,3.688475490E-2,2.277000993E-2
4.644672827E1,4.114580899E-2,4.114580899E-2,2.596580051E-2
4.646699718E1,3.635212034E-2,2.303632535E-2,3.715106845E-2
4.648726598E1,1.611211337E-2,1.451421715E-2,4.554001987E-2
4.650753478E1,3.328948980E-3,1.025316212E-2,4.301001877E-2
4.652780364E1,1.731053460E-3,5.992108025E-3,3.075948730E-2
4.654807249E1,7.057371549E-3,7.590003312E-3,1.584579609E-2
4.656834135E1,1.185105834E-2,1.451421715E-2,5.193160381E-3
4.658861020E1,1.557948068E-2,1.611211337E-2,1.997369342E-3
4.660887900E1,2.037316747E-2,1.824264042E-2,3.062632866E-3
4.662914791E1,2.303632535E-2,1.717737690E-2,4.660528619E-3
4.664941676E1,2.037316747E-2,1.344895363E-2,8.388951421E-3
4.666968562E1,1.557948068E-2,1.398158539E-2,1.265000552E-2
4.668995447E1,8.655266836E-3,1.238369010E-2,1.957421936E-2
4.671022338E1,-9.321057005E-4,3.861580743E-3,2.063948289E-2
4.673049218E1,-1.145158429E-2,-1.265000552E-2,1.424790081E-2
4.675076114E1,-1.624527015E-2,-2.649843320E-2,6.258423906E-3
4.677102999E1,-1.890842989E-2,-3.075948730E-2,-1.198421582E-3
4.679129890E1,-2.157158963E-2,-3.075948730E-2,-9.720530361E-3
4.681156780E1,-2.263685316E-2,-3.075948730E-2,-1.344895363E-2
4.683183666E1,-2.263685316E-2,-2.703106403E-2,-1.664474420E-2
4.685210557E1,-2.157158963E-2,-2.117211558E-2,-1.877527125E-2
4.687237447E1,-1.624527015E-2,-1.318263728E-2,-1.984053478E-2
4.689264343E1,-1.358211134E-2,-1.211737376E-2,-1.824264042E-2
4.691291234E1,-1.145158429E-2,-1.158474199E-2,-1.238369010E-2
4.693318124E1,-8.921583183E-3,-9.454214945E-3,-2.796316985E-3
4.695345020E1,-1.091895252E-2,-8.921583183E-3,7.323687430E-3
4.697371911E1,-5.193160381E-3,-5.725792143E-3,1.211737376E-2
4.699398807E1,6.657897611E-4,-3.994738800E-4,1.318263728E-2
4.701425697E1,-3.595264861E-3,-6.791055668E-3,9.986846708E-3
4.703452593E1,-8.921583183E-3,-1.531316526E-2,5.725792143E-3
4.705479489E1,-9.853689000E-3,-9.454214945E-3,-6.657897611E-4
4.707506385E1,2.263685223E-3,6.657897611E-4,-4.926844500E-3
4.709533281E1,1.664474420E-2,1.717737690E-2,-7.590003312E-3
4.711560176E1,1.717737690E-2,2.783001214E-2,-4.394212738E-3
4.713587072E1,8.122635074E-3,2.143843099E-2,1.997369342E-3
4.715613973E1,1.198421582E-3,6.524739787E-3,6.791055668E-3
4.717640869E1,1.731053460E-3,3.328948980E-3,8.388951421E-3
4.719667770E1,3.861580743E-3,5.459476262E-3,6.258423906E-3
4.721694666E1,4.926844500E-3,1.078579482E-2,6.258423906E-3
4.723721567E1,2.796316985E-3,1.185105834E-2,5.725792143E-3
4.725748468E1,-3.994738800E-4,5.992108025E-3,2.530001104E-3
4.727775369E1,-6.791055668E-3,-3.062632866E-3,-2.796316985E-3
4.729802270E1,-9.853689000E-3,-1.265000552E-2,-4.394212738E-3
4.731829171E1,-1.091895252E-2,-1.371526904E-2,-5.992108025E-3
4.733856077E1,-1.145158429E-2,-1.211737376E-2,-5.992108025E-3
4.735882978E1,-1.038632076E-2,-8.921583183E-3,-5.459476262E-3
4.737909880E1,-9.321057238E-3,-1.105211023E-2,-4.926844500E-3
4.739936781E1,-9.321057238E-3,-1.318263728E-2,-4.394212738E-3
4.741963692E1,-1.304947957E-2,-1.424790081E-2,-6.524739787E-3
4.743990598E1,-1.411474310E-2,-1.318263728E-2,-5.992108025E-3
4.746017499E1,-9.321057238E-3,-9.454214945E-3,-3.861580743E-3
4.748044411E1,-2.530001104E-3,-4.127896391E-3,-1.198421582E-3
4.750071317E1,1.731053460E-3,1.331579551E-4,1.464737463E-3
4.752106093E1,-9.321057005E-4,1.331579551E-4,3.062632866E-3
4.754125135E1,-9.321057005E-4,-1.464737463E-3,1.997369342E-3
4.756152046E1,1.331579551E-4,2.263685223E-3,9.321057005E-4
4.758178952E1,-3.595264861E-3,-5.725792143E-3,-2.796316985E-3
4.760205864E1,-5.193160381E-3,-1.265000552E-2,-3.328948980E-3
4.762245864E1,-7.323687430E-3,-1.265000552E-2,-6.657897611E-4
4.764259687E1,-6.791055668E-3,-4.660528619E-3,2.530001104E-3
4.766286593E1,-3.994738800E-4,3.328948980E-3,9.321057005E-4
4.768313504E1,2.796316985E-3,8.122635074E-3,-1.731053460E-3
4.770340416E1,4.926844500E-3,5.992108025E-3,-6.657897611E-4
4.772380416E1,-1.997369342E-3,-2.530001104E-3,2.530001104E-3
4.774394244E1,-5.193160381E-3,-7.856319658E-3,5.193160381E-3
4.776421156E1,-4.660528619E-3,-9.454214945E-3,3.595264861E-3
4.778448072E1,-1.464737463E-3,-5.193160381E-3,-1.331579551E-4
4.780474989E1,-1.464737463E-3,-2.530001104E-3,-2.263685223E-3
4.782514989E1,1.331579551E-4,1.731053460E-3,-4.394212738E-3
4.784528822E1,3.328948980E-3,8.122635074E-3,-2.263685223E-3
4.786555739E1,4.394212738E-3,3.861580743E-3,2.530001104E-3
4.788582656E1,6.657897611E-4,-9.454214945E-3,7.323687430E-3
4.790609572E1,-2.530001104E-3,-1.105211023E-2,6.258423906E-3
4.792649572E1,-1.997369342E-3,-9.321057005E-4,2.530001104E-3
4.794663411E1,-9.321057005E-4,4.394212738E-3,-1.731053460E-3
4.796690333E1,1.198421582E-3,1.331579551E-4,-4.394212738E-3
4.798717249E1,-4.127896391E-3,-8.388951421E-3,-6.524739787E-3
4.800744171E1,-1.304947957E-2,-1.584579609E-2,-8.122635074E-3
4.802771093E1,-2.050632425E-2,-1.850895584E-2,-1.025316212E-2
4.804798015E1,-1.731053367E-2,-5.725792143E-3,-8.655266836E-3
4.806824937E1,3.861580743E-3,1.984053478E-2,6.258423906E-3
4.808851859E1,2.037316747E-2,4.114580899E-2,3.235738352E-2
4.810878786E1,1.504684892E-2,2.942790836E-2,6.418213248E-2
4.812905708E1,-1.304947957E-2,6.657897611E-4,8.016108721E-2
4.814932630E1,-2.263685316E-2,-5.725792143E-3,6.737792492E-2
4.816959557E1,2.796316985E-3,1.611211337E-2,4.554001987E-2
4.818986484E1,3.102580272E-2,3.475422785E-2,4.034686089E-2
4.821013406E1,3.475422785E-2,2.569948509E-2,5.246423557E-2
4.823040333E1,1.930790395E-2,1.611211337E-2,6.364950538E-2
4.825067260E1,1.025316212E-2,1.877527125E-2,6.791055948E-2
4.827094187E1,1.131842658E-2,1.930790395E-2,6.950845569E-2
4.829121114E1,3.861580743E-3,4.394212738E-3,6.684529036E-2
4.831148046E1,6.657897611E-4,-8.388951421E-3,5.938844755E-2
4.833174973E1,4.926844500E-3,-5.725792143E-3,5.459476262E-2
4.835201900E1,6.524739787E-3,-4.127896391E-3,5.033370852E-2
4.837228833E1,-5.193160381E-3,-9.986846708E-3,4.354264960E-2
4.839255760E1,-2.157158963E-2,-2.277000993E-2,1.265000552E-2
4.841282692E1,-2.050632425E-2,-4.034686089E-2,-4.114580899E-2
4.843309624E1,-1.198421605E-2,-2.809632942E-2,-6.458161026E-2
4.845336557E1,-7.856319658E-3,1.731053460E-3,-4.860265180E-2
4.847363484E1,-1.464737463E-3,2.090579830E-2,-2.090579830E-2
4.849390416E1,-3.595264861E-3,4.394212738E-3,-6.524739787E-3
4.851430416E1,-1.784316637E-2,-4.301001877E-2,-1.930790395E-2
4.853444286E1,-3.328948840E-2,-7.443529367E-2,-5.605949834E-2
4.855471218E1,-4.287686199E-2,-6.271740049E-2,-8.961530030E-2
4.857498150E1,-3.542001545E-2,-3.075948730E-2,-1.077247858E-1
4.859525088E1,-1.677790284E-2,-3.595264861E-3,-9.547425061E-2
4.861552020E1,-7.323687430E-3,-7.323687430E-3,-6.937529147E-2
4.863578958E1,-1.731053367E-2,-3.289001435E-2,-4.807002097E-2
4.865605890E1,-3.755054250E-2,-5.259739235E-2,-4.008054361E-2
4.867632827E1,-4.820318148E-2,-5.313002318E-2,-4.487423226E-2
4.869659765E1,-4.820318148E-2,-3.981423005E-2,-5.286370963E-2
4.871686697E1,-3.914843872E-2,-2.543316968E-2,-5.499423668E-2
4.873713635E1,-2.796317078E-2,-1.904158667E-2,-4.487423226E-2
4.875740572E1,-1.944106072E-2,-1.957421936E-2,-2.942790836E-2
4.877767510E1,-1.145158429E-2,-2.277000993E-2,-1.557948068E-2
4.879794447E1,-7.856319658E-3,-1.637842879E-2,-7.590003312E-3
4.881821385E1,-4.127896391E-3,-5.725792143E-3,-4.926844500E-3
4.883848322E1,-3.062632866E-3,2.796316985E-3,-6.657897611E-4
4.885875265E1,-2.530001104E-3,6.657897611E-4,5.725792143E-3
4.887902197E1,-3.595264861E-3,-5.725792143E-3,8.388951421E-3
4.889929140E1,-4.660528619E-3,-7.856319658E-3,6.791055668E-3
4.891956083E1,-1.464737463E-3,-7.856319658E-3,-1.331579551E-4
4.893983020E1,7.590003312E-3,6.657897611E-4,-2.796316985E-3
4.896009963E1,1.717737690E-2,1.717737690E-2,-1.331579551E-4
4.898036900E1,1.930790395E-2,2.410159074E-2,8.388951421E-3
4.900063843E1,1.291632187E-2,1.984053478E-2,1.744369231E-2
4.902094713E1,8.122635074E-3,1.238369010E-2,1.850895584E-2
4.904117728E1,2.796316985E-3,5.459476262E-3,1.211737376E-2
4.906144666E1,-5.725792143E-3,-3.062632866E-3,3.994738800E-4
4.908171609E1,-1.411474310E-2,-1.637842879E-2,-1.611211337E-2
4.910198546E1,-1.784316637E-2,-2.117211558E-2,-2.942790836E-2
4.912238546E1,-1.837579720E-2,-1.957421936E-2,-3.688475490E-2
4.914252432E1,-1.677790284E-2,-1.371526904E-2,-3.315633163E-2
4.916279374E1,-1.198421605E-2,-1.211737376E-2,-2.410159074E-2
4.918306317E1,-8.388951421E-3,-8.921583183E-3,-8.655266836E-3
4.920333260E1,-8.388951421E-3,-6.258423906E-3,4.660528619E-3
4.922373260E1,-7.323687430E-3,-4.660528619E-3,1.265000552E-2
4.924387145E1,-4.660528619E-3,-3.595264861E-3,1.371526904E-2
4.926414088E1,-4.127896391E-3,-6.258423906E-3,6.791055668E-3
4.928441036E1,-5.725792143E-3,-9.454214945E-3,-6.657897611E-4
4.930467973E1,-7.856319658E-3,-1.318263728E-2,-5.992108025E-3
4.932507973E1,-8.921583183E-3,-1.318263728E-2,-8.655266836E-3
4.934521864E1,-9.853689000E-3,-1.051947847E-2,-7.590003312E-3
4.936548812E1,-6.791055668E-3,-7.323687430E-3,-5.992108025E-3
4.938575755E1,-1.464737463E-3,-3.062632866E-3,-5.459476262E-3
4.940602702E1,3.861580743E-3,-3.994738800E-4,-1.198421582E-3
4.942629645E1,-1.464737463E-3,-1.997369342E-3,-1.331579551E-4
4.944656593E1,-4.660528619E-3,-7.856319658E-3,1.464737463E-3
4.946683536E1,-5.193160381E-3,-1.105211023E-2,1.997369342E-3
4.948710478E1,-2.530001104E-3,-9.454214945E-3,9.321057005E-4
4.950737426E1,1.731053460E-3,-4.660528619E-3,3.595264861E-3
4.952764374E1,5.459476262E-3,1.198421582E-3,5.193160381E-3
4.954791317E1,4.926844500E-3,7.057371549E-3,8.388951421E-3
4.956818265E1,5.459476262E-3,1.185105834E-2,9.986846708E-3
4.958845208E1,3.861580743E-3,1.185105834E-2,9.454214945E-3
4.960872156E1,4.394212738E-3,9.720530361E-3,9.986846708E-3
4.962899098E1,5.992108025E-3,9.720530361E-3,5.193160381E-3
4.964926046E1,1.025316212E-2,1.185105834E-2,-1.198421582E-3
4.966952994E1,1.344895363E-2,1.611211337E-2,-4.394212738E-3
4.968979937E1,1.557948068E-2,1.984053478E-2,-1.731053460E-3
4.971006885E1,2.090579830E-2,2.463422157E-2,5.725792143E-3
4.973033833E1,2.676474862E-2,2.836264484E-2,1.584579609E-2
4.975060775E1,2.942790836E-2,2.729738131E-2,2.543316968E-2
4.977087723E1,2.889527567E-2,2.836264484E-2,2.969422378E-2
4.979114671E1,2.836264484E-2,3.102580272E-2,3.075948730E-2
4.981141619E1,2.463422157E-2,3.102580272E-2,2.916159295E-2
4.983168562E1,1.771000773E-2,2.250369452E-2,2.490053698E-2
4.985195510E1,1.131842658E-2,1.238369010E-2,2.010685205E-2
4.987222458E1,3.328948980E-3,4.926844500E-3,1.478053257E-2
4.989249406E1,3.861580743E-3,2.263685223E-3,5.725792143E-3
4.991276353E1,9.720530361E-3,7.590003312E-3,-1.731053460E-3
4.993303296E1,1.451421715E-2,1.131842658E-2,-5.459476262E-3
4.995330239E1,1.185105834E-2,1.078579482E-2,-2.263685223E-3
4.997357192E1,4.394212738E-3,7.057371549E-3,-6.657897611E-4
4.999384135E1,-3.595264861E-3,1.198421582E-3,-1.331579551E-4
5.001411083E1,-7.856319658E-3,-4.127896391E-3,9.321057005E-4
5.003438031E1,-2.530001104E-3,-4.660528619E-3,1.997369342E-3
5.005464978E1,1.198421582E-3,1.331579551E-4,3.595264861E-3
5.007491921E1,3.861580743E-3,4.926844500E-3,6.258423906E-3
5.009518869E1,5.459476262E-3,7.057371549E-3,9.986846708E-3
5.011545817E1,4.926844500E-3,7.057371549E-3,8.921583183E-3
5.013572765E1,3.328948980E-3,5.992108025E-3,7.856319658E-3
5.015599713E1,5.992108025E-3,5.992108025E-3,5.725792143E-3
5.017626661E1,5.459476262E-3,6.524739787E-3,1.997369342E-3
5.019653609E1,5.992108025E-3,5.992108025E-3,-1.198421582E-3
5.021680557E1,4.926844500E-3,5.459476262E-3,-3.328948980E-3
5.023707505E1,4.394212738E-3,5.459476262E-3,-1.198421582E-3
5.025734447E1,4.394212738E-3,3.328948980E-3,-1.198421582E-3
5.027761395E1,4.394212738E-3,3.861580743E-3,2.530001104E-3
5.029788343E1,2.796316985E-3,1.198421582E-3,5.725792143E-3
5.031815291E1,-3.595264861E-3,-3.062632866E-3,1.997369342E-3
5.033842239E1,-1.464737463E-3,-3.994738800E-4,-4.394212738E-3
5.035869187E1,-3.062632866E-3,-1.464737463E-3,-9.720530361E-3
5.037896135E1,-9.321057238E-3,-1.211737376E-2,-1.025316212E-2
5.039923083E1,-1.358211134E-2,-2.170474641E-2,-9.720530361E-3
5.041950030E1,-1.464737486E-2,-2.063948289E-2,-7.590003312E-3
5.043976978E1,-9.853689000E-3,-1.478053257E-2,-2.263685223E-3
5.046003926E1,-4.127896391E-3,-1.997369342E-3,-1.331579551E-4
5.048030874E1,-3.994738800E-4,2.796316985E-3,-1.331579551E-4
5.052595010E1,-2.530001104E-3,-1.464737463E-3,-1.198421582E-3
5.054611780E1,-5.725792143E-3,-6.791055668E-3,-4.394212738E-3
5.056636801E1,-9.853689000E-3,-1.105211023E-2,-9.720530361E-3
5.058665671E1,-9.853689000E-3,-9.986846708E-3,-1.291632187E-2
5.060692562E1,-1.091895252E-2,-7.856319658E-3,-1.504684892E-2
5.062732562E1,-1.091895252E-2,-7.856319658E-3,-1.185105834E-2
5.064746452E1,-8.921583183E-3,-9.986846708E-3,-8.655266836E-3
5.066773400E1,-6.791055668E-3,-9.986846708E-3,-3.328948980E-3
5.068800348E1,-6.791055668E-3,-9.986846708E-3,-2.263685223E-3
5.070827296E1,-9.853689000E-3,-1.211737376E-2,-1.198421582E-3
5.072867296E1,-1.411474310E-2,-1.318263728E-2,-1.198421582E-3
5.074881187E1,-1.518000662E-2,-1.318263728E-2,-2.263685223E-3
5.076908135E1,-1.304947957E-2,-1.211737376E-2,-5.459476262E-3
5.078935083E1,-7.856319658E-3,-9.986846708E-3,-1.078579482E-2
5.080962025E1,-5.725792143E-3,-4.660528619E-3,-1.078579482E-2
5.083002025E1,-3.595264861E-3,-3.994738800E-4,-8.655266836E-3
5.085015921E1,-3.994738800E-4,1.731053460E-3,-5.459476262E-3
5.087042869E1,-1.464737463E-3,-3.994738800E-4,-3.328948980E-3
5.089069812E1,-5.725792143E-3,-5.725792143E-3,-2.263685223E-3
5.091096760E1,-5.725792143E-3,-5.725792143E-3,-2.263685223E-3
5.093136760E1,-6.791055668E-3,-5.725792143E-3,-2.263685223E-3
5.095150650E1,-8.921583183E-3,-8.921583183E-3,-6.524739787E-3
5.097177598E1,-1.198421605E-2,-1.318263728E-2,-1.078579482E-2
5.099204541E1,-1.411474310E-2,-1.424790081E-2,-9.720530361E-3
5.101231489E1,-1.518000662E-2,-1.318263728E-2,-4.394212738E-3
5.103258437E1,-8.921583183E-3,-7.856319658E-3,-2.263685223E-3
5.105285380E1,-2.530001104E-3,-2.530001104E-3,-3.328948980E-3
5.107312327E1,2.796316985E-3,2.796316985E-3,-4.394212738E-3
5.109339270E1,2.796316985E-3,4.926844500E-3,-4.394212738E-3
5.111366218E1,-3.595264861E-3,-3.994738800E-4,-3.328948980E-3
5.113393161E1,-6.791055668E-3,-6.791055668E-3,-3.328948980E-3
5.115420109E1,-7.856319658E-3,-1.211737376E-2,-4.394212738E-3
5.117447051E1,-7.856319658E-3,-1.105211023E-2,-5.459476262E-3
5.119473999E1,-6.791055668E-3,-6.791055668E-3,-6.524739787E-3
5.121513999E1,-4.660528619E-3,-2.530001104E-3,-5.459476262E-3
5.123527885E1,-2.530001104E-3,-2.530001104E-3,-1.198421582E-3
5.125554833E1,-1.464737463E-3,-2.530001104E-3,3.062632866E-3
5.127581775E1,-1.464737463E-3,-2.530001104E-3,5.193160381E-3
5.129608718E1,-4.660528619E-3,-4.660528619E-3,4.127896391E-3
5.131635666E1,-4.660528619E-3,-6.791055668E-3,9.321057005E-4
5.133675666E1,-3.595264861E-3,-4.660528619E-3,-2.263685223E-3
5.135689557E1,-3.595264861E-3,-2.530001104E-3,-6.524739787E-3
5.137716499E1,-2.530001104E-3,-3.994738800E-4,-7.590003312E-3
5.139743442E1,-3.994738800E-4,1.731053460E-3,-3.328948980E-3
5.141770385E1,2.796316985E-3,5.992108025E-3,-1.331579551E-4
5.143797333E1,3.861580743E-3,4.926844500E-3,1.997369342E-3
5.145824275E1,-3.994738800E-4,2.796316985E-3,1.997369342E-3
5.147851218E1,-1.464737463E-3,6.657897611E-4,1.997369342E-3
5.149878161E1,-4.660528619E-3,-4.660528619E-3,-1.331579551E-4
5.151905103E1,-9.853689000E-3,-1.105211023E-2,-5.459476262E-3
5.153932051E1,-9.853689000E-3,-1.211737376E-2,-1.078579482E-2
5.155958994E1,-8.921583183E-3,-1.105211023E-2,-8.655266836E-3
5.157985937E1,-7.856319658E-3,-1.105211023E-2,-4.394212738E-3
5.160012880E1,-6.791055668E-3,-5.725792143E-3,-1.331579551E-4
5.162039822E1,-2.530001104E-3,1.731053460E-3,-1.331579551E-4
5.164066765E1,2.796316985E-3,4.926844500E-3,-1.198421582E-3
5.166093708E1,2.796316985E-3,5.992108025E-3,-1.198421582E-3
5.168120650E1,-1.464737463E-3,2.796316985E-3,-1.331579551E-4
5.170147593E1,-4.660528619E-3,-4.660528619E-3,9.321057005E-4
5.172174536E1,-4.660528619E-3,-6.791055668E-3,-1.331579551E-4
5.174201473E1,-2.530001104E-3,-5.725792143E-3,-2.263685223E-3
5.176228416E1,-1.464737463E-3,-2.530001104E-3,-4.394212738E-3
5.178255359E1,6.657897611E-4,6.657897611E-4,-4.394212738E-3
5.180282301E1,6.657897611E-4,2.796316985E-3,-2.263685223E-3
5.182309244E1,6.657897611E-4,2.796316985E-3,1.997369342E-3
5.184336187E1,-2.530001104E-3,6.657897611E-4,4.127896391E-3
5.186363124E1,-2.530001104E-3,-2.530001104E-3,4.127896391E-3
5.188390067E1,-1.464737463E-3,-4.660528619E-3,1.997369342E-3
5.190417010E1,-1.464737463E-3,-3.595264861E-3,-1.198421582E-3
5.192443952E1,6.657897611E-4,6.657897611E-4,-4.394212738E-3
5.194470890E1,1.731053460E-3,3.861580743E-3,-4.394212738E-3
5.196497833E1,1.731053460E-3,4.926844500E-3,-1.198421582E-3
5.198524770E1,3.861580743E-3,4.926844500E-3,9.321057005E-4
5.200551713E1,3.861580743E-3,4.926844500E-3,1.997369342E-3
5.202578656E1,1.731053460E-3,3.861580743E-3,1.997369342E-3
5.204605593E1,-3.994738800E-4,2.796316985E-3,1.997369342E-3
5.206632536E1,-2.530001104E-3,-1.464737463E-3,1.997369342E-3
5.208659473E1,-5.725792143E-3,-5.725792143E-3,-1.198421582E-3
5.210686416E1,-8.921583183E-3,-1.211737376E-2,-8.655266836E-3
5.212726416E1,-7.856319658E-3,-1.211737376E-2,-1.078579482E-2
5.214740291E1,-6.791055668E-3,-8.921583183E-3,-5.459476262E-3
5.216767234E1,-8.921583183E-3,-5.725792143E-3,1.997369342E-3
5.218794171E1,-4.660528619E-3,-3.994738800E-4,3.062632866E-3
5.220821109E1,1.731053460E-3,7.057371549E-3,9.321057005E-4
5.222861109E1,7.057371549E-3,9.187898599E-3,-1.331579551E-4
5.224874989E1,3.861580743E-3,4.926844500E-3,-1.331579551E-4
5.226901926E1,-2.530001104E-3,-3.994738800E-4,-1.331579551E-4
5.228928864E1,-5.725792143E-3,-5.725792143E-3,-1.331579551E-4
5.230955796E1,-3.595264861E-3,-5.725792143E-3,-2.263685223E-3
5.232995796E1,-1.464737463E-3,-2.530001104E-3,-4.394212738E-3
5.235009682E1,1.731053460E-3,1.731053460E-3,-5.459476262E-3
5.237036619E1,3.861580743E-3,2.796316985E-3,-3.328948980E-3
5.239063557E1,1.731053460E-3,3.861580743E-3,9.321057005E-4
5.241090494E1,-1.464737463E-3,1.731053460E-3,5.193160381E-3
5.243121364E1,-2.530001104E-3,-1.464737463E-3,7.323687430E-3
5.245144374E1,-2.530001104E-3,-1.464737463E-3,7.323687430E-3
5.247171312E1,6.657897611E-4,-3.994738800E-4,5.193160381E-3
5.249198244E1,1.731053460E-3,1.731053460E-3,-1.331579551E-4
5.251225176E1,1.731053460E-3,3.861580743E-3,-3.328948980E-3
5.253252114E1,3.861580743E-3,7.057371549E-3,-3.328948980E-3
5.255279051E1,4.926844500E-3,8.122635074E-3,-1.198421582E-3
5.257305989E1,4.926844500E-3,9.187898599E-3,3.062632866E-3
5.259332926E1,8.122635074E-3,9.187898599E-3,6.258423906E-3
5.261359859E1,8.122635074E-3,8.122635074E-3,7.323687430E-3
5.263386796E1,4.926844500E-3,7.057371549E-3,8.388951421E-3
5.265413734E1,4.926844500E-3,5.992108025E-3,8.388951421E-3
5.267440666E1,2.796316985E-3,5.992108025E-3,6.258423906E-3
5.269480666E1,6.657897611E-4,2.796316985E-3,-1.331579551E-4
5.271494541E1,6.657897611E-4,6.657897611E-4,-1.198421582E-3
5.273521473E1,3.861580743E-3,3.861580743E-3,5.193160381E-3
5.275548411E1,8.122635074E-3,8.122635074E-3,1.051947847E-2
5.277575343E1,1.344895363E-2,1.451421715E-2,1.158474199E-2
5.279602280E1,1.877527125E-2,1.984053478E-2,1.265000552E-2
5.281629213E1,1.984053478E-2,2.197106183E-2,1.051947847E-2
5.283656150E1,1.664474420E-2,1.984053478E-2,1.051947847E-2
5.285683083E1,1.025316212E-2,1.344895363E-2,9.454214945E-3
5.287710020E1,7.057371549E-3,8.122635074E-3,8.388951421E-3
5.289736952E1,9.187898599E-3,9.187898599E-3,7.323687430E-3
5.291763885E1,1.557948068E-2,1.557948068E-2,6.258423906E-3
5.293790822E1,1.984053478E-2,2.197106183E-2,7.323687430E-3
5.295817755E1,1.877527125E-2,1.984053478E-2,8.388951421E-3
5.297844687E1,1.664474420E-2,1.664474420E-2,1.158474199E-2
5.299871624E1,1.238369010E-2,1.344895363E-2,1.478053257E-2
5.301898557E1,9.187898599E-3,1.131842658E-2,1.371526904E-2
5.303925489E1,9.187898599E-3,1.131842658E-2,1.371526904E-2
5.305952421E1,1.238369010E-2,1.238369010E-2,1.051947847E-2
5.307979353E1,1.451421715E-2,1.238369010E-2,8.388951421E-3
5.310006286E1,1.344895363E-2,1.557948068E-2,7.323687430E-3
5.312033218E1,1.451421715E-2,1.877527125E-2,7.323687430E-3
5.314060156E1,1.557948068E-2,1.984053478E-2,8.388951421E-3
5.316087088E1,1.771000773E-2,1.877527125E-2,9.454214945E-3
5.318114020E1,1.664474420E-2,1.451421715E-2,1.265000552E-2
5.320140952E1,1.131842658E-2,1.025316212E-2,9.454214945E-3
5.322167885E1,9.187898599E-3,1.131842658E-2,5.193160381E-3
5.324194812E1,1.131842658E-2,1.557948068E-2,5.193160381E-3
5.326221744E1,7.057371549E-3,1.131842658E-2,5.193160381E-3
5.328248676E1,-3.994738800E-4,-3.994738800E-4,5.193160381E-3
5.330275609E1,-2.530001104E-3,-3.595264861E-3,7.323687430E-3
5.332302541E1,2.796316985E-3,3.861580743E-3,8.388951421E-3
5.334329473E1,1.131842658E-2,1.344895363E-2,7.323687430E-3
5.336356406E1,1.557948068E-2,1.984053478E-2,6.258423906E-3
5.338383333E1,1.557948068E-2,1.877527125E-2,8.388951421E-3
5.340410265E1,1.238369010E-2,1.344895363E-2,9.454214945E-3
5.342450265E1,7.057371549E-3,9.187898599E-3,8.388951421E-3
5.344464130E1,3.861580743E-3,4.926844500E-3,5.193160381E-3
5.346491057E1,1.731053460E-3,2.796316985E-3,3.062632866E-3
5.348517989E1,1.731053460E-3,4.926844500E-3,9.321057005E-4
5.350544921E1,1.731053460E-3,4.926844500E-3,9.321057005E-4
5.352567906E1,-3.994738800E-4,-3.994738800E-4,-1.331579551E-4
5.354598775E1,-2.530001104E-3,-5.725792143E-3,-1.331579551E-4
5.356625702E1,-2.530001104E-3,-5.725792143E-3,-1.198421582E-3
5.358652635E1,-4.660528619E-3,-4.660528619E-3,-1.198421582E-3
5.360679562E1,-7.856319658E-3,-4.660528619E-3,-1.198421582E-3
5.362719562E1,-5.725792143E-3,-6.791055668E-3,-2.263685223E-3
5.364733421E1,-3.595264861E-3,-8.921583183E-3,-3.328948980E-3
5.366760348E1,-5.725792143E-3,-9.986846708E-3,-3.328948980E-3
5.368787275E1,-9.853689000E-3,-8.921583183E-3,-6.524739787E-3
5.370814208E1,-1.091895252E-2,-6.791055668E-3,-7.590003312E-3
5.372854208E1,-8.921583183E-3,-9.986846708E-3,-7.590003312E-3
5.374868067E1,-6.791055668E-3,-9.986846708E-3,-7.590003312E-3
5.376894999E1,-4.660528619E-3,-8.921583183E-3,-6.524739787E-3
5.378921926E1,-8.921583183E-3,-8.921583183E-3,-4.394212738E-3
5.380948853E1,-7.856319658E-3,-7.856319658E-3,-4.394212738E-3
5.382988853E1,-9.853689000E-3,-6.791055668E-3,-5.459476262E-3
5.385002713E1,-1.731053367E-2,-1.744369231E-2,-6.524739787E-3
5.387029640E1,-2.370211668E-2,-2.703106403E-2,-9.720530361E-3
5.389056567E1,-2.583264373E-2,-2.809632942E-2,-9.720530361E-3
5.391083494E1,-2.050632425E-2,-2.383527346E-2,-7.590003312E-3
5.393123494E1,-1.091895252E-2,-1.637842879E-2,-7.590003312E-3
5.395137348E1,-5.725792143E-3,-7.856319658E-3,-6.524739787E-3
5.397164280E1,-5.725792143E-3,-1.464737463E-3,-7.590003312E-3
5.399191208E1,-6.791055668E-3,-1.464737463E-3,-6.524739787E-3
5.401218135E1,-7.856319658E-3,-4.660528619E-3,-5.459476262E-3
5.403245062E1,-8.921583183E-3,-9.986846708E-3,-6.524739787E-3
5.405271984E1,-1.198421605E-2,-1.424790081E-2,-7.590003312E-3
5.407298911E1,-1.304947957E-2,-1.531316526E-2,-8.655266836E-3
5.409325843E1,-1.198421605E-2,-1.211737376E-2,-8.655266836E-3
5.411352760E1,-1.091895252E-2,-9.986846708E-3,-8.655266836E-3
5.413379692E1,-8.921583183E-3,-8.921583183E-3,-6.524739787E-3
5.415406619E1,-5.725792143E-3,-8.921583183E-3,-3.328948980E-3
5.417433546E1,-4.660528619E-3,-7.856319658E-3,-2.263685223E-3
5.419460473E1,-6.791055668E-3,-5.725792143E-3,-2.263685223E-3
5.421487400E1,-7.856319658E-3,-5.725792143E-3,-2.263685223E-3
5.423514322E1,-6.791055668E-3,-5.725792143E-3,-1.198421582E-3
5.425541249E1,-4.660528619E-3,-5.725792143E-3,-3.328948980E-3
5.427568176E1,-5.725792143E-3,-5.725792143E-3,-5.459476262E-3
5.429595103E1,-3.595264861E-3,-5.725792143E-3,-6.524739787E-3
5.431622025E1,-3.595264861E-3,-4.660528619E-3,-6.524739787E-3
5.433648952E1,-2.530001104E-3,-3.595264861E-3,-4.394212738E-3
5.435675880E1,-1.464737463E-3,-2.530001104E-3,-2.263685223E-3
5.437702801E1,-2.530001104E-3,-1.464737463E-3,9.321057005E-4
5.439729728E1,-1.464737463E-3,-3.994738800E-4,1.997369342E-3
5.441756656E1,-2.530001104E-3,-1.464737463E-3,1.997369342E-3
5.443783577E1,-6.791055668E-3,-7.856319658E-3,-1.198421582E-3
5.445810504E1,-1.091895252E-2,-1.531316526E-2,-7.590003312E-3
5.447837432E1,-1.304947957E-2,-1.637842879E-2,-1.185105834E-2
5.449864353E1,-1.304947957E-2,-1.211737376E-2,-9.720530361E-3
5.451891281E1,-8.921583183E-3,-6.791055668E-3,-4.394212738E-3
5.453918208E1,-6.791055668E-3,-1.464737463E-3,-2.263685223E-3
5.455945130E1,-3.994738800E-4,1.731053460E-3,-2.263685223E-3
5.457972057E1,2.796316985E-3,5.992108025E-3,-1.198421582E-3
5.459998978E1,-3.994738800E-4,3.861580743E-3,-1.331579551E-4
5.462025906E1,-4.660528619E-3,-2.530001104E-3,9.321057005E-4
5.464052827E1,-6.791055668E-3,-7.856319658E-3,9.321057005E-4
5.466079749E1,-5.725792143E-3,-1.105211023E-2,-1.331579551E-4
5.468106676E1,-3.595264861E-3,-8.921583183E-3,-2.263685223E-3
5.470133598E1,-1.464737463E-3,-3.595264861E-3,-4.394212738E-3
5.472160525E1,-3.994738800E-4,6.657897611E-4,-3.328948980E-3
5.474187447E1,-3.994738800E-4,1.731053460E-3,9.321057005E-4
5.476214369E1,-3.994738800E-4,6.657897611E-4,3.062632866E-3
5.478241296E1,-1.464737463E-3,-1.464737463E-3,3.062632866E-3
5.480268218E1,-2.530001104E-3,-2.530001104E-3,1.997369342E-3
5.482295140E1,-3.994738800E-4,-1.464737463E-3,-1.198421582E-3
5.484322067E1,6.657897611E-4,-1.464737463E-3,-3.328948980E-3
5.486348989E1,6.657897611E-4,-3.994738800E-4,-5.459476262E-3
5.488375911E1,6.657897611E-4,6.657897611E-4,-3.328948980E-3
5.490402833E1,6.657897611E-4,1.731053460E-3,9.321057005E-4
5.492429760E1,2.796316985E-3,3.861580743E-3,4.127896391E-3
5.494456682E1,3.861580743E-3,4.926844500E-3,5.193160381E-3
5.496483603E1,2.796316985E-3,3.861580743E-3,5.193160381E-3
5.498510525E1,6.657897611E-4,1.731053460E-3,4.127896391E-3
5.500537452E1,-1.464737463E-3,-2.530001104E-3,3.062632866E-3
5.502564374E1,-5.725792143E-3,-5.725792143E-3,-1.331579551E-4
5.504591296E1,-1.091895252E-2,-1.318263728E-2,-9.720530361E-3
5.506618223E1,-9.853689000E-3,-1.531316526E-2,-1.504684892E-2
5.508645145E1,-6.791055668E-3,-9.986846708E-3,-1.185105834E-2
5.510672067E1,-5.725792143E-3,-5.725792143E-3,-4.394212738E-3
5.512712067E1,-2.530001104E-3,-3.994738800E-4,9.321057005E-4
5.514725911E1,2.796316985E-3,5.992108025E-3,-1.331579551E-4
5.516752838E1,5.992108025E-3,9.187898599E-3,-1.331579551E-4
5.518779760E1,3.861580743E-3,5.992108025E-3,1.997369342E-3
5.520806682E1,-1.464737463E-3,-3.994738800E-4,3.062632866E-3
5.522846682E1,-5.725792143E-3,-6.791055668E-3,3.062632866E-3
5.524860531E1,-4.660528619E-3,-8.921583183E-3,1.997369342E-3
5.526887452E1,-1.464737463E-3,-5.725792143E-3,-1.198421582E-3
5.528914374E1,1.731053460E-3,-3.994738800E-4,-5.459476262E-3
5.530941296E1,1.731053460E-3,1.731053460E-3,-6.524739787E-3
5.532981296E1,6.657897611E-4,1.731053460E-3,-2.263685223E-3
5.534995140E1,-3.994738800E-4,-3.994738800E-4,9.321057005E-4
5.537022062E1,-1.464737463E-3,-1.464737463E-3,3.062632866E-3
5.539048989E1,-1.464737463E-3,-1.464737463E-3,3.062632866E-3
5.541075911E1,-3.994738800E-4,-1.464737463E-3,3.062632866E-3
5.543102833E1,2.796316985E-3,-3.994738800E-4,-1.331579551E-4
5.545129754E1,2.796316985E-3,1.731053460E-3,-1.331579551E-4
5.547156676E1,1.731053460E-3,3.861580743E-3,-1.198421582E-3
5.549183598E1,1.731053460E-3,4.926844500E-3,-1.331579551E-4
5.551210525E1,1.731053460E-3,3.861580743E-3,9.321057005E-4
5.553237447E1,3.861580743E-3,3.861580743E-3,-1.198421582E-3
5.555264369E1,4.926844500E-3,4.926844500E-3,-1.331579551E-4
5.557291291E1,2.796316985E-3,3.861580743E-3,3.062632866E-3
5.559318208E1,-3.994738800E-4,1.731053460E-3,4.127896391E-3
5.561345135E1,-2.530001104E-3,-2.530001104E-3,5.193160381E-3
5.563372062E1,-6.791055668E-3,-7.856319658E-3,-1.331579551E-4
5.565398984E1,-9.853689000E-3,-1.424790081E-2,-8.655266836E-3
5.567425906E1,-7.856319658E-3,-1.318263728E-2,-1.078579482E-2
5.569452827E1,-5.725792143E-3,-9.986846708E-3,-4.394212738E-3
5.571479749E1,-4.660528619E-3,-4.660528619E-3,-1.331579551E-4
5.573506671E1,6.657897611E-4,2.796316985E-3,-1.331579551E-4
5.575533593E1,8.122635074E-3,9.187898599E-3,-1.198421582E-3
5.577560515E1,8.122635074E-3,1.238369010E-2,-1.198421582E-3
5.579587437E1,2.796316985E-3,5.992108025E-3,-1.198421582E-3
5.581614359E1,-3.595264861E-3,-3.595264861E-3,1.997369342E-3
5.583641280E1,-5.725792143E-3,-7.856319658E-3,5.193160381E-3
5.585668202E1,-3.595264861E-3,-7.856319658E-3,3.062632866E-3
5.587695124E1,-3.994738800E-4,-3.595264861E-3,-2.263685223E-3
5.589722051E1,1.731053460E-3,6.657897611E-4,-5.459476262E-3
5.591748968E1,6.657897611E-4,1.731053460E-3,-4.394212738E-3
5.593775890E1,-3.994738800E-4,2.796316985E-3,-1.331579551E-4
5.595802817E1,-2.530001104E-3,1.731053460E-3,4.127896391E-3
5.597829734E1,-1.464737463E-3,1.731053460E-3,6.258423906E-3
5.599856656E1,1.731053460E-3,2.796316985E-3,4.127896391E-3
5.601883577E1,5.992108025E-3,4.926844500E-3,3.062632866E-3
5.603910499E1,5.992108025E-3,7.057371549E-3,3.062632866E-3
5.605937421E1,5.992108025E-3,8.122635074E-3,1.997369342E-3
5.607964343E1,5.992108025E-3,1.131842658E-2,9.321057005E-4
5.609991270E1,7.057371549E-3,1.344895363E-2,3.062632866E-3
5.612018192E1,1.025316212E-2,1.238369010E-2,7.323687430E-3
5.614045109E1,1.238369010E-2,1.131842658E-2,9.454214945E-3
5.616072036E1,1.131842658E-2,1.025316212E-2,9.454214945E-3
5.618098958E1,7.057371549E-3,1.025316212E-2,9.454214945E-3
5.620125880E1,5.992108025E-3,1.025316212E-2,1.051947847E-2
5.622152801E1,5.992108025E-3,9.187898599E-3,9.454214945E-3
5.624179723E1,3.861580743E-3,3.861580743E-3,4.127896391E-3
5.626206645E1,1.731053460E-3,-3.994738800E-4,-2.263685223E-3
5.628233567E1,1.731053460E-3,1.731053460E-3,-1.198421582E-3
5.630260489E1,4.926844500E-3,4.926844500E-3,6.258423906E-3
5.632287411E1,1.025316212E-2,1.131842658E-2,7.323687430E-3
5.634314333E1,1.557948068E-2,1.877527125E-2,8.388951421E-3
5.636341254E1,1.877527125E-2,2.197106183E-2,1.051947847E-2
5.638368176E1,1.877527125E-2,1.877527125E-2,9.454214945E-3
5.640395098E1,1.557948068E-2,1.344895363E-2,8.388951421E-3
5.642422020E1,1.025316212E-2,8.122635074E-3,7.323687430E-3
5.644448937E1,8.122635074E-3,8.122635074E-3,8.388951421E-3
5.646475859E1,9.187898599E-3,1.025316212E-2,8.388951421E-3
5.648502786E1,1.131842658E-2,1.344895363E-2,8.388951421E-3
5.650529713E1,1.344895363E-2,1.451421715E-2,8.388951421E-3
5.652556635E1,1.451421715E-2,1.344895363E-2,9.454214945E-3
5.654583557E1,1.131842658E-2,9.187898599E-3,1.051947847E-2
5.656610478E1,9.187898599E-3,8.122635074E-3,1.051947847E-2
5.658637406E1,9.187898599E-3,1.131842658E-2,8.388951421E-3
5.660664327E1,1.025316212E-2,1.344895363E-2,6.258423906E-3
5.662704327E1,1.238369010E-2,1.238369010E-2,7.323687430E-3
5.664718171E1,1.344895363E-2,1.131842658E-2,7.323687430E-3
5.666745098E1,1.451421715E-2,1.344895363E-2,8.388951421E-3
5.668772020E1,1.238369010E-2,1.557948068E-2,6.258423906E-3
5.670798942E1,1.344895363E-2,1.664474420E-2,7.323687430E-3
5.672838942E1,1.344895363E-2,1.557948068E-2,8.388951421E-3
5.674852791E1,1.238369010E-2,1.451421715E-2,9.454214945E-3
5.676879713E1,9.187898599E-3,9.187898599E-3,9.454214945E-3
5.678906635E1,8.122635074E-3,9.187898599E-3,8.388951421E-3
5.680933557E1,1.131842658E-2,1.238369010E-2,7.323687430E-3
5.682973557E1,9.187898599E-3,1.131842658E-2,6.258423906E-3
5.684987406E1,2.796316985E-3,6.657897611E-4,7.323687430E-3
5.687014333E1,-4.660528619E-3,-4.660528619E-3,8.388951421E-3
5.689041255E1,-2.530001104E-3,-4.660528619E-3,9.454214945E-3
5.691068176E1,5.992108025E-3,4.926844500E-3,6.258423906E-3
5.693108176E1,1.238369010E-2,1.664474420E-2,3.062632866E-3
5.695122025E1,1.664474420E-2,2.090579830E-2,1.997369342E-3
5.697148947E1,1.344895363E-2,1.771000773E-2,1.997369342E-3
5.699175874E1,8.122635074E-3,1.131842658E-2,3.062632866E-3
5.701202796E1,3.861580743E-3,3.861580743E-3,1.997369342E-3
5.703229723E1,1.731053460E-3,1.731053460E-3,1.997369342E-3
5.705256645E1,1.731053460E-3,3.861580743E-3,3.062632866E-3
5.707283572E1,2.796316985E-3,4.926844500E-3,4.127896391E-3
5.709310494E1,2.796316985E-3,4.926844500E-3,4.127896391E-3
5.711337416E1,3.861580743E-3,4.926844500E-3,6.258423906E-3
5.713364343E1,3.861580743E-3,3.861580743E-3,6.258423906E-3
5.715391265E1,2.796316985E-3,5.992108025E-3,5.193160381E-3
5.717418192E1,4.926844500E-3,8.122635074E-3,5.193160381E-3
5.719445114E1,5.992108025E-3,7.057371549E-3,4.127896391E-3
5.721472041E1,7.057371549E-3,5.992108025E-3,4.127896391E-3
5.723498963E1,3.861580743E-3,6.657897611E-4,3.062632866E-3
5.725525885E1,-2.530001104E-3,-2.530001104E-3,-1.331579551E-4
5.727552812E1,-6.791055668E-3,-5.725792143E-3,-4.394212738E-3
5.729579734E1,-7.856319658E-3,-1.105211023E-2,-7.590003312E-3
5.731606661E1,-8.921583183E-3,-1.318263728E-2,-1.078579482E-2
5.733633583E1,-8.921583183E-3,-1.424790081E-2,-1.185105834E-2
5.735660510E1,-1.091895252E-2,-1.531316526E-2,-8.655266836E-3
5.737687432E1,-1.304947957E-2,-1.531316526E-2,-6.524739787E-3
5.739714359E1,-8.921583183E-3,-8.921583183E-3,-7.590003312E-3
5.741741281E1,-1.198421605E-2,-1.105211023E-2,-6.524739787E-3
5.743768202E1,-2.157158963E-2,-2.490053698E-2,-8.655266836E-3
5.745795130E1,-2.796317078E-2,-3.342264518E-2,-1.185105834E-2
5.747822057E1,-2.689790726E-2,-2.916159295E-2,-1.185105834E-2
5.749848978E1,-2.050632425E-2,-2.383527346E-2,-1.078579482E-2
5.751875900E1,-1.198421605E-2,-1.424790081E-2,-1.078579482E-2
5.753902827E1,-7.856319658E-3,-5.725792143E-3,-1.398158539E-2
5.755929749E1,-7.856319658E-3,-3.595264861E-3,-1.185105834E-2
5.757956676E1,-1.091895252E-2,-7.856319658E-3,-8.655266836E-3
5.759983598E1,-1.304947957E-2,-1.318263728E-2,-8.655266836E-3
5.762010525E1,-1.518000662E-2,-1.744369231E-2,-9.720530361E-3
5.764037447E1,-1.518000662E-2,-1.957421936E-2,-8.655266836E-3
5.766064374E1,-1.518000662E-2,-1.744369231E-2,-9.720530361E-3
5.768091296E1,-1.198421605E-2,-1.318263728E-2,-9.720530361E-3
5.770118223E1,-1.091895252E-2,-9.986846708E-3,-9.720530361E-3
5.772145145E1,-9.853689000E-3,-1.105211023E-2,-7.590003312E-3
5.774172067E1,-1.091895252E-2,-1.211737376E-2,-5.459476262E-3
5.776198994E1,-1.091895252E-2,-1.105211023E-2,-3.328948980E-3
5.778225916E1,-9.853689000E-3,-1.105211023E-2,-2.263685223E-3
5.780252838E1,-7.856319658E-3,-8.921583183E-3,-4.394212738E-3
5.782279765E1,-5.725792143E-3,-6.791055668E-3,-4.394212738E-3
5.784306692E1,-7.856319658E-3,-6.791055668E-3,-5.459476262E-3
5.786333614E1,-7.856319658E-3,-6.791055668E-3,-5.459476262E-3
5.788360541E1,-6.791055668E-3,-6.791055668E-3,-6.524739787E-3
5.790387463E1,-4.660528619E-3,-5.725792143E-3,-7.590003312E-3
5.792414390E1,-3.595264861E-3,-4.660528619E-3,-6.524739787E-3
5.794441312E1,-1.464737463E-3,-2.530001104E-3,-2.263685223E-3
5.796468239E1,-3.994738800E-4,-1.464737463E-3,-1.331579551E-4
5.798495161E1,-2.530001104E-3,-1.464737463E-3,1.997369342E-3
5.800522083E1,-2.530001104E-3,-2.530001104E-3,1.997369342E-3
5.802549010E1,-5.725792143E-3,-5.725792143E-3,-1.331579551E-4
5.804575932E1,-1.091895252E-2,-1.211737376E-2,-6.524739787E-3
5.806602853E1,-1.304947957E-2,-1.531316526E-2,-1.291632187E-2
5.808629780E1,-1.091895252E-2,-1.424790081E-2,-1.078579482E-2
5.810656702E1,-9.853689000E-3,-1.105211023E-2,-5.459476262E-3
5.812696702E1,-7.856319658E-3,-5.725792143E-3,-2.263685223E-3
5.814710541E1,-1.464737463E-3,6.657897611E-4,-1.198421582E-3
5.816737473E1,1.731053460E-3,4.926844500E-3,-2.263685223E-3
5.818764400E1,1.731053460E-3,4.926844500E-3,-1.198421582E-3
5.820791322E1,-2.530001104E-3,6.657897611E-4,-1.198421582E-3
5.822831322E1,-4.660528619E-3,-5.725792143E-3,-1.331579551E-4
5.824845171E1,-5.725792143E-3,-8.921583183E-3,-1.331579551E-4
5.826872093E1,-4.660528619E-3,-8.921583183E-3,-2.263685223E-3
5.828899015E1,-2.530001104E-3,-5.725792143E-3,-3.328948980E-3
5.830925937E1,-1.464737463E-3,-2.530001104E-3,-3.328948980E-3
5.832965937E1,-3.994738800E-4,6.657897611E-4,-2.263685223E-3
5.834979786E1,-1.464737463E-3,1.731053460E-3,9.321057005E-4
5.837006708E1,-3.595264861E-3,-3.994738800E-4,3.062632866E-3
5.839033635E1,-2.530001104E-3,-3.595264861E-3,3.062632866E-3
5.841060557E1,-3.994738800E-4,-2.530001104E-3,-1.331579551E-4
5.843087551E1,1.731053460E-3,-1.464737463E-3,-1.198421582E-3
5.845114400E1,1.731053460E-3,-3.994738800E-4,-2.263685223E-3
5.847141327E1,6.657897611E-4,6.657897611E-4,-3.328948980E-3
5.849168249E1,6.657897611E-4,2.796316985E-3,-2.263685223E-3
5.851195171E1,1.731053460E-3,3.861580743E-3,9.321057005E-4
5.853222093E1,3.861580743E-3,4.926844500E-3,3.062632866E-3
5.855249015E1,4.926844500E-3,3.861580743E-3,5.193160381E-3
5.857275942E1,1.731053460E-3,2.796316985E-3,4.127896391E-3
5.859302864E1,-1.464737463E-3,-3.994738800E-4,3.062632866E-3
5.861329786E1,-3.595264861E-3,-2.530001104E-3,1.997369342E-3
5.863356708E1,-7.856319658E-3,-9.986846708E-3,-5.459476262E-3
5.865383630E1,-8.921583183E-3,-1.637842879E-2,-1.185105834E-2
5.867410557E1,-7.856319658E-3,-1.318263728E-2,-1.398158539E-2
5.869437478E1,-6.791055668E-3,-8.921583183E-3,-6.524739787E-3
5.871464400E1,-6.791055668E-3,-5.725792143E-3,9.321057005E-4
5.873491322E1,-2.530001104E-3,6.657897611E-4,1.997369342E-3
5.875518244E1,5.992108025E-3,9.187898599E-3,9.321057005E-4
5.877545166E1,7.057371549E-3,1.344895363E-2,-1.198421582E-3
5.879572088E1,2.796316985E-3,8.122635074E-3,-1.198421582E-3
5.881599015E1,-4.660528619E-3,-2.530001104E-3,1.997369342E-3
5.883625937E1,-6.791055668E-3,-9.986846708E-3,5.193160381E-3
5.885652859E1,-4.660528619E-3,-8.921583183E-3,1.997369342E-3
5.887679780E1,-1.464737463E-3,-3.595264861E-3,-2.263685223E-3
5.889706708E1,-3.994738800E-4,-3.994738800E-4,-3.328948980E-3
5.891733630E1,6.657897611E-4,1.731053460E-3,-2.263685223E-3
5.893760551E1,6.657897611E-4,1.731053460E-3,1.997369342E-3
5.895787473E1,-3.994738800E-4,-3.994738800E-4,5.193160381E-3
5.897814400E1,-1.464737463E-3,-2.530001104E-3,4.127896391E-3
5.899841322E1,-3.994738800E-4,-1.464737463E-3,9.321057005E-4
5.901868244E1,1.731053460E-3,6.657897611E-4,-2.263685223E-3
5.903895166E1,2.796316985E-3,1.731053460E-3,-2.263685223E-3
5.905922088E1,3.861580743E-3,3.861580743E-3,-3.328948980E-3
5.907949015E1,1.731053460E-3,5.992108025E-3,-2.263685223E-3
5.909975937E1,6.657897611E-4,4.926844500E-3,-1.331579551E-4
5.912002859E1,6.657897611E-4,3.861580743E-3,1.997369342E-3
5.914029780E1,2.796316985E-3,2.796316985E-3,3.062632866E-3
5.916056708E1,3.861580743E-3,2.796316985E-3,4.127896391E-3
5.918083630E1,6.657897611E-4,1.731053460E-3,6.258423906E-3
5.920110551E1,-3.994738800E-4,1.731053460E-3,6.258423906E-3
5.922137473E1,-2.530001104E-3,-3.994738800E-4,4.127896391E-3
5.924164395E1,-5.725792143E-3,-5.725792143E-3,-1.331579551E-4
5.926191322E1,-7.856319658E-3,-1.105211023E-2,-7.590003312E-3
5.928218244E1,-6.791055668E-3,-1.211737376E-2,-9.720530361E-3
5.930245166E1,-4.660528619E-3,-8.921583183E-3,-3.328948980E-3
5.932272088E1,-3.595264861E-3,-2.530001104E-3,1.997369342E-3
5.934299010E1,3.861580743E-3,8.122635074E-3,1.997369342E-3
5.936325937E1,1.238369010E-2,1.771000773E-2,-1.331579551E-4
5.938352859E1,1.557948068E-2,2.090579830E-2,9.321057005E-4
5.940379780E1,1.025316212E-2,1.771000773E-2,5.193160381E-3
5.942406702E1,5.992108025E-3,8.122635074E-3,1.051947847E-2
5.944433624E1,3.861580743E-3,1.731053460E-3,1.371526904E-2
5.946460551E1,5.992108025E-3,2.796316985E-3,1.371526904E-2
5.948487473E1,1.131842658E-2,1.025316212E-2,1.158474199E-2
5.950514395E1,1.344895363E-2,1.557948068E-2,7.323687430E-3
5.952541317E1,1.451421715E-2,1.877527125E-2,6.258423906E-3
5.954568239E1,1.344895363E-2,1.664474420E-2,9.454214945E-3
5.956595166E1,1.238369010E-2,1.344895363E-2,1.051947847E-2
5.958622088E1,1.451421715E-2,1.451421715E-2,1.158474199E-2
5.960649010E1,1.557948068E-2,1.664474420E-2,9.454214945E-3
5.962689010E1,1.664474420E-2,1.771000773E-2,7.323687430E-3
5.964702848E1,1.557948068E-2,1.771000773E-2,8.388951421E-3
5.966729775E1,1.771000773E-2,1.771000773E-2,9.454214945E-3
5.968756697E1,1.877527125E-2,1.984053478E-2,1.158474199E-2
5.970783619E1,1.664474420E-2,1.984053478E-2,1.371526904E-2
5.972823619E1,1.771000773E-2,1.664474420E-2,1.478053257E-2
5.974837468E1,1.557948068E-2,1.451421715E-2,1.371526904E-2
5.976864390E1,1.451421715E-2,1.344895363E-2,1.158474199E-2
5.978891312E1,1.131842658E-2,1.238369010E-2,7.323687430E-3
5.980918234E1,1.238369010E-2,1.664474420E-2,6.258423906E-3
5.982958234E1,1.451421715E-2,1.664474420E-2,8.388951421E-3
5.984987911E1,8.122635074E-3,9.187898599E-3,7.323687430E-3
5.986999098E1,6.657897611E-4,-3.994738800E-4,5.193160381E-3
5.989026005E1,-1.464737463E-3,-3.595264861E-3,7.323687430E-3
5.991052911E1,2.796316985E-3,1.731053460E-3,9.454214945E-3
5.993092911E1,9.187898599E-3,1.131842658E-2,7.323687430E-3
5.995106744E1,1.451421715E-2,1.984053478E-2,7.323687430E-3
5.997133650E1,1.771000773E-2,2.197106183E-2,6.258423906E-3
5.999160567E1,1.451421715E-2,1.877527125E-2,6.258423906E-3
6.001187478E1,1.025316212E-2,1.238369010E-2,5.193160381E-3
6.003214395E1,5.992108025E-3,7.057371549E-3,5.193160381E-3
6.005241312E1,7.057371549E-3,5.992108025E-3,5.193160381E-3
6.007268234E1,8.122635074E-3,8.122635074E-3,4.127896391E-3
6.009295145E1,1.025316212E-2,1.025316212E-2,7.323687430E-3
6.011322067E1,1.025316212E-2,9.187898599E-3,9.454214945E-3
6.013348989E1,1.025316212E-2,1.025316212E-2,1.051947847E-2
6.015375911E1,1.131842658E-2,1.238369010E-2,1.051947847E-2
6.017402833E1,1.025316212E-2,1.238369010E-2,1.051947847E-2
6.019429755E1,1.025316212E-2,1.131842658E-2,9.454214945E-3
6.021456671E1,1.238369010E-2,1.344895363E-2,8.388951421E-3
6.023483593E1,1.557948068E-2,1.451421715E-2,8.388951421E-3
6.025510515E1,1.344895363E-2,1.238369010E-2,8.388951421E-3
6.027537437E1,1.131842658E-2,1.451421715E-2,7.323687430E-3
6.029564359E1,1.025316212E-2,1.344895363E-2,5.193160381E-3
6.031604359E1,1.025316212E-2,1.025316212E-2,4.127896391E-3
6.033618202E1,1.025316212E-2,1.131842658E-2,4.127896391E-3
6.035645119E1,1.025316212E-2,1.344895363E-2,7.323687430E-3
6.037672041E1,8.122635074E-3,1.131842658E-2,1.051947847E-2
6.039698963E1,8.122635074E-3,1.025316212E-2,9.454214945E-3
6.041725885E1,1.131842658E-2,1.344895363E-2,7.323687430E-3
6.043752801E1,8.122635074E-3,1.025316212E-2,7.323687430E-3
6.045779723E1,-1.464737463E-3,-3.595264861E-3,7.323687430E-3
6.047806645E1,-6.791055668E-3,-9.986846708E-3,6.258423906E-3
6.049833567E1,-2.530001104E-3,-6.791055668E-3,6.258423906E-3
6.051860489E1,4.926844500E-3,2.796316985E-3,4.127896391E-3
6.053887411E1,8.122635074E-3,1.344895363E-2,-1.331579551E-4
6.055914327E1,4.926844500E-3,1.131842658E-2,-1.198421582E-3
6.057941249E1,-2.530001104E-3,-3.994738800E-4,-2.263685223E-3
6.059968171E1,-8.921583183E-3,-1.105211023E-2,-4.394212738E-3
6.061995088E1,-1.304947957E-2,-2.063948289E-2,-8.655266836E-3
6.064022010E1,-1.624527015E-2,-2.383527346E-2,-1.291632187E-2
6.066048932E1,-1.731053367E-2,-2.277000993E-2,-1.611211337E-2
6.068075848E1,-1.731053367E-2,-1.957421936E-2,-1.504684892E-2
6.070102770E1,-1.944106072E-2,-1.850895584E-2,-1.504684892E-2
6.072129692E1,-2.050632425E-2,-2.277000993E-2,-1.291632187E-2
6.074156614E1,-2.050632425E-2,-2.596580051E-2,-8.655266836E-3
6.076183531E1,-2.370211668E-2,-2.596580051E-2,-9.720530361E-3
6.078210452E1,-2.583264373E-2,-2.703106403E-2,-1.078579482E-2
6.080237374E1,-2.583264373E-2,-2.490053698E-2,-1.398158539E-2
6.082264291E1,-2.370211668E-2,-2.490053698E-2,-1.717737690E-2
6.084291213E1,-2.370211668E-2,-2.490053698E-2,-1.930790395E-2
6.086318130E1,-2.370211668E-2,-2.490053698E-2,-2.143843099E-2
6.088345051E1,-2.157158963E-2,-2.383527346E-2,-2.356895804E-2
6.090371973E1,-1.731053367E-2,-1.850895584E-2,-2.463422157E-2
6.092398890E1,-1.624527015E-2,-1.744369231E-2,-2.143843099E-2
6.094425812E1,-1.731053367E-2,-1.637842879E-2,-1.504684892E-2
6.096452728E1,-1.624527015E-2,-1.637842879E-2,-9.720530361E-3
6.098479650E1,-1.624527015E-2,-1.744369231E-2,-4.394212738E-3
6.100506572E1,-1.411474310E-2,-1.424790081E-2,-2.263685223E-3
6.102533489E1,-9.853689000E-3,-9.986846708E-3,9.321057005E-4
6.104560406E1,-1.091895252E-2,-1.211737376E-2,-1.331579551E-4
6.106587327E1,-1.624527015E-2,-1.957421936E-2,-7.590003312E-3
6.108614249E1,-1.837579720E-2,-2.277000993E-2,-1.398158539E-2
6.110641166E1,-1.944106072E-2,-1.957421936E-2,-1.611211337E-2
6.112681166E1,-1.624527015E-2,-1.531316526E-2,-1.611211337E-2
6.114695005E1,-9.853689000E-3,-8.921583183E-3,-1.398158539E-2
6.116721921E1,-3.595264861E-3,-1.464737463E-3,-1.078579482E-2
6.118748843E1,-1.464737463E-3,2.796316985E-3,-7.590003312E-3
6.120775760E1,-2.530001104E-3,1.731053460E-3,-4.394212738E-3
6.122815760E1,-4.660528619E-3,-2.530001104E-3,-1.198421582E-3
6.124829598E1,-7.856319658E-3,-6.791055668E-3,9.321057005E-4
6.126856515E1,-6.791055668E-3,-7.856319658E-3,9.321057005E-4
6.128883437E1,-5.725792143E-3,-8.921583183E-3,-1.198421582E-3
6.130910353E1,-4.660528619E-3,-7.856319658E-3,-4.394212738E-3
6.132950353E1,-3.595264861E-3,-4.660528619E-3,-5.459476262E-3
6.134964187E1,-1.464737463E-3,-2.530001104E-3,-3.328948980E-3
6.136991109E1,-2.530001104E-3,-1.464737463E-3,-1.198421582E-3
6.139018025E1,-3.595264861E-3,-3.994738800E-4,-1.198421582E-3
6.141044942E1,-1.464737463E-3,-3.994738800E-4,-1.331579551E-4
6.143071859E1,6.657897611E-4,-3.994738800E-4,-1.331579551E-4
6.145098775E1,6.657897611E-4,-2.530001104E-3,9.321057005E-4
6.147125697E1,6.657897611E-4,-3.994738800E-4,-1.331579551E-4
6.149152614E1,-3.994738800E-4,1.731053460E-3,-2.263685223E-3
6.151179531E1,-3.994738800E-4,6.657897611E-4,-2.263685223E-3
6.153206447E1,1.731053460E-3,6.657897611E-4,-1.198421582E-3
6.155233364E1,1.731053460E-3,6.657897611E-4,-1.331579551E-4
6.157260280E1,1.731053460E-3,3.861580743E-3,9.321057005E-4
6.159287197E1,1.731053460E-3,5.992108025E-3,1.997369342E-3
6.161314114E1,6.657897611E-4,2.796316985E-3,4.127896391E-3
6.163341031E1,-3.595264861E-3,-2.530001104E-3,1.997369342E-3
6.165367947E1,-8.921583183E-3,-1.105211023E-2,-3.328948980E-3
6.167394864E1,-9.853689000E-3,-1.531316526E-2,-1.078579482E-2
6.169421780E1,-7.856319658E-3,-1.105211023E-2,-1.078579482E-2
6.171448697E1,-6.791055668E-3,-8.921583183E-3,-3.328948980E-3
6.173475614E1,-4.660528619E-3,-4.660528619E-3,-1.331579551E-4
6.175502531E1,-1.464737463E-3,1.731053460E-3,-1.331579551E-4
6.177529447E1,3.861580743E-3,8.122635074E-3,-1.198421582E-3
6.179556364E1,2.796316985E-3,9.187898599E-3,-2.263685223E-3
6.181583281E1,-1.464737463E-3,2.796316985E-3,-1.198421582E-3
6.183610192E1,-3.595264861E-3,-3.595264861E-3,9.321057005E-4
6.185637109E1,-2.530001104E-3,-7.856319658E-3,3.062632866E-3
6.187664025E1,-3.994738800E-4,-7.856319658E-3,-1.331579551E-4
6.189690942E1,6.657897611E-4,-3.595264861E-3,-3.328948980E-3
6.191717859E1,-3.994738800E-4,2.796316985E-3,-4.394212738E-3
6.193744775E1,-1.464737463E-3,2.796316985E-3,-1.198421582E-3
6.195771687E1,-2.530001104E-3,1.731053460E-3,-1.331579551E-4
6.197798603E1,-2.530001104E-3,-2.530001104E-3,1.997369342E-3
6.199825520E1,-3.994738800E-4,-4.660528619E-3,4.127896391E-3
6.201852437E1,-3.994738800E-4,-1.464737463E-3,1.997369342E-3
6.203879348E1,1.731053460E-3,1.731053460E-3,-1.331579551E-4
6.205906265E1,2.796316985E-3,4.926844500E-3,-1.331579551E-4
6.207933182E1,1.731053460E-3,4.926844500E-3,-1.198421582E-3
6.209960098E1,2.796316985E-3,3.861580743E-3,-2.263685223E-3
6.211987010E1,2.796316985E-3,2.796316985E-3,-1.331579551E-4
6.214013926E1,1.731053460E-3,3.861580743E-3,9.321057005E-4
6.216040843E1,2.796316985E-3,4.926844500E-3,3.062632866E-3
6.218067754E1,2.796316985E-3,3.861580743E-3,5.193160381E-3
6.220094666E1,6.657897611E-4,3.861580743E-3,7.323687430E-3
6.222121588E1,1.731053460E-3,2.796316985E-3,6.258423906E-3
6.224148505E1,-1.464737463E-3,6.657897611E-4,3.062632866E-3
6.226175416E1,-4.660528619E-3,-5.725792143E-3,-4.394212738E-3
6.228202333E1,-3.595264861E-3,-6.791055668E-3,-8.655266836E-3
6.230229249E1,6.657897611E-4,-3.994738800E-4,-1.198421582E-3
6.232256161E1,3.861580743E-3,3.861580743E-3,8.388951421E-3
6.234283077E1,9.187898599E-3,1.451421715E-2,1.371526904E-2
6.236309989E1,1.771000773E-2,2.516685426E-2,1.371526904E-2
6.238336906E1,2.303632535E-2,3.049317189E-2,1.265000552E-2
6.240363817E1,1.984053478E-2,2.623211779E-2,1.158474199E-2
6.242390734E1,1.451421715E-2,1.664474420E-2,1.051947847E-2
6.244417650E1,1.025316212E-2,1.025316212E-2,1.158474199E-2
6.246444562E1,1.344895363E-2,1.131842658E-2,1.051947847E-2
6.248471478E1,1.771000773E-2,1.451421715E-2,8.388951421E-3
6.250498390E1,2.090579830E-2,1.877527125E-2,7.323687430E-3
6.252525307E1,1.771000773E-2,1.984053478E-2,8.388951421E-3
6.254552223E1,1.557948068E-2,1.664474420E-2,1.158474199E-2
6.256579135E1,1.344895363E-2,1.451421715E-2,1.584579609E-2
6.258606051E1,1.238369010E-2,1.451421715E-2,1.691105962E-2
6.260632963E1,1.131842658E-2,1.451421715E-2,1.371526904E-2
6.262672963E1,1.344895363E-2,1.344895363E-2,1.158474199E-2
6.264686791E1,1.664474420E-2,1.664474420E-2,1.158474199E-2
6.266713702E1,1.771000773E-2,1.877527125E-2,1.051947847E-2
6.268740619E1,1.771000773E-2,1.984053478E-2,8.388951421E-3
6.270767530E1,1.771000773E-2,2.090579830E-2,6.258423906E-3
6.272807531E1,1.664474420E-2,2.090579830E-2,7.323687430E-3
6.274821359E1,1.664474420E-2,1.877527125E-2,8.388951421E-3
6.276848275E1,1.771000773E-2,1.771000773E-2,1.051947847E-2
6.278875187E1,1.344895363E-2,1.238369010E-2,1.265000552E-2
6.280902098E1,9.187898599E-3,1.025316212E-2,1.158474199E-2
6.282942098E1,1.131842658E-2,1.344895363E-2,1.051947847E-2
6.284955926E1,1.238369010E-2,1.664474420E-2,1.051947847E-2
6.286982838E1,7.057371549E-3,8.122635074E-3,1.051947847E-2
6.289009754E1,6.657897611E-4,-1.464737463E-3,8.388951421E-3
6.291036666E1,6.657897611E-4,-1.464737463E-3,9.454214945E-3
6.293076666E1,8.122635074E-3,4.926844500E-3,9.454214945E-3
6.295090494E1,1.451421715E-2,1.877527125E-2,4.127896391E-3
6.297117406E1,1.771000773E-2,2.516685426E-2,4.127896391E-3
6.299144317E1,1.557948068E-2,2.197106183E-2,4.127896391E-3
6.301171228E1,1.131842658E-2,1.451421715E-2,6.258423906E-3
6.303198140E1,1.025316212E-2,8.122635074E-3,7.323687430E-3
6.305225057E1,8.122635074E-3,5.992108025E-3,5.193160381E-3
6.307251968E1,7.057371549E-3,7.057371549E-3,6.258423906E-3
6.309278880E1,4.926844500E-3,8.122635074E-3,8.388951421E-3
6.311305791E1,4.926844500E-3,9.187898599E-3,8.388951421E-3
6.313332702E1,7.057371549E-3,9.187898599E-3,7.323687430E-3
6.315359619E1,1.025316212E-2,9.187898599E-3,7.323687430E-3
6.317386531E1,1.131842658E-2,1.025316212E-2,7.323687430E-3
6.319413442E1,1.025316212E-2,1.131842658E-2,7.323687430E-3
6.321440353E1,9.187898599E-3,1.238369010E-2,7.323687430E-3
6.323467265E1,9.187898599E-3,1.238369010E-2,7.323687430E-3
6.325494182E1,1.025316212E-2,1.025316212E-2,7.323687430E-3
6.327521093E1,9.187898599E-3,9.187898599E-3,6.258423906E-3
6.329548005E1,1.025316212E-2,1.131842658E-2,6.258423906E-3
6.331574916E1,1.025316212E-2,1.238369010E-2,5.193160381E-3
6.333601827E1,9.187898599E-3,9.187898599E-3,5.193160381E-3
6.335628739E1,9.187898599E-3,7.057371549E-3,5.193160381E-3
6.337655645E1,4.926844500E-3,5.992108025E-3,6.258423906E-3
6.339682562E1,3.861580743E-3,4.926844500E-3,7.323687430E-3
6.341709473E1,5.992108025E-3,8.122635074E-3,5.193160381E-3
6.343736385E1,4.926844500E-3,5.992108025E-3,3.062632866E-3
6.345763296E1,-7.856319658E-3,-1.105211023E-2,1.997369342E-3
6.347790208E1,-1.624527015E-2,-2.490053698E-2,-1.331579551E-4
6.349817119E1,-1.624527015E-2,-2.383527346E-2,-3.328948980E-3
6.351844031E1,-9.853689000E-3,-1.424790081E-2,-6.524739787E-3
6.353870942E1,-4.660528619E-3,-2.530001104E-3,-1.078579482E-2
6.355897853E1,-5.725792143E-3,-3.994738800E-4,-1.398158539E-2
6.357924765E1,-9.853689000E-3,-8.921583183E-3,-1.291632187E-2
6.359951682E1,-1.411474310E-2,-1.850895584E-2,-9.720530361E-3
6.361978588E1,-1.944106072E-2,-2.490053698E-2,-9.720530361E-3
6.364005499E1,-2.157158963E-2,-2.596580051E-2,-1.078579482E-2
6.366032411E1,-1.944106072E-2,-2.063948289E-2,-1.185105834E-2
6.368059322E1,-1.731053367E-2,-1.637842879E-2,-1.291632187E-2
6.370086234E1,-1.518000662E-2,-1.531316526E-2,-1.185105834E-2
6.372113145E1,-1.624527015E-2,-1.850895584E-2,-9.720530361E-3
6.374140057E1,-1.731053367E-2,-2.170474641E-2,-7.590003312E-3
6.376166968E1,-1.944106072E-2,-2.170474641E-2,-7.590003312E-3
6.378193880E1,-2.050632425E-2,-2.063948289E-2,-9.720530361E-3
6.380233880E1,-1.944106072E-2,-1.850895584E-2,-1.078579482E-2
6.382247702E1,-1.837579720E-2,-1.744369231E-2,-1.504684892E-2
6.384274614E1,-1.518000662E-2,-1.850895584E-2,-1.611211337E-2
6.386301525E1,-1.518000662E-2,-1.957421936E-2,-1.504684892E-2
6.388328437E1,-1.624527015E-2,-1.957421936E-2,-1.824264042E-2
6.390355348E1,-1.837579720E-2,-1.637842879E-2,-2.037316747E-2
6.392382260E1,-1.837579720E-2,-1.637842879E-2,-1.824264042E-2
6.394409171E1,-1.731053367E-2,-1.637842879E-2,-1.504684892E-2
6.396436083E1,-1.411474310E-2,-1.531316526E-2,-1.078579482E-2
6.398462994E1,-1.304947957E-2,-1.424790081E-2,-5.459476262E-3
6.400489900E1,-1.198421605E-2,-1.211737376E-2,-2.263685223E-3
6.402516812E1,-1.091895252E-2,-8.921583183E-3,-1.331579551E-4
6.404543723E1,-1.198421605E-2,-9.986846708E-3,-1.198421582E-3
6.406570635E1,-1.944106072E-2,-1.957421936E-2,-6.524739787E-3
6.408597546E1,-2.157158963E-2,-2.596580051E-2,-1.291632187E-2
6.410624458E1,-2.050632425E-2,-2.383527346E-2,-1.504684892E-2
6.412664458E1,-1.731053367E-2,-1.957421936E-2,-1.291632187E-2
6.414678275E1,-1.198421605E-2,-1.105211023E-2,-1.078579482E-2
6.416705187E1,-5.725792143E-3,-4.660528619E-3,-1.185105834E-2
6.418732098E1,-2.530001104E-3,6.657897611E-4,-1.185105834E-2
6.420759010E1,-2.530001104E-3,1.731053460E-3,-1.078579482E-2
6.422799010E1,-4.660528619E-3,-1.464737463E-3,-7.590003312E-3
6.424812827E1,-6.791055668E-3,-5.725792143E-3,-3.328948980E-3
6.426839739E1,-6.791055668E-3,-9.986846708E-3,9.321057005E-4
6.428866650E1,-6.791055668E-3,-8.921583183E-3,1.997369342E-3
6.430893562E1,-5.725792143E-3,-6.791055668E-3,-1.331579551E-4
6.432933562E1,-4.660528619E-3,-4.660528619E-3,-3.328948980E-3
6.434947380E1,-4.660528619E-3,-2.530001104E-3,-3.328948980E-3
6.436974291E1,-4.660528619E-3,-4.660528619E-3,-2.263685223E-3
6.439001197E1,-3.595264861E-3,-6.791055668E-3,-1.198421582E-3
6.441028109E1,-3.595264861E-3,-3.595264861E-3,-1.198421582E-3
6.443055020E1,-3.595264861E-3,-1.464737463E-3,-1.198421582E-3
6.445081932E1,-3.994738800E-4,-2.530001104E-3,-1.198421582E-3
6.447108838E1,-3.994738800E-4,-3.994738800E-4,-3.328948980E-3
6.449135749E1,-3.994738800E-4,6.657897611E-4,-3.328948980E-3
6.451162661E1,6.657897611E-4,6.657897611E-4,-3.328948980E-3
6.453189567E1,6.657897611E-4,6.657897611E-4,-2.263685223E-3
6.455216478E1,1.731053460E-3,1.731053460E-3,-1.331579551E-4
6.457243390E1,2.796316985E-3,1.731053460E-3,-1.331579551E-4
6.459270301E1,6.657897611E-4,2.796316985E-3,1.997369342E-3
6.461297213E1,-3.994738800E-4,2.796316985E-3,3.062632866E-3
6.463324114E1,-3.595264861E-3,-3.994738800E-4,4.127896391E-3
6.465351030E1,-7.856319658E-3,-9.986846708E-3,-1.331579551E-4
6.467391030E1,-8.921583183E-3,-1.637842879E-2,-8.655266836E-3
6.469404853E1,-8.921583183E-3,-1.318263728E-2,-9.720530361E-3
6.471431760E1,-7.856319658E-3,-8.921583183E-3,-5.459476262E-3
6.473458666E1,-5.725792143E-3,-3.595264861E-3,-1.198421582E-3
6.475485583E1,-1.464737463E-3,1.731053460E-3,-2.263685223E-3
6.477512489E1,3.861580743E-3,5.992108025E-3,-1.198421582E-3
6.479539400E1,3.861580743E-3,7.057371549E-3,-1.198421582E-3
6.481566312E1,1.731053460E-3,3.861580743E-3,-1.331579551E-4
6.483593223E1,-3.595264861E-3,-3.595264861E-3,1.997369342E-3
6.485620135E1,-3.595264861E-3,-7.856319658E-3,3.062632866E-3
6.487647041E1,-1.464737463E-3,-6.791055668E-3,9.321057005E-4
6.489673952E1,6.657897611E-4,-2.530001104E-3,-2.263685223E-3
6.491700864E1,-3.994738800E-4,1.731053460E-3,-3.328948980E-3
6.493727775E1,-1.464737463E-3,2.796316985E-3,-1.198421582E-3
6.495754687E1,-2.530001104E-3,-1.464737463E-3,1.997369342E-3
6.497781598E1,-4.660528619E-3,-4.660528619E-3,5.193160381E-3
6.499808505E1,-2.530001104E-3,-3.595264861E-3,7.323687430E-3
6.501835416E1,1.731053460E-3,6.657897611E-4,6.258423906E-3
6.503862327E1,5.992108025E-3,4.926844500E-3,5.193160381E-3
6.505889239E1,8.122635074E-3,7.057371549E-3,5.193160381E-3
6.507916150E1,1.025316212E-2,1.344895363E-2,4.127896391E-3
6.509943067E1,1.131842658E-2,1.877527125E-2,3.062632866E-3
6.511969978E1,1.238369010E-2,1.664474420E-2,6.258423906E-3
6.513996890E1,1.451421715E-2,1.557948068E-2,7.323687430E-3
6.516023801E1,1.877527125E-2,1.984053478E-2,8.388951421E-3
6.518050713E1,1.877527125E-2,2.197106183E-2,1.051947847E-2
6.520077619E1,1.771000773E-2,2.197106183E-2,1.478053257E-2
6.522104536E1,1.771000773E-2,2.090579830E-2,1.904158667E-2
6.524131452E1,1.344895363E-2,1.664474420E-2,1.904158667E-2
6.526158364E1,8.122635074E-3,8.122635074E-3,1.371526904E-2
6.528185275E1,3.861580743E-3,2.796316985E-3,8.388951421E-3
6.530212192E1,3.861580743E-3,2.796316985E-3,8.388951421E-3
6.532239103E1,1.025316212E-2,4.926844500E-3,9.454214945E-3
6.534266015E1,1.451421715E-2,1.344895363E-2,7.323687430E-3
6.536292932E1,1.984053478E-2,2.197106183E-2,6.258423906E-3
6.538319843E1,2.197106183E-2,2.729738131E-2,6.258423906E-3
6.540346760E1,1.984053478E-2,2.516685426E-2,6.258423906E-3
6.542373671E1,1.557948068E-2,1.664474420E-2,8.388951421E-3
6.544400588E1,1.238369010E-2,1.025316212E-2,1.158474199E-2
6.546427499E1,1.131842658E-2,9.187898599E-3,1.158474199E-2
6.548454416E1,1.131842658E-2,1.238369010E-2,1.051947847E-2
6.550481333E1,1.344895363E-2,1.557948068E-2,1.051947847E-2
6.552508244E1,1.451421715E-2,1.557948068E-2,1.158474199E-2
6.554535161E1,1.238369010E-2,1.238369010E-2,1.371526904E-2
6.556562077E1,1.131842658E-2,1.025316212E-2,1.478053257E-2
6.558588989E1,1.131842658E-2,1.025316212E-2,1.265000552E-2
6.560615906E1,1.238369010E-2,1.025316212E-2,9.454214945E-3
6.562655906E1,1.344895363E-2,1.344895363E-2,9.454214945E-3
6.564669739E1,1.344895363E-2,1.557948068E-2,9.454214945E-3
6.566696656E1,1.238369010E-2,1.344895363E-2,9.454214945E-3
6.568723572E1,1.131842658E-2,1.451421715E-2,5.193160381E-3
6.570750484E1,1.344895363E-2,1.238369010E-2,3.062632866E-3
6.572790484E1,1.344895363E-2,1.238369010E-2,5.193160381E-3
6.574804317E1,1.344895363E-2,1.238369010E-2,8.388951421E-3
6.576831234E1,1.025316212E-2,1.238369010E-2,1.051947847E-2
6.578858150E1,7.057371549E-3,1.131842658E-2,1.051947847E-2
6.580885067E1,9.187898599E-3,1.238369010E-2,7.323687430E-3
6.582925067E1,1.025316212E-2,1.131842658E-2,6.258423906E-3
6.584938900E1,2.796316985E-3,6.657897611E-4,5.193160381E-3
6.586965817E1,-4.660528619E-3,-9.986846708E-3,4.127896391E-3
6.588992734E1,-4.660528619E-3,-7.856319658E-3,5.193160381E-3
6.591019650E1,2.796316985E-3,3.861580743E-3,6.258423906E-3
6.593059650E1,1.131842658E-2,1.664474420E-2,4.127896391E-3
6.595073484E1,1.451421715E-2,2.090579830E-2,4.127896391E-3
6.597100400E1,1.131842658E-2,1.557948068E-2,6.258423906E-3
6.599127317E1,9.187898599E-3,9.187898599E-3,8.388951421E-3
6.601154228E1,7.057371549E-3,7.057371549E-3,5.193160381E-3
6.603181156E1,5.992108025E-3,7.057371549E-3,3.062632866E-3
6.605208072E1,3.861580743E-3,8.122635074E-3,3.062632866E-3
6.607234989E1,2.796316985E-3,5.992108025E-3,4.127896391E-3
6.609261906E1,6.657897611E-4,1.731053460E-3,3.062632866E-3
6.611288822E1,-2.530001104E-3,-3.595264861E-3,3.062632866E-3
6.613315744E1,-5.725792143E-3,-8.921583183E-3,3.062632866E-3
6.615342661E1,-7.856319658E-3,-9.986846708E-3,-1.331579551E-4
6.617369577E1,-9.853689000E-3,-1.318263728E-2,-2.263685223E-3
6.619396489E1,-1.198421605E-2,-1.318263728E-2,-7.590003312E-3
6.621423416E1,-1.091895252E-2,-1.318263728E-2,-1.185105834E-2
6.623450333E1,-8.921583183E-3,-1.318263728E-2,-1.291632187E-2
6.625490333E1,-9.853689000E-3,-1.318263728E-2,-1.291632187E-2
6.627504166E1,-1.411474310E-2,-1.424790081E-2,-1.078579482E-2
6.629531088E1,-1.624527015E-2,-1.637842879E-2,-1.185105834E-2
6.631558004E1,-1.518000662E-2,-1.744369231E-2,-1.185105834E-2
6.633584921E1,-1.304947957E-2,-1.531316526E-2,-1.078579482E-2
6.635611838E1,-1.198421605E-2,-1.211737376E-2,-9.720530361E-3
6.637638760E1,-1.518000662E-2,-1.531316526E-2,-6.524739787E-3
6.639665676E1,-1.518000662E-2,-1.637842879E-2,-5.459476262E-3
6.641692593E1,-1.304947957E-2,-1.424790081E-2,-7.590003312E-3
6.643719515E1,-1.837579720E-2,-1.850895584E-2,-9.720530361E-3
6.645746432E1,-2.796317078E-2,-3.129211813E-2,-1.078579482E-2
6.647773348E1,-3.115896136E-2,-3.555317223E-2,-1.398158539E-2
6.649800270E1,-2.902843431E-2,-3.129211813E-2,-1.291632187E-2
6.651827187E1,-1.944106072E-2,-2.277000993E-2,-1.291632187E-2
6.653854103E1,-1.198421605E-2,-1.105211023E-2,-1.398158539E-2
6.655881025E1,-6.791055668E-3,-5.725792143E-3,-1.504684892E-2
6.657907942E1,-6.791055668E-3,-4.660528619E-3,-1.717737690E-2
6.659934859E1,-7.856319658E-3,-4.660528619E-3,-1.398158539E-2
6.661961780E1,-1.304947957E-2,-8.921583183E-3,-1.185105834E-2
6.663988697E1,-1.624527015E-2,-1.424790081E-2,-9.720530361E-3
6.666015609E1,-1.411474310E-2,-1.637842879E-2,-7.590003312E-3
6.668042536E1,-1.411474310E-2,-1.637842879E-2,-6.524739787E-3
6.670069452E1,-1.198421605E-2,-1.424790081E-2,-7.590003312E-3
6.672096374E1,-9.853689000E-3,-1.211737376E-2,-7.590003312E-3
6.674123291E1,-9.853689000E-3,-1.211737376E-2,-6.524739787E-3
6.676150213E1,-1.091895252E-2,-1.318263728E-2,-4.394212738E-3
6.678177130E1,-1.198421605E-2,-1.105211023E-2,-4.394212738E-3
6.680217130E1,-9.853689000E-3,-7.856319658E-3,-4.394212738E-3
6.682230968E1,-6.791055668E-3,-7.856319658E-3,-4.394212738E-3
6.684257885E1,-4.660528619E-3,-6.791055668E-3,-4.394212738E-3
6.686284807E1,-4.660528619E-3,-6.791055668E-3,-5.459476262E-3
6.688311723E1,-3.595264861E-3,-3.595264861E-3,-7.590003312E-3
6.690338640E1,-3.595264861E-3,-1.464737463E-3,-7.590003312E-3
6.692365562E1,-3.595264861E-3,-1.464737463E-3,-5.459476262E-3
6.694392478E1,-1.464737463E-3,-3.994738800E-4,-2.263685223E-3
6.696419400E1,-2.530001104E-3,-1.464737463E-3,-1.331579551E-4
6.698446317E1,-2.530001104E-3,-3.994738800E-4,-1.331579551E-4
6.700473239E1,-1.464737463E-3,-1.464737463E-3,9.321057005E-4
6.702500156E1,-4.660528619E-3,-4.660528619E-3,-1.331579551E-4
6.704527077E1,-8.921583183E-3,-1.211737376E-2,-5.459476262E-3
6.706553994E1,-1.198421605E-2,-1.531316526E-2,-9.720530361E-3
6.708580916E1,-1.198421605E-2,-1.318263728E-2,-8.655266836E-3
6.710607833E1,-1.091895252E-2,-9.986846708E-3,-5.459476262E-3
6.712647833E1,-6.791055668E-3,-5.725792143E-3,-2.263685223E-3
6.714661671E1,-3.994738800E-4,6.657897611E-4,-2.263685223E-3
6.716688588E1,3.861580743E-3,4.926844500E-3,-3.328948980E-3
6.718715510E1,2.796316985E-3,5.992108025E-3,-2.263685223E-3
6.720742421E1,-1.464737463E-3,1.731053460E-3,-1.331579551E-4
6.722782421E1,-4.660528619E-3,-3.595264861E-3,-1.331579551E-4
6.724796265E1,-3.595264861E-3,-7.856319658E-3,9.321057005E-4
6.726823182E1,-1.464737463E-3,-5.725792143E-3,-1.198421582E-3
6.728850103E1,-3.994738800E-4,-2.530001104E-3,-4.394212738E-3
6.730877020E1,-3.994738800E-4,6.657897611E-4,-5.459476262E-3
6.732917020E1,-1.464737463E-3,-3.994738800E-4,-2.263685223E-3
6.734930859E1,-2.530001104E-3,-2.530001104E-3,1.997369342E-3
6.736957775E1,-3.595264861E-3,-3.595264861E-3,4.127896391E-3
6.738984692E1,-1.464737463E-3,-2.530001104E-3,5.193160381E-3
6.741011614E1,-3.994738800E-4,-3.994738800E-4,3.062632866E-3
6.743038530E1,6.657897611E-4,6.657897611E-4,-1.331579551E-4
6.745078531E1,2.796316985E-3,1.731053460E-3,-2.263685223E-3
6.747092369E1,3.861580743E-3,4.926844500E-3,-3.328948980E-3
6.749119286E1,6.657897611E-4,3.861580743E-3,-3.328948980E-3
6.751146208E1,6.657897611E-4,2.796316985E-3,-1.198421582E-3
6.753165260E1,2.796316985E-3,2.796316985E-3,-1.331579551E-4
6.755200036E1,3.861580743E-3,2.796316985E-3,3.062632866E-3
6.757226952E1,2.796316985E-3,2.796316985E-3,4.127896391E-3
6.759253869E1,-1.464737463E-3,2.796316985E-3,4.127896391E-3
6.761280796E1,-2.530001104E-3,6.657897611E-4,6.258423906E-3
6.763307713E1,-6.791055668E-3,-7.856319658E-3,-1.331579551E-4
6.765334630E1,-6.791055668E-3,-1.531316526E-2,-7.590003312E-3
6.767361551E1,-4.660528619E-3,-1.211737376E-2,-1.078579482E-2
6.769388468E1,-3.595264861E-3,-6.791055668E-3,-5.459476262E-3
6.771415385E1,-1.464737463E-3,1.731053460E-3,9.321057005E-4
6.773442307E1,4.926844500E-3,1.131842658E-2,5.193160381E-3
6.775469228E1,1.344895363E-2,2.090579830E-2,5.193160381E-3
6.777496145E1,1.664474420E-2,2.516685426E-2,6.258423906E-3
6.779523062E1,1.238369010E-2,1.984053478E-2,8.388951421E-3
6.781549978E1,3.861580743E-3,1.131842658E-2,1.051947847E-2
6.783576895E1,4.926844500E-3,7.057371549E-3,1.158474199E-2
6.785603812E1,9.187898599E-3,7.057371549E-3,1.265000552E-2
6.787630734E1,1.451421715E-2,1.344895363E-2,1.051947847E-2
6.789657650E1,1.771000773E-2,1.984053478E-2,9.454214945E-3
6.791684567E1,1.664474420E-2,2.090579830E-2,9.454214945E-3
6.793711484E1,1.557948068E-2,1.664474420E-2,1.158474199E-2
6.795738400E1,1.344895363E-2,1.131842658E-2,1.371526904E-2
6.797765317E1,1.238369010E-2,1.131842658E-2,1.265000552E-2
6.799792234E1,1.238369010E-2,1.344895363E-2,1.051947847E-2
6.801819150E1,1.451421715E-2,1.557948068E-2,8.388951421E-3
6.803846062E1,1.557948068E-2,1.877527125E-2,8.388951421E-3
6.805872984E1,1.877527125E-2,2.090579830E-2,8.388951421E-3
6.807899900E1,1.877527125E-2,1.984053478E-2,9.454214945E-3
6.809926817E1,1.877527125E-2,1.984053478E-2,9.454214945E-3
6.811953734E1,1.771000773E-2,1.984053478E-2,9.454214945E-3
6.813980650E1,1.664474420E-2,1.877527125E-2,1.158474199E-2
6.816007567E1,1.238369010E-2,1.451421715E-2,1.265000552E-2
6.818034484E1,9.187898599E-3,1.238369010E-2,1.158474199E-2
6.820061400E1,1.238369010E-2,1.451421715E-2,9.454214945E-3
6.822088317E1,1.025316212E-2,1.131842658E-2,1.051947847E-2
6.824115234E1,4.926844500E-3,1.731053460E-3,9.454214945E-3
6.826142150E1,-3.994738800E-4,-2.530001104E-3,8.388951421E-3
6.828169067E1,-3.994738800E-4,-2.530001104E-3,8.388951421E-3
6.830195984E1,7.057371549E-3,3.861580743E-3,7.323687430E-3
6.832222900E1,1.451421715E-2,1.664474420E-2,4.127896391E-3
6.834249817E1,1.877527125E-2,2.410159074E-2,3.062632866E-3
6.836276728E1,1.877527125E-2,2.197106183E-2,5.193160381E-3
6.838303645E1,1.451421715E-2,1.557948068E-2,6.258423906E-3
6.840330562E1,8.122635074E-3,7.057371549E-3,8.388951421E-3
6.842357478E1,4.926844500E-3,4.926844500E-3,8.388951421E-3
6.844384395E1,4.926844500E-3,5.992108025E-3,5.193160381E-3
6.846424395E1,8.122635074E-3,9.187898599E-3,3.062632866E-3
6.848438228E1,9.187898599E-3,9.187898599E-3,5.193160381E-3
6.850465140E1,9.187898599E-3,8.122635074E-3,7.323687430E-3
6.852492057E1,8.122635074E-3,7.057371549E-3,9.454214945E-3
6.854518973E1,7.057371549E-3,7.057371549E-3,1.265000552E-2
6.856545885E1,7.057371549E-3,8.122635074E-3,1.158474199E-2
6.858572801E1,8.122635074E-3,1.131842658E-2,9.454214945E-3
6.860599718E1,1.025316212E-2,1.344895363E-2,8.388951421E-3
6.862639718E1,1.025316212E-2,9.187898599E-3,7.323687430E-3
6.864653546E1,8.122635074E-3,8.122635074E-3,4.127896391E-3
6.866680463E1,8.122635074E-3,9.187898599E-3,9.321057005E-4
6.868707374E1,8.122635074E-3,9.187898599E-3,-1.331579551E-4
6.870734291E1,7.057371549E-3,9.187898599E-3,9.321057005E-4
6.872774291E1,5.992108025E-3,8.122635074E-3,3.062632866E-3
6.874788119E1,1.731053460E-3,2.796316985E-3,4.127896391E-3
6.876815036E1,-1.464737463E-3,-3.994738800E-4,3.062632866E-3
6.878841952E1,-3.994738800E-4,-1.464737463E-3,9.321057005E-4
6.880868864E1,-8.921583183E-3,-9.986846708E-3,-2.263685223E-3
6.882908864E1,-1.731053367E-2,-2.703106403E-2,-6.524739787E-3
6.884922692E1,-2.157158963E-2,-3.129211813E-2,-1.078579482E-2
6.886949609E1,-1.731053367E-2,-2.596580051E-2,-1.078579482E-2
6.888976520E1,-1.091895252E-2,-1.531316526E-2,-9.720530361E-3
6.891003437E1,-4.660528619E-3,-2.530001104E-3,-1.291632187E-2
6.893043437E1,-4.660528619E-3,6.657897611E-4,-1.078579482E-2
6.895057265E1,-9.853689000E-3,-7.856319658E-3,-7.590003312E-3
6.897084176E1,-1.411474310E-2,-1.531316526E-2,-7.590003312E-3
6.899111093E1,-1.624527015E-2,-1.850895584E-2,-8.655266836E-3
6.901138005E1,-1.624527015E-2,-1.957421936E-2,-8.655266836E-3
6.903164921E1,-1.624527015E-2,-1.957421936E-2,-8.655266836E-3
6.905191833E1,-1.624527015E-2,-1.850895584E-2,-1.078579482E-2
6.907218749E1,-1.731053367E-2,-1.637842879E-2,-1.398158539E-2
6.909245661E1,-1.624527015E-2,-1.637842879E-2,-1.291632187E-2
6.911272572E1,-1.624527015E-2,-1.850895584E-2,-1.291632187E-2
6.913299489E1,-1.837579720E-2,-1.957421936E-2,-1.078579482E-2
6.915326400E1,-1.944106072E-2,-1.850895584E-2,-1.078579482E-2
6.917353312E1,-1.731053367E-2,-1.850895584E-2,-1.078579482E-2
6.919380228E1,-1.304947957E-2,-1.531316526E-2,-1.185105834E-2
6.921407140E1,-1.198421605E-2,-1.318263728E-2,-9.720530361E-3
6.923434051E1,-1.091895252E-2,-1.211737376E-2,-7.590003312E-3
6.925460968E1,-1.198421605E-2,-1.105211023E-2,-7.590003312E-3
6.927487880E1,-1.091895252E-2,-9.986846708E-3,-8.655266836E-3
6.929514791E1,-1.091895252E-2,-8.921583183E-3,-9.720530361E-3
6.931541702E1,-9.853689000E-3,-7.856319658E-3,-8.655266836E-3
6.933568619E1,-7.856319658E-3,-7.856319658E-3,-6.524739787E-3
6.935595531E1,-9.853689000E-3,-7.856319658E-3,-4.394212738E-3
6.937622442E1,-8.921583183E-3,-7.856319658E-3,-3.328948980E-3
6.939649353E1,-8.921583183E-3,-7.856319658E-3,-2.263685223E-3
6.941676270E1,-1.304947957E-2,-1.318263728E-2,-3.328948980E-3
6.943703182E1,-1.731053367E-2,-1.957421936E-2,-7.590003312E-3
6.945730093E1,-1.731053367E-2,-2.063948289E-2,-1.185105834E-2
6.947757005E1,-1.411474310E-2,-1.637842879E-2,-9.720530361E-3
6.949783916E1,-1.091895252E-2,-8.921583183E-3,-6.524739787E-3
6.951810827E1,-5.725792143E-3,-3.595264861E-3,-5.459476262E-3
6.953837739E1,-1.464737463E-3,-3.994738800E-4,-6.524739787E-3
6.955864650E1,-3.994738800E-4,2.796316985E-3,-5.459476262E-3
6.957891562E1,-1.464737463E-3,2.796316985E-3,-5.459476262E-3
6.959918473E1,-4.660528619E-3,-2.530001104E-3,-2.263685223E-3
6.961945385E1,-5.725792143E-3,-7.856319658E-3,-1.198421582E-3
6.963972296E1,-5.725792143E-3,-9.986846708E-3,-1.331579551E-4
6.965999208E1,-5.725792143E-3,-6.791055668E-3,-3.328948980E-3
6.968026119E1,-4.660528619E-3,-3.595264861E-3,-4.394212738E-3
6.970053030E1,-3.595264861E-3,-2.530001104E-3,-3.328948980E-3
6.972079937E1,-3.595264861E-3,-2.530001104E-3,-1.198421582E-3
6.974106853E1,-2.530001104E-3,-4.660528619E-3,1.997369342E-3
6.976133760E1,-2.530001104E-3,-4.660528619E-3,1.997369342E-3
6.978160671E1,-3.994738800E-4,-2.530001104E-3,-1.331579551E-4
6.980200671E1,6.657897611E-4,-3.994738800E-4,-2.263685223E-3
6.982214494E1,6.657897611E-4,-3.994738800E-4,-2.263685223E-3
6.984241406E1,-3.994738800E-4,1.731053460E-3,-2.263685223E-3
6.986268317E1,-3.994738800E-4,3.861580743E-3,-2.263685223E-3
6.988295228E1,1.731053460E-3,2.796316985E-3,-1.331579551E-4
6.990322140E1,1.731053460E-3,1.731053460E-3,9.321057005E-4
6.992349051E1,2.796316985E-3,1.731053460E-3,1.997369342E-3
6.994375958E1,1.731053460E-3,1.731053460E-3,3.062632866E-3
6.996402869E1,-1.464737463E-3,1.731053460E-3,3.062632866E-3
6.998429781E1,-2.530001104E-3,-2.530001104E-3,4.127896391E-3
7.000456692E1,-6.791055668E-3,-7.856319658E-3,-1.331579551E-4
7.002483598E1,-8.921583183E-3,-1.318263728E-2,-6.524739787E-3
7.004510510E1,-8.921583183E-3,-1.211737376E-2,-9.720530361E-3
7.006537421E1,-4.660528619E-3,-7.856319658E-3,-7.590003312E-3
7.008564327E1,-3.595264861E-3,-3.595264861E-3,-2.263685223E-3
7.010591239E1,-1.464737463E-3,1.731053460E-3,-1.331579551E-4
7.012631239E1,3.861580743E-3,7.057371549E-3,-1.198421582E-3
7.014645057E1,7.057371549E-3,1.025316212E-2,-2.263685223E-3
7.016671968E1,3.861580743E-3,8.122635074E-3,-1.198421582E-3
7.018698880E1,6.657897611E-4,4.926844500E-3,1.997369342E-3
7.020725786E1,1.731053460E-3,1.731053460E-3,6.258423906E-3
7.022765786E1,4.926844500E-3,1.731053460E-3,8.388951421E-3
7.024779603E1,9.187898599E-3,9.187898599E-3,7.323687430E-3
7.026806515E1,1.131842658E-2,1.557948068E-2,7.323687430E-3
7.028833426E1,1.344895363E-2,1.664474420E-2,1.051947847E-2
7.030860333E1,1.344895363E-2,1.771000773E-2,1.371526904E-2
7.032900333E1,1.344895363E-2,1.664474420E-2,1.691105962E-2
7.034914150E1,1.344895363E-2,1.451421715E-2,1.691105962E-2
7.036941057E1,1.344895363E-2,1.344895363E-2,1.265000552E-2
7.038967968E1,1.664474420E-2,1.771000773E-2,5.193160381E-3
7.040994874E1,1.664474420E-2,2.090579830E-2,-1.331579551E-4
7.043034874E1,1.771000773E-2,2.090579830E-2,-1.198421582E-3
7.045048687E1,1.664474420E-2,1.877527125E-2,9.321057005E-4
7.047075598E1,1.451421715E-2,1.557948068E-2,5.193160381E-3
7.049102510E1,1.451421715E-2,1.344895363E-2,1.051947847E-2
7.051129416E1,1.238369010E-2,1.238369010E-2,1.371526904E-2
7.053169416E1,1.131842658E-2,9.187898599E-3,1.691105962E-2
7.055183228E1,1.025316212E-2,9.187898599E-3,1.584579609E-2
7.057210140E1,1.025316212E-2,1.025316212E-2,1.371526904E-2
7.059237046E1,1.344895363E-2,1.344895363E-2,1.158474199E-2
7.061263952E1,1.451421715E-2,1.557948068E-2,8.388951421E-3
7.063290864E1,1.451421715E-2,1.344895363E-2,9.454214945E-3
7.065317770E1,1.344895363E-2,1.131842658E-2,1.051947847E-2
7.067344676E1,1.238369010E-2,1.131842658E-2,8.388951421E-3
7.069371588E1,1.131842658E-2,1.344895363E-2,7.323687430E-3
7.071398494E1,1.238369010E-2,1.557948068E-2,6.258423906E-3
7.073425400E1,1.451421715E-2,1.557948068E-2,4.127896391E-3
7.075452307E1,1.238369010E-2,1.344895363E-2,4.127896391E-3
7.077479213E1,1.131842658E-2,1.131842658E-2,4.127896391E-3
7.079506119E1,1.025316212E-2,1.131842658E-2,5.193160381E-3
7.081533025E1,1.025316212E-2,1.238369010E-2,6.258423906E-3
7.083559937E1,1.025316212E-2,1.131842658E-2,8.388951421E-3
7.085586843E1,9.187898599E-3,1.025316212E-2,9.454214945E-3
7.087613749E1,7.057371549E-3,8.122635074E-3,9.454214945E-3
7.089640650E1,8.122635074E-3,4.926844500E-3,9.454214945E-3
7.091667562E1,9.187898599E-3,7.057371549E-3,7.323687430E-3
7.093694463E1,9.187898599E-3,9.187898599E-3,6.258423906E-3
7.095721369E1,1.025316212E-2,1.025316212E-2,8.388951421E-3
7.097748281E1,1.025316212E-2,1.238369010E-2,7.323687430E-3
7.099775182E1,1.131842658E-2,1.131842658E-2,6.258423906E-3
7.101802088E1,1.131842658E-2,1.025316212E-2,6.258423906E-3
7.103828994E1,1.025316212E-2,9.187898599E-3,3.062632866E-3
7.105855900E1,9.187898599E-3,9.187898599E-3,1.997369342E-3
7.107882807E1,8.122635074E-3,8.122635074E-3,1.997369342E-3
7.109909713E1,9.187898599E-3,8.122635074E-3,4.127896391E-3
7.111936619E1,8.122635074E-3,9.187898599E-3,6.258423906E-3
7.113963525E1,1.731053460E-3,7.057371549E-3,7.323687430E-3
7.115990432E1,3.861580743E-3,7.057371549E-3,3.062632866E-3
7.118017338E1,2.796316985E-3,5.992108025E-3,1.997369342E-3
7.120044239E1,-5.725792143E-3,-4.660528619E-3,-1.331579551E-4
7.122071145E1,-1.304947957E-2,-1.957421936E-2,-1.198421582E-3
7.124098051E1,-1.198421605E-2,-2.170474641E-2,-1.198421582E-3
7.126124958E1,-6.791055668E-3,-1.424790081E-2,-1.331579551E-4
7.128151864E1,-3.595264861E-3,-2.530001104E-3,-4.394212738E-3
7.130178765E1,-4.660528619E-3,3.861580743E-3,-9.720530361E-3
7.132205671E1,-2.530001104E-3,-2.530001104E-3,-9.720530361E-3
7.134232572E1,-3.595264861E-3,-8.921583183E-3,-8.655266836E-3
7.136259484E1,-9.853689000E-3,-1.318263728E-2,-9.720530361E-3
7.138286385E1,-1.518000662E-2,-1.850895584E-2,-1.185105834E-2
7.140313291E1,-1.518000662E-2,-1.744369231E-2,-1.078579482E-2
7.142340197E1,-1.304947957E-2,-1.531316526E-2,-8.655266836E-3
7.144367098E1,-1.304947957E-2,-1.424790081E-2,-7.590003312E-3
7.146394004E1,-1.304947957E-2,-1.424790081E-2,-8.655266836E-3
7.148420906E1,-1.411474310E-2,-1.424790081E-2,-8.655266836E-3
7.150447812E1,-1.518000662E-2,-1.637842879E-2,-7.590003312E-3
7.152474713E1,-1.837579720E-2,-1.850895584E-2,-7.590003312E-3
7.154501619E1,-1.837579720E-2,-1.957421936E-2,-7.590003312E-3
7.156536390E1,-1.411474310E-2,-1.744369231E-2,-9.720530361E-3
7.158555432E1,-9.853689000E-3,-1.318263728E-2,-8.655266836E-3
7.160582333E1,-6.791055668E-3,-8.921583183E-3,-7.590003312E-3
7.162622333E1,-7.856319658E-3,-1.105211023E-2,-7.590003312E-3
7.164636140E1,-1.091895252E-2,-1.105211023E-2,-9.720530361E-3
7.166663046E1,-1.091895252E-2,-1.105211023E-2,-1.185105834E-2
7.168689947E1,-1.198421605E-2,-8.921583183E-3,-1.398158539E-2
7.170729947E1,-8.921583183E-3,-6.791055668E-3,-1.185105834E-2
7.172759541E1,-7.856319658E-3,-5.725792143E-3,-1.078579482E-2
7.174770713E1,-1.198421605E-2,-8.921583183E-3,-8.655266836E-3
7.176797603E1,-1.304947957E-2,-1.211737376E-2,-7.590003312E-3
7.178824494E1,-1.304947957E-2,-1.211737376E-2,-5.459476262E-3
7.180851395E1,-1.624527015E-2,-1.957421936E-2,-4.394212738E-3
7.182891395E1,-2.263685316E-2,-2.703106403E-2,-6.524739787E-3
7.184905187E1,-2.476738021E-2,-2.383527346E-2,-7.590003312E-3
7.186932083E1,-2.050632425E-2,-1.744369231E-2,-6.524739787E-3
7.188958984E1,-1.091895252E-2,-8.921583183E-3,-6.524739787E-3
7.190985885E1,-3.595264861E-3,-3.595264861E-3,-8.655266836E-3
7.193025885E1,6.657897611E-4,-3.994738800E-4,-9.720530361E-3
7.195039687E1,-3.994738800E-4,2.796316985E-3,-1.078579482E-2
7.197066588E1,-2.530001104E-3,6.657897611E-4,-9.720530361E-3
7.199093489E1,-6.791055668E-3,-4.660528619E-3,-7.590003312E-3
7.201120390E1,-9.853689000E-3,-8.921583183E-3,-4.394212738E-3
7.203147291E1,-9.853689000E-3,-1.211737376E-2,-1.198421582E-3
7.205174197E1,-8.921583183E-3,-1.211737376E-2,-1.331579551E-4
7.207201093E1,-7.856319658E-3,-8.921583183E-3,-1.198421582E-3
7.209227994E1,-5.725792143E-3,-5.725792143E-3,-1.198421582E-3
7.211254895E1,-4.660528619E-3,-5.725792143E-3,-1.331579551E-4
7.213281796E1,-5.725792143E-3,-6.791055668E-3,-1.331579551E-4
7.215308697E1,-3.595264861E-3,-4.660528619E-3,-1.198421582E-3
7.217335598E1,-2.530001104E-3,-1.464737463E-3,-3.328948980E-3
7.219362499E1,-1.464737463E-3,-2.530001104E-3,-4.394212738E-3
7.221389400E1,-3.994738800E-4,-3.994738800E-4,-5.459476262E-3
7.223416301E1,-3.994738800E-4,2.796316985E-3,-8.655266836E-3
7.225443208E1,1.731053460E-3,3.861580743E-3,-6.524739787E-3
7.227470109E1,2.796316985E-3,2.796316985E-3,-3.328948980E-3
7.229497010E1,2.796316985E-3,1.731053460E-3,-1.198421582E-3
7.231523911E1,3.861580743E-3,2.796316985E-3,1.997369342E-3
7.233550812E1,-3.994738800E-4,2.796316985E-3,4.127896391E-3
7.235577713E1,-1.464737463E-3,6.657897611E-4,7.323687430E-3
7.237604614E1,-5.725792143E-3,-4.660528619E-3,7.323687430E-3
7.239631510E1,-1.091895252E-2,-1.424790081E-2,-1.198421582E-3
7.241658411E1,-1.091895252E-2,-1.744369231E-2,-8.655266836E-3
7.243685312E1,-7.856319658E-3,-1.424790081E-2,-1.078579482E-2
7.245712213E1,-5.725792143E-3,-8.921583183E-3,-5.459476262E-3
7.247739114E1,-4.660528619E-3,-1.464737463E-3,-3.328948980E-3
7.249766015E1,-3.994738800E-4,3.861580743E-3,-2.263685223E-3
7.251792916E1,4.926844500E-3,7.057371549E-3,-3.328948980E-3
7.253819812E1,4.926844500E-3,9.187898599E-3,-4.394212738E-3
7.255846713E1,6.657897611E-4,4.926844500E-3,-1.198421582E-3
7.257873614E1,-2.530001104E-3,-2.530001104E-3,9.321057005E-4
7.259900515E1,-2.530001104E-3,-6.791055668E-3,3.062632866E-3
7.261927416E1,-1.464737463E-3,-5.725792143E-3,3.062632866E-3
7.263967416E1,-2.530001104E-3,-3.595264861E-3,-1.331579551E-4
7.265997005E1,-2.530001104E-3,-1.464737463E-3,-3.328948980E-3
7.268008176E1,-1.464737463E-3,6.657897611E-4,-3.328948980E-3
7.270035062E1,-1.464737463E-3,6.657897611E-4,-1.198421582E-3
7.272061947E1,-3.994738800E-4,-3.994738800E-4,1.997369342E-3
7.274088838E1,-1.464737463E-3,-1.464737463E-3,3.062632866E-3
7.276115734E1,-3.994738800E-4,-3.994738800E-4,3.062632866E-3
7.278142624E1,1.731053460E-3,6.657897611E-4,9.321057005E-4
7.280182624E1,2.796316985E-3,6.657897611E-4,-1.198421582E-3
7.282196416E1,2.796316985E-3,2.796316985E-3,-1.198421582E-3
7.284223317E1,1.731053460E-3,7.057371549E-3,-1.331579551E-4
7.286250213E1,1.731053460E-3,7.057371549E-3,-1.331579551E-4
7.288290213E1,3.861580743E-3,4.926844500E-3,-1.331579551E-4
7.290304010E1,7.057371549E-3,5.992108025E-3,9.321057005E-4
7.292330906E1,5.992108025E-3,8.122635074E-3,3.062632866E-3
7.294357807E1,4.926844500E-3,8.122635074E-3,6.258423906E-3
7.296384702E1,4.926844500E-3,8.122635074E-3,8.388951421E-3
7.298411603E1,2.796316985E-3,7.057371549E-3,8.388951421E-3
7.300438494E1,6.657897611E-4,1.731053460E-3,5.193160381E-3
7.302465395E1,2.796316985E-3,1.731053460E-3,4.127896391E-3
7.304492291E1,9.187898599E-3,8.122635074E-3,1.051947847E-2
7.306519192E1,1.344895363E-2,1.238369010E-2,1.584579609E-2
7.308546088E1,1.664474420E-2,2.090579830E-2,1.371526904E-2
7.310572989E1,2.090579830E-2,2.729738131E-2,1.051947847E-2
7.312611760E1,2.197106183E-2,2.729738131E-2,7.323687430E-3
7.314626786E1,1.771000773E-2,2.410159074E-2,4.127896391E-3
7.316653682E1,1.238369010E-2,1.451421715E-2,4.127896391E-3
7.318680583E1,1.131842658E-2,8.122635074E-3,6.258423906E-3
7.320707478E1,1.238369010E-2,8.122635074E-3,9.454214945E-3
7.322747478E1,1.344895363E-2,1.238369010E-2,1.051947847E-2
7.324761270E1,1.451421715E-2,1.771000773E-2,1.158474199E-2
7.326788171E1,1.451421715E-2,1.771000773E-2,1.371526904E-2
7.328815067E1,1.557948068E-2,1.344895363E-2,1.584579609E-2
7.330841963E1,1.451421715E-2,1.025316212E-2,1.584579609E-2
7.332881963E1,1.238369010E-2,1.025316212E-2,1.265000552E-2
7.334895760E1,1.131842658E-2,1.344895363E-2,8.388951421E-3
7.336922656E1,1.344895363E-2,1.664474420E-2,5.193160381E-3
7.338949551E1,1.451421715E-2,1.451421715E-2,5.193160381E-3
7.340976452E1,1.451421715E-2,1.238369010E-2,7.323687430E-3
7.343016452E1,1.344895363E-2,1.344895363E-2,6.258423906E-3
7.345030244E1,1.344895363E-2,1.451421715E-2,7.323687430E-3
7.347057140E1,1.238369010E-2,1.344895363E-2,8.388951421E-3
7.349084036E1,1.344895363E-2,1.238369010E-2,7.323687430E-3
7.351110932E1,1.238369010E-2,1.131842658E-2,9.454214945E-3
7.353150932E1,8.122635074E-3,9.187898599E-3,9.454214945E-3
7.355164723E1,9.187898599E-3,1.131842658E-2,9.454214945E-3
7.357191619E1,5.992108025E-3,1.025316212E-2,7.323687430E-3
7.359218515E1,-3.994738800E-4,-3.994738800E-4,4.127896391E-3
7.361245416E1,-4.660528619E-3,-6.791055668E-3,1.997369342E-3
7.363272312E1,-2.530001104E-3,-6.791055668E-3,3.062632866E-3
7.365299208E1,4.926844500E-3,1.731053460E-3,4.127896391E-3
7.367326103E1,1.025316212E-2,1.344895363E-2,3.062632866E-3
7.369352999E1,1.344895363E-2,2.090579830E-2,1.997369342E-3
7.371379895E1,1.344895363E-2,1.771000773E-2,5.193160381E-3
7.373406791E1,9.187898599E-3,1.238369010E-2,6.258423906E-3
7.375433687E1,7.057371549E-3,7.057371549E-3,6.258423906E-3
7.377460583E1,3.861580743E-3,4.926844500E-3,5.193160381E-3
7.379487478E1,4.926844500E-3,4.926844500E-3,6.258423906E-3
7.381514374E1,7.057371549E-3,7.057371549E-3,5.193160381E-3
7.383541265E1,7.057371549E-3,9.187898599E-3,4.127896391E-3
7.385568161E1,7.057371549E-3,8.122635074E-3,5.193160381E-3
7.387595057E1,8.122635074E-3,7.057371549E-3,7.323687430E-3
7.389621952E1,7.057371549E-3,7.057371549E-3,8.388951421E-3
7.391648848E1,4.926844500E-3,7.057371549E-3,8.388951421E-3
7.393675744E1,5.992108025E-3,7.057371549E-3,6.258423906E-3
7.395702640E1,9.187898599E-3,8.122635074E-3,6.258423906E-3
7.397729530E1,1.025316212E-2,8.122635074E-3,6.258423906E-3
7.399756426E1,8.122635074E-3,7.057371549E-3,5.193160381E-3
7.401783322E1,3.861580743E-3,5.992108025E-3,3.062632866E-3
7.403810218E1,-3.994738800E-4,2.796316985E-3,9.321057005E-4
7.405837109E1,-1.464737463E-3,-3.994738800E-4,-1.198421582E-3
7.407864004E1,-1.464737463E-3,-2.530001104E-3,-4.394212738E-3
7.409890900E1,-6.791055668E-3,-8.921583183E-3,-4.394212738E-3
7.411917796E1,-9.853689000E-3,-1.318263728E-2,-6.524739787E-3
7.413944687E1,-7.856319658E-3,-1.105211023E-2,-1.078579482E-2
7.415971583E1,-1.091895252E-2,-1.211737376E-2,-1.078579482E-2
7.417998473E1,-1.944106072E-2,-2.277000993E-2,-8.655266836E-3
7.420025369E1,-2.583264373E-2,-3.235738352E-2,-7.590003312E-3
7.422052260E1,-2.476738021E-2,-3.022685647E-2,-6.524739787E-3
7.424079156E1,-1.624527015E-2,-2.170474641E-2,-6.524739787E-3
7.426106051E1,-6.791055668E-3,-6.791055668E-3,-9.720530361E-3
7.428132947E1,-3.595264861E-3,6.657897611E-4,-1.185105834E-2
7.430159838E1,-6.791055668E-3,-3.595264861E-3,-1.398158539E-2
7.432186734E1,-1.198421605E-2,-9.986846708E-3,-1.291632187E-2
7.434213624E1,-1.518000662E-2,-1.531316526E-2,-1.504684892E-2
7.436240515E1,-1.624527015E-2,-1.744369231E-2,-1.291632187E-2
7.438267411E1,-1.518000662E-2,-1.744369231E-2,-1.078579482E-2
7.440294301E1,-1.518000662E-2,-1.744369231E-2,-8.655266836E-3
7.442321197E1,-1.731053367E-2,-1.850895584E-2,-7.590003312E-3
7.444348088E1,-1.837579720E-2,-1.637842879E-2,-6.524739787E-3
7.446374984E1,-1.624527015E-2,-1.531316526E-2,-6.524739787E-3
7.448401874E1,-1.411474310E-2,-1.637842879E-2,-5.459476262E-3
7.450428765E1,-1.518000662E-2,-1.531316526E-2,-7.590003312E-3
7.452455661E1,-1.411474310E-2,-1.318263728E-2,-8.655266836E-3
7.454482551E1,-1.091895252E-2,-1.105211023E-2,-1.078579482E-2
7.456509442E1,-1.091895252E-2,-9.986846708E-3,-1.078579482E-2
7.458536338E1,-8.921583183E-3,-1.105211023E-2,-9.720530361E-3
7.460563228E1,-7.856319658E-3,-8.921583183E-3,-9.720530361E-3
7.462590119E1,-7.856319658E-3,-6.791055668E-3,-9.720530361E-3
7.464617010E1,-9.853689000E-3,-7.856319658E-3,-7.590003312E-3
7.466643906E1,-9.853689000E-3,-7.856319658E-3,-6.524739787E-3
7.468670796E1,-6.791055668E-3,-5.725792143E-3,-6.524739787E-3
7.470697687E1,-5.725792143E-3,-6.791055668E-3,-4.394212738E-3
7.472737687E1,-5.725792143E-3,-4.660528619E-3,-1.198421582E-3
7.474751473E1,-3.595264861E-3,-4.660528619E-3,9.321057005E-4
7.476778359E1,-8.921583183E-3,-8.921583183E-3,-1.198421582E-3
7.478805254E1,-1.411474310E-2,-1.637842879E-2,-9.720530361E-3
7.480832145E1,-1.518000662E-2,-1.744369231E-2,-1.504684892E-2
7.482872145E1,-1.304947957E-2,-1.531316526E-2,-1.398158539E-2
7.484893817E1,-1.091895252E-2,-1.211737376E-2,-9.720530361E-3
7.486912843E1,-6.791055668E-3,-6.791055668E-3,-6.524739787E-3
7.488939734E1,-2.530001104E-3,-1.464737463E-3,-4.394212738E-3
7.490966619E1,6.657897611E-4,2.796316985E-3,-2.263685223E-3
7.493006619E1,6.657897611E-4,4.926844500E-3,-3.328948980E-3
7.495020395E1,-2.530001104E-3,2.796316985E-3,-1.198421582E-3
7.497047286E1,-5.725792143E-3,-4.660528619E-3,-1.331579551E-4
7.499074171E1,-5.725792143E-3,-9.986846708E-3,-1.331579551E-4
7.501101062E1,-4.660528619E-3,-8.921583183E-3,-1.198421582E-3
7.503127952E1,-2.530001104E-3,-5.725792143E-3,-2.263685223E-3
7.505154843E1,-2.530001104E-3,-1.464737463E-3,-2.263685223E-3
7.507181734E1,-1.464737463E-3,-3.994738800E-4,-2.263685223E-3
7.509208624E1,-1.464737463E-3,-1.464737463E-3,9.321057005E-4
7.511235515E1,-2.530001104E-3,-2.530001104E-3,3.062632866E-3
7.513262400E1,-3.994738800E-4,-1.464737463E-3,9.321057005E-4
7.515289291E1,6.657897611E-4,6.657897611E-4,-1.198421582E-3
7.517316182E1,6.657897611E-4,6.657897611E-4,-3.328948980E-3
7.519343072E1,1.731053460E-3,6.657897611E-4,-5.459476262E-3
7.521369963E1,2.796316985E-3,1.731053460E-3,-4.394212738E-3
7.523396853E1,6.657897611E-4,1.731053460E-3,-2.263685223E-3
7.525423739E1,-3.994738800E-4,1.731053460E-3,-1.331579551E-4
7.527450630E1,2.796316985E-3,3.861580743E-3,1.997369342E-3
7.529477520E1,2.796316985E-3,3.861580743E-3,4.127896391E-3
7.531504411E1,6.657897611E-4,2.796316985E-3,4.127896391E-3
7.533531301E1,-3.994738800E-4,6.657897611E-4,4.127896391E-3
7.535558187E1,-3.595264861E-3,-3.595264861E-3,-1.331579551E-4
7.537585077E1,-7.856319658E-3,-1.318263728E-2,-5.459476262E-3
7.539611968E1,-9.853689000E-3,-1.531316526E-2,-1.078579482E-2
7.541638859E1,-7.856319658E-3,-1.105211023E-2,-8.655266836E-3
7.543665744E1,-5.725792143E-3,-5.725792143E-3,-2.263685223E-3
7.545692635E1,-1.464737463E-3,6.657897611E-4,9.321057005E-4
7.547719525E1,3.861580743E-3,8.122635074E-3,9.321057005E-4
7.549746416E1,9.187898599E-3,1.238369010E-2,-1.198421582E-3
7.551773307E1,8.122635074E-3,1.131842658E-2,-1.198421582E-3
7.553800192E1,2.796316985E-3,8.122635074E-3,9.321057005E-4
7.555827083E1,6.657897611E-4,3.861580743E-3,7.323687430E-3
7.557853973E1,5.992108025E-3,3.861580743E-3,1.158474199E-2
7.559880859E1,9.187898599E-3,8.122635074E-3,1.158474199E-2
7.561907749E1,1.131842658E-2,1.238369010E-2,8.388951421E-3
7.563934635E1,1.131842658E-2,1.557948068E-2,8.388951421E-3
7.565961525E1,1.238369010E-2,1.771000773E-2,9.454214945E-3
7.567988416E1,1.238369010E-2,1.664474420E-2,1.265000552E-2
7.570028416E1,1.344895363E-2,1.451421715E-2,1.478053257E-2
7.572042192E1,1.451421715E-2,1.451421715E-2,1.265000552E-2
7.574082192E1,1.664474420E-2,1.557948068E-2,9.454214945E-3
7.576095968E1,1.771000773E-2,1.664474420E-2,6.258423906E-3
7.578122853E1,1.664474420E-2,1.771000773E-2,6.258423906E-3
7.580162853E1,1.771000773E-2,1.984053478E-2,7.323687430E-3
7.582176630E1,1.664474420E-2,1.877527125E-2,9.454214945E-3
7.584203520E1,1.664474420E-2,1.771000773E-2,1.051947847E-2
7.586230406E1,1.664474420E-2,1.771000773E-2,1.158474199E-2
7.588257296E1,1.877527125E-2,1.664474420E-2,1.265000552E-2
7.590284182E1,1.451421715E-2,1.451421715E-2,1.371526904E-2
7.592311067E1,1.238369010E-2,1.451421715E-2,1.265000552E-2
7.594337958E1,1.238369010E-2,1.451421715E-2,1.158474199E-2
7.596364843E1,8.122635074E-3,1.131842658E-2,8.388951421E-3
7.598391728E1,2.796316985E-3,4.926844500E-3,1.997369342E-3
7.600418619E1,1.731053460E-3,1.731053460E-3,1.997369342E-3
7.602445505E1,1.731053460E-3,-3.994738800E-4,5.193160381E-3
7.604472390E1,7.057371549E-3,4.926844500E-3,6.258423906E-3
7.606499275E1,1.557948068E-2,1.664474420E-2,6.258423906E-3
7.608526166E1,1.877527125E-2,2.516685426E-2,5.193160381E-3
7.610553051E1,1.771000773E-2,2.516685426E-2,5.193160381E-3
7.612579937E1,1.238369010E-2,1.451421715E-2,7.323687430E-3
7.614606822E1,8.122635074E-3,7.057371549E-3,7.323687430E-3
7.616633713E1,4.926844500E-3,1.731053460E-3,6.258423906E-3
7.618660598E1,4.926844500E-3,4.926844500E-3,6.258423906E-3
7.620687484E1,7.057371549E-3,9.187898599E-3,7.323687430E-3
7.622727484E1,9.187898599E-3,1.025316212E-2,7.323687430E-3
7.624741254E1,1.025316212E-2,8.122635074E-3,8.388951421E-3
7.626768140E1,9.187898599E-3,7.057371549E-3,1.051947847E-2
7.628795031E1,8.122635074E-3,8.122635074E-3,8.388951421E-3
7.630821916E1,5.992108025E-3,9.187898599E-3,7.323687430E-3
7.632861916E1,7.057371549E-3,9.187898599E-3,5.193160381E-3
7.634875687E1,1.131842658E-2,9.187898599E-3,4.127896391E-3
7.636902572E1,1.238369010E-2,1.025316212E-2,5.193160381E-3
7.638929458E1,1.131842658E-2,1.025316212E-2,6.258423906E-3
7.640956343E1,9.187898599E-3,1.238369010E-2,5.193160381E-3
7.642996343E1,8.122635074E-3,1.131842658E-2,4.127896391E-3
7.645010114E1,9.187898599E-3,1.025316212E-2,4.127896391E-3
7.647036999E1,9.187898599E-3,1.131842658E-2,6.258423906E-3
7.649063885E1,7.057371549E-3,7.057371549E-3,9.454214945E-3
7.651090770E1,5.992108025E-3,5.992108025E-3,7.323687430E-3
7.653130770E1,1.025316212E-2,9.187898599E-3,4.127896391E-3
7.655144541E1,5.992108025E-3,7.057371549E-3,5.193160381E-3
7.657171426E1,-5.725792143E-3,-7.856319658E-3,7.323687430E-3
7.659198307E1,-1.198421605E-2,-1.744369231E-2,5.193160381E-3
7.661225197E1,-9.853689000E-3,-1.531316526E-2,1.997369342E-3
7.663252083E1,-3.595264861E-3,-7.856319658E-3,-2.263685223E-3
7.665278968E1,-1.464737463E-3,2.796316985E-3,-8.655266836E-3
7.667305853E1,-4.660528619E-3,2.796316985E-3,-1.398158539E-2
7.669332734E1,-9.853689000E-3,-5.725792143E-3,-1.717737690E-2
7.671359619E1,-1.304947957E-2,-1.637842879E-2,-1.504684892E-2
7.673386504E1,-1.411474310E-2,-2.063948289E-2,-1.398158539E-2
7.675413390E1,-1.518000662E-2,-2.277000993E-2,-1.078579482E-2
7.677440275E1,-1.518000662E-2,-2.063948289E-2,-6.524739787E-3
7.679467161E1,-1.731053367E-2,-1.637842879E-2,-5.459476262E-3
7.681494046E1,-1.624527015E-2,-1.424790081E-2,-5.459476262E-3
7.683520926E1,-1.518000662E-2,-1.531316526E-2,-5.459476262E-3
7.685547812E1,-1.518000662E-2,-1.744369231E-2,-5.459476262E-3
7.687574697E1,-1.518000662E-2,-1.744369231E-2,-7.590003312E-3
7.689601583E1,-1.411474310E-2,-1.637842879E-2,-1.078579482E-2
7.691628463E1,-1.198421605E-2,-1.211737376E-2,-1.291632187E-2
7.693655348E1,-9.853689000E-3,-8.921583183E-3,-1.398158539E-2
7.695682234E1,-7.856319658E-3,-8.921583183E-3,-1.185105834E-2
7.697709119E1,-9.853689000E-3,-1.211737376E-2,-9.720530361E-3
7.699735999E1,-1.304947957E-2,-1.318263728E-2,-9.720530361E-3
7.701762885E1,-1.518000662E-2,-1.105211023E-2,-1.185105834E-2
7.703789770E1,-1.411474310E-2,-1.318263728E-2,-1.291632187E-2
7.705816650E1,-1.091895252E-2,-1.211737376E-2,-1.078579482E-2
7.707843536E1,-7.856319658E-3,-9.986846708E-3,-8.655266836E-3
7.709870416E1,-1.091895252E-2,-9.986846708E-3,-5.459476262E-3
7.711897301E1,-1.091895252E-2,-9.986846708E-3,-3.328948980E-3
7.713924187E1,-1.091895252E-2,-9.986846708E-3,-3.328948980E-3
7.715951067E1,-1.518000662E-2,-1.531316526E-2,-5.459476262E-3
7.717977952E1,-1.944106072E-2,-2.277000993E-2,-9.720530361E-3
7.720004827E1,-2.050632425E-2,-2.490053698E-2,-1.185105834E-2
7.722031718E1,-1.837579720E-2,-2.063948289E-2,-8.655266836E-3
7.724058598E1,-1.304947957E-2,-1.211737376E-2,-7.590003312E-3
7.726085484E1,-6.791055668E-3,-3.595264861E-3,-9.720530361E-3
7.728112364E1,-1.464737463E-3,6.657897611E-4,-9.720530361E-3
7.730139249E1,-3.994738800E-4,2.796316985E-3,-9.720530361E-3
7.732166130E1,-2.530001104E-3,1.731053460E-3,-8.655266836E-3
7.734193015E1,-5.725792143E-3,-4.660528619E-3,-6.524739787E-3
7.736219895E1,-8.921583183E-3,-1.105211023E-2,-5.459476262E-3
7.738246770E1,-8.921583183E-3,-1.211737376E-2,-2.263685223E-3
7.740273661E1,-7.856319658E-3,-9.986846708E-3,-1.198421582E-3
7.742300546E1,-6.791055668E-3,-6.791055668E-3,-2.263685223E-3
7.744327426E1,-5.725792143E-3,-3.595264861E-3,-2.263685223E-3
7.746354307E1,-4.660528619E-3,-4.660528619E-3,-2.263685223E-3
7.748381192E1,-4.660528619E-3,-6.791055668E-3,-1.198421582E-3
7.750408072E1,-5.725792143E-3,-6.791055668E-3,-1.331579551E-4
7.752434947E1,-3.595264861E-3,-3.595264861E-3,-3.328948980E-3
7.754461838E1,-1.464737463E-3,-1.464737463E-3,-4.394212738E-3
7.756488718E1,-3.994738800E-4,-1.464737463E-3,-3.328948980E-3
7.758515603E1,-3.994738800E-4,-3.994738800E-4,-3.328948980E-3
7.760542484E1,-3.994738800E-4,1.731053460E-3,-4.394212738E-3
7.762569364E1,-3.994738800E-4,2.796316985E-3,-3.328948980E-3
7.764596249E1,-1.464737463E-3,6.657897611E-4,-2.263685223E-3
7.766623130E1,6.657897611E-4,6.657897611E-4,9.321057005E-4
7.768650010E1,1.731053460E-3,6.657897611E-4,3.062632866E-3
7.770676890E1,6.657897611E-4,2.796316985E-3,4.127896391E-3
7.772716890E1,-1.464737463E-3,6.657897611E-4,4.127896391E-3
7.774730656E1,-4.660528619E-3,-2.530001104E-3,3.062632866E-3
7.776757536E1,-7.856319658E-3,-9.986846708E-3,-3.328948980E-3
7.778784416E1,-9.853689000E-3,-1.318263728E-2,-9.720530361E-3
7.780811296E1,-9.853689000E-3,-1.105211023E-2,-7.590003312E-3
7.782851296E1,-7.856319658E-3,-6.791055668E-3,-2.263685223E-3
7.784865062E1,-4.660528619E-3,-1.464737463E-3,-1.331579551E-4
7.786891942E1,2.796316985E-3,3.861580743E-3,-1.331579551E-4
7.788918822E1,5.992108025E-3,7.057371549E-3,-2.263685223E-3
7.790945702E1,4.926844500E-3,7.057371549E-3,-4.394212738E-3
7.792985702E1,-3.994738800E-4,2.796316985E-3,-1.198421582E-3
7.794999463E1,-3.595264861E-3,-4.660528619E-3,1.997369342E-3
7.797026343E1,-2.530001104E-3,-8.921583183E-3,3.062632866E-3
7.799053228E1,6.657897611E-4,-7.856319658E-3,9.321057005E-4
7.801080109E1,6.657897611E-4,-2.530001104E-3,-3.328948980E-3
7.803106989E1,6.657897611E-4,6.657897611E-4,-6.524739787E-3
7.805133869E1,-3.994738800E-4,2.796316985E-3,-6.524739787E-3
7.807160749E1,-2.530001104E-3,-3.994738800E-4,-1.198421582E-3
7.809187630E1,-2.530001104E-3,-4.660528619E-3,3.062632866E-3
7.811214510E1,-2.530001104E-3,-4.660528619E-3,5.193160381E-3
7.813241385E1,-1.464737463E-3,-1.464737463E-3,4.127896391E-3
7.815268270E1,-3.994738800E-4,6.657897611E-4,3.062632866E-3
7.817295150E1,1.731053460E-3,3.861580743E-3,3.062632866E-3
7.819322031E1,3.861580743E-3,7.057371549E-3,-1.331579551E-4
7.821348911E1,4.926844500E-3,7.057371549E-3,-1.198421582E-3
7.823375791E1,5.992108025E-3,8.122635074E-3,-1.198421582E-3
7.825402671E1,7.057371549E-3,1.025316212E-2,-1.331579551E-4
7.827429551E1,9.187898599E-3,1.344895363E-2,3.062632866E-3
7.829456432E1,9.187898599E-3,1.557948068E-2,6.258423906E-3
7.831483312E1,8.122635074E-3,1.557948068E-2,9.454214945E-3
7.833510192E1,8.122635074E-3,1.451421715E-2,1.158474199E-2
7.835537072E1,8.122635074E-3,9.187898599E-3,1.051947847E-2
7.837563952E1,5.992108025E-3,6.657897611E-4,6.258423906E-3
7.839590833E1,3.861580743E-3,-1.464737463E-3,4.127896391E-3
7.841617713E1,7.057371549E-3,1.731053460E-3,9.454214945E-3
7.843644593E1,1.238369010E-2,7.057371549E-3,1.478053257E-2
7.845671473E1,1.771000773E-2,1.664474420E-2,1.478053257E-2
7.847698353E1,2.516685426E-2,2.410159074E-2,1.158474199E-2
7.849725234E1,2.410159074E-2,2.516685426E-2,6.258423906E-3
7.851752114E1,1.771000773E-2,1.984053478E-2,4.127896391E-3
7.853778994E1,1.131842658E-2,1.344895363E-2,5.193160381E-3
7.855805869E1,9.187898599E-3,1.025316212E-2,5.193160381E-3
7.857832749E1,1.131842658E-2,1.025316212E-2,5.193160381E-3
7.859859630E1,1.238369010E-2,1.344895363E-2,4.127896391E-3
7.861886504E1,1.238369010E-2,1.664474420E-2,4.127896391E-3
7.863913390E1,1.131842658E-2,1.771000773E-2,7.323687430E-3
7.865940270E1,1.025316212E-2,1.557948068E-2,1.051947847E-2
7.867980270E1,9.187898599E-3,1.238369010E-2,1.265000552E-2
7.869994025E1,7.057371549E-3,9.187898599E-3,1.265000552E-2
7.872020906E1,9.187898599E-3,1.025316212E-2,8.388951421E-3
7.874047786E1,1.131842658E-2,1.451421715E-2,8.388951421E-3
7.876074661E1,1.451421715E-2,1.664474420E-2,9.454214945E-3
7.878101541E1,1.664474420E-2,1.451421715E-2,1.265000552E-2
7.880141541E1,1.664474420E-2,1.131842658E-2,1.478053257E-2
7.882171088E1,1.557948068E-2,1.025316212E-2,1.478053257E-2
7.884182239E1,1.344895363E-2,9.187898599E-3,1.265000552E-2
7.886209103E1,1.238369010E-2,9.187898599E-3,1.051947847E-2
7.888235973E1,1.025316212E-2,9.187898599E-3,8.388951421E-3
7.890262843E1,8.122635074E-3,8.122635074E-3,5.193160381E-3
7.892289713E1,1.131842658E-2,1.131842658E-2,1.997369342E-3
7.894316588E1,1.238369010E-2,1.451421715E-2,9.321057005E-4
7.896343458E1,5.992108025E-3,7.057371549E-3,9.321057005E-4
7.898370338E1,-1.464737463E-3,-3.595264861E-3,9.321057005E-4
7.900397213E1,-1.464737463E-3,-4.660528619E-3,4.127896391E-3
7.902424093E1,3.861580743E-3,2.796316985E-3,6.258423906E-3
7.904450968E1,1.025316212E-2,1.557948068E-2,7.323687430E-3
7.906477848E1,1.238369010E-2,2.303632535E-2,8.388951421E-3
7.908504723E1,1.131842658E-2,1.984053478E-2,9.454214945E-3
7.910531603E1,9.187898599E-3,1.238369010E-2,1.158474199E-2
7.912558478E1,5.992108025E-3,4.926844500E-3,1.051947847E-2
7.914585359E1,3.861580743E-3,6.657897611E-4,7.323687430E-3
7.916612234E1,4.926844500E-3,2.796316985E-3,5.193160381E-3
7.918639109E1,4.926844500E-3,4.926844500E-3,-1.331579551E-4
7.920665989E1,5.992108025E-3,7.057371549E-3,-2.263685223E-3
7.922705989E1,8.122635074E-3,7.057371549E-3,-1.198421582E-3
7.924719744E1,8.122635074E-3,3.861580743E-3,1.997369342E-3
7.926746624E1,5.992108025E-3,2.796316985E-3,4.127896391E-3
7.928773499E1,3.861580743E-3,2.796316985E-3,5.193160381E-3
7.930800380E1,1.731053460E-3,2.796316985E-3,5.193160381E-3
7.932840380E1,1.731053460E-3,1.731053460E-3,3.062632866E-3
7.934854135E1,6.657897611E-4,-1.464737463E-3,1.997369342E-3
7.936881010E1,-3.595264861E-3,-4.660528619E-3,-1.331579551E-4
7.938907890E1,-7.856319658E-3,-7.856319658E-3,-5.459476262E-3
7.940934765E1,-9.853689000E-3,-1.105211023E-2,-8.655266836E-3
7.942974765E1,-9.853689000E-3,-1.211737376E-2,-1.078579482E-2
7.944988520E1,-7.856319658E-3,-8.921583183E-3,-9.720530361E-3
7.947015400E1,-8.921583183E-3,-9.986846708E-3,-3.328948980E-3
7.949042275E1,-1.518000662E-2,-1.211737376E-2,-1.198421582E-3
7.951069156E1,-1.304947957E-2,-1.105211023E-2,-4.394212738E-3
7.953109156E1,-9.853689000E-3,-1.105211023E-2,-8.655266836E-3
7.955122911E1,-1.624527015E-2,-1.957421936E-2,-1.185105834E-2
7.957149786E1,-2.370211668E-2,-2.916159295E-2,-1.398158539E-2
7.959176661E1,-2.796317078E-2,-3.022685647E-2,-1.398158539E-2
7.961203541E1,-2.370211668E-2,-2.596580051E-2,-1.185105834E-2
7.963230416E1,-1.304947957E-2,-1.850895584E-2,-1.078579482E-2
7.965257296E1,-6.791055668E-3,-7.856319658E-3,-1.185105834E-2
7.967284171E1,-6.791055668E-3,-4.660528619E-3,-1.291632187E-2
7.969311051E1,-8.921583183E-3,-4.660528619E-3,-1.185105834E-2
7.971337926E1,-1.198421605E-2,-9.986846708E-3,-9.720530361E-3
7.973364801E1,-1.518000662E-2,-1.637842879E-2,-8.655266836E-3
7.975391682E1,-1.624527015E-2,-1.957421936E-2,-9.720530361E-3
7.977418557E1,-1.731053367E-2,-1.957421936E-2,-1.078579482E-2
7.979445432E1,-1.837579720E-2,-1.744369231E-2,-1.078579482E-2
7.981472312E1,-1.624527015E-2,-1.531316526E-2,-9.720530361E-3
7.983499187E1,-1.411474310E-2,-1.318263728E-2,-9.720530361E-3
7.985526067E1,-1.091895252E-2,-1.318263728E-2,-6.524739787E-3
7.987552942E1,-9.853689000E-3,-1.318263728E-2,-5.459476262E-3
7.989579817E1,-1.091895252E-2,-9.986846708E-3,-5.459476262E-3
7.991606692E1,-9.853689000E-3,-6.791055668E-3,-7.590003312E-3
7.993633572E1,-7.856319658E-3,-6.791055668E-3,-7.590003312E-3
7.995660447E1,-5.725792143E-3,-7.856319658E-3,-7.590003312E-3
7.997687322E1,-6.791055668E-3,-7.856319658E-3,-7.590003312E-3
7.999714202E1,-4.660528619E-3,-5.725792143E-3,-8.655266836E-3
8.001741077E1,-4.660528619E-3,-3.595264861E-3,-7.590003312E-3
8.003767952E1,-5.725792143E-3,-3.595264861E-3,-6.524739787E-3
8.005794833E1,-3.595264861E-3,-2.530001104E-3,-4.394212738E-3
8.007821708E1,-2.530001104E-3,-3.595264861E-3,-2.263685223E-3
8.009848583E1,-3.595264861E-3,-3.595264861E-3,-1.198421582E-3
8.011875458E1,-3.595264861E-3,-4.660528619E-3,-1.331579551E-4
8.013902338E1,-4.660528619E-3,-5.725792143E-3,-1.331579551E-4
8.015929213E1,-1.091895252E-2,-1.211737376E-2,-2.263685223E-3
8.017956083E1,-1.518000662E-2,-1.637842879E-2,-7.590003312E-3
8.019982963E1,-1.518000662E-2,-1.637842879E-2,-7.590003312E-3
8.022009833E1,-1.091895252E-2,-1.318263728E-2,-3.328948980E-3
8.024036718E1,-6.791055668E-3,-5.725792143E-3,-2.263685223E-3
8.026063593E1,-3.994738800E-4,6.657897611E-4,-2.263685223E-3
8.028090468E1,3.861580743E-3,5.992108025E-3,-5.459476262E-3
8.030117343E1,2.796316985E-3,7.057371549E-3,-6.524739787E-3
8.032144325E1,-3.994738800E-4,2.796316985E-3,-4.394212738E-3
8.034171205E1,-3.595264861E-3,-4.660528619E-3,-1.198421582E-3
8.036198080E1,-3.595264861E-3,-6.791055668E-3,9.321057005E-4
8.038224955E1,-2.530001104E-3,-5.725792143E-3,-1.331579551E-4
8.040251830E1,-1.464737463E-3,-2.530001104E-3,-1.198421582E-3
8.042278705E1,-3.994738800E-4,6.657897611E-4,-2.263685223E-3
8.044305580E1,-1.464737463E-3,-3.994738800E-4,-2.263685223E-3
8.046332455E1,-2.530001104E-3,-1.464737463E-3,9.321057005E-4
8.048359330E1,-2.530001104E-3,-3.595264861E-3,9.321057005E-4
8.050386210E1,-2.530001104E-3,-3.595264861E-3,-1.331579551E-4
8.052413085E1,-1.464737463E-3,-2.530001104E-3,-1.198421582E-3
8.054439960E1,1.731053460E-3,-3.994738800E-4,-2.263685223E-3
8.056466835E1,1.731053460E-3,1.731053460E-3,-3.328948980E-3
8.058493710E1,-3.994738800E-4,5.992108025E-3,-2.263685223E-3
8.060520585E1,6.657897611E-4,5.992108025E-3,-2.263685223E-3
8.062547460E1,2.796316985E-3,3.861580743E-3,1.997369342E-3
8.064574335E1,3.861580743E-3,2.796316985E-3,3.062632866E-3
8.066601210E1,4.926844500E-3,2.796316985E-3,4.127896391E-3
8.068628085E1,2.796316985E-3,2.796316985E-3,4.127896391E-3
8.070654960E1,-3.994738800E-4,2.796316985E-3,3.062632866E-3
8.072694960E1,-2.530001104E-3,-3.994738800E-4,1.997369342E-3
8.074708710E1,-4.660528619E-3,-5.725792143E-3,-2.263685223E-3
8.076735585E1,-6.791055668E-3,-1.424790081E-2,-8.655266836E-3
8.078762460E1,-4.660528619E-3,-1.318263728E-2,-9.720530361E-3
8.080789335E1,-3.595264861E-3,-4.660528619E-3,-1.198421582E-3
8.082829335E1,1.731053460E-3,5.992108025E-3,6.258423906E-3
8.084843085E1,9.187898599E-3,1.771000773E-2,1.051947847E-2
8.086869960E1,1.664474420E-2,2.623211779E-2,1.158474199E-2
8.088896835E1,1.771000773E-2,2.623211779E-2,1.265000552E-2
8.090923710E1,1.344895363E-2,2.090579830E-2,1.051947847E-2
8.092963710E1,5.992108025E-3,1.131842658E-2,1.158474199E-2
8.094977460E1,5.992108025E-3,7.057371549E-3,1.265000552E-2
8.097004335E1,1.025316212E-2,9.187898599E-3,1.265000552E-2
8.099031210E1,1.557948068E-2,1.451421715E-2,1.051947847E-2
8.101058085E1,1.771000773E-2,1.984053478E-2,8.388951421E-3
8.103084960E1,1.557948068E-2,1.877527125E-2,9.454214945E-3
8.105111830E1,1.238369010E-2,1.344895363E-2,1.158474199E-2
8.107138710E1,1.238369010E-2,1.025316212E-2,1.371526904E-2
8.109165580E1,1.131842658E-2,9.187898599E-3,1.265000552E-2
8.111192455E1,1.238369010E-2,1.238369010E-2,8.388951421E-3
8.113219330E1,1.451421715E-2,1.451421715E-2,6.258423906E-3
8.115246205E1,1.238369010E-2,3.262370080E-2,3.062632866E-3
8.117273080E1,1.344895363E-2,2.623211779E-2,4.127896391E-3
8.119299955E1,1.131842658E-2,2.729738131E-2,7.323687430E-3
8.121326825E1,5.992108025E-3,3.049317189E-2,9.454214945E-3
8.123353700E1,4.926844500E-3,3.368896246E-2,9.454214945E-3
8.125380575E1,6.657897611E-4,4.540686309E-2,8.388951421E-3
8.127407450E1,1.238369010E-2,1.557948068E-2,1.158474199E-2
8.129434320E1,2.516685426E-2,-1.318263728E-2,9.454214945E-3
8.131461195E1,1.451421715E-2,1.664474420E-2,1.997369342E-3
8.133488070E1,2.197106183E-2,-1.318263728E-2,1.051947847E-2
8.135514945E1,1.451421715E-2,-4.660528619E-3,9.454214945E-3
8.137541820E1,-3.994738800E-4,8.122635074E-3,4.127896391E-3
8.139568690E1,-1.464737463E-3,-4.660528619E-3,8.388951421E-3
8.141595565E1,6.657897611E-4,-4.660528619E-3,1.051947847E-2
8.143622440E1,5.992108025E-3,1.664474420E-2,6.258423906E-3
8.145649315E1,7.057371549E-3,3.581948951E-2,9.321057005E-4
8.149203049E1,1.078579482E-2,1.451421715E-2,8.921583183E-3
8.151229934E1,-1.624527015E-2,3.528685868E-2,6.791055668E-3
8.153256804E1,-5.725792143E-3,-2.223737910E-2,1.478053257E-2
8.155283684E1,-3.595264861E-3,-3.715106845E-2,2.063948289E-2
8.157310559E1,-2.530001104E-3,-3.289001435E-2,3.075948730E-2
8.159337429E1,-2.210422046E-2,-4.301001877E-2,4.554001987E-2
8.161364304E1,-3.755054250E-2,-8.615319431E-2,6.471476704E-2
8.163391179E1,-4.074633494E-2,-5.845634267E-2,6.311687082E-2
8.165418054E1,-2.956106514E-2,-7.816372067E-2,7.163897902E-2
8.167452658E1,-9.321057005E-4,-1.537974328E-1,7.909582555E-2
8.169471971E1,1.185105834E-2,-8.881635964E-2,6.205160543E-2
8.171498705E1,2.996053919E-2,-4.780370742E-2,7.323687524E-2
8.173525554E1,7.629951090E-2,-1.905490309E-1,1.243695319E-1
8.175552424E1,6.990792602E-2,-1.308942735E-1,1.019989923E-1
8.177592424E1,3.848264739E-2,4.274370521E-2,5.139897019E-2
8.179622002E1,8.961530030E-2,-2.623211741E-1,1.371526867E-1
8.181633460E1,8.748477697E-2,-3.656517565E-1,1.664474458E-1
8.183660002E1,3.262370080E-2,-1.942774504E-1,1.302284747E-1
8.185686856E1,9.187898599E-3,-1.569932252E-1,1.158474237E-1
8.187713710E1,3.328948980E-3,-1.990711391E-1,8.495477587E-2
8.189740580E1,7.629951090E-2,-4.370244145E-1,8.282424510E-2
8.191767445E1,6.564687192E-2,-2.793653905E-1,3.502054140E-2
8.193807445E1,6.404897571E-2,-2.273006290E-1,1.158474199E-2
8.195821184E1,6.511423737E-2,-1.500690132E-1,-4.221107066E-2
8.197861184E1,4.394212738E-3,1.013332009E-1,7.856319658E-3
8.199874929E1,1.860216707E-1,-6.671213508E-1,1.584579609E-2
8.201901799E1,1.300953180E-1,-3.848264813E-1,6.791055668E-3
8.203928664E1,8.056056499E-2,-1.660479754E-1,1.904158667E-2
8.205955533E1,1.966743022E-1,-5.158539414E-1,-5.992108025E-3
8.207982408E1,1.253016293E-1,-3.438138366E-1,-2.516685426E-2
8.210009278E1,4.647212476E-2,-3.342264593E-1,-1.504684892E-2
8.212036153E1,1.008005738E-1,-5.866939425E-1,1.584579609E-2
8.214063028E1,6.884266436E-2,-3.858917654E-1,-7.590003312E-3
8.216089898E1,3.688475490E-2,-4.178496599E-1,2.703106403E-2
8.218116773E1,-2.583264373E-2,-2.102564126E-1,-1.664474420E-2
8.220143648E1,7.736477256E-2,-5.270391703E-1,2.809632942E-2
8.222183648E1,1.082574204E-1,-5.201149583E-1,1.371526904E-2
8.224197388E1,1.066595241E-1,-4.306328297E-1,3.502054140E-2
8.226224262E1,7.150582224E-2,-1.761679798E-1,-1.593900770E-1
8.228251132E1,-1.669800729E-1,3.850927949E-1,-1.471395344E-1
8.230278002E1,9.867004305E-2,-3.954791129E-1,-1.822932363E-1
8.232318002E1,1.731053460E-3,-3.336938322E-1,-1.189100519E-1
8.234331752E1,-1.408811212E-1,9.281109273E-2,-1.759016514E-1
8.236358627E1,-1.890842989E-2,5.126581341E-2,-2.158490419E-1
8.238385502E1,-8.282424510E-2,4.058654606E-1,-1.407479644E-1
8.240412372E1,-1.211737394E-1,1.860216707E-1,1.035968885E-1
8.242452372E1,-1.941442937E-1,7.576687634E-2,3.331612051E-1
8.244466122E1,-4.055991173E-1,4.814991653E-1,5.217128396E-1
8.246492992E1,-6.339650154E-1,1.319195867E0,5.403549671E-1
8.248519867E1,-5.844302773E-1,4.234423041E-1,3.896201849E-1
8.250546742E1,-1.973400861E-1,-3.150517344E-1,1.765674502E-1
8.252586742E1,-3.914843872E-2,-3.645864725E-1,1.254348010E-1
8.254600486E1,-7.004108280E-2,8.482161909E-2,4.500738904E-2
8.256627362E1,1.664474420E-2,2.808301151E-1,-2.463422157E-2
8.258654236E1,8.695214242E-2,2.318280041E-1,-1.984053478E-2
8.260681112E1,4.221107066E-2,2.829606533E-1,-3.102580272E-2
8.262707986E1,1.238369010E-2,8.482161909E-2,-5.286370963E-2
8.264734856E1,-1.464737463E-3,-1.133174226E-1,-7.843003422E-2
8.266761731E1,6.138581783E-2,-7.283740491E-2,-9.707214683E-2
8.268788606E1,1.988048255E-1,-5.366265774E-2,-1.375521719E-1
8.270815481E1,2.904174924E-1,-1.330247968E-1,-1.508679688E-1
8.272842356E1,2.952111959E-1,-1.804290265E-1,-1.822932363E-1
8.274869226E1,1.593900770E-1,-1.596563905E-1,-2.030658871E-1
8.276896101E1,-6.791055668E-3,2.889527567E-2,-3.292996287E-1
8.278922976E1,-3.701791167E-2,8.375635743E-2,-3.798996508E-1
8.280949851E1,-1.062600464E-1,7.097318769E-2,-3.399522603E-1
8.282976726E1,-5.672528967E-2,-2.916159295E-2,-2.611227632E-1
8.285003596E1,-3.808317333E-2,2.783001214E-2,-1.977395564E-1
8.287030476E1,-1.217063740E-1,1.870869249E-1,-2.669816911E-1
8.289057351E1,-1.781653464E-1,3.856254518E-1,-1.013332009E-1
8.291084221E1,-2.985401452E-1,3.872233331E-1,-3.741738573E-2
8.293124221E1,-4.024033546E-1,2.099900991E-1,2.021337748E-1
8.295137971E1,-4.849612713E-1,3.968107104E-1,3.992075622E-1
8.297164846E1,-4.993423223E-1,4.708465338E-1,3.539338410E-1
8.299191721E1,-3.906854391E-1,3.664506972E-1,3.763043880E-1
8.301218596E1,-3.193127811E-1,2.712427676E-1,3.656517565E-1
8.303245471E1,-3.139864504E-1,1.806953400E-1,2.165148407E-1
8.305285471E1,-1.893506050E-1,-3.981423005E-2,-1.055942550E-1
8.307299221E1,2.783001214E-2,-4.567317963E-1,-2.584595978E-1
8.309326096E1,2.467416972E-1,-5.920202732E-1,-4.102596641E-1
8.311352966E1,4.017375410E-1,-7.289066315E-1,-5.981455445E-1
8.313379841E1,5.342296958E-1,-1.146356821E0,-7.542066574E-1
8.315406710E1,7.217161059E-1,-1.637842894E0,-9.166593552E-1
8.317433591E1,9.299751520E-1,-1.914145589E0,-1.221191645E0
8.319460466E1,8.644614220E-1,-2.266747952E0,-1.402819037E0
8.321487341E1,6.466150284E-1,-1.777925014E0,-1.111469507E0
8.323514216E1,4.171838760E-1,-1.628788114E0,-7.909582257E-1
8.325541091E1,3.777691126E-1,-1.247556925E0,-6.354297400E-1
8.327567966E1,7.142592669E-1,-7.033402920E-1,-5.438171029E-1
8.329594841E1,7.776424289E-1,-2.123869359E-1,-2.536658943E-1
8.331621716E1,5.869602561E-1,4.860265180E-2,2.287653685E-1
8.333648591E1,6.918887496E-1,7.044056058E-2,5.041360259E-1
8.335675466E1,1.004011035E0,2.035985142E-1,5.616602302E-1
8.337702341E1,1.194560051E0,5.060002208E-1,4.791023135E-1
8.339729216E1,1.330381155E0,5.406212807E-1,2.660495937E-1
8.341756091E1,1.466734886E0,5.826992393E-1,-1.205079481E-1
8.343782966E1,1.516269684E0,3.307643533E-1,-3.612575233E-1
8.345809841E1,1.729189157E0,3.659180701E-1,5.246423557E-2
8.347836716E1,1.886315584E0,1.173121557E-1,-3.053312004E-1
8.349863591E1,1.777126074E0,-4.679170549E-1,1.605884880E-1
8.351890466E1,2.260622501E0,5.012065172E-1,1.483379602E-1
8.353917341E1,2.628138542E0,1.092294693E0,2.047969401E-1
8.355944216E1,1.999766111E0,1.382579088E0,5.185170770E-1
8.357971091E1,8.229161501E-1,1.518799663E0,-3.155843541E-2
8.359997966E1,7.201182246E-1,2.416151047E0,5.467465520E-1
8.362024841E1,1.513606429E0,3.094990253E0,2.522278070E0
8.364051716E1,2.624942780E0,1.561942816E0,1.889111876E0
8.366078591E1,2.234523535E0,-5.190497041E-1,1.355548054E-1
8.368105466E1,3.111901283E-1,-5.041360259E-1,7.037398219E-1
8.370132341E1,-7.964177132E-1,1.561942846E-1,2.349172592E0
8.372172341E1,-1.494032294E-1,-6.633929610E-1,2.857702971E0
8.374186091E1,7.446193099E-1,-2.625075817E0,1.972735047E0
8.376212966E1,1.309075832E0,-3.046787262E0,2.181526661E0
8.378239841E1,1.570598125E0,-2.238518476E0,3.348656178E0
8.380266721E1,1.194027424E0,-2.722014904E0,3.553186893E0
8.382306721E1,4.044007063E-1,-3.404715776E0,3.595264673E0
8.384320471E1,-2.346243113E-1,-3.096321821E0,4.100599289E0
8.386339486E1,-9.908283353E-1,-3.068624973E0,3.591536283E0
8.388374210E1,-1.675526500E0,-4.376502514E0,2.142644644E0
8.390401085E1,-1.677124500E0,-4.601140022E0,2.180461407E0
8.392441085E1,-1.432779551E0,-5.013929844E0,2.238917828E0
8.394454846E1,-1.484444857E0,-5.354681015E0,2.707101345E0
8.396481721E1,-1.476988077E0,-5.360539913E0,3.990344524E0
8.398508596E1,-1.025982022E0,-5.421259880E0,4.710862160E0
8.400535471E1,-6.238450408E-1,-4.969188690E0,4.940293312E0
8.402575471E1,-4.127896577E-2,-4.074500084E0,5.152280807E0
8.404589226E1,6.716487408E-1,-2.694850683E0,5.323255539E0
8.406616106E1,8.831035495E-1,-1.757152319E0,5.527653217E0
8.408642981E1,8.058719635E-1,-1.211337924E0,5.097419739E0
8.410669856E1,6.130592227E-1,-1.353417397E0,4.627238750E0
8.412709856E1,3.633880615E-1,-1.711346030E0,3.766239643E0
8.414723612E1,4.688491523E-1,-2.255029917E0,2.932803869E0
8.416750487E1,7.595329881E-1,-2.245442629E0,2.456231594E0
8.418790487E1,1.415602207E0,-2.035053015E0,2.373673677E0
8.420804237E1,1.715873361E0,-1.904558182E0,2.320410490E0
8.422831112E1,1.527987480E0,-2.874880314E0,1.433844805E0
8.424857992E1,1.227583170E0,-3.187934637E0,3.043990731E-1
8.426884867E1,1.094425201E0,-2.555301189E0,6.605966091E-1
8.428911742E1,8.665919900E-1,-9.881651998E-1,1.335840583E0
8.430951742E1,4.304996729E-1,-8.890956640E-1,1.859284520E0
8.432965492E1,-1.659148186E-1,-1.900297165E0,2.102697372E0
8.434992372E1,-9.471525550E-1,-2.225735188E0,2.263418913E0
8.437019242E1,-1.490836501E0,-2.519614935E0,2.121871948E0
8.439059242E1,-1.721332908E0,-2.077663660E0,2.220808268E0
8.441072997E1,-1.515337586E0,-1.751826048E0,1.860882401E0
8.443112997E1,-6.297039986E-1,-1.996703506E0,1.496162772E0
8.445126752E1,4.661859870E-1,-1.319329023E0,1.822532892E0
8.447166752E1,1.111469507E0,-1.202416345E-1,2.336922169E0
8.449180502E1,1.361806393E0,1.615206003E-1,2.636793852E0
8.451207382E1,1.175385237E0,1.929458827E-1,2.776742935E0
8.453247382E1,7.925561666E-1,2.504701018E-1,2.939195633E0
8.455261132E1,8.245140314E-1,1.434111148E-1,2.796982765E0
8.457288007E1,7.882950902E-1,-3.075948656E-1,2.606966496E0
8.459328007E1,5.965476632E-1,-1.651691318E0,2.184722662E0
8.461341763E1,-1.691105962E-1,-2.935999870E0,1.802292943E0
8.463368638E1,-7.442198396E-1,-4.299271107E0,1.635179639E0
8.465408638E1,-8.182556629E-1,-5.811013222E0,1.469531178E0
8.467438184E1,-3.038664460E-1,-6.712492466E0,1.038232565E0
8.469449325E1,3.905522823E-1,-6.483061314E0,2.303632647E-1
8.471476195E1,-1.004144192E0,6.183855534E-1,-6.695181727E-1
8.473503059E1,-5.366265774E-1,5.478517532E0,-7.813708782E-1
8.475529929E1,-2.170474678E-1,4.321374893E0,-6.753771305E-1
8.477556794E1,-5.512739345E-2,1.698296547E0,-1.015728831E0
8.479591533E1,-6.217144728E-1,6.162550449E-1,-8.271772265E-1
8.481610554E1,-1.350754261E0,1.003877878E0,-5.416865349E-1
8.483637424E1,-1.801760316E0,7.888277173E-1,-7.270424366E-1
8.485664294E1,-2.062217236E0,4.793686271E-1,-9.134635925E-1
8.487691164E1,-2.101099491E0,1.934785098E-1,-7.898929715E-1
8.489718039E1,-1.900297165E0,1.796300858E-1,-6.620613337E-1
8.491744914E1,-1.368863821E0,3.557980657E-1,-5.912213326E-1
8.493771789E1,-5.822997093E-1,3.158506751E-1,-3.149185777E-1
8.495806539E1,2.201101035E-1,-1.761679798E-1,7.856319100E-2
8.497825549E1,8.106656075E-1,-3.491401672E-1,2.745717168E-1
8.499852424E1,1.113067389E0,-3.230412006E-1,2.623211741E-1
8.501879294E1,1.248355865E0,1.731053460E-3,2.079927325E-1
8.503906247E1,1.314934850E0,2.371543199E-1,1.648495495E-1
8.505933049E1,1.251019001E0,2.669816911E-1,1.440769136E-1
8.507973049E1,9.347688556E-1,2.307627350E-1,1.744369268E-1
8.509986804E1,5.667202473E-1,1.268995255E-1,1.275653243E-1
8.512013679E1,2.259690464E-1,5.233107507E-2,1.089232042E-1
8.514040559E1,1.344895363E-2,3.102580272E-2,1.563274413E-1
8.516067434E1,-5.512739345E-2,1.151816323E-1,1.233042628E-1
8.518094309E1,-1.962748319E-1,4.753739014E-2,1.296958476E-1
8.520121184E1,-2.852243483E-1,-1.447426975E-1,6.524740160E-2
8.522161184E1,-2.500706315E-1,-3.129211962E-1,1.691105962E-2
8.524174940E1,-1.909485012E-1,-2.262353599E-1,2.530001104E-3
8.526201815E1,-1.749695539E-1,-1.436774284E-1,9.986846708E-3
8.528228690E1,-2.223737836E-1,-6.804371625E-2,1.371526904E-2
8.530255570E1,-2.021337748E-1,-7.603318989E-2,-7.523424178E-2
8.532295570E1,-1.254348010E-1,2.263685223E-3,-2.025332451E-1
8.534309325E1,-1.110537350E-1,3.581948951E-2,-2.866890728E-1
8.536336205E1,-1.579253376E-1,-1.213068962E-1,-2.802974880E-1
8.538363080E1,-1.680453420E-1,-2.676474750E-1,-2.765690684E-1
8.540389960E1,-1.019989923E-1,-2.926811874E-1,-3.021354079E-1
8.542429960E1,-1.997369342E-2,-3.230412006E-1,-3.607248962E-1
8.544443716E1,8.322372288E-2,-4.242412448E-1,-4.022701681E-1
8.546470596E1,2.643185556E-1,-4.354265034E-1,-3.506048918E-1
8.548497471E1,4.352933466E-1,-3.262369931E-1,-2.707101107E-1
8.550524351E1,5.146554708E-1,-2.027995586E-1,-2.456764281E-1
8.552564351E1,5.523391962E-1,-2.038648278E-1,-2.478069514E-1
8.554578112E1,6.157223582E-1,-3.512706757E-1,-2.504701018E-1
8.556604987E1,6.359623671E-1,-4.450138807E-1,-2.749711871E-1
8.558631867E1,5.784381628E-1,-3.688475490E-1,-2.174469382E-1
8.560658747E1,5.470128655E-1,-1.767006069E-1,-1.508679688E-1
8.562698747E1,5.400886536E-1,-2.756369673E-2,-9.387636185E-2
8.564712507E1,4.352933466E-1,7.257108390E-2,1.531316526E-2
8.566739382E1,3.271690905E-1,9.227846563E-2,3.022685647E-2
8.568766262E1,2.510027587E-1,5.073318258E-2,-3.475422785E-2
8.570793143E1,2.233058959E-1,5.819002539E-2,-4.380896688E-2
8.572820023E1,2.392848432E-1,5.392897129E-2,-4.753739014E-2
8.574846903E1,2.547311783E-1,9.174583107E-2,-1.008005738E-1
8.576873783E1,2.579269707E-1,-1.478053257E-2,-1.023984700E-1
8.578900669E1,3.213101327E-1,-2.356895804E-1,-8.215846121E-2
8.580927549E1,4.065312445E-1,-3.336938322E-1,-7.683213800E-2
8.582954424E1,4.640554786E-1,-3.235738277E-1,-7.310371846E-2
8.584981309E1,5.305013061E-1,-2.388853729E-1,-1.471395344E-1
8.587008190E1,4.736428559E-1,-1.271658540E-1,-1.636511236E-1
8.589035070E1,2.025332451E-1,-4.034686089E-2,-3.528685868E-2
8.591061955E1,-1.659148186E-1,4.593949392E-2,1.392832249E-1
8.593088835E1,-4.748412669E-1,7.736477256E-2,2.095906287E-1
8.595115721E1,-6.978808641E-1,1.215732098E-1,1.398158520E-1
8.597142601E1,-7.735145688E-1,2.233058959E-1,1.115863696E-1
8.599169486E1,-8.432893157E-1,4.596612751E-1,2.378201038E-1
8.601196367E1,-9.711209536E-1,6.721813679E-1,3.826959729E-1
8.603223252E1,-1.041428328E0,8.106656075E-1,3.214432895E-1
8.605250138E1,-1.004144192E0,9.394294024E-1,1.760348231E-1
8.607277023E1,-1.028112531E0,1.070989490E0,1.025316268E-1
8.609303908E1,-1.110537291E0,9.080041051E-1,1.318263728E-2
8.611330789E1,-9.817736149E-1,5.374255180E-1,1.371526904E-2
8.613357674E1,-6.334323883E-1,3.568633199E-1,-2.303632535E-2
8.615384565E1,-2.937464416E-1,5.022718310E-1,-1.657816470E-1
8.617411445E1,-1.360874325E-1,5.842971206E-1,-1.790974438E-1
8.619438335E1,-2.537990510E-1,3.792338669E-1,-2.350237966E-1
8.621465221E1,-3.411506712E-1,9.494162351E-2,-3.314301372E-1
8.623492106E1,-3.901528120E-1,3.262370080E-2,-3.442133069E-1
8.625518997E1,-2.213085145E-1,2.197106183E-2,-2.515353858E-1
8.627545882E1,5.819002539E-2,1.045289934E-1,-1.359542757E-1
8.629572773E1,2.616553903E-1,1.780321896E-1,-7.257108390E-2
8.631599658E1,2.765690684E-1,1.492700726E-1,-5.978792161E-2
8.633626549E1,1.556616426E-1,4.913528636E-2,-1.050616279E-1
8.635653440E1,4.221107066E-2,-1.948100924E-1,-1.130511016E-1
8.637693440E1,2.410159074E-2,-4.146538675E-1,-8.215846121E-2
8.639707216E1,6.937529147E-2,-3.837612271E-1,-1.930790395E-2
8.641734106E1,1.604553312E-1,-1.703090221E-1,2.010685205E-2
8.643760997E1,2.691122293E-1,4.008054361E-2,3.395527974E-2
8.645787888E1,3.484743834E-1,5.446160212E-2,9.986846708E-3
8.647814778E1,3.852259517E-1,-2.330264263E-2,3.994738800E-4
8.649841669E1,4.443480968E-1,3.528685868E-2,3.874896467E-2
8.651868565E1,4.544681013E-1,2.920154035E-1,1.472726911E-1
8.653895455E1,3.676491082E-1,3.408843577E-1,1.984053552E-1
8.655922351E1,2.712427676E-1,3.037332892E-1,2.266348451E-1
8.657949242E1,1.418132186E-1,3.398191035E-1,1.728390306E-1
8.659976138E1,-5.406212807E-2,3.659180701E-1,1.504684836E-1
8.662003028E1,-1.296958476E-1,2.222406268E-1,2.351569533E-1
8.664029924E1,-4.873581231E-2,1.870869249E-1,1.904158741E-1
8.666056820E1,7.590003312E-3,1.716406047E-1,1.515337527E-1
8.668083716E1,-4.607265070E-2,8.961530030E-2,1.366200596E-1
8.670110612E1,-1.046621501E-1,-1.997369342E-3,1.403484792E-1
8.672150612E1,-4.181159660E-2,-1.990711391E-1,5.992107838E-2
8.674164403E1,2.143843099E-2,-1.452753246E-1,-2.143843099E-2
8.676191299E1,3.688475490E-2,1.238369010E-2,-9.720530361E-3
8.678218195E1,1.556616426E-1,9.068056941E-2,1.691105962E-2
8.680245091E1,2.078595608E-1,6.937529147E-2,-1.824264042E-2
8.682285091E1,1.498026997E-1,-1.850895584E-2,-3.954791278E-2
8.684298888E1,7.949529588E-2,-1.836248189E-1,-1.664474420E-2
8.686325783E1,1.071921512E-1,-2.166479975E-1,-1.331579551E-4
8.688352679E1,2.478069514E-1,-2.596580051E-2,-1.238369010E-2
8.690379580E1,4.720449448E-1,1.450090110E-1,-1.824264042E-2
8.692419580E1,5.800360441E-1,2.904174924E-1,-4.114580899E-2
8.694433377E1,4.555333555E-1,2.163816839E-1,-8.855003864E-2
8.696460278E1,2.680469751E-1,1.157142594E-1,-1.380847991E-1
8.698487174E1,1.380847991E-1,5.339634046E-2,-1.801627129E-1
8.700514075E1,1.737711281E-1,5.020054802E-2,-1.966743022E-1
8.702540976E1,2.680469751E-1,2.467416972E-1,-2.099900991E-1
8.704567877E1,3.047985733E-1,4.697812796E-1,-2.430132627E-1
8.706594773E1,2.712427676E-1,5.896234512E-1,-2.211753577E-1
8.708634773E1,2.259690464E-1,5.081307292E-1,-1.625858694E-1
8.710648575E1,1.876195520E-1,3.675159514E-1,-8.428898454E-2
8.712688575E1,1.711079776E-1,2.403501123E-1,-8.375635743E-2
8.714702377E1,2.025332451E-1,1.961416751E-1,-9.494162351E-2
8.716729283E1,2.328932583E-1,2.190448344E-1,-5.605949834E-2
8.718756184E1,1.865542978E-1,1.711079776E-1,-1.451421715E-2
8.720783085E1,1.684448123E-1,4.274370521E-2,-2.090579830E-2
8.722809986E1,1.759016514E-1,6.191844866E-2,-3.635212034E-2
8.724836893E1,1.737711281E-1,1.359542757E-1,-3.315633163E-2
8.726863794E1,2.041311413E-1,1.961416751E-1,-2.569948509E-2
8.728890695E1,2.254364192E-1,2.025332451E-1,-1.930790395E-2
8.730917596E1,1.892174482E-1,1.556616426E-1,-1.185105834E-2
8.732944502E1,9.813741595E-2,8.641951531E-2,3.062632866E-3
8.734971408E1,2.263685223E-3,1.344895363E-2,-4.487423226E-2
8.736998309E1,-4.181159660E-2,-4.620581120E-2,-7.629951090E-2
8.739025216E1,-3.328948840E-2,-3.661843762E-2,-9.547425061E-2
8.741052117E1,-3.861580789E-2,8.109319210E-2,-1.162468940E-1
8.743092117E1,-2.229064107E-1,7.843003422E-2,-8.908267319E-2
8.745105929E1,-2.207758874E-1,-1.479384899E-1,-1.984053478E-2
8.747132835E1,-8.548741043E-2,-8.349003643E-2,1.464737463E-3
