"Time (s)","Acceleration x (m/s^2)","Acceleration y (m/s^2)","Acceleration z (m/s^2)"
3.443177200E-2,-1.508076429E0,1.711466432E0,9.497711182E0
5.481604300E-2,-7.226324677E-1,1.651645780E0,9.667601585E0
7.495739700E-2,-5.647061467E-1,1.283151150E0,9.533603668E0
9.522838700E-2,-8.261220455E-1,8.231309652E-1,9.401998520E0
1.154988040E-1,-1.287936807E0,9.834501147E-1,8.796015739E0
1.357689080E-1,-1.771286964E0,1.287936807E0,7.541578770E0
1.560387000E-1,-1.946561217E0,1.335793257E0,7.299903870E0
1.763082310E-1,-6.819544435E-1,7.800601721E-1,8.288139343E0
1.965776060E-1,-2.249253243E-1,-2.213360928E-2,9.327222824E0
2.168468250E-1,-1.986042857E-1,-6.035895348E-1,8.920442581E0
2.371158870E-1,-3.134597540E-1,-4.432703853E-1,9.121439934E0
2.573848450E-1,1.938186288E-1,-5.988038778E-1,9.799206734E0
2.776538040E-1,3.355933726E-1,-1.530210137E0,1.064686394E1
2.979226060E-1,-8.620143533E-1,-1.073180914E0,1.043150997E1
3.181914600E-1,-1.850848317E0,-1.743171334E0,1.088853931E1
3.384600540E-1,-2.532802820E0,-2.198405743E0,1.059900761E1
3.588602100E-1,-2.990430117E0,-2.466402054E0,9.856635094E0
3.789975540E-1,-1.201795220E0,-3.670589924E0,1.235115242E1
3.992662520E-1,-3.637090325E-1,-4.788636208E0,1.154477119E1
4.195349500E-1,-2.368894368E-1,-4.779065132E0,8.075178146E0
4.398035430E-1,5.653043389E-1,-4.173680782E0,8.254639626E0
4.602035950E-1,8.859425783E-1,-3.670589924E0,8.130212784E0
4.803408350E-1,3.589234129E-2,-3.773481369E0,7.883752346E0
5.006094290E-1,1.822134495E0,-7.324429989E0,7.383652687E0
5.208780750E-1,-1.172483116E-1,-3.945764542E0,9.978668213E0
5.411466160E-1,-1.031904817E0,-3.369094372E0,1.180558872E1
5.615466160E-1,4.600201547E-1,-3.601198196E0,1.040040398E1
5.816838560E-1,1.625923038E0,-2.542972326E0,9.720243454E0
6.019524500E-1,2.042274237E0,-2.839682341E0,9.641280174E0
6.222210430E-1,2.224128723E0,-2.205584288E0,1.045783138E1
6.424895850E-1,4.314259052E0,-1.867598057E0,1.085982513E1
6.628896370E-1,4.139583111E0,-2.126621008E0,9.693922997E0
6.830268250E-1,3.282354355E0,-2.030309916E0,9.090332985E0
7.032954180E-1,2.693720102E0,-1.202393413E0,8.793622971E0
7.235639600E-1,3.507878065E0,-7.375875711E-1,9.269794464E0
7.437975540E-1,3.830909014E0,-1.082752228E0,8.903693199E0
7.637133870E-1,3.653840065E0,-4.935196638E-1,8.348558426E0
7.841133870E-1,3.181855917E0,-8.165507317E-1,7.675576687E0
8.045133870E-1,3.200998545E0,-1.094716311E0,7.972286701E0
8.248901060E-1,4.005585194E0,-1.034895778E-1,7.520043373E0
8.451614600E-1,4.817350388E0,-8.452646136E-1,7.196413994E0
8.654328140E-1,4.582853794E0,-1.116251707E0,8.278568268E0
8.857037000E-1,5.166702271E0,-1.812563181E0,9.181260109E0
9.059739600E-1,4.359723091E0,-8.620143533E-1,9.016156197E0
9.262439600E-1,4.764708042E0,-1.398604870E0,9.040083885E0
9.465137520E-1,4.944169998E0,-1.661815286E0,8.819944382E0
9.667832310E-1,4.146761417E0,-4.336991012E-1,8.391629219E0
9.870525540E-1,3.902693748E0,-3.308077157E-1,8.389236450E0
1.007321668E0,4.838885784E0,-7.974081635E-1,8.353343964E0
1.027590731E0,5.035097122E0,-3.762713671E-1,8.288139343E0
1.047859220E0,4.936991215E0,1.268195957E-1,8.439485550E0
1.068259637E0,5.655436516E0,-1.305284739E0,7.965108395E0
1.088397033E0,7.063014030E0,-1.633101463E0,6.990631580E0
1.108665887E0,7.568498135E0,-1.017547846E0,6.760920525E0
1.128934689E0,7.177869797E0,-5.102694035E-1,7.630113125E0
1.149203387E0,7.599604607E0,-5.222335458E-1,7.503293514E0
1.169472137E0,8.518448830E0,-5.605186820E-1,6.107081413E0
1.189740783E0,7.697710514E0,-1.046859860E0,4.718646049E0
1.210009481E0,6.567699909E0,-9.409775138E-1,4.587040901E0
1.230278075E0,7.853243828E0,-1.063609719E0,5.161318302E0
1.250546720E0,9.653842926E0,-6.323033571E-1,5.334199905E0
1.270815262E0,1.197607708E1,-3.524627686E0,4.747360229E0
1.291083908E0,9.665806770E0,-1.920240223E-1,5.077569485E0
1.311352450E0,9.569496155E0,7.609176040E-1,5.096712112E0
1.331621095E0,1.266042423E1,-8.500502706E-1,4.170690060E0
1.351889637E0,1.029990482E1,-2.213360928E-2,3.361317635E0
1.372158231E0,1.050808048E1,6.508477330E-1,3.983451605E0
1.392426772E0,1.345065403E1,-9.601200819E-1,4.969892502E0
1.412695418E0,1.139641571E1,-8.069794178E-1,4.603790760E0
1.432964325E0,8.621937752E0,-4.336991012E-1,3.981058598E0
1.453235783E0,7.915457249E0,-9.696913958E-1,4.752145767E0
1.473501095E0,6.031109333E0,-4.073780477E-1,4.429114819E0
1.493769689E0,6.507879257E0,-1.417747438E-1,4.316651821E0
1.514038231E0,5.554937840E0,-4.049852192E-1,4.455435753E0
1.534306877E0,6.505486488E0,1.674975827E-2,4.895715237E0
1.554575470E0,7.390830994E0,2.065604210E0,4.728217602E0
1.574844064E0,4.688137531E0,3.368496180E0,4.747360229E0
1.595112606E0,5.324628353E0,1.941177368E0,5.248058319E0
1.615381200E0,7.034300327E0,2.410768747E0,6.947560310E0
1.635649793E0,5.305486202E0,3.789632797E0,7.007380962E0
1.655918387E0,4.118047714E0,3.835096598E0,6.579065800E0
1.676186981E0,4.388436794E0,4.347758770E0,5.365306377E0
1.696455575E0,5.023132801E0,4.038486481E0,5.415555954E0
1.716724168E0,6.289534092E0,4.802394867E0,5.755336761E0
1.736992762E0,5.782256126E0,4.945964336E0,6.354140759E0
1.757261356E0,5.401198864E0,3.868596077E0,7.275975227E0
1.777529897E0,4.331008911E0,3.715455294E0,7.599006653E0
1.797798595E0,3.555734396E0,4.701896667E0,8.010572433E0
1.818067241E0,2.456830740E0,5.173282623E0,7.496115208E0
1.838335835E0,2.485544443E0,4.651647091E0,8.425128937E0
1.858735835E0,3.011965513E0,4.448257446E0,8.939585686E0
1.878873075E0,2.224128723E0,6.729813576E0,8.595019341E0
1.899141668E0,7.519445419E-1,7.936394691E0,6.782455921E0
1.919410314E0,1.994417667E0,6.899703979E0,4.709074974E0
1.939678960E0,3.083750248E0,7.467401028E0,4.479363918E0
1.960078960E0,2.964108944E0,6.863811970E0,5.779264927E0
1.980216200E0,1.680957913E0,6.457031727E0,6.358926296E0
2.000484845E0,9.672985673E-1,6.708278179E0,8.154141426E0
2.020753439E0,2.305484533E0,6.028118610E0,9.734601021E0
2.041148752E0,4.551746845E0,4.929214478E0,1.053918743E1
2.061439272E0,4.383651257E0,5.365306377E0,9.241081238E0
2.081552450E0,3.553341627E0,5.472983360E0,7.107879639E0
2.101822554E0,3.294318676E0,4.809573650E0,6.741777897E0
2.122092293E0,3.086143017E0,4.419543266E0,7.232306480E0
2.142361772E0,5.674578667E0,4.374079704E0,6.863811970E0
2.162631200E0,6.804589272E0,2.616551638E0,6.516852379E0
2.182900366E0,7.347760201E0,2.645265341E0,5.707480431E0
2.203169481E0,6.334998131E0,3.320639610E0,5.178068161E0
2.223438491E0,4.881956577E0,3.768097401E0,5.417948723E0
2.243707137E0,4.165904045E0,4.704289436E0,4.986642361E0
2.264107450E0,6.873981476E0,3.008974552E0,4.823930264E0
2.284245054E0,1.129113197E1,-3.882354796E-1,4.206582069E0
2.304513960E0,9.437891006E0,2.262413740E0,4.436293125E0
2.324782762E0,8.827720642E0,3.672384501E0,5.063212872E0
2.345051564E0,7.566105366E0,2.700300455E0,4.441078663E0
2.365320314E0,7.542177200E0,1.019342422E0,2.953939438E0
2.385589116E0,8.806185722E0,6.245267391E-1,3.661018610E-1
2.405857866E0,1.066899776E1,1.936391711E0,-2.032702923E0
2.426126564E0,1.054158020E1,9.667003751E-1,-1.109073281E0
2.446395314E0,8.262416840E0,-4.049852192E-1,2.823530734E-1
2.466664064E0,1.044347477E1,-6.346961856E-1,1.613360643E0
2.486932762E0,9.828518867E0,-5.629115105E-1,2.827120066E0
2.507201512E0,8.238488197E0,-1.989632010E0,2.678765059E0
2.527470210E0,7.338188648E0,-3.292523861E0,2.539981127E0
2.547738908E0,7.568498135E0,-4.209573269E0,3.042474031E0
2.568007658E0,7.728816986E0,-4.530211449E0,1.886142492E0
2.588276408E0,9.289535522E0,-4.597210407E0,3.373879790E-1
2.608545106E0,9.902696609E0,-4.460819721E0,-2.213360928E-2
2.628813804E0,9.356534958E0,-4.716851711E0,-7.663014531E-1
2.649082554E0,8.911469460E0,-5.519045353E0,-1.695314884E0
2.669351252E0,9.507282257E0,-5.602794170E0,-2.068595171E0
2.689620002E0,9.656235695E0,-6.019145489E0,-2.739183664E0
2.709888752E0,8.593224525E0,-6.818946362E0,-3.192025423E0
2.730157502E0,6.744768620E0,-7.465606689E0,-3.718446493E0
2.750426252E0,4.980062008E0,-8.145168304E0,-3.409772158E0
2.770694950E0,3.486342669E0,-8.461619377E0,-2.217548370E0
2.790963700E0,3.198605776E0,-8.791828156E0,-2.803789854E0
2.811363700E0,4.494318962E0,-8.252845764E0,-3.476771355E0
2.831501200E0,3.751945972E0,-8.842078209E0,-3.385843992E0
2.851769897E0,3.412165165E0,-9.289535522E0,-2.155334949E0
2.872038647E0,3.517449379E0,-8.875576973E0,-4.719842672E-1
2.892307397E0,3.792623997E0,-8.909076691E0,-2.298904419E0
2.912576147E0,1.836491346E0,-9.076574326E0,-2.131406784E0
2.932844950E0,8.979067206E-1,-9.716055870E0,-1.041476011E0
2.953113700E0,6.394818425E-1,-9.991230965E0,-1.061216831E0
2.973382450E0,1.357926846E0,-9.802198410E0,-1.709671736E0
2.993651200E0,1.103689432E0,-9.735198975E0,-1.106680512E0
3.013920002E0,9.337990284E-1,-1.015872860E1,-9.391828626E-2
3.034188700E0,1.834098577E0,-1.020658493E1,-4.145565331E-1
3.054588700E0,1.252044439E0,-9.720842361E0,-1.106680512E0
3.074726304E0,8.117650747E-1,-9.708877563E0,-4.887340367E-1
3.094995054E0,4.025924206E-1,-9.481559753E0,2.392822690E-2
3.115263856E0,-3.062812984E-1,-9.522237778E0,-5.802594870E-2
3.135532606E0,-6.460621357E-1,-9.680164337E0,2.177468538E-1
3.155801408E0,-9.936196208E-1,-1.011087227E1,6.915257573E-1
3.176070158E0,-1.218544960E0,-9.988838196E0,9.308080077E-1
3.196338960E0,-1.594218135E0,-9.021539688E0,8.350951076E-1
3.216607710E0,-1.922633052E0,-8.705686569E0,8.877372146E-1
3.236876512E0,-1.701895118E0,-9.830911636E0,7.824530005E-1
3.257145314E0,-1.968096614E0,-9.378668785E0,4.977070987E-1
3.277414064E0,-1.929811478E0,-9.129216194E0,6.245267391E-1
3.297682866E0,-2.769692183E0,-9.723235130E0,1.821536183E0
3.317951668E0,-3.126821041E0,-1.012522888E1,2.638087034E0
3.338220470E0,-2.666800737E0,-9.443274498E0,2.963510752E0
3.358620470E0,-1.853241086E0,-9.412167549E0,2.252842426E0
3.378758075E0,-1.256830096E0,-8.978468895E0,2.005783558E0
3.399026877E0,-9.792626500E-1,-7.865208149E0,2.329412937E0
3.419295627E0,-1.374078393E0,-7.278966427E0,1.941177368E0
3.439564429E0,-1.228116274E0,-7.683353424E0,4.881358147E-1
3.459964429E0,-1.668395638E0,-6.952944279E0,-5.324030295E-2
3.480102085E0,-1.737787485E0,-5.528616905E0,7.178467698E-3
3.500370887E0,-1.814357758E0,-6.864409924E0,-3.451646566E-1
3.520639689E0,-2.011167526E0,-7.570890903E0,7.824530005E-1
3.540908543E0,-1.725823283E0,-8.667402267E0,9.427721500E-1
3.561308543E0,-1.522433400E0,-9.773484230E0,3.397808075E-1
3.581446147E0,-1.962114573E-1,-7.334001541E0,2.632104978E-2
3.601714950E0,-7.657032460E-2,-5.169095039E0,5.168496966E-1
3.621983752E0,-1.560718536E0,-6.314060688E0,1.048654556E0
3.642252554E0,-1.939382792E0,-7.769495010E0,8.135597110E-1
3.662652554E0,-1.704287887E0,-8.295916557E0,-2.452643216E-2
3.682790210E0,1.247258782E0,-9.919445992E0,-2.003988981E0
3.703059012E0,-5.694918036E-1,-2.173699951E1,-2.571686029E0
3.723327814E0,-6.478567123E0,-2.416032982E1,-2.621935368E0
3.743596668E0,-1.163569832E1,-1.551924992E1,-3.153740168E0
3.763984220E0,-8.109275818E0,-1.315872955E1,-1.987239242E0
3.784134325E0,-4.567898273E0,-9.527023315E0,-7.016952634E-1
3.804403127E0,-2.547159672E0,-9.381061554E0,-1.140179992E0
3.824671981E0,-1.170688510E0,-9.943374634E0,-1.043868899E0
3.844940783E0,8.787640929E-1,-1.069771194E1,9.236295223E-1
3.865209585E0,3.775874138E0,-1.129831028E1,5.508875847E0
3.885478439E0,4.815555513E-1,-1.083410263E1,3.165106058E0
3.905747241E0,-2.044667006E0,-1.076231766E1,1.232901812E0
3.926016095E0,-2.662015200E0,-9.586843491E0,-2.063809484E-1
3.946284897E0,-2.752942562E0,-8.913862228E0,-1.116251707E0
3.966553752E0,-3.165106058E0,-9.196215630E0,-1.745564103E0
3.986822554E0,-3.710669756E0,-1.001755238E1,-2.070987940E0
4.007091408E0,-3.605385542E0,-1.035015392E1,-2.315654039E0
4.027360210E0,-3.131606579E0,-9.960124016E0,-2.595614433E0
4.047629064E0,-2.630908489E0,-9.495916367E0,-2.408974171E0
4.067897918E0,-1.754537225E0,-9.397810936E0,-2.126621008E0
4.088166720E0,-5.670989752E-1,-9.457631111E0,-2.373081923E0
4.108435575E0,-5.527420044E-1,-9.431310654E0,-2.368296146E0
4.128704377E0,-2.081755698E-1,-8.669795036E0,-2.049452543E0
4.148973231E0,-2.464607358E-1,-8.717651367E0,-1.951346874E0
4.169242085E0,-8.955138922E-1,-9.260822296E0,-1.022333503E0
4.189510939E0,-3.150749207E0,-1.043928719E1,2.654836655E0
4.209779741E0,-3.473780155E0,-1.047517967E1,2.106880426E0
4.230048595E0,-3.167499065E0,-1.019222832E1,6.436693072E-1
4.250317450E0,-2.786442041E0,-9.263215065E0,-3.332005441E-1
4.270717450E0,-2.568695068E0,-8.039883614E0,-5.557330847E-1
4.290855106E0,-3.169891834E0,-7.779066563E0,-5.724828243E-1
4.311123960E0,-3.641277790E0,-8.765507698E0,-6.562315822E-1
4.331392762E0,-3.452244759E0,-1.025922680E1,-1.054038405E0
4.351661616E0,-2.824727058E0,-1.088674450E1,-1.570888042E0
4.371930470E0,-2.645265341E0,-1.059482002E1,-1.269392371E0
4.392199325E0,-2.599801779E0,-9.864411354E0,1.722832322E-1
4.412468179E0,-2.712264538E0,-9.560523033E0,6.340979934E-1
4.432736981E0,-2.389233351E0,-9.704092026E0,3.900300860E-1
4.453005835E0,-1.560718536E0,-9.720842361E0,-2.063809484E-1
4.473405835E0,-1.096511006E0,-9.694520950E0,-9.146564603E-1
4.493543543E0,-1.307079315E0,-9.653842926E0,-1.446461320E0
4.513812397E0,-2.126022816E0,-8.880363464E0,-1.654636860E0
4.534081200E0,-2.894717216E0,-9.720842361E0,-1.566102386E0
4.554350054E0,-2.360519648E0,-9.976874352E0,-7.208378315E-1
4.574618908E0,-1.891526341E0,-9.462417603E0,-3.284149170E-1
4.594887762E0,-1.417149186E0,-9.330213547E0,-4.025924206E-1
4.615156616E0,-1.149153113E0,-1.006301594E1,-1.800599098E-1
4.635564585E0,-1.783251047E0,-9.984052658E0,-4.366901144E-2
4.655858595E0,-2.090130568E0,-1.000080204E1,-9.391828626E-2
4.676110522E0,-1.848455548E0,-9.605986595E0,-3.714857101E-1
4.696224168E0,-1.826920033E0,-8.827720642E0,-1.043868899E0
4.716494533E0,-1.613360643E0,-9.026325226E0,-1.812563181E0
4.736763335E0,-1.197009563E0,-9.311071396E0,-1.948953986E0
4.757164741E0,-8.261220455E-1,-9.644271851E0,-1.848455548E0
4.777303387E0,-5.383850932E-1,-9.828518867E0,-1.714457393E0
4.797573022E0,-5.168496966E-1,-9.735198975E0,-1.530210137E0
4.817841825E0,-3.924229145E-1,-9.926624298E0,-1.259821177E0
4.838250470E0,2.614158690E-1,-1.017787075E1,-8.261220455E-1
4.858529220E0,1.922633052E0,-1.044885826E1,1.483550072E-1
4.878643075E0,1.563709617E0,-1.012044334E1,1.670788407E0
4.898913647E0,4.313062727E-1,-9.644271851E0,1.295115232E0
4.919182450E0,1.028913707E-1,-9.914660454E0,4.067798555E-1
4.939591877E0,-9.571290761E-2,-9.840482712E0,-2.614158690E-1
4.959871147E0,6.251249313E-1,-1.065703392E1,-7.136593461E-1
4.979985522E0,-7.537391186E-1,-9.751948357E0,-4.839483798E-1
5.000256460E0,-2.049452543E0,-9.608379364E0,-5.629115105E-1
5.020526929E0,-2.281556368E0,-9.728020668E0,-8.596215248E-1
5.040795627E0,-2.281556368E0,-9.751948357E0,-1.061216831E0
5.061197085E0,-2.207378864E0,-9.653842926E0,-1.063609719E0
5.081335835E0,-2.164308071E0,-9.548559189E0,-8.452646136E-1
5.101605575E0,-2.109273195E0,-9.409774780E0,-6.753742099E-1
5.121875054E0,-1.877169371E0,-9.450452805E0,-6.681957245E-1
5.142143856E0,-1.252044439E0,-9.637093544E0,-7.998009920E-1
5.162544481E0,-7.704889178E-1,-9.854840279E0,-7.136593461E-1
5.182682606E0,-5.623133183E-1,-9.962516785E0,-4.384847581E-1
5.202951825E0,-4.642075896E-1,-9.926624298E0,7.178467698E-3
5.223220939E0,-2.368894368E-1,-9.909874916E0,1.084546804E0
5.243489741E0,-4.211367965E-1,-9.866804123E0,9.786644578E-1
5.263889950E0,-7.609176040E-1,-9.888339996E0,6.269195080E-1
5.284027866E0,-8.500502706E-1,-9.881160736E0,1.674975902E-1
5.304296877E0,-8.045865893E-1,-9.833304405E0,-3.092723191E-1
5.324565835E0,-7.704889178E-1,-9.771091461E0,-6.466603279E-1
5.344834793E0,-8.141579032E-1,-9.771091461E0,-7.256234884E-1
5.365103752E0,-8.811569214E-1,-9.790233612E0,-6.969096065E-1
5.385372606E0,-8.931210637E-1,-9.766305923E0,-6.801598072E-1
5.405641512E0,-8.883354068E-1,-9.711270332E0,-6.466603279E-1
5.425910366E0,-8.715856671E-1,-9.732806206E0,-6.394818425E-1
5.446179220E0,-7.926225066E-1,-9.792626381E0,-6.131607890E-1
5.466448127E0,-7.465606928E-1,-9.797411919E0,-5.485545993E-1
5.486716981E0,-7.513462901E-1,-9.799804688E0,-3.906283081E-1
5.506985835E0,-8.237292171E-1,-9.795019150E0,-5.563312769E-2
5.527254689E0,-8.500502706E-1,-9.799804688E0,1.363908947E-1
5.547523543E0,-7.854440212E-1,-9.876375198E0,1.698904037E-1
5.567792397E0,-7.728816867E-1,-9.876375198E0,7.896314561E-2
5.588061252E0,-9.002995491E-1,-9.806983948E0,-1.202393398E-1
5.608330158E0,-9.720842242E-1,-9.778269768E0,-2.997010350E-1
5.628599012E0,-9.840483069E-1,-9.778269768E0,-4.073780477E-1
5.648867866E0,-1.010369420E0,-9.761520386E0,-4.504488707E-1
5.669136668E0,-1.067797065E0,-9.742377281E0,-4.648058116E-1
5.689405522E0,-1.067797065E0,-9.716055870E0,-5.030909777E-1
5.709674377E0,-1.007976532E0,-9.704092026E0,-5.437689424E-1
5.729943231E0,-9.672985673E-1,-9.725627899E0,-5.318048596E-1
5.750212033E0,-9.601200819E-1,-9.749555588E0,-4.743770957E-1
5.770480887E0,-9.146564603E-1,-9.771091461E0,-3.595215976E-1
5.790749741E0,-9.098708034E-1,-9.751948357E0,-2.279163599E-1
5.811018595E0,-9.122636318E-1,-9.754341125E0,-1.082752272E-1
5.831287450E0,-9.409775138E-1,-9.744770050E0,-1.106680483E-1
5.851556200E0,-9.505487680E-1,-9.768698692E0,-1.609173268E-1
5.871825106E0,-9.792626500E-1,-9.783055305E0,-2.327020019E-1
5.892093960E0,-9.936196208E-1,-9.823733330E0,-3.212364316E-1
5.912362814E0,-1.067797065E0,-9.790233612E0,-3.690928817E-1
5.932631616E0,-1.165902853E0,-9.720842361E0,-4.217349887E-1
5.952900470E0,-1.170688510E0,-9.706484795E0,-4.432703853E-1
5.973169325E0,-1.141974568E0,-9.725627899E0,-4.552344978E-1
5.993438179E0,-1.098903775E0,-9.708877563E0,-4.480560422E-1
6.013706981E0,-1.065404296E0,-9.725627899E0,-4.217349887E-1
6.033975835E0,-1.046261668E0,-9.742377281E0,-3.475574851E-1
6.054244689E0,-1.022333503E0,-9.804591179E0,-2.901297510E-1
6.074513491E0,-1.058225870E0,-9.842875481E0,-2.542374134E-1
6.094782345E0,-1.058225870E0,-9.814162254E0,-2.925225794E-1
6.115051147E0,-1.007976532E0,-9.766305923E0,-3.236292601E-1
6.135320002E0,-9.266205430E-1,-9.759127617E0,-3.738785386E-1
6.155588856E0,-8.811569214E-1,-9.761520386E0,-4.360919297E-1
6.175857658E0,-8.309076428E-1,-9.780662537E0,-4.432703853E-1
6.196126512E0,-8.117650747E-1,-9.775876999E0,-4.408775866E-1
6.216395366E0,-8.189435601E-1,-9.775876999E0,-4.313062727E-1
6.236664168E0,-8.237292171E-1,-9.795019150E0,-3.954139352E-1
6.256933022E0,-8.955138922E-1,-9.792626381E0,-3.954139352E-1
6.277201825E0,-9.696913958E-1,-9.775876999E0,-4.217349887E-1
6.297470679E0,-9.864411354E-1,-9.735198975E0,-4.456632137E-1
6.317739533E0,-9.577272534E-1,-9.742377281E0,-4.336991012E-1
6.338012293E0,-9.146564603E-1,-9.761520386E0,-4.073780477E-1
6.358315731E0,-9.194421172E-1,-9.759127617E0,-4.073780477E-1
6.378545418E0,-9.553344250E-1,-9.720842361E0,-4.169493318E-1
6.398814377E0,-9.433703423E-1,-9.701699257E0,-4.313062727E-1
6.419083283E0,-9.601200819E-1,-9.704092026E0,-4.145565331E-1
6.439352137E0,-9.074779749E-1,-9.749555588E0,-4.193421602E-1
6.459752241E0,-8.859425783E-1,-9.749555588E0,-4.145565331E-1
6.479889897E0,-8.955138922E-1,-9.771091461E0,-4.432703853E-1
6.500158752E0,-9.098708034E-1,-9.790233612E0,-4.743770957E-1
6.520427658E0,-9.385846853E-1,-9.763913155E0,-4.648058116E-1
6.540696460E0,-9.696913958E-1,-9.723235130E0,-4.121637046E-1
6.561096460E0,-9.672985673E-1,-9.732806206E0,-4.001995921E-1
6.581234168E0,-1.024726272E0,-9.756733894E0,-4.432703853E-1
6.601503022E0,-1.067797065E0,-9.775876999E0,-4.743770957E-1
6.621771877E0,-1.063011408E0,-9.771091461E0,-4.791627228E-1
6.642040731E0,-1.031904817E0,-9.732806206E0,-4.313062727E-1
6.662440731E0,-9.577272534E-1,-9.783055305E0,-4.289134443E-1
6.682578387E0,-9.218349457E-1,-9.795019150E0,-4.360919297E-1
6.702847189E0,-9.146564603E-1,-9.826126099E0,-4.719842672E-1
6.723115991E0,-9.553344250E-1,-9.847661972E0,-4.935196638E-1
6.743384845E0,-9.601200819E-1,-9.783055305E0,-4.791627228E-1
6.763772345E0,-9.553344250E-1,-9.735198975E0,-4.863412082E-1
6.783922502E0,-9.098708034E-1,-9.735198975E0,-5.078766346E-1
6.804191304E0,-8.859425783E-1,-9.720842361E0,-5.198407173E-1
6.824460158E0,-8.572286963E-1,-9.766305923E0,-5.437689424E-1
6.844728960E0,-8.715856671E-1,-9.778269768E0,-5.581258535E-1
6.864997814E0,-8.739784956E-1,-9.768698692E0,-5.653043389E-1
6.885266668E0,-8.859425783E-1,-9.787840843E0,-5.629115105E-1
6.905535470E0,-8.907282352E-1,-9.809376717E0,-5.581258535E-1
6.925804272E0,-8.835497499E-1,-9.826126099E0,-5.270192027E-1
6.946073127E0,-8.476574421E-1,-9.804591179E0,-5.222335458E-1
6.966341929E0,-8.380861282E-1,-9.814162254E0,-5.246263742E-1
6.986610679E0,-8.500502706E-1,-9.787840843E0,-5.126622319E-1
7.006879585E0,-8.596215248E-1,-9.773484230E0,-4.863412082E-1
7.027148387E0,-8.644071817E-1,-9.780662537E0,-4.671986103E-1
7.047417241E0,-8.955138922E-1,-9.811769485E0,-4.384847581E-1
7.067686043E0,-9.433703423E-1,-9.802198410E0,-4.217349887E-1
7.087954845E0,-9.625129104E-1,-9.783055305E0,-4.289134443E-1
7.108223647E0,-9.888339639E-1,-9.790233612E0,-4.504488707E-1
7.128492502E0,-1.012762189E0,-9.766305923E0,-4.815555513E-1
7.148761252E0,-9.960124493E-1,-9.744770050E0,-5.318048596E-1
7.169030106E0,-9.840483069E-1,-9.756733894E0,-5.365904570E-1
7.189298908E0,-9.768698215E-1,-9.761520386E0,-5.605186820E-1
7.209567710E0,-9.625129104E-1,-9.751948357E0,-5.772684813E-1
7.229836564E0,-9.720842242E-1,-9.735198975E0,-5.294120312E-1
7.250105366E0,-9.481559992E-1,-9.723235130E0,-5.150550604E-1
7.270374168E0,-9.433703423E-1,-9.747162819E0,-4.624129832E-1
7.290642970E0,-9.505487680E-1,-9.775876999E0,-4.336991012E-1
7.310911772E0,-1.007976532E0,-9.787840843E0,-3.690928817E-1
7.331180575E0,-1.067797065E0,-9.775876999E0,-2.973082066E-1
7.351449377E0,-1.067797065E0,-9.766305923E0,-2.997010350E-1
7.371718179E0,-1.007976532E0,-9.799804688E0,-3.140579760E-1
7.391986981E0,-1.007976532E0,-9.773484230E0,-3.882354796E-1
7.412255783E0,-1.019940615E0,-9.766305923E0,-4.432703853E-1
7.432524585E0,-1.015154958E0,-9.742377281E0,-4.743770957E-1
7.452793387E0,-9.840483069E-1,-9.742377281E0,-4.767699242E-1
7.473062137E0,-9.744769931E-1,-9.739984512E0,-4.839483798E-1
7.493330939E0,-9.792626500E-1,-9.742377281E0,-4.719842672E-1
7.513599793E0,-1.055832982E0,-9.725627899E0,-4.336991012E-1
7.533868595E0,-1.115653515E0,-9.759127617E0,-3.978067636E-1
7.554268595E0,-1.134796143E0,-9.739984512E0,-3.690928817E-1
7.574406147E0,-1.101296663E0,-9.723235130E0,-3.379862010E-1
7.594674950E0,-1.053440213E0,-9.747162819E0,-3.284149170E-1
7.614943804E0,-1.039083242E0,-9.768698692E0,-3.308077157E-1
7.635212606E0,-1.060618639E0,-9.790233612E0,-3.475574851E-1
7.655481408E0,-1.086939692E0,-9.792626381E0,-3.667000830E-1
7.675750158E0,-1.070189953E0,-9.766305923E0,-3.858426511E-1
7.696018908E0,-1.063011408E0,-9.763913155E0,-3.882354796E-1
7.716287710E0,-1.031904817E0,-9.754341125E0,-4.528416991E-1
7.736556512E0,-1.012762189E0,-9.732806206E0,-4.528416991E-1
7.756825314E0,-1.031904817E0,-9.713663101E0,-4.600201547E-1
7.777094116E0,-1.055832982E0,-9.749555588E0,-4.432703853E-1
7.797362918E0,-1.046261668E0,-9.792626381E0,-4.217349887E-1
7.817631720E0,-1.067797065E0,-9.756733894E0,-3.762713671E-1
7.837900418E0,-1.074975610E0,-9.689735413E0,-3.690928817E-1
7.858169272E0,-1.098903775E0,-9.692128181E0,-3.547359705E-1
7.878438075E0,-1.067797065E0,-9.739984512E0,-3.595215976E-1
7.898706877E0,-9.960124493E-1,-9.833304405E0,-3.882354796E-1
7.918975679E0,-9.984052777E-1,-9.828518867E0,-3.978067636E-1
7.939244481E0,-1.074975610E0,-9.771091461E0,-4.001995921E-1
7.959644481E0,-1.086939692E0,-9.751948357E0,-3.643072546E-1
7.979782033E0,-1.048654556E0,-9.763913155E0,-3.140579760E-1
8.000050835E0,-1.005583763E0,-9.787840843E0,-3.140579760E-1
8.020319637E0,-1.034297585E0,-9.768698692E0,-3.379862010E-1
8.040588387E0,-1.118046403E0,-9.730413437E0,-3.906283081E-1
8.060988387E0,-1.139581800E0,-9.704092026E0,-4.097708762E-1
8.081125991E0,-1.058225870E0,-9.728020668E0,-3.882354796E-1
8.101394793E0,-9.553344250E-1,-9.754341125E0,-3.738785386E-1
8.121663543E0,-9.601200819E-1,-9.780662537E0,-3.547359705E-1
8.141932345E0,-1.070189953E0,-9.780662537E0,-3.786641955E-1
8.162332345E0,-1.177866936E0,-9.775876999E0,-3.667000830E-1
8.182469897E0,-1.161117196E0,-9.775876999E0,-3.403790295E-1
8.202738700E0,-1.110867858E0,-9.778269768E0,-3.284149170E-1
8.223007502E0,-1.039083242E0,-9.756733894E0,-3.499503136E-1
8.243276252E0,-1.065404296E0,-9.728020668E0,-3.786641955E-1
8.263676252E0,-1.077368379E0,-9.706484795E0,-3.930211067E-1
8.283813856E0,-1.031904817E0,-9.737591743E0,-4.073780477E-1
8.304082606E0,-1.010369420E0,-9.787840843E0,-3.882354796E-1
8.324351408E0,-1.029511929E0,-9.792626381E0,-3.810569942E-1
8.344620210E0,-1.063011408E0,-9.759127617E0,-4.025924206E-1
8.364888960E0,-1.074975610E0,-9.756733894E0,-4.097708762E-1
8.385157762E0,-1.039083242E0,-9.744770050E0,-3.858426511E-1
8.405426512E0,-1.051047325E0,-9.747162819E0,-3.571287692E-1
8.425695314E0,-1.072582722E0,-9.756733894E0,-3.595215976E-1
8.445964064E0,-1.120439172E0,-9.766305923E0,-3.667000830E-1
8.466232866E0,-1.156331539E0,-9.759127617E0,-3.786641955E-1
8.486501616E0,-1.139581800E0,-9.749555588E0,-3.714857101E-1
8.506770418E0,-1.084546804E0,-9.720842361E0,-3.667000830E-1
8.527039168E0,-1.067797065E0,-9.742377281E0,-3.667000830E-1
8.547307918E0,-1.082154036E0,-9.783055305E0,-3.858426511E-1
8.567576720E0,-1.096511006E0,-9.775876999E0,-3.499503136E-1
8.587845470E0,-1.108475089E0,-9.754341125E0,-3.451646566E-1
8.608114272E0,-1.113260746E0,-9.749555588E0,-3.164508045E-1
8.628383022E0,-1.132403374E0,-9.763913155E0,-2.973082066E-1
8.648651772E0,-1.161117196E0,-9.756733894E0,-3.284149170E-1
8.668920575E0,-1.201795220E0,-9.730413437E0,-3.690928817E-1
8.689189325E0,-1.225723386E0,-9.732806206E0,-3.810569942E-1
8.709458075E0,-1.170688510E0,-9.768698692E0,-3.786641955E-1
8.729726877E0,-1.161117196E0,-9.768698692E0,-3.571287692E-1
8.749995627E0,-1.144367456E0,-9.785448074E0,-3.403790295E-1
8.770264325E0,-1.132403374E0,-9.761520386E0,-3.475574851E-1
8.790533179E0,-1.106082320E0,-9.723235130E0,-3.451646566E-1
8.810801929E0,-1.084546804E0,-9.713663101E0,-3.188436031E-1
8.831070679E0,-1.074975610E0,-9.756733894E0,-3.020938635E-1
8.851339481E0,-1.098903775E0,-9.809376717E0,-3.164508045E-1
8.871608231E0,-1.146760225E0,-9.809376717E0,-3.499503136E-1
8.891876929E0,-1.211366415E0,-9.780662537E0,-3.236292601E-1
8.912145731E0,-1.208973646E0,-9.728020668E0,-2.997010350E-1
8.932414481E0,-1.185045362E0,-9.739984512E0,-2.949153781E-1
8.952683283E0,-1.170688510E0,-9.735198975E0,-3.260220885E-1
8.972952033E0,-1.165902853E0,-9.754341125E0,-3.571287692E-1
8.993220783E0,-1.180259824E0,-9.723235130E0,-3.858426511E-1
9.013489533E0,-1.139581800E0,-9.737591743E0,-3.882354796E-1
9.033758283E0,-1.103689432E0,-9.771091461E0,-3.643072546E-1
9.054027033E0,-1.079761267E0,-9.747162819E0,-3.379862010E-1
9.074295783E0,-1.094118118E0,-9.716055870E0,-3.355933726E-1
9.094564585E0,-1.113260746E0,-9.730413437E0,-3.332005441E-1
9.114833283E0,-1.103689432E0,-9.742377281E0,-3.643072546E-1
9.135102033E0,-1.084546804E0,-9.735198975E0,-3.523431420E-1
9.155370835E0,-1.060618639E0,-9.747162819E0,-3.164508045E-1
9.175639585E0,-1.098903775E0,-9.713663101E0,-3.140579760E-1
9.195908335E0,-1.137188911E0,-9.747162819E0,-3.714857101E-1
9.216177085E0,-1.120439172E0,-9.739984512E0,-3.619144261E-1
9.236445835E0,-1.096511006E0,-9.737591743E0,-3.523431420E-1
9.256714585E0,-1.134796143E0,-9.747162819E0,-3.499503136E-1
9.277114585E0,-1.173081279E0,-9.759127617E0,-3.475574851E-1
9.297252085E0,-1.206580877E0,-9.766305923E0,-3.212364316E-1
9.317520835E0,-1.194616675E0,-9.768698692E0,-2.901297510E-1
9.337789585E0,-1.125224829E0,-9.742377281E0,-2.757728100E-1
9.358189585E0,-1.098903775E0,-9.728020668E0,-2.805584669E-1
9.378327137E0,-1.141974568E0,-9.742377281E0,-3.188436031E-1
9.398595835E0,-1.204187989E0,-9.759127617E0,-3.786641955E-1
9.418864585E0,-1.216152072E0,-9.739984512E0,-3.978067636E-1
9.439133335E0,-1.161117196E0,-9.725627899E0,-3.762713671E-1
9.459533335E0,-1.091725349E0,-9.725627899E0,-3.547359705E-1
9.479670835E0,-1.077368379E0,-9.730413437E0,-3.810569942E-1
9.499939585E0,-1.103689432E0,-9.744770050E0,-4.025924206E-1
9.520208335E0,-1.141974568E0,-9.749555588E0,-3.810569942E-1
9.540477085E0,-1.146760225E0,-9.766305923E0,-3.523431420E-1
9.560877085E0,-1.084546804E0,-9.773484230E0,-3.451646566E-1
9.581014585E0,-1.029511929E0,-9.766305923E0,-3.619144261E-1
9.601283335E0,-1.017547846E0,-9.739984512E0,-3.667000830E-1
9.621552085E0,-1.043868899E0,-9.723235130E0,-3.834498227E-1
9.641820835E0,-1.113260746E0,-9.728020668E0,-4.121637046E-1
9.662220835E0,-1.146760225E0,-9.751948357E0,-4.145565331E-1
9.682358335E0,-1.161117196E0,-9.754341125E0,-3.762713671E-1
9.702627085E0,-1.165902853E0,-9.751948357E0,-3.690928817E-1
9.722895835E0,-1.101296663E0,-9.751948357E0,-3.954139352E-1
9.743164585E0,-1.074975610E0,-9.699306488E0,-3.786641955E-1
9.763564585E0,-1.067797065E0,-9.689735413E0,-3.571287692E-1
9.783702085E0,-1.098903775E0,-9.744770050E0,-3.738785386E-1
9.803970783E0,-1.144367456E0,-9.814162254E0,-3.714857101E-1
9.824239533E0,-1.192223907E0,-9.806983948E0,-4.025924206E-1
9.844508283E0,-1.204187989E0,-9.773484230E0,-3.690928817E-1
9.864777033E0,-1.173081279E0,-9.785448074E0,-3.523431420E-1
9.885045783E0,-1.127617717E0,-9.766305923E0,-3.284149170E-1
9.905314481E0,-1.096511006E0,-9.754341125E0,-3.427718580E-1
9.925583283E0,-1.141974568E0,-9.751948357E0,-3.690928817E-1
9.945851981E0,-1.189831018E0,-9.754341125E0,-3.882354796E-1
9.966120731E0,-1.141974568E0,-9.761520386E0,-3.858426511E-1
9.986389481E0,-1.077368379E0,-9.744770050E0,-3.595215976E-1
1.000665823E1,-1.072582722E0,-9.732806206E0,-3.714857101E-1
1.002692698E1,-1.149153113E0,-9.728020668E0,-3.571287692E-1
1.004719568E1,-1.211366415E0,-9.742377281E0,-3.523431420E-1
1.006746443E1,-1.208973646E0,-9.768698692E0,-3.260220885E-1
1.008773318E1,-1.158724308E0,-9.806983948E0,-3.355933726E-1
1.010800193E1,-1.096511006E0,-9.811769485E0,-3.643072546E-1
1.012827068E1,-1.084546804E0,-9.747162819E0,-3.906283081E-1
1.014853938E1,-1.103689432E0,-9.704092026E0,-4.025924206E-1
1.016880813E1,-1.130010486E0,-9.725627899E0,-4.097708762E-1
1.018907688E1,-1.094118118E0,-9.768698692E0,-4.289134443E-1
1.020934563E1,-1.096511006E0,-9.821340561E0,-4.001995921E-1
1.022961432E1,-1.110867858E0,-9.785448074E0,-3.978067636E-1
1.024988308E1,-1.115653515E0,-9.754341125E0,-3.523431420E-1
1.027015183E1,-1.067797065E0,-9.768698692E0,-3.260220885E-1
1.029042052E1,-1.089332461E0,-9.744770050E0,-2.997010350E-1
1.031068927E1,-1.173081279E0,-9.739984512E0,-3.188436031E-1
1.033095802E1,-1.218544960E0,-9.775876999E0,-3.690928817E-1
1.035122672E1,-1.242473125E0,-9.739984512E0,-4.313062727E-1
1.037149547E1,-1.208973646E0,-9.704092026E0,-4.743770957E-1
1.039176422E1,-1.137188911E0,-9.704092026E0,-4.935196638E-1
1.041203292E1,-1.074975610E0,-9.716055870E0,-4.983053207E-1
1.043230167E1,-1.072582722E0,-9.763913155E0,-4.911268353E-1
1.045257031E1,-1.125224829E0,-9.759127617E0,-4.504488707E-1
1.047283912E1,-1.153938770E0,-9.742377281E0,-3.762713671E-1
1.049310787E1,-1.108475089E0,-9.742377281E0,-3.188436031E-1
1.051337662E1,-1.036690354E0,-9.771091461E0,-3.068794906E-1
1.053364531E1,-1.027119160E0,-9.766305923E0,-2.997010350E-1
1.055391406E1,-1.113260746E0,-9.766305923E0,-3.308077157E-1
1.057418276E1,-1.165902853E0,-9.749555588E0,-3.571287692E-1
1.059445151E1,-1.170688510E0,-9.754341125E0,-3.930211067E-1
1.061472026E1,-1.115653515E0,-9.763913155E0,-4.289134443E-1
1.063498896E1,-1.110867858E0,-9.735198975E0,-4.600201547E-1
1.065525771E1,-1.098903775E0,-9.723235130E0,-4.767699242E-1
1.067552641E1,-1.101296663E0,-9.723235130E0,-4.576273263E-1
1.069579516E1,-1.101296663E0,-9.730413437E0,-4.241278172E-1
1.071606391E1,-1.096511006E0,-9.751948357E0,-3.595215976E-1
1.073633261E1,-1.084546804E0,-9.783055305E0,-3.164508045E-1
1.075660136E1,-1.079761267E0,-9.790233612E0,-3.164508045E-1
1.077687005E1,-1.098903775E0,-9.761520386E0,-3.332005441E-1
1.079713880E1,-1.161117196E0,-9.744770050E0,-3.595215976E-1
1.081740750E1,-1.180259824E0,-9.718449593E0,-3.619144261E-1
1.083767620E1,-1.144367456E0,-9.739984512E0,-3.786641955E-1
1.085794495E1,-1.132403374E0,-9.749555588E0,-3.930211067E-1
1.087821365E1,-1.149153113E0,-9.759127617E0,-4.193421602E-1
1.089848240E1,-1.153938770E0,-9.737591743E0,-3.810569942E-1
1.091875110E1,-1.161117196E0,-9.751948357E0,-3.858426511E-1
1.093901984E1,-1.130010486E0,-9.773484230E0,-3.595215976E-1
1.095941985E1,-1.144367456E0,-9.768698692E0,-3.355933726E-1
1.097955729E1,-1.151545882E0,-9.756733894E0,-3.499503136E-1
1.099982599E1,-1.130010486E0,-9.756733894E0,-3.427718580E-1
1.102009474E1,-1.127617717E0,-9.759127617E0,-3.284149170E-1
1.104036344E1,-1.106082320E0,-9.744770050E0,-3.499503136E-1
1.106076344E1,-1.134796143E0,-9.725627899E0,-3.738785386E-1
1.108090089E1,-1.125224829E0,-9.720842361E0,-4.193421602E-1
1.110116964E1,-1.103689432E0,-9.723235130E0,-4.408775866E-1
1.112143834E1,-1.051047325E0,-9.732806206E0,-4.217349887E-1
1.114170708E1,-1.055832982E0,-9.751948357E0,-3.978067636E-1
1.116210708E1,-1.096511006E0,-9.792626381E0,-3.690928817E-1
1.118224453E1,-1.139581800E0,-9.780662537E0,-3.236292601E-1
1.120251323E1,-1.149153113E0,-9.744770050E0,-3.164508045E-1
1.122278193E1,-1.132403374E0,-9.754341125E0,-3.260220885E-1
1.124305068E1,-1.082154036E0,-9.761520386E0,-3.595215976E-1
1.126345068E1,-1.039083242E0,-9.747162819E0,-3.882354796E-1
1.128358808E1,-1.074975610E0,-9.739984512E0,-4.265206456E-1
1.130385682E1,-1.079761267E0,-9.754341125E0,-4.384847581E-1
1.132412552E1,-1.103689432E0,-9.785448074E0,-3.930211067E-1
1.134439427E1,-1.086939692E0,-9.802198410E0,-3.786641955E-1
1.136466297E1,-1.091725349E0,-9.771091461E0,-3.451646566E-1
1.138493167E1,-1.120439172E0,-9.723235130E0,-3.260220885E-1
1.140520042E1,-1.139581800E0,-9.701699257E0,-3.116651475E-1
1.142546912E1,-1.122832060E0,-9.739984512E0,-3.164508045E-1
1.144573787E1,-1.120439172E0,-9.771091461E0,-3.714857101E-1
1.146600656E1,-1.130010486E0,-9.725627899E0,-4.001995921E-1
1.148627526E1,-1.110867858E0,-9.725627899E0,-4.313062727E-1
1.150654396E1,-1.101296663E0,-9.795019150E0,-4.671986103E-1
1.152681271E1,-1.134796143E0,-9.830911636E0,-4.001995921E-1
1.154708141E1,-1.144367456E0,-9.804591179E0,-3.475574851E-1
1.156735011E1,-1.149153113E0,-9.763913155E0,-3.044866920E-1
1.158761880E1,-1.101296663E0,-9.737591743E0,-3.020938635E-1
1.160788755E1,-1.060618639E0,-9.701699257E0,-2.973082066E-1
1.162815625E1,-1.024726272E0,-9.694520950E0,-2.997010350E-1
1.164842500E1,-1.019940615E0,-9.756733894E0,-3.571287692E-1
1.166869375E1,-1.108475089E0,-9.780662537E0,-3.810569942E-1
1.168896234E1,-1.170688510E0,-9.795019150E0,-4.025924206E-1
1.170923110E1,-1.163509965E0,-9.811769485E0,-4.169493318E-1
1.172949985E1,-1.120439172E0,-9.751948357E0,-3.810569942E-1
1.174976854E1,-1.086939692E0,-9.739984512E0,-3.547359705E-1
1.177003719E1,-1.108475089E0,-9.737591743E0,-3.427718580E-1
1.179030594E1,-1.072582722E0,-9.754341125E0,-3.643072546E-1
1.181057469E1,-1.027119160E0,-9.763913155E0,-3.643072546E-1
1.183084339E1,-1.036690354E0,-9.778269768E0,-3.188436031E-1
1.185111208E1,-1.077368379E0,-9.780662537E0,-3.020938635E-1
1.187138078E1,-1.125224829E0,-9.795019150E0,-3.188436031E-1
1.189164948E1,-1.108475089E0,-9.821340561E0,-3.332005441E-1
1.191191823E1,-1.055832982E0,-9.897911072E0,-3.643072546E-1
1.193218693E1,-1.058225870E0,-9.981659889E0,-3.738785386E-1
1.195245563E1,-1.070189953E0,-9.948160172E0,-3.667000830E-1
1.197272433E1,-1.065404296E0,-9.921838760E0,-3.595215976E-1
1.199299308E1,-9.936196208E-1,-9.842875481E0,-3.236292601E-1
1.201326177E1,-9.314061999E-1,-9.778269768E0,-2.518445849E-1
1.203353047E1,-9.457631707E-1,-9.792626381E0,-1.992024779E-1
1.205393047E1,-1.089332461E0,-9.759127617E0,-1.896311939E-1
1.207406787E1,-1.204187989E0,-9.735198975E0,-2.398804724E-1
1.209433656E1,-1.208973646E0,-9.706484795E0,-3.140579760E-1
1.211460531E1,-1.089332461E0,-9.735198975E0,-3.619144261E-1
1.213487401E1,-9.888339639E-1,-9.739984512E0,-3.690928817E-1
1.215514271E1,-8.979067206E-1,-9.742377281E0,-3.714857101E-1
1.217541141E1,-8.524430394E-1,-9.622735977E0,-3.284149170E-1
1.219568011E1,-8.141579032E-1,-9.515059471E0,-3.379862010E-1
1.221594886E1,-8.261220455E-1,-9.452845573E0,-3.786641955E-1
1.223621755E1,-7.878368497E-1,-9.498309135E0,-4.384847581E-1
1.225648625E1,-7.274180651E-1,-9.529416084E0,-4.983053207E-1
1.227675495E1,-6.987041831E-1,-9.553344727E0,-5.102694035E-1
1.229702365E1,-7.226324677E-1,-9.579665184E0,-5.629115105E-1
1.231729240E1,-8.237292171E-1,-9.637093544E0,-5.341976285E-1
1.233756110E1,-8.979067206E-1,-9.706484795E0,-4.911268353E-1
1.235782979E1,-1.041476011E0,-9.780662537E0,-4.528416991E-1
1.237809849E1,-1.151545882E0,-9.850054741E0,-4.001995921E-1
1.239836719E1,-1.328614831E0,-9.909874916E0,-2.279163599E-1
1.241863589E1,-1.426720500E0,-9.969695091E0,-1.974078640E-2
1.243890459E1,-1.441077471E0,-9.955338478E0,1.028913707E-1
1.245930458E1,-1.429113269E0,-9.893125534E0,1.004985496E-1
1.247944198E1,-1.376471281E0,-9.869196892E0,4.307080805E-2
1.249971068E1,-1.335793257E0,-9.857233047E0,-4.845465720E-2
1.251997943E1,-1.323829174E0,-9.852447510E0,-1.633101404E-1
1.254024813E1,-1.393221021E0,-9.818947792E0,-2.925225794E-1
1.256064813E1,-1.453041553E0,-9.773484230E0,-3.547359705E-1
1.258078552E1,-1.469791293E0,-9.684949875E0,-4.145565331E-1
1.260105422E1,-1.455434322E0,-9.651450157E0,-4.456632137E-1
1.262132292E1,-1.390828133E0,-9.682557106E0,-4.336991012E-1
1.264159162E1,-1.256830096E0,-9.692128181E0,-3.930211067E-1
1.266199162E1,-1.134796143E0,-9.706484795E0,-3.308077157E-1
1.268212901E1,-1.000798106E0,-9.761520386E0,-2.542374134E-1
1.270239771E1,-8.883354068E-1,-9.804591179E0,-2.327020019E-1
1.272266641E1,-8.739784956E-1,-9.799804688E0,-2.111666054E-1
1.274293511E1,-9.792626500E-1,-9.744770050E0,-2.255235314E-1
1.276333511E1,-1.086939692E0,-9.725627899E0,-2.733799815E-1
1.278347245E1,-1.170688510E0,-9.711270332E0,-3.427718580E-1
1.280374115E1,-1.113260746E0,-9.646664619E0,-3.954139352E-1
1.282400984E1,-1.031904817E0,-9.651450157E0,-4.552344978E-1
1.284427854E1,-9.840483069E-1,-9.696913719E0,-4.839483798E-1
1.286454724E1,-1.067797065E0,-9.732806206E0,-4.815555513E-1
1.288481594E1,-1.199402332E0,-9.766305923E0,-4.671986103E-1
1.290508464E1,-1.295115232E0,-9.783055305E0,-4.360919297E-1
1.292535328E1,-1.366899967E0,-9.739984512E0,-4.169493318E-1
1.294562193E1,-1.345364571E0,-9.672985077E0,-4.289134443E-1
1.296589063E1,-1.237687469E0,-9.641879082E0,-4.336991012E-1
1.298615933E1,-1.163509965E0,-9.634700775E0,-4.528416991E-1
1.300655933E1,-1.055832982E0,-9.649057388E0,-4.671986103E-1
1.302669672E1,-1.024726272E0,-9.668199539E0,-5.054838061E-1
1.304696542E1,-1.039083242E0,-9.742377281E0,-5.629115105E-1
1.306723406E1,-1.031904817E0,-9.811769485E0,-6.107679605E-1
1.308750276E1,-1.082154036E0,-9.780662537E0,-5.988038778E-1
1.310777146E1,-1.079761267E0,-9.754341125E0,-5.916253924E-1
1.312804016E1,-1.101296663E0,-9.692128181E0,-5.796613097E-1
1.314830886E1,-1.067797065E0,-9.644271851E0,-5.892325640E-1
1.316857755E1,-9.912267923E-1,-9.634700775E0,-5.940182209E-1
1.318884620E1,-9.266205430E-1,-9.653842926E0,-5.964110494E-1
1.320911490E1,-8.380861282E-1,-9.696913719E0,-6.323033571E-1
1.322938360E1,-7.561319470E-1,-9.701699257E0,-6.801598072E-1
1.324965224E1,-7.537391186E-1,-9.656235695E0,-6.825526357E-1
1.326992094E1,-8.668000102E-1,-9.555737495E0,-6.634100676E-1
1.329018964E1,-1.029511929E0,-9.517452240E0,-6.681957245E-1
1.331045834E1,-1.108475089E0,-9.538987160E0,-6.993024349E-1
1.333072698E1,-1.139581800E0,-9.522237778E0,-7.519445419E-1
1.335099568E1,-1.141974568E0,-9.471988678E0,-8.309076428E-1
1.337126438E1,-1.146760225E0,-9.522237778E0,-9.002995491E-1
1.339153302E1,-1.086939692E0,-9.610772133E0,-9.529415965E-1
1.341180172E1,-1.137188911E0,-9.751948357E0,-9.649057388E-1
1.343207037E1,-1.228116274E0,-9.924231529E0,-1.005583763E0
1.345233906E1,-1.421934843E0,-1.016829967E1,-1.048654556E0
1.347260776E1,-1.587039590E0,-1.032861900E1,-1.066002488E0
1.349287641E1,-1.747358680E0,-1.036211872E1,-1.061216831E0
1.351314505E1,-1.773679733E0,-1.035733318E1,-1.056431174E0
1.353341375E1,-1.716252089E0,-1.032144070E1,-1.027119160E0
1.355368240E1,-1.560718536E0,-1.024965572E1,-9.625129104E-1
1.357395110E1,-1.402792215E0,-1.006540871E1,-8.548358679E-1
1.359421974E1,-1.295115232E0,-9.852447510E0,-7.567301393E-1
1.361448844E1,-1.275972724E0,-9.639486313E0,-6.251249313E-1
1.363475708E1,-1.259222865E0,-9.567701340E0,-4.169493318E-1
1.365502578E1,-1.199402332E0,-9.826126099E0,2.081755698E-1
1.367529443E1,-1.168295622E0,-1.009890842E1,2.727817893E-1
1.369556313E1,-1.230509043E0,-1.026640511E1,-1.322034448E-1
1.371583177E1,-1.386042476E0,-1.032622623E1,-5.102694035E-1
1.373610042E1,-1.510469317E0,-9.938589096E0,-7.040880919E-1
1.375636912E1,-1.508076429E0,-9.385847092E0,-6.969096065E-1
1.377663776E1,-1.400399446E0,-9.009575844E0,-6.658028960E-1
1.379690641E1,-1.247258782E0,-8.868398666E0,-6.969096065E-1
1.381717511E1,-1.096511006E0,-9.045467377E0,-8.021938205E-1
1.383744375E1,-1.041476011E0,-9.436096191E0,-9.290133715E-1
1.385784375E1,-9.984052777E-1,-9.830911636E0,-1.048654556E0
1.387798104E1,-1.005583763E0,-1.019940662E1,-1.166501045E0
1.389824969E1,-1.127617717E0,-1.038604641E1,-1.178465128E0
1.391851839E1,-1.225723386E0,-1.024726295E1,-1.068395257E0
1.393878703E1,-1.232901812E0,-9.905089378E0,-9.002995491E-1
1.395918703E1,-1.244866014E0,-9.524630547E0,-7.663014531E-1
1.397932432E1,-1.163509965E0,-9.268000603E0,-6.323033571E-1
1.399959302E1,-1.010369420E0,-9.351749420E0,-4.528416991E-1
1.401986167E1,-8.763712645E-1,-9.751948357E0,6.628118753E-1
1.404013031E1,-1.017547846E0,-9.816555023E0,1.335793257E0
1.406053031E1,-1.060618639E0,-9.778269768E0,9.044869542E-1
1.408066761E1,-1.070189953E0,-9.744770050E0,4.522434771E-1
1.410093625E1,-1.108475089E0,-9.598808289E0,-4.845465720E-2
1.412120490E1,-1.113260746E0,-9.620343208E0,-4.528416991E-1
1.414147354E1,-1.034297585E0,-9.952945709E0,-6.251249313E-1
1.416187354E1,-1.101296663E0,-1.020419216E1,-5.557330847E-1
1.418201084E1,-1.297508121E0,-9.976874352E0,-3.762713671E-1
1.420227948E1,-1.405185103E0,-9.538987160E0,-1.633101404E-1
1.422254813E1,-1.311864972E0,-9.407382011E0,1.651047617E-1
1.424281677E1,-1.161117196E0,-9.510273933E0,5.766702294E-1
1.426321677E1,-9.912267923E-1,-9.684949875E0,8.685946465E-1
1.428335401E1,-8.596215248E-1,-9.838089943E0,9.355936646E-1
1.430375401E1,-7.465606928E-1,-9.787840843E0,9.571290612E-1
1.432389136E1,-6.747759581E-1,-9.620343208E0,1.012163997E0
1.434415995E1,-6.245267391E-1,-9.761520386E0,1.051047325E0
1.436443261E1,-4.570291340E-1,-1.009412193E1,1.051047325E0
1.438473584E1,-4.307080805E-1,-1.033819008E1,1.067797065E0
1.440496537E1,-6.652047038E-1,-1.028076267E1,1.065404296E0
1.442523412E1,-1.084546804E0,-9.950552940E0,1.259222865E0
1.444550287E1,-1.510469317E0,-9.385847092E0,1.443470240E0
1.446577162E1,-2.020738840E0,-9.023932457E0,1.414756417E0
1.448604031E1,-2.178664923E0,-9.059824944E0,1.170688510E0
1.450630896E1,-1.977667928E0,-9.234500885E0,8.781659007E-1
1.452657766E1,-1.711466432E0,-9.356534958E0,7.250252366E-1
1.454684625E1,-1.472184181E0,-9.433703423E0,6.460621357E-1
1.456711495E1,-1.220937729E0,-9.426525116E0,7.322037220E-1
1.458738360E1,-1.146760225E0,-9.323035240E0,8.997012973E-1
1.460765224E1,-1.295115232E0,-9.471988678E0,1.060618639E0
1.462792089E1,-1.685145378E0,-1.007737255E1,1.039083242E0
1.464818953E1,-1.524826288E0,-1.084606647E1,7.034898400E-1
1.466845818E1,-9.170492887E-1,-1.092502975E1,5.718846321E-1
1.468872677E1,-2.153540403E-1,-1.060199928E1,7.130611539E-1
1.470899542E1,1.890329868E-1,-1.020419216E1,1.283151150E0
1.472926406E1,3.332005441E-1,-9.594022751E0,2.085345030E0
1.474953271E1,3.260220885E-1,-9.141180992E0,2.036890268E0
1.476980136E1,-1.818545163E-1,-9.145966530E0,1.055832982E0
1.479006995E1,-1.213759303E0,-9.222537041E0,-2.691925503E-2
1.481033860E1,-2.027917147E0,-9.258428574E0,-7.280163169E-1
1.483060719E1,-2.066202402E0,-9.493523598E0,-9.457631707E-1
1.485087584E1,-1.800000787E0,-9.751948357E0,-8.069794178E-1
1.487114443E1,-1.587039590E0,-9.783055305E0,-7.016952634E-1
1.489141308E1,-1.498505235E0,-9.744770050E0,-4.695914388E-1
1.491168167E1,-1.496112347E0,-9.771091461E0,-0.000000000E0
1.493195031E1,-1.395613790E0,-9.792626381E0,1.031904817E0
1.495221891E1,-1.148554832E-1,-9.835697174E0,8.949156404E-1
1.497248755E1,1.938186288E-1,-9.718449593E0,2.081755698E-1
1.499275615E1,-3.302095234E-1,-9.646664619E0,9.571290575E-3
1.501302479E1,-9.553344250E-1,-9.622735977E0,-7.477571070E-2
1.503329339E1,-1.429113269E0,-9.799804688E0,2.632104978E-2
1.505356203E1,-1.431506157E0,-1.012283611E1,2.368894368E-1
1.507383063E1,-1.295115232E0,-1.016829967E1,3.110669553E-1
1.509409922E1,-1.118046403E0,-9.902696609E0,4.546362907E-2
1.511436787E1,-1.036690354E0,-9.704092026E0,-2.159522474E-1
1.513463646E1,-9.505487680E-1,-9.617950439E0,-3.643072546E-1
1.515490505E1,-9.194421172E-1,-9.584450722E0,-4.456632137E-1
1.517517370E1,-9.864411354E-1,-9.651450157E0,-4.456632137E-1
1.519544229E1,-1.022333503E0,-9.716055870E0,-3.308077157E-1
1.521571089E1,-1.031904817E0,-9.737591743E0,-2.422732860E-1
1.523597948E1,-1.022333503E0,-9.773484230E0,-1.010967568E-1
1.525624813E1,-9.529415965E-1,-9.876375198E0,-3.649054468E-2
1.527651672E1,-9.337990284E-1,-9.907482147E0,-6.281159073E-2
1.529678531E1,-9.337990284E-1,-9.857233047E0,-7.477571070E-2
1.531705391E1,-9.122636318E-1,-9.761520386E0,-6.999006122E-2
1.533732250E1,-8.691928387E-1,-9.706484795E0,-3.888336942E-2
1.535759115E1,-7.465606928E-1,-9.665806770E0,-4.606183618E-2
1.537785974E1,-6.987041831E-1,-9.708877563E0,-1.202393398E-1
1.539812834E1,-7.680960894E-1,-9.763913155E0,-2.303091735E-1
1.541839693E1,-9.625129104E-1,-9.771091461E0,-3.332005441E-1
1.543866552E1,-1.180259824E0,-9.780662537E0,-3.523431420E-1
1.545906552E1,-1.354935765E0,-9.771091461E0,-3.212364316E-1
1.547920271E1,-1.326221943E0,-9.802198410E0,-2.303091735E-1
1.549947130E1,-1.137188911E0,-9.787840843E0,-1.992024779E-1
1.551973990E1,-9.170492887E-1,-9.751948357E0,-1.824527234E-1
1.554000849E1,-8.117650747E-1,-9.742377281E0,-1.896311939E-1
1.556040849E1,-8.596215248E-1,-9.749555588E0,-1.633101404E-1
1.558054568E1,-9.337990284E-1,-9.759127617E0,-1.202393398E-1
1.560081433E1,-1.034297585E0,-9.780662537E0,-1.298106313E-1
1.562108292E1,-1.094118118E0,-9.775876999E0,-1.776670814E-1
1.564135146E1,-1.144367456E0,-9.749555588E0,-2.685943544E-1
1.566175146E1,-1.182652593E0,-9.737591743E0,-3.044866920E-1
1.568188865E1,-1.182652593E0,-9.696913719E0,-2.997010350E-1
1.570215724E1,-1.161117196E0,-9.718449593E0,-2.901297510E-1
1.572242584E1,-1.094118118E0,-9.759127617E0,-2.590230405E-1
1.574269443E1,-1.094118118E0,-9.795019150E0,-2.087737769E-1
1.576309443E1,-1.086939692E0,-9.818947792E0,-1.728814393E-1
1.578323162E1,-1.139581800E0,-9.862018585E0,-1.322034448E-1
1.580350021E1,-1.189831018E0,-9.850054741E0,-1.058823988E-1
1.582376880E1,-1.170688510E0,-9.845269203E0,-1.178465188E-1
1.584403734E1,-1.084546804E0,-9.816555023E0,-1.728814393E-1
1.586430589E1,-9.720842242E-1,-9.775876999E0,-2.638086975E-1
1.588457448E1,-9.314061999E-1,-9.737591743E0,-3.379862010E-1
1.590484308E1,-9.050851464E-1,-9.723235130E0,-3.834498227E-1
1.592511167E1,-8.907282352E-1,-9.787840843E0,-3.690928817E-1
1.594538021E1,-8.907282352E-1,-9.838089943E0,-2.877369225E-1
1.596564880E1,-9.098708034E-1,-9.845269203E0,-2.398804724E-1
1.598591740E1,-9.050851464E-1,-9.838089943E0,-1.704886109E-1
1.600618599E1,-8.715856671E-1,-9.802198410E0,-1.752742529E-1
1.602645458E1,-8.141579032E-1,-9.787840843E0,-2.111666054E-1
1.604672313E1,-8.093722463E-1,-9.775876999E0,-2.590230405E-1
1.606699172E1,-8.237292171E-1,-9.749555588E0,-3.188436031E-1
1.608726031E1,-8.548358679E-1,-9.735198975E0,-3.906283081E-1
1.610752886E1,-8.811569214E-1,-9.718449593E0,-3.978067636E-1
1.612779745E1,-8.979067206E-1,-9.728020668E0,-3.762713671E-1
1.614806604E1,-9.098708034E-1,-9.773484230E0,-3.523431420E-1
1.616833464E1,-9.505487680E-1,-9.795019150E0,-2.973082066E-1
1.618860318E1,-9.505487680E-1,-9.804591179E0,-2.494517565E-1
1.620886000E1,-9.409775138E-1,-9.771091461E0,-1.920240223E-1
1.622901073E1,-9.649057388E-1,-9.773484230E0,-1.704886109E-1
1.624940620E1,-9.768698215E-1,-9.778269768E0,-1.609173268E-1
1.626967490E1,-9.649057388E-1,-9.785448074E0,-2.111666054E-1
1.628994396E1,-9.433703423E-1,-9.804591179E0,-2.207378894E-1
1.631021292E1,-9.314061999E-1,-9.809376717E0,-2.374876440E-1
1.633048188E1,-9.649057388E-1,-9.802198410E0,-2.350948304E-1
1.635075068E1,-1.010369420E0,-9.806983948E0,-2.733799815E-1
1.637101948E1,-1.046261668E0,-9.811769485E0,-2.542374134E-1
1.639128823E1,-1.046261668E0,-9.792626381E0,-2.494517565E-1
1.641155693E1,-1.007976532E0,-9.768698692E0,-2.566302419E-1
1.643182563E1,-9.553344250E-1,-9.720842361E0,-2.614158690E-1
1.645209427E1,-8.883354068E-1,-9.725627899E0,-2.757728100E-1
1.647236292E1,-8.763712645E-1,-9.749555588E0,-2.949153781E-1
1.649263156E1,-9.026923180E-1,-9.754341125E0,-3.092723191E-1
1.651290011E1,-9.649057388E-1,-9.778269768E0,-3.092723191E-1
1.653317266E1,-1.003190875E0,-9.787840843E0,-3.092723191E-1
1.655347584E1,-1.007976532E0,-9.773484230E0,-3.212364316E-1
1.657370531E1,-9.625129104E-1,-9.780662537E0,-3.332005441E-1
1.659397401E1,-9.098708034E-1,-9.773484230E0,-3.427718580E-1
1.661424266E1,-8.356932998E-1,-9.778269768E0,-3.475574851E-1
1.663451136E1,-8.285148144E-1,-9.787840843E0,-3.116651475E-1
1.665477995E1,-8.907282352E-1,-9.814162254E0,-2.757728100E-1
1.667504860E1,-9.194421172E-1,-9.816555023E0,-2.542374134E-1
1.669531719E1,-9.218349457E-1,-9.768698692E0,-2.303091735E-1
1.671558573E1,-8.955138922E-1,-9.739984512E0,-2.398804724E-1
1.673585433E1,-8.763712645E-1,-9.749555588E0,-2.853440940E-1
1.675612292E1,-8.572286963E-1,-9.775876999E0,-3.499503136E-1
1.677639151E1,-9.122636318E-1,-9.783055305E0,-3.762713671E-1
1.679666005E1,-9.457631707E-1,-9.759127617E0,-3.714857101E-1
1.681692860E1,-9.768698215E-1,-9.756733894E0,-3.834498227E-1
1.683719714E1,-9.601200819E-1,-9.771091461E0,-3.690928817E-1
1.685746578E1,-8.787640929E-1,-9.775876999E0,-3.260220885E-1
1.687773433E1,-8.356932998E-1,-9.787840843E0,-3.164508045E-1
1.689800287E1,-8.596215248E-1,-9.775876999E0,-3.308077157E-1
1.691827141E1,-9.314061999E-1,-9.751948357E0,-3.571287692E-1
1.693853995E1,-9.529415965E-1,-9.747162819E0,-3.762713671E-1
1.695893995E1,-9.409775138E-1,-9.754341125E0,-3.714857101E-1
1.697907708E1,-9.170492887E-1,-9.768698692E0,-3.308077157E-1
1.699934563E1,-8.715856671E-1,-9.818947792E0,-3.020938635E-1
1.701961417E1,-8.883354068E-1,-9.828518867E0,-2.973082066E-1
1.703988271E1,-9.672985673E-1,-9.818947792E0,-3.164508045E-1
1.706028271E1,-1.024726272E0,-9.766305923E0,-3.020938635E-1
1.708041979E1,-1.053440213E0,-9.747162819E0,-3.020938635E-1
1.710068834E1,-1.048654556E0,-9.732806206E0,-3.212364316E-1
1.712095688E1,-9.696913958E-1,-9.706484795E0,-3.571287692E-1
1.714135688E1,-9.122636318E-1,-9.732806206E0,-3.810569942E-1
1.716163662E1,-9.194421172E-1,-9.792626381E0,-4.025924206E-1
1.718175099E1,-9.505487680E-1,-9.778269768E0,-4.025924206E-1
1.720202183E1,-1.012762189E0,-9.732806206E0,-3.690928817E-1
1.722229219E1,-1.070189953E0,-9.723235130E0,-3.308077157E-1
1.724256063E1,-1.036690354E0,-9.756733894E0,-2.805584669E-1
1.726296219E1,-1.015154958E0,-9.799804688E0,-2.829512656E-1
1.728310042E1,-1.036690354E0,-9.749555588E0,-3.044866920E-1
1.730336995E1,-1.036690354E0,-9.723235130E0,-3.403790295E-1
1.732363927E1,-9.912267923E-1,-9.718449593E0,-3.786641955E-1
1.734390839E1,-9.553344250E-1,-9.730413437E0,-3.954139352E-1
1.736417734E1,-9.433703423E-1,-9.790233612E0,-3.954139352E-1
1.738444630E1,-9.601200819E-1,-9.821340561E0,-3.810569942E-1
1.740471516E1,-9.816554785E-1,-9.816555023E0,-3.523431420E-1
1.742498391E1,-1.024726272E0,-9.771091461E0,-3.044866920E-1
1.744525266E1,-1.051047325E0,-9.744770050E0,-2.733799815E-1
1.746552141E1,-1.005583763E0,-9.751948357E0,-2.781656384E-1
1.748579005E1,-9.720842242E-1,-9.792626381E0,-3.188436031E-1
1.750605865E1,-9.601200819E-1,-9.802198410E0,-3.499503136E-1
1.752632729E1,-9.936196208E-1,-9.756733894E0,-3.786641955E-1
1.754659589E1,-9.720842242E-1,-9.728020668E0,-3.906283081E-1
1.756686448E1,-9.314061999E-1,-9.768698692E0,-3.714857101E-1
1.758713297E1,-9.266205430E-1,-9.795019150E0,-3.451646566E-1
1.760740156E1,-9.936196208E-1,-9.778269768E0,-3.643072546E-1
1.762767016E1,-1.060618639E0,-9.761520386E0,-3.595215976E-1
1.764793865E1,-1.089332461E0,-9.785448074E0,-3.499503136E-1
1.766820719E1,-1.072582722E0,-9.799804688E0,-3.427718580E-1
1.768847578E1,-1.005583763E0,-9.790233612E0,-3.475574851E-1
1.770874432E1,-9.290133715E-1,-9.742377281E0,-3.930211067E-1
1.772901281E1,-9.409775138E-1,-9.711270332E0,-4.217349887E-1
1.774928130E1,-9.720842242E-1,-9.751948357E0,-4.217349887E-1
1.776954990E1,-9.912267923E-1,-9.773484230E0,-4.241278172E-1
1.778981844E1,-1.007976532E0,-9.775876999E0,-3.882354796E-1
1.781008698E1,-1.036690354E0,-9.751948357E0,-4.121637046E-1
1.783035552E1,-1.027119160E0,-9.744770050E0,-4.025924206E-1
1.785062401E1,-9.888339639E-1,-9.742377281E0,-4.049852192E-1
1.787089255E1,-9.840483069E-1,-9.749555588E0,-4.073780477E-1
1.789116110E1,-9.601200819E-1,-9.775876999E0,-4.265206456E-1
1.791142958E1,-9.936196208E-1,-9.802198410E0,-4.408775866E-1
1.793169813E1,-9.936196208E-1,-9.780662537E0,-4.265206456E-1
1.795196662E1,-1.000798106E0,-9.768698692E0,-4.145565331E-1
1.797223516E1,-9.720842242E-1,-9.754341125E0,-4.097708762E-1
1.799250365E1,-9.696913958E-1,-9.759127617E0,-3.810569942E-1
1.801277219E1,-9.864411354E-1,-9.785448074E0,-4.049852192E-1
1.803304068E1,-9.912267923E-1,-9.787840843E0,-4.289134443E-1
1.805330922E1,-1.003190875E0,-9.828518867E0,-4.121637046E-1
1.807357771E1,-1.007976532E0,-9.799804688E0,-3.882354796E-1
1.809384625E1,-1.000798106E0,-9.771091461E0,-3.954139352E-1
1.811411474E1,-9.433703423E-1,-9.747162819E0,-3.930211067E-1
1.813438328E1,-8.955138922E-1,-9.771091461E0,-4.073780477E-1
1.815465177E1,-8.907282352E-1,-9.759127617E0,-4.169493318E-1
1.817492031E1,-9.146564603E-1,-9.718449593E0,-4.217349887E-1
1.819518880E1,-9.314061999E-1,-9.701699257E0,-4.169493318E-1
1.821545734E1,-9.744769931E-1,-9.756733894E0,-4.456632137E-1
1.823572584E1,-1.048654556E0,-9.840482712E0,-4.959124923E-1
1.825599438E1,-1.079761267E0,-9.871589661E0,-4.839483798E-1
1.827626287E1,-1.060618639E0,-9.814162254E0,-4.360919297E-1
1.829653141E1,-1.017547846E0,-9.720842361E0,-4.193421602E-1
1.831679990E1,-9.864411354E-1,-9.656235695E0,-3.667000830E-1
1.833706839E1,-9.433703423E-1,-9.644271851E0,-3.643072546E-1
1.835746839E1,-9.074779749E-1,-9.730413437E0,-3.882354796E-1
1.837760542E1,-9.385846853E-1,-9.797411919E0,-3.882354796E-1
1.839787396E1,-1.048654556E0,-9.835697174E0,-3.547359705E-1
1.841814245E1,-1.098903775E0,-9.814162254E0,-3.260220885E-1
1.843841099E1,-1.082154036E0,-9.787840843E0,-3.547359705E-1
1.845881099E1,-1.019940615E0,-9.763913155E0,-3.834498227E-1
1.847894797E1,-9.720842242E-1,-9.754341125E0,-4.121637046E-1
1.849934797E1,-9.314061999E-1,-9.744770050E0,-4.384847581E-1
1.851948495E1,-9.266205430E-1,-9.708877563E0,-4.360919297E-1
1.853975349E1,-9.457631707E-1,-9.725627899E0,-3.978067636E-1
1.856015349E1,-9.457631707E-1,-9.725627899E0,-3.738785386E-1
1.858029052E1,-9.385846853E-1,-9.785448074E0,-3.834498227E-1
1.860055901E1,-9.409775138E-1,-9.828518867E0,-3.810569942E-1
1.862082755E1,-9.816554785E-1,-9.802198410E0,-3.714857101E-1
1.864109604E1,-1.051047325E0,-9.735198975E0,-3.643072546E-1
1.866149604E1,-1.034297585E0,-9.732806206E0,-3.762713671E-1
1.868163302E1,-9.601200819E-1,-9.725627899E0,-3.786641955E-1
1.870190156E1,-8.811569214E-1,-9.737591743E0,-4.025924206E-1
1.872217005E1,-8.476574421E-1,-9.739984512E0,-4.193421602E-1
1.874243854E1,-9.625129104E-1,-9.725627899E0,-4.336991012E-1
1.876283854E1,-1.058225870E0,-9.677771568E0,-3.882354796E-1
1.878297558E1,-1.072582722E0,-9.704092026E0,-3.738785386E-1
1.880324406E1,-1.012762189E0,-9.742377281E0,-3.643072546E-1
1.882351255E1,-1.007976532E0,-9.804591179E0,-3.810569942E-1
1.884378110E1,-1.015154958E0,-9.795019150E0,-3.332005441E-1
1.886418110E1,-1.058225870E0,-9.761520386E0,-3.260220885E-1
1.888431808E1,-1.079761267E0,-9.744770050E0,-2.901297510E-1
1.890458656E1,-1.084546804E0,-9.739984512E0,-3.092723191E-1
1.892485505E1,-1.029511929E0,-9.763913155E0,-3.379862010E-1
1.894512360E1,-1.010369420E0,-9.806983948E0,-4.025924206E-1
1.896539208E1,-1.043868899E0,-9.802198410E0,-4.289134443E-1
1.898566058E1,-1.041476011E0,-9.754341125E0,-4.145565331E-1
1.900592906E1,-1.012762189E0,-9.747162819E0,-3.643072546E-1
1.902619755E1,-9.290133715E-1,-9.771091461E0,-3.714857101E-1
1.904646610E1,-9.098708034E-1,-9.814162254E0,-3.906283081E-1
1.906673459E1,-9.529415965E-1,-9.816555023E0,-3.882354796E-1
1.908700308E1,-9.936196208E-1,-9.785448074E0,-3.786641955E-1
1.910727156E1,-1.007976532E0,-9.766305923E0,-3.475574851E-1
1.912754005E1,-9.888339639E-1,-9.761520386E0,-3.547359705E-1
1.914780854E1,-9.337990284E-1,-9.790233612E0,-3.690928817E-1
1.916807708E1,-8.883354068E-1,-9.799804688E0,-3.882354796E-1
1.918834558E1,-9.122636318E-1,-9.806983948E0,-4.241278172E-1
1.920861406E1,-9.864411354E-1,-9.799804688E0,-4.313062727E-1
1.922888255E1,-1.072582722E0,-9.723235130E0,-4.480560422E-1
1.924915104E1,-1.048654556E0,-9.718449593E0,-4.265206456E-1
1.926941953E1,-9.720842242E-1,-9.718449593E0,-4.217349887E-1
1.928968808E1,-9.314061999E-1,-9.687342644E0,-4.313062727E-1
1.930995656E1,-9.553344250E-1,-9.696913719E0,-3.882354796E-1
1.933022505E1,-9.936196208E-1,-9.749555588E0,-3.930211067E-1
1.935049354E1,-1.005583763E0,-9.804591179E0,-3.523431420E-1
1.937076203E1,-1.058225870E0,-9.845269203E0,-3.738785386E-1
1.939103052E1,-1.098903775E0,-9.838089943E0,-3.595215976E-1
1.941129901E1,-1.089332461E0,-9.778269768E0,-3.762713671E-1
1.943156750E1,-1.007976532E0,-9.735198975E0,-3.643072546E-1
1.945183599E1,-9.601200819E-1,-9.730413437E0,-3.475574851E-1
1.947210448E1,-9.720842242E-1,-9.739984512E0,-3.643072546E-1
1.949237297E1,-1.017547846E0,-9.728020668E0,-4.169493318E-1
1.951264146E1,-1.048654556E0,-9.737591743E0,-4.121637046E-1
1.953304146E1,-1.074975610E0,-9.759127617E0,-3.930211067E-1
1.955317844E1,-1.086939692E0,-9.790233612E0,-3.762713671E-1
1.957344693E1,-1.046261668E0,-9.797411919E0,-3.571287692E-1
1.959371542E1,-9.696913958E-1,-9.754341125E0,-3.882354796E-1
1.961398391E1,-9.840483069E-1,-9.756733894E0,-3.978067636E-1
1.963425240E1,-1.003190875E0,-9.739984512E0,-3.930211067E-1
1.965452089E1,-9.768698215E-1,-9.747162819E0,-3.523431420E-1
1.967478938E1,-9.361918569E-1,-9.742377281E0,-3.499503136E-1
1.969505787E1,-9.170492887E-1,-9.730413437E0,-3.619144261E-1
1.971532636E1,-9.672985673E-1,-9.747162819E0,-3.762713671E-1
1.973559484E1,-1.005583763E0,-9.785448074E0,-3.595215976E-1
1.975586334E1,-1.019940615E0,-9.802198410E0,-3.738785386E-1
1.977613182E1,-1.043868899E0,-9.790233612E0,-3.571287692E-1
1.979640031E1,-1.055832982E0,-9.747162819E0,-3.738785386E-1
1.981666880E1,-1.041476011E0,-9.716055870E0,-4.121637046E-1
1.983693729E1,-9.936196208E-1,-9.718449593E0,-4.073780477E-1
1.985720578E1,-9.601200819E-1,-9.787840843E0,-3.834498227E-1
1.987747427E1,-1.005583763E0,-9.821340561E0,-3.332005441E-1
1.989774276E1,-1.089332461E0,-9.787840843E0,-3.068794906E-1
1.991801125E1,-1.165902853E0,-9.763913155E0,-2.901297510E-1
1.993827974E1,-1.156331539E0,-9.759127617E0,-3.068794906E-1
1.995867974E1,-1.060618639E0,-9.775876999E0,-3.451646566E-1
1.997881667E1,-9.577272534E-1,-9.795019150E0,-3.930211067E-1
1.999908511E1,-9.314061999E-1,-9.806983948E0,-4.265206456E-1
2.001935360E1,-9.984052777E-1,-9.780662537E0,-3.978067636E-1
2.003962208E1,-1.082154036E0,-9.751948357E0,-3.355933726E-1
2.006002208E1,-1.082154036E0,-9.732806206E0,-2.829512656E-1
2.008015906E1,-1.015154958E0,-9.763913155E0,-2.733799815E-1
2.010042755E1,-9.649057388E-1,-9.773484230E0,-3.140579760E-1
2.012069604E1,-1.041476011E0,-9.771091461E0,-3.451646566E-1
2.014096448E1,-1.115653515E0,-9.775876999E0,-3.571287692E-1
2.016136448E1,-1.086939692E0,-9.766305923E0,-3.475574851E-1
2.018150146E1,-1.017547846E0,-9.783055305E0,-3.308077157E-1
2.020176995E1,-9.720842242E-1,-9.787840843E0,-3.810569942E-1
2.022203839E1,-9.481559992E-1,-9.754341125E0,-4.097708762E-1
2.024230688E1,-9.936196208E-1,-9.732806206E0,-4.121637046E-1
2.026270688E1,-1.029511929E0,-9.723235130E0,-3.906283081E-1
2.028284386E1,-9.912267923E-1,-9.730413437E0,-3.762713671E-1
2.030311235E1,-9.170492887E-1,-9.744770050E0,-3.714857101E-1
2.032338084E1,-8.644071817E-1,-9.785448074E0,-3.954139352E-1
2.034364927E1,-9.050851464E-1,-9.799804688E0,-4.145565331E-1
2.036391776E1,-1.012762189E0,-9.766305923E0,-3.810569942E-1
2.038418625E1,-1.098903775E0,-9.761520386E0,-3.355933726E-1
2.040445469E1,-1.108475089E0,-9.744770050E0,-3.308077157E-1
2.042472318E1,-1.036690354E0,-9.708877563E0,-3.308077157E-1
2.044499167E1,-9.672985673E-1,-9.699306488E0,-3.475574851E-1
2.046526011E1,-9.792626500E-1,-9.739984512E0,-3.930211067E-1
2.048566011E1,-9.984052777E-1,-9.780662537E0,-4.097708762E-1
2.050579708E1,-1.034297585E0,-9.833304405E0,-3.762713671E-1
2.052606558E1,-1.070189953E0,-9.830911636E0,-3.619144261E-1
2.054633401E1,-1.070189953E0,-9.785448074E0,-3.475574851E-1
2.056660250E1,-9.601200819E-1,-9.737591743E0,-3.547359705E-1
2.058687099E1,-8.979067206E-1,-9.728020668E0,-3.714857101E-1
2.060713943E1,-8.907282352E-1,-9.723235130E0,-3.643072546E-1
2.062740792E1,-9.242277741E-1,-9.756733894E0,-3.499503136E-1
2.064767641E1,-9.960124493E-1,-9.804591179E0,-3.020938635E-1
2.066794484E1,-1.082154036E0,-9.780662537E0,-3.020938635E-1
2.068821334E1,-1.108475089E0,-9.780662537E0,-3.308077157E-1
2.070848182E1,-1.118046403E0,-9.804591179E0,-3.451646566E-1
2.072875026E1,-1.058225870E0,-9.787840843E0,-3.284149170E-1
2.074901875E1,-9.792626500E-1,-9.766305923E0,-2.997010350E-1
2.076928719E1,-9.170492887E-1,-9.766305923E0,-2.877369225E-1
2.078955568E1,-9.050851464E-1,-9.763913155E0,-2.757728100E-1
2.080982417E1,-9.242277741E-1,-9.775876999E0,-2.805584669E-1
2.083009261E1,-9.481559992E-1,-9.778269768E0,-2.853440940E-1
2.085036110E1,-1.015154958E0,-9.797411919E0,-2.662015259E-1
2.087062953E1,-9.888339639E-1,-9.814162254E0,-2.398804724E-1
2.089089802E1,-9.696913958E-1,-9.826126099E0,-2.159522474E-1
2.091116651E1,-9.768698215E-1,-9.799804688E0,-1.848455518E-1
2.093143495E1,-9.409775138E-1,-9.785448074E0,-1.992024779E-1
2.095170344E1,-8.811569214E-1,-9.766305923E0,-3.044866920E-1
2.097197188E1,-9.361918569E-1,-9.728020668E0,-4.097708762E-1
2.099224037E1,-9.960124493E-1,-9.708877563E0,-4.456632137E-1
2.101250880E1,-1.007976532E0,-9.680164337E0,-4.384847581E-1
2.103277729E1,-1.015154958E0,-9.708877563E0,-3.355933726E-1
2.105304578E1,-1.012762189E0,-9.751948357E0,-2.614158690E-1
2.107331422E1,-1.086939692E0,-9.732806206E0,-2.422732860E-1
2.109358271E1,-1.113260746E0,-9.711270332E0,-2.566302419E-1
2.111385115E1,-1.000798106E0,-9.768698692E0,-3.092723191E-1
2.113411964E1,-8.955138922E-1,-9.795019150E0,-3.020938635E-1
2.115451964E1,-8.213363886E-1,-9.771091461E0,-2.805584669E-1
2.117465656E1,-7.878368497E-1,-9.735198975E0,-2.805584669E-1
2.119492500E1,-8.141579032E-1,-9.744770050E0,-2.805584669E-1
2.121519349E1,-8.955138922E-1,-9.780662537E0,-2.638086975E-1
2.123546193E1,-9.672985673E-1,-9.797411919E0,-1.872383654E-1
2.125573042E1,-1.041476011E0,-9.795019150E0,-1.561316848E-1
2.127613042E1,-1.115653515E0,-9.785448074E0,-1.968096644E-1
2.129626729E1,-1.158724308E0,-9.763913155E0,-2.566302419E-1
2.131653578E1,-1.149153113E0,-9.732806206E0,-3.379862010E-1
2.133680422E1,-1.110867858E0,-9.708877563E0,-3.810569942E-1
2.135707271E1,-1.012762189E0,-9.713663101E0,-4.360919297E-1
2.137734115E1,-9.361918569E-1,-9.768698692E0,-4.169493318E-1
2.139760964E1,-8.715856671E-1,-9.790233612E0,-3.930211067E-1
2.141787808E1,-8.548358679E-1,-9.799804688E0,-3.212364316E-1
2.143814656E1,-8.883354068E-1,-9.814162254E0,-2.135594189E-1
2.145854656E1,-9.553344250E-1,-9.811769485E0,-1.393819153E-1
2.147868344E1,-1.043868899E0,-9.795019150E0,-1.130608693E-1
2.149895193E1,-1.063011408E0,-9.778269768E0,-1.585244983E-1
2.151922037E1,-1.039083242E0,-9.732806206E0,-2.805584669E-1
2.153948886E1,-9.888339639E-1,-9.713663101E0,-4.025924206E-1
2.155988886E1,-9.744769931E-1,-9.739984512E0,-5.222335458E-1
2.158002573E1,-9.194421172E-1,-9.735198975E0,-5.605186820E-1
2.160029417E1,-8.715856671E-1,-9.751948357E0,-4.959124923E-1
2.162056266E1,-8.333004713E-1,-9.785448074E0,-3.786641955E-1
2.164083110E1,-8.596215248E-1,-9.787840843E0,-2.638086975E-1
2.166123110E1,-9.194421172E-1,-9.773484230E0,-1.848455518E-1
2.168136802E1,-9.912267923E-1,-9.792626381E0,-1.752742529E-1
2.170163646E1,-1.031904817E0,-9.806983948E0,-2.135594189E-1
2.172190490E1,-1.060618639E0,-9.792626381E0,-3.140579760E-1
2.174217339E1,-1.036690354E0,-9.771091461E0,-4.001995921E-1
2.176257339E1,-9.314061999E-1,-9.754341125E0,-4.743770957E-1
2.178271026E1,-8.644071817E-1,-9.751948357E0,-5.054838061E-1
2.180297870E1,-8.285148144E-1,-9.780662537E0,-5.006981492E-1
2.182324719E1,-8.572286963E-1,-9.809376717E0,-4.265206456E-1
2.184351563E1,-9.050851464E-1,-9.811769485E0,-3.403790295E-1
2.186391563E1,-9.649057388E-1,-9.795019150E0,-2.470589429E-1
2.188405255E1,-1.005583763E0,-9.814162254E0,-2.015953064E-1
2.190432099E1,-1.010369420E0,-9.785448074E0,-2.087737769E-1
2.192458943E1,-9.649057388E-1,-9.756733894E0,-2.973082066E-1
2.194485787E1,-9.314061999E-1,-9.754341125E0,-4.193421602E-1
2.196512630E1,-9.002995491E-1,-9.756733894E0,-4.839483798E-1
2.198539479E1,-8.428717852E-1,-9.766305923E0,-4.959124923E-1
2.200566323E1,-8.021938205E-1,-9.790233612E0,-4.935196638E-1
2.202593167E1,-7.998009920E-1,-9.773484230E0,-4.600201547E-1
2.204620011E1,-7.926225066E-1,-9.814162254E0,-3.858426511E-1
2.206646854E1,-8.213363886E-1,-9.821340561E0,-3.164508045E-1
2.208673698E1,-9.361918569E-1,-9.823733330E0,-2.829512656E-1
2.210700542E1,-1.015154958E0,-9.821340561E0,-2.590230405E-1
2.212727391E1,-9.840483069E-1,-9.830911636E0,-2.781656384E-1
2.214754234E1,-9.146564603E-1,-9.830911636E0,-3.714857101E-1
2.216781073E1,-8.644071817E-1,-9.799804688E0,-4.695914388E-1
2.218807922E1,-8.691928387E-1,-9.792626381E0,-5.006981492E-1
2.220834766E1,-8.811569214E-1,-9.787840843E0,-4.743770957E-1
2.222861610E1,-8.668000102E-1,-9.802198410E0,-3.978067636E-1
2.224888453E1,-8.859425783E-1,-9.766305923E0,-3.212364316E-1
2.226915297E1,-9.361918569E-1,-9.792626381E0,-2.374876440E-1
2.228942141E1,-1.034297585E0,-9.806983948E0,-2.063809484E-1
2.230968990E1,-1.086939692E0,-9.763913155E0,-1.920240223E-1
2.232995834E1,-1.041476011E0,-9.720842361E0,-2.183450609E-1
2.235022677E1,-9.194421172E-1,-9.737591743E0,-2.638086975E-1
2.237049516E1,-8.117650747E-1,-9.749555588E0,-3.284149170E-1
2.239076365E1,-7.657032609E-1,-9.787840843E0,-3.762713671E-1
2.241103209E1,-8.189435601E-1,-9.850054741E0,-3.667000830E-1
2.243130047E1,-8.548358679E-1,-9.838089943E0,-3.954139352E-1
2.245156896E1,-8.931210637E-1,-9.771091461E0,-3.140579760E-1
2.247183740E1,-8.261220455E-1,-9.749555588E0,-2.685943544E-1
2.249210584E1,-8.045865893E-1,-9.744770050E0,-1.680957973E-1
2.251237422E1,-8.165507317E-1,-9.742377281E0,-1.345962733E-1
2.253264271E1,-9.098708034E-1,-9.797411919E0,-1.417747438E-1
2.255291115E1,-1.031904817E0,-9.924231529E0,-1.752742529E-1
2.257317959E1,-1.072582722E0,-1.000319481E1,-2.159522474E-1
2.259344802E1,-1.010369420E0,-9.900303841E0,-2.853440940E-1
2.261371646E1,-9.050851464E-1,-9.771091461E0,-3.164508045E-1
2.263398490E1,-8.093722463E-1,-9.653842926E0,-3.332005441E-1
2.265425334E1,-7.609176040E-1,-9.572486877E0,-3.810569942E-1
2.267452177E1,-7.854440212E-1,-9.510273933E0,-4.001995921E-1
2.269479021E1,-8.715856671E-1,-9.512666702E0,-3.810569942E-1
2.271505860E1,-9.457631707E-1,-9.572486877E0,-2.973082066E-1
2.273532703E1,-1.012762189E0,-9.653842926E0,-2.398804724E-1
2.275559547E1,-1.113260746E0,-9.720842361E0,-1.728814393E-1
2.277586391E1,-1.292722464E0,-9.830911636E0,-8.195417374E-2
2.279613234E1,-1.491326690E0,-9.881160736E0,-6.041877344E-2
2.281640078E1,-1.551147223E0,-9.838089943E0,-6.520441920E-2
2.283666922E1,-1.419542074E0,-9.708877563E0,-1.082752272E-1
2.285706922E1,-1.177866936E0,-9.653842926E0,-1.393819153E-1
2.287720604E1,-1.031904817E0,-9.694520950E0,-1.848455518E-1
2.289747443E1,-1.007976532E0,-9.749555588E0,-1.968096644E-1
2.291774292E1,-1.084546804E0,-9.778269768E0,-2.159522474E-1
2.293801531E1,-1.213759303E0,-9.806983948E0,-2.015953064E-1
2.295831828E1,-1.261615753E0,-9.833304405E0,-1.968096644E-1
2.297854766E1,-1.268794179E0,-9.806983948E0,-2.159522474E-1
2.299881620E1,-1.220937729E0,-9.747162819E0,-2.829512656E-1
2.301908474E1,-1.084546804E0,-9.675378799E0,-3.571287692E-1
2.303935318E1,-1.005583763E0,-9.672985077E0,-4.193421602E-1
2.305975328E1,-9.050851464E-1,-9.694520950E0,-4.552344978E-1
2.307989016E1,-8.237292171E-1,-9.754341125E0,-4.600201547E-1
2.310015860E1,-7.489534616E-1,-9.830911636E0,-3.978067636E-1
2.312042714E1,-7.058826685E-1,-9.883553505E0,-3.403790295E-1
2.314069552E1,-7.178468108E-1,-9.847661972E0,-2.949153781E-1
2.316109552E1,-7.561319470E-1,-9.845269203E0,-2.566302419E-1
2.318123240E1,-7.878368497E-1,-9.859625816E0,-2.350948304E-1
2.320150084E1,-7.950153351E-1,-9.809376717E0,-2.614158690E-1
2.322176932E1,-7.974081635E-1,-9.771091461E0,-3.140579760E-1
2.324203776E1,-7.830511928E-1,-9.749555588E0,-3.643072546E-1
2.326243776E1,-8.309076428E-1,-9.763913155E0,-4.121637046E-1
2.328257459E1,-8.548358679E-1,-9.775876999E0,-4.025924206E-1
2.330284302E1,-9.002995491E-1,-9.835697174E0,-3.786641955E-1
2.332311146E1,-9.720842242E-1,-9.864411354E0,-3.140579760E-1
2.334337990E1,-1.051047325E0,-9.835697174E0,-2.518445849E-1
2.336364834E1,-1.106082320E0,-9.728020668E0,-2.207378894E-1
2.338391677E1,-1.180259824E0,-9.663414001E0,-2.231307179E-1
2.340418521E1,-1.211366415E0,-9.653842926E0,-3.020938635E-1
2.342445365E1,-1.187438250E0,-9.701699257E0,-3.714857101E-1
2.344472209E1,-1.134796143E0,-9.756733894E0,-4.360919297E-1
2.346499047E1,-1.074975610E0,-9.785448074E0,-4.432703853E-1
2.348525891E1,-1.046261668E0,-9.802198410E0,-3.738785386E-1
2.350552734E1,-9.984052777E-1,-9.816555023E0,-3.044866920E-1
2.352579573E1,-9.529415965E-1,-9.806983948E0,-2.590230405E-1
2.354606417E1,-9.050851464E-1,-9.778269768E0,-2.470589429E-1
2.356633261E1,-8.835497499E-1,-9.756733894E0,-2.470589429E-1
2.358660099E1,-8.907282352E-1,-9.744770050E0,-2.949153781E-1
2.360686943E1,-8.476574421E-1,-9.730413437E0,-3.164508045E-1
2.362713787E1,-8.117650747E-1,-9.728020668E0,-3.212364316E-1
2.364740625E1,-8.309076428E-1,-9.766305923E0,-3.260220885E-1
2.366767469E1,-8.883354068E-1,-9.814162254E0,-3.020938635E-1
2.368794313E1,-9.768698215E-1,-9.840482712E0,-2.733799815E-1
2.370821151E1,-1.065404296E0,-9.818947792E0,-2.398804724E-1
2.372847995E1,-1.043868899E0,-9.797411919E0,-2.350948304E-1
2.374874834E1,-1.022333503E0,-9.739984512E0,-2.709871531E-1
2.376901677E1,-9.768698215E-1,-9.644271851E0,-3.140579760E-1
2.378928521E1,-9.194421172E-1,-9.601201057E0,-3.690928817E-1
2.380955360E1,-9.050851464E-1,-9.653842926E0,-3.930211067E-1
2.382982203E1,-9.912267923E-1,-9.720842361E0,-3.978067636E-1
2.385022203E1,-1.086939692E0,-9.766305923E0,-3.499503136E-1
2.387035886E1,-1.161117196E0,-9.802198410E0,-2.901297510E-1
2.389062729E1,-1.192223907E0,-9.814162254E0,-2.398804724E-1
2.391089568E1,-1.194616675E0,-9.816555023E0,-2.350948304E-1
2.393116412E1,-1.197009563E0,-9.811769485E0,-2.614158690E-1
2.395143250E1,-1.180259824E0,-9.771091461E0,-2.781656384E-1
2.397170094E1,-1.170688510E0,-9.737591743E0,-2.973082066E-1
2.399196938E1,-1.060618639E0,-9.771091461E0,-2.925225794E-1
2.401223776E1,-9.601200819E-1,-9.778269768E0,-2.853440940E-1
2.403250620E1,-9.337990284E-1,-9.785448074E0,-3.044866920E-1
2.405277458E1,-9.218349457E-1,-9.761520386E0,-2.901297510E-1
2.407304297E1,-9.337990284E-1,-9.804591179E0,-3.044866920E-1
2.409331141E1,-9.553344250E-1,-9.821340561E0,-3.140579760E-1
2.411357979E1,-1.000798106E0,-9.821340561E0,-2.973082066E-1
2.413384823E1,-9.840483069E-1,-9.778269768E0,-2.877369225E-1
2.415411662E1,-9.385846853E-1,-9.751948357E0,-2.901297510E-1
2.417438505E1,-9.314061999E-1,-9.735198975E0,-2.925225794E-1
2.419465344E1,-9.098708034E-1,-9.713663101E0,-3.020938635E-1
2.421492188E1,-9.601200819E-1,-9.742377281E0,-3.475574851E-1
2.423519026E1,-1.007976532E0,-9.759127617E0,-3.690928817E-1
2.425545865E1,-1.029511929E0,-9.749555588E0,-3.858426511E-1
2.427572708E1,-1.005583763E0,-9.739984512E0,-3.451646566E-1
2.429599547E1,-9.601200819E-1,-9.728020668E0,-3.140579760E-1
2.431639547E1,-9.194421172E-1,-9.759127617E0,-2.829512656E-1
2.433653229E1,-9.098708034E-1,-9.816555023E0,-2.446661144E-1
2.435680073E1,-8.907282352E-1,-9.852447510E0,-2.303091735E-1
2.437706912E1,-9.074779749E-1,-9.826126099E0,-2.255235314E-1
2.439733750E1,-1.000798106E0,-9.795019150E0,-2.063809484E-1
2.441760594E1,-1.091725349E0,-9.778269768E0,-2.039881349E-1
2.443787433E1,-1.103689432E0,-9.771091461E0,-2.231307179E-1
2.445814271E1,-1.103689432E0,-9.771091461E0,-2.757728100E-1
2.447841115E1,-1.091725349E0,-9.773484230E0,-3.236292601E-1
2.449867953E1,-1.084546804E0,-9.756733894E0,-3.236292601E-1
2.451894792E1,-1.058225870E0,-9.728020668E0,-3.523431420E-1
2.453921636E1,-1.034297585E0,-9.711270332E0,-3.571287692E-1
2.455961636E1,-9.960124493E-1,-9.689735413E0,-3.308077157E-1
2.457975313E1,-1.003190875E0,-9.696913719E0,-3.092723191E-1
2.460002156E1,-1.019940615E0,-9.728020668E0,-2.973082066E-1
2.462028995E1,-1.041476011E0,-9.780662537E0,-3.044866920E-1
2.464055834E1,-1.012762189E0,-9.799804688E0,-2.901297510E-1
2.466095834E1,-9.720842242E-1,-9.780662537E0,-2.973082066E-1
2.468109516E1,-9.290133715E-1,-9.792626381E0,-3.260220885E-1
2.470136354E1,-9.218349457E-1,-9.792626381E0,-3.523431420E-1
2.472163198E1,-9.505487680E-1,-9.763913155E0,-3.355933726E-1
2.474190037E1,-9.481559992E-1,-9.747162819E0,-3.164508045E-1
2.476230037E1,-9.122636318E-1,-9.792626381E0,-2.949153781E-1
2.478243714E1,-8.931210637E-1,-9.845269203E0,-2.901297510E-1
2.480270552E1,-9.768698215E-1,-9.821340561E0,-2.757728100E-1
2.482297396E1,-1.077368379E0,-9.795019150E0,-2.590230405E-1
2.484324234E1,-1.103689432E0,-9.768698692E0,-2.662015259E-1
2.486364235E1,-1.039083242E0,-9.742377281E0,-2.853440940E-1
2.488377912E1,-9.720842242E-1,-9.708877563E0,-3.140579760E-1
2.490404755E1,-9.170492887E-1,-9.680164337E0,-3.547359705E-1
2.492431594E1,-9.242277741E-1,-9.720842361E0,-3.930211067E-1
2.494458432E1,-9.529415965E-1,-9.759127617E0,-4.025924206E-1
2.496485271E1,-9.936196208E-1,-9.787840843E0,-3.690928817E-1
2.498512115E1,-9.529415965E-1,-9.804591179E0,-2.829512656E-1
2.500538953E1,-8.715856671E-1,-9.811769485E0,-2.327020019E-1
2.502565792E1,-8.117650747E-1,-9.792626381E0,-2.422732860E-1
2.504592630E1,-7.854440212E-1,-9.773484230E0,-2.350948304E-1
2.506619469E1,-8.428717852E-1,-9.756733894E0,-2.279163599E-1
2.508646308E1,-9.170492887E-1,-9.768698692E0,-2.590230405E-1
2.510673151E1,-9.984052777E-1,-9.780662537E0,-3.092723191E-1
2.512699984E1,-1.060618639E0,-9.790233612E0,-3.547359705E-1
2.514726828E1,-1.043868899E0,-9.766305923E0,-4.121637046E-1
2.516753667E1,-9.792626500E-1,-9.699306488E0,-4.289134443E-1
2.518780505E1,-8.811569214E-1,-9.665806770E0,-4.528416991E-1
2.520807349E1,-8.237292171E-1,-9.699306488E0,-4.217349887E-1
2.522834188E1,-8.093722463E-1,-9.766305923E0,-3.523431420E-1
2.524861026E1,-8.955138922E-1,-9.838089943E0,-2.901297510E-1
2.526887865E1,-9.936196208E-1,-9.881160736E0,-2.542374134E-1
2.528914703E1,-1.132403374E0,-9.866804123E0,-2.279163599E-1
2.530941542E1,-1.201795220E0,-9.785448074E0,-2.159522474E-1
2.532968386E1,-1.192223907E0,-9.670592308E0,-2.542374134E-1
2.534995224E1,-1.043868899E0,-9.665806770E0,-3.236292601E-1
2.537022063E1,-9.194421172E-1,-9.708877563E0,-4.313062727E-1
2.539048901E1,-8.644071817E-1,-9.773484230E0,-4.648058116E-1
2.541075740E1,-8.931210637E-1,-9.823733330E0,-4.887340367E-1
2.543102584E1,-9.266205430E-1,-9.876375198E0,-4.504488707E-1
2.545129422E1,-9.553344250E-1,-9.818947792E0,-3.954139352E-1
2.547156261E1,-8.907282352E-1,-9.725627899E0,-3.044866920E-1
2.549183099E1,-7.902296782E-1,-9.699306488E0,-2.805584669E-1
2.551209938E1,-7.776673436E-1,-9.725627899E0,-3.116651475E-1
2.553236776E1,-8.548358679E-1,-9.814162254E0,-3.355933726E-1
2.555263615E1,-9.385846853E-1,-9.864411354E0,-3.786641955E-1
2.557290458E1,-9.864411354E-1,-9.866804123E0,-3.499503136E-1
2.559317297E1,-9.744769931E-1,-9.830911636E0,-3.260220885E-1
2.561344136E1,-9.457631707E-1,-9.763913155E0,-3.188436031E-1
2.563370974E1,-9.385846853E-1,-9.708877563E0,-3.284149170E-1
2.565397813E1,-8.955138922E-1,-9.708877563E0,-3.595215976E-1
2.567424651E1,-8.500502706E-1,-9.728020668E0,-3.762713671E-1
2.569451490E1,-8.668000102E-1,-9.754341125E0,-3.355933726E-1
2.571478328E1,-9.314061999E-1,-9.778269768E0,-2.925225794E-1
2.573505172E1,-1.012762189E0,-9.826126099E0,-2.805584669E-1
2.575532005E1,-1.058225870E0,-9.823733330E0,-2.662015259E-1
2.577558849E1,-1.017547846E0,-9.795019150E0,-2.662015259E-1
2.579585688E1,-9.960124493E-1,-9.749555588E0,-2.709871531E-1
2.581612526E1,-1.000798106E0,-9.692128181E0,-3.140579760E-1
2.583639365E1,-9.744769931E-1,-9.687342644E0,-3.332005441E-1
2.585666203E1,-9.792626500E-1,-9.718449593E0,-3.786641955E-1
2.587706203E1,-9.314061999E-1,-9.792626381E0,-4.025924206E-1
2.589719880E1,-8.859425783E-1,-9.804591179E0,-3.978067636E-1
2.591746719E1,-8.261220455E-1,-9.818947792E0,-3.475574851E-1
2.593773558E1,-8.045865893E-1,-9.780662537E0,-2.901297510E-1
2.595800792E1,-8.404789567E-1,-9.751948357E0,-2.446661144E-1
2.597831089E1,-9.074779749E-1,-9.763913155E0,-2.327020019E-1
2.599854016E1,-9.314061999E-1,-9.768698692E0,-2.518445849E-1
2.601880865E1,-9.194421172E-1,-9.775876999E0,-2.829512656E-1
2.603907703E1,-9.002995491E-1,-9.768698692E0,-2.973082066E-1
2.605947714E1,-8.811569214E-1,-9.771091461E0,-3.092723191E-1
2.607961396E1,-8.739784956E-1,-9.761520386E0,-2.901297510E-1
2.609988245E1,-9.290133715E-1,-9.768698692E0,-2.949153781E-1
2.612015089E1,-9.840483069E-1,-9.771091461E0,-2.997010350E-1
2.614041927E1,-9.696913958E-1,-9.749555588E0,-2.877369225E-1
2.616081927E1,-9.290133715E-1,-9.751948357E0,-2.805584669E-1
2.618095610E1,-9.050851464E-1,-9.773484230E0,-2.781656384E-1
2.620122448E1,-8.907282352E-1,-9.806983948E0,-2.733799815E-1
2.622149287E1,-9.194421172E-1,-9.823733330E0,-2.542374134E-1
2.624176125E1,-9.720842242E-1,-9.811769485E0,-2.614158690E-1
2.626216125E1,-9.337990284E-1,-9.773484230E0,-2.398804724E-1
2.628229802E1,-8.931210637E-1,-9.759127617E0,-2.997010350E-1
2.630256646E1,-8.572286963E-1,-9.785448074E0,-3.260220885E-1
2.632283485E1,-8.835497499E-1,-9.773484230E0,-3.379862010E-1
2.634310323E1,-9.266205430E-1,-9.768698692E0,-3.068794906E-1
2.636337162E1,-9.553344250E-1,-9.771091461E0,-2.542374134E-1
2.638364000E1,-9.529415965E-1,-9.771091461E0,-2.374876440E-1
2.640390839E1,-9.577272534E-1,-9.756733894E0,-2.350948304E-1
2.642417677E1,-9.433703423E-1,-9.747162819E0,-2.566302419E-1
2.644444516E1,-9.912267923E-1,-9.749555588E0,-2.877369225E-1
2.646471354E1,-9.936196208E-1,-9.790233612E0,-3.164508045E-1
2.648498188E1,-9.625129104E-1,-9.775876999E0,-3.068794906E-1
2.650525026E1,-8.859425783E-1,-9.771091461E0,-3.044866920E-1
2.652551865E1,-8.428717852E-1,-9.747162819E0,-2.805584669E-1
2.654578703E1,-8.452646136E-1,-9.749555588E0,-2.662015259E-1
2.656618703E1,-8.620143533E-1,-9.795019150E0,-2.733799815E-1
2.658632380E1,-9.290133715E-1,-9.814162254E0,-2.446661144E-1
2.660659219E1,-9.720842242E-1,-9.840482712E0,-2.470589429E-1
2.662686058E1,-9.840483069E-1,-9.766305923E0,-2.518445849E-1
2.664712891E1,-9.625129104E-1,-9.735198975E0,-2.590230405E-1
2.666739729E1,-9.122636318E-1,-9.713663101E0,-2.949153781E-1
2.668766568E1,-8.715856671E-1,-9.742377281E0,-3.355933726E-1
2.670793406E1,-8.907282352E-1,-9.754341125E0,-3.643072546E-1
2.672820245E1,-9.170492887E-1,-9.756733894E0,-3.284149170E-1
2.674847078E1,-9.218349457E-1,-9.766305923E0,-3.164508045E-1
2.676873917E1,-9.098708034E-1,-9.787840843E0,-2.685943544E-1
2.678900755E1,-8.883354068E-1,-9.785448074E0,-2.279163599E-1
2.680927594E1,-8.859425783E-1,-9.785448074E0,-2.255235314E-1
2.682954432E1,-9.074779749E-1,-9.754341125E0,-2.422732860E-1
2.684981266E1,-9.170492887E-1,-9.771091461E0,-2.805584669E-1
2.687008104E1,-9.194421172E-1,-9.780662537E0,-2.997010350E-1
2.689034943E1,-8.859425783E-1,-9.797411919E0,-3.260220885E-1
2.691061781E1,-9.074779749E-1,-9.751948357E0,-3.044866920E-1
2.693088615E1,-9.433703423E-1,-9.739984512E0,-2.925225794E-1
2.695115453E1,-9.720842242E-1,-9.775876999E0,-2.997010350E-1
2.697142292E1,-9.385846853E-1,-9.771091461E0,-2.925225794E-1
2.699169130E1,-9.218349457E-1,-9.775876999E0,-2.829512656E-1
2.701195964E1,-8.715856671E-1,-9.783055305E0,-2.662015259E-1
2.703222802E1,-8.907282352E-1,-9.809376717E0,-2.805584669E-1
2.705249641E1,-9.194421172E-1,-9.818947792E0,-2.638086975E-1
2.707276479E1,-9.601200819E-1,-9.818947792E0,-2.757728100E-1
2.709303318E1,-9.840483069E-1,-9.787840843E0,-2.877369225E-1
2.711330151E1,-9.553344250E-1,-9.778269768E0,-2.997010350E-1
2.713356990E1,-9.194421172E-1,-9.768698692E0,-2.949153781E-1
2.715383828E1,-9.098708034E-1,-9.759127617E0,-3.164508045E-1
2.717410662E1,-9.146564603E-1,-9.771091461E0,-3.068794906E-1
2.719437500E1,-9.074779749E-1,-9.771091461E0,-3.212364316E-1
2.721464339E1,-8.931210637E-1,-9.783055305E0,-3.020938635E-1
2.723491172E1,-9.122636318E-1,-9.744770050E0,-2.662015259E-1
2.725518005E1,-9.218349457E-1,-9.766305923E0,-2.590230405E-1
2.727544849E1,-9.314061999E-1,-9.806983948E0,-2.805584669E-1
2.729571683E1,-9.457631707E-1,-9.826126099E0,-2.781656384E-1
2.731598521E1,-8.979067206E-1,-9.809376717E0,-3.020938635E-1
2.733625354E1,-8.476574421E-1,-9.778269768E0,-3.140579760E-1
2.735665354E1,-8.189435601E-1,-9.773484230E0,-2.877369225E-1
2.737679031E1,-8.213363886E-1,-9.783055305E0,-2.494517565E-1
2.739705865E1,-8.668000102E-1,-9.802198410E0,-2.231307179E-1
2.741732703E1,-9.074779749E-1,-9.783055305E0,-2.422732860E-1
2.743759542E1,-9.577272534E-1,-9.780662537E0,-2.518445849E-1
2.745786375E1,-9.744769931E-1,-9.787840843E0,-2.853440940E-1
2.747813214E1,-9.577272534E-1,-9.768698692E0,-2.925225794E-1
2.749840047E1,-9.912267923E-1,-9.701699257E0,-2.925225794E-1
2.751866886E1,-1.017547846E0,-9.708877563E0,-3.332005441E-1
2.753893724E1,-1.019940615E0,-9.728020668E0,-3.020938635E-1
2.755933724E1,-1.007976532E0,-9.768698692E0,-2.925225794E-1
2.757947396E1,-9.840483069E-1,-9.804591179E0,-3.092723191E-1
2.759974229E1,-9.170492887E-1,-9.795019150E0,-3.092723191E-1
2.762001068E1,-8.883354068E-1,-9.771091461E0,-2.757728100E-1
2.764027906E1,-8.620143533E-1,-9.766305923E0,-2.303091735E-1
2.766067906E1,-8.309076428E-1,-9.809376717E0,-2.566302419E-1
2.768081578E1,-8.333004713E-1,-9.763913155E0,-2.757728100E-1
2.770108412E1,-8.309076428E-1,-9.778269768E0,-3.499503136E-1
2.772135245E1,-8.691928387E-1,-9.787840843E0,-4.001995921E-1
2.774162084E1,-9.505487680E-1,-9.790233612E0,-4.815555513E-1
2.776202084E1,-8.524430394E-1,-9.804591179E0,-5.174478889E-1
2.778215755E1,-7.998009920E-1,-9.768698692E0,-4.528416991E-1
2.780242589E1,-7.537391186E-1,-9.718449593E0,-3.906283081E-1
2.782269422E1,-6.915257573E-1,-9.795019150E0,-2.829512656E-1
2.784296261E1,-7.585247755E-1,-9.792626381E0,-1.633101404E-1
2.786336261E1,-9.720842242E-1,-9.816555023E0,-1.034895778E-1
2.788349933E1,-1.156331539E0,-9.830911636E0,-1.704886109E-1
2.790376771E1,-1.094118118E0,-9.905089378E0,-2.853440940E-1
2.792403604E1,-9.361918569E-1,-9.857233047E0,-3.643072546E-1
2.794430443E1,-8.045865893E-1,-9.809376717E0,-3.762713671E-1
2.796457276E1,-7.926225066E-1,-9.737591743E0,-3.834498227E-1
2.798484110E1,-8.213363886E-1,-9.684949875E0,-3.260220885E-1
2.800510948E1,-8.356932998E-1,-9.694520950E0,-3.092723191E-1
2.802537781E1,-8.859425783E-1,-9.759127617E0,-3.140579760E-1
2.804564620E1,-9.337990284E-1,-9.775876999E0,-2.877369225E-1
2.806591453E1,-8.356932998E-1,-9.744770050E0,-2.662015259E-1
2.808618287E1,-7.680960894E-1,-9.768698692E0,-2.733799815E-1
2.810645125E1,-8.548358679E-1,-9.756733894E0,-2.590230405E-1
2.812671958E1,-9.960124493E-1,-9.737591743E0,-2.781656384E-1
2.814698792E1,-1.036690354E0,-9.751948357E0,-3.140579760E-1
2.816725630E1,-1.053440213E0,-9.806983948E0,-3.164508045E-1
2.818752464E1,-1.000798106E0,-9.881160736E0,-3.547359705E-1
2.820779297E1,-9.122636318E-1,-9.869196892E0,-3.523431420E-1
2.822806136E1,-8.380861282E-1,-9.826126099E0,-3.451646566E-1
2.824832964E1,-7.489534616E-1,-9.787840843E0,-3.092723191E-1
2.826859802E1,-7.082754970E-1,-9.744770050E0,-2.709871531E-1
2.828886641E1,-7.728816867E-1,-9.668199539E0,-2.638086975E-1
2.830913474E1,-8.596215248E-1,-9.723235130E0,-2.494517565E-1
2.832940308E1,-8.787640929E-1,-9.780662537E0,-3.020938635E-1
2.834967146E1,-8.835497499E-1,-9.773484230E0,-3.332005441E-1
2.836993979E1,-9.577272534E-1,-9.735198975E0,-2.805584669E-1
2.839020813E1,-1.024726272E0,-9.775876999E0,-1.513460279E-1
2.841047651E1,-7.345965505E-1,-9.830911636E0,-3.882354796E-1
2.843074485E1,-6.628118753E-1,-9.787840843E0,-4.265206456E-1
2.845101318E1,-8.237292171E-1,-9.885947227E0,-2.805584669E-1
2.847128151E1,-9.720842242E-1,-9.854840279E0,-2.111666054E-1
2.849154990E1,-1.000798106E0,-9.835697174E0,-2.207378894E-1
2.851181823E1,-9.337990284E-1,-9.759127617E0,-2.303091735E-1
2.853208656E1,-8.668000102E-1,-9.682557106E0,-2.781656384E-1
2.855235490E1,-7.902296782E-1,-9.797411919E0,-2.662015259E-1
2.857262328E1,-7.130611539E-1,-9.833304405E0,-3.499503136E-1
2.859289162E1,-6.819544435E-1,-9.814162254E0,-4.025924206E-1
2.861315995E1,-7.585247755E-1,-9.730413437E0,-4.289134443E-1
2.863342828E1,-8.380861282E-1,-9.704092026E0,-3.571287692E-1
2.865369667E1,-8.763712645E-1,-9.725627899E0,-2.805584669E-1
2.867396500E1,-8.428717852E-1,-9.739984512E0,-2.949153781E-1
2.869423334E1,-7.417750359E-1,-9.785448074E0,-3.020938635E-1
2.871450167E1,-6.269195080E-1,-9.862018585E0,-3.738785386E-1
2.873477000E1,-7.178468108E-1,-9.850054741E0,-2.757728100E-1
2.875517000E1,-9.864411354E-1,-9.759127617E0,-1.369891018E-1
2.877530667E1,-1.134796143E0,-9.672985077E0,-1.537388563E-1
2.879557505E1,-1.022333503E0,-9.706484795E0,-2.614158690E-1
2.881584339E1,-8.189435601E-1,-9.811769485E0,-3.690928817E-1
2.883611167E1,-6.412764788E-1,-9.936196327E0,-3.906283081E-1
2.885638005E1,-5.934200287E-1,-9.929018021E0,-3.284149170E-1
2.887664844E1,-6.101697683E-1,-9.885947227E0,-2.614158690E-1
2.889691677E1,-7.345965505E-1,-9.890732765E0,-1.513460279E-1
2.891718511E1,-9.242277741E-1,-9.806983948E0,-5.802594870E-2
2.893745344E1,-1.158724308E0,-9.699306488E0,2.392822644E-3
2.895785344E1,-1.290329576E0,-9.658628464E0,-4.785645287E-3
2.897799011E1,-1.252044439E0,-9.589237213E0,-1.130608693E-1
2.899825844E1,-1.070189953E0,-9.591629982E0,-2.685943544E-1
2.901852677E1,-7.926225066E-1,-9.804591179E0,-3.738785386E-1
2.903879511E1,-6.173482537E-1,-1.000319481E1,-4.719842672E-1
2.905919511E1,-6.652047038E-1,-9.871589661E0,-4.576273263E-1
2.907933177E1,-8.572286963E-1,-9.692128181E0,-4.217349887E-1
2.909960011E1,-9.050851464E-1,-9.689735413E0,-4.719842672E-1
2.911986844E1,-8.213363886E-1,-9.711270332E0,-4.025924206E-1
2.914013677E1,-6.723831892E-1,-9.725627899E0,-2.470589429E-1
2.916053677E1,-5.790630579E-1,-9.763913155E0,-1.944168359E-1
2.918067349E1,-6.556333899E-1,-9.737591743E0,-2.135594189E-1
2.920094182E1,-8.045865893E-1,-9.704092026E0,-2.111666054E-1
2.922121016E1,-8.189435601E-1,-9.814162254E0,-2.111666054E-1
2.924147849E1,-6.771687865E-1,-9.936196327E0,-2.470589429E-1
2.926187849E1,-5.742774606E-1,-9.885947227E0,-2.805584669E-1
2.928201516E1,-6.029912829E-1,-9.737591743E0,-2.973082066E-1
2.930228349E1,-7.345965505E-1,-9.625128746E0,-3.188436031E-1
2.932255182E1,-8.237292171E-1,-9.672985077E0,-3.762713671E-1
2.934282016E1,-7.902296782E-1,-9.768698692E0,-3.547359705E-1
2.936308849E1,-7.489534616E-1,-9.833304405E0,-2.327020019E-1
2.938335683E1,-7.034898400E-1,-9.912267685E0,-1.537388563E-1
2.940362516E1,-7.878368497E-1,-9.787840843E0,-9.152546525E-2
2.942389349E1,-1.153938770E0,-9.608379364E0,1.914258115E-2
2.944416183E1,-1.220937729E0,-9.802198410E0,3.110669367E-2
2.946443016E1,-7.513462901E-1,-1.029990482E1,-1.537388563E-1
2.948469849E1,-3.182454109E-1,-1.040818024E1,-4.313062727E-1
2.950496682E1,-1.603191197E-1,-9.830911636E0,-4.911268353E-1
2.952523516E1,-3.278166950E-1,-9.460023880E0,-3.571287692E-1
2.954550349E1,-6.293123364E-1,-9.483952522E0,-2.901297510E-1
2.956577183E1,-9.625129104E-1,-9.577272415E0,-4.025924206E-1
2.958604016E1,-1.177866936E0,-9.651450157E0,-4.719842672E-1
2.960630849E1,-1.314257860E0,-9.639486313E0,-4.432703853E-1
2.962657677E1,-1.326221943E0,-9.639486313E0,-3.930211067E-1
2.964684511E1,-1.063011408E0,-9.869196892E0,-3.619144261E-1
2.966711344E1,-7.058826685E-1,-1.002233791E1,-3.092723191E-1
2.968738177E1,-5.024927258E-1,-9.986445427E0,-2.446661144E-1
2.970765011E1,-6.245267391E-1,-9.826126099E0,-1.609173268E-1
2.972791844E1,-8.452646136E-1,-9.665806770E0,-1.082752272E-1
2.974818677E1,-9.577272534E-1,-9.687342644E0,-7.956135273E-2
2.976845511E1,-8.572286963E-1,-9.852447510E0,-1.274178028E-1
2.978885511E1,-6.604190469E-1,-9.869196892E0,-2.207378894E-1
2.980899177E1,-6.125625968E-1,-9.699306488E0,-2.685943544E-1
2.982926005E1,-6.197410822E-1,-9.689735413E0,-3.260220885E-1
2.984952839E1,-5.479564071E-1,-9.838089943E0,-3.403790295E-1
2.986979672E1,-5.024927258E-1,-9.902696609E0,-2.925225794E-1
2.989006505E1,-5.527420044E-1,-9.852447510E0,-2.255235314E-1
2.991033339E1,-6.843472719E-1,-9.828518867E0,-2.590230405E-1
2.993060172E1,-7.704889178E-1,-9.866804123E0,-3.020938635E-1
2.995087005E1,-7.998009920E-1,-9.917053223E0,-4.121637046E-1
2.997113839E1,-8.500502706E-1,-9.754341125E0,-3.930211067E-1
2.999140672E1,-1.098903775E0,-9.436096191E0,-2.327020019E-1
3.001167505E1,-1.271187067E0,-9.414560318E0,-1.974078640E-2
3.003194339E1,-9.840483069E-1,-9.869196892E0,-5.084748194E-2
3.005234339E1,-5.096712112E-1,-1.026401234E1,-2.949153781E-1
3.007248000E1,-2.297109663E-1,-1.032383347E1,-4.217349887E-1
3.009274834E1,-2.584248483E-1,-9.924231529E0,-3.308077157E-1
3.011301667E1,-5.000999570E-1,-9.577272415E0,-1.752742529E-1
3.013328500E1,-7.633104324E-1,-9.565308571E0,-1.944168359E-1
3.015355334E1,-9.577272534E-1,-9.675378799E0,-3.403790295E-1
3.017382162E1,-1.096511006E0,-9.665806770E0,-4.049852192E-1
3.019408995E1,-1.223330617E0,-9.608379364E0,-4.073780477E-1
3.021435828E1,-1.208973646E0,-9.668199539E0,-3.834498227E-1
3.023462662E1,-9.984052777E-1,-9.780662537E0,-3.643072546E-1
3.025489495E1,-7.130611539E-1,-9.909874916E0,-3.714857101E-1
3.027516328E1,-6.269195080E-1,-9.936196327E0,-3.810569942E-1
3.029543162E1,-7.274180651E-1,-9.833304405E0,-3.427718580E-1
3.031569995E1,-7.680960894E-1,-9.735198975E0,-2.350948304E-1
3.033596823E1,-8.309076428E-1,-9.620343208E0,-1.154536903E-1
3.035623656E1,-7.854440212E-1,-9.720842361E0,-2.931207791E-2
3.037650490E1,-6.293123364E-1,-9.993623734E0,2.392822644E-3
3.039677323E1,-5.479564071E-1,-1.000319481E1,-9.631111473E-2
3.041704156E1,-6.388836503E-1,-9.720842361E0,-2.255235314E-1
3.043730990E1,-7.274180651E-1,-9.632308006E0,-3.116651475E-1
3.045757823E1,-7.806583643E-1,-9.771091461E0,-3.403790295E-1
3.047784656E1,-7.926225066E-1,-9.905089378E0,-3.308077157E-1
3.049811485E1,-7.704889178E-1,-9.919445992E0,-3.427718580E-1
3.051838318E1,-8.141579032E-1,-9.850054741E0,-3.643072546E-1
3.053865151E1,-8.069794178E-1,-9.859625816E0,-4.001995921E-1
3.055905151E1,-7.345965505E-1,-9.728020668E0,-4.384847581E-1
3.057918818E1,-9.026923180E-1,-9.431310654E0,-2.781656384E-1
3.059945651E1,-1.163509965E0,-9.491130829E0,-0.000000000E0
3.061972484E1,-1.086939692E0,-9.936196327E0,2.632104978E-2
3.063999318E1,-5.862415433E-1,-1.033340454E1,-1.896311939E-1
3.066039318E1,-1.100698411E-1,-1.033819008E1,-4.217349887E-1
3.068052979E1,-9.092725813E-2,-9.914660454E0,-3.595215976E-1
3.070079813E1,-5.790630579E-1,-9.512666702E0,-1.274178028E-1
3.072106646E1,-1.110867858E0,-9.381061554E0,-8.673982322E-2
3.074133479E1,-1.398006678E0,-9.493523598E0,-2.805584669E-1
3.076173479E1,-1.469791293E0,-9.670592308E0,-5.198407173E-1
3.078187146E1,-1.366899967E0,-9.742377281E0,-6.107679605E-1
3.080213979E1,-1.156331539E0,-9.704092026E0,-5.868397355E-1
3.082240813E1,-9.074779749E-1,-9.787840843E0,-5.341976285E-1
3.084267646E1,-6.053841114E-1,-9.926624298E0,-4.863412082E-1
3.086307646E1,-4.283152521E-1,-9.940981865E0,-3.140579760E-1
3.088321313E1,-5.264210105E-1,-9.835697174E0,-1.082752272E-1
3.090348141E1,-7.585247755E-1,-9.790233612E0,7.417750359E-2
3.092374979E1,-7.585247755E-1,-9.804591179E0,1.770688742E-1
3.094401813E1,-6.412764788E-1,-9.862018585E0,6.939185411E-2
3.096428646E1,-6.101697683E-1,-9.847661972E0,-2.015953064E-1
3.098455479E1,-7.034898400E-1,-9.696913719E0,-4.289134443E-1
3.100482313E1,-7.878368497E-1,-9.692128181E0,-4.600201547E-1
3.102509146E1,-8.572286963E-1,-9.818947792E0,-4.336991012E-1
3.104535979E1,-8.739784956E-1,-9.852447510E0,-3.954139352E-1
3.106575979E1,-8.859425783E-1,-9.730413437E0,-4.336991012E-1
3.108589646E1,-8.356932998E-1,-9.708877563E0,-4.911268353E-1
3.110616479E1,-7.806583643E-1,-9.732806206E0,-4.791627228E-1
3.112643313E1,-7.274180651E-1,-9.756733894E0,-3.834498227E-1
3.114670146E1,-7.441678643E-1,-9.751948357E0,-2.255235314E-1
3.116696979E1,-7.752745152E-1,-9.799804688E0,-6.041877344E-2
3.118723813E1,-7.752745152E-1,-9.809376717E0,4.307080805E-2
3.120750641E1,-9.529415965E-1,-9.663414001E0,6.221338734E-2
3.122777474E1,-1.170688510E0,-9.670592308E0,1.435693540E-2
3.124804308E1,-1.065404296E0,-9.881160736E0,-2.063809484E-1
3.126831141E1,-6.508477330E-1,-1.021376324E1,-4.791627228E-1
3.128857979E1,-3.661018610E-1,-1.027358437E1,-5.820540786E-1
3.130884808E1,-4.450650215E-1,-9.869196892E0,-3.260220885E-1
3.132911641E1,-7.369893789E-1,-9.498309135E0,-1.298106313E-1
3.134938474E1,-1.053440213E0,-9.476774216E0,-1.968096644E-1
3.136965308E1,-1.094118118E0,-9.656235695E0,-4.025924206E-1
3.138992141E1,-1.079761267E0,-9.704092026E0,-5.270192027E-1
3.141018974E1,-1.051047325E0,-9.751948357E0,-5.078766346E-1
3.143045808E1,-8.907282352E-1,-9.830911636E0,-4.504488707E-1
3.145072641E1,-6.987041831E-1,-9.802198410E0,-3.571287692E-1
3.147099479E1,-6.604190469E-1,-9.780662537E0,-2.255235314E-1
3.149126308E1,-7.537391186E-1,-9.828518867E0,-2.255235314E-1
3.151153146E1,-8.141579032E-1,-9.871589661E0,-2.494517565E-1
3.153179979E1,-7.489534616E-1,-9.773484230E0,-1.992024779E-1
3.155206813E1,-6.556333899E-1,-9.706484795E0,-1.154536903E-1
3.157233646E1,-6.412764788E-1,-9.775876999E0,-1.465603858E-1
3.159260479E1,-7.202396393E-1,-9.888339996E0,-2.231307179E-1
3.161287313E1,-7.250252366E-1,-9.950552940E0,-3.140579760E-1
3.163314141E1,-6.436693072E-1,-9.862018585E0,-4.193421602E-1
3.165340979E1,-6.221339107E-1,-9.737591743E0,-4.552344978E-1
3.167367813E1,-7.082754970E-1,-9.649057388E0,-4.145565331E-1
3.169394646E1,-8.021938205E-1,-9.742377281E0,-2.781656384E-1
3.171421484E1,-8.883354068E-1,-9.871589661E0,-1.609173268E-1
3.173448318E1,-9.314061999E-1,-9.840482712E0,-1.992024779E-1
3.175475151E1,-8.285148144E-1,-9.773484230E0,-2.949153781E-1
3.177501985E1,-6.197410822E-1,-9.785448074E0,-3.834498227E-1
3.179528818E1,-5.551348329E-1,-9.783055305E0,-3.978067636E-1
3.181555651E1,-7.154539824E-1,-9.713663101E0,-3.451646566E-1
3.183582484E1,-9.577272534E-1,-9.665806770E0,-2.111666054E-1
3.185622485E1,-1.115653515E0,-9.692128181E0,-1.609173268E-1
3.187636151E1,-1.063011408E0,-9.811769485E0,-2.135594189E-1
3.189662990E1,-8.811569214E-1,-9.943374634E0,-2.805584669E-1
3.191702990E1,-6.699903607E-1,-9.967302322E0,-3.619144261E-1
3.193716656E1,-5.000999570E-1,-9.859625816E0,-3.571287692E-1
3.195743490E1,-4.689932466E-1,-9.737591743E0,-2.949153781E-1
3.197770323E1,-5.862415433E-1,-9.687342644E0,-2.590230405E-1
3.199797162E1,-7.776673436E-1,-9.701699257E0,-2.877369225E-1
3.201823995E1,-9.385846853E-1,-9.742377281E0,-3.499503136E-1
3.203850828E1,-8.787640929E-1,-9.835697174E0,-3.595215976E-1
3.205890828E1,-7.752745152E-1,-9.905089378E0,-3.020938635E-1
3.207904500E1,-6.963114142E-1,-9.912267685E0,-1.968096644E-1
3.209931334E1,-7.034898400E-1,-9.775876999E0,-1.202393398E-1
3.211958167E1,-8.045865893E-1,-9.661021233E0,-1.561316848E-1
3.213985000E1,-8.739784956E-1,-9.687342644E0,-3.044866920E-1
3.216025000E1,-8.811569214E-1,-9.823733330E0,-4.169493318E-1
3.218038672E1,-8.476574421E-1,-9.847661972E0,-4.169493318E-1
3.220065505E1,-8.309076428E-1,-9.775876999E0,-3.260220885E-1
3.222092339E1,-8.620143533E-1,-9.696913719E0,-3.164508045E-1
3.224119172E1,-8.213363886E-1,-9.692128181E0,-3.332005441E-1
3.226159172E1,-7.704889178E-1,-9.761520386E0,-3.332005441E-1
3.228172844E1,-7.298108935E-1,-9.835697174E0,-2.853440940E-1
3.230199677E1,-7.806583643E-1,-9.866804123E0,-1.896311939E-1
3.232226516E1,-8.069794178E-1,-9.826126099E0,-1.561316848E-1
3.234253349E1,-7.926225066E-1,-9.787840843E0,-1.968096644E-1
3.236280183E1,-7.657032609E-1,-9.792626381E0,-2.398804724E-1
3.238307021E1,-7.561319470E-1,-9.785448074E0,-2.853440940E-1
3.240333854E1,-7.633104324E-1,-9.783055305E0,-3.260220885E-1
3.242360688E1,-7.776673436E-1,-9.756733894E0,-3.714857101E-1
3.244387526E1,-7.513462901E-1,-9.761520386E0,-4.025924206E-1
3.246427526E1,-6.819544435E-1,-9.799804688E0,-3.834498227E-1
3.248441198E1,-6.436693072E-1,-9.826126099E0,-3.284149170E-1
3.250468031E1,-6.987041831E-1,-9.809376717E0,-2.805584669E-1
3.252494870E1,-7.680960894E-1,-9.761520386E0,-2.590230405E-1
3.254521703E1,-7.752745152E-1,-9.749555588E0,-2.853440940E-1
3.256548537E1,-7.082754970E-1,-9.775876999E0,-2.805584669E-1
3.258575375E1,-6.699903607E-1,-9.797411919E0,-2.757728100E-1
3.260602208E1,-6.915257573E-1,-9.845269203E0,-2.757728100E-1
3.262629047E1,-8.069794178E-1,-9.783055305E0,-2.183450609E-1
3.264655880E1,-9.960124493E-1,-9.706484795E0,-1.489532143E-1
3.266682719E1,-1.007976532E0,-9.862018585E0,-1.489532143E-1
3.268709552E1,-8.787640929E-1,-1.003908730E1,-2.350948304E-1
3.270736386E1,-7.010970116E-1,-1.001994514E1,-3.523431420E-1
3.272763224E1,-5.718846321E-1,-9.802198410E0,-3.427718580E-1
3.274790058E1,-5.431707501E-1,-9.639486313E0,-2.709871531E-1
3.276816896E1,-6.628118753E-1,-9.579665184E0,-2.757728100E-1
3.278843729E1,-8.165507317E-1,-9.656235695E0,-3.619144261E-1
3.280870563E1,-8.883354068E-1,-9.775876999E0,-4.025924206E-1
3.282897401E1,-9.242277741E-1,-9.811769485E0,-4.336991012E-1
3.284924234E1,-9.242277741E-1,-9.728020668E0,-4.049852192E-1
3.286951068E1,-9.074779749E-1,-9.735198975E0,-3.714857101E-1
3.288977906E1,-9.314061999E-1,-9.797411919E0,-3.116651475E-1
3.291004740E1,-1.017547846E0,-9.775876999E0,-2.470589429E-1
3.293031573E1,-1.072582722E0,-9.711270332E0,-1.561316848E-1
3.295058412E1,-9.960124493E-1,-9.754341125E0,-9.391828626E-2
3.297085245E1,-7.680960894E-1,-9.821340561E0,-1.034895778E-1
3.299112084E1,-6.149554253E-1,-9.797411919E0,-1.896311939E-1
3.301138917E1,-6.269195080E-1,-9.718449593E0,-2.374876440E-1
3.303165755E1,-7.345965505E-1,-9.732806206E0,-2.422732860E-1
3.305192584E1,-7.465606928E-1,-9.857233047E0,-2.494517565E-1
3.307219422E1,-7.657032609E-1,-9.871589661E0,-2.853440940E-1
3.309246261E1,-8.021938205E-1,-9.845269203E0,-3.379862010E-1
3.311273094E1,-8.356932998E-1,-9.850054741E0,-3.906283081E-1
3.313299932E1,-8.596215248E-1,-9.720842361E0,-4.001995921E-1
3.315326766E1,-1.089332461E0,-9.553344727E0,-2.614158690E-1
3.317366766E1,-1.055832982E0,-9.687342644E0,-1.298106313E-1
3.319380438E1,-7.393822074E-1,-9.948160172E0,-1.800599098E-1
3.321407271E1,-5.264210105E-1,-9.993623734E0,-2.901297510E-1
3.323434110E1,-5.144568682E-1,-9.854840279E0,-2.949153781E-1
3.325460943E1,-6.221339107E-1,-9.804591179E0,-2.685943544E-1
3.327487781E1,-8.476574421E-1,-9.754341125E0,-2.805584669E-1
3.329514219E1,-1.060618639E0,-9.725627899E0,-3.188436031E-1
3.331537599E1,-1.130010486E0,-9.723235130E0,-3.619144261E-1
3.333568349E1,-1.108475089E0,-9.677771568E0,-4.408775866E-1
3.335595167E1,-1.036690354E0,-9.668199539E0,-4.743770957E-1
3.337622000E1,-8.691928387E-1,-9.821340561E0,-4.408775866E-1
3.339648828E1,-7.178468108E-1,-9.964909554E0,-2.925225794E-1
3.341675656E1,-7.537391186E-1,-9.909874916E0,-1.345962733E-1
3.343702484E1,-8.620143533E-1,-9.725627899E0,-5.802594870E-2
3.345729313E1,-8.907282352E-1,-9.646664619E0,-7.477571070E-2
3.347756151E1,-7.561319470E-1,-9.763913155E0,-8.913264424E-2
3.349782979E1,-6.675975323E-1,-9.802198410E0,-1.728814393E-1
3.351809813E1,-6.747759581E-1,-9.835697174E0,-2.470589429E-1
3.353836651E1,-7.274180651E-1,-9.852447510E0,-3.882354796E-1
3.355876651E1,-7.130611539E-1,-9.912267685E0,-5.341976285E-1
3.357890318E1,-7.513462901E-1,-9.809376717E0,-5.916253924E-1
3.359917151E1,-9.720842242E-1,-9.531808853E0,-5.222335458E-1
3.361943990E1,-1.082154036E0,-9.519845009E0,-3.762713671E-1
3.363970823E1,-8.524430394E-1,-9.754341125E0,-3.954139352E-1
3.366010823E1,-5.048855543E-1,-9.988838196E0,-5.294120312E-1
3.368024495E1,-3.517449200E-1,-9.998409271E0,-5.198407173E-1
3.370051328E1,-4.785645306E-1,-9.850054741E0,-3.714857101E-1
3.372078162E1,-7.926225066E-1,-9.708877563E0,-1.920240223E-1
3.374105000E1,-1.060618639E0,-9.692128181E0,-9.870393574E-2
3.376144995E1,-1.127617717E0,-9.778269768E0,-1.274178028E-1
3.378158662E1,-9.074779749E-1,-9.850054741E0,-2.566302419E-1
3.380185495E1,-6.388836503E-1,-9.816555023E0,-3.643072546E-1
3.382212334E1,-5.240281820E-1,-9.763913155E0,-3.547359705E-1
3.384239167E1,-5.814558864E-1,-9.735198975E0,-2.997010350E-1
3.386279167E1,-8.356932998E-1,-9.706484795E0,-2.949153781E-1
3.388292839E1,-9.984052777E-1,-9.749555588E0,-3.332005441E-1
3.390319672E1,-9.672985673E-1,-9.881160736E0,-4.073780477E-1
3.392346505E1,-8.620143533E-1,-9.926624298E0,-4.504488707E-1
3.394373344E1,-8.333004713E-1,-9.799804688E0,-4.121637046E-1
3.396400177E1,-8.763712645E-1,-9.684949875E0,-4.049852192E-1
3.398427011E1,-9.266205430E-1,-9.653842926E0,-3.786641955E-1
3.400453849E1,-9.146564603E-1,-9.696913719E0,-3.571287692E-1
3.402480682E1,-8.117650747E-1,-9.775876999E0,-3.954139352E-1
3.404507516E1,-7.513462901E-1,-9.806983948E0,-4.265206456E-1
3.406547516E1,-6.747759581E-1,-9.816555023E0,-4.384847581E-1
3.408561188E1,-6.508477330E-1,-9.840482712E0,-3.738785386E-1
3.410588021E1,-6.915257573E-1,-9.816555023E0,-2.877369225E-1
3.412614854E1,-7.830511928E-1,-9.756733894E0,-2.303091735E-1
3.414641693E1,-8.428717852E-1,-9.730413437E0,-2.494517565E-1
3.416668526E1,-8.476574421E-1,-9.768698692E0,-3.020938635E-1
3.418708526E1,-8.285148144E-1,-9.809376717E0,-3.236292601E-1
3.420722193E1,-8.189435601E-1,-9.806983948E0,-3.475574851E-1
3.422749026E1,-8.117650747E-1,-9.790233612E0,-3.427718580E-1
3.424775860E1,-8.141579032E-1,-9.742377281E0,-3.403790295E-1
3.426802698E1,-7.926225066E-1,-9.775876999E0,-3.690928817E-1
3.428829531E1,-7.393822074E-1,-9.811769485E0,-3.978067636E-1
3.430856365E1,-7.585247755E-1,-9.778269768E0,-4.145565331E-1
3.432896365E1,-8.333004713E-1,-9.749555588E0,-4.241278172E-1
3.434910031E1,-8.883354068E-1,-9.699306488E0,-4.169493318E-1
3.436936870E1,-8.596215248E-1,-9.708877563E0,-4.360919297E-1
3.438963703E1,-8.237292171E-1,-9.735198975E0,-3.930211067E-1
3.440990537E1,-7.830511928E-1,-9.809376717E0,-3.978067636E-1
3.443017370E1,-7.537391186E-1,-9.873982430E0,-3.954139352E-1
3.445044208E1,-8.596215248E-1,-9.845269203E0,-2.925225794E-1
3.447071037E1,-1.027119160E0,-9.821340561E0,-2.063809484E-1
3.449097875E1,-1.118046403E0,-9.763913155E0,-2.422732860E-1
3.451124708E1,-1.017547846E0,-9.730413437E0,-3.044866920E-1
3.453151542E1,-7.926225066E-1,-9.790233612E0,-4.049852192E-1
3.455178375E1,-6.843472719E-1,-9.783055305E0,-4.935196638E-1
3.457205208E1,-6.628118753E-1,-9.821340561E0,-4.887340367E-1
3.459232042E1,-6.795616150E-1,-9.816555023E0,-5.054838061E-1
3.461258880E1,-8.069794178E-1,-9.763913155E0,-4.959124923E-1
3.463285714E1,-9.170492887E-1,-9.718449593E0,-5.318048596E-1
3.465312547E1,-9.936196208E-1,-9.730413437E0,-5.485545993E-1
3.467339380E1,-1.024726272E0,-9.728020668E0,-5.437689424E-1
3.469366214E1,-9.888339639E-1,-9.737591743E0,-5.222335458E-1
3.471393047E1,-9.314061999E-1,-9.771091461E0,-5.030909777E-1
3.473419880E1,-8.356932998E-1,-9.845269203E0,-4.360919297E-1
3.475446708E1,-7.393822074E-1,-9.866804123E0,-3.355933726E-1
3.477473547E1,-6.652047038E-1,-9.823733330E0,-2.781656384E-1
3.479500380E1,-6.005984545E-1,-9.830911636E0,-2.781656384E-1
3.481527214E1,-5.742774606E-1,-9.828518867E0,-2.877369225E-1
3.483554047E1,-6.221339107E-1,-9.799804688E0,-3.092723191E-1
3.485580880E1,-7.226324677E-1,-9.795019150E0,-3.571287692E-1
3.487607714E1,-8.620143533E-1,-9.799804688E0,-4.121637046E-1
3.489634547E1,-9.457631707E-1,-9.792626381E0,-4.576273263E-1
3.491661380E1,-9.577272534E-1,-9.799804688E0,-5.198407173E-1
3.493688219E1,-8.883354068E-1,-9.768698692E0,-5.437689424E-1
3.495715047E1,-7.585247755E-1,-9.754341125E0,-5.533402562E-1
3.497741886E1,-6.508477330E-1,-9.756733894E0,-5.365904570E-1
3.499768714E1,-6.053841114E-1,-9.766305923E0,-4.528416991E-1
3.501795547E1,-6.891329288E-1,-9.747162819E0,-3.738785386E-1
3.503822375E1,-8.548358679E-1,-9.735198975E0,-3.403790295E-1
3.505862375E1,-9.337990284E-1,-9.780662537E0,-3.020938635E-1
3.507876052E1,-9.314061999E-1,-9.818947792E0,-2.997010350E-1
3.509902880E1,-9.266205430E-1,-9.826126099E0,-3.499503136E-1
3.511929714E1,-9.481559992E-1,-9.821340561E0,-3.882354796E-1
3.513956547E1,-9.361918569E-1,-9.766305923E0,-4.384847581E-1
3.515997339E1,-8.811569214E-1,-9.737591743E0,-4.504488707E-1
3.518025058E1,-8.261220455E-1,-9.708877563E0,-4.217349887E-1
3.520036354E1,-7.998009920E-1,-9.742377281E0,-4.456632137E-1
3.522063334E1,-7.878368497E-1,-9.787840843E0,-4.480560422E-1
3.524090156E1,-8.548358679E-1,-9.783055305E0,-4.456632137E-1
3.526130276E1,-9.505487680E-1,-9.751948357E0,-3.810569942E-1
3.528144026E1,-8.931210637E-1,-9.771091461E0,-3.260220885E-1
3.530170927E1,-8.356932998E-1,-9.759127617E0,-3.140579760E-1
3.532197818E1,-8.333004713E-1,-9.754341125E0,-3.475574851E-1
3.534224646E1,-8.931210637E-1,-9.766305923E0,-4.145565331E-1
3.536264693E1,-9.337990284E-1,-9.751948357E0,-4.552344978E-1
3.538278396E1,-8.859425783E-1,-9.771091461E0,-4.600201547E-1
3.540305261E1,-7.806583643E-1,-9.780662537E0,-4.456632137E-1
3.542332115E1,-7.513462901E-1,-9.787840843E0,-4.360919297E-1
3.544358943E1,-7.752745152E-1,-9.763913155E0,-4.121637046E-1
3.546398964E1,-8.811569214E-1,-9.756733894E0,-4.289134443E-1
3.548412646E1,-9.529415965E-1,-9.751948357E0,-4.001995921E-1
3.550439490E1,-9.074779749E-1,-9.773484230E0,-3.978067636E-1
3.552466334E1,-8.189435601E-1,-9.771091461E0,-4.217349887E-1
3.554493167E1,-7.489534616E-1,-9.759127617E0,-4.432703853E-1
3.556533177E1,-7.417750359E-1,-9.775876999E0,-4.432703853E-1
3.558546844E1,-7.950153351E-1,-9.792626381E0,-4.456632137E-1
3.560573682E1,-8.428717852E-1,-9.792626381E0,-4.073780477E-1
3.562600521E1,-8.189435601E-1,-9.799804688E0,-3.571287692E-1
3.564627349E1,-8.165507317E-1,-9.806983948E0,-3.786641955E-1
3.566654188E1,-8.165507317E-1,-9.806983948E0,-3.738785386E-1
3.568681016E1,-8.380861282E-1,-9.799804688E0,-3.786641955E-1
3.570707854E1,-8.691928387E-1,-9.790233612E0,-3.906283081E-1
3.572734683E1,-8.811569214E-1,-9.780662537E0,-4.049852192E-1
3.574761516E1,-8.213363886E-1,-9.773484230E0,-4.169493318E-1
3.576788349E1,-8.069794178E-1,-9.754341125E0,-4.145565331E-1
3.578815177E1,-7.950153351E-1,-9.732806206E0,-4.408775866E-1
3.580842011E1,-7.974081635E-1,-9.759127617E0,-4.432703853E-1
3.582868844E1,-8.333004713E-1,-9.799804688E0,-4.289134443E-1
3.584895677E1,-8.715856671E-1,-9.809376717E0,-4.241278172E-1
3.586922511E1,-8.835497499E-1,-9.787840843E0,-3.786641955E-1
3.588950136E1,-8.955138922E-1,-9.751948357E0,-3.762713671E-1
3.590983891E1,-8.811569214E-1,-9.742377281E0,-3.810569942E-1
3.593002891E1,-8.907282352E-1,-9.749555588E0,-3.858426511E-1
3.595029745E1,-8.691928387E-1,-9.751948357E0,-3.882354796E-1
3.597056599E1,-8.524430394E-1,-9.756733894E0,-3.906283081E-1
3.599083443E1,-8.452646136E-1,-9.792626381E0,-4.001995921E-1
3.601110287E1,-8.668000102E-1,-9.787840843E0,-3.834498227E-1
3.603137130E1,-8.931210637E-1,-9.775876999E0,-3.738785386E-1
3.605163969E1,-9.337990284E-1,-9.799804688E0,-3.475574851E-1
3.607190808E1,-9.601200819E-1,-9.833304405E0,-3.427718580E-1
3.609217641E1,-9.553344250E-1,-9.833304405E0,-4.025924206E-1
3.611244479E1,-9.505487680E-1,-9.797411919E0,-4.169493318E-1
3.613271313E1,-9.098708034E-1,-9.718449593E0,-4.169493318E-1
3.615298146E1,-8.883354068E-1,-9.704092026E0,-3.930211067E-1
3.617324974E1,-8.524430394E-1,-9.708877563E0,-3.858426511E-1
3.619351808E1,-7.878368497E-1,-9.759127617E0,-3.834498227E-1
3.621378641E1,-7.704889178E-1,-9.744770050E0,-4.241278172E-1
3.623405469E1,-8.021938205E-1,-9.728020668E0,-4.695914388E-1
3.625432292E1,-8.452646136E-1,-9.783055305E0,-4.959124923E-1
3.627459130E1,-8.596215248E-1,-9.840482712E0,-4.791627228E-1
3.629485964E1,-8.117650747E-1,-9.854840279E0,-4.600201547E-1
3.631512797E1,-7.585247755E-1,-9.828518867E0,-4.145565331E-1
3.633539625E1,-7.274180651E-1,-9.799804688E0,-3.858426511E-1
3.635579630E1,-7.345965505E-1,-9.797411919E0,-3.427718580E-1
3.637593292E1,-7.561319470E-1,-9.792626381E0,-2.805584669E-1
3.639620125E1,-8.117650747E-1,-9.785448074E0,-2.542374134E-1
3.641646953E1,-8.141579032E-1,-9.818947792E0,-2.446661144E-1
3.643673787E1,-8.309076428E-1,-9.826126099E0,-2.494517565E-1
3.645700615E1,-8.476574421E-1,-9.811769485E0,-2.949153781E-1
3.647727448E1,-8.524430394E-1,-9.790233612E0,-3.116651475E-1
3.649754276E1,-7.878368497E-1,-9.778269768E0,-3.643072546E-1
3.651781110E1,-7.609176040E-1,-9.799804688E0,-4.097708762E-1
3.653807938E1,-7.489534616E-1,-9.787840843E0,-4.265206456E-1
3.655847438E1,-7.585247755E-1,-9.804591179E0,-4.456632137E-1
3.657876453E1,-7.902296782E-1,-9.878767967E0,-4.241278172E-1
3.659887740E1,-8.548358679E-1,-9.900303841E0,-3.714857101E-1
3.661914703E1,-8.739784956E-1,-9.862018585E0,-3.260220885E-1
3.663941531E1,-9.002995491E-1,-9.759127617E0,-2.781656384E-1
3.665981651E1,-8.811569214E-1,-9.699306488E0,-2.470589429E-1
3.667995396E1,-8.979067206E-1,-9.694520950E0,-2.374876440E-1
3.670022297E1,-9.625129104E-1,-9.723235130E0,-2.374876440E-1
3.672049182E1,-1.070189953E0,-9.756733894E0,-2.231307179E-1
3.674076011E1,-1.182652593E0,-9.809376717E0,-1.633101404E-1
3.676116058E1,-1.371685624E0,-9.792626381E0,-1.202393398E-1
3.678129750E1,-1.498505235E0,-9.744770050E0,-1.082752272E-1
3.680156610E1,-1.615753531E0,-9.670592308E0,-1.178465188E-1
3.682183459E1,-1.654038668E0,-9.594022751E0,-8.673982322E-2
3.684210287E1,-1.656431437E0,-9.498309135E0,-9.152546525E-2
3.686250308E1,-1.630110383E0,-9.517452240E0,-1.010967568E-1
3.688263984E1,-1.663609982E0,-9.582057953E0,-1.250249892E-1
3.690290828E1,-1.709073544E0,-9.661021233E0,-2.111666054E-1
3.692317667E1,-1.675574064E0,-9.701699257E0,-2.135594189E-1
3.694344500E1,-1.596610904E0,-9.728020668E0,-1.992024779E-1
3.696371344E1,-1.512862086E0,-9.835697174E0,-2.662015259E-1
3.698398177E1,-1.424327731E0,-9.945767403E0,-2.877369225E-1
3.700425005E1,-1.302293777E0,-9.967302322E0,-3.427718580E-1
3.702451844E1,-1.201795220E0,-9.845269203E0,-3.116651475E-1
3.704478677E1,-1.058225870E0,-9.713663101E0,-3.020938635E-1
3.706505500E1,-9.385846853E-1,-9.560523033E0,-3.212364316E-1
3.708532328E1,-8.021938205E-1,-9.510273933E0,-3.427718580E-1
3.710559167E1,-7.250252366E-1,-9.565308571E0,-3.978067636E-1
3.712585995E1,-7.010970116E-1,-9.637093544E0,-5.318048596E-1
3.714612823E1,-6.915257573E-1,-9.785448074E0,-6.035895348E-1
3.716639651E1,-6.891329288E-1,-9.850054741E0,-6.227321029E-1
3.718679651E1,-6.269195080E-1,-9.823733330E0,-5.653043389E-1
3.720693308E1,-5.527420044E-1,-9.821340561E0,-4.456632137E-1
3.722720141E1,-6.221339107E-1,-9.926624298E0,-2.901297510E-1
3.724746969E1,-7.513462901E-1,-1.002233791E1,-2.279163599E-1
3.726773797E1,-8.548358679E-1,-1.000558758E1,-2.039881349E-1
3.728800630E1,-8.285148144E-1,-9.873982430E0,-2.039881349E-1
3.730827458E1,-7.633104324E-1,-9.766305923E0,-2.398804724E-1
3.732854287E1,-7.657032609E-1,-9.718449593E0,-2.662015259E-1
3.734881115E1,-8.907282352E-1,-9.706484795E0,-2.973082066E-1
3.736907943E1,-1.072582722E0,-9.696913719E0,-3.619144261E-1
3.738934771E1,-1.261615753E0,-9.658628464E0,-4.001995921E-1
3.740961599E1,-1.417149186E0,-9.649057388E0,-4.576273263E-1
3.742988427E1,-1.465005636E0,-9.668199539E0,-4.839483798E-1
3.745015261E1,-1.448255897E0,-9.687342644E0,-4.983053207E-1
3.747042094E1,-1.338186026E0,-9.684949875E0,-4.815555513E-1
3.749068922E1,-1.216152072E0,-9.713663101E0,-4.073780477E-1
3.751095750E1,-1.122832060E0,-9.802198410E0,-3.236292601E-1
3.753122578E1,-1.067797065E0,-9.835697174E0,-2.207378894E-1
3.755149406E1,-1.091725349E0,-9.850054741E0,-1.034895778E-1
3.757176234E1,-1.134796143E0,-9.809376717E0,-6.281159073E-2
3.759203058E1,-1.139581800E0,-9.763913155E0,-1.106680483E-1
3.761229886E1,-1.125224829E0,-9.749555588E0,-2.063809484E-1
3.763256724E1,-1.106082320E0,-9.771091461E0,-3.092723191E-1
3.765283552E1,-1.122832060E0,-9.787840843E0,-3.714857101E-1
3.767310380E1,-1.185045362E0,-9.751948357E0,-4.241278172E-1
3.769337208E1,-1.266401410E0,-9.716055870E0,-4.480560422E-1
3.771364037E1,-1.321436286E0,-9.704092026E0,-4.528416991E-1
3.773390865E1,-1.304686546E0,-9.706484795E0,-4.121637046E-1
3.775417693E1,-1.264008522E0,-9.704092026E0,-3.260220885E-1
3.777444526E1,-1.189831018E0,-9.704092026E0,-3.164508045E-1
3.779471354E1,-1.127617717E0,-9.684949875E0,-3.332005441E-1
3.781498183E1,-1.046261668E0,-9.713663101E0,-2.973082066E-1
3.783525011E1,-9.218349457E-1,-9.766305923E0,-2.877369225E-1
3.785551839E1,-8.763712645E-1,-9.838089943E0,-3.164508045E-1
3.787578667E1,-8.668000102E-1,-9.864411354E0,-3.355933726E-1
3.789605495E1,-8.380861282E-1,-9.826126099E0,-3.547359705E-1
3.791632323E1,-7.926225066E-1,-9.783055305E0,-3.571287692E-1
3.793659151E1,-7.854440212E-1,-9.787840843E0,-3.667000830E-1
3.795685985E1,-7.465606928E-1,-9.809376717E0,-3.714857101E-1
3.797712813E1,-8.500502706E-1,-9.809376717E0,-3.595215976E-1
3.799739641E1,-9.672985673E-1,-9.754341125E0,-3.954139352E-1
3.801766469E1,-9.960124493E-1,-9.732806206E0,-4.241278172E-1
3.803793297E1,-8.811569214E-1,-9.732806206E0,-4.671986103E-1
3.805820130E1,-8.045865893E-1,-9.747162819E0,-4.576273263E-1
3.807846958E1,-8.189435601E-1,-9.761520386E0,-4.456632137E-1
3.809873787E1,-9.457631707E-1,-9.716055870E0,-4.169493318E-1
3.811900615E1,-1.077368379E0,-9.725627899E0,-3.571287692E-1
3.813927443E1,-1.168295622E0,-9.723235130E0,-2.973082066E-1
3.815967443E1,-1.197009563E0,-9.718449593E0,-2.805584669E-1
3.817981104E1,-1.156331539E0,-9.797411919E0,-2.925225794E-1
3.820007933E1,-1.132403374E0,-9.852447510E0,-3.308077157E-1
3.822034761E1,-1.134796143E0,-9.783055305E0,-3.403790295E-1
3.824061589E1,-1.192223907E0,-9.692128181E0,-2.997010350E-1
3.826101589E1,-1.182652593E0,-9.692128181E0,-2.662015259E-1
3.828115250E1,-1.144367456E0,-9.759127617E0,-2.877369225E-1
3.830142078E1,-1.074975610E0,-9.828518867E0,-3.164508045E-1
3.832168906E1,-1.029511929E0,-9.878767967E0,-3.332005441E-1
3.834195740E1,-9.840483069E-1,-9.862018585E0,-2.949153781E-1
3.836235740E1,-9.361918569E-1,-9.795019150E0,-1.920240223E-1
3.838249396E1,-8.979067206E-1,-9.751948357E0,-1.657029688E-1
3.840276224E1,-8.787640929E-1,-9.806983948E0,-2.207378894E-1
3.842303052E1,-9.122636318E-1,-9.864411354E0,-2.853440940E-1
3.844329886E1,-1.005583763E0,-9.816555023E0,-3.068794906E-1
3.846369886E1,-1.146760225E0,-9.708877563E0,-3.379862010E-1
3.848383542E1,-1.220937729E0,-9.617950439E0,-3.643072546E-1
3.850410365E1,-1.273579836E0,-9.572486877E0,-3.930211067E-1
3.852437198E1,-1.261615753E0,-9.627521515E0,-4.217349887E-1
3.854464031E1,-1.177866936E0,-9.718449593E0,-4.360919297E-1
3.856490860E1,-1.058225870E0,-9.838089943E0,-4.408775866E-1
3.858517688E1,-9.505487680E-1,-9.878767967E0,-4.504488707E-1
3.860544516E1,-8.500502706E-1,-9.852447510E0,-3.978067636E-1
3.862571349E1,-7.830511928E-1,-9.795019150E0,-3.044866920E-1
3.864598177E1,-7.657032609E-1,-9.725627899E0,-2.231307179E-1
3.866625005E1,-7.830511928E-1,-9.718449593E0,-1.704886109E-1
3.868651834E1,-8.045865893E-1,-9.754341125E0,-1.680957973E-1
3.870678662E1,-8.572286963E-1,-9.759127617E0,-1.800599098E-1
3.872705495E1,-9.744769931E-1,-9.742377281E0,-2.159522474E-1
3.874732323E1,-1.063011408E0,-9.771091461E0,-2.925225794E-1
3.876759151E1,-1.103689432E0,-9.852447510E0,-3.499503136E-1
3.878785979E1,-1.065404296E0,-9.883553505E0,-4.432703853E-1
3.880812808E1,-1.022333503E0,-9.835697174E0,-4.983053207E-1
3.882839641E1,-9.768698215E-1,-9.775876999E0,-4.959124923E-1
3.884866464E1,-1.043868899E0,-9.766305923E0,-4.073780477E-1
3.886893297E1,-1.122832060E0,-9.704092026E0,-3.092723191E-1
3.888920130E1,-1.228116274E0,-9.617950439E0,-2.207378894E-1
3.890946959E1,-1.249651670E0,-9.579665184E0,-1.920240223E-1
3.892973787E1,-1.137188911E0,-9.732806206E0,-2.183450609E-1
3.895000615E1,-1.072582722E0,-9.909874916E0,-2.590230405E-1
3.897027448E1,-1.060618639E0,-9.943374634E0,-2.805584669E-1
3.899054276E1,-1.070189953E0,-9.842875481E0,-2.422732860E-1
3.901081104E1,-1.012762189E0,-9.641879082E0,-1.728814393E-1
3.903107932E1,-9.385846853E-1,-9.622735977E0,-1.824527234E-1
3.905134761E1,-8.596215248E-1,-9.716055870E0,-2.422732860E-1
3.907161594E1,-8.596215248E-1,-9.795019150E0,-3.188436031E-1
3.909188422E1,-8.787640929E-1,-9.802198410E0,-3.571287692E-1
3.911215250E1,-9.625129104E-1,-9.737591743E0,-3.499503136E-1
3.913242078E1,-1.007976532E0,-9.689735413E0,-3.308077157E-1
3.915268906E1,-1.089332461E0,-9.672985077E0,-2.949153781E-1
3.917295740E1,-1.120439172E0,-9.756733894E0,-2.973082066E-1
3.919322568E1,-1.137188911E0,-9.833304405E0,-3.212364316E-1
3.921349396E1,-1.082154036E0,-9.885947227E0,-3.236292601E-1
3.923376224E1,-9.744769931E-1,-9.833304405E0,-2.949153781E-1
3.925403052E1,-8.835497499E-1,-9.744770050E0,-2.853440940E-1
3.927429886E1,-8.117650747E-1,-9.728020668E0,-2.877369225E-1
3.929456714E1,-7.926225066E-1,-9.761520386E0,-3.690928817E-1
3.931483542E1,-8.069794178E-1,-9.797411919E0,-4.384847581E-1
3.933510370E1,-8.189435601E-1,-9.830911636E0,-5.030909777E-1
3.935537198E1,-7.878368497E-1,-9.787840843E0,-4.983053207E-1
3.937564031E1,-7.034898400E-1,-9.739984512E0,-4.408775866E-1
3.939590860E1,-6.556333899E-1,-9.725627899E0,-4.025924206E-1
3.941617688E1,-6.699903607E-1,-9.759127617E0,-3.810569942E-1
3.943644516E1,-8.404789567E-1,-9.780662537E0,-3.212364316E-1
3.945671344E1,-1.003190875E0,-9.809376717E0,-2.853440940E-1
3.947698177E1,-1.108475089E0,-9.787840843E0,-2.757728100E-1
3.949725005E1,-1.208973646E0,-9.780662537E0,-2.757728100E-1
3.951751834E1,-1.237687469E0,-9.768698692E0,-2.709871531E-1
3.953778266E1,-1.211366415E0,-9.716055870E0,-2.733799815E-1
3.955801636E1,-1.182652593E0,-9.751948357E0,-2.662015259E-1
3.957832380E1,-1.175474167E0,-9.744770050E0,-2.590230405E-1
3.959859198E1,-1.180259824E0,-9.744770050E0,-2.518445849E-1
3.961886021E1,-1.244866014E0,-9.751948357E0,-2.733799815E-1
3.963912849E1,-1.235294700E0,-9.730413437E0,-3.092723191E-1
3.965952839E1,-1.149153113E0,-9.711270332E0,-3.260220885E-1
3.967966490E1,-1.051047325E0,-9.723235130E0,-3.164508045E-1
3.969993313E1,-9.816554785E-1,-9.723235130E0,-3.355933726E-1
3.972020136E1,-9.672985673E-1,-9.763913155E0,-3.260220885E-1
3.974046969E1,-9.409775138E-1,-9.756733894E0,-3.164508045E-1
3.976086964E1,-9.577272534E-1,-9.730413437E0,-2.925225794E-1
3.978100620E1,-9.266205430E-1,-9.728020668E0,-2.829512656E-1
3.980127443E1,-8.883354068E-1,-9.699306488E0,-3.068794906E-1
3.982154271E1,-8.380861282E-1,-9.696913719E0,-3.212364316E-1
3.984181099E1,-7.830511928E-1,-9.716055870E0,-3.547359705E-1
3.986221099E1,-7.830511928E-1,-9.797411919E0,-3.332005441E-1
3.988234750E1,-8.524430394E-1,-9.873982430E0,-3.116651475E-1
3.990261584E1,-9.529415965E-1,-9.924231529E0,-3.068794906E-1
3.992288406E1,-1.063011408E0,-9.909874916E0,-3.188436031E-1
3.994315240E1,-1.101296663E0,-9.871589661E0,-3.571287692E-1
3.996342068E1,-1.063011408E0,-9.761520386E0,-4.049852192E-1
3.998368896E1,-1.031904817E0,-9.699306488E0,-3.954139352E-1
4.000395724E1,-9.816554785E-1,-9.668199539E0,-4.169493318E-1
4.002422552E1,-9.792626500E-1,-9.680164337E0,-4.073780477E-1
4.004449380E1,-9.385846853E-1,-9.754341125E0,-3.714857101E-1
4.006489380E1,-9.553344250E-1,-9.835697174E0,-3.451646566E-1
4.008503037E1,-9.960124493E-1,-9.876375198E0,-3.116651475E-1
4.010529865E1,-9.936196208E-1,-9.864411354E0,-2.303091735E-1
4.012556693E1,-9.960124493E-1,-9.790233612E0,-2.015953064E-1
4.014583526E1,-1.010369420E0,-9.759127617E0,-2.039881349E-1
4.016610354E1,-9.649057388E-1,-9.742377281E0,-2.781656384E-1
4.018637182E1,-9.625129104E-1,-9.766305923E0,-3.355933726E-1
4.020664011E1,-9.672985673E-1,-9.840482712E0,-3.786641955E-1
4.022690839E1,-9.481559992E-1,-9.873982430E0,-4.384847581E-1
4.024717667E1,-8.835497499E-1,-9.833304405E0,-4.289134443E-1
4.026744495E1,-8.309076428E-1,-9.744770050E0,-3.810569942E-1
4.028771323E1,-8.165507317E-1,-9.632308006E0,-3.188436031E-1
4.030798151E1,-8.715856671E-1,-9.562915802E0,-2.542374134E-1
4.032824979E1,-9.553344250E-1,-9.596415520E0,-2.327020019E-1
4.034851808E1,-1.041476011E0,-9.761520386E0,-2.422732860E-1
4.036878636E1,-1.113260746E0,-9.883553505E0,-2.422732860E-1
4.038905464E1,-1.151545882E0,-9.900303841E0,-2.590230405E-1
4.040932292E1,-1.187438250E0,-9.842875481E0,-1.968096644E-1
4.042959120E1,-1.115653515E0,-9.771091461E0,-1.226321608E-1
4.044985948E1,-9.984052777E-1,-9.739984512E0,-9.870393574E-2
4.047012776E1,-9.529415965E-1,-9.768698692E0,-9.152546525E-2
4.049039604E1,-1.048654556E0,-9.780662537E0,-1.465603858E-1
4.051066432E1,-1.139581800E0,-9.790233612E0,-1.489532143E-1
4.053093266E1,-1.163509965E0,-9.785448074E0,-1.704886109E-1
4.055120089E1,-1.141974568E0,-9.773484230E0,-1.609173268E-1
4.057146917E1,-1.118046403E0,-9.737591743E0,-1.800599098E-1
4.059173745E1,-1.063011408E0,-9.675378799E0,-2.422732860E-1
4.061200573E1,-1.053440213E0,-9.637093544E0,-2.925225794E-1
4.063227401E1,-1.079761267E0,-9.617950439E0,-2.925225794E-1
4.065254229E1,-1.108475089E0,-9.680164337E0,-2.829512656E-1
4.067281058E1,-1.060618639E0,-9.706484795E0,-2.566302419E-1
4.069307886E1,-9.625129104E-1,-9.761520386E0,-2.398804724E-1
4.071334714E1,-9.314061999E-1,-9.838089943E0,-2.255235314E-1
4.073361542E1,-9.696913958E-1,-9.864411354E0,-1.776670814E-1
4.075388370E1,-1.003190875E0,-9.826126099E0,-1.154536903E-1
4.077415198E1,-1.015154958E0,-9.778269768E0,-8.913264424E-2
4.079442026E1,-1.031904817E0,-9.747162819E0,-5.324030295E-2
4.081468854E1,-1.005583763E0,-9.737591743E0,-1.250249892E-1
4.083495682E1,-1.000798106E0,-9.761520386E0,-2.494517565E-1
4.085535682E1,-1.053440213E0,-9.802198410E0,-3.379862010E-1
4.087549339E1,-1.115653515E0,-9.799804688E0,-3.690928817E-1
4.089576167E1,-1.194616675E0,-9.720842361E0,-3.212364316E-1
4.091602995E1,-1.278365493E0,-9.634700775E0,-2.757728100E-1
4.093642990E1,-1.283151150E0,-9.632308006E0,-2.997010350E-1
4.095656641E1,-1.168295622E0,-9.730413437E0,-3.308077157E-1
4.097683479E1,-1.041476011E0,-9.835697174E0,-3.116651475E-1
4.099710308E1,-9.553344250E-1,-9.885947227E0,-2.422732860E-1
4.101737136E1,-8.763712645E-1,-9.866804123E0,-2.159522474E-1
4.103763964E1,-8.069794178E-1,-9.828518867E0,-1.561316848E-1
4.105790792E1,-7.657032609E-1,-9.771091461E0,-1.369891018E-1
4.107817620E1,-7.417750359E-1,-9.775876999E0,-1.298106313E-1
4.109844443E1,-7.250252366E-1,-9.773484230E0,-1.537388563E-1
4.111871266E1,-8.165507317E-1,-9.783055305E0,-1.848455518E-1
4.113898094E1,-8.931210637E-1,-9.830911636E0,-2.135594189E-1
4.115938094E1,-9.601200819E-1,-9.768698692E0,-2.303091735E-1
4.117951750E1,-1.015154958E0,-9.754341125E0,-2.111666054E-1
4.119991750E1,-1.070189953E0,-9.720842361E0,-1.968096644E-1
4.122005406E1,-1.103689432E0,-9.718449593E0,-1.992024779E-1
4.124032234E1,-1.086939692E0,-9.785448074E0,-1.848455518E-1
4.126072235E1,-1.086939692E0,-9.862018585E0,-1.848455518E-1
4.128085891E1,-1.137188911E0,-9.907482147E0,-1.489532143E-1
4.130112719E1,-1.201795220E0,-9.897911072E0,-1.322034448E-1
4.132139547E1,-1.122832060E0,-9.814162254E0,-1.250249892E-1
4.134166370E1,-9.936196208E-1,-9.706484795E0,-1.800599098E-1
4.136206370E1,-9.098708034E-1,-9.728020668E0,-2.494517565E-1
4.138220026E1,-9.553344250E-1,-9.732806206E0,-3.379862010E-1
4.140246854E1,-1.063011408E0,-9.663414001E0,-3.355933726E-1
4.142273682E1,-1.194616675E0,-9.653842926E0,-2.590230405E-1
4.144300511E1,-1.256830096E0,-9.713663101E0,-2.087737769E-1
4.146340511E1,-1.299900889E0,-9.759127617E0,-1.896311939E-1
4.148354162E1,-1.395613790E0,-9.711270332E0,-1.513460279E-1
4.150380990E1,-1.474576950E0,-9.677771568E0,-1.178465188E-1
4.152407818E1,-1.481755376E0,-9.689735413E0,-1.202393398E-1
4.154434646E1,-1.352542996E0,-9.792626381E0,-1.345962733E-1
4.156461474E1,-1.218544960E0,-9.842875481E0,-1.417747438E-1
4.158488302E1,-1.134796143E0,-9.799804688E0,-1.704886109E-1
4.160515130E1,-1.051047325E0,-9.742377281E0,-2.087737769E-1
4.162541958E1,-9.888339639E-1,-9.708877563E0,-2.063809484E-1
4.164568781E1,-9.266205430E-1,-9.732806206E0,-2.087737769E-1
4.166595610E1,-9.026923180E-1,-9.766305923E0,-2.207378894E-1
4.168622438E1,-8.859425783E-1,-9.751948357E0,-2.398804724E-1
4.170649266E1,-9.314061999E-1,-9.759127617E0,-2.255235314E-1
4.172676094E1,-9.696913958E-1,-9.802198410E0,-2.111666054E-1
4.174702917E1,-9.888339639E-1,-9.842875481E0,-2.207378894E-1
4.176729745E1,-9.218349457E-1,-9.852447510E0,-1.992024779E-1
4.178756568E1,-8.548358679E-1,-9.833304405E0,-1.633101404E-1
4.180783401E1,-8.715856671E-1,-9.818947792E0,-1.130608693E-1
4.182810229E1,-9.457631707E-1,-9.763913155E0,-5.324030295E-2
4.184837058E1,-1.036690354E0,-9.701699257E0,-2.931207791E-2
4.186863880E1,-1.065404296E0,-9.711270332E0,-6.999006122E-2
4.188890708E1,-1.067797065E0,-9.763913155E0,-1.465603858E-1
4.190917537E1,-1.130010486E0,-9.814162254E0,-1.968096644E-1
4.192944365E1,-1.237687469E0,-9.795019150E0,-2.015953064E-1
4.194971193E1,-1.287936807E0,-9.744770050E0,-2.279163599E-1
4.196998021E1,-1.278365493E0,-9.704092026E0,-2.518445849E-1
4.199024844E1,-1.266401410E0,-9.704092026E0,-2.470589429E-1
4.201051672E1,-1.273579836E0,-9.694520950E0,-2.111666054E-1
4.203078500E1,-1.256830096E0,-9.708877563E0,-1.609173268E-1
4.205105328E1,-1.228116274E0,-9.737591743E0,-1.465603858E-1
4.207132151E1,-1.204187989E0,-9.754341125E0,-1.130608693E-1
4.209158979E1,-1.156331539E0,-9.768698692E0,-1.154536903E-1
4.211185808E1,-1.122832060E0,-9.795019150E0,-1.417747438E-1
4.213212636E1,-1.074975610E0,-9.790233612E0,-1.513460279E-1
4.215239458E1,-1.058225870E0,-9.744770050E0,-2.015953064E-1
4.217266287E1,-1.024726272E0,-9.682557106E0,-2.685943544E-1
4.219293115E1,-1.024726272E0,-9.656235695E0,-2.829512656E-1
4.221319943E1,-9.792626500E-1,-9.699306488E0,-2.662015259E-1
4.223346766E1,-9.840483069E-1,-9.771091461E0,-2.207378894E-1
4.225373594E1,-1.024726272E0,-9.838089943E0,-2.015953064E-1
4.227400422E1,-1.048654556E0,-9.845269203E0,-1.513460279E-1
4.229427250E1,-9.744769931E-1,-9.830911636E0,-1.489532143E-1
4.231454073E1,-8.596215248E-1,-9.814162254E0,-1.345962733E-1
4.233480901E1,-7.585247755E-1,-9.797411919E0,-1.561316848E-1
4.235507729E1,-7.441678643E-1,-9.778269768E0,-1.848455518E-1
4.237534558E1,-8.309076428E-1,-9.775876999E0,-2.303091735E-1
4.239561380E1,-9.146564603E-1,-9.771091461E0,-2.542374134E-1
4.241588208E1,-1.039083242E0,-9.768698692E0,-2.757728100E-1
4.243615037E1,-1.058225870E0,-9.754341125E0,-2.757728100E-1
4.245641865E1,-1.036690354E0,-9.754341125E0,-2.949153781E-1
4.247668693E1,-1.015154958E0,-9.739984512E0,-2.638086975E-1
4.249695516E1,-1.065404296E0,-9.720842361E0,-2.327020019E-1
4.251722344E1,-1.175474167E0,-9.716055870E0,-1.489532143E-1
4.253749172E1,-1.285543919E0,-9.768698692E0,-7.716853172E-2
4.255775995E1,-1.271187067E0,-9.773484230E0,-3.888336942E-2
4.257802823E1,-1.175474167E0,-9.742377281E0,-6.999006122E-2
4.259829651E1,-1.125224829E0,-9.675378799E0,-1.178465188E-1
4.261856474E1,-1.108475089E0,-9.684949875E0,-1.680957973E-1
4.263883302E1,-1.046261668E0,-9.720842361E0,-2.111666054E-1
4.265923302E1,-1.007976532E0,-9.744770050E0,-1.776670814E-1
4.267936953E1,-1.103689432E0,-9.749555588E0,-1.345962733E-1
4.269963781E1,-1.180259824E0,-9.847661972E0,-1.154536903E-1
4.271990610E1,-1.213759303E0,-9.885947227E0,-1.202393398E-1
4.274017433E1,-1.211366415E0,-9.816555023E0,-1.465603858E-1
4.276057432E1,-1.067797065E0,-9.744770050E0,-1.776670814E-1
4.278071089E1,-9.768698215E-1,-9.696913719E0,-2.159522474E-1
4.280097912E1,-9.170492887E-1,-9.711270332E0,-2.518445849E-1
4.282124740E1,-9.146564603E-1,-9.742377281E0,-2.470589429E-1
4.284151568E1,-9.002995491E-1,-9.790233612E0,-2.662015259E-1
4.286191568E1,-8.979067206E-1,-9.821340561E0,-2.614158690E-1
4.288205219E1,-8.452646136E-1,-9.826126099E0,-2.542374134E-1
4.290232047E1,-8.428717852E-1,-9.802198410E0,-2.374876440E-1
4.292258870E1,-8.668000102E-1,-9.768698692E0,-1.968096644E-1
4.294285693E1,-9.696913958E-1,-9.761520386E0,-1.968096644E-1
4.296312526E1,-1.058225870E0,-9.771091461E0,-2.111666054E-1
4.298339349E1,-1.031904817E0,-9.754341125E0,-2.350948304E-1
4.300366177E1,-1.005583763E0,-9.716055870E0,-2.709871531E-1
4.302393000E1,-9.792626500E-1,-9.711270332E0,-3.092723191E-1
4.304419828E1,-9.577272534E-1,-9.763913155E0,-3.308077157E-1
4.306459828E1,-9.433703423E-1,-9.799804688E0,-3.212364316E-1
4.308473479E1,-1.024726272E0,-9.802198410E0,-2.949153781E-1
4.310500308E1,-1.046261668E0,-9.799804688E0,-2.279163599E-1
4.312527136E1,-1.036690354E0,-9.797411919E0,-2.279163599E-1
4.314553958E1,-1.058225870E0,-9.718449593E0,-2.374876440E-1
4.316580787E1,-1.082154036E0,-9.692128181E0,-2.709871531E-1
4.318607610E1,-1.120439172E0,-9.723235130E0,-2.973082066E-1
4.320634438E1,-1.072582722E0,-9.744770050E0,-3.020938635E-1
4.322661261E1,-1.005583763E0,-9.771091461E0,-2.685943544E-1
4.324688089E1,-9.553344250E-1,-9.778269768E0,-2.470589429E-1
4.326714912E1,-9.290133715E-1,-9.797411919E0,-2.422732860E-1
4.328741740E1,-9.553344250E-1,-9.811769485E0,-2.231307179E-1
4.330768563E1,-1.015154958E0,-9.780662537E0,-1.968096644E-1
4.332795391E1,-1.029511929E0,-9.792626381E0,-1.992024779E-1
4.334822214E1,-1.005583763E0,-9.763913155E0,-1.944168359E-1
4.336849042E1,-1.034297585E0,-9.718449593E0,-2.111666054E-1
4.338875870E1,-1.072582722E0,-9.713663101E0,-2.422732860E-1
4.340902693E1,-1.079761267E0,-9.756733894E0,-2.757728100E-1
4.342929521E1,-1.048654556E0,-9.787840843E0,-2.997010350E-1
4.344956344E1,-9.960124493E-1,-9.826126099E0,-3.164508045E-1
4.346983172E1,-9.649057388E-1,-9.823733330E0,-3.164508045E-1
4.349009995E1,-9.649057388E-1,-9.778269768E0,-2.853440940E-1
4.351036823E1,-9.601200819E-1,-9.720842361E0,-2.590230405E-1
4.353063646E1,-9.553344250E-1,-9.728020668E0,-2.685943544E-1
4.355090474E1,-9.792626500E-1,-9.761520386E0,-2.733799815E-1
4.357117297E1,-1.015154958E0,-9.761520386E0,-3.188436031E-1
4.359144125E1,-1.027119160E0,-9.747162819E0,-3.882354796E-1
4.361170948E1,-9.888339639E-1,-9.737591743E0,-4.504488707E-1
4.363197776E1,-9.074779749E-1,-9.713663101E0,-4.671986103E-1
4.365224599E1,-8.380861282E-1,-9.687342644E0,-4.552344978E-1
4.367251422E1,-8.261220455E-1,-9.704092026E0,-3.954139352E-1
4.369278250E1,-9.026923180E-1,-9.749555588E0,-3.595215976E-1
4.371305073E1,-9.936196208E-1,-9.787840843E0,-3.308077157E-1
4.373331901E1,-1.039083242E0,-9.818947792E0,-3.164508045E-1
4.375358724E1,-1.024726272E0,-9.763913155E0,-2.997010350E-1
4.377385547E1,-9.864411354E-1,-9.754341125E0,-2.805584669E-1
4.379412375E1,-9.625129104E-1,-9.742377281E0,-3.044866920E-1
4.381439203E1,-9.912267923E-1,-9.706484795E0,-3.188436031E-1
4.383466026E1,-1.005583763E0,-9.725627899E0,-3.619144261E-1
4.385492849E1,-1.036690354E0,-9.778269768E0,-3.906283081E-1
4.387519677E1,-1.063011408E0,-9.802198410E0,-3.547359705E-1
4.389546500E1,-1.130010486E0,-9.785448074E0,-3.355933726E-1
4.391573323E1,-1.134796143E0,-9.771091461E0,-3.332005441E-1
4.393600151E1,-1.089332461E0,-9.804591179E0,-3.547359705E-1
4.395626979E1,-1.031904817E0,-9.816555023E0,-3.810569942E-1
4.397653802E1,-9.720842242E-1,-9.859625816E0,-3.595215976E-1
4.399680625E1,-8.691928387E-1,-9.828518867E0,-3.762713671E-1
4.401707453E1,-7.974081635E-1,-9.759127617E0,-3.714857101E-1
4.403734276E1,-7.902296782E-1,-9.720842361E0,-3.810569942E-1
4.405761104E1,-8.285148144E-1,-9.720842361E0,-3.714857101E-1
4.407787927E1,-8.835497499E-1,-9.766305923E0,-3.858426511E-1
4.409814750E1,-9.098708034E-1,-9.806983948E0,-4.265206456E-1
4.411841578E1,-9.170492887E-1,-9.811769485E0,-4.313062727E-1
4.413868401E1,-9.026923180E-1,-9.833304405E0,-4.169493318E-1
4.415908401E1,-9.314061999E-1,-9.811769485E0,-4.025924206E-1
4.417922052E1,-9.266205430E-1,-9.780662537E0,-3.786641955E-1
4.419948875E1,-9.194421172E-1,-9.761520386E0,-3.619144261E-1
4.421975703E1,-9.242277741E-1,-9.775876999E0,-3.714857101E-1
4.424002526E1,-9.361918569E-1,-9.778269768E0,-3.882354796E-1
4.426042526E1,-9.409775138E-1,-9.763913155E0,-3.858426511E-1
4.428056177E1,-9.457631707E-1,-9.739984512E0,-3.786641955E-1
4.430083000E1,-1.005583763E0,-9.766305923E0,-3.738785386E-1
4.432109828E1,-1.043868899E0,-9.754341125E0,-3.499503136E-1
4.434150625E1,-1.108475089E0,-9.775876999E0,-3.595215976E-1
4.436178334E1,-1.118046403E0,-9.749555588E0,-3.547359705E-1
4.438189620E1,-1.053440213E0,-9.747162819E0,-3.882354796E-1
4.440216573E1,-9.984052777E-1,-9.711270332E0,-3.954139352E-1
4.442243511E1,-9.433703423E-1,-9.696913719E0,-3.930211067E-1
4.444270328E1,-9.457631707E-1,-9.754341125E0,-4.145565331E-1
4.446310427E1,-1.024726272E0,-9.828518867E0,-4.336991012E-1
4.448324136E1,-1.106082320E0,-9.857233047E0,-4.289134443E-1
4.450351021E1,-1.158724308E0,-9.778269768E0,-4.121637046E-1
4.452377886E1,-1.170688510E0,-9.687342644E0,-3.643072546E-1
4.454404714E1,-1.101296663E0,-9.653842926E0,-3.499503136E-1
4.456444750E1,-1.077368379E0,-9.696913719E0,-3.284149170E-1
4.458458427E1,-1.055832982E0,-9.751948357E0,-3.332005441E-1
4.460485276E1,-1.115653515E0,-9.787840843E0,-3.403790295E-1
4.462512120E1,-1.118046403E0,-9.792626381E0,-3.116651475E-1
4.464538959E1,-1.137188911E0,-9.799804688E0,-3.044866920E-1
4.466565792E1,-1.130010486E0,-9.751948357E0,-3.068794906E-1
4.468592630E1,-1.110867858E0,-9.735198975E0,-2.925225794E-1
4.470619464E1,-1.060618639E0,-9.732806206E0,-2.949153781E-1
4.472646292E1,-1.003190875E0,-9.747162819E0,-3.260220885E-1
4.474673120E1,-9.672985673E-1,-9.751948357E0,-3.643072546E-1
4.476699953E1,-9.672985673E-1,-9.763913155E0,-3.810569942E-1
4.478726776E1,-9.984052777E-1,-9.773484230E0,-3.619144261E-1
4.480753604E1,-9.457631707E-1,-9.785448074E0,-3.595215976E-1
4.482780427E1,-9.170492887E-1,-9.775876999E0,-3.571287692E-1
4.484807255E1,-9.002995491E-1,-9.739984512E0,-3.690928817E-1
4.486834078E1,-8.883354068E-1,-9.728020668E0,-3.978067636E-1
4.488860901E1,-9.433703423E-1,-9.766305923E0,-4.121637046E-1
4.490887724E1,-9.529415965E-1,-9.804591179E0,-3.930211067E-1
4.492914552E1,-9.625129104E-1,-9.816555023E0,-3.738785386E-1
4.494941375E1,-9.744769931E-1,-9.816555023E0,-3.834498227E-1
4.496968203E1,-9.409775138E-1,-9.826126099E0,-3.978067636E-1
4.498995026E1,-9.002995491E-1,-9.778269768E0,-3.978067636E-1
4.501021849E1,-8.572286963E-1,-9.754341125E0,-3.571287692E-1
4.503048672E1,-8.309076428E-1,-9.732806206E0,-3.427718580E-1
4.505075495E1,-8.691928387E-1,-9.756733894E0,-3.786641955E-1
4.507102323E1,-9.194421172E-1,-9.792626381E0,-4.265206456E-1
4.509129146E1,-9.146564603E-1,-9.802198410E0,-4.313062727E-1
4.511155969E1,-9.553344250E-1,-9.787840843E0,-4.313062727E-1
4.513182787E1,-9.960124493E-1,-9.787840843E0,-4.313062727E-1
4.515209615E1,-1.048654556E0,-9.766305923E0,-4.025924206E-1
4.517236438E1,-1.077368379E0,-9.718449593E0,-3.714857101E-1
4.519263261E1,-1.048654556E0,-9.711270332E0,-3.523431420E-1
4.521290084E1,-1.019940615E0,-9.720842361E0,-3.355933726E-1
4.523316906E1,-1.003190875E0,-9.742377281E0,-2.542374134E-1
4.525343734E1,-1.031904817E0,-9.806983948E0,-2.183450609E-1
4.527370558E1,-1.098903775E0,-9.826126099E0,-2.183450609E-1
4.529397380E1,-1.141974568E0,-9.783055305E0,-2.566302419E-1
4.531424203E1,-1.072582722E0,-9.766305923E0,-3.212364316E-1
4.533451026E1,-1.034297585E0,-9.754341125E0,-3.643072546E-1
4.535491026E1,-1.041476011E0,-9.768698692E0,-3.092723191E-1
4.537504672E1,-1.015154958E0,-9.830911636E0,-2.973082066E-1
4.539531495E1,-1.029511929E0,-9.919445992E0,-2.518445849E-1
4.541558318E1,-1.079761267E0,-9.955338478E0,-2.135594189E-1
4.543585141E1,-1.031904817E0,-9.952945709E0,-2.015953064E-1
4.545611969E1,-1.046261668E0,-9.845269203E0,-2.087737769E-1
4.547638792E1,-1.130010486E0,-9.675378799E0,-2.063809484E-1
4.549665615E1,-1.182652593E0,-9.546165466E0,-2.614158690E-1
4.551692438E1,-1.273579836E0,-9.510273933E0,-3.116651475E-1
4.553719261E1,-1.333400369E0,-9.534201622E0,-3.403790295E-1
4.555746084E1,-1.319043517E0,-9.622735977E0,-3.523431420E-1
4.557772906E1,-1.256830096E0,-9.687342644E0,-3.451646566E-1
4.559799729E1,-1.182652593E0,-9.747162819E0,-3.188436031E-1
4.561826552E1,-1.158724308E0,-9.775876999E0,-2.685943544E-1
4.563853375E1,-1.158724308E0,-9.756733894E0,-2.327020019E-1
4.565893375E1,-1.125224829E0,-9.742377281E0,-1.537388563E-1
4.567907021E1,-1.039083242E0,-9.692128181E0,-1.082752272E-1
4.569933849E1,-9.098708034E-1,-9.704092026E0,-7.716853172E-2
4.571960672E1,-8.668000102E-1,-9.723235130E0,-9.631111473E-2
4.573987495E1,-8.572286963E-1,-9.747162819E0,-1.369891018E-1
4.576027495E1,-9.672985673E-1,-9.751948357E0,-1.872383654E-1
4.578041141E1,-1.098903775E0,-9.737591743E0,-2.087737769E-1
4.580067964E1,-1.201795220E0,-9.763913155E0,-2.159522474E-1
4.582094787E1,-1.259222865E0,-9.818947792E0,-2.494517565E-1
4.584121610E1,-1.249651670E0,-9.854840279E0,-2.662015259E-1
4.586161610E1,-1.137188911E0,-9.859625816E0,-2.398804724E-1
4.588175255E1,-1.017547846E0,-9.811769485E0,-2.015953064E-1
4.590202078E1,-9.290133715E-1,-9.759127617E0,-1.513460279E-1
4.592228901E1,-9.098708034E-1,-9.773484230E0,-1.465603858E-1
4.594255724E1,-9.577272534E-1,-9.787840843E0,-1.633101404E-1
4.596282547E1,-1.012762189E0,-9.806983948E0,-1.824527234E-1
4.598309370E1,-1.053440213E0,-9.790233612E0,-2.039881349E-1
4.600336193E1,-1.084546804E0,-9.773484230E0,-2.207378894E-1
4.602363016E1,-1.077368379E0,-9.763913155E0,-2.303091735E-1
4.604389839E1,-1.089332461E0,-9.751948357E0,-2.398804724E-1
4.606429839E1,-1.086939692E0,-9.742377281E0,-2.542374134E-1
4.608443485E1,-1.096511006E0,-9.778269768E0,-2.566302419E-1
4.610470308E1,-1.084546804E0,-9.833304405E0,-2.542374134E-1
4.612497130E1,-1.132403374E0,-9.821340561E0,-2.279163599E-1
4.614523953E1,-1.149153113E0,-9.766305923E0,-2.039881349E-1
4.616550776E1,-1.189831018E0,-9.749555588E0,-1.680957973E-1
4.618577599E1,-1.228116274E0,-9.730413437E0,-1.633101404E-1
4.620604422E1,-1.194616675E0,-9.708877563E0,-1.752742529E-1
4.622631245E1,-1.146760225E0,-9.728020668E0,-1.752742529E-1
4.624658063E1,-1.122832060E0,-9.766305923E0,-2.135594189E-1
4.626684886E1,-1.115653515E0,-9.804591179E0,-2.494517565E-1
4.628711709E1,-1.122832060E0,-9.804591179E0,-2.446661144E-1
4.630738537E1,-1.115653515E0,-9.773484230E0,-2.446661144E-1
4.632765354E1,-1.058225870E0,-9.747162819E0,-2.327020019E-1
4.634792182E1,-1.003190875E0,-9.718449593E0,-2.231307179E-1
4.636818995E1,-9.912267923E-1,-9.701699257E0,-2.374876440E-1
4.638845823E1,-9.768698215E-1,-9.696913719E0,-2.494517565E-1
4.640872646E1,-1.007976532E0,-9.699306488E0,-2.638086975E-1
4.642899469E1,-9.864411354E-1,-9.692128181E0,-2.685943544E-1
4.644926292E1,-9.649057388E-1,-9.696913719E0,-2.662015259E-1
4.646953115E1,-9.912267923E-1,-9.699306488E0,-2.542374134E-1
4.648979938E1,-1.046261668E0,-9.692128181E0,-2.255235314E-1
4.651006761E1,-1.108475089E0,-9.718449593E0,-1.848455518E-1
4.653033584E1,-1.141974568E0,-9.759127617E0,-1.369891018E-1
4.655060406E1,-1.206580877E0,-9.797411919E0,-5.324030295E-2
4.657087229E1,-1.280758262E0,-9.804591179E0,9.571290575E-3
4.659127229E1,-1.283151150E0,-9.742377281E0,5.503492057E-2
4.661140875E1,-1.323829174E0,-9.704092026E0,6.221338734E-2
4.663167698E1,-1.424327731E0,-9.701699257E0,4.307080805E-2
4.665194516E1,-1.555932879E0,-9.816555023E0,9.571290575E-3
4.667221339E1,-1.627717614E0,-9.955338478E0,-6.759724021E-2
4.669248162E1,-1.565504193E0,-9.969695091E0,-1.561316848E-1
4.671274985E1,-1.498505235E0,-9.766305923E0,-2.159522474E-1
4.673301808E1,-1.388435364E0,-9.701699257E0,-2.709871531E-1
4.675328630E1,-1.173081279E0,-9.629914284E0,-3.379862010E-1
4.677355453E1,-9.553344250E-1,-9.558130264E0,-3.595215976E-1
4.679382276E1,-7.489534616E-1,-9.543772697E0,-3.284149170E-1
4.681409099E1,-7.609176040E-1,-9.672985077E0,-3.451646566E-1
4.683435917E1,-9.481559992E-1,-9.816555023E0,-3.571287692E-1
4.685462740E1,-1.065404296E0,-9.873982430E0,-3.762713671E-1
4.687489563E1,-9.672985673E-1,-9.826126099E0,-3.714857101E-1
4.689516386E1,-8.021938205E-1,-9.730413437E0,-4.217349887E-1
4.691543209E1,-6.604190469E-1,-9.728020668E0,-4.576273263E-1
4.693570031E1,-5.479564071E-1,-9.780662537E0,-4.456632137E-1
4.695596854E1,-4.546363056E-1,-9.838089943E0,-4.073780477E-1
4.697623677E1,-4.785645306E-1,-9.854840279E0,-3.834498227E-1
4.699650495E1,-6.699903607E-1,-9.814162254E0,-3.068794906E-1
4.701677318E1,-9.433703423E-1,-9.799804688E0,-2.638086975E-1
4.703704141E1,-1.165902853E0,-9.838089943E0,-2.159522474E-1
4.705730964E1,-1.283151150E0,-9.809376717E0,-2.303091735E-1
4.707757787E1,-1.259222865E0,-9.754341125E0,-2.973082066E-1
4.709784604E1,-1.180259824E0,-9.739984512E0,-3.403790295E-1
4.711811432E1,-1.031904817E0,-9.768698692E0,-3.906283081E-1
4.713838250E1,-9.170492887E-1,-9.775876999E0,-4.145565331E-1
4.715878250E1,-8.309076428E-1,-9.747162819E0,-4.528416991E-1
4.717891896E1,-7.854440212E-1,-9.730413437E0,-4.456632137E-1
4.719918719E1,-8.093722463E-1,-9.730413437E0,-4.265206456E-1
4.721945542E1,-8.237292171E-1,-9.766305923E0,-3.786641955E-1
4.723972365E1,-8.644071817E-1,-9.804591179E0,-3.164508045E-1
4.726012365E1,-9.242277741E-1,-9.785448074E0,-2.446661144E-1
4.728026005E1,-1.043868899E0,-9.754341125E0,-2.183450609E-1
4.730052828E1,-1.091725349E0,-9.768698692E0,-2.231307179E-1
4.732079651E1,-1.048654556E0,-9.833304405E0,-2.590230405E-1
4.734106474E1,-9.672985673E-1,-9.821340561E0,-2.973082066E-1
4.736146474E1,-9.314061999E-1,-9.797411919E0,-3.308077157E-1
4.738160115E1,-9.409775138E-1,-9.771091461E0,-3.786641955E-1
4.740186932E1,-9.457631707E-1,-9.742377281E0,-4.336991012E-1
4.742213761E1,-9.002995491E-1,-9.730413437E0,-4.600201547E-1
4.744240584E1,-8.763712645E-1,-9.751948357E0,-4.384847581E-1
4.746280584E1,-8.715856671E-1,-9.821340561E0,-4.001995921E-1
4.748294224E1,-9.122636318E-1,-9.814162254E0,-3.308077157E-1
4.750321047E1,-9.649057388E-1,-9.792626381E0,-2.877369225E-1
4.752347870E1,-1.000798106E0,-9.723235130E0,-2.685943544E-1
4.754374688E1,-1.022333503E0,-9.689735413E0,-2.901297510E-1
4.756401505E1,-1.005583763E0,-9.694520950E0,-3.044866920E-1
4.758428334E1,-1.029511929E0,-9.735198975E0,-3.044866920E-1
4.760455156E1,-1.034297585E0,-9.787840843E0,-3.044866920E-1
4.762481979E1,-1.094118118E0,-9.826126099E0,-2.901297510E-1
4.764508797E1,-1.144367456E0,-9.840482712E0,-2.590230405E-1
4.766535620E1,-1.170688510E0,-9.828518867E0,-2.494517565E-1
4.768562443E1,-1.208973646E0,-9.766305923E0,-2.350948304E-1
4.770589266E1,-1.144367456E0,-9.718449593E0,-2.566302419E-1
4.772616089E1,-1.041476011E0,-9.689735413E0,-2.973082066E-1
4.774642912E1,-1.005583763E0,-9.704092026E0,-3.092723191E-1
4.776669735E1,-1.041476011E0,-9.704092026E0,-2.877369225E-1
4.778696552E1,-1.048654556E0,-9.730413437E0,-2.662015259E-1
4.780723375E1,-1.060618639E0,-9.761520386E0,-2.757728100E-1
4.782750198E1,-1.058225870E0,-9.792626381E0,-2.781656384E-1
4.784777021E1,-1.063011408E0,-9.799804688E0,-2.925225794E-1
4.786803844E1,-1.074975610E0,-9.787840843E0,-2.733799815E-1
4.788830667E1,-1.012762189E0,-9.756733894E0,-2.542374134E-1
4.790857485E1,-9.529415965E-1,-9.718449593E0,-2.542374134E-1
4.792884308E1,-9.768698215E-1,-9.704092026E0,-2.566302419E-1
4.794911130E1,-1.005583763E0,-9.720842361E0,-3.092723191E-1
4.796937953E1,-9.696913958E-1,-9.742377281E0,-3.332005441E-1
4.798964776E1,-9.649057388E-1,-9.802198410E0,-3.571287692E-1
4.800991599E1,-9.720842242E-1,-9.835697174E0,-3.379862010E-1
4.803018422E1,-9.912267923E-1,-9.838089943E0,-3.212364316E-1
4.805045240E1,-1.003190875E0,-9.804591179E0,-2.877369225E-1
4.807072063E1,-9.984052777E-1,-9.775876999E0,-2.518445849E-1
4.809098886E1,-9.146564603E-1,-9.771091461E0,-2.422732860E-1
4.811125709E1,-8.668000102E-1,-9.742377281E0,-2.925225794E-1
4.813152531E1,-8.452646136E-1,-9.742377281E0,-3.355933726E-1
4.815179354E1,-8.979067206E-1,-9.761520386E0,-3.379862010E-1
4.817206177E1,-9.122636318E-1,-9.826126099E0,-3.284149170E-1
4.819233000E1,-9.266205430E-1,-9.838089943E0,-2.901297510E-1
4.821259818E1,-9.385846853E-1,-9.811769485E0,-2.973082066E-1
4.823286641E1,-9.553344250E-1,-9.797411919E0,-2.901297510E-1
4.825313464E1,-8.955138922E-1,-9.778269768E0,-2.949153781E-1
4.827340287E1,-8.691928387E-1,-9.751948357E0,-3.020938635E-1
4.829367110E1,-8.931210637E-1,-9.739984512E0,-3.284149170E-1
4.831393932E1,-9.242277741E-1,-9.744770050E0,-3.427718580E-1
4.833420755E1,-9.601200819E-1,-9.797411919E0,-3.284149170E-1
4.835447578E1,-9.912267923E-1,-9.792626381E0,-3.260220885E-1
4.837474401E1,-1.019940615E0,-9.811769485E0,-3.164508045E-1
4.839501224E1,-1.010369420E0,-9.799804688E0,-2.662015259E-1
4.841528047E1,-9.912267923E-1,-9.759127617E0,-2.470589429E-1
4.843554870E1,-9.385846853E-1,-9.735198975E0,-2.374876440E-1
4.845581688E1,-9.026923180E-1,-9.732806206E0,-2.207378894E-1
4.847608516E1,-8.811569214E-1,-9.756733894E0,-2.422732860E-1
4.849648516E1,-9.218349457E-1,-9.775876999E0,-2.542374134E-1
4.851662162E1,-9.912267923E-1,-9.804591179E0,-2.662015259E-1
4.853688985E1,-1.029511929E0,-9.826126099E0,-2.542374134E-1
4.855715808E1,-1.031904817E0,-9.821340561E0,-2.662015259E-1
4.857742630E1,-1.039083242E0,-9.773484230E0,-2.303091735E-1
4.859769453E1,-1.019940615E0,-9.756733894E0,-2.518445849E-1
4.861796276E1,-1.015154958E0,-9.783055305E0,-2.662015259E-1
4.863823104E1,-9.696913958E-1,-9.792626381E0,-2.757728100E-1
4.865863104E1,-9.481559992E-1,-9.771091461E0,-2.733799815E-1
4.867876750E1,-9.242277741E-1,-9.751948357E0,-2.709871531E-1
4.869903573E1,-8.907282352E-1,-9.749555588E0,-2.494517565E-1
4.871930396E1,-9.002995491E-1,-9.773484230E0,-2.374876440E-1
4.873957219E1,-9.290133715E-1,-9.771091461E0,-2.231307179E-1
4.875997219E1,-9.840483069E-1,-9.785448074E0,-1.968096644E-1
4.878010865E1,-1.024726272E0,-9.771091461E0,-2.159522474E-1
4.880037693E1,-1.041476011E0,-9.701699257E0,-2.279163599E-1
4.882064516E1,-1.034297585E0,-9.692128181E0,-2.446661144E-1
4.884091339E1,-9.864411354E-1,-9.706484795E0,-2.685943544E-1
4.886131339E1,-9.672985673E-1,-9.716055870E0,-2.997010350E-1
4.888144990E1,-9.601200819E-1,-9.771091461E0,-3.068794906E-1
4.890171813E1,-9.744769931E-1,-9.795019150E0,-2.925225794E-1
4.892198636E1,-1.017547846E0,-9.797411919E0,-2.757728100E-1
4.894225068E1,-1.043868899E0,-9.783055305E0,-2.231307179E-1
4.896248438E1,-1.005583763E0,-9.792626381E0,-1.489532143E-1
4.898279172E1,-9.744769931E-1,-9.790233612E0,-1.537388563E-1
4.900305984E1,-9.481559992E-1,-9.775876999E0,-1.824527234E-1
4.902332802E1,-9.768698215E-1,-9.766305923E0,-1.872383654E-1
4.904359630E1,-9.816554785E-1,-9.768698692E0,-2.470589429E-1
4.906399625E1,-1.017547846E0,-9.785448074E0,-2.566302419E-1
4.908413261E1,-1.048654556E0,-9.785448074E0,-2.685943544E-1
4.910440084E1,-1.058225870E0,-9.802198410E0,-2.853440940E-1
4.912466901E1,-1.041476011E0,-9.763913155E0,-2.662015259E-1
4.914493724E1,-9.768698215E-1,-9.747162819E0,-2.494517565E-1
4.916520547E1,-9.122636318E-1,-9.732806206E0,-1.896311939E-1
4.918548162E1,-9.098708034E-1,-9.778269768E0,-1.393819153E-1
4.920581912E1,-9.672985673E-1,-9.806983948E0,-1.345962733E-1
4.922600901E1,-1.063011408E0,-9.806983948E0,-1.178465188E-1
4.924627745E1,-1.091725349E0,-9.756733894E0,-1.513460279E-1
4.926654599E1,-1.067797065E0,-9.725627899E0,-2.063809484E-1
4.928681438E1,-1.007976532E0,-9.708877563E0,-2.494517565E-1
4.930708276E1,-9.672985673E-1,-9.718449593E0,-2.877369225E-1
4.932735110E1,-9.385846853E-1,-9.725627899E0,-3.116651475E-1
4.934761943E1,-9.433703423E-1,-9.742377281E0,-2.757728100E-1
4.936788781E1,-9.720842242E-1,-9.720842361E0,-2.350948304E-1
4.938815610E1,-1.017547846E0,-9.754341125E0,-1.800599098E-1
4.940842438E1,-1.077368379E0,-9.802198410E0,-1.465603858E-1
4.942869271E1,-1.086939692E0,-9.811769485E0,-1.154536903E-1
4.944896094E1,-1.041476011E0,-9.799804688E0,-1.178465188E-1
4.946922927E1,-9.984052777E-1,-9.773484230E0,-1.441675574E-1
4.948949750E1,-1.012762189E0,-9.723235130E0,-2.015953064E-1
4.950976573E1,-1.003190875E0,-9.739984512E0,-2.662015259E-1
4.953003406E1,-9.529415965E-1,-9.761520386E0,-3.164508045E-1
4.955030235E1,-8.907282352E-1,-9.773484230E0,-3.284149170E-1
4.957057063E1,-8.644071817E-1,-9.778269768E0,-2.877369225E-1
4.959083891E1,-8.979067206E-1,-9.761520386E0,-2.494517565E-1
4.961110714E1,-1.003190875E0,-9.754341125E0,-2.087737769E-1
4.963137537E1,-1.065404296E0,-9.735198975E0,-1.752742529E-1
4.965164370E1,-1.058225870E0,-9.768698692E0,-1.752742529E-1
4.967191198E1,-9.864411354E-1,-9.761520386E0,-2.087737769E-1
4.969218021E1,-9.385846853E-1,-9.716055870E0,-2.327020019E-1
4.971244849E1,-9.266205430E-1,-9.747162819E0,-2.685943544E-1
4.973271677E1,-9.314061999E-1,-9.739984512E0,-2.781656384E-1
4.975298505E1,-9.314061999E-1,-9.747162819E0,-2.685943544E-1
4.977325334E1,-9.625129104E-1,-9.797411919E0,-2.039881349E-1
4.979352162E1,-1.003190875E0,-9.818947792E0,-1.872383654E-1
4.981378990E1,-1.048654556E0,-9.802198410E0,-1.776670814E-1
4.983405818E1,-1.046261668E0,-9.795019150E0,-1.848455518E-1
4.985445818E1,-1.029511929E0,-9.766305923E0,-2.087737769E-1
4.987459474E1,-9.696913958E-1,-9.787840843E0,-2.279163599E-1
4.989499474E1,-9.409775138E-1,-9.823733330E0,-2.446661144E-1
4.991513130E1,-9.050851464E-1,-9.838089943E0,-2.542374134E-1
4.993539959E1,-8.787640929E-1,-9.828518867E0,-2.566302419E-1
4.995566787E1,-9.218349457E-1,-9.806983948E0,-2.470589429E-1
4.997593615E1,-9.433703423E-1,-9.787840843E0,-2.303091735E-1
4.999620438E1,-9.529415965E-1,-9.766305923E0,-1.992024779E-1
5.001647271E1,-9.385846853E-1,-9.773484230E0,-2.231307179E-1
5.003674099E1,-9.385846853E-1,-9.828518867E0,-2.255235314E-1
5.005700922E1,-1.024726272E0,-9.912267685E0,-2.566302419E-1
5.007727750E1,-1.168295622E0,-9.929018021E0,-2.446661144E-1
5.009754584E1,-1.204187989E0,-9.850054741E0,-2.159522474E-1
5.011781417E1,-1.070189953E0,-9.699306488E0,-2.350948304E-1
5.013808245E1,-8.859425783E-1,-9.672985077E0,-2.542374134E-1
5.015846953E1,-7.974081635E-1,-9.689735413E0,-2.949153781E-1
5.017861901E1,-7.704889178E-1,-9.706484795E0,-3.762713671E-1
5.019888729E1,-6.412764788E-1,-9.749555588E0,-3.978067636E-1
5.021915558E1,-5.096712112E-1,-9.806983948E0,-3.547359705E-1
5.023942386E1,-6.029912829E-1,-9.897911072E0,-2.183450609E-1
5.025983177E1,-9.816554785E-1,-9.952945709E0,-1.369891018E-1
5.028010901E1,-1.347757339E0,-1.003669453E1,-1.968096644E-1
5.030022182E1,-1.539183140E0,-9.988838196E0,-2.781656384E-1
5.032049151E1,-1.433898926E0,-9.704092026E0,-2.997010350E-1
5.034075974E1,-1.058225870E0,-9.428917885E0,-2.422732860E-1
5.036116094E1,-6.915257573E-1,-9.388239861E0,-2.087737769E-1
5.038129834E1,-5.599204898E-1,-9.586843491E0,-1.944168359E-1
5.040156740E1,-8.452646136E-1,-9.823733330E0,-1.800599098E-1
5.042183625E1,-1.173081279E0,-9.962516785E0,-1.752742529E-1
5.044210448E1,-1.400399446E0,-1.000080204E1,-1.369891018E-1
5.046250495E1,-1.486541033E0,-9.921838760E0,-1.513460279E-1
5.048264188E1,-1.443470240E0,-9.744770050E0,-1.657029688E-1
5.050291052E1,-1.268794179E0,-9.555737495E0,-1.585244983E-1
5.052317875E1,-1.051047325E0,-9.548559189E0,-1.992024779E-1
5.054357896E1,-8.907282352E-1,-9.637093544E0,-2.279163599E-1
5.056371573E1,-8.117650747E-1,-9.737591743E0,-2.494517565E-1
5.058398417E1,-1.003190875E0,-9.818947792E0,-2.446661144E-1
5.060425266E1,-1.285543919E0,-9.859625816E0,-2.470589429E-1
5.062452104E1,-1.474576950E0,-9.873982430E0,-2.542374134E-1
5.064478938E1,-1.515254974E0,-9.823733330E0,-2.111666054E-1
5.066505776E1,-1.319043517E0,-9.598808289E0,-1.992024779E-1
5.068532615E1,-9.960124493E-1,-9.409774780E0,-1.800599098E-1
5.070559443E1,-6.293123364E-1,-9.450452805E0,-2.279163599E-1
5.072586276E1,-7.369893789E-1,-9.744770050E0,-1.896311939E-1
5.074613110E1,-1.374078393E0,-1.009890842E1,-1.393819153E-1
5.076653115E1,-1.788036704E0,-1.026161957E1,-1.752742529E-1
5.078666766E1,-1.687538147E0,-1.024247742E1,-2.446661144E-1
5.080693599E1,-1.479362607E0,-9.907482147E0,-2.063809484E-1
5.082720433E1,-9.266205430E-1,-9.323035240E0,-1.298106313E-1
5.084747261E1,-3.804588020E-1,-9.067003250E0,-1.274178028E-1
5.086774094E1,-3.134597540E-1,-9.325428009E0,-1.417747438E-1
5.088800922E1,-7.680960894E-1,-9.768698692E0,-1.369891018E-1
5.090827750E1,-1.342971683E0,-1.017069244E1,-1.106680483E-1
5.092854584E1,-1.915454507E0,-1.028076267E1,-1.202393398E-1
5.094881412E1,-1.972882271E0,-1.002473068E1,-1.417747438E-1
5.096908245E1,-1.668395638E0,-9.639486313E0,-1.896311939E-1
5.098935073E1,-1.201795220E0,-9.325428009E0,-3.236292601E-1
5.100961906E1,-9.026923180E-1,-9.203393936E0,-3.882354796E-1
5.102988740E1,-7.830511928E-1,-9.332606316E0,-3.930211067E-1
5.105015568E1,-7.250252366E-1,-9.572486877E0,-3.260220885E-1
5.107042401E1,-7.998009920E-1,-9.826126099E0,-2.949153781E-1
5.109069229E1,-1.017547846E0,-9.993623734E0,-2.111666054E-1
5.111096063E1,-1.266401410E0,-9.938589096E0,-1.465603858E-1
5.113122891E1,-1.438684583E0,-9.814162254E0,-1.680957973E-1
5.115149719E1,-1.575075507E0,-9.756733894E0,-2.255235314E-1
5.117176552E1,-1.625324726E0,-9.684949875E0,-2.327020019E-1
5.119203386E1,-1.510469317E0,-9.625128746E0,-2.805584669E-1
5.121243386E1,-1.350150228E0,-9.622735977E0,-3.164508045E-1
5.123257047E1,-1.168295622E0,-9.728020668E0,-3.834498227E-1
5.125283875E1,-1.067797065E0,-9.869196892E0,-4.073780477E-1
5.127310709E1,-1.046261668E0,-9.974481583E0,-3.978067636E-1
5.129337537E1,-1.063011408E0,-9.957731247E0,-3.044866920E-1
5.131364370E1,-9.984052777E-1,-9.902696609E0,-1.369891018E-1
5.133391198E1,-9.840483069E-1,-9.862018585E0,-4.606183618E-2
5.135418031E1,-1.074975610E0,-9.883553505E0,-4.606183618E-2
5.137444860E1,-1.141974568E0,-9.857233047E0,-5.802594870E-2
5.139471693E1,-1.110867858E0,-9.739984512E0,-7.477571070E-2
5.141498521E1,-1.007976532E0,-9.696913719E0,-1.178465188E-1
5.143525354E1,-9.314061999E-1,-9.696913719E0,-1.944168359E-1
5.145552188E1,-8.859425783E-1,-9.615557671E0,-2.518445849E-1
5.147579016E1,-8.333004713E-1,-9.582057953E0,-2.901297510E-1
5.149605849E1,-8.955138922E-1,-9.708877563E0,-2.973082066E-1
5.151632677E1,-9.984052777E-1,-9.873982430E0,-3.523431420E-1
5.153659511E1,-1.089332461E0,-1.001515961E1,-3.738785386E-1
5.155686339E1,-1.007976532E0,-9.986445427E0,-3.308077157E-1
5.157713172E1,-8.476574421E-1,-9.914660454E0,-2.949153781E-1
5.159740000E1,-7.830511928E-1,-9.900303841E0,-1.968096644E-1
5.161766834E1,-9.050851464E-1,-9.771091461E0,-1.800599098E-1
5.163793662E1,-1.086939692E0,-9.617950439E0,-1.848455518E-1
5.165833662E1,-1.125224829E0,-9.560523033E0,-2.494517565E-1
5.167847328E1,-1.046261668E0,-9.605986595E0,-2.805584669E-1
5.169874156E1,-9.266205430E-1,-9.704092026E0,-2.973082066E-1
5.171900984E1,-9.290133715E-1,-9.730413437E0,-2.973082066E-1
5.173927823E1,-1.029511929E0,-9.759127617E0,-3.427718580E-1
5.175967823E1,-1.187438250E0,-9.768698692E0,-3.595215976E-1
5.177981485E1,-1.285543919E0,-9.795019150E0,-3.619144261E-1
5.180008313E1,-1.206580877E0,-9.816555023E0,-3.068794906E-1
5.182035146E1,-1.053440213E0,-9.780662537E0,-2.542374134E-1
5.184061979E1,-9.050851464E-1,-9.783055305E0,-2.327020019E-1
5.186101979E1,-8.500502706E-1,-9.768698692E0,-2.374876440E-1
5.188115641E1,-8.404789567E-1,-9.773484230E0,-1.944168359E-1
5.190142474E1,-8.428717852E-1,-9.799804688E0,-1.680957973E-1
5.192169302E1,-8.835497499E-1,-9.804591179E0,-2.183450609E-1
5.194196136E1,-1.003190875E0,-9.763913155E0,-2.709871531E-1
5.196236136E1,-1.031904817E0,-9.754341125E0,-3.571287692E-1
5.198249802E1,-1.058225870E0,-9.747162819E0,-3.930211067E-1
5.200276630E1,-1.060618639E0,-9.799804688E0,-4.145565331E-1
5.202303464E1,-1.163509965E0,-9.940981865E0,-4.097708762E-1
5.204330297E1,-1.264008522E0,-1.001994514E1,-3.954139352E-1
5.206370297E1,-1.244866014E0,-9.943374634E0,-3.475574851E-1
5.208383958E1,-1.086939692E0,-9.723235130E0,-2.470589429E-1
5.210410792E1,-7.728816867E-1,-9.582057953E0,-1.489532143E-1
5.212437625E1,-5.359922647E-1,-9.548559189E0,-1.489532143E-1
5.214464453E1,-4.929214716E-1,-9.543772697E0,-1.992024779E-1
5.216491287E1,-6.388836503E-1,-9.613164902E0,-2.614158690E-1
5.218518120E1,-9.433703423E-1,-9.704092026E0,-3.092723191E-1
5.220544948E1,-1.254437327E0,-9.797411919E0,-3.571287692E-1
5.222571781E1,-1.450648785E0,-9.821340561E0,-3.858426511E-1
5.224598615E1,-1.505683661E0,-9.759127617E0,-3.690928817E-1
5.226625448E1,-1.429113269E0,-9.622735977E0,-3.906283081E-1
5.228652276E1,-1.304686546E0,-9.574879646E0,-4.336991012E-1
5.230679110E1,-1.144367456E0,-9.608379364E0,-4.911268353E-1
5.232705943E1,-1.005583763E0,-9.656235695E0,-4.624129832E-1
5.234732771E1,-9.625129104E-1,-9.768698692E0,-3.475574851E-1
5.236759604E1,-1.029511929E0,-9.986445427E0,-1.824527234E-1
5.238786432E1,-1.125224829E0,-1.009651470E1,-7.477571070E-2
5.240813266E1,-1.125224829E0,-9.993623734E0,-5.084748194E-2
5.242840099E1,-1.012762189E0,-9.818947792E0,-6.520441920E-2
5.244866927E1,-1.019940615E0,-9.723235130E0,-1.250249892E-1
5.246893761E1,-1.127617717E0,-9.749555588E0,-2.327020019E-1
5.248920594E1,-1.125224829E0,-9.802198410E0,-3.475574851E-1
5.250947422E1,-9.816554785E-1,-9.795019150E0,-4.217349887E-1
5.252974255E1,-8.189435601E-1,-9.790233612E0,-4.839483798E-1
5.255001089E1,-6.963114142E-1,-9.802198410E0,-4.983053207E-1
5.257027922E1,-7.345965505E-1,-9.802198410E0,-4.791627228E-1
5.259067922E1,-8.500502706E-1,-9.835697174E0,-4.193421602E-1
5.261081584E1,-9.768698215E-1,-9.897911072E0,-3.954139352E-1
5.263108412E1,-1.046261668E0,-9.960124016E0,-3.403790295E-1
5.265135245E1,-1.043868899E0,-9.862018585E0,-3.188436031E-1
5.267162078E1,-1.036690354E0,-9.658628464E0,-3.308077157E-1
5.269188912E1,-1.067797065E0,-9.538987160E0,-3.260220885E-1
5.271215740E1,-1.132403374E0,-9.538987160E0,-3.379862010E-1
5.273242573E1,-1.199402332E0,-9.555737495E0,-3.643072546E-1
5.275269406E1,-1.223330617E0,-9.632308006E0,-3.834498227E-1
5.277296234E1,-1.237687469E0,-9.711270332E0,-3.930211067E-1
5.279323068E1,-1.275972724E0,-9.783055305E0,-3.690928817E-1
5.281349901E1,-1.374078393E0,-9.795019150E0,-3.020938635E-1
5.283376724E1,-1.488933921E0,-9.787840843E0,-2.231307179E-1
5.285403563E1,-1.536790371E0,-9.811769485E0,-1.106680483E-1
5.287430396E1,-1.467398524E0,-9.778269768E0,-5.563312769E-2
5.289457229E1,-1.340578914E0,-9.720842361E0,-4.845465720E-2
5.291484063E1,-1.264008522E0,-9.661021233E0,-1.034895778E-1
5.293510891E1,-1.177866936E0,-9.677771568E0,-1.585244983E-1
5.295537724E1,-1.084546804E0,-9.723235130E0,-2.398804724E-1
5.297564558E1,-9.672985673E-1,-9.768698692E0,-3.044866920E-1
5.299591386E1,-8.883354068E-1,-9.816555023E0,-3.930211067E-1
5.301618219E1,-8.955138922E-1,-9.850054741E0,-4.241278172E-1
5.303645052E1,-9.314061999E-1,-9.780662537E0,-3.786641955E-1
5.305671886E1,-9.385846853E-1,-9.713663101E0,-3.116651475E-1
5.307698714E1,-8.835497499E-1,-9.684949875E0,-2.733799815E-1
5.309725547E1,-8.572286963E-1,-9.646664619E0,-2.757728100E-1
5.311752380E1,-8.380861282E-1,-9.627521515E0,-3.092723191E-1
5.313778813E1,-8.476574421E-1,-9.651450157E0,-3.499503136E-1
5.315802188E1,-8.907282352E-1,-9.768698692E0,-3.858426511E-1
5.317832932E1,-9.529415965E-1,-9.938589096E0,-4.073780477E-1
5.319859755E1,-9.888339639E-1,-1.001994514E1,-4.336991012E-1
5.321886578E1,-1.072582722E0,-9.885947227E0,-4.025924206E-1
5.323913417E1,-1.127617717E0,-9.663414001E0,-3.260220885E-1
5.325953406E1,-1.115653515E0,-9.567701340E0,-2.590230405E-1
5.327967063E1,-1.019940615E0,-9.613164902E0,-2.685943544E-1
5.329993891E1,-9.529415965E-1,-9.804591179E0,-3.140579760E-1
5.332020719E1,-9.912267923E-1,-1.001276588E1,-3.619144261E-1
5.334047552E1,-1.110867858E0,-1.008694363E1,-3.834498227E-1
5.336087552E1,-1.170688510E0,-9.929018021E0,-3.595215976E-1
5.338101214E1,-1.079761267E0,-9.723235130E0,-3.020938635E-1
5.340128047E1,-9.625129104E-1,-9.519845009E0,-2.685943544E-1
5.342154875E1,-9.457631707E-1,-9.469595909E0,-2.685943544E-1
5.344181709E1,-1.094118118E0,-9.505488396E0,-3.092723191E-1
5.346221709E1,-1.264008522E0,-9.591629982E0,-2.805584669E-1
5.348235370E1,-1.311864972E0,-9.749555588E0,-2.805584669E-1
5.350262209E1,-1.299900889E0,-9.950552940E0,-3.212364316E-1
5.352289042E1,-1.264008522E0,-1.003908730E1,-4.025924206E-1
5.354315875E1,-1.177866936E0,-9.993623734E0,-4.049852192E-1
5.356355875E1,-1.141974568E0,-9.845269203E0,-3.810569942E-1
5.358369537E1,-1.046261668E0,-9.701699257E0,-3.403790295E-1
5.360396370E1,-8.739784956E-1,-9.613164902E0,-2.781656384E-1
5.362423203E1,-7.902296782E-1,-9.625128746E0,-2.733799815E-1
5.364450042E1,-8.117650747E-1,-9.682557106E0,-3.427718580E-1
5.366476875E1,-9.840483069E-1,-9.694520950E0,-4.265206456E-1
5.368503709E1,-1.187438250E0,-9.742377281E0,-4.863412082E-1
5.370530542E1,-1.311864972E0,-9.785448074E0,-4.935196638E-1
5.372557375E1,-1.388435364E0,-9.821340561E0,-5.126622319E-1
5.374584214E1,-1.326221943E0,-9.818947792E0,-5.318048596E-1
5.376611047E1,-1.118046403E0,-9.842875481E0,-5.078766346E-1
5.378637886E1,-8.715856671E-1,-9.869196892E0,-4.743770957E-1
5.380664719E1,-6.317051649E-1,-9.881160736E0,-3.810569942E-1
5.382691552E1,-4.833501875E-1,-9.842875481E0,-2.781656384E-1
5.384718391E1,-4.713860750E-1,-9.845269203E0,-1.848455518E-1
5.386745224E1,-5.575276613E-1,-9.830911636E0,-9.870393574E-2
5.388772058E1,-7.489534616E-1,-9.816555023E0,-5.324030295E-2
5.390798896E1,-9.960124493E-1,-9.761520386E0,-1.776670814E-1
5.392825735E1,-1.240080357E0,-9.701699257E0,-3.475574851E-1
5.394852568E1,-1.347757339E0,-9.704092026E0,-4.815555513E-1
5.396879420E1,-1.345364571E0,-9.799804688E0,-5.294120312E-1
5.398906258E1,-1.259222865E0,-9.873982430E0,-5.485545993E-1
5.400933092E1,-1.216152072E0,-9.864411354E0,-5.270192027E-1
5.402959930E1,-1.228116274E0,-9.742377281E0,-4.863412082E-1
5.404986769E1,-1.252044439E0,-9.620343208E0,-4.217349887E-1
5.407013602E1,-1.249651670E0,-9.536594391E0,-3.619144261E-1
5.409040440E1,-1.271187067E0,-9.536594391E0,-2.973082066E-1
5.411067279E1,-1.302293777E0,-9.632308006E0,-2.925225794E-1
5.413094112E1,-1.347757339E0,-9.699306488E0,-3.092723191E-1
5.415120951E1,-1.398006678E0,-9.737591743E0,-3.236292601E-1
5.417147790E1,-1.340578914E0,-9.744770050E0,-3.475574851E-1
5.419174623E1,-1.170688510E0,-9.754341125E0,-3.834498227E-1
5.421201461E1,-9.696913958E-1,-9.723235130E0,-4.289134443E-1
5.423228300E1,-8.333004713E-1,-9.785448074E0,-4.600201547E-1
5.425255139E1,-7.704889178E-1,-9.830911636E0,-4.552344978E-1
5.427281977E1,-8.045865893E-1,-9.838089943E0,-4.384847581E-1
5.429308816E1,-8.907282352E-1,-9.780662537E0,-3.523431420E-1
5.431335654E1,-9.649057388E-1,-9.725627899E0,-2.614158690E-1
5.433362487E1,-1.005583763E0,-9.696913719E0,-2.327020019E-1
5.435402487E1,-1.036690354E0,-9.737591743E0,-2.733799815E-1
5.437416164E1,-1.086939692E0,-9.747162819E0,-3.427718580E-1
5.439443003E1,-1.120439172E0,-9.780662537E0,-3.810569942E-1
5.441469842E1,-1.046261668E0,-9.814162254E0,-4.169493318E-1
5.443496680E1,-9.218349457E-1,-9.768698692E0,-4.911268353E-1
5.445523519E1,-7.950153351E-1,-9.732806206E0,-4.935196638E-1
5.447550368E1,-6.987041831E-1,-9.742377281E0,-4.887340367E-1
5.449577206E1,-6.412764788E-1,-9.732806206E0,-5.102694035E-1
5.451604045E1,-5.958128572E-1,-9.759127617E0,-5.222335458E-1
5.453630883E1,-5.431707501E-1,-9.799804688E0,-5.653043389E-1
5.455657722E1,-4.809573591E-1,-9.852447510E0,-5.485545993E-1
5.457684560E1,-4.283152521E-1,-9.893125534E0,-4.911268353E-1
5.459711399E1,-3.804588020E-1,-9.936196327E0,-4.791627228E-1
5.461738237E1,-3.302095234E-1,-9.931410789E0,-4.121637046E-1
5.463778237E1,-3.302095234E-1,-9.902696609E0,-3.140579760E-1
5.465791914E1,-4.498506486E-1,-9.869196892E0,-2.614158690E-1
5.467818753E1,-6.197410822E-1,-9.869196892E0,-2.494517565E-1
5.469845592E1,-7.902296782E-1,-9.895518303E0,-2.685943544E-1
5.471872430E1,-9.505487680E-1,-9.900303841E0,-3.403790295E-1
5.473899274E1,-1.094118118E0,-9.862018585E0,-3.810569942E-1
5.475939274E1,-1.232901812E0,-9.775876999E0,-4.217349887E-1
5.477952951E1,-1.357328653E0,-9.620343208E0,-4.743770957E-1
5.479979790E1,-1.400399446E0,-9.546165466E0,-4.839483798E-1
5.482006628E1,-1.362114310E0,-9.584450722E0,-4.695914388E-1
5.484033472E1,-1.307079315E0,-9.634700775E0,-4.767699242E-1
5.486073472E1,-1.216152072E0,-9.694520950E0,-4.767699242E-1
5.488087149E1,-1.125224829E0,-9.778269768E0,-4.313062727E-1
5.490113987E1,-1.055832982E0,-9.864411354E0,-3.690928817E-1
5.492140826E1,-1.019940615E0,-9.921838760E0,-2.662015259E-1
5.494167670E1,-1.031904817E0,-9.888339996E0,-1.345962733E-1
5.496207670E1,-1.015154958E0,-9.811769485E0,-7.716853172E-2
5.498221347E1,-9.266205430E-1,-9.778269768E0,-9.870393574E-2
5.500248190E1,-7.830511928E-1,-9.818947792E0,-1.274178028E-1
5.502275029E1,-7.106683254E-1,-9.878767967E0,-1.896311939E-1
5.504301868E1,-7.202396393E-1,-9.878767967E0,-2.374876440E-1
5.506341868E1,-7.609176040E-1,-9.878767967E0,-2.542374134E-1
5.508355545E1,-7.680960894E-1,-9.840482712E0,-2.949153781E-1
5.510382389E1,-6.675975323E-1,-9.806983948E0,-3.260220885E-1
5.512409227E1,-5.383850932E-1,-9.783055305E0,-3.667000830E-1
5.514436071E1,-4.498506486E-1,-9.761520386E0,-3.810569942E-1
5.516462909E1,-4.019941986E-1,-9.718449593E0,-3.978067636E-1
5.518489748E1,-4.426721931E-1,-9.663414001E0,-3.044866920E-1
5.520516586E1,-5.862415433E-1,-9.644271851E0,-2.614158690E-1
5.522543430E1,-8.261220455E-1,-9.644271851E0,-2.255235314E-1
5.524570269E1,-1.058225870E0,-9.675378799E0,-2.255235314E-1
5.526597102E1,-1.264008522E0,-9.692128181E0,-2.590230405E-1
5.528623951E1,-1.342971683E0,-9.706484795E0,-2.805584669E-1
5.530650790E1,-1.366899967E0,-9.699306488E0,-3.188436031E-1
5.532677633E1,-1.319043517E0,-9.627521515E0,-3.595215976E-1
5.534704472E1,-1.182652593E0,-9.598808289E0,-3.475574851E-1
5.536731310E1,-1.079761267E0,-9.598808289E0,-3.403790295E-1
5.538758154E1,-1.074975610E0,-9.589237213E0,-3.020938635E-1
5.540784993E1,-1.108475089E0,-9.625128746E0,-2.781656384E-1
5.542811831E1,-1.118046403E0,-9.639486313E0,-2.614158690E-1
5.544838675E1,-1.168295622E0,-9.708877563E0,-2.207378894E-1
5.546865514E1,-1.244866014E0,-9.771091461E0,-2.398804724E-1
5.548892357E1,-1.249651670E0,-9.799804688E0,-2.733799815E-1
5.550919196E1,-1.173081279E0,-9.838089943E0,-3.379862010E-1
5.552946040E1,-1.051047325E0,-9.857233047E0,-3.643072546E-1
5.554972878E1,-8.811569214E-1,-9.876375198E0,-4.049852192E-1
5.556999717E1,-6.795616150E-1,-9.888339996E0,-4.097708762E-1
5.559026560E1,-5.192425251E-1,-9.888339996E0,-3.762713671E-1
5.561053399E1,-4.139583111E-1,-9.929018021E0,-3.499503136E-1
5.563080243E1,-3.421736360E-1,-9.926624298E0,-3.212364316E-1
5.565107081E1,-3.469592929E-1,-9.876375198E0,-3.332005441E-1
5.567133925E1,-3.996013701E-1,-9.847661972E0,-3.882354796E-1
5.569160764E1,-4.402793646E-1,-9.857233047E0,-4.480560422E-1
5.571187602E1,-4.689932466E-1,-9.883553505E0,-4.695914388E-1
5.573214446E1,-5.216353536E-1,-9.938589096E0,-5.030909777E-1
5.575241284E1,-6.317051649E-1,-9.986445427E0,-4.767699242E-1
5.577268128E1,-7.728816867E-1,-1.000558758E1,-4.863412082E-1
5.579294967E1,-8.979067206E-1,-9.933803558E0,-4.528416991E-1
5.581321810E1,-9.625129104E-1,-9.850054741E0,-4.241278172E-1
5.583348649E1,-9.744769931E-1,-9.785448074E0,-4.169493318E-1
5.585375493E1,-9.433703423E-1,-9.725627899E0,-4.217349887E-1
5.587402331E1,-9.744769931E-1,-9.675378799E0,-4.384847581E-1
5.589429170E1,-1.003190875E0,-9.649057388E0,-4.624129832E-1
5.591456014E1,-1.003190875E0,-9.658628464E0,-4.456632137E-1
5.593482852E1,-9.768698215E-1,-9.696913719E0,-4.528416991E-1
5.595509696E1,-9.505487680E-1,-9.756733894E0,-4.528416991E-1
5.597536534E1,-9.864411354E-1,-9.773484230E0,-4.217349887E-1
5.599563378E1,-1.015154958E0,-9.809376717E0,-4.121637046E-1
5.601590217E1,-9.720842242E-1,-9.828518867E0,-3.786641955E-1
5.603617060E1,-8.931210637E-1,-9.806983948E0,-3.714857101E-1
5.605643899E1,-8.021938205E-1,-9.773484230E0,-3.643072546E-1
5.607670743E1,-7.106683254E-1,-9.780662537E0,-3.236292601E-1
5.609697576E1,-6.987041831E-1,-9.828518867E0,-2.781656384E-1
5.611724425E1,-8.189435601E-1,-9.850054741E0,-2.662015259E-1
5.613751264E1,-9.625129104E-1,-9.842875481E0,-2.853440940E-1
5.615791264E1,-9.912267923E-1,-9.814162254E0,-3.140579760E-1
5.617804946E1,-9.529415965E-1,-9.732806206E0,-3.523431420E-1
5.619831790E1,-8.620143533E-1,-9.656235695E0,-3.906283081E-1
5.621858628E1,-7.950153351E-1,-9.656235695E0,-4.145565331E-1
5.623885467E1,-7.226324677E-1,-9.672985077E0,-4.313062727E-1
5.625925467E1,-6.963114142E-1,-9.656235695E0,-4.528416991E-1
5.627939154E1,-7.010970116E-1,-9.677771568E0,-4.145565331E-1
5.629965993E1,-7.274180651E-1,-9.799804688E0,-3.714857101E-1
5.631992836E1,-7.854440212E-1,-9.840482712E0,-3.140579760E-1
5.634019675E1,-7.926225066E-1,-9.830911636E0,-2.518445849E-1
5.636059675E1,-7.950153351E-1,-9.804591179E0,-1.561316848E-1
5.638073357E1,-8.548358679E-1,-9.754341125E0,-6.999006122E-2
5.640100201E1,-1.015154958E0,-9.809376717E0,-4.606183618E-2
5.642127040E1,-1.247258782E0,-9.893125534E0,-9.152546525E-2
5.644153883E1,-1.400399446E0,-9.905089378E0,-2.135594189E-1
5.646193883E1,-1.450648785E0,-9.842875481E0,-3.020938635E-1
5.648207566E1,-1.431506157E0,-9.713663101E0,-3.236292601E-1
5.650234404E1,-1.338186026E0,-9.591629982E0,-3.308077157E-1
5.652261248E1,-1.153938770E0,-9.553344727E0,-3.738785386E-1
5.654288086E1,-9.840483069E-1,-9.637093544E0,-3.571287692E-1
5.656314930E1,-9.098708034E-1,-9.799804688E0,-3.284149170E-1
5.658341769E1,-9.696913958E-1,-9.871589661E0,-2.111666054E-1
5.660381769E1,-1.122832060E0,-9.826126099E0,-9.391828626E-2
5.662395451E1,-1.211366415E0,-9.811769485E0,-4.366901144E-2
5.664422295E1,-1.187438250E0,-9.854840279E0,-5.324030295E-2
5.666449133E1,-1.141974568E0,-9.854840279E0,-7.956135273E-2
5.668475977E1,-1.110867858E0,-9.826126099E0,-1.345962733E-1
5.670502816E1,-1.101296663E0,-9.775876999E0,-1.920240223E-1
5.672529659E1,-1.077368379E0,-9.723235130E0,-2.494517565E-1
5.674556503E1,-1.043868899E0,-9.694520950E0,-3.044866920E-1
5.676596503E1,-1.031904817E0,-9.668199539E0,-3.619144261E-1
5.678610185E1,-9.768698215E-1,-9.641879082E0,-3.667000830E-1
5.680637024E1,-8.452646136E-1,-9.661021233E0,-3.714857101E-1
5.682663868E1,-8.141579032E-1,-9.737591743E0,-2.733799815E-1
5.684690706E1,-9.098708034E-1,-9.809376717E0,-1.585244983E-1
5.686717545E1,-1.051047325E0,-9.787840843E0,-6.520441920E-2
5.688744388E1,-1.103689432E0,-9.713663101E0,-5.563312769E-2
5.690771227E1,-1.084546804E0,-9.649057388E0,-7.956135273E-2
5.692798071E1,-9.816554785E-1,-9.668199539E0,-8.913264424E-2
5.694824909E1,-9.337990284E-1,-9.742377281E0,-1.322034448E-1
5.696851753E1,-9.720842242E-1,-9.811769485E0,-1.776670814E-1
5.698878592E1,-1.041476011E0,-9.895518303E0,-2.135594189E-1
5.700905430E1,-1.163509965E0,-9.962516785E0,-2.518445849E-1
5.702932269E1,-1.328614831E0,-9.883553505E0,-2.183450609E-1
5.704959102E1,-1.390828133E0,-9.718449593E0,-1.537388563E-1
5.706985956E1,-1.302293777E0,-9.646664619E0,-1.345962733E-1
5.709012795E1,-1.156331539E0,-9.639486313E0,-1.465603858E-1
5.711039638E1,-1.137188911E0,-9.692128181E0,-1.465603858E-1
5.713066477E1,-1.199402332E0,-9.785448074E0,-1.680957973E-1
5.715093321E1,-1.192223907E0,-9.816555023E0,-1.609173268E-1
5.717120159E1,-1.146760225E0,-9.759127617E0,-1.130608693E-1
5.719146998E1,-1.072582722E0,-9.720842361E0,-9.631111473E-2
5.721173836E1,-1.053440213E0,-9.706484795E0,-1.010967568E-1
5.723200680E1,-1.103689432E0,-9.756733894E0,-1.274178028E-1
5.725227519E1,-1.134796143E0,-9.771091461E0,-1.704886109E-1
5.727254362E1,-1.132403374E0,-9.735198975E0,-1.585244983E-1
5.729281201E1,-1.070189953E0,-9.713663101E0,-1.393819153E-1
5.731308040E1,-1.034297585E0,-9.735198975E0,-1.513460279E-1
5.733334883E1,-1.053440213E0,-9.778269768E0,-1.704886109E-1
5.735361722E1,-1.094118118E0,-9.787840843E0,-1.728814393E-1
5.737388566E1,-1.146760225E0,-9.804591179E0,-1.704886109E-1
5.739415404E1,-1.089332461E0,-9.814162254E0,-1.082752272E-1
5.741442243E1,-9.601200819E-1,-9.816555023E0,-9.870393574E-2
5.743469086E1,-8.644071817E-1,-9.790233612E0,-1.465603858E-1
5.745495925E1,-8.596215248E-1,-9.787840843E0,-1.968096644E-1
5.747522764E1,-8.787640929E-1,-9.792626381E0,-2.303091735E-1
5.749549607E1,-8.596215248E-1,-9.809376717E0,-2.039881349E-1
5.751576446E1,-8.428717852E-1,-9.766305923E0,-1.633101404E-1
5.753603284E1,-8.596215248E-1,-9.747162819E0,-1.657029688E-1
5.755630128E1,-9.385846853E-1,-9.737591743E0,-2.039881349E-1
5.757656967E1,-9.936196208E-1,-9.744770050E0,-2.446661144E-1
5.759683805E1,-1.000798106E0,-9.773484230E0,-2.422732860E-1
5.761710644E1,-9.912267923E-1,-9.802198410E0,-1.992024779E-1
5.763737487E1,-9.840483069E-1,-9.759127617E0,-2.111666054E-1
5.765764331E1,-9.337990284E-1,-9.692128181E0,-2.135594189E-1
5.767791170E1,-8.787640929E-1,-9.682557106E0,-1.872383654E-1
5.769818008E1,-8.739784956E-1,-9.763913155E0,-1.609173268E-1
5.771844852E1,-9.720842242E-1,-9.936196327E0,-2.207378894E-1
5.773871691E1,-1.101296663E0,-1.002712345E1,-2.279163599E-1
5.775911691E1,-1.242473125E0,-9.871589661E0,-2.159522474E-1
5.777925373E1,-1.249651670E0,-9.617950439E0,-1.800599098E-1
5.779952211E1,-1.113260746E0,-9.493523598E0,-1.968096644E-1
5.781979050E1,-9.888339639E-1,-9.560523033E0,-2.446661144E-1
5.784005894E1,-9.936196208E-1,-9.684949875E0,-2.949153781E-1
5.786045894E1,-9.577272534E-1,-9.797411919E0,-2.901297510E-1
5.788059571E1,-9.457631707E-1,-9.830911636E0,-2.398804724E-1
5.790086415E1,-9.146564603E-1,-9.850054741E0,-9.631111473E-2
5.792113253E1,-9.146564603E-1,-9.845269203E0,1.196411345E-2
5.794140092E1,-8.859425783E-1,-9.838089943E0,3.828516230E-2
5.796180092E1,-8.691928387E-1,-9.885947227E0,2.153540403E-2
5.798193774E1,-8.404789567E-1,-9.996016502E0,-3.170489892E-2
5.800220618E1,-8.021938205E-1,-1.002473068E1,-1.130608693E-1
5.802247456E1,-7.441678643E-1,-9.957731247E0,-1.704886109E-1
5.804274295E1,-6.939185858E-1,-9.833304405E0,-2.446661144E-1
5.806314295E1,-7.178468108E-1,-9.728020668E0,-3.092723191E-1
5.808327977E1,-8.333004713E-1,-9.658628464E0,-3.738785386E-1
5.810354816E1,-1.003190875E0,-9.629914284E0,-4.097708762E-1
5.812381654E1,-1.175474167E0,-9.586843491E0,-4.097708762E-1
5.814408498E1,-1.366899967E0,-9.558130264E0,-4.145565331E-1
5.816435336E1,-1.443470240E0,-9.562915802E0,-4.097708762E-1
5.818462180E1,-1.307079315E0,-9.680164337E0,-3.930211067E-1
5.820489019E1,-1.070189953E0,-9.797411919E0,-3.643072546E-1
5.822515857E1,-9.433703423E-1,-9.859625816E0,-2.781656384E-1
5.824542696E1,-8.620143533E-1,-9.862018585E0,-8.195417374E-2
5.826569534E1,-8.261220455E-1,-9.854840279E0,7.178468257E-2
5.828596378E1,-7.806583643E-1,-9.869196892E0,1.148554832E-1
5.830623217E1,-7.633104324E-1,-9.862018585E0,9.332008660E-2
5.832650055E1,-7.513462901E-1,-9.816555023E0,1.914258115E-2
5.834676899E1,-7.633104324E-1,-9.804591179E0,-1.178465188E-1
5.836703737E1,-7.806583643E-1,-9.799804688E0,-2.327020019E-1
5.838730576E1,-7.974081635E-1,-9.785448074E0,-3.355933726E-1
5.840757420E1,-7.704889178E-1,-9.759127617E0,-4.265206456E-1
5.842784258E1,-7.274180651E-1,-9.747162819E0,-4.815555513E-1
5.844811097E1,-7.034898400E-1,-9.749555588E0,-5.413761139E-1
5.846837935E1,-7.298108935E-1,-9.742377281E0,-5.461617708E-1
5.848864779E1,-7.752745152E-1,-9.744770050E0,-5.246263742E-1
5.850891618E1,-8.213363886E-1,-9.763913155E0,-5.294120312E-1
5.852918456E1,-8.285148144E-1,-9.799804688E0,-5.054838061E-1
5.854945295E1,-8.309076428E-1,-9.804591179E0,-3.882354796E-1
5.856972138E1,-8.739784956E-1,-9.785448074E0,-1.322034448E-1
5.858998977E1,-9.744769931E-1,-9.780662537E0,3.110669367E-2
5.861025816E1,-1.029511929E0,-9.823733330E0,6.699903309E-2
5.863052654E1,-9.601200819E-1,-9.814162254E0,-0.000000000E0
5.865079493E1,-8.691928387E-1,-9.775876999E0,-1.345962733E-1
5.867106336E1,-8.452646136E-1,-9.749555588E0,-2.422732860E-1
5.869133175E1,-9.074779749E-1,-9.751948357E0,-2.925225794E-1
5.871160014E1,-9.385846853E-1,-9.809376717E0,-2.805584669E-1
5.873186852E1,-9.553344250E-1,-9.859625816E0,-2.638086975E-1
5.875226852E1,-1.019940615E0,-9.881160736E0,-2.901297510E-1
5.877240534E1,-1.043868899E0,-9.845269203E0,-2.997010350E-1
5.879267373E1,-9.960124493E-1,-9.768698692E0,-2.733799815E-1
5.881294217E1,-8.739784956E-1,-9.732806206E0,-2.183450609E-1
5.883321847E1,-7.926225066E-1,-9.725627899E0,-2.015953064E-1
5.885355607E1,-7.728816867E-1,-9.735198975E0,-2.063809484E-1
5.887374618E1,-8.045865893E-1,-9.763913155E0,-2.733799815E-1
5.889401482E1,-8.404789567E-1,-9.778269768E0,-3.140579760E-1
5.891428342E1,-8.380861282E-1,-9.787840843E0,-3.164508045E-1
5.893455196E1,-8.021938205E-1,-9.783055305E0,-3.499503136E-1
5.895482050E1,-7.704889178E-1,-9.747162819E0,-3.619144261E-1
5.897508899E1,-7.585247755E-1,-9.744770050E0,-3.523431420E-1
5.899535743E1,-7.776673436E-1,-9.756733894E0,-3.188436031E-1
5.901562592E1,-8.691928387E-1,-9.795019150E0,-2.805584669E-1
5.903589435E1,-9.553344250E-1,-9.792626381E0,-2.566302419E-1
5.905616279E1,-1.010369420E0,-9.783055305E0,-2.159522474E-1
5.907656279E1,-9.912267923E-1,-9.783055305E0,-1.896311939E-1
5.909669956E1,-9.026923180E-1,-9.763913155E0,-2.374876440E-1
5.911696800E1,-8.859425783E-1,-9.773484230E0,-2.279163599E-1
5.913723638E1,-9.122636318E-1,-9.778269768E0,-2.327020019E-1
5.915750482E1,-9.792626500E-1,-9.749555588E0,-2.470589429E-1
5.917777326E1,-1.007976532E0,-9.739984512E0,-2.662015259E-1
5.919804164E1,-9.840483069E-1,-9.759127617E0,-3.044866920E-1
5.921831003E1,-9.218349457E-1,-9.795019150E0,-3.188436031E-1
5.923857842E1,-8.835497499E-1,-9.783055305E0,-3.212364316E-1
5.925897842E1,-9.194421172E-1,-9.766305923E0,-2.614158690E-1
5.927911524E1,-9.409775138E-1,-9.739984512E0,-2.039881349E-1
5.929938362E1,-9.433703423E-1,-9.742377281E0,-1.369891018E-1
5.931965201E1,-9.218349457E-1,-9.737591743E0,-1.298106313E-1
5.933992040E1,-9.314061999E-1,-9.751948357E0,-1.657029688E-1
5.936032040E1,-9.960124493E-1,-9.780662537E0,-1.824527234E-1
5.938045722E1,-1.065404296E0,-9.821340561E0,-2.159522474E-1
5.940072560E1,-1.084546804E0,-9.835697174E0,-2.087737769E-1
5.942099399E1,-1.120439172E0,-9.792626381E0,-2.303091735E-1
5.944126237E1,-1.082154036E0,-9.766305923E0,-2.542374134E-1
5.946166243E1,-1.000798106E0,-9.795019150E0,-2.662015259E-1
5.948179925E1,-9.242277741E-1,-9.850054741E0,-2.901297510E-1
5.950206764E1,-8.668000102E-1,-9.847661972E0,-2.470589429E-1
5.952233602E1,-8.428717852E-1,-9.780662537E0,-1.992024779E-1
5.954260441E1,-8.069794178E-1,-9.732806206E0,-1.752742529E-1
5.956287279E1,-7.728816867E-1,-9.761520386E0,-2.207378894E-1
5.958314118E1,-7.609176040E-1,-9.771091461E0,-2.662015259E-1
5.960340956E1,-7.854440212E-1,-9.773484230E0,-3.044866920E-1
5.962367800E1,-8.237292171E-1,-9.775876999E0,-3.284149170E-1
5.964394639E1,-8.476574421E-1,-9.773484230E0,-3.451646566E-1
5.966421477E1,-8.309076428E-1,-9.778269768E0,-3.188436031E-1
5.968448316E1,-8.380861282E-1,-9.747162819E0,-3.140579760E-1
5.970475154E1,-8.596215248E-1,-9.716055870E0,-3.236292601E-1
5.972501993E1,-8.572286963E-1,-9.735198975E0,-3.236292601E-1
5.974528836E1,-8.572286963E-1,-9.728020668E0,-3.140579760E-1
5.976568836E1,-8.931210637E-1,-9.723235130E0,-3.164508045E-1
5.978582514E1,-8.979067206E-1,-9.720842361E0,-2.829512656E-1
5.980609352E1,-9.074779749E-1,-9.737591743E0,-2.805584669E-1
5.982636191E1,-9.266205430E-1,-9.756733894E0,-2.901297510E-1
5.984663029E1,-9.481559992E-1,-9.804591179E0,-3.140579760E-1
5.986689868E1,-9.696913958E-1,-9.790233612E0,-3.212364316E-1
5.988716706E1,-9.960124493E-1,-9.768698692E0,-3.116651475E-1
5.990743545E1,-9.601200819E-1,-9.751948357E0,-3.044866920E-1
5.992770389E1,-9.074779749E-1,-9.744770050E0,-3.044866920E-1
5.994797227E1,-9.050851464E-1,-9.790233612E0,-2.997010350E-1
5.996824066E1,-9.170492887E-1,-9.833304405E0,-3.116651475E-1
5.998850904E1,-9.385846853E-1,-9.821340561E0,-2.973082066E-1
6.000877743E1,-9.601200819E-1,-9.799804688E0,-2.949153781E-1
6.002904581E1,-9.146564603E-1,-9.778269768E0,-2.877369225E-1
6.004931420E1,-8.596215248E-1,-9.785448074E0,-3.068794906E-1
6.006958258E1,-8.907282352E-1,-9.792626381E0,-3.355933726E-1
6.008985102E1,-9.266205430E-1,-9.799804688E0,-3.714857101E-1
6.011011941E1,-9.361918569E-1,-9.790233612E0,-3.954139352E-1
6.013038779E1,-8.811569214E-1,-9.759127617E0,-3.786641955E-1
6.015065618E1,-8.213363886E-1,-9.761520386E0,-3.954139352E-1
6.017092456E1,-7.830511928E-1,-9.766305923E0,-4.049852192E-1
6.019119295E1,-7.609176040E-1,-9.790233612E0,-3.978067636E-1
6.021146133E1,-7.854440212E-1,-9.804591179E0,-3.762713671E-1
6.023172972E1,-8.691928387E-1,-9.766305923E0,-3.212364316E-1
6.025199816E1,-9.816554785E-1,-9.780662537E0,-3.140579760E-1
6.027226654E1,-9.888339639E-1,-9.809376717E0,-2.733799815E-1
6.029253493E1,-9.505487680E-1,-9.780662537E0,-3.116651475E-1
6.031280331E1,-9.074779749E-1,-9.739984512E0,-3.475574851E-1
6.033307170E1,-8.931210637E-1,-9.742377281E0,-3.571287692E-1
6.035334008E1,-8.644071817E-1,-9.756733894E0,-3.499503136E-1
6.037360847E1,-8.500502706E-1,-9.759127617E0,-3.092723191E-1
6.039387691E1,-8.596215248E-1,-9.806983948E0,-3.164508045E-1
6.041414524E1,-9.170492887E-1,-9.814162254E0,-3.332005441E-1
6.043441362E1,-9.433703423E-1,-9.792626381E0,-2.949153781E-1
6.045468201E1,-8.835497499E-1,-9.771091461E0,-2.733799815E-1
6.047495034E1,-8.069794178E-1,-9.763913155E0,-2.494517565E-1
6.049535034E1,-7.902296782E-1,-9.771091461E0,-2.662015259E-1
6.051548711E1,-8.333004713E-1,-9.787840843E0,-3.092723191E-1
6.053575550E1,-8.811569214E-1,-9.749555588E0,-3.451646566E-1
6.055602394E1,-9.074779749E-1,-9.744770050E0,-3.332005441E-1
6.057629237E1,-9.026923180E-1,-9.771091461E0,-3.332005441E-1
6.059656076E1,-8.979067206E-1,-9.811769485E0,-3.068794906E-1
6.061682915E1,-9.194421172E-1,-9.814162254E0,-3.092723191E-1
6.063709753E1,-9.433703423E-1,-9.761520386E0,-3.260220885E-1
6.065749753E1,-9.768698215E-1,-9.716055870E0,-3.260220885E-1
6.067763430E1,-9.601200819E-1,-9.771091461E0,-3.236292601E-1
6.069790269E1,-9.146564603E-1,-9.790233612E0,-3.236292601E-1
6.071817107E1,-9.242277741E-1,-9.766305923E0,-3.595215976E-1
6.073843946E1,-9.601200819E-1,-9.737591743E0,-3.403790295E-1
6.075883946E1,-9.170492887E-1,-9.744770050E0,-3.236292601E-1
6.077897623E1,-8.668000102E-1,-9.823733330E0,-3.020938635E-1
6.079924461E1,-8.859425783E-1,-9.876375198E0,-3.140579760E-1
6.081951300E1,-8.859425783E-1,-9.862018585E0,-3.284149170E-1
6.083978138E1,-7.974081635E-1,-9.804591179E0,-3.547359705E-1
6.086018139E1,-7.058826685E-1,-9.720842361E0,-3.475574851E-1
6.088031816E1,-6.747759581E-1,-9.725627899E0,-3.140579760E-1
6.090058654E1,-7.513462901E-1,-9.783055305E0,-3.116651475E-1
6.092085493E1,-8.380861282E-1,-9.818947792E0,-3.116651475E-1
6.094112331E1,-9.481559992E-1,-9.778269768E0,-2.733799815E-1
6.096152331E1,-1.106082320E0,-9.730413437E0,-2.757728100E-1
6.098166008E1,-1.244866014E0,-9.689735413E0,-2.997010350E-1
6.100192847E1,-1.292722464E0,-9.706484795E0,-3.260220885E-1
6.102219685E1,-1.211366415E0,-9.692128181E0,-3.690928817E-1
6.104246524E1,-1.034297585E0,-9.744770050E0,-4.336991012E-1
6.106286524E1,-8.787640929E-1,-9.842875481E0,-4.384847581E-1
6.108300201E1,-7.537391186E-1,-9.883553505E0,-4.001995921E-1
6.110327040E1,-7.178468108E-1,-9.790233612E0,-3.308077157E-1
6.112353878E1,-7.178468108E-1,-9.684949875E0,-2.973082066E-1
6.114380717E1,-7.034898400E-1,-9.694520950E0,-2.901297510E-1
6.116407555E1,-7.513462901E-1,-9.795019150E0,-2.997010350E-1
6.118434394E1,-8.787640929E-1,-9.866804123E0,-3.260220885E-1
6.120461232E1,-1.082154036E0,-9.914660454E0,-3.188436031E-1
6.122488071E1,-1.194616675E0,-9.847661972E0,-2.997010350E-1
6.124514904E1,-1.163509965E0,-9.739984512E0,-2.901297510E-1
6.126541737E1,-1.046261668E0,-9.661021233E0,-3.188436031E-1
6.128568576E1,-9.050851464E-1,-9.677771568E0,-3.834498227E-1
6.130595414E1,-8.668000102E-1,-9.728020668E0,-4.073780477E-1
6.132622253E1,-8.859425783E-1,-9.780662537E0,-4.001995921E-1
6.134649097E1,-8.691928387E-1,-9.840482712E0,-3.571287692E-1
6.136675935E1,-7.974081635E-1,-9.826126099E0,-3.379862010E-1
6.138702774E1,-7.082754970E-1,-9.790233612E0,-3.092723191E-1
6.140729607E1,-6.628118753E-1,-9.759127617E0,-3.092723191E-1
6.142756441E1,-7.393822074E-1,-9.744770050E0,-2.781656384E-1
6.144783279E1,-8.859425783E-1,-9.747162819E0,-2.614158690E-1
6.146810118E1,-1.019940615E0,-9.768698692E0,-2.542374134E-1
6.148836956E1,-1.089332461E0,-9.749555588E0,-2.733799815E-1
6.150863795E1,-1.103689432E0,-9.728020668E0,-3.403790295E-1
6.152890633E1,-1.043868899E0,-9.718449593E0,-3.786641955E-1
6.154917472E1,-8.907282352E-1,-9.744770050E0,-4.121637046E-1
6.156944305E1,-7.776673436E-1,-9.785448074E0,-4.073780477E-1
6.158971144E1,-7.441678643E-1,-9.821340561E0,-3.236292601E-1
6.160997982E1,-7.878368497E-1,-9.852447510E0,-2.614158690E-1
6.163024821E1,-9.026923180E-1,-9.864411354E0,-1.752742529E-1
6.165051659E1,-1.003190875E0,-9.816555023E0,-1.082752272E-1
6.167078493E1,-1.067797065E0,-9.787840843E0,-1.034895778E-1
6.169105331E1,-1.034297585E0,-9.771091461E0,-1.776670814E-1
6.171132170E1,-9.577272534E-1,-9.751948357E0,-2.542374134E-1
6.173159008E1,-8.907282352E-1,-9.759127617E0,-3.499503136E-1
6.175185847E1,-8.596215248E-1,-9.761520386E0,-4.073780477E-1
6.177212680E1,-8.763712645E-1,-9.799804688E0,-4.049852192E-1
6.179239519E1,-9.026923180E-1,-9.778269768E0,-3.595215976E-1
6.181266357E1,-9.314061999E-1,-9.754341125E0,-2.997010350E-1
6.183293196E1,-9.577272534E-1,-9.754341125E0,-2.614158690E-1
6.185320034E1,-9.577272534E-1,-9.768698692E0,-2.207378894E-1
6.187346868E1,-9.672985673E-1,-9.768698692E0,-2.327020019E-1
6.189373706E1,-9.672985673E-1,-9.759127617E0,-2.638086975E-1
6.191400545E1,-9.649057388E-1,-9.747162819E0,-2.638086975E-1
6.193427383E1,-9.481559992E-1,-9.744770050E0,-3.068794906E-1
6.195454222E1,-9.194421172E-1,-9.744770050E0,-3.332005441E-1
6.197481055E1,-8.859425783E-1,-9.783055305E0,-3.451646566E-1
6.199507894E1,-9.170492887E-1,-9.787840843E0,-3.284149170E-1
6.201534732E1,-9.768698215E-1,-9.787840843E0,-3.092723191E-1
6.203561571E1,-1.010369420E0,-9.751948357E0,-2.733799815E-1
6.205588409E1,-9.696913958E-1,-9.763913155E0,-2.350948304E-1
6.207615243E1,-8.931210637E-1,-9.780662537E0,-2.327020019E-1
6.209642081E1,-9.194421172E-1,-9.778269768E0,-2.279163599E-1
6.211668920E1,-1.003190875E0,-9.787840843E0,-2.470589429E-1
6.213695758E1,-1.029511929E0,-9.783055305E0,-2.518445849E-1
6.215722592E1,-9.960124493E-1,-9.744770050E0,-2.494517565E-1
6.217749430E1,-9.242277741E-1,-9.751948357E0,-2.733799815E-1
6.219776269E1,-8.859425783E-1,-9.795019150E0,-3.068794906E-1
6.221803107E1,-9.505487680E-1,-9.838089943E0,-3.403790295E-1
6.223829946E1,-1.051047325E0,-9.823733330E0,-3.523431420E-1
6.225869946E1,-1.072582722E0,-9.775876999E0,-2.662015259E-1
6.227883618E1,-9.936196208E-1,-9.756733894E0,-2.231307179E-1
6.229910456E1,-9.577272534E-1,-9.759127617E0,-2.087737769E-1
6.231937295E1,-9.625129104E-1,-9.775876999E0,-2.231307179E-1
6.233964128E1,-1.017547846E0,-9.751948357E0,-2.590230405E-1
6.236004128E1,-1.039083242E0,-9.739984512E0,-2.685943544E-1
6.238017805E1,-1.012762189E0,-9.763913155E0,-2.997010350E-1
6.240044638E1,-9.457631707E-1,-9.806983948E0,-3.619144261E-1
6.242071477E1,-8.620143533E-1,-9.823733330E0,-4.336991012E-1
6.244098316E1,-7.441678643E-1,-9.857233047E0,-4.719842672E-1
6.246138316E1,-6.436693072E-1,-9.909874916E0,-4.169493318E-1
6.248151987E1,-6.508477330E-1,-9.919445992E0,-3.403790295E-1
6.250178826E1,-7.878368497E-1,-9.876375198E0,-2.709871531E-1
6.252205665E1,-9.457631707E-1,-9.826126099E0,-2.063809484E-1
6.254232498E1,-9.409775138E-1,-9.737591743E0,-1.298106313E-1
6.256272498E1,-8.117650747E-1,-9.651450157E0,-8.913264424E-2
6.258286175E1,-7.561319470E-1,-9.656235695E0,-1.130608693E-1
6.260313008E1,-7.950153351E-1,-9.713663101E0,-1.058823988E-1
6.262339847E1,-9.242277741E-1,-9.809376717E0,-1.010967568E-1
6.264366685E1,-1.055832982E0,-9.902696609E0,-8.913264424E-2
6.266406685E1,-1.173081279E0,-9.917053223E0,-3.888336942E-2
6.268420357E1,-1.244866014E0,-9.842875481E0,4.785645287E-3
6.270447191E1,-1.302293777E0,-9.759127617E0,2.871387079E-2
6.272474029E1,-1.354935765E0,-9.627521515E0,2.632104978E-2
6.274500862E1,-1.426720500E0,-9.527023315E0,-1.256231871E-2
6.276540862E1,-1.484148264E0,-9.493523598E0,-2.931207791E-2
6.278554534E1,-1.584646821E0,-9.500701904E0,-4.127619043E-2
6.280581373E1,-1.735394597E0,-9.543772697E0,-3.170489892E-2
6.282608211E1,-1.816750646E0,-9.608379364E0,-2.213360928E-2
6.284635045E1,-1.826920033E0,-9.706484795E0,-3.409772366E-2
6.286661883E1,-1.761715651E0,-9.761520386E0,-1.734796353E-2
6.288688717E1,-1.697109461E0,-9.735198975E0,2.392822644E-3
6.290715555E1,-1.637288928E0,-9.677771568E0,3.349951655E-2
6.292742388E1,-1.575075507E0,-9.687342644E0,4.067798331E-2
6.294769227E1,-1.534397483E0,-9.718449593E0,2.153540403E-2
6.296796066E1,-1.524826288E0,-9.718449593E0,-5.084748194E-2
6.298822899E1,-1.488933921E0,-9.780662537E0,-1.130608693E-1
6.300849737E1,-1.462612867E0,-9.799804688E0,-2.111666054E-1
6.302876571E1,-1.462612867E0,-9.756733894E0,-2.662015259E-1
6.304903404E1,-1.369292736E0,-9.725627899E0,-3.044866920E-1
6.306930243E1,-1.206580877E0,-9.706484795E0,-3.140579760E-1
6.308957076E1,-1.027119160E0,-9.653842926E0,-3.044866920E-1
6.310983914E1,-8.931210637E-1,-9.665806770E0,-2.638086975E-1
6.313010753E1,-8.644071817E-1,-9.706484795E0,-2.231307179E-1
6.315037586E1,-8.524430394E-1,-9.751948357E0,-1.992024779E-1
6.317064425E1,-8.596215248E-1,-9.806983948E0,-2.255235314E-1
6.319091258E1,-8.428717852E-1,-9.857233047E0,-2.685943544E-1
6.321118097E1,-8.285148144E-1,-9.885947227E0,-3.140579760E-1
6.323144930E1,-8.476574421E-1,-9.890732765E0,-3.308077157E-1
6.325171769E1,-9.601200819E-1,-9.845269203E0,-2.973082066E-1
6.327198602E1,-1.070189953E0,-9.759127617E0,-2.303091735E-1
6.329225440E1,-1.187438250E0,-9.728020668E0,-1.944168359E-1
6.331252274E1,-1.254437327E0,-9.728020668E0,-1.609173268E-1
6.333279107E1,-1.249651670E0,-9.728020668E0,-1.680957973E-1
6.335305946E1,-1.271187067E0,-9.735198975E0,-1.944168359E-1
6.337332779E1,-1.319043517E0,-9.725627899E0,-2.015953064E-1
6.339359618E1,-1.350150228E0,-9.761520386E0,-1.776670814E-1
6.341386451E1,-1.347757339E0,-9.735198975E0,-1.848455518E-1
6.343413284E1,-1.304686546E0,-9.699306488E0,-1.728814393E-1
6.345440123E1,-1.218544960E0,-9.706484795E0,-2.063809484E-1
6.347466956E1,-1.096511006E0,-9.761520386E0,-2.422732860E-1
6.349493795E1,-9.960124493E-1,-9.795019150E0,-2.997010350E-1
6.351520628E1,-9.146564603E-1,-9.804591179E0,-2.853440940E-1
6.353547467E1,-8.739784956E-1,-9.763913155E0,-1.920240223E-1
6.355574300E1,-8.452646136E-1,-9.744770050E0,-1.322034448E-1
6.357601138E1,-8.787640929E-1,-9.768698692E0,-9.391828626E-2
6.359627972E1,-9.242277741E-1,-9.783055305E0,-1.106680483E-1
6.361654800E1,-9.984052777E-1,-9.806983948E0,-1.680957973E-1
6.363681644E1,-1.000798106E0,-9.806983948E0,-2.350948304E-1
6.365708477E1,-9.242277741E-1,-9.773484230E0,-2.614158690E-1
6.367735316E1,-8.285148144E-1,-9.696913719E0,-2.805584669E-1
6.369762149E1,-8.189435601E-1,-9.670592308E0,-2.446661144E-1
6.371788987E1,-8.979067206E-1,-9.651450157E0,-2.566302419E-1
6.373815821E1,-1.003190875E0,-9.732806206E0,-2.566302419E-1
6.375855821E1,-1.072582722E0,-9.830911636E0,-2.614158690E-1
6.377869493E1,-1.118046403E0,-9.938589096E0,-2.518445849E-1
6.379896326E1,-1.086939692E0,-9.940981865E0,-1.968096644E-1
6.381923159E1,-1.024726272E0,-9.890732765E0,-1.465603858E-1
6.383949998E1,-9.625129104E-1,-9.787840843E0,-1.250249892E-1
6.385989998E1,-9.792626500E-1,-9.744770050E0,-1.202393398E-1
6.388003665E1,-1.051047325E0,-9.768698692E0,-1.561316848E-1
6.390030503E1,-1.110867858E0,-9.809376717E0,-2.135594189E-1
6.392057336E1,-1.149153113E0,-9.766305923E0,-2.709871531E-1
6.394084170E1,-1.139581800E0,-9.720842361E0,-3.020938635E-1
6.396124170E1,-1.027119160E0,-9.718449593E0,-3.020938635E-1
6.398137842E1,-9.074779749E-1,-9.778269768E0,-2.853440940E-1
6.400164675E1,-8.021938205E-1,-9.783055305E0,-2.494517565E-1
6.402191514E1,-8.165507317E-1,-9.675378799E0,-2.015953064E-1
6.404218347E1,-9.050851464E-1,-9.584450722E0,-1.872383654E-1
6.406258347E1,-1.007976532E0,-9.634700775E0,-2.446661144E-1
6.408272014E1,-9.864411354E-1,-9.739984512E0,-3.260220885E-1
6.410298852E1,-9.672985673E-1,-9.771091461E0,-3.786641955E-1
6.412325685E1,-9.146564603E-1,-9.797411919E0,-4.289134443E-1
6.414352519E1,-8.237292171E-1,-9.830911636E0,-4.265206456E-1
6.416379352E1,-6.867401004E-1,-9.897911072E0,-4.265206456E-1
6.418406191E1,-6.053841114E-1,-9.919445992E0,-3.643072546E-1
6.420433024E1,-6.293123364E-1,-9.850054741E0,-3.260220885E-1
6.422459857E1,-7.274180651E-1,-9.787840843E0,-2.470589429E-1
6.424486691E1,-8.117650747E-1,-9.826126099E0,-1.609173268E-1
6.426513529E1,-8.237292171E-1,-9.828518867E0,-1.322034448E-1
6.428540362E1,-8.261220455E-1,-9.799804688E0,-1.513460279E-1
6.430567196E1,-8.931210637E-1,-9.783055305E0,-2.183450609E-1
6.432594034E1,-9.601200819E-1,-9.783055305E0,-2.853440940E-1
6.434620868E1,-1.027119160E0,-9.768698692E0,-3.547359705E-1
6.436647701E1,-1.022333503E0,-9.754341125E0,-4.145565331E-1
6.438674534E1,-9.649057388E-1,-9.778269768E0,-4.528416991E-1
6.440701368E1,-8.859425783E-1,-9.790233612E0,-4.648058116E-1
6.442728201E1,-8.261220455E-1,-9.775876999E0,-4.504488707E-1
6.444755034E1,-7.830511928E-1,-9.716055870E0,-4.001995921E-1
6.446781873E1,-7.298108935E-1,-9.716055870E0,-3.212364316E-1
6.448808706E1,-6.628118753E-1,-9.744770050E0,-2.183450609E-1
6.450835540E1,-6.628118753E-1,-9.818947792E0,-1.274178028E-1
6.452862373E1,-7.585247755E-1,-9.828518867E0,-8.434699476E-2
6.454889206E1,-8.620143533E-1,-9.775876999E0,-1.202393398E-1
6.456916040E1,-8.787640929E-1,-9.773484230E0,-2.518445849E-1
6.458942873E1,-7.878368497E-1,-9.787840843E0,-3.451646566E-1
6.460969706E1,-7.902296782E-1,-9.780662537E0,-3.834498227E-1
6.462996540E1,-8.763712645E-1,-9.725627899E0,-2.997010350E-1
6.465023373E1,-1.015154958E0,-9.696913719E0,-2.183450609E-1
6.467050206E1,-1.101296663E0,-9.682557106E0,-1.776670814E-1
6.469077045E1,-1.127617717E0,-9.809376717E0,-1.393819153E-1
6.471103878E1,-1.098903775E0,-9.993623734E0,-1.393819153E-1
6.473130711E1,-1.130010486E0,-1.003430176E1,-1.393819153E-1
6.475157545E1,-1.199402332E0,-9.881160736E0,-1.633101404E-1
6.477184378E1,-1.220937729E0,-9.701699257E0,-1.776670814E-1
6.479224378E1,-1.197009563E0,-9.601201057E0,-1.848455518E-1
6.481238045E1,-1.122832060E0,-9.617950439E0,-1.968096644E-1
6.483264873E1,-9.864411354E-1,-9.716055870E0,-2.374876440E-1
6.485291711E1,-8.883354068E-1,-9.749555588E0,-2.973082066E-1
6.487318545E1,-8.309076428E-1,-9.761520386E0,-2.709871531E-1
6.489345378E1,-8.452646136E-1,-9.692128181E0,-2.183450609E-1
6.491372211E1,-8.572286963E-1,-9.718449593E0,-1.561316848E-1
6.493399040E1,-9.290133715E-1,-9.768698692E0,-1.489532143E-1
6.495425868E1,-1.055832982E0,-9.821340561E0,-1.585244983E-1
6.497452717E1,-1.007976532E0,-9.816555023E0,-1.800599098E-1
6.499479545E1,-8.787640929E-1,-9.761520386E0,-1.968096644E-1
6.501506383E1,-7.489534616E-1,-9.763913155E0,-1.609173268E-1
6.503533217E1,-6.795616150E-1,-9.768698692E0,-2.063809484E-1
6.505560050E1,-7.776673436E-1,-9.802198410E0,-2.518445849E-1
6.507586883E1,-9.146564603E-1,-9.744770050E0,-2.350948304E-1
6.509613717E1,-1.106082320E0,-9.725627899E0,-2.111666054E-1
6.511640550E1,-1.213759303E0,-9.711270332E0,-2.279163599E-1
6.513667383E1,-1.170688510E0,-9.694520950E0,-2.470589429E-1
6.515707383E1,-1.072582722E0,-9.701699257E0,-2.949153781E-1
6.517721050E1,-9.792626500E-1,-9.756733894E0,-3.260220885E-1
6.519747878E1,-8.715856671E-1,-9.802198410E0,-3.403790295E-1
6.521774711E1,-7.345965505E-1,-9.842875481E0,-3.116651475E-1
6.523801940E1,-6.149554253E-1,-9.914660454E0,-2.542374134E-1
6.525832232E1,-5.431707501E-1,-9.931410789E0,-2.087737769E-1
6.527855154E1,-5.623133183E-1,-9.888339996E0,-1.848455518E-1
6.529881998E1,-5.694918036E-1,-9.845269203E0,-2.015953064E-1
6.531908842E1,-5.670989752E-1,-9.795019150E0,-2.374876440E-1
6.533935675E1,-5.910272002E-1,-9.830911636E0,-2.973082066E-1
6.535975685E1,-6.340979934E-1,-9.823733330E0,-3.523431420E-1
6.537989352E1,-7.657032609E-1,-9.742377281E0,-3.595215976E-1
6.540016190E1,-9.170492887E-1,-9.680164337E0,-3.882354796E-1
6.542043029E1,-1.048654556E0,-9.684949875E0,-3.714857101E-1
6.544069862E1,-1.079761267E0,-9.751948357E0,-4.097708762E-1
6.546109868E1,-1.019940615E0,-9.835697174E0,-4.480560422E-1
6.548123529E1,-9.385846853E-1,-9.869196892E0,-4.408775866E-1
6.550150362E1,-8.668000102E-1,-9.883553505E0,-3.906283081E-1
6.552177201E1,-8.021938205E-1,-9.840482712E0,-3.116651475E-1
6.554204034E1,-7.154539824E-1,-9.811769485E0,-1.968096644E-1
6.556244034E1,-6.460621357E-1,-9.806983948E0,-1.848455518E-1
6.558257696E1,-6.460621357E-1,-9.826126099E0,-2.494517565E-1
6.560284529E1,-7.058826685E-1,-9.806983948E0,-3.308077157E-1
6.562311362E1,-7.393822074E-1,-9.790233612E0,-4.001995921E-1
6.564338196E1,-7.441678643E-1,-9.771091461E0,-4.097708762E-1
6.566378201E1,-7.130611539E-1,-9.792626381E0,-4.169493318E-1
6.568391868E1,-6.987041831E-1,-9.778269768E0,-4.241278172E-1
6.570418701E1,-7.417750359E-1,-9.732806206E0,-4.241278172E-1
6.572445534E1,-8.404789567E-1,-9.725627899E0,-4.025924206E-1
6.574472362E1,-9.457631707E-1,-9.749555588E0,-3.020938635E-1
6.576510790E1,-1.019940615E0,-9.780662537E0,-2.231307179E-1
6.578524873E1,-1.055832982E0,-9.787840843E0,-1.848455518E-1
6.580551940E1,-1.096511006E0,-9.806983948E0,-1.417747438E-1
6.582578956E1,-1.091725349E0,-9.797411919E0,-1.345962733E-1
6.584605930E1,-1.077368379E0,-9.775876999E0,-1.178465188E-1
6.586632883E1,-1.015154958E0,-9.761520386E0,-1.058823988E-1
6.588659816E1,-9.744769931E-1,-9.749555588E0,-8.673982322E-2
6.590686722E1,-9.936196208E-1,-9.728020668E0,-1.178465188E-1
6.592713612E1,-1.082154036E0,-9.751948357E0,-1.322034448E-1
6.594740493E1,-1.115653515E0,-9.797411919E0,-2.135594189E-1
6.596767362E1,-1.098903775E0,-9.806983948E0,-2.279163599E-1
6.598794227E1,-1.070189953E0,-9.821340561E0,-2.327020019E-1
6.600821081E1,-1.067797065E0,-9.771091461E0,-2.518445849E-1
6.602847935E1,-1.041476011E0,-9.689735413E0,-2.303091735E-1
6.604874790E1,-1.046261668E0,-9.658628464E0,-2.422732860E-1
6.606901633E1,-1.036690354E0,-9.708877563E0,-2.350948304E-1
6.608928472E1,-1.041476011E0,-9.742377281E0,-2.159522474E-1
6.610955316E1,-1.060618639E0,-9.783055305E0,-1.824527234E-1
6.612982159E1,-1.055832982E0,-9.792626381E0,-1.920240223E-1
6.615008998E1,-9.960124493E-1,-9.771091461E0,-2.015953064E-1
6.617035831E1,-9.218349457E-1,-9.768698692E0,-2.039881349E-1
6.619062665E1,-9.002995491E-1,-9.751948357E0,-2.039881349E-1
6.621089503E1,-8.979067206E-1,-9.732806206E0,-1.776670814E-1
6.623116331E1,-9.122636318E-1,-9.754341125E0,-1.345962733E-1
6.625143159E1,-9.672985673E-1,-9.780662537E0,-1.250249892E-1
6.627169998E1,-9.912267923E-1,-9.768698692E0,-1.250249892E-1
6.629196831E1,-9.768698215E-1,-9.768698692E0,-1.345962733E-1
6.631223659E1,-9.744769931E-1,-9.739984512E0,-1.680957973E-1
6.633250498E1,-1.007976532E0,-9.737591743E0,-2.374876440E-1
6.635277331E1,-1.041476011E0,-9.720842361E0,-2.662015259E-1
6.637304164E1,-1.036690354E0,-9.735198975E0,-2.757728100E-1
6.639330998E1,-1.034297585E0,-9.771091461E0,-2.662015259E-1
6.641357831E1,-9.864411354E-1,-9.783055305E0,-2.494517565E-1
6.643384659E1,-9.625129104E-1,-9.785448074E0,-2.183450609E-1
6.645411493E1,-9.050851464E-1,-9.787840843E0,-1.992024779E-1
6.647438326E1,-9.074779749E-1,-9.775876999E0,-1.633101404E-1
6.649465159E1,-9.361918569E-1,-9.759127617E0,-1.609173268E-1
6.651491987E1,-9.601200819E-1,-9.763913155E0,-1.489532143E-1
6.653518821E1,-9.960124493E-1,-9.771091461E0,-1.417747438E-1
6.655545654E1,-1.012762189E0,-9.795019150E0,-1.633101404E-1
6.657572482E1,-1.022333503E0,-9.818947792E0,-1.896311939E-1
6.659599316E1,-1.031904817E0,-9.828518867E0,-2.039881349E-1
6.661639316E1,-1.053440213E0,-9.804591179E0,-2.446661144E-1
6.663652977E1,-1.060618639E0,-9.771091461E0,-2.422732860E-1
6.665679810E1,-1.048654556E0,-9.742377281E0,-1.920240223E-1
6.667706644E1,-1.041476011E0,-9.751948357E0,-1.561316848E-1
6.669733472E1,-1.012762189E0,-9.768698692E0,-1.274178028E-1
6.671760305E1,-9.936196208E-1,-9.821340561E0,-1.322034448E-1
6.673787138E1,-1.017547846E0,-9.830911636E0,-1.704886109E-1
6.675813967E1,-1.007976532E0,-9.780662537E0,-1.465603858E-1
6.677840800E1,-9.744769931E-1,-9.716055870E0,-1.345962733E-1
6.679867633E1,-9.457631707E-1,-9.716055870E0,-1.633101404E-1
6.681894461E1,-9.744769931E-1,-9.747162819E0,-1.944168359E-1
6.683921295E1,-1.029511929E0,-9.785448074E0,-2.087737769E-1
6.685961295E1,-1.029511929E0,-9.771091461E0,-2.039881349E-1
6.687974956E1,-1.048654556E0,-9.778269768E0,-1.728814393E-1
6.690001790E1,-1.036690354E0,-9.771091461E0,-1.513460279E-1
6.692028623E1,-1.000798106E0,-9.754341125E0,-1.226321608E-1
6.694055451E1,-9.912267923E-1,-9.761520386E0,-1.345962733E-1
6.696095451E1,-1.022333503E0,-9.756733894E0,-1.393819153E-1
6.698109112E1,-1.084546804E0,-9.751948357E0,-1.417747438E-1
6.700135946E1,-1.118046403E0,-9.773484230E0,-1.417747438E-1
6.702162779E1,-1.118046403E0,-9.795019150E0,-1.417747438E-1
6.704189607E1,-1.096511006E0,-9.768698692E0,-1.633101404E-1
6.706229607E1,-1.060618639E0,-9.759127617E0,-1.585244983E-1
6.708243269E1,-1.005583763E0,-9.737591743E0,-1.704886109E-1
6.710270102E1,-9.720842242E-1,-9.744770050E0,-2.255235314E-1
6.712296935E1,-9.840483069E-1,-9.737591743E0,-2.327020019E-1
6.714323764E1,-9.672985673E-1,-9.737591743E0,-2.422732860E-1
6.716350597E1,-9.314061999E-1,-9.773484230E0,-2.207378894E-1
6.718377425E1,-9.194421172E-1,-9.780662537E0,-1.944168359E-1
6.720404258E1,-9.457631707E-1,-9.778269768E0,-1.896311939E-1
6.722431092E1,-9.505487680E-1,-9.768698692E0,-1.992024779E-1
6.724471092E1,-9.649057388E-1,-9.761520386E0,-2.039881349E-1
6.726484753E1,-9.577272534E-1,-9.780662537E0,-2.039881349E-1
6.728511586E1,-9.649057388E-1,-9.751948357E0,-2.111666054E-1
6.730538414E1,-9.696913958E-1,-9.766305923E0,-2.374876440E-1
6.732565248E1,-9.696913958E-1,-9.778269768E0,-2.685943544E-1
6.734592076E1,-9.577272534E-1,-9.797411919E0,-2.638086975E-1
6.736618909E1,-9.481559992E-1,-9.775876999E0,-2.518445849E-1
6.738645737E1,-9.290133715E-1,-9.773484230E0,-2.350948304E-1
6.740672571E1,-9.122636318E-1,-9.792626381E0,-2.159522474E-1
6.742699399E1,-9.170492887E-1,-9.787840843E0,-2.303091735E-1
6.744726232E1,-9.457631707E-1,-9.799804688E0,-2.039881349E-1
6.746753066E1,-1.000798106E0,-9.797411919E0,-1.968096644E-1
6.748779894E1,-1.003190875E0,-9.780662537E0,-2.015953064E-1
6.750806722E1,-9.696913958E-1,-9.766305923E0,-2.135594189E-1
6.752833555E1,-9.098708034E-1,-9.754341125E0,-2.279163599E-1
6.754860388E1,-9.242277741E-1,-9.749555588E0,-2.446661144E-1
6.756887217E1,-9.625129104E-1,-9.761520386E0,-2.446661144E-1
6.758914050E1,-1.012762189E0,-9.763913155E0,-2.327020019E-1
6.760940878E1,-1.065404296E0,-9.785448074E0,-2.135594189E-1
6.762967711E1,-1.079761267E0,-9.811769485E0,-1.968096644E-1
6.764994540E1,-1.108475089E0,-9.785448074E0,-2.207378894E-1
6.767021373E1,-1.053440213E0,-9.751948357E0,-1.944168359E-1
6.769048201E1,-9.457631707E-1,-9.761520386E0,-2.015953064E-1
6.771075034E1,-9.122636318E-1,-9.763913155E0,-2.039881349E-1
6.773101868E1,-9.290133715E-1,-9.787840843E0,-1.633101404E-1
6.775128696E1,-9.840483069E-1,-9.804591179E0,-1.369891018E-1
6.777155524E1,-1.036690354E0,-9.804591179E0,-1.537388563E-1
6.779182357E1,-1.072582722E0,-9.797411919E0,-1.585244983E-1
6.781209185E1,-1.065404296E0,-9.790233612E0,-1.824527234E-1
6.783236019E1,-1.070189953E0,-9.783055305E0,-2.255235314E-1
6.785262847E1,-1.003190875E0,-9.790233612E0,-2.566302419E-1
6.787289680E1,-9.409775138E-1,-9.778269768E0,-2.781656384E-1
6.789316508E1,-8.691928387E-1,-9.737591743E0,-2.685943544E-1
6.791343342E1,-8.668000102E-1,-9.704092026E0,-2.207378894E-1
6.793370170E1,-9.601200819E-1,-9.716055870E0,-2.207378894E-1
6.795397003E1,-1.039083242E0,-9.773484230E0,-1.633101404E-1
6.797423831E1,-1.046261668E0,-9.806983948E0,-9.870393574E-2
6.799450664E1,-1.053440213E0,-9.830911636E0,-1.034895778E-1
6.801477493E1,-1.051047325E0,-9.806983948E0,-1.298106313E-1
6.803504321E1,-1.007976532E0,-9.790233612E0,-1.728814393E-1
6.805531154E1,-9.864411354E-1,-9.761520386E0,-2.255235314E-1
6.807557982E1,-9.816554785E-1,-9.742377281E0,-2.590230405E-1
6.809584816E1,-9.649057388E-1,-9.737591743E0,-2.518445849E-1
6.811624816E1,-9.385846853E-1,-9.761520386E0,-2.327020019E-1
6.813638477E1,-9.409775138E-1,-9.799804688E0,-1.752742529E-1
6.815665305E1,-1.007976532E0,-9.790233612E0,-1.250249892E-1
6.817692138E1,-1.089332461E0,-9.787840843E0,-1.010967568E-1
6.819718967E1,-1.101296663E0,-9.783055305E0,-9.391828626E-2
6.821745800E1,-1.110867858E0,-9.763913155E0,-1.082752272E-1
6.823772628E1,-1.130010486E0,-9.739984512E0,-1.609173268E-1
6.825799456E1,-1.101296663E0,-9.716055870E0,-2.303091735E-1
6.827826290E1,-1.048654556E0,-9.706484795E0,-2.638086975E-1
6.829853118E1,-9.840483069E-1,-9.744770050E0,-2.901297510E-1
6.831879946E1,-9.026923180E-1,-9.749555588E0,-2.853440940E-1
6.833906779E1,-9.050851464E-1,-9.706484795E0,-2.350948304E-1
6.835946779E1,-9.768698215E-1,-9.711270332E0,-1.704886109E-1
6.837960435E1,-1.055832982E0,-9.739984512E0,-1.202393398E-1
6.839987269E1,-1.161117196E0,-9.806983948E0,-7.238288224E-2
6.842014097E1,-1.146760225E0,-9.838089943E0,-5.563312769E-2
6.844040925E1,-1.134796143E0,-9.773484230E0,-7.238288224E-2
6.846080925E1,-1.118046403E0,-9.723235130E0,-1.058823988E-1
6.848094586E1,-1.070189953E0,-9.716055870E0,-1.561316848E-1
6.850121414E1,-1.005583763E0,-9.739984512E0,-1.896311939E-1
6.852148248E1,-9.744769931E-1,-9.771091461E0,-2.279163599E-1
6.854175076E1,-9.529415965E-1,-9.799804688E0,-2.327020019E-1
6.856215076E1,-9.768698215E-1,-9.795019150E0,-1.920240223E-1
6.858228737E1,-9.649057388E-1,-9.778269768E0,-1.106680483E-1
6.860255566E1,-9.266205430E-1,-9.761520386E0,-5.802594870E-2
6.862282394E1,-8.907282352E-1,-9.759127617E0,-4.606183618E-2
6.864309227E1,-8.811569214E-1,-9.783055305E0,-1.226321608E-1
6.866349227E1,-8.883354068E-1,-9.804591179E0,-1.800599098E-1
6.868362883E1,-8.835497499E-1,-9.821340561E0,-2.255235314E-1
6.870389717E1,-8.811569214E-1,-9.797411919E0,-2.542374134E-1
6.872416545E1,-8.548358679E-1,-9.778269768E0,-2.638086975E-1
6.874443373E1,-8.668000102E-1,-9.785448074E0,-2.590230405E-1
6.876483373E1,-8.333004713E-1,-9.804591179E0,-2.470589429E-1
6.878497034E1,-8.476574421E-1,-9.802198410E0,-2.039881349E-1
6.880523862E1,-8.835497499E-1,-9.780662537E0,-1.345962733E-1
6.882550690E1,-9.218349457E-1,-9.766305923E0,-1.202393398E-1
6.884577524E1,-9.840483069E-1,-9.773484230E0,-1.561316848E-1
6.886617524E1,-1.003190875E0,-9.744770050E0,-1.848455518E-1
6.888631180E1,-9.816554785E-1,-9.756733894E0,-2.183450609E-1
6.890658008E1,-9.601200819E-1,-9.751948357E0,-2.063809484E-1
6.892684836E1,-9.553344250E-1,-9.747162819E0,-2.327020019E-1
6.894711670E1,-9.816554785E-1,-9.737591743E0,-2.039881349E-1
6.896738498E1,-1.010369420E0,-9.754341125E0,-2.015953064E-1
6.898765326E1,-1.022333503E0,-9.780662537E0,-1.824527234E-1
6.900792154E1,-1.034297585E0,-9.828518867E0,-1.537388563E-1
6.902818982E1,-9.936196208E-1,-9.840482712E0,-1.561316848E-1
6.904845810E1,-9.553344250E-1,-9.804591179E0,-1.417747438E-1
6.906872644E1,-9.098708034E-1,-9.773484230E0,-1.585244983E-1
6.908899472E1,-9.050851464E-1,-9.739984512E0,-1.561316848E-1
6.910926300E1,-9.385846853E-1,-9.725627899E0,-1.776670814E-1
6.912953128E1,-9.672985673E-1,-9.742377281E0,-1.992024779E-1
6.914979956E1,-9.577272534E-1,-9.806983948E0,-2.446661144E-1
6.917006790E1,-9.122636318E-1,-9.835697174E0,-2.494517565E-1
6.919033618E1,-8.763712645E-1,-9.811769485E0,-2.590230405E-1
6.921060446E1,-9.361918569E-1,-9.751948357E0,-1.561316848E-1
6.923087274E1,-1.022333503E0,-9.716055870E0,-1.226321608E-1
6.925127274E1,-1.051047325E0,-9.775876999E0,-1.010967568E-1
6.927140925E1,-9.936196208E-1,-9.785448074E0,-1.752742529E-1
6.929167764E1,-7.561319470E-1,-9.852447510E0,-2.877369225E-1
6.931194592E1,-8.715856671E-1,-9.723235130E0,-2.590230405E-1
6.933221420E1,-7.274180651E-1,-9.790233612E0,-3.571287692E-1
6.935248248E1,-8.045865893E-1,-9.759127617E0,-2.207378894E-1
6.937275076E1,-1.005583763E0,-9.749555588E0,-5.324030295E-2
6.939301904E1,-1.192223907E0,-9.773484230E0,-4.606183618E-2
6.941328732E1,-1.134796143E0,-9.792626381E0,-1.130608693E-1
6.943355560E1,-1.079761267E0,-9.821340561E0,-1.489532143E-1
6.945382394E1,-1.043868899E0,-9.732806206E0,-2.542374134E-1
6.947409222E1,-9.696913958E-1,-9.756733894E0,-2.901297510E-1
6.949436050E1,-9.816554785E-1,-9.711270332E0,-2.446661144E-1
6.951462878E1,-1.017547846E0,-9.737591743E0,-1.704886109E-1
6.953489706E1,-9.457631707E-1,-9.816555023E0,-1.920240223E-1
6.955516534E1,-9.098708034E-1,-9.799804688E0,-1.776670814E-1
6.957543362E1,-9.481559992E-1,-9.761520386E0,-1.776670814E-1
6.959570190E1,-9.242277741E-1,-9.778269768E0,-1.633101404E-1
6.961597024E1,-9.146564603E-1,-9.830911636E0,-1.441675574E-1
6.963623852E1,-9.074779749E-1,-9.854840279E0,-1.657029688E-1
6.965662279E1,-8.500502706E-1,-9.828518867E0,-2.015953064E-1
6.967676352E1,-8.021938205E-1,-9.778269768E0,-2.446661144E-1
6.969703409E1,-8.763712645E-1,-9.696913719E0,-2.709871531E-1
6.971730425E1,-8.285148144E-1,-9.696913719E0,-3.164508045E-1
6.973757394E1,-7.776673436E-1,-9.771091461E0,-3.284149170E-1
6.975784352E1,-7.489534616E-1,-9.785448074E0,-3.475574851E-1
6.977811269E1,-8.476574421E-1,-9.780662537E0,-3.140579760E-1
6.979838170E1,-9.361918569E-1,-9.816555023E0,-2.757728100E-1
6.981865060E1,-9.577272534E-1,-9.804591179E0,-2.135594189E-1
6.983891883E1,-9.792626500E-1,-9.763913155E0,-1.250249892E-1
6.985931935E1,-9.553344250E-1,-9.766305923E0,-9.870393574E-2
6.987945628E1,-8.979067206E-1,-9.742377281E0,-1.728814393E-1
6.989972493E1,-9.242277741E-1,-9.766305923E0,-2.422732860E-1
6.991999342E1,-9.002995491E-1,-9.766305923E0,-2.925225794E-1
6.994026170E1,-8.428717852E-1,-9.795019150E0,-2.709871531E-1
6.996066191E1,-8.285148144E-1,-9.797411919E0,-2.494517565E-1
6.998079868E1,-8.476574421E-1,-9.806983948E0,-2.829512656E-1
7.000106711E1,-9.098708034E-1,-9.840482712E0,-2.662015259E-1
7.002133545E1,-9.649057388E-1,-9.771091461E0,-1.752742529E-1
7.004160378E1,-1.010369420E0,-9.751948357E0,-1.393819153E-1
7.006200389E1,-9.577272534E-1,-9.768698692E0,-1.250249892E-1
7.008214045E1,-8.907282352E-1,-9.816555023E0,-1.537388563E-1
7.010240883E1,-8.955138922E-1,-9.799804688E0,-2.087737769E-1
7.012267711E1,-9.050851464E-1,-9.713663101E0,-2.350948304E-1
7.014294545E1,-8.979067206E-1,-9.718449593E0,-2.518445849E-1
7.016321373E1,-8.500502706E-1,-9.792626381E0,-2.853440940E-1
7.018348206E1,-8.691928387E-1,-9.795019150E0,-2.829512656E-1
7.020375029E1,-8.476574421E-1,-9.780662537E0,-2.685943544E-1
7.022401857E1,-8.787640929E-1,-9.799804688E0,-2.207378894E-1
7.024428691E1,-9.074779749E-1,-9.790233612E0,-2.063809484E-1
7.026455519E1,-8.739784956E-1,-9.785448074E0,-1.848455518E-1
7.028482347E1,-8.093722463E-1,-9.754341125E0,-1.896311939E-1
7.030509175E1,-7.806583643E-1,-9.766305923E0,-2.231307179E-1
7.032535998E1,-8.213363886E-1,-9.716055870E0,-2.159522474E-1
7.034562826E1,-9.314061999E-1,-9.814162254E0,-1.992024779E-1
7.036589654E1,-9.744769931E-1,-9.890732765E0,-2.398804724E-1
7.038616487E1,-9.601200819E-1,-9.701699257E0,-2.470589429E-1
7.040643310E1,-9.505487680E-1,-9.704092026E0,-2.518445849E-1
7.042670138E1,-9.936196208E-1,-9.766305923E0,-2.662015259E-1
7.044696967E1,-1.086939692E0,-9.718449593E0,-2.733799815E-1
7.046723795E1,-1.067797065E0,-9.706484795E0,-2.566302419E-1
7.048750623E1,-9.960124493E-1,-9.811769485E0,-2.446661144E-1
7.050777451E1,-9.433703423E-1,-9.783055305E0,-2.614158690E-1
7.052804279E1,-9.529415965E-1,-9.651450157E0,-2.015953064E-1
7.054831107E1,-9.457631707E-1,-9.773484230E0,-1.417747438E-1
7.056857935E1,-8.117650747E-1,-9.938589096E0,-2.015953064E-1
7.058884764E1,-6.963114142E-1,-9.929018021E0,-2.614158690E-1
7.060911592E1,-7.202396393E-1,-9.893125534E0,-2.446661144E-1
7.062938414E1,-8.668000102E-1,-9.773484230E0,-1.680957973E-1
7.064965243E1,-1.010369420E0,-9.527023315E0,-6.759724021E-2
7.066992071E1,-1.264008522E0,-9.301499367E0,-8.673982322E-2
7.069018899E1,-9.553344250E-1,-1.013001442E1,-4.049852192E-1
7.071045727E1,-6.652047038E-1,-9.952945709E0,-6.370890141E-1
7.073085727E1,-7.806583643E-1,-9.668199539E0,-6.227321029E-1
7.075099383E1,-1.010369420E0,-9.579665184E0,-4.049852192E-1
7.077126206E1,-1.206580877E0,-9.756733894E0,-2.709871531E-1
7.079153034E1,-1.060618639E0,-9.900303841E0,-2.542374134E-1
7.081179862E1,-6.101697683E-1,-9.929018021E0,-3.858426511E-1
7.083206690E1,-7.537391186E-1,-9.759127617E0,-3.212364316E-1
7.085233519E1,-1.031904817E0,-9.711270332E0,-1.872383654E-1
7.087260347E1,-1.113260746E0,-9.792626381E0,-1.848455518E-1
7.089287170E1,-9.385846853E-1,-9.850054741E0,-3.212364316E-1
7.091313998E1,-7.680960894E-1,-9.723235130E0,-5.581258535E-1
7.093340826E1,-8.907282352E-1,-9.629914284E0,-7.304090858E-1
7.095367654E1,-9.337990284E-1,-9.574879646E0,-4.695914388E-1
7.097394482E1,-9.266205430E-1,-9.550951958E0,-1.585244983E-1
7.099421310E1,-9.194421172E-1,-9.902696609E0,-2.781656384E-1
7.101448139E1,-1.005583763E0,-9.909874916E0,-5.413761139E-1
7.103474967E1,-1.074975610E0,-9.955338478E0,-6.514459848E-1
7.105501784E1,-8.859425783E-1,-1.012762165E1,-5.126622319E-1
7.107528618E1,-8.021938205E-1,-9.979267120E0,-1.872383654E-1
7.109555446E1,-1.036690354E0,-9.287142754E0,-8.195417374E-2
7.111582274E1,-8.021938205E-1,-9.464810371E0,-2.805584669E-1
7.113609102E1,-9.098708034E-1,-9.924231529E0,-5.150550604E-1
7.115635925E1,-9.649057388E-1,-1.006301594E1,-6.442674994E-1
7.117662753E1,-1.012762189E0,-9.661021233E0,-6.801598072E-1
7.119689581E1,-8.213363886E-1,-9.917053223E0,-5.294120312E-1
7.121716409E1,-7.441678643E-1,-9.462417603E0,-1.944168359E-1
7.123743232E1,-9.218349457E-1,-9.452845573E0,-8.434699476E-2
7.125770060E1,-7.974081635E-1,-1.019462109E1,-2.709871531E-1
7.127796888E1,-4.474578202E-1,-1.087956619E1,-2.350948304E-1
7.129823717E1,-1.938186288E-1,-1.097049332E1,-1.256231871E-2
7.131850540E1,9.571290761E-2,-1.123609734E1,3.230310678E-1
7.133877368E1,-7.896314561E-2,-1.081735325E1,1.009771109E0
7.135917368E1,-2.751746178E-1,-1.010369396E1,1.723430514E0
7.137931019E1,-1.483550072E-1,-1.035972595E1,1.847857237E0
7.139957847E1,-7.896314561E-2,-1.050389290E1,1.543968797E0
7.141984675E1,-2.009970993E-1,-1.025204849E1,6.747759581E-1
7.144011503E1,-6.747759581E-1,-9.481559753E0,1.579262912E-1
7.146051503E1,-1.311864972E0,-9.014361382E0,-2.931207791E-2
7.148065154E1,-2.035095692E0,-8.980861664E0,1.124626622E-1
7.150091982E1,-2.334198475E0,-9.512666702E0,5.838487148E-1
7.152118805E1,-1.610967875E0,-1.038365364E1,1.297508121E0
7.154145633E1,-1.790429592E0,-1.019462109E1,1.409970760E0
7.156185633E1,-1.240080357E0,-1.037886810E1,1.094118118E0
7.158199290E1,-1.587039590E0,-1.007258701E1,8.039883971E-1
7.160226112E1,-2.341377020E0,-9.814162254E0,7.824530005E-1
7.162252941E1,-3.672384501E0,-9.313464165E0,1.417149186E0
7.164279769E1,-4.149154663E0,-1.070489025E1,2.104487419E0
7.166319769E1,-5.075775146E0,-1.042971611E1,2.102094650E0
7.168333420E1,-5.922834396E0,-9.339784622E0,1.532004714E0
7.170360248E1,-5.013561726E0,-9.852447510E0,1.855035782E0
7.172387071E1,-2.470589399E0,-1.171765232E1,2.382055044E0
7.174413112E1,-9.960124493E-1,-1.217707443E1,2.432304144E0
7.176433034E1,-1.946561217E0,-9.797411919E0,1.735394597E0
7.178467675E1,-2.899502754E0,-8.856434822E0,3.589234054E-1
7.180494472E1,-4.656432629E0,-6.876374245E0,-8.620143533E-1
7.182521279E1,-5.580660820E0,-6.866802692E0,-1.810170293E0
7.184548092E1,-3.717848301E0,-8.059026718E0,-1.872383654E-1
7.186574909E1,-2.274377823E0,-8.456833839E0,1.520040631E0
7.188601732E1,-1.896311998E0,-8.305487633E0,2.195414782E0
7.190628545E1,-3.040679455E0,-8.466404915E0,2.219342947E0
7.192655368E1,-4.333401680E0,-9.483952522E0,2.544766903E0
7.194682191E1,-4.994419098E0,-9.754341125E0,2.465803623E0
7.196709008E1,-5.047060966E0,-8.839685440E0,1.876571178E0
7.198735831E1,-4.778466702E0,-8.758329391E0,9.930213690E-1
7.200762649E1,-4.541577339E0,-8.741579056E0,9.092725813E-2
7.202789477E1,-5.193023205E0,-8.892327309E0,-7.238288224E-2
7.204816300E1,-6.423532486E0,-1.126002502E1,-1.974078640E-2
7.206843123E1,-8.563912392E0,-1.398006630E1,1.435693651E-1
7.208869951E1,-3.681955814E0,-9.081359863E0,4.570291042E0
7.210896774E1,-3.351746321E0,-7.508677483E0,1.261615753E0
7.212923602E1,-3.387638569E0,-6.517450809E0,-1.925025821E0
7.214950425E1,-5.599802971E0,-5.428118229E0,-3.078964472E0
7.216977253E1,-2.260020971E0,-5.901896954E0,3.921238184E0
7.219004076E1,-4.170690060E0,-5.018347263E0,2.815155745E0
7.221030899E1,-5.015954494E0,-7.343572617E0,4.208974838E0
7.223057722E1,-6.291927338E0,-9.854840279E0,5.858228207E0
7.225084550E1,-8.169096947E0,-8.497511864E0,6.538387775E0
7.227111373E1,-8.513663292E0,-8.571688652E0,6.818347931E0
7.229138201E1,-8.226524353E0,-1.025683403E1,9.425926208E0
7.231165024E1,-8.310273170E0,-1.019701385E1,1.000498962E1
7.233191847E1,-7.706683636E0,-7.972885132E0,9.255437851E0
7.235218675E1,-5.307878971E0,-6.138786316E0,8.355736732E0
7.237245503E1,-2.985644341E0,-7.611568928E0,8.103892326E0
7.239272331E1,-2.580659151E0,-1.123609734E1,5.087141037E0
7.241299154E1,-6.830312252E0,-9.191430092E0,3.153141975E0
7.243325977E1,-8.441878319E0,-6.795018196E0,3.935595036E0
7.245352805E1,-6.638886452E0,-6.038288116E0,5.836692810E0
7.247379633E1,-3.917050600E0,-7.714460373E0,6.662814617E0
7.249406456E1,-3.665206194E0,-9.155537605E0,6.157330990E0
7.251433279E1,-4.266402721E0,-8.051848412E0,6.459424496E0
7.253460107E1,-3.782454491E0,-6.529414654E0,6.054439545E0
7.255486930E1,-2.520838737E0,-6.742375851E0,5.863013744E0
7.257513758E1,-1.333400369E0,-9.672985077E0,4.943571568E0
7.259540581E1,-1.853241086E0,-1.011805058E1,4.369294167E0
7.261567409E1,-2.250449657E0,-9.165108681E0,4.491328239E0
7.263594232E1,-2.420340061E0,-7.125227451E0,3.885345697E0
7.265621060E1,-1.314257860E0,-6.342774391E0,3.870988846E0
7.267647883E1,7.896314561E-2,-8.325227737E0,3.267997503E0
7.269674711E1,-8.135596663E-2,-9.026325226E0,2.776870728E0
7.271701534E1,-7.417750359E-1,-7.853243828E0,2.654836655E0
7.273728362E1,-1.465005636E0,-5.621936798E0,2.398804665E0
7.275755185E1,-1.323829174E0,-4.386641979E0,2.128415823E0
7.277782008E1,-5.886343718E-1,-4.060619831E0,1.819143414E0
7.279808836E1,1.603191197E-1,-4.367499352E0,1.986641049E0
7.281835665E1,9.050851464E-1,-6.993622303E0,1.331127262E1
7.283862487E1,3.155534744E0,-7.398607731E0,1.135992527E1
7.285902487E1,7.040880919E-1,-3.476771355E0,4.642076015E0
7.287916138E1,1.322034478E0,-3.414557934E0,6.801598549E0
7.289942961E1,-3.780659735E-1,-4.831707001E0,7.809575081E0
7.291969784E1,1.063011408E0,-5.044668198E0,6.954739094E0
7.293996612E1,1.539781332E0,-5.267798901E0,6.770491600E0
7.296036612E1,1.417747378E0,-5.092525005E0,5.523232937E0
7.298050264E1,2.188236237E0,-5.353940487E0,6.521637917E0
7.300090264E1,2.307877541E0,-5.380261898E0,6.607779503E0
7.302103914E1,1.587637782E0,-5.559723377E0,6.744170666E0
7.304130737E1,1.659422517E0,-5.868397713E0,6.488138676E0
7.306170737E1,1.905883193E0,-6.306882381E0,6.399604321E0
7.308184388E1,1.350748420E0,-6.311667919E0,7.141379356E0
7.310211217E1,5.246263742E-1,-6.570092678E0,7.981858253E0
7.312238040E1,2.781656384E-1,-6.716054916E0,7.393223763E0
7.314264862E1,7.064808607E-1,-6.713662148E0,6.337390900E0
7.316291690E1,8.715856671E-1,-6.926623344E0,6.361319065E0
7.318318514E1,7.328019142E-1,-6.864409924E0,6.569494724E0
7.320345342E1,5.389832854E-1,-6.617949009E0,6.380461693E0
7.322372164E1,2.949153781E-1,-7.216155052E0,6.378068924E0
7.324398993E1,7.657032460E-2,-7.223333359E0,6.267998695E0
7.326438993E1,4.067798331E-2,-7.213762283E0,6.801598549E0
7.328452638E1,2.560320199E-1,-7.281359196E0,7.246663570E0
7.330479467E1,4.791627228E-1,-7.036693096E0,7.103094101E0
7.332506290E1,5.030909777E-1,-7.053442955E0,7.129415035E0
7.334533112E1,3.044866920E-1,-7.458428383E0,7.316653252E0
7.336573112E1,1.627119333E-1,-7.389036179E0,6.964310169E0
7.338586764E1,3.140579760E-1,-6.907480717E0,6.492924213E0
7.340613586E1,2.733799815E-1,-6.761518478E0,6.571887493E0
7.342640414E1,4.911268353E-1,-7.144370079E0,6.617351055E0
7.344667237E1,5.485545993E-1,-7.046264648E0,6.416353703E0
7.346694066E1,1.172483116E-1,-7.012764931E0,6.622136593E0
7.348720888E1,1.722832322E-1,-7.235297680E0,6.600601196E0
7.350747711E1,2.033899277E-1,-7.384250641E0,6.684350014E0
7.352774540E1,1.746760458E-1,-7.043871880E0,6.643671989E0
7.354801373E1,1.004985496E-1,-7.168298244E0,6.734599113E0
7.356828185E1,-7.657032460E-2,-7.405786037E0,6.763313293E0
7.358855008E1,-1.292124242E-1,-7.401000500E0,6.574280262E0
7.360881836E1,-4.785645287E-3,-7.122834682E0,6.464210510E0
7.362908659E1,1.459621787E-1,-6.876374245E0,6.547959328E0
7.364935482E1,1.603191197E-1,-6.775875568E0,6.916453838E0
7.366962310E1,1.722832322E-1,-6.641877651E0,7.060023308E0
7.368989133E1,3.786641955E-1,-6.639484406E0,6.693921566E0
7.371015956E1,4.959124923E-1,-6.957729816E0,6.524031162E0
7.373042784E1,3.092723191E-1,-7.132406235E0,6.949953556E0
7.375069607E1,-1.435693540E-2,-7.189833641E0,7.158128738E0
7.377096430E1,-3.900300860E-1,-7.417750359E0,7.232306480E0
7.379123253E1,-5.982056856E-1,-7.317251682E0,7.146164894E0
7.381150081E1,-5.503492355E-1,-7.139584541E0,6.708278179E0
7.383176904E1,-3.182454109E-1,-7.139584541E0,6.385247231E0
7.385203727E1,-2.991028428E-1,-7.230511665E0,6.452246189E0
7.387230555E1,-4.426721931E-1,-7.331608772E0,6.832705021E0
7.389257378E1,-5.240281820E-1,-7.261618614E0,7.162914753E0
7.391284201E1,-5.479564071E-1,-7.192226887E0,6.997809887E0
7.393311024E1,-2.799602449E-1,-6.981658459E0,6.612565517E0
7.395351024E1,-1.651047617E-1,-7.079763889E0,6.488138676E0
7.397364675E1,-5.240281820E-1,-7.491927624E0,6.861418724E0
7.399391498E1,-6.149554253E-1,-7.244868755E0,6.966702938E0
7.401418326E1,-5.048855543E-1,-7.259225845E0,6.811169624E0
7.403445149E1,-3.756731451E-1,-7.103692055E0,6.555137634E0
7.405471972E1,-2.201396823E-1,-6.883552551E0,6.354140759E0
7.407498795E1,-4.522434771E-1,-7.590033531E0,6.574280262E0
7.409525623E1,-5.838487148E-1,-7.401000500E0,6.904489517E0
7.411552446E1,-5.599204898E-1,-7.345965385E0,6.873383045E0
7.413579269E1,-5.503492355E-1,-7.220940590E0,6.713063717E0
7.415619269E1,-4.905286431E-1,-6.869195461E0,6.502495766E0
7.417632920E1,-5.288137794E-1,-7.252047062E0,5.800800323E0
7.419659743E1,-6.221339107E-1,-7.551748276E0,6.732206345E0
7.421686566E1,-6.556333899E-1,-7.089335442E0,6.787241459E0
