"Time (s)","Gyroscope x (rad/s)","Gyroscope y (rad/s)","Gyroscope z (rad/s)"
4.059084000E-2,-5.897566080E-1,-9.428914785E-1,7.111966610E-1
6.073125700E-2,-8.896282911E-1,-8.294408917E-1,6.829671264E-1
8.100146500E-2,-1.067527294E0,-8.315714002E-1,6.574008465E-1
1.012716210E-1,-1.177648902E0,-1.017459989E0,7.351650596E-1
1.215418300E-1,-1.237836361E0,-1.417865872E0,1.005209446E0
1.418120900E-1,-1.187236309E0,-1.872067690E0,1.109072566E0
1.620823510E-1,-1.107874155E0,-2.240648985E0,1.089365244E0
1.823526110E-1,-1.218128920E0,-2.803507566E0,9.860346317E-1
2.026229240E-1,-1.594699621E0,-3.900462866E0,8.731167316E-1
2.228931840E-1,-2.102697372E0,-4.527237415E0,8.347672224E-1
2.431634960E-1,-2.473275900E0,-4.445211887E0,9.428914785E-1
2.634338090E-1,-2.507896900E0,-3.496727943E0,1.122255206E0
2.837041740E-1,-2.350237846E0,-3.431879997E0,1.277783751E0
3.039744340E-1,-2.138916254E0,-3.406313658E0,1.365667939E0
3.242447990E-1,-1.818804502E0,-2.740657091E0,1.595764875E0
3.445151110E-1,-1.299621701E0,-2.012149811E0,1.989779353E0
3.647854240E-1,-6.829671264E-1,-2.363154173E0,2.079794168E0
3.850557360E-1,-1.057274193E-1,-3.038797617E0,1.725061297E0
4.053260490E-1,5.179844424E-2,-2.894587517E0,1.084038854E0
4.255963610E-1,-3.701791167E-2,-1.251817942E0,5.998765826E-1
4.458666740E-1,2.488722205E-1,2.046637833E-1,5.291697383E-1
4.661370380E-1,5.315665603E-1,4.426170290E-1,5.243760347E-1
4.864073510E-1,8.335688114E-1,-1.415469050E-1,5.998765826E-1
5.066776630E-1,1.087501049E0,-9.844367504E-1,7.783082724E-1
5.270776630E-1,7.675224543E-1,-1.910417199E0,9.189230204E-1
5.472182880E-1,3.793670237E-1,-1.237436891E0,9.721862078E-1
5.674886530E-1,4.123901725E-1,-4.450138807E-1,7.548724413E-1
5.877589650E-1,4.331628382E-1,-7.571361065E-1,4.982770681E-1
6.080292780E-1,6.695181727E-1,-1.592569113E0,9.721862078E-1
6.284292780E-1,9.214530587E-1,-2.362621546E0,2.054760456E0
6.485699030E-1,7.131940126E-1,-1.467400670E0,2.579269648E0
6.688402150E-1,2.579269707E-1,3.536675274E-1,2.350770473E0
6.891105280E-1,2.781669796E-1,8.404930234E-1,2.334791660E0
7.093808400E-1,5.279712677E-1,6.130592227E-1,2.639989614E0
7.297808400E-1,4.033354521E-1,2.099900991E-1,2.816157579E0
7.499215170E-1,-1.091895252E-2,-6.900244951E-1,2.920553446E0
7.701918300E-1,-2.639190555E-1,-1.260340095E0,2.847050190E0
7.904621420E-1,-2.069274634E-1,-1.662343860E0,2.234656811E0
8.107324550E-1,1.567269117E-1,-1.800295591E0,1.536642790E0
8.311324550E-1,4.470112622E-1,-1.684181809E0,1.240499496E0
8.512730800E-1,5.363602638E-1,-1.547295451E0,1.189366817E0
8.715433920E-1,4.331628382E-1,-8.294408917E-1,1.621863842E0
8.918137570E-1,2.659164369E-1,2.904174924E-1,2.176200390E0
9.120840690E-1,3.814975321E-1,1.212136865E0,2.038248777E0
9.324840690E-1,2.957438231E-1,4.591286182E-1,1.339036345E0
9.526246940E-1,3.852259517E-1,-1.089897871E0,7.330345511E-1
9.728950070E-1,5.215796828E-1,-2.220408916E0,2.857569754E-1
9.931653710E-1,3.724428117E-1,-2.596313715E0,4.301002026E-1
1.013435684E0,2.845585644E-1,-2.081924677E0,8.944219947E-1
1.033745319E0,3.601922691E-1,-1.559013367E0,1.209606886E0
1.053976361E0,4.683165252E-1,-1.950364590E0,8.784430027E-1
1.074246674E0,5.864276290E-1,-2.277400494E0,5.020055175E-1
1.094517038E0,6.119939685E-1,-2.242246866E0,6.142576337E-1
1.114787299E0,2.254364192E-1,-2.114947796E0,1.115464211E0
1.135057611E0,-3.842938542E-1,-1.735847116E0,1.416267991E0
1.155327976E0,-5.323655009E-1,-1.370461702E0,1.241564751E0
1.175598288E0,-1.515337527E-1,-1.864610791E0,7.735145688E-1
1.195868601E0,1.087900475E-1,-2.506299019E0,3.795001805E-1
1.216138965E0,-2.724411786E-1,-2.609097004E0,4.556665123E-1
1.236409278E0,-9.471525550E-1,-1.733183980E0,8.507461548E-1
1.256679590E0,-1.104678392E0,-1.062201023E0,1.116529465E0
1.276949903E0,-1.037167311E0,-1.136769414E0,1.137168884E0
1.297220267E0,-9.013462067E-1,-1.011068344E0,9.498156905E-1
1.317490632E0,-5.259739161E-1,-4.993423223E-1,1.048885226E0
1.337760944E0,-4.807002246E-1,-7.793735266E-1,1.097354650E0
1.358031309E0,-5.046686530E-1,-5.291697383E-1,1.039297819E0
1.378301621E0,-5.275717974E-1,-4.807002246E-1,1.191497326E0
1.398571934E0,-5.142560005E-1,-7.544729710E-1,9.961546659E-1
1.418842299E0,-4.237086177E-1,-3.518033028E-1,9.018788338E-1
1.439112663E0,-3.512706757E-1,5.832318664E-1,1.124918461E0
1.459382976E0,-2.277000993E-1,3.037332892E-1,1.063266277E0
1.479653340E0,6.245107949E-2,-1.181111038E-1,9.705883265E-1
1.499923705E0,3.516701460E-1,-4.966791868E-1,1.354482770E0
1.520194017E0,3.708449006E-1,-3.826959729E-1,1.231444716E0
1.540464382E0,-1.731053367E-2,5.864276290E-1,9.402283430E-1
1.560734746E0,-2.596580088E-1,6.769750714E-1,1.056874633E0
1.581005059E0,-3.480748832E-1,2.504701018E-1,8.230493069E-1
1.601275424E0,-4.593949318E-1,-9.201214463E-2,5.483444333E-1
1.621545788E0,-7.724493146E-1,-2.033322006E-1,2.458095849E-1
1.641816153E0,-9.247819781E-1,-2.655169666E-1,-8.215846121E-2
1.662086517E0,-9.013462067E-1,-5.222455263E-1,-3.628554344E-1
1.682356882E0,-1.144093156E0,-7.953524590E-1,-5.858950019E-1
1.702627246E0,-1.161669970E0,-8.416914344E-1,-6.093307734E-1
1.722897611E0,-7.186535001E-1,-7.443529963E-1,-3.010701239E-1
1.743168028E0,-1.089232042E-1,-2.303632647E-1,3.342264518E-2
1.763438392E0,3.149185777E-1,-6.378266215E-2,1.595232338E-1
1.783708757E0,2.355564237E-1,-1.692437679E-1,2.633864284E-1
1.803979174E0,-2.074600905E-1,-3.779022694E-1,3.901528120E-1
1.824249538E0,-6.712492704E-1,-5.605949759E-1,4.221107066E-1
1.844519903E0,-9.807083607E-1,-1.495363861E-1,4.253064990E-1
1.864790319E0,-8.837693334E-1,3.848264739E-2,2.191779912E-1
1.885060736E0,-6.488786936E-1,4.487423226E-2,1.632516533E-1
1.905331101E0,-7.021418810E-1,-1.090563685E-1,2.261022031E-1
1.925601517E0,-8.821714520E-1,-9.201214463E-2,3.709780574E-1
1.945871934E0,-8.661925197E-1,4.593949392E-2,3.645864725E-1
1.966142299E0,-7.617966533E-1,4.069307148E-1,4.237086177E-1
1.986412715E0,-5.934849977E-1,4.559328258E-1,3.954791129E-1
2.006683132E0,-5.807018280E-1,3.339601457E-1,1.818937659E-1
2.026953549E0,-8.560724854E-1,-1.691105962E-2,4.237086177E-1
2.047223965E0,-1.241032124E0,-4.721781015E-1,1.339568973E0
2.067494382E0,-1.882720351E0,-4.657865167E-1,2.235189438E0
2.087764799E0,-2.703772306E0,-4.775044322E-1,3.105376720E0
2.108035215E0,-3.161835670E0,-1.324655294E0,4.098468781E0
2.128435215E0,-3.142660856E0,-2.625075817E0,5.870667934E0
2.148576101E0,-2.400837898E0,-2.933336496E0,6.431396008E0
2.168846517E0,-1.063798904E0,-2.179396152E0,5.326983929E0
2.189116934E0,9.273120165E-1,-4.396875799E-1,2.761296511E0
2.209387403E0,1.865543008E0,7.004108429E-1,1.192562699E0
2.229787403E0,1.774462938E0,2.275669426E-1,4.652538896E-1
2.249928288E0,1.294162154E0,1.320261121E0,1.371526867E-1
2.270198757E0,5.061333776E-1,1.663675547E0,-9.920267761E-2
2.290469174E0,-2.468748540E-1,7.137266397E-1,-1.561942846E-1
2.310739642E0,-2.681801319E-1,-3.299654126E-1,3.182475269E-2
2.331139642E0,2.941459119E-1,-1.036634684E0,3.928159773E-1
2.351280528E0,8.378298283E-1,-6.831002831E-1,6.217144728E-1
2.371550996E0,1.496029615E0,3.201117218E-1,4.620580971E-1
2.391821465E0,2.236654282E0,8.250467181E-1,1.185105816E-1
2.412091934E0,2.881005526E0,7.808382511E-1,-3.378217220E-1
2.432491934E0,3.518965244E0,1.231844187E0,6.227797270E-1
2.452632871E0,3.653721094E0,2.655169725E0,2.205894709E0
2.472903340E0,3.028011799E0,2.347974300E0,2.465286493E0
2.493173809E0,1.799496651E0,1.336240053E0,2.175667763E0
2.513444330E0,6.210486889E-1,5.819002539E-2,1.742105484E0
2.533714799E0,3.351585865E-1,-9.775125384E-1,1.271392107E0
2.554114799E0,4.860265180E-2,-1.038232565E0,6.909566522E-1
2.574413705E0,-1.611211300E-1,-9.913609624E-1,4.439486265E-1
2.594526830E0,-1.145158429E-2,-1.289102197E0,2.245043069E-1
2.614797246E0,2.595248520E-1,-1.204413652E0,6.925545335E-1
2.635197246E0,2.984069884E-1,-6.213150024E-1,9.839041233E-1
2.655338132E0,3.005374968E-1,-3.161169887E-1,8.070703745E-1
2.675608549E0,5.869602561E-1,-5.025381446E-1,4.354265034E-1
2.695878965E0,1.195625305E0,-4.993423223E-1,-1.593900770E-1
2.716149382E0,1.272856951E0,1.064597845E0,-1.231711060E-1
2.736419851E0,8.170571923E-1,3.127480984E0,2.122537792E-1
2.756690371E0,2.872217000E-1,3.469963074E0,1.451421678E-1
2.776960892E0,-3.970770240E-1,1.666338682E0,-2.712427676E-1
2.797231361E0,-1.041960955E0,-2.846917212E-1,-3.250385821E-1
2.817501830E0,-1.129179478E0,-6.420876384E-1,-6.764423847E-1
2.837772351E0,-6.366282105E-1,-1.748097658E0,-9.629983306E-1
2.858042871E0,-7.218492627E-1,-3.815774441E0,-7.456845641E-1
2.878313340E0,-5.796365738E-1,-3.564372063E0,-7.414234877E-1
2.898583861E0,-5.562008023E-1,-1.345427990E0,-8.372972012E-1
2.918854382E0,-1.120657325E0,8.298403621E-1,-6.551371217E-1
2.939124903E0,-9.886978269E-1,7.787077427E-1,-3.063964546E-1
2.959395424E0,-2.522011697E-1,4.966791719E-2,1.019989923E-1
2.979665944E0,8.825709224E-1,-1.000016257E-1,-4.221107066E-2
2.999936517E0,1.329848528E0,2.265016884E-1,-3.308975101E-1
3.020207038E0,4.326302111E-1,4.388886094E-1,-6.032055244E-2
3.040477559E0,3.862912357E-1,-5.307676196E-1,-5.233107507E-2
3.060748080E0,-1.137168929E-1,-5.787044764E-1,-8.961530030E-2
3.081018653E0,-8.214514256E-1,-9.578051567E-1,-4.593949392E-2
3.101289174E0,-1.210139513E0,-7.550055981E-1,-8.375635743E-2
3.121559694E0,-1.153680563E0,1.198421582E-3,1.802958697E-1
3.141830215E0,-5.392897129E-1,3.435475230E-1,2.319611609E-1
3.162100788E0,1.519332230E-1,3.848264739E-2,4.767054692E-2
3.182371309E0,5.842971206E-1,3.954791278E-2,2.255695760E-1
3.202641882E0,4.203796685E-1,4.127896726E-1,1.206943750E0
3.222912403E0,6.647245288E-1,-4.077296555E-1,2.021204710E0
3.243182924E0,7.467498183E-1,1.348890066E-1,2.384326458E0
3.263453496E0,5.029376149E-1,1.427186966E0,1.812412977E0
3.283724017E0,2.712427676E-1,2.371410131E0,1.529718637E0
3.303994590E0,3.133206666E-1,2.450239420E0,1.916276097E0
3.324265059E0,2.882869840E-1,2.300570011E0,2.230395794E0
3.344535684E0,1.332911104E-1,2.283525705E0,1.942907691E0
3.364806257E0,-1.067926809E-1,1.890043974E0,1.389636397E0
3.385076778E0,-4.759065211E-1,1.746766090E0,6.510092616E-1
3.405347351E0,-6.046702862E-1,1.765408158E0,1.051947847E-1
3.425657246E0,-4.423507154E-1,1.486841679E0,4.908202291E-1
3.445888496E0,1.881521940E-1,8.787093163E-1,7.697861195E-1
3.466159069E0,4.038680792E-1,1.580052257E0,1.392832249E-1
3.486429538E0,1.343563795E-1,1.767538667E0,-2.996053919E-2
3.506700111E0,-2.026664019E-1,7.392929792E-1,1.861548275E-1
3.526970684E0,-2.191779912E-1,1.705753356E-1,2.649843320E-2
3.547241257E0,6.937529147E-2,3.579285741E-1,-5.715139508E-1
3.567511830E0,1.439437568E-1,5.688507557E-1,-1.119458914E0
3.587782351E0,2.569948509E-2,2.323606312E-1,-1.073652625E0
3.608052924E0,-1.786979735E-1,-5.707150102E-1,-8.096003532E-1
3.628452924E0,-2.953443527E-1,-1.711346030E0,-3.271690905E-1
3.648594069E0,-2.681801319E-1,-2.333859444E0,8.495477587E-2
3.668864642E0,-5.430181623E-1,-7.406245470E-1,-3.159838319E-1
3.689135215E0,4.906870723E-1,2.263818502E0,-4.347607195E-1
3.709405788E0,1.251019001E0,1.995904565E0,-5.459476262E-3
3.729805788E0,6.817687154E-1,2.265016884E-1,4.311654568E-1
3.749946882E0,-1.664474458E-1,-6.617950201E-1,2.245043069E-1
3.770217455E0,-3.411506712E-1,-1.644500792E-1,-2.430132627E-1
3.790488028E0,-2.138516754E-1,6.231792569E-1,-1.338237375E-1
3.810758601E0,-1.446095407E-1,8.458193541E-1,1.456748098E-1
3.831158601E0,-2.287653685E-1,6.652571559E-1,2.394180000E-1
3.851299799E0,-4.546012580E-1,4.095938802E-1,2.085253596E-1
3.871570319E0,-5.902892351E-1,-1.105211023E-2,1.099884734E-1
3.891840944E0,-2.580601275E-1,-3.874896467E-1,-1.178447902E-1
3.912111517E0,1.023984700E-1,-2.075932473E-1,-8.748477697E-2
3.932511517E0,2.723080218E-1,3.861580743E-3,-7.044056058E-2
3.952652663E0,4.352933466E-1,2.143843099E-2,-7.097318769E-2
3.972923236E0,6.689855456E-1,9.600688517E-2,-2.009353489E-1
3.993193809E0,7.605982423E-1,1.764342934E-1,-4.395544231E-1
4.013464434E0,7.819035053E-1,2.004027218E-1,-7.398256063E-1
4.033864434E0,7.787077427E-1,3.483411968E-1,-1.002945662E0
4.054005580E0,6.711161137E-1,5.635244846E-1,-1.104545236E0
4.074276153E0,4.997417927E-1,7.510108948E-1,-9.603351951E-1
4.094546778E0,2.712427676E-1,8.218508959E-1,-6.503434777E-1
4.114817351E0,1.198421582E-3,7.850993276E-1,-2.989396155E-1
4.135087924E0,-2.607232630E-1,6.066676378E-1,2.916159295E-2
4.155358496E0,-4.386222959E-1,2.600574791E-1,2.229064107E-1
4.175629121E0,-5.233107805E-1,-1.415469050E-1,2.005358785E-1
4.195899694E0,-5.105276108E-1,-4.423507154E-1,8.761793375E-2
4.216170319E0,-3.576622605E-1,-5.430181623E-1,3.821633384E-2
4.236440892E0,-1.190432087E-1,-3.470096290E-1,3.129211813E-2
4.256711465E0,7.629951090E-2,4.700475931E-2,-2.410159074E-2
4.276982090E0,1.636511236E-1,3.787012100E-1,-7.203845680E-2
4.297252611E0,1.748363972E-1,4.958802164E-1,-6.724476814E-2
4.317523288E0,1.615206003E-1,3.984085917E-1,-4.114580899E-2
4.337793861E0,1.423458606E-1,1.924132407E-1,-2.783001214E-2
4.358064486E0,1.194426864E-1,-1.850895584E-2,-1.717737690E-2
4.378335059E0,9.227846563E-2,-1.559279710E-1,-5.459476262E-3
4.398605684E0,5.233107507E-2,-1.900164038E-1,-1.198421582E-3
4.418876257E0,5.992108025E-3,-1.404816359E-1,-1.198421582E-3
4.439146830E0,-4.013380706E-1,-5.600623488E-1,-8.961530030E-2
4.459417455E0,-2.756369710E-1,-1.962082505E0,-6.032055244E-2
4.479688028E0,5.135902166E-1,-9.807083607E-1,1.494032294E-1
4.499958653E0,5.045354962E-1,1.892174482E-1,1.366200596E-1
4.520229226E0,-1.185105816E-1,4.149201810E-1,-3.209106624E-2
4.540629226E0,-4.945486486E-1,2.472743243E-1,-1.162468940E-1
4.560770424E0,-3.225085735E-1,1.018658355E-1,-6.351634115E-2
4.581040996E0,4.860265180E-2,-1.330247968E-1,-3.315633163E-2
4.601311621E0,2.270343155E-1,-2.415485233E-1,7.323687430E-3
4.621582194E0,1.253016293E-1,-2.671148479E-1,1.265000552E-2
4.641852819E0,-5.139897019E-2,-3.384875357E-1,2.010685205E-2
4.662123392E0,-1.115863696E-1,-3.150517344E-1,2.756369673E-2
4.682394017E0,-6.791055948E-2,-1.053279415E-1,2.862896025E-2
4.702664590E0,3.741738573E-2,2.771016955E-1,-5.992108025E-3
4.722935215E0,2.067943066E-1,1.034237862E0,-4.647212476E-2
4.743205788E0,1.146489978E-1,1.558747053E0,-4.221107066E-2
4.763476413E0,-1.126516312E-1,1.418664813E0,-5.233107507E-2
4.783746986E0,-2.500706315E-1,8.664588332E-1,-1.664474420E-2
4.804017611E0,-2.964096069E-1,3.063964546E-1,-7.590003312E-3
4.824288184E0,-2.607232630E-1,-4.194475710E-2,-3.688475490E-2
4.844558809E0,-1.408811212E-1,-2.708432674E-1,-3.954791278E-2
4.864829382E0,-1.518000662E-2,-3.640538454E-1,-3.581948951E-2
4.885100007E0,6.724476814E-2,-3.539338410E-1,-3.741738573E-2
4.905370580E0,1.247690022E-1,-3.299654126E-1,-2.942790836E-2
4.925641205E0,1.583248079E-1,-2.596580088E-1,-3.528685868E-2
4.945911830E0,1.657816470E-1,-1.372858584E-1,-4.593949392E-2
4.966182403E0,1.551290154E-1,-1.265000552E-2,-4.380896688E-2
4.986452976E0,1.173121557E-1,6.831002980E-2,-2.623211779E-2
5.006723601E0,5.179844424E-2,8.748477697E-2,-1.731053460E-3
5.026994226E0,-3.115896136E-2,6.777740270E-2,1.744369231E-2
5.047264851E0,-9.827057272E-2,4.061317816E-2,2.809632942E-2
5.067535424E0,-1.265000552E-1,3.581948951E-2,3.502054140E-2
5.087806049E0,-1.185105816E-1,5.659212917E-2,3.661843762E-2
5.108076621E0,-8.868319541E-2,6.777740270E-2,2.916159295E-2
5.128476621E0,-5.672528967E-2,5.552686751E-2,1.744369231E-2
5.148617819E0,-3.169159219E-2,4.008054361E-2,5.725792143E-3
5.168888444E0,-1.358211134E-2,4.380896688E-2,-3.861580743E-3
5.189159069E0,1.731053460E-3,4.860265180E-2,-8.122635074E-3
5.209429642E0,1.451421715E-2,3.422159329E-2,-5.992108025E-3
5.229829642E0,1.984053478E-2,1.731053460E-3,-1.731053460E-3
5.249970892E0,2.197106183E-2,-3.661843762E-2,3.595264861E-3
5.270241465E0,1.984053478E-2,-3.342264518E-2,8.921583183E-3
5.290512090E0,1.930790395E-2,-9.986846708E-3,8.388951421E-3
5.310782715E0,1.238369010E-2,1.771000773E-2,1.105211023E-2
5.331182715E0,1.731053460E-3,4.061317816E-2,1.531316526E-2
5.351323913E0,-1.091895252E-2,4.274370521E-2,1.744369231E-2
5.371594538E0,-1.997369342E-2,3.368896246E-2,1.797632314E-2
5.391865163E0,-2.157158963E-2,2.143843099E-2,1.531316526E-2
5.412135736E0,-1.251684781E-2,1.557948068E-2,1.158474199E-2
5.432535736E0,-1.997369342E-3,1.611211337E-2,8.388951421E-3
5.452676986E0,1.198421582E-3,1.717737690E-2,5.725792143E-3
5.472947611E0,1.331579551E-4,1.398158539E-2,5.193160381E-3
5.493218184E0,1.731053460E-3,5.992108025E-3,5.193160381E-3
5.513488809E0,6.524739787E-3,1.198421582E-3,7.856319658E-3
5.533759434E0,1.078579482E-2,2.263685223E-3,1.051947847E-2
5.554030059E0,1.025316212E-2,3.861580743E-3,1.211737376E-2
5.574300684E0,4.394212738E-3,-9.321057005E-4,9.986846708E-3
5.594571257E0,2.796316985E-3,-4.660528619E-3,7.323687430E-3
5.614841882E0,3.861580743E-3,-5.193160381E-3,6.791055668E-3
5.635112507E0,4.394212738E-3,-3.595264861E-3,6.791055668E-3
5.655383132E0,5.459476262E-3,-7.323687430E-3,5.725792143E-3
5.675732455E0,4.394212738E-3,-5.193160381E-3,5.193160381E-3
5.695924434E0,5.459476262E-3,-3.994738800E-4,5.725792143E-3
5.716195007E0,2.796316985E-3,2.263685223E-3,6.258423906E-3
5.736465632E0,1.198421582E-3,-9.321057005E-4,7.856319658E-3
5.756736257E0,-2.530001104E-3,-7.323687430E-3,7.856319658E-3
5.777006882E0,-4.127896391E-3,-1.105211023E-2,4.660528619E-3
5.797277455E0,5.459476262E-3,-2.530001104E-3,3.595264861E-3
5.817548028E0,1.771000773E-2,1.664474420E-2,4.127896391E-3
5.837818653E0,2.356895804E-2,2.143843099E-2,4.127896391E-3
5.858089278E0,1.984053478E-2,1.131842658E-2,8.388951421E-3
5.878359903E0,1.451421715E-2,-5.725792143E-3,1.478053257E-2
5.898630528E0,1.185105834E-2,-1.531316526E-2,1.797632314E-2
5.918901153E0,1.557948068E-2,-1.744369231E-2,1.531316526E-2
5.939171726E0,1.930790395E-2,-4.660528619E-3,8.388951421E-3
5.959442351E0,2.090579830E-2,9.720530361E-3,1.997369342E-3
5.979712976E0,2.090579830E-2,1.344895363E-2,-6.657897611E-4
5.999983601E0,1.557948068E-2,1.504684892E-2,1.464737463E-3
6.020254226E0,1.078579482E-2,8.122635074E-3,5.725792143E-3
6.040524851E0,9.720530361E-3,2.796316985E-3,9.986846708E-3
6.060795476E0,6.524739787E-3,2.796316985E-3,1.478053257E-2
6.081066049E0,5.992108025E-3,9.720530361E-3,1.371526904E-2
6.101336674E0,8.122635074E-3,1.504684892E-2,1.158474199E-2
6.121607299E0,1.291632187E-2,1.664474420E-2,9.454214945E-3
6.141877924E0,1.877527125E-2,1.078579482E-2,9.454214945E-3
6.162148549E0,2.037316747E-2,4.926844500E-3,9.454214945E-3
6.182419121E0,1.717737690E-2,1.331579551E-4,9.454214945E-3
6.202689746E0,1.398158539E-2,6.657897611E-4,9.454214945E-3
6.222960371E0,1.398158539E-2,2.796316985E-3,9.454214945E-3
6.243230996E0,1.451421715E-2,7.057371549E-3,8.921583183E-3
6.263501569E0,1.451421715E-2,1.611211337E-2,1.051947847E-2
6.283772194E0,1.025316212E-2,1.877527125E-2,1.051947847E-2
6.304042819E0,5.459476262E-3,1.131842658E-2,9.454214945E-3
6.324313444E0,3.861580743E-3,1.731053460E-3,6.258423906E-3
6.344584017E0,7.057371549E-3,4.926844500E-3,3.062632866E-3
6.364854642E0,1.291632187E-2,2.090579830E-2,-1.198421582E-3
6.385125267E0,1.078579482E-2,2.942790836E-2,-3.861580743E-3
6.405395840E0,7.590003312E-3,2.729738131E-2,3.062632866E-3
6.425666465E0,3.328948980E-3,1.557948068E-2,7.856319658E-3
6.445937038E0,1.731053460E-3,-1.464737463E-3,1.105211023E-2
6.466207663E0,-2.530001104E-3,-1.211737376E-2,8.388951421E-3
6.486478288E0,-2.530001104E-3,-8.388951421E-3,9.321057005E-4
6.506748861E0,4.926844500E-3,2.263685223E-3,-5.992108025E-3
6.527019486E0,1.344895363E-2,1.611211337E-2,-7.590003312E-3
6.547290111E0,1.344895363E-2,2.197106183E-2,-8.122635074E-3
6.567560684E0,6.524739787E-3,7.057371549E-3,-5.459476262E-3
6.587831309E0,-1.997369342E-3,-1.051947847E-2,-6.657897611E-4
6.608101882E0,-6.791055668E-3,-1.531316526E-2,-1.331579551E-4
6.628501882E0,-7.856319658E-3,-7.856319658E-3,9.321057005E-4
6.648643132E0,-9.853689000E-3,4.394212738E-3,-1.731053460E-3
6.668913705E0,-1.091895252E-2,7.057371549E-3,-2.263685223E-3
6.689184330E0,-1.198421605E-2,4.926844500E-3,-2.263685223E-3
6.709454903E0,-1.358211134E-2,5.459476262E-3,-6.657897611E-4
6.729854903E0,-1.091895252E-2,4.394212738E-3,5.193160381E-3
6.749996153E0,-5.193160381E-3,6.657897611E-4,1.105211023E-2
6.770266726E0,6.657897611E-4,-8.921583183E-3,1.637842879E-2
6.790537299E0,3.328948980E-3,-1.637842879E-2,1.904158667E-2
6.810807924E0,4.926844500E-3,-1.744369231E-2,1.797632314E-2
6.831207924E0,4.394212738E-3,-2.277000993E-2,1.531316526E-2
6.851349121E0,5.459476262E-3,-2.223737910E-2,3.595264861E-3
6.871619694E0,3.861580743E-3,-4.127896391E-3,-3.861580743E-3
6.891890319E0,1.025316212E-2,1.238369010E-2,-7.057371549E-3
6.912160892E0,1.185105834E-2,3.422159329E-2,-2.796316985E-3
6.932352871E0,3.328948980E-3,4.327633604E-2,5.725792143E-3
6.952701934E0,3.328948980E-3,2.889527567E-2,1.904158667E-2
6.972972611E0,-4.127896391E-3,1.771000773E-2,2.916159295E-2
6.993243184E0,-2.743053809E-2,1.611211337E-2,2.170474641E-2
7.013513809E0,-3.115896136E-2,1.984053478E-2,1.105211023E-2
7.033784434E0,-1.464737486E-2,5.126581341E-2,-4.394212738E-3
7.054055059E0,3.328948980E-3,1.034637317E-1,-2.037316747E-2
7.074325632E0,1.611211337E-2,1.561942846E-1,-1.877527125E-2
7.094596257E0,1.664474420E-2,1.806953400E-1,-2.796316985E-3
7.114866882E0,1.291632187E-2,1.306279600E-1,2.170474641E-2
7.135266882E0,9.187898599E-3,2.143843099E-2,4.820318148E-2
7.155408028E0,-5.725792143E-3,-4.247738793E-2,5.938844755E-2
7.175678653E0,-2.956106514E-2,-8.388951421E-3,4.607265070E-2
7.195949278E0,-1.784316637E-2,5.179844424E-2,2.809632942E-2
7.216219903E0,2.942790836E-2,8.801741153E-2,1.318263728E-2
7.236490528E0,6.724476814E-2,8.748477697E-2,3.062632866E-3
7.256761153E0,5.499423668E-2,6.564687192E-2,-5.992108025E-3
7.277031726E0,1.238369010E-2,3.475422785E-2,-2.090579830E-2
7.297302299E0,-5.193160381E-3,2.569948509E-2,-4.753739014E-2
7.317572924E0,1.078579482E-2,6.511423737E-2,-7.949529588E-2
7.337843549E0,2.889527567E-2,1.258342713E-1,-9.707214683E-2
7.358114121E0,1.504684892E-2,1.721732318E-1,-1.066595241E-1
7.378384746E0,-2.530001104E-2,1.945437789E-1,-1.087900475E-1
7.398655371E0,-6.578002870E-2,2.025332451E-1,-1.055942550E-1
7.418925944E0,-1.009337306E-1,2.137185186E-1,-9.281109273E-2
7.439196569E0,-1.318263710E-1,2.478069514E-1,-6.937529147E-2
7.459467194E0,-1.584579647E-1,2.771016955E-1,-4.274370521E-2
7.479737767E0,-1.536642760E-1,2.723080218E-1,-2.090579830E-2
7.500008392E0,-9.986846894E-2,2.025332451E-1,-1.238369010E-2
7.520278965E0,-2.050632425E-2,1.306279600E-1,-5.459476262E-3
7.540549590E0,5.286370963E-2,1.221058443E-1,-7.057371549E-3
7.560820215E0,1.071921512E-1,1.817606091E-1,-1.984053478E-2
7.581090840E0,1.540637612E-1,3.074617088E-1,-1.717737690E-2
7.601361413E0,1.743037701E-1,4.245075583E-1,-3.262370080E-2
7.621632038E0,1.284974217E-1,4.617917836E-1,-6.138581783E-2
7.641902663E0,4.700475931E-2,4.058654606E-1,-5.233107507E-2
7.662173288E0,-3.328948840E-2,2.792322338E-1,-5.179844424E-2
7.682443861E0,-7.110634446E-2,1.434111148E-1,-5.446160212E-2
7.702714486E0,-6.045371294E-2,6.191844866E-2,-5.765739456E-2
7.722985111E0,-2.902843431E-2,7.629951090E-2,-6.564687192E-2
7.743255736E0,-5.193160381E-3,1.141163707E-1,-6.085318699E-2
7.763526361E0,-2.316948399E-2,1.071921512E-1,-3.741738573E-2
7.783796934E0,-8.229161799E-2,4.434159771E-2,-1.611211337E-2
7.804067559E0,-1.318263710E-1,-4.034686089E-2,-1.731053460E-3
7.824338184E0,-1.350221634E-1,-1.154479459E-1,3.595264861E-3
7.844608809E0,-9.187898785E-2,-1.404816359E-1,6.791055668E-3
7.864879382E0,-3.062633052E-2,-1.053279415E-1,7.323687430E-3
7.885150007E0,1.557948068E-2,-2.916159295E-2,-6.657897611E-4
7.905420632E0,3.102580272E-2,3.688475490E-2,-1.557948068E-2
7.925769955E0,2.303632535E-2,5.765739456E-2,-1.557948068E-2
7.945961934E0,-1.464737463E-3,2.942790836E-2,-1.131842658E-2
7.966232507E0,-1.731053367E-2,-1.158474199E-2,-5.992108025E-3
7.986503132E0,-1.518000662E-2,-3.182475269E-2,-3.861580743E-3
8.006773757E0,-3.595264861E-3,-3.075948730E-2,-9.720530361E-3
8.027044382E0,4.394212738E-3,-2.223737910E-2,-1.185105834E-2
8.047314903E0,3.328948980E-3,-1.957421936E-2,-9.187898599E-3
8.067585528E0,-4.127896391E-3,-3.821633384E-2,3.595264861E-3
8.087856153E0,-1.624527015E-2,-5.579318479E-2,1.211737376E-2
8.108126726E0,-2.370211668E-2,-6.431528926E-2,1.478053257E-2
8.128526726E0,-2.103895694E-2,-7.763108611E-2,1.957421936E-2
8.148667976E0,-1.731053367E-2,-8.455529809E-2,1.797632314E-2
8.168938601E0,-1.997369342E-2,-8.668582886E-2,1.637842879E-2
8.189209174E0,-2.316948399E-2,-8.295740932E-2,7.856319658E-3
8.209479799E0,-2.050632425E-2,-8.082687855E-2,1.051947847E-2
8.229879799E0,-2.103895694E-2,-9.680583328E-2,1.637842879E-2
8.250020996E0,-1.784316637E-2,-1.181111038E-1,1.584579609E-2
8.270291621E0,-4.660528619E-3,-1.303616315E-1,2.010685205E-2
8.290562246E0,5.459476262E-3,-1.276984811E-1,2.117211558E-2
8.310832819E0,5.992108025E-3,-1.229047924E-1,1.637842879E-2
8.331232819E0,1.611211337E-2,-1.250353158E-1,1.318263728E-2
8.351374017E0,2.889527567E-2,-1.324921697E-1,1.265000552E-2
8.371644642E0,3.155843541E-2,-1.431448013E-1,1.265000552E-2
8.391915267E0,2.197106183E-2,-1.484711170E-1,1.265000552E-2
8.412185840E0,4.394212738E-3,-1.495363861E-1,1.637842879E-2
8.432585840E0,-1.837579720E-2,-1.564605981E-1,1.691105962E-2
8.452727038E0,-3.328948840E-2,-1.889511347E-1,1.744369231E-2
8.472997663E0,-4.181159660E-2,-2.267680019E-1,1.744369231E-2
8.493268288E0,-4.234423116E-2,-2.458095849E-1,4.660528619E-3
8.513538861E0,-1.890842989E-2,-2.273006290E-1,-1.398158539E-2
8.533809434E0,1.771000773E-2,-1.719069183E-1,-2.250369452E-2
8.554080059E0,4.647212476E-2,-1.010668874E-1,-1.930790395E-2
8.574350632E0,5.552686751E-2,-5.206476152E-2,-1.131842658E-2
8.594621257E0,4.860265180E-2,-4.993423447E-2,9.321057005E-4
8.614891830E0,2.889527567E-2,-8.775109053E-2,1.158474199E-2
8.635162455E0,3.861580743E-3,-1.202416345E-1,1.531316526E-2
8.655433028E0,-1.091895252E-2,-1.308942735E-1,1.904158667E-2
8.675703601E0,-1.411474310E-2,-1.202416345E-1,1.478053257E-2
8.695974226E0,-5.193160381E-3,-1.047953144E-1,5.725792143E-3
8.716244799E0,5.992108025E-3,-8.934898674E-2,3.062632866E-3
8.736515424E0,1.078579482E-2,-7.976161689E-2,1.997369342E-3
8.756785996E0,7.590003312E-3,-8.135951310E-2,3.994738800E-4
8.777056569E0,3.861580743E-3,-9.094688296E-2,9.321057005E-4
8.797327142E0,1.198421582E-3,-9.893636405E-2,3.062632866E-3
8.817597715E0,-9.321057005E-4,-9.520793706E-2,-1.331579551E-4
8.837868288E0,1.331579551E-4,-7.816372067E-2,-6.524739787E-3
8.858138861E0,4.926844500E-3,-6.218476593E-2,-7.057371549E-3
8.878409382E0,1.025316212E-2,-5.898897350E-2,-5.992108025E-3
8.898680059E0,9.187898599E-3,-6.111950055E-2,-2.796316985E-3
8.918950632E0,7.057371549E-3,-6.910897791E-2,-1.331579551E-4
8.939221205E0,8.655266836E-3,-7.337003201E-2,-1.331579551E-4
8.959491778E0,4.394212738E-3,-5.898897350E-2,2.530001104E-3
8.979762351E0,-3.062632866E-3,-5.099949613E-2,2.530001104E-3
9.000032924E0,-6.258423906E-3,-5.046686530E-2,9.454214945E-3
9.020303496E0,-6.791055668E-3,-4.301001877E-2,1.265000552E-2
9.040574069E0,-8.388951421E-3,-3.715106845E-2,1.265000552E-2
9.060844590E0,-1.145158429E-2,-2.383527346E-2,1.158474199E-2
9.081115163E0,-8.388951421E-3,-1.211737376E-2,1.105211023E-2
9.101385736E0,6.524739787E-3,-1.158474199E-2,1.211737376E-2
9.121656309E0,1.664474420E-2,-1.371526904E-2,6.791055668E-3
9.141926882E0,1.398158539E-2,-7.856319658E-3,-1.731053460E-3
9.162197403E0,2.796316985E-3,6.524739787E-3,-7.057371549E-3
9.182467976E0,-9.321057238E-3,3.581948951E-2,-1.185105834E-2
9.202738549E0,-1.198421605E-2,5.819002539E-2,-1.664474420E-2
9.223009069E0,-5.193160381E-3,7.576687634E-2,-2.090579830E-2
9.243279642E0,3.328948980E-3,1.008005738E-1,-2.356895804E-2
9.263550215E0,1.824264042E-2,1.061268896E-1,-1.824264042E-2
9.283820736E0,3.635212034E-2,1.029310971E-1,-1.131842658E-2
9.304091309E0,3.954791278E-2,1.050616279E-1,-9.187898599E-3
9.324361830E0,2.516685426E-2,9.334372729E-2,-7.590003312E-3
9.344632403E0,4.926844500E-3,5.179844424E-2,-2.263685223E-3
9.364902924E0,-2.423474751E-2,1.131842658E-2,3.994738800E-4
9.385173496E0,-4.660528526E-2,2.796316985E-3,-2.263685223E-3
9.405444017E0,-4.447475821E-2,1.185105834E-2,-4.926844500E-3
9.425714538E0,-2.689790726E-2,2.942790836E-2,-7.057371549E-3
9.445985111E0,-1.091895252E-2,4.753739014E-2,-4.394212738E-3
9.466255632E0,-1.677790284E-2,5.605949834E-2,-3.328948980E-3
9.486526153E0,-3.382211924E-2,4.167843983E-2,-5.992108025E-3
9.506796674E0,-4.660528526E-2,5.459476262E-3,-4.394212738E-3
9.527067246E0,-3.648528084E-2,-1.797632314E-2,-2.263685223E-3
9.547337767E0,-1.518000662E-2,-6.791055668E-3,3.062632866E-3
9.567608288E0,9.187898599E-3,1.771000773E-2,5.725792143E-3
9.587878809E0,1.930790395E-2,3.795001656E-2,5.725792143E-3
9.608278809E0,1.131842658E-2,4.700475931E-2,9.986846708E-3
9.628577767E0,-9.321057005E-4,4.167843983E-2,1.744369231E-2
9.648690944E0,-3.595264861E-3,2.996053919E-2,2.063948289E-2
9.669090944E0,2.263685223E-3,2.037316747E-2,1.957421936E-2
9.689231882E0,6.524739787E-3,1.930790395E-2,9.986846708E-3
9.709502299E0,1.344895363E-2,1.185105834E-2,4.660528619E-3
9.729902299E0,1.238369010E-2,1.664474420E-2,-1.331579551E-4
9.750043236E0,7.057371549E-3,1.557948068E-2,1.997369342E-3
9.770313653E0,1.331579551E-4,-1.997369342E-3,1.051947847E-2
9.790584121E0,-2.530001104E-3,-1.637842879E-2,1.797632314E-2
9.810854590E0,-2.530001104E-3,-2.117211558E-2,1.904158667E-2
9.831254590E0,-3.994738800E-4,-1.265000552E-2,1.478053257E-2
9.851395580E0,1.731053460E-3,-4.660528619E-3,1.158474199E-2
9.871666101E0,5.992108025E-3,-1.997369342E-3,8.921583183E-3
9.891936569E0,9.187898599E-3,6.657897611E-4,1.211737376E-2
9.912207038E0,4.926844500E-3,3.861580743E-3,1.158474199E-2
9.932438132E0,-3.994738800E-4,-3.595264861E-3,1.424790081E-2
9.952747976E0,-1.997369342E-3,-1.371526904E-2,1.158474199E-2
9.973018444E0,-1.997369342E-3,-1.584579609E-2,8.388951421E-3
9.993288913E0,4.394212738E-3,-1.371526904E-2,9.321057005E-4
1.001355943E1,1.025316212E-2,-1.478053257E-2,-1.331579551E-4
1.003395943E1,1.717737690E-2,-1.850895584E-2,9.321057005E-4
1.005410042E1,1.451421715E-2,-2.010685205E-2,5.193160381E-3
1.007437089E1,-9.321057005E-4,-1.637842879E-2,9.986846708E-3
1.009464136E1,-1.091895252E-2,-1.531316526E-2,1.211737376E-2
1.011491183E1,-4.660528619E-3,-1.850895584E-2,8.921583183E-3
1.013518230E1,4.394212738E-3,-1.478053257E-2,7.856319658E-3
1.015545277E1,8.655266836E-3,-1.904158667E-2,6.258423906E-3
1.017584199E1,1.238369010E-2,-2.170474641E-2,5.725792143E-3
1.019599371E1,1.398158539E-2,-1.584579609E-2,4.660528619E-3
1.021626417E1,9.187898599E-3,-1.464737463E-3,2.530001104E-3
1.023653464E1,3.861580743E-3,4.926844500E-3,1.464737463E-3
1.025680511E1,1.731053460E-3,9.187898599E-3,3.062632866E-3
1.027707558E1,3.328948980E-3,7.057371549E-3,4.660528619E-3
1.029734605E1,1.331579551E-4,3.328948980E-3,2.530001104E-3
1.031761652E1,-9.321057005E-4,4.926844500E-3,1.464737463E-3
1.033788699E1,2.796316985E-3,6.657897611E-4,-2.263685223E-3
1.035815740E1,5.459476262E-3,1.331579551E-4,-2.263685223E-3
1.037842787E1,2.796316985E-3,5.459476262E-3,1.997369342E-3
1.039869834E1,-1.464737463E-3,7.590003312E-3,3.062632866E-3
1.041896876E1,-4.127896391E-3,-1.997369342E-3,4.127896391E-3
1.043923923E1,-4.127896391E-3,-4.127896391E-3,3.994738800E-4
1.045950969E1,1.198421582E-3,3.861580743E-3,-4.394212738E-3
1.047978011E1,3.861580743E-3,1.557948068E-2,-7.590003312E-3
1.050005053E1,1.198421582E-3,2.569948509E-2,-1.078579482E-2
1.052045053E1,-3.062632866E-3,3.315633163E-2,-1.185105834E-2
1.054059141E1,-6.258423906E-3,4.061317816E-2,-9.187898599E-3
1.056086188E1,-4.127896391E-3,2.783001214E-2,-1.331579551E-4
1.058113230E1,6.657897611E-4,6.657897611E-4,-2.796316985E-3
1.060140272E1,4.394212738E-3,7.590003312E-3,-4.926844500E-3
1.062167313E1,6.524739787E-3,3.848264739E-2,-5.992108025E-3
1.064194360E1,1.344895363E-2,6.032055244E-2,-2.796316985E-3
1.066221402E1,1.025316212E-2,5.872265995E-2,4.660528619E-3
1.068248443E1,-3.062632866E-3,3.688475490E-2,9.986846708E-3
1.070275490E1,-1.464737486E-2,2.676474862E-2,1.051947847E-2
1.072302532E1,-1.837579720E-2,5.073318258E-2,1.464737463E-3
1.074329574E1,-1.145158429E-2,8.908267319E-2,-7.057371549E-3
1.076356615E1,-9.321057005E-4,1.167795286E-1,-9.720530361E-3
1.078383657E1,1.664474420E-2,1.205079481E-1,-4.926844500E-3
1.080410699E1,2.783001214E-2,1.103879437E-1,3.062632866E-3
1.082437740E1,2.250369452E-2,9.227846563E-2,1.051947847E-2
1.084464782E1,1.185105834E-2,6.511423737E-2,1.637842879E-2
1.086491818E1,2.796316985E-3,4.327633604E-2,1.478053257E-2
1.088518860E1,2.263685223E-3,4.167843983E-2,1.051947847E-2
1.090545902E1,7.057371549E-3,5.552686751E-2,6.258423906E-3
1.092572943E1,4.394212738E-3,7.363634557E-2,6.258423906E-3
1.094599980E1,-4.660528619E-3,6.138581783E-2,3.595264861E-3
1.096627022E1,-2.103895694E-2,2.729738131E-2,-1.731053460E-3
1.098654063E1,-3.382211924E-2,1.131842658E-2,-1.078579482E-2
1.100681100E1,-1.997369342E-2,1.331579551E-4,-1.398158539E-2
1.102708141E1,-1.997369342E-3,8.655266836E-3,-1.451421715E-2
1.104735178E1,-1.464737463E-3,2.250369452E-2,-1.291632187E-2
1.106762219E1,-1.038632076E-2,1.930790395E-2,-1.344895363E-2
1.108789256E1,-4.660528619E-3,-1.051947847E-2,-5.459476262E-3
1.110816298E1,1.344895363E-2,-4.247738793E-2,4.127896391E-3
1.112856298E1,2.729738131E-2,-5.792371184E-2,1.105211023E-2
1.114870376E1,2.569948509E-2,-5.153212696E-2,1.744369231E-2
1.116897412E1,1.451421715E-2,-6.271740049E-2,1.850895584E-2
1.118924449E1,3.328948980E-3,-9.787109494E-2,1.584579609E-2
1.120951490E1,3.861580743E-3,-1.319595277E-1,1.265000552E-2
1.122991490E1,1.557948068E-2,-1.490037590E-1,1.265000552E-2
1.125005563E1,3.102580272E-2,-1.511342824E-1,1.691105962E-2
1.127032600E1,3.635212034E-2,-1.420795321E-1,2.010685205E-2
1.129059641E1,2.410159074E-2,-1.367532164E-1,1.797632314E-2
1.131086678E1,4.394212738E-3,-1.474058628E-1,1.424790081E-2
1.133126678E1,-4.127896391E-3,-1.617869139E-1,1.158474199E-2
1.135140751E1,-3.595264861E-3,-1.575258672E-1,8.921583183E-3
1.137167787E1,2.796316985E-3,-1.394163817E-1,8.921583183E-3
1.139194824E1,4.926844500E-3,-1.245026886E-1,8.388951421E-3
1.141221860E1,4.926844500E-3,-1.324921697E-1,1.105211023E-2
1.143261860E1,1.731053460E-3,-1.490037590E-1,1.531316526E-2
1.145275928E1,5.459476262E-3,-1.548627019E-1,1.478053257E-2
1.147302964E1,2.037316747E-2,-1.559279710E-1,9.986846708E-3
1.149330001E1,4.061317816E-2,-1.463405937E-1,4.127896391E-3
1.151357037E1,5.286370963E-2,-1.324921697E-1,3.994738800E-4
1.153384068E1,4.860265180E-2,-1.207742617E-1,-1.198421582E-3
1.155411105E1,3.422159329E-2,-1.223721579E-1,-4.394212738E-3
1.157438141E1,2.143843099E-2,-1.276984811E-1,-5.992108025E-3
1.159465173E1,1.771000773E-2,-1.202416345E-1,-1.238369010E-2
1.161492209E1,2.197106183E-2,-9.520793706E-2,-1.398158539E-2
1.163532209E1,2.410159074E-2,-6.484792382E-2,-1.611211337E-2
1.165546277E1,1.984053478E-2,-5.046686530E-2,-1.984053478E-2
1.167573308E1,1.611211337E-2,-5.419528857E-2,-1.930790395E-2
1.169600344E1,1.504684892E-2,-5.685844645E-2,-1.717737690E-2
1.171627376E1,1.611211337E-2,-4.514054582E-2,-1.398158539E-2
1.173654407E1,1.930790395E-2,-3.448791057E-2,-6.524739787E-3
1.175681443E1,2.303632535E-2,-3.874896467E-2,1.997369342E-3
1.177708475E1,2.410159074E-2,-4.567318037E-2,1.997369342E-3
1.179735506E1,2.783001214E-2,-4.514054582E-2,3.062632866E-3
1.181762537E1,3.581948951E-2,-2.756369673E-2,1.997369342E-3
1.183789568E1,4.008054361E-2,-6.791055668E-3,1.997369342E-3
1.185816605E1,3.581948951E-2,1.331579551E-4,-1.198421582E-3
1.187843636E1,2.676474862E-2,-6.791055668E-3,-3.328948980E-3
1.189870667E1,1.611211337E-2,-9.986846708E-3,-4.926844500E-3
1.191897699E1,1.131842658E-2,1.331579551E-4,-8.655266836E-3
1.193924730E1,1.238369010E-2,1.238369010E-2,-8.655266836E-3
1.195951761E1,1.451421715E-2,1.984053478E-2,-6.524739787E-3
1.197978787E1,1.131842658E-2,2.143843099E-2,-5.992108025E-3
1.200005818E1,1.078579482E-2,1.451421715E-2,-3.328948980E-3
1.202032850E1,7.590003312E-3,1.238369010E-2,-2.796316985E-3
1.204059881E1,4.926844500E-3,1.557948068E-2,-6.524739787E-3
1.206086912E1,5.459476262E-3,1.824264042E-2,-1.398158539E-2
1.208113938E1,1.291632187E-2,1.877527125E-2,-2.037316747E-2
1.210140969E1,1.185105834E-2,2.516685426E-2,-2.356895804E-2
1.212168001E1,9.187898599E-3,2.410159074E-2,-2.303632535E-2
1.214195027E1,1.731053460E-3,2.197106183E-2,-1.824264042E-2
1.216222058E1,-7.856319658E-3,1.504684892E-2,-1.451421715E-2
1.218249084E1,-1.145158429E-2,1.398158539E-2,-1.664474420E-2
1.220276115E1,3.328948980E-3,4.926844500E-3,-1.824264042E-2
1.222303141E1,1.611211337E-2,-3.994738800E-4,-1.611211337E-2
1.224330167E1,1.664474420E-2,9.720530361E-3,-1.877527125E-2
1.226357199E1,1.238369010E-2,2.090579830E-2,-2.090579830E-2
1.228384225E1,1.877527125E-2,-9.986846708E-3,-1.717737690E-2
1.230411256E1,1.504684892E-2,-5.046686530E-2,-1.131842658E-2
1.232438282E1,-3.595264861E-3,-5.472791940E-2,-1.504684892E-2
1.234465308E1,-9.853689000E-3,-3.555317223E-2,-1.930790395E-2
1.236492339E1,-8.921583183E-3,-3.994738800E-4,-2.569948509E-2
1.238519365E1,6.657897611E-4,3.528685868E-2,-3.049317189E-2
1.240546391E1,2.676474862E-2,1.398158539E-2,-2.410159074E-2
1.242586391E1,3.102580272E-2,-4.141212255E-2,-2.037316747E-2
1.244600443E1,1.664474420E-2,-8.189214021E-2,-2.197106183E-2
1.246627469E1,1.238369010E-2,-8.668582886E-2,-2.250369452E-2
1.248654496E1,1.344895363E-2,-5.685844645E-2,-2.729738131E-2
1.250681522E1,1.930790395E-2,-3.981423005E-2,-2.942790836E-2
1.252708548E1,3.262370080E-2,-4.354264960E-2,-2.676474862E-2
1.254735574E1,3.422159329E-2,-5.739107728E-2,-2.623211779E-2
1.256762600E1,3.262370080E-2,-6.857634336E-2,-2.676474862E-2
1.258789626E1,2.836264484E-2,-7.070687413E-2,-2.942790836E-2
1.260816652E1,2.729738131E-2,-6.964161247E-2,-3.155843541E-2
1.262856652E1,2.356895804E-2,-7.283740491E-2,-3.155843541E-2
1.264870699E1,2.143843099E-2,-8.029424399E-2,-2.676474862E-2
1.266897725E1,1.877527125E-2,-8.082687855E-2,-2.463422157E-2
1.268924751E1,2.037316747E-2,-7.496792823E-2,-2.090579830E-2
1.270951772E1,2.356895804E-2,-8.029424399E-2,-2.356895804E-2
1.272991772E1,2.676474862E-2,-9.733846784E-2,-3.155843541E-2
1.275005818E1,3.581948951E-2,-1.159805804E-1,-3.688475490E-2
1.277032844E1,4.913528636E-2,-1.324921697E-1,-3.262370080E-2
1.279072844E1,4.807002097E-2,-1.303616315E-1,-2.410159074E-2
1.281086891E1,2.942790836E-2,-1.197090000E-1,-1.451421715E-2
1.283126891E1,1.344895363E-2,-1.229047924E-1,-1.291632187E-2
1.285140938E1,2.250369452E-2,-1.490037590E-1,-1.557948068E-2
1.287167959E1,3.795001656E-2,-1.729721874E-1,-1.185105834E-2
1.289194980E1,4.434159771E-2,-1.735048145E-1,-5.459476262E-3
1.291222006E1,4.380896688E-2,-1.687111259E-1,-1.331579551E-4
1.293245094E1,4.434159771E-2,-1.596563905E-1,4.660528619E-3
1.295276042E1,4.434159771E-2,-1.500690132E-1,3.062632866E-3
1.297303068E1,4.327633604E-2,-1.500690132E-1,-6.524739787E-3
1.299330089E1,5.073318258E-2,-1.649827063E-1,-1.185105834E-2
1.301357110E1,6.458161026E-2,-1.862879843E-1,-1.824264042E-2
1.303397110E1,8.748477697E-2,-1.942774504E-1,-1.930790395E-2
1.305411152E1,1.050616279E-1,-1.713742912E-1,-1.930790395E-2
1.307438178E1,1.077247858E-1,-1.527321786E-1,-2.037316747E-2
1.309465199E1,9.920267761E-2,-1.559279710E-1,-1.984053478E-2
1.311492219E1,8.535424620E-2,-1.857553422E-1,-1.824264042E-2
1.313519240E1,7.150582224E-2,-2.193111479E-1,-1.131842658E-2
1.315546261E1,6.191844866E-2,-2.123869359E-1,-6.524739787E-3
1.317573282E1,5.339634046E-2,-1.777658761E-1,-1.078579482E-2
1.319600303E1,4.700475931E-2,-1.383511126E-1,-6.524739787E-3
1.321627324E1,4.540686309E-2,-9.574057162E-2,-1.331579551E-4
1.323654344E1,5.020054802E-2,-7.496792823E-2,9.321057005E-4
1.325681365E1,5.605949834E-2,-7.816372067E-2,-4.926844500E-3
1.327708381E1,5.605949834E-2,-9.414267540E-2,-7.057371549E-3
1.329735402E1,4.807002097E-2,-1.431448013E-1,9.321057005E-4
1.331762412E1,4.647212476E-2,-1.814942956E-1,1.265000552E-2
1.333789438E1,5.073318258E-2,-1.708416492E-1,1.584579609E-2
1.335816459E1,5.392897129E-2,-1.367532164E-1,8.388951421E-3
1.337843475E1,5.552686751E-2,-1.106542572E-1,-3.861580743E-3
1.339870496E1,5.233107507E-2,-9.680583328E-2,-1.824264042E-2
1.341897511E1,5.286370963E-2,-8.615319431E-2,-2.623211779E-2
1.343924532E1,5.499423668E-2,-7.816372067E-2,-2.197106183E-2
1.345951548E1,4.700475931E-2,-7.976161689E-2,-9.720530361E-3
1.347978563E1,2.729738131E-2,-7.976161689E-2,-4.926844500E-3
1.350005584E1,8.655266836E-3,-6.058686972E-2,-3.328948980E-3
1.352032600E1,7.590003312E-3,-3.075948730E-2,-3.861580743E-3
1.354059615E1,2.037316747E-2,-5.193160381E-3,-5.459476262E-3
1.356086636E1,3.049317189E-2,2.996053919E-2,-8.655266836E-3
1.358113652E1,2.623211779E-2,7.416898012E-2,-1.504684892E-2
1.360140667E1,7.057371549E-3,1.077247858E-1,-2.356895804E-2
1.362167683E1,-9.321057238E-3,1.311605871E-1,-2.676474862E-2
1.364194699E1,-2.103895694E-2,1.524658650E-1,-2.463422157E-2
1.366221709E1,-2.370211668E-2,1.567269117E-1,-1.664474420E-2
1.368248730E1,-1.944106072E-2,1.487374306E-1,-7.057371549E-3
1.370275746E1,-1.358211134E-2,1.306279600E-1,6.258423906E-3
1.372302761E1,-1.145158429E-2,1.039963663E-1,1.424790081E-2
1.374329777E1,-1.518000662E-2,5.552686751E-2,2.543316968E-2
1.376356792E1,-2.050632425E-2,4.926844500E-3,2.809632942E-2
1.378383808E1,-1.890842989E-2,-1.744369231E-2,2.170474641E-2
1.380410824E1,-1.518000662E-2,-2.010685205E-2,1.584579609E-2
1.382437834E1,-1.624527015E-2,-6.791055668E-3,9.986846708E-3
1.384464850E1,-1.677790284E-2,3.155843541E-2,2.530001104E-3
1.386491865E1,-1.038632076E-2,9.014793485E-2,5.725792143E-3
1.388518881E1,-1.251684781E-2,1.359542757E-1,4.660528619E-3
1.390545897E1,-3.275685757E-2,1.412805915E-1,-2.263685223E-3
1.392572907E1,-4.660528526E-2,1.135837361E-1,-6.524739787E-3
1.394599923E1,-4.554001987E-2,8.109319210E-2,-2.263685223E-3
1.396626938E1,-4.127896577E-2,6.085318699E-2,-2.796316985E-3
1.398653954E1,-3.542001545E-2,3.581948951E-2,-3.328948980E-3
1.400680964E1,-3.169159219E-2,1.557948068E-2,-5.992108025E-3
1.402707980E1,-3.542001545E-2,2.516685426E-2,-1.025316212E-2
1.404734990E1,-4.394212365E-2,5.712476373E-2,-1.557948068E-2
1.406762006E1,-3.542001545E-2,6.937529147E-2,-1.504684892E-2
1.408789016E1,-2.050632425E-2,7.523424178E-2,-9.187898599E-3
1.410816032E1,-1.411474310E-2,8.695214242E-2,-4.926844500E-3
1.412856032E1,-2.210422046E-2,8.428898454E-2,-1.731053460E-3
1.414870058E1,-3.488738462E-2,4.913528636E-2,4.127896391E-3
1.416897068E1,-3.808317333E-2,1.331579551E-4,1.265000552E-2
1.418924084E1,-3.328948840E-2,-1.797632314E-2,2.223737910E-2
1.420951094E1,-2.902843431E-2,-1.318263728E-2,2.969422378E-2
1.422991094E1,-2.583264373E-2,-1.531316526E-2,3.342264518E-2
1.425005126E1,-1.784316637E-2,-1.957421936E-2,3.661843762E-2
1.427032136E1,-7.856319658E-3,-1.584579609E-2,3.502054140E-2
1.429059146E1,-6.791055668E-3,-9.454214945E-3,3.555317223E-2
1.431086162E1,-1.145158429E-2,-9.986846708E-3,3.448791057E-2
1.433126162E1,-1.038632076E-2,-2.649843320E-2,3.129211813E-2
1.435140188E1,1.731053460E-3,-4.940159991E-2,3.502054140E-2
1.437167199E1,7.590003312E-3,-6.325002760E-2,3.075948730E-2
1.439194214E1,1.331579551E-4,-5.419528857E-2,3.129211813E-2
1.441221225E1,-1.518000662E-2,-2.649843320E-2,3.129211813E-2
1.443261225E1,-3.009369783E-2,2.263685223E-3,2.916159295E-2
1.445275251E1,-3.595264629E-2,2.623211779E-2,2.596580051E-2
1.447302261E1,-3.914843872E-2,5.179844424E-2,2.117211558E-2
1.449329277E1,-4.340949282E-2,8.109319210E-2,1.584579609E-2
1.451356287E1,-4.873581231E-2,1.034637317E-1,1.371526904E-2
1.453383298E1,-5.566002429E-2,1.125184745E-1,1.424790081E-2
1.455410313E1,-5.512739345E-2,9.920267761E-2,1.744369231E-2
1.457437324E1,-4.234423116E-2,7.736477256E-2,2.436790615E-2
1.459464334E1,-3.062633052E-2,7.736477256E-2,3.129211813E-2
1.461491350E1,-2.636527456E-2,9.387636185E-2,3.395527974E-2
1.463518360E1,-2.157158963E-2,9.973530471E-2,2.916159295E-2
1.465545371E1,-1.198421605E-2,9.121319652E-2,2.383527346E-2
1.467584266E1,-1.464737463E-3,8.215846121E-2,2.170474641E-2
1.469599397E1,8.655266836E-3,7.257108390E-2,2.703106403E-2
1.471626407E1,1.131842658E-2,6.458161026E-2,3.768370301E-2
1.473653417E1,3.861580743E-3,6.458161026E-2,4.607265070E-2
1.475680433E1,-1.038632076E-2,7.470161468E-2,5.352949724E-2
1.477707443E1,-2.849580161E-2,8.748477697E-2,5.832318589E-2
1.479734454E1,-4.181159660E-2,9.653951973E-2,6.045371294E-2
1.481761469E1,-4.767054692E-2,9.760478139E-2,5.672528967E-2
1.483788480E1,-5.139897019E-2,1.039963663E-1,4.141212255E-2
1.485815490E1,-5.139897019E-2,1.023984700E-1,2.383527346E-2
1.487842501E1,-4.980107397E-2,1.018658355E-1,7.323687430E-3
1.489869516E1,-4.127896577E-2,8.748477697E-2,-9.187898599E-3
1.491896527E1,-2.689790726E-2,4.221107066E-2,-2.410159074E-2
1.493923537E1,-2.210422046E-2,7.057371549E-3,-3.315633163E-2
1.495950548E1,-3.009369783E-2,1.344895363E-2,-3.262370080E-2
1.497977558E1,-3.968106955E-2,3.528685868E-2,-2.996053919E-2
1.500004563E1,-4.181159660E-2,3.741738573E-2,-2.356895804E-2
1.502031584E1,-3.222422674E-2,2.037316747E-2,-2.090579830E-2
1.504058594E1,-1.784316637E-2,-8.921583183E-3,-2.676474862E-2
1.506085605E1,1.198421582E-3,-3.182475269E-2,-2.889527567E-2
1.508112615E1,2.516685426E-2,-4.354264960E-2,-2.889527567E-2
1.510139626E1,4.167843983E-2,-5.259739235E-2,-2.250369452E-2
1.512166631E1,2.676474862E-2,-5.526055023E-2,-2.263685223E-3
1.514193646E1,-2.103895694E-2,-2.862896025E-2,1.211737376E-2
1.516220657E1,-8.229161799E-2,2.463422157E-2,3.595264861E-3
1.518247667E1,-9.720530361E-2,2.303632535E-2,4.127896391E-3
1.520274678E1,-4.127896577E-2,-7.337003201E-2,1.531316526E-2
1.522301688E1,2.463422157E-2,-2.038648278E-1,3.075948730E-2
1.524328699E1,2.410159074E-2,-2.458095849E-1,2.490053698E-2
1.526355709E1,-4.767054692E-2,-1.697763950E-1,-1.877527125E-2
1.528382714E1,-1.312937438E-1,4.434159771E-2,-4.540686309E-2
1.530409725E1,-1.430116445E-1,2.350237966E-1,-5.499423668E-2
1.532436735E1,-5.459476262E-2,2.637858987E-1,-4.966791719E-2
1.534463746E1,6.032055244E-2,1.759016514E-1,-3.422159329E-2
1.536490756E1,9.174583107E-2,9.014793485E-2,-2.889527567E-2
1.538517766E1,4.700475931E-2,3.528685868E-2,-3.102580272E-2
1.540544772E1,4.394212738E-3,-2.596580051E-2,-2.623211779E-2
1.542571782E1,1.331579551E-4,-9.147951752E-2,-6.524739787E-3
1.544598792E1,2.796316985E-3,-1.042626798E-1,1.371526904E-2
1.546625803E1,-1.677790284E-2,-5.366265774E-2,2.809632942E-2
1.548652808E1,-3.968106955E-2,-1.531316526E-2,3.874896467E-2
1.550679818E1,-4.447475821E-2,-1.265000552E-2,3.981423005E-2
1.552706829E1,-3.435475379E-2,-3.062632866E-3,2.596580051E-2
1.554733834E1,-1.784316637E-2,2.623211779E-2,8.388951421E-3
1.556760844E1,-9.853689000E-3,5.552686751E-2,-7.057371549E-3
1.558787855E1,-1.198421605E-2,6.351634115E-2,-1.504684892E-2
1.560814860E1,-9.321057238E-3,2.889527567E-2,-1.611211337E-2
1.562854860E1,-2.530001104E-3,-3.062632866E-3,-1.771000773E-2
1.564868876E1,1.731053460E-3,1.331579551E-4,-9.720530361E-3
1.566895886E1,1.331579551E-4,1.451421715E-2,3.595264861E-3
1.568922891E1,-1.624527015E-2,1.557948068E-2,1.478053257E-2
1.570949902E1,-4.607265070E-2,8.122635074E-3,1.691105962E-2
1.572989902E1,-6.098634377E-2,5.459476262E-3,9.986846708E-3
1.575003917E1,-4.767054692E-2,2.836264484E-2,2.530001104E-3
1.577030917E1,-2.316948399E-2,5.286370963E-2,-3.861580743E-3
1.579057933E1,-8.921583183E-3,4.860265180E-2,-1.025316212E-2
1.581084938E1,-1.145158429E-2,1.984053478E-2,-1.025316212E-2
1.583124938E1,-2.157158963E-2,6.657897611E-4,-4.394212738E-3
1.585138954E1,-3.275685757E-2,8.122635074E-3,1.464737463E-3
1.587165959E1,-3.914843872E-2,2.356895804E-2,4.127896391E-3
1.589192964E1,-3.861580789E-2,2.836264484E-2,7.323687430E-3
1.591219969E1,-3.968106955E-2,2.623211779E-2,1.211737376E-2
1.593243042E1,-3.648528084E-2,1.984053478E-2,1.904158667E-2
1.595273980E1,-2.316948399E-2,1.451421715E-2,2.703106403E-2
1.597300985E1,-1.358211134E-2,1.291632187E-2,3.661843762E-2
1.599327990E1,-1.251684781E-2,1.291632187E-2,3.874896467E-2
1.601354996E1,-1.304947957E-2,2.796316985E-3,3.981423005E-2
1.603394996E1,-8.388951421E-3,6.657897611E-4,3.928159550E-2
1.605409011E1,1.198421582E-3,-9.321057005E-4,2.916159295E-2
1.607436022E1,5.992108025E-3,-6.258423906E-3,1.850895584E-2
1.609463027E1,1.451421715E-2,-1.584579609E-2,2.530001104E-3
1.611490032E1,2.463422157E-2,-1.105211023E-2,-6.524739787E-3
1.613530032E1,3.581948951E-2,8.655266836E-3,-3.328948980E-3
1.615544042E1,2.889527567E-2,3.155843541E-2,1.158474199E-2
1.617571042E1,1.331579551E-4,5.073318258E-2,2.330264263E-2
1.619598053E1,-3.275685757E-2,5.872265995E-2,2.862896025E-2
1.621625053E1,-5.086633936E-2,5.286370963E-2,2.809632942E-2
1.623652058E1,-5.033370852E-2,4.753739014E-2,2.543316968E-2
1.625679063E1,-4.074633494E-2,4.807002097E-2,1.744369231E-2
1.627706068E1,-2.530001104E-2,4.327633604E-2,7.856319658E-3
1.629733074E1,-8.921583183E-3,2.836264484E-2,4.660528619E-3
1.631760079E1,1.331579551E-4,2.463422157E-2,-6.657897611E-4
1.633787084E1,4.394212738E-3,2.836264484E-2,-5.459476262E-3
1.635814084E1,1.078579482E-2,3.262370080E-2,-5.459476262E-3
1.637841089E1,1.291632187E-2,4.647212476E-2,-3.861580743E-3
1.639868094E1,9.720530361E-3,6.298371404E-2,1.464737463E-3
1.641895094E1,1.198421582E-3,6.671213359E-2,9.986846708E-3
1.643922100E1,-1.091895252E-2,4.008054361E-2,1.211737376E-2
1.645949105E1,-2.423474751E-2,1.930790395E-2,4.127896391E-3
1.647976105E1,-2.902843431E-2,4.061317816E-2,-6.657897611E-4
1.650003110E1,-2.210422046E-2,8.215846121E-2,-4.394212738E-3
1.652030110E1,-1.304947957E-2,9.494162351E-2,-1.731053460E-3
1.654057115E1,-7.323687430E-3,6.671213359E-2,8.921583183E-3
1.656084115E1,-3.062632866E-3,3.262370080E-2,1.318263728E-2
1.658111121E1,5.459476262E-3,8.655266836E-3,1.265000552E-2
1.660138121E1,1.131842658E-2,1.731053460E-3,5.193160381E-3
1.662165121E1,1.451421715E-2,1.078579482E-2,-2.263685223E-3
1.664192121E1,1.185105834E-2,4.008054361E-2,-6.524739787E-3
1.666219126E1,-1.464737463E-3,6.298371404E-2,-1.731053460E-3
1.668246126E1,-2.370211668E-2,6.724476814E-2,8.388951421E-3
1.670273126E1,-3.808317333E-2,4.221107066E-2,1.318263728E-2
1.672300131E1,-3.861580789E-2,2.250369452E-2,1.478053257E-2
1.674327131E1,-2.743053809E-2,2.942790836E-2,9.986846708E-3
1.676354131E1,-5.725792143E-3,4.167843983E-2,6.791055668E-3
1.678381131E1,1.344895363E-2,3.262370080E-2,7.323687430E-3
1.680408131E1,1.344895363E-2,2.356895804E-2,9.986846708E-3
1.682435131E1,5.459476262E-3,2.090579830E-2,1.424790081E-2
1.684462131E1,1.198421582E-3,1.557948068E-2,1.424790081E-2
1.686489131E1,6.657897611E-4,9.187898599E-3,1.371526904E-2
1.688516131E1,3.328948980E-3,1.611211337E-2,9.986846708E-3
1.690543131E1,3.861580743E-3,2.942790836E-2,1.051947847E-2
1.692582006E1,-5.193160381E-3,5.020054802E-2,1.211737376E-2
1.694597131E1,-1.624527015E-2,5.286370963E-2,1.744369231E-2
1.696624126E1,-2.263685316E-2,3.368896246E-2,1.744369231E-2
1.698651126E1,-1.677790284E-2,7.590003312E-3,1.478053257E-2
1.700678126E1,-4.127896391E-3,1.344895363E-2,1.531316526E-2
1.702705126E1,5.992108025E-3,2.889527567E-2,1.105211023E-2
1.704732120E1,9.720530361E-3,3.102580272E-2,8.388951421E-3
1.706759120E1,1.331579551E-4,2.996053919E-2,1.051947847E-2
1.708786120E1,-4.127896391E-3,1.771000773E-2,1.371526904E-2
1.710813115E1,1.198421582E-3,1.198421582E-3,1.424790081E-2
1.712853115E1,4.394212738E-3,7.590003312E-3,1.051947847E-2
1.714867115E1,9.187898599E-3,2.623211779E-2,2.530001104E-3
1.716894110E1,1.238369010E-2,3.581948951E-2,3.062632866E-3
1.718921110E1,2.796316985E-3,3.155843541E-2,7.856319658E-3
1.720948105E1,-9.321057238E-3,1.771000773E-2,1.265000552E-2
1.722988105E1,-1.304947957E-2,9.187898599E-3,1.744369231E-2
1.725002100E1,-6.791055668E-3,1.717737690E-2,1.957421936E-2
1.727042100E1,-9.321057005E-4,2.996053919E-2,1.904158667E-2
1.729056094E1,5.459476262E-3,3.209106624E-2,2.063948289E-2
1.731083094E1,7.057371549E-3,2.410159074E-2,2.649843320E-2
1.733123094E1,3.328948980E-3,8.122635074E-3,2.756369673E-2
1.735137084E1,1.331579551E-4,-4.127896391E-3,2.596580051E-2
1.737164079E1,3.328948980E-3,-8.921583183E-3,2.010685205E-2
1.739191079E1,1.611211337E-2,2.796316985E-3,1.318263728E-2
1.741218074E1,2.250369452E-2,2.303632535E-2,6.258423906E-3
1.743258074E1,2.143843099E-2,2.889527567E-2,3.062632866E-3
1.745272068E1,1.877527125E-2,2.463422157E-2,5.725792143E-3
1.747299063E1,1.877527125E-2,1.557948068E-2,9.986846708E-3
1.749326058E1,9.720530361E-3,2.263685223E-3,1.531316526E-2
1.751353053E1,-6.258423906E-3,1.331579551E-4,1.318263728E-2
1.753380048E1,-1.837579720E-2,2.090579830E-2,8.921583183E-3
1.755407042E1,-1.944106072E-2,4.114580899E-2,5.725792143E-3
1.757434037E1,-1.145158429E-2,3.901528195E-2,4.660528619E-3
1.759461032E1,1.198421582E-3,2.410159074E-2,9.454214945E-3
1.761488027E1,1.025316212E-2,1.238369010E-2,1.637842879E-2
1.763515022E1,1.238369010E-2,1.198421582E-3,1.318263728E-2
1.765542016E1,2.250369452E-2,-1.371526904E-2,1.211737376E-2
1.767569011E1,2.889527567E-2,-1.424790081E-2,6.791055668E-3
1.769596006E1,2.942790836E-2,-1.997369342E-3,5.193160381E-3
1.771623001E1,2.463422157E-2,9.720530361E-3,1.997369342E-3
1.773649996E1,1.398158539E-2,1.185105834E-2,4.127896391E-3
1.775677042E1,1.331579551E-4,8.122635074E-3,5.725792143E-3
1.777703985E1,-7.323687430E-3,2.263685223E-3,7.856319658E-3
1.779730975E1,-9.321057238E-3,1.731053460E-3,7.856319658E-3
1.781757969E1,-9.321057238E-3,9.187898599E-3,4.660528619E-3
1.783784964E1,-3.994738800E-4,1.078579482E-2,1.997369342E-3
1.785811954E1,8.122635074E-3,8.122635074E-3,-1.331579551E-4
1.787838949E1,1.451421715E-2,-9.321057005E-4,1.464737463E-3
1.789865943E1,1.824264042E-2,-1.584579609E-2,2.530001104E-3
1.791892933E1,2.037316747E-2,-2.436790615E-2,5.725792143E-3
1.793919928E1,1.664474420E-2,-1.584579609E-2,3.595264861E-3
1.795959928E1,1.131842658E-2,-2.530001104E-3,3.062632866E-3
1.797973912E1,7.057371549E-3,1.238369010E-2,2.530001104E-3
1.800000907E1,7.590003312E-3,1.238369010E-2,9.321057005E-4
1.802027897E1,7.057371549E-3,6.657897611E-4,1.997369342E-3
1.804054886E1,4.926844500E-3,-1.691105962E-2,3.062632866E-3
1.806081881E1,3.861580743E-3,-1.850895584E-2,2.530001104E-3
1.808108871E1,9.187898599E-3,-4.127896391E-3,3.994738800E-4
1.810135860E1,1.557948068E-2,9.187898599E-3,-5.459476262E-3
1.812162855E1,1.824264042E-2,1.398158539E-2,-7.057371549E-3
1.814189844E1,1.824264042E-2,8.122635074E-3,3.994738800E-4
1.816216834E1,1.398158539E-2,-1.051947847E-2,9.986846708E-3
1.818243829E1,7.590003312E-3,-2.756369673E-2,1.371526904E-2
1.820270818E1,1.331579551E-4,-3.075948730E-2,6.258423906E-3
1.822297808E1,-9.321057005E-4,-1.211737376E-2,-7.057371549E-3
1.824324798E1,4.926844500E-3,1.078579482E-2,-1.398158539E-2
1.826351787E1,1.185105834E-2,1.984053478E-2,-1.451421715E-2
1.828378777E1,5.992108025E-3,7.590003312E-3,-7.590003312E-3
1.830405772E1,-2.530001104E-3,-1.211737376E-2,-1.331579551E-4
1.832432761E1,-4.660528619E-3,-1.424790081E-2,3.062632866E-3
1.834459751E1,1.731053460E-3,6.657897611E-4,8.388951421E-3
1.836486735E1,7.590003312E-3,1.930790395E-2,9.454214945E-3
1.838513730E1,7.590003312E-3,1.238369010E-2,1.158474199E-2
1.840540719E1,1.731053460E-3,-5.725792143E-3,1.211737376E-2
1.842567709E1,-2.530001104E-3,-2.223737910E-2,6.791055668E-3
1.844594693E1,2.263685223E-3,-1.744369231E-2,3.595264861E-3
1.846621683E1,1.557948068E-2,-5.725792143E-3,9.321057005E-4
1.848648673E1,1.930790395E-2,1.078579482E-2,-1.331579551E-4
1.850675662E1,8.122635074E-3,1.504684892E-2,-2.263685223E-3
1.852702652E1,-1.997369342E-3,4.926844500E-3,3.994738800E-4
1.854729641E1,-4.127896391E-3,-8.921583183E-3,1.997369342E-3
1.856768506E1,-6.258423906E-3,-1.584579609E-2,5.193160381E-3
1.858783615E1,-9.321057238E-3,-1.744369231E-2,2.530001104E-3
1.860810605E1,-7.856319658E-3,-3.062632866E-3,3.994738800E-4
1.862850605E1,2.263685223E-3,1.078579482E-2,-1.331579551E-4
1.864864579E1,1.344895363E-2,1.504684892E-2,3.062632866E-3
1.866891563E1,1.398158539E-2,-1.997369342E-3,9.986846708E-3
1.868918553E1,4.926844500E-3,-2.330264263E-2,1.318263728E-2
1.870945537E1,-2.530001104E-3,-2.916159295E-2,1.105211023E-2
1.872985537E1,1.731053460E-3,-1.478053257E-2,5.193160381E-3
1.874999511E1,1.238369010E-2,1.291632187E-2,3.994738800E-4
1.877026501E1,2.143843099E-2,2.516685426E-2,2.530001104E-3
1.879053485E1,1.611211337E-2,1.984053478E-2,8.921583183E-3
1.881080475E1,-1.464737463E-3,1.504684892E-2,1.265000552E-2
1.883120475E1,-9.321057238E-3,1.131842658E-2,1.158474199E-2
1.885134443E1,-4.660528619E-3,7.590003312E-3,8.921583183E-3
1.887161433E1,-9.321057005E-4,1.504684892E-2,3.595264861E-3
1.889188417E1,2.796316985E-3,1.877527125E-2,9.321057005E-4
1.891215402E1,7.057371549E-3,1.451421715E-2,3.595264861E-3
1.893255402E1,9.187898599E-3,1.131842658E-2,6.791055668E-3
1.895269376E1,7.590003312E-3,1.131842658E-2,8.921583183E-3
1.897296360E1,7.590003312E-3,9.187898599E-3,6.258423906E-3
1.899323350E1,9.187898599E-3,4.394212738E-3,2.530001104E-3
1.901350334E1,1.238369010E-2,6.657897611E-4,3.994738800E-4
1.903390334E1,1.078579482E-2,5.992108025E-3,-1.731053460E-3
1.905404303E1,7.057371549E-3,7.590003312E-3,-2.263685223E-3
1.907431287E1,3.861580743E-3,9.187898599E-3,9.321057005E-4
1.909458272E1,1.731053460E-3,1.331579551E-4,3.595264861E-3
1.911485261E1,1.331579551E-4,-8.388951421E-3,1.464737463E-3
1.913512246E1,2.796316985E-3,-9.321057005E-4,1.997369342E-3
1.915539230E1,1.504684892E-2,1.185105834E-2,4.660528619E-3
1.917574084E1,1.611211337E-2,6.524739787E-3,1.051947847E-2
1.919593209E1,2.263685223E-3,-1.478053257E-2,1.637842879E-2
1.921620193E1,-7.856319658E-3,-3.129211813E-2,1.531316526E-2
1.923647178E1,-3.062632866E-3,-2.969422378E-2,9.454214945E-3
1.925674157E1,1.198421582E-3,-1.158474199E-2,-6.657897611E-4
1.927701146E1,4.394212738E-3,9.187898599E-3,-8.122635074E-3
1.929728131E1,1.131842658E-2,8.122635074E-3,-5.459476262E-3
1.931755115E1,1.717737690E-2,-1.464737463E-3,-6.657897611E-4
1.933782094E1,1.185105834E-2,-1.957421936E-2,5.193160381E-3
1.935809084E1,2.263685223E-3,-2.649843320E-2,8.921583183E-3
1.937836068E1,-3.994738800E-4,-1.531316526E-2,1.105211023E-2
1.939863048E1,1.198421582E-3,5.992108025E-3,9.454214945E-3
1.941890032E1,2.263685223E-3,1.504684892E-2,7.856319658E-3
1.943917016E1,5.992108025E-3,4.926844500E-3,3.595264861E-3
1.945944001E1,9.720530361E-3,-4.660528619E-3,3.062632866E-3
1.947970985E1,1.238369010E-2,2.796316985E-3,1.464737463E-3
1.949997969E1,1.557948068E-2,1.078579482E-2,3.994738800E-4
1.952024954E1,1.611211337E-2,8.655266836E-3,-6.657897611E-4
1.954051938E1,1.238369010E-2,-9.321057005E-4,1.464737463E-3
1.956078923E1,4.926844500E-3,-8.388951421E-3,3.062632866E-3
1.958105907E1,-9.321057005E-4,-1.997369342E-3,2.530001104E-3
1.960132891E1,-3.595264861E-3,2.143843099E-2,2.530001104E-3
1.962159876E1,-3.595264861E-3,2.516685426E-2,4.127896391E-3
1.964186860E1,-1.997369342E-3,6.524739787E-3,4.127896391E-3
1.966213844E1,4.394212738E-3,-3.994738800E-4,3.062632866E-3
1.968240829E1,1.131842658E-2,9.720530361E-3,9.321057005E-4
1.970267813E1,1.451421715E-2,1.877527125E-2,-3.328948980E-3
1.972294798E1,7.590003312E-3,2.037316747E-2,-1.331579551E-4
1.974321777E1,6.657897611E-4,1.185105834E-2,1.464737463E-3
1.976348766E1,1.731053460E-3,-1.997369342E-3,5.193160381E-3
1.978375751E1,9.720530361E-3,-8.921583183E-3,5.725792143E-3
1.980402730E1,1.238369010E-2,2.796316985E-3,3.994738800E-4
1.982429714E1,1.238369010E-2,1.025316212E-2,-4.926844500E-3
1.984456699E1,1.451421715E-2,5.992108025E-3,-5.992108025E-3
1.986483683E1,1.344895363E-2,-4.127896391E-3,-2.263685223E-3
1.988510667E1,6.657897611E-4,-1.105211023E-2,-1.331579551E-4
1.990537652E1,-1.038632076E-2,-9.986846708E-3,9.321057005E-4
1.992564636E1,-9.853689000E-3,1.731053460E-3,9.321057005E-4
1.994591620E1,-4.127896391E-3,2.037316747E-2,1.997369342E-3
1.996618605E1,-1.464737463E-3,2.729738131E-2,1.464737463E-3
1.998645589E1,-3.994738800E-4,1.398158539E-2,5.725792143E-3
2.000672574E1,3.861580743E-3,-5.193160381E-3,7.856319658E-3
2.002699558E1,9.187898599E-3,-1.051947847E-2,7.856319658E-3
2.004726542E1,1.185105834E-2,-7.323687430E-3,4.127896391E-3
2.006753527E1,1.451421715E-2,-6.258423906E-3,1.997369342E-3
2.008780511E1,8.655266836E-3,-6.258423906E-3,1.464737463E-3
2.010807496E1,1.331579551E-4,-3.994738800E-4,3.994738800E-4
2.012847496E1,-3.062632866E-3,8.655266836E-3,1.464737463E-3
2.014861464E1,-3.595264861E-3,2.263685223E-3,6.791055668E-3
2.016888449E1,-5.725792143E-3,-1.318263728E-2,4.127896391E-3
2.018915433E1,-6.258423906E-3,-5.725792143E-3,1.997369342E-3
2.020942417E1,1.331579551E-4,1.451421715E-2,1.997369342E-3
2.022982417E1,8.655266836E-3,1.984053478E-2,3.062632866E-3
2.024996386E1,5.459476262E-3,8.655266836E-3,1.158474199E-2
2.027023371E1,-3.994738800E-4,-1.158474199E-2,2.063948289E-2
2.029050360E1,6.657897611E-4,-2.862896025E-2,2.490053698E-2
2.031077344E1,7.057371549E-3,-3.289001435E-2,1.850895584E-2
2.033117344E1,1.451421715E-2,-1.584579609E-2,3.595264861E-3
2.035131313E1,1.557948068E-2,6.524739787E-3,-5.459476262E-3
2.037158298E1,1.344895363E-2,9.187898599E-3,-8.122635074E-3
2.039185282E1,5.992108025E-3,1.731053460E-3,-3.861580743E-3
2.041212266E1,6.657897611E-4,-1.158474199E-2,3.062632866E-3
2.043252266E1,-5.193160381E-3,-1.531316526E-2,1.051947847E-2
2.045266235E1,-1.198421605E-2,1.731053460E-3,8.921583183E-3
2.047293219E1,-7.856319658E-3,1.504684892E-2,7.323687430E-3
2.049320209E1,1.198421582E-3,1.664474420E-2,6.791055668E-3
2.051347193E1,5.992108025E-3,5.459476262E-3,5.725792143E-3
2.053374178E1,4.926844500E-3,-7.856319658E-3,1.997369342E-3
2.055401162E1,3.861580743E-3,-1.211737376E-2,-6.657897611E-4
2.057428147E1,8.655266836E-3,-8.921583183E-3,-1.331579551E-4
2.059455131E1,1.238369010E-2,1.331579551E-4,-1.731053460E-3
2.061482115E1,9.187898599E-3,1.025316212E-2,-3.328948980E-3
2.063522115E1,2.263685223E-3,1.557948068E-2,-5.992108025E-3
2.065536084E1,-9.321057005E-4,9.720530361E-3,-2.796316985E-3
2.067563068E1,-1.464737463E-3,3.328948980E-3,2.530001104E-3
2.069590053E1,-6.791055668E-3,-7.323687430E-3,4.127896391E-3
2.071617042E1,-7.323687430E-3,-5.193160381E-3,-1.331579551E-4
2.073644027E1,2.263685223E-3,1.771000773E-2,3.994738800E-4
2.075671011E1,1.398158539E-2,3.155843541E-2,3.994738800E-4
2.077697996E1,1.557948068E-2,1.398158539E-2,7.856319658E-3
2.079724980E1,3.861580743E-3,-1.744369231E-2,1.265000552E-2
2.081751964E1,-3.595264861E-3,-2.809632942E-2,7.323687430E-3
2.083778949E1,3.328948980E-3,-1.424790081E-2,2.530001104E-3
2.085805933E1,1.078579482E-2,7.590003312E-3,-4.394212738E-3
2.087832917E1,7.590003312E-3,1.344895363E-2,-7.057371549E-3
2.089859902E1,5.459476262E-3,6.657897611E-4,-3.328948980E-3
2.091886886E1,3.861580743E-3,-1.211737376E-2,-1.331579551E-4
2.093913870E1,1.331579551E-4,-9.454214945E-3,1.464737463E-3
2.095940855E1,-3.994738800E-4,-1.464737463E-3,-1.198421582E-3
2.097967839E1,1.198421582E-3,5.992108025E-3,-1.331579551E-4
2.099994824E1,1.331579551E-4,7.590003312E-3,-1.731053460E-3
2.102021808E1,1.331579551E-4,3.861580743E-3,-2.263685223E-3
2.104048792E1,6.657897611E-4,-9.321057005E-4,-1.198421582E-3
2.106075777E1,1.198421582E-3,-7.323687430E-3,-2.263685223E-3
2.108102761E1,3.861580743E-3,-4.127896391E-3,-2.796316985E-3
2.110129746E1,8.122635074E-3,4.926844500E-3,-2.263685223E-3
2.112156730E1,1.078579482E-2,6.524739787E-3,-2.263685223E-3
2.114183714E1,1.025316212E-2,6.657897611E-4,-1.198421582E-3
2.116210699E1,4.394212738E-3,-7.323687430E-3,-6.657897611E-4
2.118237683E1,6.657897611E-4,-7.856319658E-3,-1.731053460E-3
2.120264667E1,-4.660528619E-3,-1.464737463E-3,-1.331579551E-4
2.122291652E1,-7.856319658E-3,-8.921583183E-3,-1.731053460E-3
2.124318636E1,-7.856319658E-3,-1.371526904E-2,-9.187898599E-3
2.126345620E1,6.657897611E-4,8.655266836E-3,-9.720530361E-3
2.128372600E1,1.344895363E-2,3.581948951E-2,-1.185105834E-2
2.130399589E1,1.664474420E-2,3.901528195E-2,-7.057371549E-3
2.132426568E1,4.394212738E-3,9.187898599E-3,1.464737463E-3
2.134453553E1,-1.038632076E-2,-2.490053698E-2,9.454214945E-3
2.136480537E1,-1.198421605E-2,-3.874896467E-2,9.454214945E-3
2.138507522E1,-6.258423906E-3,-2.010685205E-2,1.997369342E-3
2.140534506E1,-4.660528619E-3,1.398158539E-2,-9.187898599E-3
2.142565423E1,-3.994738800E-4,2.889527567E-2,-1.824264042E-2
2.144588480E1,7.057371549E-3,1.664474420E-2,-1.877527125E-2
2.146615464E1,8.655266836E-3,-3.062632866E-3,-1.504684892E-2
2.148642449E1,1.198421582E-3,-2.063948289E-2,-8.655266836E-3
2.150669428E1,-8.388951421E-3,-2.543316968E-2,-3.328948980E-3
2.152696417E1,-1.145158429E-2,-1.371526904E-2,-1.198421582E-3
2.154723391E1,-1.091895252E-2,7.590003312E-3,-3.328948980E-3
2.156750381E1,-1.145158429E-2,2.090579830E-2,-4.926844500E-3
2.158777360E1,-1.198421605E-2,1.717737690E-2,-6.524739787E-3
2.160804344E1,-8.921583183E-3,2.263685223E-3,-6.524739787E-3
2.162844344E1,-5.725792143E-3,-2.530001104E-3,-7.057371549E-3
2.164858313E1,-1.997369342E-3,-3.994738800E-4,-9.187898599E-3
2.166885298E1,4.926844500E-3,-3.994738800E-4,-5.459476262E-3
2.168912282E1,-3.994738800E-4,2.263685223E-3,-4.394212738E-3
2.170939261E1,-1.145158429E-2,6.657897611E-4,-1.331579551E-4
2.172979261E1,-1.571263932E-2,3.861580743E-3,3.994738800E-4
2.174993230E1,-1.890842989E-2,7.057371549E-3,3.595264861E-3
2.177020214E1,-2.476738021E-2,6.524739787E-3,-2.796316985E-3
2.179047199E1,-1.784316637E-2,9.720530361E-3,-5.459476262E-3
2.181074183E1,-6.791055668E-3,2.356895804E-2,-7.590003312E-3
2.183114183E1,1.731053460E-3,2.676474862E-2,-9.720530361E-3
2.185128147E1,1.331579551E-4,1.611211337E-2,-4.394212738E-3
2.187155131E1,-9.321057238E-3,6.657897611E-4,3.062632866E-3
2.189182115E1,-1.251684781E-2,-6.258423906E-3,7.323687430E-3
2.191209100E1,-1.358211134E-2,-5.725792143E-3,6.258423906E-3
2.193249100E1,-1.091895252E-2,1.025316212E-2,1.997369342E-3
2.195263063E1,-7.856319658E-3,2.516685426E-2,-2.796316985E-3
2.197290048E1,-3.595264861E-3,2.303632535E-2,-5.459476262E-3
2.199317032E1,-6.258423906E-3,7.590003312E-3,-4.394212738E-3
2.201344016E1,-7.856319658E-3,-2.530001104E-3,-1.331579551E-4
2.203384016E1,-7.856319658E-3,-3.595264861E-3,2.530001104E-3
2.205397980E1,-5.193160381E-3,-9.321057005E-4,4.660528619E-3
2.207424964E1,-4.127896391E-3,7.590003312E-3,5.193160381E-3
2.209451949E1,-6.258423906E-3,1.238369010E-2,4.127896391E-3
2.211478933E1,-7.856319658E-3,9.720530361E-3,2.530001104E-3
2.213505912E1,-7.323687430E-3,-1.464737463E-3,9.321057005E-4
2.215532897E1,-3.595264861E-3,-8.388951421E-3,1.464737463E-3
2.217559881E1,-1.464737463E-3,-3.062632866E-3,-3.328948980E-3
2.219586860E1,-1.997369342E-3,3.328948980E-3,-4.394212738E-3
2.221613844E1,6.657897611E-4,4.394212738E-3,-4.394212738E-3
2.223640829E1,4.394212738E-3,-1.997369342E-3,-1.731053460E-3
2.225667813E1,-2.530001104E-3,-9.454214945E-3,9.321057005E-4
2.227694798E1,-1.251684781E-2,-7.323687430E-3,9.321057005E-4
2.229721777E1,-1.518000662E-2,-1.105211023E-2,-6.657897611E-4
2.231748761E1,-9.853689000E-3,-1.105211023E-2,-5.992108025E-3
2.233775746E1,-3.062632866E-3,-9.321057005E-4,-7.590003312E-3
2.235802725E1,-1.997369342E-3,1.557948068E-2,-9.187898599E-3
2.237829709E1,-3.595264861E-3,2.037316747E-2,-8.655266836E-3
2.239856693E1,-8.921583183E-3,1.025316212E-2,9.321057005E-4
2.241883678E1,-9.321057238E-3,-5.193160381E-3,9.986846708E-3
2.243910657E1,-8.388951421E-3,-1.211737376E-2,1.371526904E-2
2.245937641E1,-5.193160381E-3,-8.388951421E-3,8.388951421E-3
2.247964626E1,-9.321057005E-4,4.926844500E-3,-1.731053460E-3
2.249991610E1,5.459476262E-3,1.291632187E-2,-8.122635074E-3
2.252018594E1,7.057371549E-3,9.720530361E-3,-7.057371549E-3
2.254045574E1,-3.595264861E-3,-3.994738800E-4,-1.198421582E-3
2.256072558E1,-1.571263932E-2,-7.856319658E-3,5.725792143E-3
2.258099542E1,-1.038632076E-2,-6.258423906E-3,9.454214945E-3
2.260126522E1,-5.725792143E-3,9.187898599E-3,1.105211023E-2
2.262153506E1,-2.530001104E-3,1.611211337E-2,1.051947847E-2
2.264180490E1,-1.464737463E-3,1.451421715E-2,8.388951421E-3
2.266207475E1,-1.464737463E-3,5.992108025E-3,6.791055668E-3
2.268234454E1,1.331579551E-4,-8.921583183E-3,7.323687430E-3
2.270261438E1,2.796316985E-3,-1.584579609E-2,8.388951421E-3
2.272288423E1,1.731053460E-3,-1.051947847E-2,7.856319658E-3
2.274315407E1,1.198421582E-3,-5.725792143E-3,5.725792143E-3
2.276342391E1,2.263685223E-3,-3.595264861E-3,5.725792143E-3
2.278369376E1,1.198421582E-3,1.731053460E-3,4.660528619E-3
2.280396355E1,1.198421582E-3,5.459476262E-3,4.660528619E-3
2.282423339E1,-3.994738800E-4,5.459476262E-3,8.921583183E-3
2.284450324E1,-3.062632866E-3,-1.158474199E-2,1.211737376E-2
2.286477308E1,-7.323687430E-3,-2.596580051E-2,8.388951421E-3
2.288504292E1,-6.791055668E-3,-7.856319658E-3,6.258423906E-3
2.290531272E1,2.796316985E-3,1.451421715E-2,4.127896391E-3
2.292558256E1,1.238369010E-2,1.771000773E-2,8.388951421E-3
2.294585240E1,8.655266836E-3,-1.997369342E-3,1.371526904E-2
2.296612225E1,1.331579551E-4,-2.543316968E-2,1.637842879E-2
2.298639209E1,-3.062632866E-3,-3.608580679E-2,1.318263728E-2
2.300666193E1,-1.464737463E-3,-2.010685205E-2,5.193160381E-3
2.302693178E1,3.328948980E-3,1.331579551E-4,-1.198421582E-3
2.304720157E1,1.025316212E-2,1.025316212E-2,-2.796316985E-3
2.306760157E1,1.451421715E-2,5.992108025E-3,3.595264861E-3
2.308774126E1,1.185105834E-2,-1.265000552E-2,9.986846708E-3
2.310801110E1,7.057371549E-3,-2.010685205E-2,1.211737376E-2
2.312841110E1,5.992108025E-3,-1.584579609E-2,1.318263728E-2
2.314855079E1,9.187898599E-3,-1.105211023E-2,1.211737376E-2
2.316882063E1,8.655266836E-3,-5.193160381E-3,1.051947847E-2
2.318909048E1,7.057371549E-3,-1.464737463E-3,5.725792143E-3
2.320936032E1,7.590003312E-3,9.187898599E-3,1.997369342E-3
2.322976032E1,1.078579482E-2,2.037316747E-2,-6.657897611E-4
2.324990001E1,1.078579482E-2,2.836264484E-2,-4.394212738E-3
2.327016985E1,5.992108025E-3,2.303632535E-2,-5.992108025E-3
2.329043969E1,-1.464737463E-3,1.984053478E-2,-2.263685223E-3
2.331070954E1,-5.193160381E-3,2.996053919E-2,3.595264861E-3
2.333110954E1,-1.464737463E-3,4.008054361E-2,5.725792143E-3
2.335124923E1,3.861580743E-3,4.221107066E-2,7.323687430E-3
2.337151907E1,3.328948980E-3,3.102580272E-2,8.388951421E-3
2.339178891E1,7.057371549E-3,-2.530001104E-3,3.595264861E-3
2.341205876E1,1.398158539E-2,-1.850895584E-2,1.464737463E-3
2.343245876E1,1.984053478E-2,2.796316985E-3,-4.926844500E-3
2.345259850E1,1.984053478E-2,1.611211337E-2,-1.025316212E-2
2.347286834E1,1.131842658E-2,8.655266836E-3,-6.657897611E-4
2.349313818E1,5.992108025E-3,-1.424790081E-2,1.051947847E-2
2.351340803E1,8.655266836E-3,-3.715106845E-2,1.797632314E-2
2.353367787E1,8.655266836E-3,-2.543316968E-2,1.371526904E-2
2.355394772E1,1.025316212E-2,-1.997369342E-3,3.062632866E-3
2.357421761E1,1.611211337E-2,-1.997369342E-3,-5.992108025E-3
2.359448751E1,1.877527125E-2,-1.105211023E-2,-1.078579482E-2
2.361475735E1,1.877527125E-2,-2.330264263E-2,-7.590003312E-3
2.363502719E1,2.090579830E-2,-3.075948730E-2,-2.263685223E-3
2.365529704E1,2.410159074E-2,-3.129211813E-2,1.997369342E-3
2.367556693E1,2.143843099E-2,-3.555317223E-2,5.725792143E-3
2.369583678E1,1.238369010E-2,-3.874896467E-2,7.323687430E-3
2.371610662E1,1.131842658E-2,-3.289001435E-2,6.258423906E-3
2.373637647E1,8.122635074E-3,-1.744369231E-2,9.321057005E-4
2.375664636E1,4.394212738E-3,-1.211737376E-2,-3.861580743E-3
2.377691621E1,9.720530361E-3,-1.850895584E-2,-3.861580743E-3
2.379718610E1,2.197106183E-2,-2.862896025E-2,1.464737463E-3
2.381745589E1,2.676474862E-2,-3.448791057E-2,5.725792143E-3
2.383772584E1,2.569948509E-2,-3.768370301E-2,1.371526904E-2
2.385799568E1,2.356895804E-2,-5.206476152E-2,1.957421936E-2
2.387826553E1,1.877527125E-2,-5.632581562E-2,2.330264263E-2
2.389853542E1,1.291632187E-2,-4.780370742E-2,2.330264263E-2
2.391880527E1,1.131842658E-2,-4.993423447E-2,1.904158667E-2
2.393907516E1,1.078579482E-2,-5.366265774E-2,1.211737376E-2
2.395934506E1,1.238369010E-2,-3.448791057E-2,9.986846708E-3
2.397961485E1,1.451421715E-2,6.657897611E-4,1.997369342E-3
2.399988480E1,1.930790395E-2,1.025316212E-2,1.464737463E-3
2.402015469E1,1.185105834E-2,1.731053460E-3,9.986846708E-3
2.404042454E1,1.198421582E-3,-1.904158667E-2,1.158474199E-2
2.406069443E1,1.198421582E-3,-2.916159295E-2,7.323687430E-3
2.408096428E1,1.078579482E-2,-7.856319658E-3,2.530001104E-3
2.410123417E1,1.398158539E-2,1.877527125E-2,-4.926844500E-3
2.412150407E1,1.557948068E-2,2.623211779E-2,-7.590003312E-3
2.414177397E1,1.504684892E-2,2.250369452E-2,-4.394212738E-3
2.416204376E1,1.185105834E-2,1.504684892E-2,4.660528619E-3
2.418231371E1,5.459476262E-3,1.344895363E-2,6.791055668E-3
2.420258360E1,-3.994738800E-4,2.356895804E-2,5.725792143E-3
2.422285350E1,-3.062632866E-3,3.422159329E-2,4.660528619E-3
2.424312334E1,-3.994738800E-4,3.688475490E-2,2.530001104E-3
2.426339324E1,3.861580743E-3,3.315633163E-2,1.464737463E-3
2.428366308E1,7.057371549E-3,2.836264484E-2,3.994738800E-4
2.430393303E1,6.524739787E-3,2.569948509E-2,3.994738800E-4
2.432420287E1,5.459476262E-3,2.463422157E-2,3.994738800E-4
2.434447277E1,5.459476262E-3,2.090579830E-2,-2.796316985E-3
2.436474266E1,4.394212738E-3,1.664474420E-2,3.994738800E-4
2.438501256E1,2.263685223E-3,1.451421715E-2,6.258423906E-3
2.440528246E1,1.331579551E-4,1.185105834E-2,9.986846708E-3
2.442555235E1,3.861580743E-3,1.664474420E-2,9.454214945E-3
2.444582225E1,9.187898599E-3,1.557948068E-2,1.105211023E-2
2.446609214E1,8.122635074E-3,-6.791055668E-3,7.856319658E-3
2.448649214E1,7.590003312E-3,-1.957421936E-2,2.530001104E-3
2.450663193E1,9.720530361E-3,-1.105211023E-2,-6.657897611E-4
2.452690183E1,1.291632187E-2,2.263685223E-3,-7.057371549E-3
2.454717173E1,1.078579482E-2,1.771000773E-2,-4.926844500E-3
2.456744162E1,2.796316985E-3,2.569948509E-2,7.323687430E-3
2.458771152E1,-3.595264861E-3,1.185105834E-2,1.904158667E-2
2.460798141E1,-4.660528619E-3,-1.158474199E-2,2.490053698E-2
2.462838141E1,-5.193160381E-3,-7.856319658E-3,1.744369231E-2
2.464852126E1,4.394212738E-3,1.398158539E-2,5.725792143E-3
2.466879115E1,1.504684892E-2,3.528685868E-2,-1.331579551E-4
2.468906105E1,1.664474420E-2,2.516685426E-2,3.994738800E-4
2.470933094E1,5.992108025E-3,-2.530001104E-3,9.321057005E-4
2.472973094E1,-3.595264861E-3,-7.323687430E-3,1.997369342E-3
2.474987074E1,-9.321057005E-4,1.025316212E-2,2.530001104E-3
2.477014058E1,8.122635074E-3,2.516685426E-2,5.725792143E-3
2.479041058E1,8.122635074E-3,2.463422157E-2,8.388951421E-3
2.481068048E1,-1.464737463E-3,1.025316212E-2,6.791055668E-3
2.483108048E1,-4.127896391E-3,6.657897611E-4,4.660528619E-3
2.485122027E1,3.328948980E-3,9.187898599E-3,-1.331579551E-4
2.487149016E1,1.398158539E-2,1.930790395E-2,-2.263685223E-3
2.489176011E1,1.504684892E-2,1.611211337E-2,-1.198421582E-3
2.491203001E1,8.655266836E-3,6.524739787E-3,1.997369342E-3
2.493243001E1,-3.994738800E-4,-4.660528619E-3,3.062632866E-3
2.495256980E1,-3.595264861E-3,-9.986846708E-3,4.127896391E-3
2.497283975E1,1.198421582E-3,6.657897611E-4,6.791055668E-3
2.499310964E1,1.731053460E-3,1.451421715E-2,6.791055668E-3
2.501337954E1,-1.997369342E-3,6.524739787E-3,4.127896391E-3
2.503377954E1,6.657897611E-4,-6.258423906E-3,-6.657897611E-4
2.505391938E1,1.185105834E-2,2.263685223E-3,-3.861580743E-3
2.507418928E1,1.451421715E-2,1.078579482E-2,-1.185105834E-2
2.509445917E1,8.655266836E-3,1.078579482E-2,-9.720530361E-3
2.511472912E1,3.328948980E-3,7.590003312E-3,-6.657897611E-4
2.513512912E1,1.731053460E-3,2.263685223E-3,7.856319658E-3
2.515526896E1,2.796316985E-3,-7.856319658E-3,1.531316526E-2
2.517553886E1,6.524739787E-3,-1.158474199E-2,1.265000552E-2
2.519580876E1,1.131842658E-2,-7.323687430E-3,4.127896391E-3
2.521607870E1,1.930790395E-2,-2.530001104E-3,-1.731053460E-3
2.523634855E1,2.250369452E-2,-9.454214945E-3,-1.198421582E-3
2.525661855E1,1.771000773E-2,-2.809632942E-2,1.464737463E-3
2.527688844E1,2.796316985E-3,-2.436790615E-2,3.062632866E-3
2.529715834E1,-5.725792143E-3,-7.856319658E-3,1.464737463E-3
2.531742829E1,-3.595264861E-3,3.861580743E-3,-1.331579551E-4
2.533769824E1,-1.997369342E-3,1.238369010E-2,1.464737463E-3
2.535796813E1,-1.464737463E-3,1.131842658E-2,1.997369342E-3
2.537823808E1,6.657897611E-4,3.328948980E-3,1.464737463E-3
2.539850798E1,2.263685223E-3,6.657897611E-4,-1.731053460E-3
2.541877792E1,3.861580743E-3,2.796316985E-3,-1.731053460E-3
2.543904787E1,4.394212738E-3,-1.464737463E-3,-3.328948980E-3
2.545931777E1,3.328948980E-3,-7.856319658E-3,-3.328948980E-3
2.547958772E1,-1.464737463E-3,-4.660528619E-3,-1.198421582E-3
2.549985766E1,-7.856319658E-3,1.185105834E-2,1.997369342E-3
2.552012756E1,-7.856319658E-3,1.930790395E-2,1.464737463E-3
2.554039751E1,-7.856319658E-3,1.611211337E-2,4.660528619E-3
2.556066746E1,-4.660528619E-3,1.731053460E-3,7.856319658E-3
2.558093735E1,2.263685223E-3,-5.725792143E-3,8.921583183E-3
2.560120730E1,3.861580743E-3,-6.258423906E-3,1.211737376E-2
2.562147725E1,-1.464737463E-3,-1.584579609E-2,1.211737376E-2
2.564174719E1,-9.321057238E-3,-2.969422378E-2,1.371526904E-2
2.566201709E1,-9.853689000E-3,-2.703106403E-2,1.850895584E-2
2.568228704E1,-6.791055668E-3,-1.371526904E-2,1.850895584E-2
2.570255693E1,1.198421582E-3,-8.921583183E-3,1.424790081E-2
2.572282693E1,9.720530361E-3,-1.997369342E-3,8.388951421E-3
2.574309688E1,1.131842658E-2,1.504684892E-2,8.388951421E-3
2.576336683E1,1.025316212E-2,1.185105834E-2,1.158474199E-2
2.578363673E1,9.187898599E-3,-1.531316526E-2,1.904158667E-2
2.580390667E1,1.198421582E-3,-2.809632942E-2,2.117211558E-2
2.582417662E1,-1.997369342E-3,-1.105211023E-2,1.371526904E-2
2.584444657E1,1.238369010E-2,2.729738131E-2,5.193160381E-3
2.586471652E1,2.729738131E-2,5.446160212E-2,-1.198421582E-3
2.588498646E1,2.783001214E-2,4.647212476E-2,3.994738800E-4
2.590525641E1,1.025316212E-2,1.344895363E-2,-2.796316985E-3
2.592552636E1,-2.530001104E-2,-1.997369342E-3,-1.344895363E-2
2.594579626E1,-5.086633936E-2,2.250369452E-2,-2.836264484E-2
2.596606626E1,-4.926844314E-2,7.310371846E-2,-3.475422785E-2
2.598633620E1,-1.624527015E-2,1.093226820E-1,-2.623211779E-2
2.600660610E1,1.451421715E-2,9.867004305E-2,-7.057371549E-3
2.602687605E1,2.090579830E-2,4.008054361E-2,9.454214945E-3
2.604714600E1,1.331579551E-4,-1.318263728E-2,1.584579609E-2
2.606741594E1,-1.997369342E-2,-3.395527974E-2,1.478053257E-2
2.608768589E1,-1.731053367E-2,-3.928159550E-2,1.424790081E-2
2.610795584E1,-9.321057238E-3,-2.969422378E-2,5.193160381E-3
2.612835584E1,-9.321057238E-3,-2.530001104E-3,-4.394212738E-3
2.614849574E1,-3.595264861E-3,3.848264739E-2,-1.451421715E-2
2.616876568E1,1.451421715E-2,5.712476373E-2,-1.771000773E-2
2.618903563E1,1.824264042E-2,3.901528195E-2,-8.122635074E-3
2.620930558E1,-5.725792143E-3,1.198421582E-3,6.791055668E-3
2.622970558E1,-2.689790726E-2,-3.342264518E-2,1.744369231E-2
2.624984553E1,-2.423474751E-2,-4.567318037E-2,1.584579609E-2
2.627011548E1,-1.251684781E-2,-6.791055668E-3,5.193160381E-3
2.629038542E1,1.198421582E-3,3.635212034E-2,-3.328948980E-3
2.631065537E1,9.187898599E-3,3.315633163E-2,-9.720530361E-3
2.633105537E1,3.328948980E-3,6.657897611E-4,-1.611211337E-2
2.635119527E1,-5.725792143E-3,-2.490053698E-2,-1.611211337E-2
2.637146522E1,-3.994738800E-4,-2.862896025E-2,-1.344895363E-2
2.639173516E1,7.590003312E-3,-3.555317223E-2,-6.524739787E-3
2.641200511E1,-4.660528619E-3,-3.874896467E-2,-3.328948980E-3
2.643240511E1,-2.157158963E-2,-3.235738352E-2,-2.796316985E-3
2.645254501E1,-2.263685316E-2,-1.158474199E-2,-5.459476262E-3
2.647281501E1,-1.358211134E-2,1.078579482E-2,-7.057371549E-3
2.649308496E1,-7.323687430E-3,1.078579482E-2,-9.187898599E-3
2.651335490E1,-4.660528619E-3,-6.258423906E-3,-5.992108025E-3
2.653362485E1,-6.791055668E-3,-2.063948289E-2,-7.057371549E-3
2.655389475E1,-8.388951421E-3,-2.862896025E-2,-1.731053460E-3
2.657416475E1,-9.321057238E-3,-2.649843320E-2,1.464737463E-3
2.659443469E1,-1.411474310E-2,-1.637842879E-2,3.994738800E-4
2.661470469E1,-2.370211668E-2,2.263685223E-3,-3.328948980E-3
2.663497464E1,-2.689790726E-2,1.451421715E-2,-4.394212738E-3
2.665524459E1,-1.677790284E-2,1.930790395E-2,-5.992108025E-3
2.667551454E1,-9.321057005E-4,2.569948509E-2,-8.122635074E-3
2.669578454E1,3.328948980E-3,2.516685426E-2,-5.992108025E-3
2.671605449E1,-1.464737463E-3,1.198421582E-3,-2.796316985E-3
2.673632443E1,-1.518000662E-2,-1.637842879E-2,7.856319658E-3
2.675659438E1,-2.636527456E-2,-1.424790081E-2,1.211737376E-2
2.677686433E1,-2.476738021E-2,-9.321057005E-4,7.323687430E-3
2.679713428E1,-1.624527015E-2,1.930790395E-2,-1.731053460E-3
2.681740428E1,-5.725792143E-3,4.008054361E-2,-1.291632187E-2
2.683767423E1,-3.994738800E-4,3.581948951E-2,-1.824264042E-2
2.685794417E1,-3.062632866E-3,2.037316747E-2,-1.557948068E-2
2.687821412E1,-9.321057238E-3,6.657897611E-4,-7.590003312E-3
2.689848402E1,-1.464737486E-2,-1.105211023E-2,-1.731053460E-3
2.691875407E1,-1.624527015E-2,-1.997369342E-3,9.321057005E-4
2.693902402E1,-1.304947957E-2,1.771000773E-2,3.994738800E-4
2.695929396E1,-1.251684781E-2,1.984053478E-2,-1.331579551E-4
2.697956391E1,-1.198421605E-2,7.057371549E-3,-1.731053460E-3
2.699983391E1,-8.388951421E-3,-4.127896391E-3,-3.861580743E-3
2.702010386E1,-9.321057005E-4,-3.062632866E-3,-3.328948980E-3
2.704037381E1,2.796316985E-3,2.796316985E-3,-2.796316985E-3
2.706064376E1,2.263685223E-3,6.657897611E-4,-2.263685223E-3
2.708091370E1,2.263685223E-3,-7.856319658E-3,-1.731053460E-3
2.710118365E1,3.861580743E-3,-1.637842879E-2,-1.331579551E-4
2.712145365E1,-9.321057005E-4,-1.691105962E-2,-2.263685223E-3
2.714172360E1,6.657897611E-4,-1.265000552E-2,-1.731053460E-3
2.716199355E1,-9.321057005E-4,-3.595264861E-3,3.062632866E-3
2.718226350E1,-7.856319658E-3,-1.105211023E-2,1.997369342E-3
2.720253344E1,-1.038632076E-2,-1.691105962E-2,-2.796316985E-3
2.722280339E1,-1.997369342E-3,2.796316985E-3,-4.926844500E-3
2.724307334E1,1.025316212E-2,1.664474420E-2,-7.590003312E-3
2.726334324E1,1.131842658E-2,7.590003312E-3,-8.122635074E-3
2.728361324E1,-1.464737463E-3,-6.791055668E-3,9.321057005E-4
2.730388324E1,-5.725792143E-3,-2.010685205E-2,7.856319658E-3
2.732415318E1,-3.994738800E-4,-2.063948289E-2,6.791055668E-3
2.734442313E1,5.992108025E-3,-7.856319658E-3,1.464737463E-3
2.736469308E1,8.122635074E-3,9.187898599E-3,-7.057371549E-3
2.738496303E1,8.655266836E-3,1.291632187E-2,-1.078579482E-2
2.740523298E1,7.057371549E-3,5.992108025E-3,-8.655266836E-3
2.742550292E1,1.198421582E-3,-6.258423906E-3,-3.328948980E-3
2.744577282E1,-2.530001104E-3,-8.388951421E-3,4.660528619E-3
2.746604282E1,-1.464737463E-3,-2.530001104E-3,7.323687430E-3
2.748631272E1,1.731053460E-3,1.185105834E-2,6.791055668E-3
2.750658272E1,3.861580743E-3,2.569948509E-2,5.725792143E-3
2.752685261E1,5.459476262E-3,2.303632535E-2,4.127896391E-3
2.754712256E1,7.057371549E-3,7.057371549E-3,4.127896391E-3
2.756739251E1,5.459476262E-3,-8.388951421E-3,3.062632866E-3
2.758766246E1,5.459476262E-3,-9.986846708E-3,-1.731053460E-3
2.760793240E1,9.720530361E-3,3.328948980E-3,-5.992108025E-3
2.762832115E1,1.557948068E-2,1.771000773E-2,-8.122635074E-3
2.764847230E1,1.557948068E-2,2.037316747E-2,-7.057371549E-3
2.766874225E1,1.025316212E-2,1.291632187E-2,-3.328948980E-3
2.768901219E1,5.459476262E-3,2.263685223E-3,1.997369342E-3
2.770928214E1,3.328948980E-3,-3.595264861E-3,5.725792143E-3
2.772968214E1,-3.994738800E-4,-7.856319658E-3,5.725792143E-3
2.774982199E1,-1.464737463E-3,-8.388951421E-3,9.321057005E-4
2.777009193E1,5.459476262E-3,3.861580743E-3,-3.328948980E-3
2.779036188E1,1.451421715E-2,1.557948068E-2,-7.057371549E-3
2.781063183E1,1.984053478E-2,1.504684892E-2,-5.992108025E-3
2.783103183E1,1.557948068E-2,6.524739787E-3,-1.198421582E-3
2.785117167E1,7.590003312E-3,-1.158474199E-2,9.986846708E-3
2.787144162E1,1.731053460E-3,-2.649843320E-2,1.424790081E-2
2.789171157E1,1.731053460E-3,-2.809632942E-2,1.105211023E-2
2.791198146E1,7.057371549E-3,-1.691105962E-2,-1.198421582E-3
2.793238147E1,1.504684892E-2,6.524739787E-3,-1.238369010E-2
2.795252136E1,2.143843099E-2,1.771000773E-2,-1.717737690E-2
2.797279126E1,2.410159074E-2,9.187898599E-3,-1.344895363E-2
2.799306120E1,1.717737690E-2,-1.584579609E-2,-6.524739787E-3
2.801333115E1,5.459476262E-3,-3.448791057E-2,-6.657897611E-4
2.803373115E1,-3.062632866E-3,-3.395527974E-2,-1.198421582E-3
2.805387100E1,-4.127896391E-3,-1.531316526E-2,-1.198421582E-3
2.807414089E1,-2.530001104E-3,1.131842658E-2,-3.861580743E-3
2.809441084E1,-4.660528619E-3,3.688475490E-2,-7.590003312E-3
2.811468079E1,-1.464737463E-3,4.807002097E-2,-1.238369010E-2
2.813495068E1,7.057371549E-3,3.795001656E-2,-1.291632187E-2
2.815522058E1,1.131842658E-2,1.930790395E-2,-1.451421715E-2
2.817549053E1,8.655266836E-3,3.861580743E-3,-1.451421715E-2
2.819576048E1,3.861580743E-3,7.057371549E-3,-1.185105834E-2
2.821603037E1,3.861580743E-3,1.877527125E-2,-9.720530361E-3
2.823630027E1,2.796316985E-3,3.475422785E-2,-5.459476262E-3
2.825657022E1,6.657897611E-4,3.581948951E-2,9.321057005E-4
2.827684011E1,-1.997369342E-3,1.131842658E-2,3.062632866E-3
2.829711006E1,6.657897611E-4,-1.904158667E-2,3.062632866E-3
2.831737996E1,1.078579482E-2,-3.502054140E-2,6.791055668E-3
2.833764985E1,2.356895804E-2,-3.555317223E-2,5.725792143E-3
2.835791980E1,3.954791278E-2,-3.821633384E-2,1.265000552E-2
2.837818969E1,4.966791719E-2,-6.165213138E-2,1.691105962E-2
2.839858969E1,4.860265180E-2,-9.680583328E-2,2.223737910E-2
2.841872949E1,3.635212034E-2,-1.308942735E-1,2.277000993E-2
2.843899943E1,2.729738131E-2,-1.436774284E-1,1.531316526E-2
2.845926933E1,2.410159074E-2,-1.181111038E-1,1.464737463E-3
2.847953923E1,2.197106183E-2,-7.816372067E-2,-1.131842658E-2
2.849980912E1,1.451421715E-2,-4.886896908E-2,-1.824264042E-2
2.852007902E1,1.731053460E-3,-2.543316968E-2,-1.611211337E-2
2.854034891E1,-3.595264861E-3,-2.596580051E-2,-9.187898599E-3
2.856061881E1,6.657897611E-4,-4.567318037E-2,9.321057005E-4
2.858088876E1,6.657897611E-4,-4.673844203E-2,1.371526904E-2
2.860115865E1,-4.127896391E-3,-3.235738352E-2,2.170474641E-2
2.862142855E1,2.796316985E-3,-3.075948730E-2,2.596580051E-2
2.864169844E1,1.664474420E-2,-4.354264960E-2,2.649843320E-2
2.866196834E1,2.356895804E-2,-5.739107728E-2,2.596580051E-2
2.868223824E1,2.410159074E-2,-6.484792382E-2,2.543316968E-2
2.870250813E1,1.877527125E-2,-6.378266215E-2,1.744369231E-2
2.872277803E1,1.344895363E-2,-4.886896908E-2,7.323687430E-3
2.874304792E1,1.504684892E-2,-4.727107286E-2,4.660528619E-3
2.876331782E1,1.291632187E-2,-3.289001435E-2,-1.731053460E-3
2.878358772E1,1.198421582E-3,1.331579551E-4,-3.328948980E-3
2.880385756E1,-7.856319658E-3,2.783001214E-2,3.595264861E-3
2.882412746E1,-1.145158429E-2,3.795001656E-2,5.725792143E-3
2.884439735E1,-1.038632076E-2,3.741738573E-2,6.258423906E-3
2.886466725E1,-7.323687430E-3,4.274370521E-2,5.193160381E-3
2.888493709E1,1.331579551E-4,4.753739014E-2,3.595264861E-3
2.890520699E1,5.992108025E-3,3.741738573E-2,8.388951421E-3
2.892547688E1,1.331579551E-4,3.209106624E-2,1.318263728E-2
2.894574678E1,-1.411474310E-2,2.037316747E-2,1.478053257E-2
2.896601662E1,-1.464737486E-2,-4.127896391E-3,1.211737376E-2
2.898628652E1,-1.038632076E-2,-8.388951421E-3,4.127896391E-3
2.900655641E1,-2.530001104E-3,1.557948068E-2,-4.926844500E-3
2.902682626E1,3.328948980E-3,5.073318258E-2,-9.720530361E-3
2.904709615E1,3.328948980E-3,5.552686751E-2,-1.238369010E-2
2.906736600E1,-5.725792143E-3,4.540686309E-2,-9.187898599E-3
2.908763589E1,-1.304947957E-2,2.516685426E-2,-6.524739787E-3
2.910790574E1,-1.411474310E-2,9.187898599E-3,3.994738800E-4
2.912829443E1,-1.677790284E-2,1.344895363E-2,-6.657897611E-4
2.914844548E1,-1.624527015E-2,1.717737690E-2,-6.657897611E-4
2.916871537E1,-1.358211134E-2,1.664474420E-2,-3.328948980E-3
2.918898522E1,-6.258423906E-3,1.771000773E-2,-4.394212738E-3
2.920925506E1,-3.994738800E-4,2.410159074E-2,-2.263685223E-3
2.922965506E1,-3.994738800E-4,1.078579482E-2,-1.731053460E-3
2.924979480E1,1.331579551E-4,-1.478053257E-2,-2.263685223E-3
2.927006464E1,4.926844500E-3,-4.247738793E-2,3.595264861E-3
2.929033454E1,3.861580743E-3,-3.821633384E-2,2.530001104E-3
2.931060438E1,-9.321057005E-4,-1.904158667E-2,-1.731053460E-3
2.933100438E1,2.263685223E-3,-3.595264861E-3,-1.731053460E-3
2.935114412E1,2.263685223E-3,-6.258423906E-3,9.321057005E-4
2.937141397E1,-2.530001104E-3,-2.969422378E-2,-1.731053460E-3
2.939168381E1,-4.127896391E-3,-2.543316968E-2,9.321057005E-4
2.941195365E1,1.198421582E-3,-9.454214945E-3,1.997369342E-3
2.943235365E1,9.187898599E-3,-8.921583183E-3,5.193160381E-3
2.945249334E1,1.198421582E-3,-2.436790615E-2,1.318263728E-2
2.947276313E1,-8.388951421E-3,-4.407528415E-2,1.531316526E-2
2.949303303E1,-5.725792143E-3,-6.271740049E-2,9.986846708E-3
2.951330287E1,4.394212738E-3,-4.727107286E-2,-2.263685223E-3
2.953357277E1,8.122635074E-3,-4.660528619E-3,-1.504684892E-2
2.955384261E1,1.451421715E-2,2.037316747E-2,-1.611211337E-2
2.957411240E1,1.611211337E-2,1.344895363E-2,-9.720530361E-3
2.959438225E1,2.263685223E-3,-1.158474199E-2,9.321057005E-4
2.961465209E1,-1.358211134E-2,-3.235738352E-2,7.856319658E-3
2.963505209E1,-1.624527015E-2,-2.809632942E-2,1.211737376E-2
2.965519178E1,-6.791055668E-3,-8.388951421E-3,1.105211023E-2
2.967546162E1,-2.530001104E-3,1.238369010E-2,4.660528619E-3
2.969573146E1,-6.791055668E-3,1.877527125E-2,-1.198421582E-3
2.971600126E1,-9.853689000E-3,1.398158539E-2,-4.394212738E-3
2.973627110E1,-7.856319658E-3,7.590003312E-3,-7.057371549E-3
2.975654094E1,-5.193160381E-3,1.717737690E-2,-7.590003312E-3
2.977681079E1,-5.193160381E-3,2.356895804E-2,-9.187898599E-3
2.979708058E1,-5.725792143E-3,2.356895804E-2,-5.992108025E-3
2.981735042E1,-8.388951421E-3,2.463422157E-2,-4.394212738E-3
2.983762027E1,-1.038632076E-2,2.676474862E-2,-3.328948980E-3
2.985789006E1,-7.856319658E-3,2.729738131E-2,-2.796316985E-3
2.987815990E1,-4.127896391E-3,2.143843099E-2,1.464737463E-3
2.989842969E1,-8.921583183E-3,4.394212738E-3,3.062632866E-3
2.991869954E1,-1.091895252E-2,-3.062632866E-3,1.997369342E-3
2.993896938E1,-2.530001104E-3,1.344895363E-2,3.994738800E-4
2.995923917E1,6.524739787E-3,2.623211779E-2,-4.926844500E-3
2.997950902E1,7.590003312E-3,1.824264042E-2,-3.861580743E-3
2.999977881E1,-4.127896391E-3,6.657897611E-4,4.660528619E-3
3.002004860E1,-1.784316637E-2,-1.531316526E-2,8.388951421E-3
3.004031844E1,-1.571263932E-2,-2.436790615E-2,5.725792143E-3
3.006058824E1,-5.725792143E-3,-7.856319658E-3,-3.861580743E-3
3.008085803E1,3.861580743E-3,2.143843099E-2,-1.504684892E-2
3.010112787E1,1.078579482E-2,2.729738131E-2,-1.877527125E-2
3.012139772E1,1.185105834E-2,1.238369010E-2,-1.398158539E-2
3.014166751E1,3.328948980E-3,-5.725792143E-3,-7.057371549E-3
3.016193730E1,-6.258423906E-3,-2.383527346E-2,1.997369342E-3
3.018220714E1,-9.853689000E-3,-3.608580679E-2,4.660528619E-3
3.020247693E1,-1.145158429E-2,-2.703106403E-2,4.127896391E-3
3.022274673E1,-9.321057238E-3,-6.791055668E-3,3.062632866E-3
3.024301652E1,-5.725792143E-3,1.824264042E-2,-1.731053460E-3
3.026328636E1,6.657897611E-4,2.037316747E-2,-3.861580743E-3
3.028355615E1,5.992108025E-3,-3.994738800E-4,-4.394212738E-3
3.030382594E1,9.720530361E-3,-1.957421936E-2,-2.263685223E-3
3.032409574E1,1.185105834E-2,-3.182475269E-2,-6.657897611E-4
3.034436553E1,9.720530361E-3,-3.874896467E-2,-6.657897611E-4
3.036463532E1,-9.321057005E-4,-3.235738352E-2,9.321057005E-4
3.038490511E1,-1.038632076E-2,-1.478053257E-2,-1.198421582E-3
3.040517490E1,-1.304947957E-2,8.122635074E-3,-1.198421582E-3
3.042544469E1,-1.304947957E-2,2.356895804E-2,-2.263685223E-3
3.044571449E1,-1.518000662E-2,1.291632187E-2,-8.122635074E-3
3.046598428E1,-8.921583183E-3,3.861580743E-3,-8.655266836E-3
3.048625407E1,1.331579551E-4,7.590003312E-3,-1.025316212E-2
3.050665407E1,3.861580743E-3,6.657897611E-4,-1.025316212E-2
3.052679365E1,-3.062632866E-3,1.198421582E-3,-5.459476262E-3
3.054706344E1,-1.464737486E-2,2.263685223E-3,3.595264861E-3
3.056746344E1,-1.624527015E-2,-4.660528619E-3,7.856319658E-3
3.058760303E1,-1.251684781E-2,-4.127896391E-3,4.127896391E-3
3.060787272E1,-5.725792143E-3,4.394212738E-3,-2.796316985E-3
3.062822126E1,1.331579551E-4,1.398158539E-2,-1.131842658E-2
3.064841246E1,1.198421582E-3,1.291632187E-2,-1.504684892E-2
3.066868225E1,-1.464737463E-3,1.198421582E-3,-1.291632187E-2
3.068895199E1,-9.321057238E-3,-1.637842879E-2,-4.926844500E-3
3.070922173E1,-1.837579720E-2,-1.318263728E-2,-1.331579551E-4
3.072962173E1,-2.050632425E-2,-3.062632866E-3,2.530001104E-3
3.074976131E1,-1.518000662E-2,1.185105834E-2,2.530001104E-3
3.077003105E1,-1.304947957E-2,2.783001214E-2,-1.331579551E-4
3.079030084E1,-1.145158429E-2,1.930790395E-2,-3.328948980E-3
3.081057058E1,-5.193160381E-3,-6.791055668E-3,-3.861580743E-3
3.083097058E1,-1.997369342E-3,-2.010685205E-2,-3.861580743E-3
3.085111016E1,6.657897611E-4,-1.424790081E-2,-3.861580743E-3
3.087137990E1,3.328948980E-3,-4.660528619E-3,-6.524739787E-3
3.089164969E1,3.861580743E-3,-5.193160381E-3,-5.992108025E-3
3.091191938E1,-3.595264861E-3,-9.454214945E-3,-4.926844500E-3
3.093231938E1,-1.251684781E-2,-3.062632866E-3,-4.394212738E-3
3.095245891E1,-1.677790284E-2,1.025316212E-2,-4.926844500E-3
3.097272870E1,-1.784316637E-2,1.930790395E-2,-3.861580743E-3
3.099299844E1,-1.837579720E-2,1.185105834E-2,-5.992108025E-3
3.101326818E1,-1.464737486E-2,1.451421715E-2,-9.187898599E-3
3.103366818E1,-6.258423906E-3,2.143843099E-2,-1.238369010E-2
3.105380772E1,3.328948980E-3,1.877527125E-2,-1.344895363E-2
3.107407746E1,1.198421582E-3,1.078579482E-2,-7.057371549E-3
3.109434725E1,-7.856319658E-3,-5.725792143E-3,2.530001104E-3
3.111461699E1,-1.890842989E-2,-2.330264263E-2,6.791055668E-3
3.113488673E1,-2.103895694E-2,-3.342264518E-2,1.997369342E-3
3.115515652E1,-1.624527015E-2,-8.921583183E-3,-6.524739787E-3
3.117542626E1,-2.530001104E-3,2.197106183E-2,-1.557948068E-2
3.119569600E1,3.861580743E-3,2.729738131E-2,-2.250369452E-2
3.121596574E1,-1.464737463E-3,1.557948068E-2,-1.984053478E-2
3.123623553E1,-1.411474310E-2,-7.856319658E-3,-9.720530361E-3
3.125650527E1,-1.944106072E-2,-2.703106403E-2,-1.731053460E-3
3.127677501E1,-1.677790284E-2,-1.531316526E-2,-1.731053460E-3
3.129704475E1,-1.358211134E-2,1.504684892E-2,-2.796316985E-3
3.131731449E1,-1.358211134E-2,2.889527567E-2,-3.861580743E-3
3.133758423E1,-1.677790284E-2,1.984053478E-2,-4.926844500E-3
3.135798423E1,-2.157158963E-2,1.238369010E-2,-5.992108025E-3
3.137812371E1,-1.944106072E-2,1.398158539E-2,-4.926844500E-3
3.139852371E1,-9.853689000E-3,1.930790395E-2,-6.524739787E-3
3.141866324E1,-4.660528619E-3,2.676474862E-2,-4.926844500E-3
3.143893292E1,-6.258423906E-3,1.717737690E-2,-1.731053460E-3
3.145920266E1,-1.304947957E-2,3.861580743E-3,3.994738800E-4
3.147947240E1,-2.316948399E-2,2.796316985E-3,3.062632866E-3
3.149974214E1,-2.849580161E-2,1.611211337E-2,4.127896391E-3
3.152001188E1,-3.169159219E-2,3.635212034E-2,5.193160381E-3
3.154028162E1,-3.009369783E-2,3.475422785E-2,4.127896391E-3
3.156055136E1,-1.837579720E-2,3.155843541E-2,9.321057005E-4
3.158082110E1,-4.660528619E-3,4.753739014E-2,3.994738800E-4
3.160122110E1,1.731053460E-3,4.966791719E-2,-1.331579551E-4
3.162136053E1,-1.464737463E-3,3.528685868E-2,6.258423906E-3
3.164163027E1,-2.530001104E-3,1.771000773E-2,1.797632314E-2
3.166190001E1,-1.997369342E-3,2.263685223E-3,2.703106403E-2
3.168216975E1,-3.062632866E-3,-1.318263728E-2,2.277000993E-2
3.170243943E1,-3.994738800E-4,-9.986846708E-3,1.211737376E-2
3.172270917E1,7.590003312E-3,2.037316747E-2,-6.657897611E-4
3.174297891E1,1.451421715E-2,2.783001214E-2,-1.198421582E-3
3.176324860E1,5.459476262E-3,1.504684892E-2,1.464737463E-3
3.178351834E1,-1.145158429E-2,-7.323687430E-3,7.856319658E-3
3.180378803E1,-1.890842989E-2,-1.584579609E-2,1.105211023E-2
3.182405777E1,-1.251684781E-2,-3.595264861E-3,1.105211023E-2
3.184432751E1,-3.062632866E-3,1.717737690E-2,1.051947847E-2
3.186459719E1,4.926844500E-3,1.824264042E-2,9.454214945E-3
3.188486693E1,4.394212738E-3,-1.464737463E-3,9.986846708E-3
3.190513662E1,3.328948980E-3,-2.649843320E-2,8.921583183E-3
3.192540636E1,6.524739787E-3,-3.395527974E-2,8.388951421E-3
3.194567605E1,1.185105834E-2,-2.649843320E-2,4.127896391E-3
3.196594579E1,1.557948068E-2,-1.531316526E-2,1.997369342E-3
3.198621548E1,1.717737690E-2,-1.584579609E-2,6.791055668E-3
3.200648516E1,1.238369010E-2,-1.797632314E-2,1.211737376E-2
3.202675490E1,3.328948980E-3,-2.277000993E-2,1.265000552E-2
3.204702459E1,-5.725792143E-3,-1.744369231E-2,1.478053257E-2
3.206729433E1,-7.323687430E-3,-7.323687430E-3,1.478053257E-2
3.208756402E1,-1.997369342E-3,-8.388951421E-3,1.158474199E-2
3.210783371E1,6.524739787E-3,-1.531316526E-2,6.791055668E-3
3.212814282E1,1.025316212E-2,-1.464737463E-3,5.725792143E-3
3.214837318E1,1.344895363E-2,8.655266836E-3,4.660528619E-3
3.216864287E1,1.451421715E-2,6.657897611E-4,1.478053257E-2
3.218891256E1,7.590003312E-3,-1.158474199E-2,2.170474641E-2
3.220918230E1,6.657897611E-4,-2.063948289E-2,2.117211558E-2
3.222958230E1,1.198421582E-3,-2.277000993E-2,1.318263728E-2
3.224972167E1,5.459476262E-3,-3.595264861E-3,3.595264861E-3
3.226999136E1,8.122635074E-3,1.078579482E-2,-4.926844500E-3
3.229026105E1,9.187898599E-3,2.037316747E-2,-5.992108025E-3
3.231053079E1,4.926844500E-3,1.557948068E-2,2.530001104E-3
3.233093079E1,-4.127896391E-3,4.394212738E-3,5.725792143E-3
3.235107016E1,-3.062632866E-3,-3.062632866E-3,9.986846708E-3
3.237133980E1,4.394212738E-3,3.861580743E-3,1.105211023E-2
3.239160949E1,6.524739787E-3,1.398158539E-2,7.856319658E-3
3.241187917E1,6.657897611E-4,2.197106183E-2,6.258423906E-3
3.243227917E1,-5.193160381E-3,2.250369452E-2,3.595264861E-3
3.245241855E1,-3.595264861E-3,1.664474420E-2,1.997369342E-3
3.247268824E1,-9.321057005E-4,1.238369010E-2,2.530001104E-3
3.249295792E1,4.926844500E-3,9.720530361E-3,4.660528619E-3
3.251322761E1,4.926844500E-3,8.122635074E-3,4.127896391E-3
3.253349730E1,2.796316985E-3,8.655266836E-3,4.127896391E-3
3.255376699E1,-1.464737463E-3,1.344895363E-2,4.660528619E-3
3.257403667E1,-5.193160381E-3,1.877527125E-2,5.193160381E-3
3.259430636E1,-3.062632866E-3,2.303632535E-2,7.323687430E-3
3.261457605E1,-3.062632866E-3,2.250369452E-2,1.371526904E-2
3.263484574E1,-1.997369342E-3,5.459476262E-3,1.318263728E-2
3.265511537E1,4.926844500E-3,1.731053460E-3,8.388951421E-3
3.267538506E1,1.238369010E-2,1.930790395E-2,9.454214945E-3
3.269565475E1,1.771000773E-2,2.303632535E-2,1.318263728E-2
3.271592443E1,1.344895363E-2,1.451421715E-2,2.170474641E-2
3.273619407E1,1.198421582E-3,-2.530001104E-3,2.969422378E-2
3.275646376E1,-1.198421605E-2,-2.117211558E-2,2.436790615E-2
3.277673344E1,-1.145158429E-2,-3.289001435E-2,1.318263728E-2
3.279700313E1,-3.062632866E-3,-1.211737376E-2,-3.861580743E-3
3.281727282E1,1.131842658E-2,3.635212034E-2,-1.771000773E-2
3.283754246E1,2.623211779E-2,5.605949834E-2,-2.356895804E-2
3.285781214E1,2.889527567E-2,3.528685868E-2,-2.037316747E-2
3.287808178E1,1.771000773E-2,2.263685223E-3,-1.398158539E-2
3.289835147E1,1.025316212E-2,-1.904158667E-2,-9.187898599E-3
3.291862115E1,1.025316212E-2,-1.904158667E-2,-7.057371549E-3
3.293889079E1,1.078579482E-2,-2.530001104E-3,-6.524739787E-3
3.295916048E1,8.122635074E-3,1.291632187E-2,-7.590003312E-3
3.297943011E1,5.459476262E-3,1.877527125E-2,-5.992108025E-3
3.299969980E1,6.524739787E-3,1.398158539E-2,-7.590003312E-3
3.301996943E1,5.459476262E-3,1.198421582E-3,-7.590003312E-3
3.304023912E1,8.122635074E-3,-4.127896391E-3,-6.524739787E-3
3.306050881E1,9.720530361E-3,-1.464737463E-3,-5.992108025E-3
3.308077839E1,8.122635074E-3,2.796316985E-3,-4.926844500E-3
3.310104813E1,2.263685223E-3,4.394212738E-3,-1.198421582E-3
3.312131777E1,-5.193160381E-3,-3.994738800E-4,-4.394212738E-3
3.314158746E1,-5.725792143E-3,1.198421582E-3,-1.025316212E-2
3.316185709E1,-5.193160381E-3,1.344895363E-2,-1.398158539E-2
3.318212678E1,-5.725792143E-3,7.057371549E-3,-1.504684892E-2
3.320239641E1,-3.994738800E-4,-1.265000552E-2,-1.717737690E-2
3.322266605E1,8.122635074E-3,-6.258423906E-3,-1.238369010E-2
3.324293574E1,1.344895363E-2,7.590003312E-3,-1.185105834E-2
3.326320537E1,1.238369010E-2,1.131842658E-2,-2.796316985E-3
3.328360537E1,2.263685223E-3,1.344895363E-2,5.193160381E-3
3.330374469E1,-4.660528619E-3,5.992108025E-3,1.318263728E-2
3.332401433E1,-5.193160381E-3,-1.105211023E-2,1.424790081E-2
3.334428396E1,1.198421582E-3,-1.850895584E-2,6.791055668E-3
3.336455365E1,8.655266836E-3,-1.424790081E-2,-3.861580743E-3
3.338482329E1,1.344895363E-2,-5.193160381E-3,-1.398158539E-2
3.340509292E1,1.504684892E-2,4.394212738E-3,-1.611211337E-2
3.342549292E1,9.720530361E-3,5.992108025E-3,-1.238369010E-2
3.344579022E1,3.328948980E-3,-7.323687430E-3,-2.263685223E-3
3.346590251E1,-1.464737463E-3,-1.744369231E-2,3.062632866E-3
3.348617204E1,-3.595264861E-3,-1.051947847E-2,5.725792143E-3
3.350644157E1,-4.127896391E-3,4.926844500E-3,3.595264861E-3
3.352671110E1,-1.997369342E-3,1.185105834E-2,1.997369342E-3
3.354698068E1,-1.464737463E-3,9.187898599E-3,3.994738800E-4
3.356725027E1,-9.321057005E-4,-1.997369342E-3,-2.796316985E-3
3.358751985E1,2.263685223E-3,-6.791055668E-3,-3.861580743E-3
3.360778938E1,8.122635074E-3,-1.997369342E-3,-5.459476262E-3
3.362805907E1,1.238369010E-2,8.122635074E-3,-6.524739787E-3
3.364832871E1,8.122635074E-3,9.720530361E-3,-6.524739787E-3
3.366859834E1,-3.994738800E-4,3.328948980E-3,-3.328948980E-3
3.368886798E1,-8.921583183E-3,1.731053460E-3,-1.331579551E-4
3.370913756E1,-1.091895252E-2,1.238369010E-2,2.530001104E-3
3.372953756E1,-9.853689000E-3,1.824264042E-2,5.193160381E-3
3.374967683E1,-9.321057238E-3,1.131842658E-2,-6.657897611E-4
3.376994647E1,-3.994738800E-4,1.131842658E-2,-1.731053460E-3
3.379021605E1,5.992108025E-3,2.143843099E-2,-5.459476262E-3
3.381048574E1,8.655266836E-3,1.557948068E-2,-3.861580743E-3
3.383088574E1,3.328948980E-3,3.328948980E-3,4.660528619E-3
3.385102501E1,-7.856319658E-3,-7.856319658E-3,1.158474199E-2
3.387129464E1,-1.358211134E-2,-1.744369231E-2,1.158474199E-2
3.389156423E1,-9.321057238E-3,-9.986846708E-3,4.127896391E-3
3.391183386E1,-3.595264861E-3,1.504684892E-2,-7.590003312E-3
3.393223386E1,8.122635074E-3,2.783001214E-2,-1.238369010E-2
3.395237313E1,1.344895363E-2,1.451421715E-2,-9.720530361E-3
3.397264272E1,4.394212738E-3,-5.725792143E-3,-1.731053460E-3
3.399291230E1,-6.258423906E-3,-2.383527346E-2,4.127896391E-3
3.401318193E1,-1.198421605E-2,-2.170474641E-2,9.454214945E-3
3.403358193E1,-6.791055668E-3,-6.791055668E-3,1.265000552E-2
3.405372120E1,-4.127896391E-3,7.057371549E-3,8.388951421E-3
3.407399079E1,-4.127896391E-3,1.451421715E-2,2.530001104E-3
3.409426042E1,6.657897611E-4,6.657897611E-4,-1.198421582E-3
3.411453006E1,8.655266836E-3,-1.478053257E-2,-4.394212738E-3
3.413493006E1,1.291632187E-2,-2.170474641E-2,-3.861580743E-3
3.415506928E1,1.344895363E-2,-1.637842879E-2,-3.328948980E-3
3.417533891E1,8.122635074E-3,-1.478053257E-2,-1.198421582E-3
3.419560850E1,1.731053460E-3,-1.584579609E-2,1.464737463E-3
3.421587813E1,-8.921583183E-3,-1.371526904E-2,2.530001104E-3
3.423614777E1,-1.358211134E-2,3.861580743E-3,3.994738800E-4
3.425641735E1,-1.038632076E-2,2.197106183E-2,-1.331579551E-4
3.427668699E1,-3.595264861E-3,2.410159074E-2,1.464737463E-3
3.429695657E1,-1.997369342E-3,3.861580743E-3,-1.198421582E-3
3.431722621E1,2.263685223E-3,-9.986846708E-3,-5.992108025E-3
3.433749579E1,8.655266836E-3,-5.193160381E-3,-6.524739787E-3
3.435776542E1,1.025316212E-2,-4.127896391E-3,-6.524739787E-3
3.437803501E1,2.263685223E-3,-1.464737463E-3,2.530001104E-3
3.439830464E1,-9.853689000E-3,3.861580743E-3,8.921583183E-3
3.441857423E1,-1.304947957E-2,6.524739787E-3,9.986846708E-3
3.443884386E1,-7.323687430E-3,6.524739787E-3,1.997369342E-3
3.445911344E1,-9.321057005E-4,1.451421715E-2,-4.926844500E-3
3.447938308E1,3.328948980E-3,1.984053478E-2,-1.025316212E-2
3.449965266E1,4.926844500E-3,1.078579482E-2,-1.238369010E-2
3.451992225E1,1.731053460E-3,2.796316985E-3,-6.524739787E-3
3.454019183E1,-6.258423906E-3,5.992108025E-3,-6.657897611E-4
3.456046146E1,-1.145158429E-2,5.459476262E-3,4.660528619E-3
3.458073105E1,-9.321057238E-3,7.590003312E-3,7.856319658E-3
3.460100063E1,-7.323687430E-3,5.459476262E-3,1.051947847E-2
3.462127027E1,-5.725792143E-3,1.025316212E-2,7.856319658E-3
3.464153985E1,-3.062632866E-3,3.328948980E-3,2.530001104E-3
3.466180943E1,6.657897611E-4,1.331579551E-4,-6.657897611E-4
3.468207902E1,5.992108025E-3,-9.454214945E-3,-1.731053460E-3
3.470234865E1,8.655266836E-3,-1.691105962E-2,-6.657897611E-4
3.472274865E1,9.187898599E-3,-1.691105962E-2,9.321057005E-4
3.474288782E1,6.524739787E-3,-1.424790081E-2,3.062632866E-3
3.476315740E1,2.796316985E-3,-1.051947847E-2,5.193160381E-3
3.478342699E1,-1.997369342E-3,-9.321057005E-4,5.725792143E-3
3.480369657E1,-9.321057238E-3,1.131842658E-2,4.660528619E-3
3.482396621E1,-1.091895252E-2,9.720530361E-3,4.660528619E-3
3.484423579E1,-7.856319658E-3,-8.388951421E-3,6.791055668E-3
3.486450537E1,-3.595264861E-3,-2.010685205E-2,3.595264861E-3
3.488477496E1,1.198421582E-3,-1.464737463E-3,-1.331579551E-4
3.490504454E1,8.122635074E-3,1.557948068E-2,-3.861580743E-3
3.492531412E1,1.664474420E-2,7.590003312E-3,-1.331579551E-4
3.494558371E1,1.025316212E-2,-8.388951421E-3,8.388951421E-3
3.496585329E1,-4.660528619E-3,-3.129211813E-2,1.424790081E-2
3.498612287E1,-1.038632076E-2,-4.087949172E-2,1.265000552E-2
3.500639246E1,-8.388951421E-3,-1.904158667E-2,2.530001104E-3
3.502666204E1,1.331579551E-4,1.717737690E-2,-1.078579482E-2
3.504693162E1,1.238369010E-2,2.996053919E-2,-1.504684892E-2
3.506720120E1,1.131842658E-2,1.664474420E-2,-9.720530361E-3
3.508747074E1,2.796316985E-3,-1.265000552E-2,-1.731053460E-3
3.510774032E1,-3.595264861E-3,-3.395527974E-2,6.258423906E-3
3.512800990E1,-5.193160381E-3,-2.969422378E-2,9.986846708E-3
3.514827949E1,-4.127896391E-3,-1.265000552E-2,9.454214945E-3
3.516854907E1,6.657897611E-4,-2.530001104E-3,9.454214945E-3
3.518881865E1,2.796316985E-3,-7.856319658E-3,7.323687430E-3
3.520908818E1,1.731053460E-3,-1.478053257E-2,4.127896391E-3
3.522948818E1,4.394212738E-3,-2.170474641E-2,-1.331579551E-4
3.524962735E1,1.025316212E-2,-2.223737910E-2,-4.926844500E-3
3.526989693E1,1.078579482E-2,-6.791055668E-3,-4.394212738E-3
3.529016652E1,4.394212738E-3,2.263685223E-3,-1.731053460E-3
3.531043605E1,-4.660528619E-3,1.731053460E-3,3.062632866E-3
3.533083605E1,-1.358211134E-2,1.291632187E-2,5.193160381E-3
3.535097522E1,-1.837579720E-2,2.942790836E-2,2.530001104E-3
3.537124480E1,-1.145158429E-2,4.753739014E-2,3.062632866E-3
3.539151433E1,-7.323687430E-3,5.073318258E-2,2.530001104E-3
3.541178391E1,-7.323687430E-3,2.889527567E-2,-3.861580743E-3
3.543218391E1,-1.997369342E-3,2.783001214E-2,-8.655266836E-3
3.545232303E1,4.394212738E-3,3.848264739E-2,-1.131842658E-2
3.547272303E1,9.187898599E-3,3.102580272E-2,-8.655266836E-3
3.549286214E1,1.331579551E-4,2.143843099E-2,-1.331579551E-4
3.551313173E1,-1.198421605E-2,8.122635074E-3,3.595264861E-3
3.553340126E1,-1.518000662E-2,-1.464737463E-3,1.464737463E-3
3.555367084E1,-1.038632076E-2,1.398158539E-2,-5.992108025E-3
3.557394037E1,-2.530001104E-3,4.167843983E-2,-1.291632187E-2
3.559420996E1,8.122635074E-3,4.913528636E-2,-1.291632187E-2
3.561447949E1,1.291632187E-2,2.197106183E-2,-3.328948980E-3
3.563474902E1,1.331579551E-4,-1.424790081E-2,5.193160381E-3
3.565501860E1,-1.624527015E-2,-4.141212255E-2,7.856319658E-3
3.567528818E1,-1.784316637E-2,-4.301001877E-2,8.388951421E-3
3.569555772E1,-6.258423906E-3,-1.531316526E-2,4.127896391E-3
3.571582725E1,8.655266836E-3,1.238369010E-2,-1.198421582E-3
3.573609683E1,1.185105834E-2,9.720530361E-3,-5.459476262E-3
3.575636636E1,1.131842658E-2,-1.318263728E-2,-7.590003312E-3
3.577663589E1,1.025316212E-2,-4.034686089E-2,-5.992108025E-3
3.579690542E1,1.291632187E-2,-5.099949613E-2,-3.328948980E-3
3.581717501E1,1.238369010E-2,-4.141212255E-2,-2.263685223E-3
3.583744454E1,5.459476262E-3,-2.596580051E-2,-2.263685223E-3
3.585771407E1,-3.994738800E-4,-1.637842879E-2,-2.263685223E-3
3.587798360E1,-3.062632866E-3,-7.856319658E-3,-3.328948980E-3
3.589825313E1,-3.062632866E-3,-9.321057005E-4,-2.796316985E-3
3.591852266E1,3.861580743E-3,4.394212738E-3,-3.861580743E-3
3.593879219E1,5.992108025E-3,-1.997369342E-3,1.464737463E-3
3.595906178E1,1.198421582E-3,-2.916159295E-2,9.321057005E-4
3.597933131E1,2.796316985E-3,-4.460791498E-2,-2.796316985E-3
3.599960084E1,7.057371549E-3,-1.424790081E-2,-3.328948980E-3
3.601987037E1,1.078579482E-2,1.611211337E-2,-8.655266836E-3
3.604013990E1,5.459476262E-3,2.197106183E-2,-5.992108025E-3
3.606040943E1,-3.062632866E-3,1.824264042E-2,1.464737463E-3
3.608067897E1,-9.853689000E-3,5.459476262E-3,9.986846708E-3
3.610094850E1,-6.791055668E-3,-5.725792143E-3,9.454214945E-3
3.612121803E1,-4.660528619E-3,5.459476262E-3,1.997369342E-3
3.614148756E1,6.657897611E-4,2.197106183E-2,-4.394212738E-3
3.616175709E1,5.992108025E-3,2.250369452E-2,-9.720530361E-3
3.618202662E1,8.122635074E-3,1.771000773E-2,-1.025316212E-2
3.620229615E1,-1.464737463E-3,1.451421715E-2,-9.187898599E-3
3.622256563E1,-6.791055668E-3,9.187898599E-3,-5.459476262E-3
3.624283522E1,-5.725792143E-3,1.664474420E-2,-1.331579551E-4
3.626310475E1,-5.193160381E-3,1.824264042E-2,3.062632866E-3
3.628337423E1,-7.856319658E-3,1.930790395E-2,3.062632866E-3
3.630364376E1,-1.304947957E-2,1.611211337E-2,3.595264861E-3
3.632391329E1,-9.853689000E-3,1.664474420E-2,3.062632866E-3
3.634418282E1,-3.062632866E-3,1.611211337E-2,1.464737463E-3
3.636445230E1,2.796316985E-3,1.185105834E-2,-6.657897611E-4
3.638472183E1,4.926844500E-3,9.187898599E-3,-4.394212738E-3
3.640499136E1,9.187898599E-3,-4.127896391E-3,-4.926844500E-3
3.642526084E1,1.025316212E-2,-1.318263728E-2,-2.263685223E-3
3.644553037E1,5.992108025E-3,-1.211737376E-2,9.321057005E-4
3.646579990E1,-2.530001104E-3,-6.791055668E-3,1.464737463E-3
3.648606943E1,-6.258423906E-3,2.263685223E-3,3.595264861E-3
3.650633891E1,-9.853689000E-3,1.731053460E-3,3.595264861E-3
3.652660844E1,-7.323687430E-3,-1.265000552E-2,3.994738800E-4
3.654687798E1,4.926844500E-3,-8.388951421E-3,-2.263685223E-3
3.656714746E1,1.611211337E-2,7.590003312E-3,-4.926844500E-3
3.658741699E1,1.824264042E-2,2.796316985E-3,-4.394212738E-3
3.660768646E1,7.057371549E-3,-1.531316526E-2,3.062632866E-3
3.662795600E1,-3.062632866E-3,-3.022685647E-2,1.265000552E-2
3.664822548E1,-7.323687430E-3,-3.502054140E-2,1.478053257E-2
3.666849501E1,-4.127896391E-3,-2.543316968E-2,8.388951421E-3
3.668876449E1,2.796316985E-3,-1.464737463E-3,-3.861580743E-3
3.670903402E1,1.291632187E-2,1.238369010E-2,-1.398158539E-2
3.672943402E1,1.771000773E-2,9.720530361E-3,-1.664474420E-2
3.674957303E1,1.557948068E-2,-3.595264861E-3,-1.078579482E-2
3.676997303E1,5.992108025E-3,-2.703106403E-2,-1.331579551E-4
3.679011199E1,-9.321057238E-3,-3.129211813E-2,7.323687430E-3
3.681038152E1,-1.145158429E-2,-1.584579609E-2,1.051947847E-2
3.683078152E1,-7.856319658E-3,1.291632187E-2,7.323687430E-3
3.685092053E1,-1.464737463E-3,2.942790836E-2,2.530001104E-3
3.687119001E1,1.198421582E-3,2.569948509E-2,-6.657897611E-4
3.689145949E1,3.328948980E-3,9.720530361E-3,-2.796316985E-3
3.691172896E1,7.057371549E-3,-1.211737376E-2,-1.731053460E-3
3.693212897E1,9.187898599E-3,-2.223737910E-2,3.994738800E-4
3.695226798E1,7.057371549E-3,-1.531316526E-2,-2.796316985E-3
3.697253746E1,4.926844500E-3,1.331579551E-4,-2.796316985E-3
3.699280699E1,-1.997369342E-3,1.291632187E-2,-4.394212738E-3
3.701307647E1,-7.323687430E-3,1.771000773E-2,-2.796316985E-3
3.703347646E1,-8.921583183E-3,2.197106183E-2,-2.796316985E-3
3.705361542E1,-9.853689000E-3,2.676474862E-2,1.464737463E-3
3.707388496E1,-1.251684781E-2,2.410159074E-2,2.530001104E-3
3.709415443E1,-1.091895252E-2,1.557948068E-2,-1.198421582E-3
3.711442391E1,-2.530001104E-3,2.303632535E-2,-4.926844500E-3
3.713469339E1,7.057371549E-3,2.783001214E-2,-1.185105834E-2
3.715496292E1,9.187898599E-3,2.410159074E-2,-9.187898599E-3
3.717523240E1,6.657897611E-4,2.463422157E-2,-1.331579551E-4
3.719550188E1,-6.258423906E-3,2.303632535E-2,1.105211023E-2
3.721577136E1,-1.038632076E-2,5.459476262E-3,2.223737910E-2
3.723604084E1,-8.388951421E-3,-1.478053257E-2,2.117211558E-2
3.725631032E1,-6.258423906E-3,-1.371526904E-2,1.424790081E-2
3.727657980E1,5.992108025E-3,-3.994738800E-4,5.193160381E-3
3.729684928E1,1.557948068E-2,1.198421582E-3,-6.657897611E-4
3.731711876E1,1.451421715E-2,-1.318263728E-2,-3.328948980E-3
3.733738824E1,3.861580743E-3,-3.715106845E-2,-6.524739787E-3
3.735765772E1,1.331579551E-4,-4.673844203E-2,-8.122635074E-3
3.737792719E1,3.328948980E-3,-3.342264518E-2,-7.590003312E-3
3.739832719E1,2.796316985E-3,-1.584579609E-2,-4.394212738E-3
3.741846610E1,-5.725792143E-3,-1.584579609E-2,-3.861580743E-3
3.743873558E1,-1.411474310E-2,-3.661843762E-2,-3.861580743E-3
3.745900506E1,-1.464737486E-2,-5.206476152E-2,-1.198421582E-3
3.747927454E1,-8.921583183E-3,-4.567318037E-2,-3.328948980E-3
3.749954402E1,-9.321057005E-4,-3.502054140E-2,-8.122635074E-3
3.751981350E1,1.131842658E-2,-3.768370301E-2,-9.720530361E-3
3.754008298E1,1.930790395E-2,-4.567318037E-2,-5.459476262E-3
3.756035246E1,2.037316747E-2,-5.419528857E-2,-1.198421582E-3
3.758062193E1,1.504684892E-2,-6.431528926E-2,1.997369342E-3
3.760089141E1,1.025316212E-2,-6.697845459E-2,3.062632866E-3
3.762116089E1,5.992108025E-3,-6.058686972E-2,5.725792143E-3
3.764143032E1,3.861580743E-3,-5.313002318E-2,1.997369342E-3
3.766169980E1,1.731053460E-3,-3.715106845E-2,-6.657897611E-4
3.768196923E1,-3.062632866E-3,-3.595264861E-3,-3.328948980E-3
3.770223870E1,-3.595264861E-3,2.356895804E-2,-7.590003312E-3
3.772250818E1,-9.321057005E-4,3.475422785E-2,-1.331579551E-4
3.774277761E1,-6.258423906E-3,2.250369452E-2,1.051947847E-2
3.776304709E1,-1.731053367E-2,-3.062632866E-3,1.531316526E-2
3.778331652E1,-2.050632425E-2,-1.957421936E-2,1.158474199E-2
3.780358600E1,-1.198421605E-2,1.198421582E-3,1.464737463E-3
3.782385542E1,1.331579551E-4,2.889527567E-2,-1.238369010E-2
3.784412490E1,8.655266836E-3,3.581948951E-2,-1.344895363E-2
3.786439433E1,7.590003312E-3,2.942790836E-2,-5.992108025E-3
3.788466381E1,-2.530001104E-3,1.398158539E-2,9.321057005E-4
3.790493324E1,-1.038632076E-2,8.122635074E-3,7.323687430E-3
3.792520272E1,-1.571263932E-2,1.664474420E-2,1.265000552E-2
3.794547214E1,-1.890842989E-2,2.783001214E-2,1.318263728E-2
3.796574157E1,-1.837579720E-2,3.581948951E-2,1.211737376E-2
3.798601105E1,-1.571263932E-2,4.327633604E-2,7.323687430E-3
3.800628048E1,-1.304947957E-2,4.008054361E-2,4.660528619E-3
3.802654996E1,-5.193160381E-3,2.410159074E-2,3.595264861E-3
3.804681938E1,1.731053460E-3,8.655266836E-3,3.062632866E-3
3.806708881E1,6.524739787E-3,3.861580743E-3,3.595264861E-3
3.808735824E1,7.057371549E-3,8.655266836E-3,3.595264861E-3
3.810762766E1,3.861580743E-3,3.861580743E-3,5.193160381E-3
3.812789714E1,-4.660528619E-3,3.861580743E-3,3.062632866E-3
3.814816657E1,-1.038632076E-2,8.655266836E-3,1.464737463E-3
3.816843600E1,-4.660528619E-3,1.291632187E-2,1.997369342E-3
3.818870548E1,-1.997369342E-3,2.263685223E-3,4.127896391E-3
3.820897490E1,-5.725792143E-3,-1.744369231E-2,9.321057005E-4
3.822937490E1,-1.997369342E-3,-1.318263728E-2,-2.796316985E-3
3.824951376E1,1.025316212E-2,1.078579482E-2,-1.198421582E-3
3.826978318E1,1.930790395E-2,1.025316212E-2,9.321057005E-4
3.829005266E1,1.291632187E-2,-1.850895584E-2,1.318263728E-2
3.831032209E1,-2.530001104E-3,-5.366265774E-2,1.957421936E-2
3.833072209E1,-9.321057238E-3,-6.271740049E-2,1.584579609E-2
3.835086094E1,-3.062632866E-3,-3.874896467E-2,2.530001104E-3
3.837113037E1,9.720530361E-3,-3.595264861E-3,-1.078579482E-2
3.839139980E1,2.037316747E-2,1.291632187E-2,-1.717737690E-2
3.841166923E1,2.463422157E-2,6.657897611E-4,-1.238369010E-2
3.843206923E1,1.824264042E-2,-2.756369673E-2,9.321057005E-4
3.845220808E1,2.796316985E-3,-5.046686530E-2,6.791055668E-3
3.847247751E1,-5.725792143E-3,-4.780370742E-2,9.454214945E-3
3.849274693E1,-5.193160381E-3,-2.010685205E-2,5.725792143E-3
3.851301636E1,-1.997369342E-3,8.122635074E-3,-2.263685223E-3
3.853328579E1,-9.321057005E-4,1.504684892E-2,-6.524739787E-3
3.855355522E1,-3.994738800E-4,1.025316212E-2,-1.078579482E-2
3.857382464E1,2.263685223E-3,-9.321057005E-4,-1.025316212E-2
3.859409407E1,5.459476262E-3,-1.158474199E-2,-4.394212738E-3
3.861436350E1,2.796316985E-3,-1.797632314E-2,-6.657897611E-4
3.863476350E1,-2.530001104E-3,-1.158474199E-2,-1.331579551E-4
3.865490235E1,-5.725792143E-3,1.198421582E-3,3.994738800E-4
3.867517173E1,-5.193160381E-3,1.664474420E-2,-1.331579551E-4
3.869544115E1,-5.725792143E-3,2.996053919E-2,-1.731053460E-3
3.871571058E1,-8.388951421E-3,3.475422785E-2,-3.328948980E-3
3.873598001E1,-8.388951421E-3,2.996053919E-2,-1.731053460E-3
3.875624943E1,-8.388951421E-3,2.796316985E-3,3.595264861E-3
3.877651881E1,-7.323687430E-3,-2.170474641E-2,9.321057005E-4
3.879678824E1,1.731053460E-3,-6.258423906E-3,-1.731053460E-3
3.881705766E1,1.025316212E-2,2.889527567E-2,-4.926844500E-3
3.883732704E1,1.078579482E-2,4.008054361E-2,-4.926844500E-3
3.885759646E1,1.731053460E-3,2.942790836E-2,3.062632866E-3
3.887786589E1,-1.091895252E-2,5.459476262E-3,1.265000552E-2
3.889813532E1,-1.624527015E-2,-1.584579609E-2,1.424790081E-2
3.891840469E1,-1.518000662E-2,-1.744369231E-2,5.725792143E-3
3.893867412E1,-5.725792143E-3,4.926844500E-3,-4.394212738E-3
3.895894350E1,8.122635074E-3,2.729738131E-2,-1.557948068E-2
3.897921292E1,1.504684892E-2,2.942790836E-2,-1.877527125E-2
3.899948235E1,9.720530361E-3,1.185105834E-2,-1.398158539E-2
3.901975173E1,-9.321057005E-4,-1.265000552E-2,-5.992108025E-3
3.904002056E1,-6.258423906E-3,-2.649843320E-2,3.994738800E-4
3.906028999E1,-5.193160381E-3,-1.797632314E-2,5.193160381E-3
3.908055936E1,-9.321057005E-4,-3.062632866E-3,5.725792143E-3
3.910082874E1,-1.997369342E-3,7.057371549E-3,1.464737463E-3
3.912109816E1,-1.464737463E-3,9.187898599E-3,-1.731053460E-3
3.914136754E1,4.926844500E-3,-4.127896391E-3,-4.394212738E-3
3.916163696E1,1.025316212E-2,-1.797632314E-2,-3.861580743E-3
3.918190634E1,1.025316212E-2,-2.330264263E-2,-3.328948980E-3
3.920217577E1,5.992108025E-3,-2.223737910E-2,-4.394212738E-3
3.922244514E1,4.394212738E-3,-1.904158667E-2,-3.328948980E-3
3.924271452E1,2.796316985E-3,-8.921583183E-3,-6.657897611E-4
3.926298394E1,-2.530001104E-3,-9.321057005E-4,-6.657897611E-4
3.928325332E1,-6.258423906E-3,8.122635074E-3,-2.263685223E-3
3.930352274E1,-1.997369342E-3,1.185105834E-2,3.994738800E-4
3.932379212E1,2.263685223E-3,1.198421582E-3,3.595264861E-3
3.934406150E1,3.861580743E-3,-1.691105962E-2,-1.731053460E-3
3.936433087E1,1.185105834E-2,-1.211737376E-2,-1.198421582E-3
3.938460030E1,1.717737690E-2,6.657897611E-4,-5.459476262E-3
3.940486967E1,1.398158539E-2,2.796316985E-3,-5.992108025E-3
3.942513905E1,6.657897611E-4,-2.530001104E-3,2.530001104E-3
3.944540842E1,-9.853689000E-3,-7.856319658E-3,9.986846708E-3
3.946567785E1,-1.304947957E-2,-4.660528619E-3,9.986846708E-3
3.948594722E1,-7.323687430E-3,1.131842658E-2,1.464737463E-3
3.950621660E1,2.796316985E-3,3.209106624E-2,-9.187898599E-3
3.952661660E1,1.238369010E-2,3.102580272E-2,-1.611211337E-2
3.954675535E1,1.291632187E-2,1.025316212E-2,-1.078579482E-2
3.956702467E1,3.328948980E-3,-1.265000552E-2,-2.796316985E-3
3.958729415E1,-8.921583183E-3,-2.117211558E-2,4.127896391E-3
3.960756353E1,-9.853689000E-3,-1.371526904E-2,7.856319658E-3
3.962783285E1,-4.127896391E-3,9.720530361E-3,7.856319658E-3
3.964810228E1,-1.997369342E-3,3.102580272E-2,3.595264861E-3
3.966837165E1,-1.464737463E-3,3.155843541E-2,1.997369342E-3
3.968864097E1,-3.994738800E-4,1.238369010E-2,-1.731053460E-3
3.970891040E1,2.263685223E-3,-5.725792143E-3,-3.328948980E-3
3.972931040E1,6.524739787E-3,-1.318263728E-2,-5.992108025E-3
3.974944910E1,9.187898599E-3,-1.105211023E-2,-3.861580743E-3
3.976971847E1,1.025316212E-2,-5.725792143E-3,-2.263685223E-3
3.978998785E1,5.459476262E-3,-1.464737463E-3,3.994738800E-4
3.981025722E1,-1.997369342E-3,6.657897611E-4,1.464737463E-3
3.983065722E1,-6.791055668E-3,1.185105834E-2,9.321057005E-4
3.985079592E1,-6.258423906E-3,1.611211337E-2,-1.731053460E-3
3.987106530E1,-3.062632866E-3,1.078579482E-2,-1.731053460E-3
3.989133467E1,-2.530001104E-3,-6.258423906E-3,-1.331579551E-4
3.991160405E1,-1.997369342E-3,-2.223737910E-2,-3.861580743E-3
3.993200405E1,8.122635074E-3,-9.454214945E-3,-7.057371549E-3
3.995214274E1,1.717737690E-2,5.992108025E-3,-8.122635074E-3
3.997241212E1,1.824264042E-2,-9.321057005E-4,-6.524739787E-3
3.999268150E1,7.057371549E-3,-1.051947847E-2,1.464737463E-3
4.001295077E1,-9.321057238E-3,-1.424790081E-2,1.051947847E-2
4.003335077E1,-1.411474310E-2,-1.904158667E-2,9.986846708E-3
4.005348952E1,-9.853689000E-3,-1.105211023E-2,3.062632866E-3
4.007375889E1,-3.595264861E-3,9.187898599E-3,-1.025316212E-2
4.009402827E1,7.057371549E-3,1.557948068E-2,-1.611211337E-2
4.011429764E1,9.720530361E-3,7.590003312E-3,-1.504684892E-2
4.013456696E1,5.459476262E-3,-3.062632866E-3,-9.187898599E-3
4.015483634E1,-4.660528619E-3,-1.637842879E-2,-2.263685223E-3
4.017510566E1,-8.921583183E-3,-2.223737910E-2,4.660528619E-3
4.019537504E1,-8.388951421E-3,-1.211737376E-2,7.856319658E-3
4.021564441E1,-8.921583183E-3,2.796316985E-3,6.258423906E-3
4.023591374E1,-1.038632076E-2,1.291632187E-2,9.321057005E-4
4.025618306E1,-8.921583183E-3,1.025316212E-2,-3.328948980E-3
4.027645243E1,-1.997369342E-3,3.861580743E-3,-5.992108025E-3
4.029672176E1,6.657897611E-4,-2.530001104E-3,-6.524739787E-3
4.031699113E1,-3.994738800E-4,-1.424790081E-2,-5.459476262E-3
4.033726045E1,-3.595264861E-3,-2.223737910E-2,-2.263685223E-3
4.035752983E1,-4.660528619E-3,-2.010685205E-2,-1.198421582E-3
4.037779915E1,-6.791055668E-3,-6.258423906E-3,9.321057005E-4
4.039806853E1,-1.304947957E-2,5.459476262E-3,1.464737463E-3
4.041833785E1,-1.837579720E-2,9.720530361E-3,2.530001104E-3
4.043860717E1,-1.731053367E-2,1.451421715E-2,3.062632866E-3
4.045887650E1,-1.624527015E-2,1.185105834E-2,3.062632866E-3
4.047914587E1,-1.198421605E-2,-8.388951421E-3,-3.328948980E-3
4.049941519E1,-3.994738800E-4,-1.424790081E-2,-7.590003312E-3
4.051968457E1,7.590003312E-3,-1.997369342E-3,-1.078579482E-2
4.053995389E1,9.720530361E-3,-6.258423906E-3,-1.025316212E-2
4.056022321E1,6.657897611E-4,-7.856319658E-3,1.464737463E-3
4.058049254E1,-1.731053367E-2,-9.454214945E-3,1.424790081E-2
4.060076186E1,-2.530001104E-2,-1.637842879E-2,1.691105962E-2
4.062103124E1,-2.210422046E-2,-1.531316526E-2,8.388951421E-3
4.064130056E1,-1.624527015E-2,2.263685223E-3,-7.590003312E-3
4.066156988E1,-5.193160381E-3,1.291632187E-2,-1.877527125E-2
4.068183920E1,5.992108025E-3,9.187898599E-3,-1.984053478E-2
4.070210853E1,3.861580743E-3,-4.660528619E-3,-1.398158539E-2
4.072237785E1,-5.193160381E-3,-2.170474641E-2,-3.328948980E-3
4.074264717E1,-9.853689000E-3,-2.596580051E-2,4.660528619E-3
4.076291655E1,-1.304947957E-2,-1.318263728E-2,7.856319658E-3
4.078318587E1,-1.518000662E-2,-3.994738800E-4,8.388951421E-3
4.080345519E1,-1.997369342E-2,5.992108025E-3,4.127896391E-3
4.082372452E1,-1.890842989E-2,4.926844500E-3,3.994738800E-4
4.084399384E1,-1.038632076E-2,-3.994738800E-4,-4.394212738E-3
4.086439384E1,-1.997369342E-3,-3.994738800E-4,-9.720530361E-3
4.088453248E1,3.861580743E-3,-1.997369342E-3,-7.590003312E-3
4.090480181E1,4.394212738E-3,-8.921583183E-3,-4.926844500E-3
4.092507113E1,-3.595264861E-3,-1.850895584E-2,-2.263685223E-3
4.094534045E1,-9.853689000E-3,-2.170474641E-2,-6.657897611E-4
4.096560978E1,-1.571263932E-2,-9.454214945E-3,-1.198421582E-3
4.098587910E1,-1.571263932E-2,1.131842658E-2,-3.328948980E-3
4.100614842E1,-1.091895252E-2,2.410159074E-2,-4.394212738E-3
4.102641774E1,-1.198421605E-2,1.824264042E-2,-3.328948980E-3
4.104668707E1,-1.145158429E-2,-7.323687430E-3,-4.394212738E-3
4.106695639E1,-6.258423906E-3,-1.424790081E-2,-5.459476262E-3
4.108722571E1,-3.994738800E-4,5.459476262E-3,-4.394212738E-3
4.110749504E1,3.328948980E-3,9.720530361E-3,-2.263685223E-3
4.112776436E1,-3.595264861E-3,3.861580743E-3,6.258423906E-3
4.114803368E1,-1.731053367E-2,-8.388951421E-3,9.454214945E-3
4.116830301E1,-1.944106072E-2,-1.691105962E-2,7.323687430E-3
4.118857228E1,-1.304947957E-2,-1.158474199E-2,-6.657897611E-4
4.120884160E1,-4.660528619E-3,7.590003312E-3,-1.185105834E-2
4.122924160E1,1.198421582E-3,1.611211337E-2,-1.557948068E-2
4.124938019E1,-9.321057005E-4,8.655266836E-3,-1.131842658E-2
4.126964952E1,-7.856319658E-3,-9.986846708E-3,-3.328948980E-3
4.128991884E1,-1.677790284E-2,-2.117211558E-2,-6.657897611E-4
4.131018816E1,-1.731053367E-2,-1.265000552E-2,1.997369342E-3
4.133058816E1,-1.091895252E-2,5.992108025E-3,3.994738800E-4
4.135072676E1,-5.193160381E-3,1.398158539E-2,-3.861580743E-3
4.137099603E1,-4.127896391E-3,6.524739787E-3,-5.992108025E-3
4.139126540E1,-5.725792143E-3,-3.595264861E-3,-7.057371549E-3
4.141153467E1,-6.791055668E-3,-8.388951421E-3,-9.187898599E-3
4.143193467E1,-6.791055668E-3,-9.986846708E-3,-6.524739787E-3
4.145207332E1,-1.091895252E-2,1.198421582E-3,-8.122635074E-3
4.147234259E1,-1.251684781E-2,1.451421715E-2,-5.459476262E-3
4.149261191E1,-1.358211134E-2,1.824264042E-2,-5.992108025E-3
4.151288118E1,-1.358211134E-2,9.187898599E-3,-5.992108025E-3
4.153315051E1,-1.731053367E-2,7.057371549E-3,-5.992108025E-3
4.155341983E1,-1.518000662E-2,8.122635074E-3,-5.992108025E-3
4.157381983E1,-1.358211134E-2,1.291632187E-2,-5.992108025E-3
4.159395842E1,-1.624527015E-2,1.557948068E-2,-2.263685223E-3
4.161422769E1,-2.103895694E-2,-3.994738800E-4,-4.926844500E-3
4.163449702E1,-2.050632425E-2,-8.388951421E-3,-9.187898599E-3
4.165476634E1,-1.677790284E-2,1.611211337E-2,-1.131842658E-2
4.167503561E1,-1.038632076E-2,2.516685426E-2,-1.504684892E-2
4.169530493E1,-8.921583183E-3,1.344895363E-2,-9.720530361E-3
4.171557420E1,-9.321057238E-3,-8.921583183E-3,-1.331579551E-4
4.173584353E1,-1.464737486E-2,-3.182475269E-2,8.388951421E-3
4.175611280E1,-1.677790284E-2,-3.928159550E-2,6.791055668E-3
4.177638207E1,-1.411474310E-2,-3.342264518E-2,-4.394212738E-3
4.179665139E1,2.263685223E-3,-2.063948289E-2,-1.611211337E-2
4.181692066E1,1.824264042E-2,-5.725792143E-3,-2.197106183E-2
4.183718998E1,2.356895804E-2,8.655266836E-3,-1.984053478E-2
4.185745926E1,1.291632187E-2,8.655266836E-3,-9.187898599E-3
4.187772858E1,-5.193160381E-3,5.992108025E-3,1.997369342E-3
4.189799785E1,-2.050632425E-2,1.930790395E-2,1.318263728E-2
4.191826717E1,-2.956106514E-2,4.167843983E-2,1.850895584E-2
4.193853644E1,-3.275685757E-2,5.659212917E-2,1.850895584E-2
4.195880571E1,-2.849580161E-2,6.032055244E-2,1.957421936E-2
4.197907504E1,-1.944106072E-2,6.245107949E-2,1.265000552E-2
4.199934431E1,-3.994738800E-4,5.499423668E-2,6.791055668E-3
4.201961358E1,2.037316747E-2,4.380896688E-2,-2.263685223E-3
4.203988285E1,3.368896246E-2,2.996053919E-2,-7.057371549E-3
4.206015217E1,3.688475490E-2,1.824264042E-2,-1.025316212E-2
4.208042144E1,3.315633163E-2,1.717737690E-2,-1.238369010E-2
4.210069071E1,1.930790395E-2,2.783001214E-2,-1.025316212E-2
4.212096004E1,1.731053460E-3,3.368896246E-2,-8.655266836E-3
4.214122931E1,-1.464737486E-2,4.114580899E-2,-4.926844500E-3
4.216149858E1,-2.476738021E-2,4.807002097E-2,4.127896391E-3
4.218176785E1,-2.583264373E-2,3.262370080E-2,1.105211023E-2
4.220203712E1,-2.370211668E-2,8.655266836E-3,1.265000552E-2
4.222230644E1,-1.784316637E-2,9.187898599E-3,1.424790081E-2
4.224257571E1,-2.530001104E-3,2.463422157E-2,6.258423906E-3
4.226284498E1,1.185105834E-2,3.688475490E-2,6.258423906E-3
4.228311426E1,1.504684892E-2,3.581948951E-2,1.051947847E-2
4.230338353E1,1.238369010E-2,1.984053478E-2,1.850895584E-2
4.232365280E1,1.717737690E-2,-6.791055668E-3,2.063948289E-2
4.234392212E1,1.877527125E-2,-1.904158667E-2,1.744369231E-2
4.236419139E1,1.131842658E-2,-1.478053257E-2,6.791055668E-3
4.238446066E1,9.720530361E-3,1.731053460E-3,-1.731053460E-3
4.240472993E1,1.344895363E-2,2.197106183E-2,-5.992108025E-3
4.242499920E1,1.664474420E-2,1.504684892E-2,-2.796316985E-3
4.244526847E1,3.861580743E-3,-9.454214945E-3,1.464737463E-3
4.246553775E1,-1.038632076E-2,-2.649843320E-2,5.725792143E-3
4.248580702E1,-1.784316637E-2,-2.277000993E-2,4.660528619E-3
4.250607629E1,-9.853689000E-3,-4.660528619E-3,3.595264861E-3
4.252634556E1,3.861580743E-3,8.122635074E-3,5.193160381E-3
4.254661483E1,1.238369010E-2,-6.258423906E-3,1.158474199E-2
4.256688410E1,1.131842658E-2,-4.514054582E-2,1.584579609E-2
4.258715337E1,1.025316212E-2,-8.615319431E-2,2.117211558E-2
4.260742264E1,1.398158539E-2,-1.010668874E-1,2.223737910E-2
4.262769191E1,1.930790395E-2,-8.934898674E-2,1.850895584E-2
4.264796118E1,2.197106183E-2,-7.496792823E-2,9.454214945E-3
4.266823045E1,1.824264042E-2,-6.484792382E-2,3.595264861E-3
4.268863045E1,1.185105834E-2,-5.206476152E-2,9.321057005E-4
4.270876900E1,4.926844500E-3,-4.194475710E-2,-6.657897611E-4
4.272916900E1,-9.321057005E-4,-3.448791057E-2,5.193160381E-3
4.274930754E1,-1.464737463E-3,-3.981423005E-2,5.193160381E-3
4.276957681E1,5.459476262E-3,-4.354264960E-2,3.595264861E-3
4.278984608E1,1.824264042E-2,-3.075948730E-2,5.725792143E-3
4.281011535E1,2.783001214E-2,-1.158474199E-2,4.127896391E-3
4.283051535E1,3.049317189E-2,-8.921583183E-3,7.323687430E-3
4.285065384E1,1.771000773E-2,-1.531316526E-2,1.584579609E-2
4.287092311E1,1.731053460E-3,-2.170474641E-2,2.596580051E-2
4.289119238E1,-4.660528619E-3,-2.969422378E-2,2.916159295E-2
4.291159238E1,-8.921583183E-3,-2.170474641E-2,2.170474641E-2
4.293188884E1,-9.853689000E-3,1.731053460E-3,6.791055668E-3
4.295200077E1,-5.193160381E-3,2.729738131E-2,-2.796316985E-3
4.297226988E1,6.657897611E-4,4.167843983E-2,-9.187898599E-3
4.299253905E1,-3.595264861E-3,3.795001656E-2,-8.122635074E-3
4.301280821E1,-1.411474310E-2,2.356895804E-2,-1.731053460E-3
4.303320821E1,-1.944106072E-2,1.664474420E-2,5.725792143E-3
4.305334670E1,-1.677790284E-2,2.463422157E-2,1.211737376E-2
4.307361587E1,-1.251684781E-2,3.528685868E-2,1.424790081E-2
4.309388509E1,-4.660528619E-3,3.901528195E-2,1.158474199E-2
4.311415431E1,6.657897611E-4,3.848264739E-2,9.454214945E-3
4.313455431E1,6.657897611E-4,3.102580272E-2,8.388951421E-3
4.315469280E1,-3.595264861E-3,1.717737690E-2,6.791055668E-3
4.317496207E1,-5.725792143E-3,1.344895363E-2,6.791055668E-3
4.319523134E1,-6.791055668E-3,2.569948509E-2,6.258423906E-3
4.321550061E1,-6.791055668E-3,3.315633163E-2,3.062632866E-3
4.323576983E1,-4.127896391E-3,2.889527567E-2,1.997369342E-3
4.325603905E1,-1.997369342E-3,2.569948509E-2,-6.657897611E-4
4.327630827E1,1.331579551E-4,2.143843099E-2,-6.657897611E-4
4.329657754E1,-3.595264861E-3,1.185105834E-2,2.530001104E-3
4.331684681E1,-8.388951421E-3,-4.127896391E-3,3.595264861E-3
4.333711603E1,-6.791055668E-3,-1.265000552E-2,-6.657897611E-4
4.335738530E1,2.263685223E-3,4.394212738E-3,-5.459476262E-3
4.337765452E1,1.504684892E-2,1.824264042E-2,-9.720530361E-3
4.339792379E1,1.717737690E-2,3.328948980E-3,-7.057371549E-3
4.341819306E1,8.122635074E-3,-1.478053257E-2,5.193160381E-3
4.343846228E1,-6.258423906E-3,-2.330264263E-2,1.211737376E-2
4.345873150E1,-8.388951421E-3,-2.383527346E-2,1.105211023E-2
4.347900077E1,-3.595264861E-3,-1.371526904E-2,2.530001104E-3
4.349927004E1,6.657897611E-4,-5.725792143E-3,-8.655266836E-3
4.351967004E1,4.394212738E-3,-1.158474199E-2,-1.451421715E-2
4.353980853E1,9.187898599E-3,-1.957421936E-2,-1.185105834E-2
4.356007774E1,1.238369010E-2,-2.543316968E-2,-2.796316985E-3
4.358034702E1,1.078579482E-2,-2.862896025E-2,3.994738800E-4
4.360061624E1,8.122635074E-3,-2.117211558E-2,1.997369342E-3
4.362088551E1,5.992108025E-3,-1.904158667E-2,3.595264861E-3
4.364115472E1,1.198421582E-3,-1.850895584E-2,4.127896391E-3
4.366142394E1,-5.193160381E-3,-1.691105962E-2,1.464737463E-3
4.368182394E1,-6.258423906E-3,-1.424790081E-2,-2.263685223E-3
4.370196243E1,-3.062632866E-3,-1.265000552E-2,-5.992108025E-3
4.372223165E1,4.926844500E-3,-7.856319658E-3,-6.524739787E-3
4.374250092E1,8.655266836E-3,-2.530001104E-3,-5.459476262E-3
4.376277014E1,4.394212738E-3,1.331579551E-4,-5.459476262E-3
4.378303936E1,1.731053460E-3,-3.062632866E-3,-2.263685223E-3
4.380330863E1,-3.994738800E-4,-1.051947847E-2,3.994738800E-4
4.382357785E1,-5.725792143E-3,-4.127896391E-3,1.997369342E-3
4.384384707E1,-7.323687430E-3,1.131842658E-2,-1.198421582E-3
4.386411624E1,-4.127896391E-3,2.143843099E-2,-1.331579551E-4
4.388438556E1,-9.321057005E-4,1.557948068E-2,-6.657897611E-4
4.390465478E1,1.731053460E-3,1.198421582E-3,-4.394212738E-3
4.392492400E1,5.459476262E-3,1.557948068E-2,-4.394212738E-3
4.394519321E1,5.459476262E-3,3.528685868E-2,-3.861580743E-3
4.396546248E1,1.331579551E-4,2.996053919E-2,9.321057005E-4
4.398573170E1,-9.853689000E-3,1.238369010E-2,7.856319658E-3
4.400600092E1,-1.784316637E-2,2.263685223E-3,9.454214945E-3
4.402627014E1,-1.464737486E-2,6.524739787E-3,9.321057005E-4
4.404653936E1,-3.595264861E-3,2.303632535E-2,-6.524739787E-3
4.406680858E1,5.459476262E-3,3.209106624E-2,-1.611211337E-2
4.408707785E1,5.992108025E-3,2.836264484E-2,-1.664474420E-2
4.410734707E1,7.590003312E-3,1.771000773E-2,-1.025316212E-2
4.412761629E1,3.861580743E-3,2.796316985E-3,-1.331579551E-4
4.414788551E1,-5.725792143E-3,-6.258423906E-3,5.725792143E-3
4.416815472E1,-1.198421605E-2,-1.464737463E-3,7.856319658E-3
4.418842394E1,-1.091895252E-2,1.504684892E-2,6.258423906E-3
4.420869316E1,-4.127896391E-3,2.729738131E-2,4.127896391E-3
4.422909316E1,2.263685223E-3,1.930790395E-2,2.530001104E-3
4.424923160E1,4.394212738E-3,-9.321057005E-4,-1.331579551E-4
4.426950082E1,8.122635074E-3,-1.797632314E-2,-2.263685223E-3
4.428977009E1,1.451421715E-2,-1.957421936E-2,-2.796316985E-3
4.431003931E1,1.930790395E-2,-8.388951421E-3,-3.328948980E-3
4.433043931E1,1.451421715E-2,-3.994738800E-4,-6.657897611E-4
4.435057769E1,7.057371549E-3,-5.725792143E-3,-1.731053460E-3
4.437084696E1,1.198421582E-3,-7.856319658E-3,-1.731053460E-3
4.439111613E1,-9.321057005E-4,-6.791055668E-3,-1.198421582E-3
4.441138535E1,6.657897611E-4,-3.595264861E-3,-3.861580743E-3
4.443178535E1,2.796316985E-3,-1.997369342E-3,-6.657897611E-4
4.445192379E1,3.328948980E-3,-1.531316526E-2,-1.331579551E-4
4.447219301E1,5.992108025E-3,-2.703106403E-2,-5.992108025E-3
4.449246222E1,1.291632187E-2,-1.105211023E-2,-7.057371549E-3
4.451273144E1,1.664474420E-2,1.185105834E-2,-1.025316212E-2
4.453300066E1,1.504684892E-2,1.238369010E-2,-6.524739787E-3
4.455326988E1,7.590003312E-3,-5.725792143E-3,4.127896391E-3
4.457353905E1,-4.127896391E-3,-1.691105962E-2,1.051947847E-2
4.459380827E1,-7.856319658E-3,-2.117211558E-2,1.105211023E-2
4.461407748E1,-3.994738800E-4,-1.105211023E-2,6.791055668E-3
4.463447749E1,8.122635074E-3,5.459476262E-3,-2.796316985E-3
4.465461592E1,1.451421715E-2,1.131842658E-2,-1.131842658E-2
4.467488514E1,1.238369010E-2,7.590003312E-3,-1.344895363E-2
4.469515431E1,7.590003312E-3,-1.464737463E-3,-7.057371549E-3
4.471542353E1,6.657897611E-4,-1.265000552E-2,3.994738800E-4
4.473569269E1,-5.725792143E-3,-9.986846708E-3,6.258423906E-3
4.475596191E1,-7.856319658E-3,7.590003312E-3,6.791055668E-3
4.477623113E1,-3.062632866E-3,2.250369452E-2,6.791055668E-3
4.479650035E1,1.331579551E-4,2.250369452E-2,6.791055668E-3
4.481676957E1,4.926844500E-3,1.025316212E-2,5.193160381E-3
4.483703874E1,6.524739787E-3,-3.595264861E-3,4.660528619E-3
4.485730795E1,7.057371549E-3,-7.856319658E-3,9.321057005E-4
4.487757717E1,7.057371549E-3,1.331579551E-4,-1.731053460E-3
4.489784629E1,6.524739787E-3,8.122635074E-3,-2.263685223E-3
4.491811556E1,4.926844500E-3,9.720530361E-3,-1.331579551E-4
4.493851556E1,1.331579551E-4,5.992108025E-3,4.127896391E-3
4.495865394E1,-4.660528619E-3,4.394212738E-3,6.258423906E-3
4.497892316E1,-6.258423906E-3,8.655266836E-3,7.856319658E-3
4.499919238E1,-4.660528619E-3,1.238369010E-2,7.323687430E-3
4.501946155E1,-6.258423906E-3,1.198421582E-3,4.660528619E-3
4.503973077E1,1.198421582E-3,-7.323687430E-3,-2.796316985E-3
4.505999999E1,1.025316212E-2,7.590003312E-3,-3.328948980E-3
4.508026915E1,1.611211337E-2,1.557948068E-2,-4.394212738E-3
4.510053837E1,1.291632187E-2,2.796316985E-3,9.321057005E-4
4.512080754E1,1.331579551E-4,-8.921583183E-3,1.051947847E-2
4.514107670E1,-9.853689000E-3,-1.318263728E-2,1.531316526E-2
4.516134587E1,-1.038632076E-2,-1.584579609E-2,1.211737376E-2
4.518161514E1,-7.323687430E-3,-8.388951421E-3,3.595264861E-3
4.520188431E1,-4.127896391E-3,9.187898599E-3,-9.720530361E-3
4.522215342E1,7.057371549E-3,1.557948068E-2,-1.451421715E-2
4.524242269E1,1.504684892E-2,1.291632187E-2,-1.078579482E-2
4.526269186E1,1.025316212E-2,-5.193160381E-3,-2.263685223E-3
4.528296108E1,-9.321057005E-4,-2.383527346E-2,6.791055668E-3
4.530323024E1,-4.660528619E-3,-2.490053698E-2,1.105211023E-2
4.532349946E1,-3.994738800E-4,-8.921583183E-3,9.454214945E-3
4.534376863E1,-1.464737463E-3,9.187898599E-3,4.127896391E-3
4.536403785E1,-4.660528619E-3,1.664474420E-2,3.994738800E-4
4.538430702E1,-3.595264861E-3,6.524739787E-3,-1.198421582E-3
4.540457624E1,3.328948980E-3,-7.323687430E-3,-2.796316985E-3
4.542484540E1,1.131842658E-2,-1.318263728E-2,-1.198421582E-3
4.544511457E1,1.771000773E-2,-1.318263728E-2,3.994738800E-4
4.546538379E1,1.504684892E-2,-1.371526904E-2,2.530001104E-3
4.548565295E1,4.926844500E-3,-1.424790081E-2,3.062632866E-3
4.550592212E1,-6.791055668E-3,-2.530001104E-3,2.530001104E-3
4.552619129E1,-1.198421605E-2,1.504684892E-2,-1.198421582E-3
4.554646051E1,-1.091895252E-2,2.889527567E-2,-1.198421582E-3
4.556672967E1,-5.193160381E-3,2.996053919E-2,2.530001104E-3
4.558699884E1,-1.997369342E-3,3.861580743E-3,9.321057005E-4
4.560726806E1,5.992108025E-3,-1.691105962E-2,-1.331579551E-4
4.562766806E1,1.557948068E-2,-9.986846708E-3,-2.263685223E-3
4.564780639E1,1.824264042E-2,6.657897611E-4,-4.926844500E-3
4.566807556E1,7.590003312E-3,7.057371549E-3,-2.263685223E-3
4.568834478E1,-5.193160381E-3,9.187898599E-3,6.791055668E-3
4.570861394E1,-9.321057238E-3,5.992108025E-3,1.158474199E-2
4.572901394E1,-1.038632076E-2,-3.062632866E-3,9.986846708E-3
4.574915228E1,-8.921583183E-3,-3.595264861E-3,3.062632866E-3
4.576942150E1,-1.464737463E-3,2.796316985E-3,-5.992108025E-3
4.578969066E1,5.992108025E-3,7.590003312E-3,-1.238369010E-2
4.580995983E1,9.720530361E-3,8.122635074E-3,-1.025316212E-2
4.583035983E1,5.459476262E-3,-2.530001104E-3,-1.731053460E-3
4.585049816E1,2.796316985E-3,-1.371526904E-2,7.323687430E-3
4.587076733E1,-2.530001104E-3,-1.637842879E-2,1.424790081E-2
4.589103655E1,-3.595264861E-3,-7.323687430E-3,1.531316526E-2
4.591130571E1,-3.062632866E-3,1.198421582E-3,1.318263728E-2
4.593170571E1,-3.595264861E-3,-3.994738800E-4,7.856319658E-3
4.595184405E1,2.263685223E-3,-1.051947847E-2,4.127896391E-3
4.597211321E1,7.057371549E-3,-2.170474641E-2,1.464737463E-3
4.599238238E1,9.187898599E-3,-2.170474641E-2,-1.731053460E-3
4.601265155E1,7.590003312E-3,-9.454214945E-3,-1.731053460E-3
4.603305155E1,4.926844500E-3,-1.464737463E-3,3.994738800E-4
4.605318988E1,1.331579551E-4,-6.791055668E-3,4.127896391E-3
4.607345905E1,-1.464737463E-3,-1.211737376E-2,7.856319658E-3
4.609372821E1,-3.595264861E-3,-9.454214945E-3,7.856319658E-3
4.611399738E1,-3.595264861E-3,-3.595264861E-3,5.193160381E-3
4.613426655E1,-3.595264861E-3,6.657897611E-4,4.127896391E-3
4.615453571E1,-3.595264861E-3,-6.791055668E-3,-1.198421582E-3
4.617480488E1,-9.321057005E-4,-1.051947847E-2,-5.459476262E-3
4.619507405E1,7.057371549E-3,3.328948980E-3,-5.992108025E-3
4.621534321E1,1.824264042E-2,9.720530361E-3,-4.394212738E-3
4.623561238E1,1.930790395E-2,-3.994738800E-4,2.530001104E-3
4.625588155E1,3.328948980E-3,-1.584579609E-2,1.158474199E-2
4.627615071E1,-1.145158429E-2,-2.649843320E-2,1.265000552E-2
4.629641988E1,-1.304947957E-2,-2.223737910E-2,6.791055668E-3
4.631668905E1,-1.091895252E-2,1.198421582E-3,-4.394212738E-3
4.633695821E1,-5.725792143E-3,2.410159074E-2,-1.557948068E-2
4.635722738E1,1.331579551E-4,2.463422157E-2,-2.037316747E-2
4.637749650E1,5.992108025E-3,1.238369010E-2,-1.185105834E-2
4.639776566E1,4.394212738E-3,-8.388951421E-3,-2.796316985E-3
4.641803483E1,-1.997369342E-3,-2.063948289E-2,6.258423906E-3
4.643830394E1,-5.193160381E-3,-1.211737376E-2,7.856319658E-3
4.645857316E1,-5.725792143E-3,5.992108025E-3,5.725792143E-3
4.647884233E1,-6.791055668E-3,1.504684892E-2,2.530001104E-3
4.649911150E1,-6.258423906E-3,1.557948068E-2,9.321057005E-4
4.651938061E1,-2.530001104E-3,1.131842658E-2,-2.263685223E-3
4.653964978E1,3.328948980E-3,2.796316985E-3,-4.394212738E-3
4.655991894E1,1.025316212E-2,-5.193160381E-3,-3.861580743E-3
4.658018806E1,1.238369010E-2,-9.454214945E-3,-1.198421582E-3
4.660045722E1,3.328948980E-3,-9.454214945E-3,9.321057005E-4
4.662072639E1,-6.258423906E-3,-5.193160381E-3,1.997369342E-3
4.664099556E1,-1.358211134E-2,5.992108025E-3,-6.657897611E-4
4.666126472E1,-1.198421605E-2,1.930790395E-2,-3.861580743E-3
4.668153389E1,-4.127896391E-3,2.356895804E-2,-3.328948980E-3
4.670180301E1,1.198421582E-3,1.344895363E-2,-1.198421582E-3
4.672207217E1,-2.530001104E-3,-1.371526904E-2,-2.796316985E-3
4.674234134E1,-9.321057005E-4,-2.170474641E-2,-7.057371549E-3
4.676261045E1,7.590003312E-3,1.198421582E-3,-7.590003312E-3
4.678287962E1,1.291632187E-2,1.611211337E-2,-6.524739787E-3
4.680314874E1,5.459476262E-3,7.590003312E-3,1.997369342E-3
4.682341790E1,-9.321057238E-3,-1.371526904E-2,6.791055668E-3
4.684368707E1,-1.358211134E-2,-2.170474641E-2,1.997369342E-3
4.686395618E1,-4.127896391E-3,-9.454214945E-3,-7.057371549E-3
4.688422535E1,3.861580743E-3,8.655266836E-3,-1.824264042E-2
4.690449446E1,6.524739787E-3,1.185105834E-2,-2.303632535E-2
4.692476363E1,2.263685223E-3,5.459476262E-3,-1.984053478E-2
4.694503275E1,-1.464737463E-3,-3.595264861E-3,-9.720530361E-3
4.696530191E1,-6.791055668E-3,-8.921583183E-3,-5.992108025E-3
4.698557103E1,-1.145158429E-2,-2.530001104E-3,-5.459476262E-3
4.700584019E1,-1.571263932E-2,7.057371549E-3,-5.459476262E-3
4.702610931E1,-1.145158429E-2,1.078579482E-2,-5.992108025E-3
4.704637842E1,-7.856319658E-3,9.720530361E-3,-8.122635074E-3
4.706664759E1,-3.062632866E-3,8.122635074E-3,-1.131842658E-2
4.708691670E1,1.198421582E-3,2.263685223E-3,-1.451421715E-2
4.710718587E1,8.122635074E-3,-1.051947847E-2,-1.078579482E-2
4.712745498E1,1.291632187E-2,-1.424790081E-2,-7.057371549E-3
4.714772410E1,9.187898599E-3,-5.725792143E-3,-6.524739787E-3
4.716799327E1,6.657897611E-4,5.992108025E-3,-5.992108025E-3
4.718839327E1,-1.464737463E-3,5.992108025E-3,-5.992108025E-3
4.720853150E1,-4.127896391E-3,-1.997369342E-3,-2.796316985E-3
4.722893150E1,-9.853689000E-3,-5.193160381E-3,-3.328948980E-3
4.724906978E1,-1.198421605E-2,2.796316985E-3,-4.926844500E-3
4.726933889E1,-6.791055668E-3,1.078579482E-2,-2.796316985E-3
4.728960806E1,-4.660528619E-3,3.328948980E-3,-5.459476262E-3
4.730987717E1,-4.660528619E-3,-7.323687430E-3,-1.078579482E-2
4.733027717E1,-1.997369342E-3,-1.464737463E-3,-1.185105834E-2
4.735041540E1,4.926844500E-3,9.187898599E-3,-1.131842658E-2
4.737068457E1,6.524739787E-3,4.926844500E-3,-5.459476262E-3
4.739095368E1,-1.464737463E-3,-5.725792143E-3,3.062632866E-3
4.741122280E1,-1.038632076E-2,-9.454214945E-3,1.051947847E-2
4.743162280E1,-5.725792143E-3,-1.265000552E-2,9.986846708E-3
4.745176108E1,2.263685223E-3,-9.454214945E-3,6.258423906E-3
4.747203019E1,1.025316212E-2,-7.323687430E-3,3.994738800E-4
4.749229931E1,1.238369010E-2,-7.856319658E-3,-3.328948980E-3
4.751256842E1,1.238369010E-2,-1.478053257E-2,-1.731053460E-3
4.753283754E1,9.720530361E-3,-2.063948289E-2,2.530001104E-3
4.755310665E1,3.861580743E-3,-2.063948289E-2,8.388951421E-3
4.757337582E1,-2.530001104E-3,-1.371526904E-2,1.158474199E-2
4.759364493E1,-6.791055668E-3,1.731053460E-3,1.105211023E-2
4.761391405E1,-6.791055668E-3,1.238369010E-2,6.258423906E-3
4.763431405E1,-3.994738800E-4,1.238369010E-2,3.595264861E-3
4.765445228E1,5.992108025E-3,4.394212738E-3,2.530001104E-3
4.767472139E1,8.655266836E-3,-8.921583183E-3,-1.731053460E-3
4.769499051E1,1.131842658E-2,-1.211737376E-2,-3.861580743E-3
4.771525967E1,1.238369010E-2,-3.062632866E-3,-6.524739787E-3
4.773552879E1,9.720530361E-3,6.524739787E-3,-7.057371549E-3
4.775579790E1,7.057371549E-3,6.524739787E-3,-3.328948980E-3
4.777606702E1,-1.997369342E-3,4.394212738E-3,-6.657897611E-4
4.779633613E1,-1.145158429E-2,1.131842658E-2,3.994738800E-4
4.781660525E1,-1.091895252E-2,2.090579830E-2,-1.198421582E-3
4.783687436E1,-5.725792143E-3,2.356895804E-2,1.997369342E-3
4.785714347E1,-4.660528619E-3,2.263685223E-3,3.062632866E-3
4.787741259E1,-3.595264861E-3,-1.158474199E-2,3.994738800E-4
4.789768170E1,3.328948980E-3,-9.321057005E-4,-1.198421582E-3
4.791795077E1,1.131842658E-2,1.451421715E-2,-4.926844500E-3
4.793821993E1,1.344895363E-2,1.824264042E-2,-2.796316985E-3
4.795848905E1,1.025316212E-2,7.057371549E-3,6.791055668E-3
4.797875811E1,2.263685223E-3,-1.744369231E-2,1.531316526E-2
4.799902722E1,-3.595264861E-3,-3.661843762E-2,1.318263728E-2
4.801929634E1,-5.725792143E-3,-2.383527346E-2,4.660528619E-3
4.803956545E1,1.731053460E-3,7.057371549E-3,-5.992108025E-3
4.805983457E1,8.122635074E-3,2.037316747E-2,-1.185105834E-2
4.808010368E1,8.122635074E-3,1.557948068E-2,-1.025316212E-2
4.810037280E1,1.731053460E-3,-4.660528619E-3,-1.198421582E-3
4.812064186E1,-3.595264861E-3,-2.330264263E-2,6.791055668E-3
4.814091103E1,-5.193160381E-3,-2.383527346E-2,9.986846708E-3
4.816118014E1,-2.530001104E-3,-1.051947847E-2,1.158474199E-2
4.818144926E1,2.796316985E-3,-9.321057005E-4,6.258423906E-3
4.820171832E1,3.861580743E-3,-9.321057005E-4,3.595264861E-3
4.822198743E1,4.926844500E-3,-7.323687430E-3,1.464737463E-3
4.824225655E1,3.861580743E-3,-1.904158667E-2,9.321057005E-4
4.826252566E1,2.263685223E-3,-2.010685205E-2,9.321057005E-4
4.828279478E1,2.796316985E-3,-1.478053257E-2,1.997369342E-3
4.830306389E1,2.263685223E-3,-8.921583183E-3,1.997369342E-3
4.832333295E1,-9.321057005E-4,-4.127896391E-3,2.530001104E-3
4.834360207E1,-5.725792143E-3,-3.994738800E-4,4.660528619E-3
4.836387118E1,-8.388951421E-3,-3.062632866E-3,7.323687430E-3
4.838414030E1,-6.258423906E-3,-3.595264861E-3,8.921583183E-3
4.840440941E1,-5.725792143E-3,-4.127896391E-3,1.105211023E-2
4.842467853E1,-8.388951421E-3,-1.211737376E-2,6.791055668E-3
4.844494759E1,-9.321057005E-4,-2.063948289E-2,1.464737463E-3
4.846521670E1,8.655266836E-3,-4.127896391E-3,3.994738800E-4
4.848548582E1,1.185105834E-2,9.720530361E-3,3.994738800E-4
4.850575488E1,4.394212738E-3,8.655266836E-3,6.258423906E-3
4.852602400E1,-8.388951421E-3,5.992108025E-3,1.744369231E-2
4.854629311E1,-1.624527015E-2,4.394212738E-3,2.117211558E-2
4.856656222E1,-1.411474310E-2,1.731053460E-3,1.691105962E-2
4.858683129E1,-7.323687430E-3,1.238369010E-2,3.595264861E-3
4.860710040E1,-4.127896391E-3,3.209106624E-2,-8.122635074E-3
4.862736946E1,2.263685223E-3,2.783001214E-2,-1.451421715E-2
4.864763858E1,7.057371549E-3,1.025316212E-2,-1.291632187E-2
4.866790769E1,3.861580743E-3,-3.062632866E-3,-4.394212738E-3
4.868817681E1,-3.994738800E-4,-4.660528619E-3,1.997369342E-3
4.870844587E1,-4.127896391E-3,-9.321057005E-4,6.258423906E-3
4.872884587E1,-7.323687430E-3,6.524739787E-3,3.062632866E-3
4.874898410E1,-1.198421605E-2,9.720530361E-3,9.321057005E-4
4.876925316E1,-1.358211134E-2,1.078579482E-2,-2.796316985E-3
4.878952228E1,-9.321057238E-3,1.238369010E-2,-5.992108025E-3
4.880979139E1,-3.595264861E-3,1.185105834E-2,-1.185105834E-2
4.883019139E1,3.328948980E-3,7.590003312E-3,-1.238369010E-2
4.885032957E1,8.655266836E-3,6.657897611E-4,-8.122635074E-3
4.887059868E1,1.185105834E-2,-1.211737376E-2,-3.328948980E-3
4.889086769E1,1.731053460E-3,-2.117211558E-2,-1.731053460E-3
4.891113686E1,-9.853689000E-3,-1.797632314E-2,-1.731053460E-3
4.893153686E1,-1.198421605E-2,-2.530001104E-3,-4.394212738E-3
4.895167504E1,-6.791055668E-3,1.451421715E-2,-4.926844500E-3
4.897194410E1,-2.530001104E-3,1.238369010E-2,-2.263685223E-3
4.899221321E1,-5.193160381E-3,-1.158474199E-2,-4.926844500E-3
4.901248233E1,-3.062632866E-3,-2.117211558E-2,-6.524739787E-3
4.903288233E1,3.861580743E-3,-3.062632866E-3,-4.926844500E-3
4.905302051E1,1.185105834E-2,6.524739787E-3,-3.861580743E-3
4.907328957E1,8.122635074E-3,-6.258423906E-3,5.725792143E-3
4.909355868E1,-6.258423906E-3,-2.277000993E-2,1.158474199E-2
4.911382774E1,-1.198421605E-2,-2.916159295E-2,7.856319658E-3
4.913409686E1,-5.193160381E-3,-1.051947847E-2,-3.861580743E-3
4.915436592E1,6.657897611E-4,1.398158539E-2,-1.238369010E-2
4.917463504E1,3.328948980E-3,1.238369010E-2,-1.504684892E-2
4.919490410E1,2.263685223E-3,-1.464737463E-3,-9.720530361E-3
4.921517321E1,-9.321057005E-4,-1.158474199E-2,-3.861580743E-3
4.923544228E1,-6.791055668E-3,-1.265000552E-2,3.994738800E-4
4.925571139E1,-9.853689000E-3,-3.595264861E-3,4.127896391E-3
4.927598045E1,-1.198421605E-2,7.057371549E-3,5.725792143E-3
4.929624957E1,-1.145158429E-2,1.078579482E-2,4.660528619E-3
4.931651863E1,-7.856319658E-3,3.328948980E-3,3.062632866E-3
4.933678774E1,1.198421582E-3,-1.464737463E-3,-1.331579551E-4
4.935705681E1,9.187898599E-3,1.331579551E-4,-2.796316985E-3
4.937732587E1,1.238369010E-2,-3.994738800E-4,-3.328948980E-3
4.939759499E1,1.025316212E-2,-5.193160381E-3,-2.263685223E-3
4.941786405E1,5.459476262E-3,-5.193160381E-3,-1.331579551E-4
4.943826405E1,1.198421582E-3,5.992108025E-3,3.062632866E-3
4.945840222E1,-1.997369342E-3,2.516685426E-2,4.660528619E-3
4.947867129E1,1.331579551E-4,4.487423226E-2,6.258423906E-3
4.949894040E1,-3.595264861E-3,5.233107507E-2,4.660528619E-3
4.951920946E1,-1.198421605E-2,4.540686309E-2,-1.331579551E-4
4.953947858E1,-1.304947957E-2,1.504684892E-2,-6.657897611E-4
4.955974764E1,-6.791055668E-3,-1.424790081E-2,-4.926844500E-3
4.958001670E1,-9.321057005E-4,-8.921583183E-3,-1.025316212E-2
4.960028582E1,5.459476262E-3,4.926844500E-3,-1.877527125E-2
4.962055488E1,9.720530361E-3,8.655266836E-3,-2.197106183E-2
4.964082394E1,9.187898599E-3,2.796316985E-3,-9.720530361E-3
4.966109306E1,2.263685223E-3,-2.063948289E-2,6.791055668E-3
4.968136212E1,-1.251684781E-2,-3.608580679E-2,1.744369231E-2
4.970163118E1,-2.636527456E-2,-3.129211813E-2,1.211737376E-2
4.972190024E1,-2.423474751E-2,1.331579551E-4,2.530001104E-3
4.974216936E1,-8.921583183E-3,3.368896246E-2,-9.187898599E-3
4.976243842E1,6.524739787E-3,3.635212034E-2,-1.078579482E-2
4.978270748E1,9.187898599E-3,4.394212738E-3,-5.992108025E-3
4.980297660E1,4.394212738E-3,-3.342264518E-2,3.062632866E-3
4.982324566E1,2.263685223E-3,-4.727107286E-2,9.986846708E-3
4.984364566E1,4.926844500E-3,-3.342264518E-2,8.921583183E-3
4.986378379E1,8.655266836E-3,-8.921583183E-3,5.193160381E-3
4.988405285E1,2.796316985E-3,1.291632187E-2,3.994738800E-4
4.990432196E1,-7.856319658E-3,1.717737690E-2,-4.926844500E-3
4.992459103E1,-1.518000662E-2,9.187898599E-3,-8.122635074E-3
4.994486009E1,-1.251684781E-2,1.198421582E-3,-4.926844500E-3
4.996512915E1,-2.530001104E-3,-5.193160381E-3,-2.796316985E-3
4.998539821E1,2.263685223E-3,-4.127896391E-3,-3.328948980E-3
5.000566733E1,6.657897611E-4,-5.193160381E-3,-7.590003312E-3
5.002593634E1,-3.595264861E-3,-4.127896391E-3,-8.655266836E-3
5.004620545E1,-6.791055668E-3,6.524739787E-3,-7.057371549E-3
5.006647452E1,-1.038632076E-2,1.611211337E-2,-7.057371549E-3
5.008674358E1,-1.464737486E-2,1.398158539E-2,-6.657897611E-4
5.010701264E1,-1.198421605E-2,-1.371526904E-2,1.997369342E-3
5.012728170E1,-9.321057005E-4,-2.649843320E-2,1.464737463E-3
5.014755077E1,7.057371549E-3,-1.158474199E-2,-1.731053460E-3
5.016781988E1,5.992108025E-3,-7.323687430E-3,-8.122635074E-3
5.018808894E1,-1.997369342E-3,-2.596580051E-2,-9.187898599E-3
5.020835801E1,-7.323687430E-3,-5.366265774E-2,-6.524739787E-3
5.022875801E1,-9.321057005E-4,-5.792371184E-2,-4.926844500E-3
5.024889613E1,-8.388951421E-3,-3.661843762E-2,-1.611211337E-2
5.026916519E1,-2.530001104E-2,-9.321057005E-4,-3.102580272E-2
5.028943426E1,-2.263685316E-2,1.344895363E-2,-2.836264484E-2
5.030970332E1,-5.725792143E-3,2.263685223E-3,-1.291632187E-2
5.033010332E1,-5.193160381E-3,-1.904158667E-2,-2.263685223E-3
5.035024144E1,-1.997369342E-2,-3.129211813E-2,-1.731053460E-3
5.037043191E1,-2.796317078E-2,-1.744369231E-2,-6.657897611E-4
5.039077941E1,-1.677790284E-2,1.930790395E-2,8.388951421E-3
5.041104853E1,-4.660528619E-3,3.102580272E-2,1.531316526E-2
5.043144853E1,-3.062632866E-3,1.664474420E-2,2.223737910E-2
5.045158665E1,-1.091895252E-2,-5.725792143E-3,2.436790615E-2
5.047185577E1,-8.921583183E-3,-8.921583183E-3,1.904158667E-2
5.049212483E1,4.394212738E-3,1.930790395E-2,6.791055668E-3
5.051239389E1,1.398158539E-2,5.286370963E-2,-7.590003312E-3
5.053266295E1,4.926844500E-3,6.032055244E-2,-1.664474420E-2
5.055293202E1,-8.388951421E-3,3.901528195E-2,-2.037316747E-2
5.057320108E1,-2.050632425E-2,1.717737690E-2,-1.930790395E-2
5.059347014E1,-2.956106514E-2,2.836264484E-2,-1.984053478E-2
5.061373926E1,-3.435475379E-2,7.044056058E-2,-1.824264042E-2
5.063400832E1,-3.435475379E-2,1.055942550E-1,-1.025316212E-2
5.065427738E1,-3.808317333E-2,1.055942550E-1,-1.331579551E-4
5.067454639E1,-4.340949282E-2,7.044056058E-2,7.323687430E-3
5.069481551E1,-4.340949282E-2,3.368896246E-2,9.986846708E-3
5.071508457E1,-3.169159219E-2,3.049317189E-2,1.265000552E-2
5.073535363E1,-9.321057238E-3,4.327633604E-2,9.986846708E-3
5.075562269E1,8.655266836E-3,4.807002097E-2,8.921583183E-3
5.077589176E1,1.025316212E-2,4.700475931E-2,9.986846708E-3
5.079616077E1,3.328948980E-3,3.635212034E-2,1.051947847E-2
5.081642983E1,1.198421582E-3,2.143843099E-2,8.388951421E-3
5.083669889E1,8.655266836E-3,1.131842658E-2,2.530001104E-3
5.085696795E1,1.131842658E-2,5.459476262E-3,-1.025316212E-2
5.087723702E1,9.720530361E-3,1.131842658E-2,-1.824264042E-2
5.089750608E1,9.720530361E-3,9.187898599E-3,-2.143843099E-2
5.091777514E1,4.394212738E-3,1.451421715E-2,-2.090579830E-2
5.093804420E1,-4.127896391E-3,1.930790395E-2,-1.984053478E-2
5.095831321E1,-1.038632076E-2,1.451421715E-2,-1.557948068E-2
5.097858233E1,-7.856319658E-3,3.328948980E-3,-7.590003312E-3
5.099885134E1,-6.258423906E-3,-4.127896391E-3,-1.198421582E-3
5.101912040E1,-8.388951421E-3,-9.454214945E-3,6.258423906E-3
5.103938946E1,-1.091895252E-2,-1.797632314E-2,7.323687430E-3
5.105965853E1,-8.921583183E-3,-2.010685205E-2,6.791055668E-3
5.107992759E1,-3.062632866E-3,-1.478053257E-2,3.062632866E-3
5.110019676E1,3.861580743E-3,-5.193160381E-3,1.464737463E-3
5.112046571E1,1.025316212E-2,-6.258423906E-3,-6.657897611E-4
5.114073472E1,1.398158539E-2,-1.904158667E-2,3.994738800E-4
5.116100384E1,9.187898599E-3,-2.436790615E-2,1.464737463E-3
5.118127285E1,3.861580743E-3,-2.010685205E-2,3.994738800E-4
5.120154191E1,6.524739787E-3,-1.265000552E-2,1.997369342E-3
5.122181097E1,5.992108025E-3,-1.691105962E-2,6.791055668E-3
5.124208004E1,-2.530001104E-3,-2.596580051E-2,5.193160381E-3
5.126234910E1,-7.856319658E-3,-2.277000993E-2,1.464737463E-3
5.128261811E1,-3.595264861E-3,-4.660528619E-3,-3.861580743E-3
5.130288717E1,8.655266836E-3,6.524739787E-3,-1.025316212E-2
5.132315624E1,1.611211337E-2,8.122635074E-3,-4.394212738E-3
5.134342530E1,1.717737690E-2,-9.454214945E-3,5.193160381E-3
5.136369436E1,1.131842658E-2,-2.756369673E-2,1.424790081E-2
5.138396337E1,2.263685223E-3,-3.182475269E-2,1.158474199E-2
5.140423243E1,3.328948980E-3,-1.744369231E-2,3.062632866E-3
5.142450150E1,9.187898599E-3,2.263685223E-3,-3.328948980E-3
5.144477056E1,1.238369010E-2,1.344895363E-2,-9.720530361E-3
5.146503957E1,1.025316212E-2,8.655266836E-3,-8.655266836E-3
5.148530863E1,9.720530361E-3,-5.725792143E-3,-4.394212738E-3
5.150557769E1,7.590003312E-3,-1.637842879E-2,1.997369342E-3
5.152584676E1,5.459476262E-3,-1.637842879E-2,6.258423906E-3
5.154611577E1,6.657897611E-4,-1.105211023E-2,5.725792143E-3
5.156638483E1,1.331579551E-4,-1.997369342E-3,-1.331579551E-4
5.158665389E1,8.655266836E-3,1.198421582E-3,-3.861580743E-3
5.160692290E1,1.291632187E-2,-1.464737463E-3,-4.926844500E-3
5.162719196E1,1.451421715E-2,-1.478053257E-2,-3.328948980E-3
5.164746103E1,1.238369010E-2,-2.649843320E-2,-2.796316985E-3
5.166773004E1,1.131842658E-2,-2.490053698E-2,-2.796316985E-3
5.168799910E1,9.720530361E-3,-9.454214945E-3,-5.459476262E-3
5.170826816E1,6.524739787E-3,-9.321057005E-4,-5.992108025E-3
5.172866816E1,-9.321057005E-4,1.731053460E-3,-4.394212738E-3
5.174880624E1,-1.997369342E-3,-9.321057005E-4,-1.331579551E-4
5.176907530E1,6.657897611E-4,-4.127896391E-3,4.127896391E-3
5.178934431E1,4.394212738E-3,-5.725792143E-3,6.791055668E-3
5.180961337E1,5.992108025E-3,-1.158474199E-2,3.595264861E-3
5.183001337E1,1.398158539E-2,-1.371526904E-2,3.994738800E-4
5.185030936E1,2.463422157E-2,-5.725792143E-3,-2.263685223E-3
5.187042108E1,2.836264484E-2,-5.193160381E-3,-3.328948980E-3
5.189068998E1,1.984053478E-2,-8.388951421E-3,9.321057005E-4
5.191095894E1,9.187898599E-3,-1.637842879E-2,1.105211023E-2
5.193135894E1,3.861580743E-3,-2.649843320E-2,2.010685205E-2
5.195149696E1,-2.530001104E-3,-1.904158667E-2,1.424790081E-2
5.197176592E1,-3.994738800E-4,-7.856319658E-3,6.258423906E-3
5.199203493E1,1.238369010E-2,-8.388951421E-3,-1.731053460E-3
5.201230394E1,1.984053478E-2,-8.388951421E-3,-7.057371549E-3
5.203270394E1,2.143843099E-2,-6.258423906E-3,-6.524739787E-3
5.205284202E1,1.664474420E-2,-1.318263728E-2,-1.331579551E-4
5.207311103E1,5.459476262E-3,-2.756369673E-2,4.660528619E-3
5.209338004E1,-3.062632866E-3,-2.703106403E-2,6.791055668E-3
5.211364910E1,-5.193160381E-3,-1.105211023E-2,5.725792143E-3
5.213404910E1,-3.595264861E-3,4.926844500E-3,4.127896391E-3
5.215418717E1,-1.464737463E-3,2.796316985E-3,1.464737463E-3
5.217445624E1,4.394212738E-3,-7.856319658E-3,3.994738800E-4
5.219472530E1,1.291632187E-2,-2.063948289E-2,-1.331579551E-4
5.221499426E1,2.037316747E-2,-1.797632314E-2,1.464737463E-3
5.223526332E1,1.930790395E-2,-1.850895584E-2,2.530001104E-3
5.225553238E1,1.025316212E-2,-1.957421936E-2,1.464737463E-3
5.227580144E1,5.992108025E-3,-1.424790081E-2,1.997369342E-3
5.229607045E1,3.861580743E-3,1.198421582E-3,1.997369342E-3
5.231633952E1,6.657897611E-4,1.504684892E-2,1.464737463E-3
5.233660858E1,1.331579551E-4,1.771000773E-2,2.530001104E-3
5.235687759E1,3.861580743E-3,6.657897611E-4,3.062632866E-3
5.237714665E1,3.328948980E-3,-1.265000552E-2,-1.731053460E-3
5.239741571E1,2.796316985E-3,4.394212738E-3,-2.263685223E-3
5.241768478E1,5.992108025E-3,2.623211779E-2,-2.796316985E-3
5.243795379E1,1.025316212E-2,3.049317189E-2,9.321057005E-4
5.245822285E1,3.328948980E-3,3.581948951E-2,9.986846708E-3
5.247849191E1,-4.127896391E-3,3.581948951E-2,1.265000552E-2
5.249876092E1,-1.464737463E-3,2.783001214E-2,1.424790081E-2
5.251902998E1,1.331579551E-4,3.102580272E-2,9.986846708E-3
5.253929905E1,-3.994738800E-4,4.380896688E-2,1.464737463E-3
5.255956811E1,5.992108025E-3,4.593949392E-2,-5.992108025E-3
5.257983717E1,1.291632187E-2,4.593949392E-2,-2.263685223E-3
5.260010618E1,1.185105834E-2,4.221107066E-2,9.321057005E-4
5.262037525E1,7.590003312E-3,3.475422785E-2,-1.331579551E-4
5.264064431E1,1.131842658E-2,2.783001214E-2,-1.331579551E-4
5.266091337E1,1.717737690E-2,2.303632535E-2,1.464737463E-3
5.268118243E1,2.197106183E-2,8.122635074E-3,1.464737463E-3
5.270145150E1,2.143843099E-2,-1.158474199E-2,1.464737463E-3
5.272172051E1,1.771000773E-2,-2.596580051E-2,-1.331579551E-4
5.274198957E1,1.664474420E-2,-3.715106845E-2,-3.328948980E-3
5.276225863E1,1.984053478E-2,-4.354264960E-2,-3.328948980E-3
5.278265863E1,2.143843099E-2,-3.928159550E-2,-1.331579551E-4
5.280279676E1,1.824264042E-2,-3.928159550E-2,5.193160381E-3
5.282306582E1,1.771000773E-2,-5.579318479E-2,1.105211023E-2
5.284333488E1,1.717737690E-2,-7.763108611E-2,1.531316526E-2
5.286360394E1,1.771000773E-2,-9.361004084E-2,1.744369231E-2
5.288387301E1,1.930790395E-2,-9.893636405E-2,1.691105962E-2
5.290414207E1,2.037316747E-2,-9.733846784E-2,2.170474641E-2
5.292441113E1,2.090579830E-2,-1.042626798E-1,2.117211558E-2
5.294468019E1,1.984053478E-2,-1.213068962E-1,1.478053257E-2
5.296494926E1,2.197106183E-2,-1.266332120E-1,9.454214945E-3
5.298521832E1,2.037316747E-2,-1.031974182E-1,2.530001104E-3
5.300548738E1,2.143843099E-2,-8.242477477E-2,-3.328948980E-3
5.302575644E1,1.238369010E-2,-7.230477035E-2,-4.394212738E-3
5.304602556E1,-6.791055668E-3,-7.017423958E-2,-1.238369010E-2
5.306629462E1,-1.145158429E-2,-7.922898233E-2,-2.037316747E-2
5.308656368E1,-9.321057005E-4,-7.283740491E-2,-2.676474862E-2
5.310683269E1,1.185105834E-2,-2.756369673E-2,-2.942790836E-2
5.312723269E1,2.197106183E-2,7.057371549E-3,-2.889527567E-2
5.314737087E1,2.942790836E-2,3.861580743E-3,-2.250369452E-2
5.316763993E1,2.889527567E-2,-2.436790615E-2,-1.557948068E-2
5.318790905E1,2.143843099E-2,-5.366265774E-2,-1.078579482E-2
5.320817811E1,1.984053478E-2,-7.337003201E-2,-3.328948980E-3
5.322857811E1,1.504684892E-2,-6.431528926E-2,-1.331579551E-4
5.324871624E1,1.238369010E-2,-4.886896908E-2,2.530001104E-3
5.326898530E1,1.344895363E-2,-3.821633384E-2,2.530001104E-3
5.328925441E1,5.459476262E-3,-1.957421936E-2,-1.331579551E-4
5.330952347E1,-7.856319658E-3,8.655266836E-3,-9.187898599E-3
5.332992347E1,-1.145158429E-2,2.729738131E-2,-1.930790395E-2
5.335006165E1,-3.595264861E-3,3.209106624E-2,-2.942790836E-2
5.337033071E1,8.655266836E-3,3.368896246E-2,-3.262370080E-2
5.339059978E1,1.344895363E-2,2.250369452E-2,-2.889527567E-2
5.341086889E1,1.025316212E-2,6.524739787E-3,-2.197106183E-2
5.343126889E1,1.731053460E-3,-1.997369342E-3,-1.611211337E-2
5.345140702E1,-3.994738800E-4,1.185105834E-2,-1.185105834E-2
5.347167613E1,-3.062632866E-3,3.102580272E-2,-8.655266836E-3
5.349194519E1,-4.127896391E-3,2.836264484E-2,-8.655266836E-3
5.351221426E1,-3.595264861E-3,1.611211337E-2,-8.655266836E-3
5.353244400E1,-3.062632866E-3,1.664474420E-2,-9.720530361E-3
5.355275238E1,3.328948980E-3,2.037316747E-2,-1.025316212E-2
5.357302150E1,1.025316212E-2,1.664474420E-2,-8.655266836E-3
5.359329056E1,7.057371549E-3,1.451421715E-2,-2.796316985E-3
5.361355962E1,-6.258423906E-3,1.398158539E-2,-2.263685223E-3
5.363395962E1,-9.321057238E-3,9.187898599E-3,-5.459476262E-3
5.365409780E1,1.731053460E-3,5.992108025E-3,-1.078579482E-2
5.367436691E1,5.459476262E-3,1.078579482E-2,-1.664474420E-2
5.369463597E1,1.731053460E-3,1.771000773E-2,-1.930790395E-2
5.371490514E1,1.331579551E-4,2.569948509E-2,-1.717737690E-2
5.373517420E1,1.731053460E-3,2.676474862E-2,-1.291632187E-2
5.375544332E1,1.331579551E-4,1.877527125E-2,-8.122635074E-3
5.377571238E1,-6.258423906E-3,-2.530001104E-3,-1.731053460E-3
5.379598150E1,-9.853689000E-3,-2.117211558E-2,1.997369342E-3
5.381625056E1,-9.853689000E-3,-3.075948730E-2,3.994738800E-4
5.383651967E1,-7.856319658E-3,-1.478053257E-2,-2.263685223E-3
5.385678874E1,-3.062632866E-3,1.824264042E-2,-7.057371549E-3
5.387705785E1,8.122635074E-3,2.996053919E-2,-8.655266836E-3
5.389745785E1,1.557948068E-2,4.394212738E-3,-8.655266836E-3
5.391759603E1,1.078579482E-2,-2.969422378E-2,-4.394212738E-3
5.393799603E1,3.328948980E-3,-4.460791498E-2,-2.263685223E-3
5.395813420E1,2.263685223E-3,-4.141212255E-2,-1.731053460E-3
5.397840327E1,9.187898599E-3,-1.904158667E-2,1.997369342E-3
5.399867238E1,1.025316212E-2,-6.258423906E-3,6.791055668E-3
5.401894144E1,4.394212738E-3,-3.595264861E-3,9.454214945E-3
5.403921056E1,-7.323687430E-3,-1.318263728E-2,1.584579609E-2
5.405947962E1,-7.856319658E-3,-2.756369673E-2,9.986846708E-3
5.407974874E1,2.796316985E-3,-2.543316968E-2,4.660528619E-3
5.410001785E1,1.131842658E-2,1.198421582E-3,-1.331579551E-4
5.412028691E1,1.664474420E-2,1.557948068E-2,-5.992108025E-3
5.414055603E1,1.451421715E-2,2.729738131E-2,-2.796316985E-3
5.416082509E1,1.731053460E-3,3.049317189E-2,5.193160381E-3
5.418109420E1,-9.853689000E-3,1.664474420E-2,1.531316526E-2
5.420136327E1,-1.571263932E-2,-2.530001104E-3,2.010685205E-2
5.422163238E1,-1.944106072E-2,1.731053460E-3,1.744369231E-2
5.424190144E1,-1.571263932E-2,2.676474862E-2,6.791055668E-3
5.426217056E1,-9.321057005E-4,5.392897129E-2,-3.861580743E-3
5.428243962E1,1.078579482E-2,6.085318699E-2,-1.185105834E-2
5.430270874E1,8.122635074E-3,4.114580899E-2,-1.185105834E-2
5.432297780E1,-1.464737463E-3,1.771000773E-2,-7.057371549E-3
5.434324691E1,-6.791055668E-3,2.263685223E-3,-1.198421582E-3
5.436351597E1,-8.921583183E-3,-9.321057005E-4,3.062632866E-3
5.438378509E1,-6.791055668E-3,1.185105834E-2,5.725792143E-3
5.440405420E1,-6.791055668E-3,2.516685426E-2,4.660528619E-3
5.442432327E1,-3.595264861E-3,3.049317189E-2,5.725792143E-3
5.444459238E1,1.198421582E-3,1.664474420E-2,5.725792143E-3
5.446486144E1,3.861580743E-3,-2.530001104E-3,5.193160381E-3
5.448513056E1,1.731053460E-3,-8.921583183E-3,6.258423906E-3
5.450539962E1,-9.321057005E-4,-7.856319658E-3,3.062632866E-3
5.452566874E1,2.796316985E-3,-1.158474199E-2,2.530001104E-3
5.454593780E1,7.057371549E-3,-1.478053257E-2,3.595264861E-3
5.456620691E1,3.861580743E-3,-9.986846708E-3,3.595264861E-3
5.458647597E1,-9.321057005E-4,-4.127896391E-3,3.062632866E-3
5.460674509E1,-5.193160381E-3,-6.258423906E-3,5.193160381E-3
5.462701420E1,-4.127896391E-3,-1.797632314E-2,5.193160381E-3
5.464728327E1,2.796316985E-3,-1.637842879E-2,3.595264861E-3
5.466755233E1,8.122635074E-3,-1.464737463E-3,1.464737463E-3
5.468782144E1,1.185105834E-2,1.331579551E-4,-1.198421582E-3
5.470809051E1,9.720530361E-3,-9.454214945E-3,6.791055668E-3
5.472849051E1,6.657897611E-4,-1.797632314E-2,1.478053257E-2
5.474862868E1,-8.921583183E-3,-2.916159295E-2,1.957421936E-2
5.476889780E1,-7.856319658E-3,-3.235738352E-2,1.637842879E-2
5.478916686E1,-1.464737463E-3,-1.371526904E-2,5.193160381E-3
5.480943597E1,8.122635074E-3,1.398158539E-2,-3.861580743E-3
5.482983597E1,1.451421715E-2,1.611211337E-2,-7.590003312E-3
5.484997415E1,1.291632187E-2,-9.321057005E-4,-5.459476262E-3
5.487024321E1,-3.994738800E-4,-1.744369231E-2,3.062632866E-3
5.489051233E1,-1.038632076E-2,-2.223737910E-2,1.265000552E-2
5.491078139E1,-1.198421605E-2,-1.158474199E-2,1.797632314E-2
5.493118139E1,-1.358211134E-2,8.655266836E-3,1.531316526E-2
5.495131957E1,-1.038632076E-2,2.676474862E-2,1.105211023E-2
5.497158868E1,-4.127896391E-3,2.996053919E-2,7.323687430E-3
5.499185775E1,1.331579551E-4,2.197106183E-2,5.193160381E-3
5.501212686E1,1.198421582E-3,5.459476262E-3,4.660528619E-3
5.503252686E1,3.861580743E-3,-5.193160381E-3,5.193160381E-3
5.505266504E1,7.057371549E-3,-3.994738800E-4,6.791055668E-3
5.507293410E1,7.590003312E-3,5.992108025E-3,7.856319658E-3
5.509320321E1,4.926844500E-3,2.796316985E-3,1.158474199E-2
5.511347228E1,-4.127896391E-3,-2.530001104E-3,1.051947847E-2
5.513374139E1,-9.321057238E-3,2.796316985E-3,8.921583183E-3
5.515401045E1,-1.091895252E-2,2.197106183E-2,6.258423906E-3
5.517427957E1,-6.791055668E-3,2.836264484E-2,6.791055668E-3
5.519454863E1,-2.530001104E-3,1.398158539E-2,2.530001104E-3
5.521481769E1,-3.994738800E-4,-1.464737463E-3,-6.657897611E-4
5.523508681E1,3.861580743E-3,5.992108025E-3,-1.731053460E-3
5.525535587E1,7.057371549E-3,8.122635074E-3,-1.731053460E-3
5.527562498E1,6.524739787E-3,-1.464737463E-3,5.193160381E-3
5.529589405E1,-1.997369342E-3,-9.986846708E-3,1.318263728E-2
5.531616316E1,-7.856319658E-3,-1.797632314E-2,1.584579609E-2
5.533643222E1,-6.791055668E-3,-2.170474641E-2,1.478053257E-2
5.535670134E1,-3.595264861E-3,-6.791055668E-3,5.193160381E-3
5.537697040E1,-9.321057005E-4,1.824264042E-2,-2.796316985E-3
5.539723952E1,5.459476262E-3,2.623211779E-2,-7.057371549E-3
5.541750858E1,5.992108025E-3,1.611211337E-2,-2.263685223E-3
5.543777769E1,1.731053460E-3,-8.388951421E-3,1.997369342E-3
5.545804676E1,-4.660528619E-3,-2.117211558E-2,9.454214945E-3
5.547831582E1,-6.791055668E-3,-1.318263728E-2,1.211737376E-2
5.549858493E1,-5.725792143E-3,-1.997369342E-3,1.584579609E-2
5.551885400E1,-5.193160381E-3,1.025316212E-2,8.921583183E-3
5.553912311E1,-7.323687430E-3,1.664474420E-2,5.193160381E-3
5.555939217E1,-6.258423906E-3,1.344895363E-2,1.464737463E-3
5.557966124E1,-3.994738800E-4,-1.997369342E-3,-1.731053460E-3
5.559993035E1,1.198421582E-3,-1.371526904E-2,-1.198421582E-3
5.562019941E1,-1.464737463E-3,-1.424790081E-2,3.062632866E-3
5.564046853E1,-3.062632866E-3,-1.584579609E-2,3.062632866E-3
5.566073759E1,-2.530001104E-3,-1.744369231E-2,3.595264861E-3
5.568100665E1,1.731053460E-3,-1.478053257E-2,3.994738800E-4
5.570127577E1,5.992108025E-3,-9.454214945E-3,-1.731053460E-3
5.572154478E1,8.122635074E-3,-1.997369342E-3,-4.926844500E-3
5.574181394E1,3.861580743E-3,-1.850895584E-2,-4.394212738E-3
5.576208301E1,-3.062632866E-3,-4.514054582E-2,-5.459476262E-3
5.578235207E1,-3.994738800E-4,-3.395527974E-2,-8.655266836E-3
5.580262118E1,8.655266836E-3,2.263685223E-3,-6.524739787E-3
5.582289030E1,1.078579482E-2,1.877527125E-2,-5.992108025E-3
5.584315936E1,1.025316212E-2,3.861580743E-3,3.595264861E-3
5.586355936E1,1.198421582E-3,-2.543316968E-2,1.265000552E-2
5.588369754E1,-6.258423906E-3,-4.407528415E-2,1.265000552E-2
5.590396660E1,-4.127896391E-3,-3.981423005E-2,6.258423906E-3
5.592423571E1,4.926844500E-3,-1.051947847E-2,-5.459476262E-3
5.594450478E1,1.238369010E-2,2.303632535E-2,-1.398158539E-2
5.596477389E1,9.720530361E-3,2.996053919E-2,-1.557948068E-2
5.598517389E1,6.657897611E-4,1.238369010E-2,-1.131842658E-2
5.600531207E1,-1.038632076E-2,-4.127896391E-3,-1.731053460E-3
5.602558113E1,-1.731053367E-2,-8.388951421E-3,1.464737463E-3
5.604585019E1,-1.731053367E-2,4.926844500E-3,1.464737463E-3
5.606611931E1,-1.571263932E-2,2.676474862E-2,-1.198421582E-3
5.608638837E1,-1.358211134E-2,4.487423226E-2,-4.394212738E-3
5.610665749E1,-7.323687430E-3,5.233107507E-2,-7.590003312E-3
5.612692655E1,1.198421582E-3,4.114580899E-2,-8.122635074E-3
5.614732655E1,4.926844500E-3,1.664474420E-2,-7.590003312E-3
5.616746472E1,3.861580743E-3,-1.464737463E-3,-5.459476262E-3
5.618773379E1,3.328948980E-3,-6.258423906E-3,-6.524739787E-3
5.620800290E1,6.524739787E-3,-7.323687430E-3,-4.394212738E-3
5.622840290E1,7.590003312E-3,-4.127896391E-3,-5.992108025E-3
5.624854103E1,-1.464737463E-3,1.731053460E-3,-4.926844500E-3
5.626881014E1,-1.038632076E-2,1.717737690E-2,-2.796316985E-3
5.628907920E1,-1.464737486E-2,2.942790836E-2,-2.796316985E-3
5.630934832E1,-1.091895252E-2,2.996053919E-2,1.997369342E-3
5.632974832E1,-9.321057238E-3,9.187898599E-3,3.062632866E-3
5.634988644E1,-6.258423906E-3,-7.856319658E-3,-1.198421582E-3
5.637015556E1,1.731053460E-3,6.657897611E-4,-3.328948980E-3
5.639042462E1,1.131842658E-2,4.394212738E-3,-8.655266836E-3
5.641069368E1,1.344895363E-2,-3.062632866E-3,-4.394212738E-3
5.643109368E1,2.796316985E-3,-1.691105962E-2,3.062632866E-3
5.645123186E1,-6.791055668E-3,-2.223737910E-2,1.105211023E-2
5.647150092E1,-7.856319658E-3,-2.969422378E-2,1.105211023E-2
5.649177004E1,-2.530001104E-3,-1.371526904E-2,4.127896391E-3
5.651203910E1,2.796316985E-3,1.344895363E-2,-8.122635074E-3
5.653222957E1,1.025316212E-2,1.185105834E-2,-1.504684892E-2
5.655257712E1,1.185105834E-2,-5.193160381E-3,-1.504684892E-2
5.657284624E1,3.328948980E-3,-2.223737910E-2,-7.057371549E-3
5.659311530E1,-5.725792143E-3,-3.182475269E-2,9.321057005E-4
5.661338446E1,-6.791055668E-3,-2.330264263E-2,4.660528619E-3
5.663378446E1,-9.321057005E-4,-7.323687430E-3,7.856319658E-3
5.665392264E1,-3.994738800E-4,6.524739787E-3,3.595264861E-3
5.667419170E1,-1.997369342E-3,5.992108025E-3,-6.657897611E-4
5.669446082E1,-2.530001104E-3,-4.660528619E-3,-2.263685223E-3
5.671472988E1,1.198421582E-3,-1.478053257E-2,-4.394212738E-3
5.673499894E1,4.926844500E-3,-1.531316526E-2,-4.926844500E-3
5.675526806E1,7.590003312E-3,-1.997369342E-3,-4.926844500E-3
5.677553717E1,5.992108025E-3,6.657897611E-4,-3.328948980E-3
5.679580629E1,6.657897611E-4,-4.127896391E-3,-1.198421582E-3
5.681607535E1,-9.321057238E-3,-5.193160381E-3,1.997369342E-3
5.683634441E1,-1.358211134E-2,2.263685223E-3,1.464737463E-3
5.685661353E1,-9.853689000E-3,1.824264042E-2,-1.731053460E-3
5.687688259E1,-9.853689000E-3,3.315633163E-2,-1.731053460E-3
5.689715170E1,-9.321057238E-3,2.090579830E-2,-2.263685223E-3
5.691742077E1,-4.660528619E-3,2.263685223E-3,-4.394212738E-3
5.693768988E1,1.731053460E-3,8.122635074E-3,-3.328948980E-3
5.695795894E1,4.394212738E-3,7.590003312E-3,-7.057371549E-3
5.697822806E1,3.328948980E-3,2.263685223E-3,-4.394212738E-3
5.699849707E1,-5.193160381E-3,9.187898599E-3,4.660528619E-3
5.701876618E1,-1.251684781E-2,9.720530361E-3,8.921583183E-3
5.703903530E1,-1.251684781E-2,-3.994738800E-4,8.921583183E-3
5.705930436E1,-1.038632076E-2,1.331579551E-4,3.062632866E-3
5.707957342E1,-5.725792143E-3,1.025316212E-2,-4.926844500E-3
5.709984254E1,2.263685223E-3,1.717737690E-2,-1.291632187E-2
5.712011155E1,8.655266836E-3,1.344895363E-2,-1.291632187E-2
5.714038071E1,3.861580743E-3,2.263685223E-3,-8.122635074E-3
5.716064978E1,-5.193160381E-3,-1.478053257E-2,-1.331579551E-4
5.718091889E1,-8.921583183E-3,-2.543316968E-2,6.791055668E-3
5.720131889E1,-8.388951421E-3,-1.691105962E-2,8.921583183E-3
5.722145702E1,-7.323687430E-3,6.657897611E-4,5.725792143E-3
5.724172613E1,-4.127896391E-3,1.291632187E-2,1.464737463E-3
5.726199519E1,1.331579551E-4,1.078579482E-2,-1.731053460E-3
5.728226426E1,4.926844500E-3,-5.193160381E-3,-3.861580743E-3
5.730253337E1,8.122635074E-3,-3.022685647E-2,-2.796316985E-3
5.732280243E1,7.057371549E-3,-3.608580679E-2,-2.263685223E-3
5.734307155E1,3.861580743E-3,-2.277000993E-2,-1.198421582E-3
5.736334061E1,4.926844500E-3,-1.211737376E-2,3.994738800E-4
5.738360967E1,-3.994738800E-4,-1.051947847E-2,3.062632866E-3
5.740387879E1,-8.388951421E-3,-8.921583183E-3,2.530001104E-3
5.742414785E1,-1.251684781E-2,-1.464737463E-3,1.464737463E-3
5.744441696E1,-7.856319658E-3,4.926844500E-3,3.062632866E-3
5.746468603E1,-7.856319658E-3,7.057371549E-3,5.193160381E-3
5.748495509E1,-3.062632866E-3,-4.127896391E-3,-1.331579551E-4
5.750522415E1,4.926844500E-3,-4.127896391E-3,-3.328948980E-3
5.752549327E1,9.720530361E-3,6.524739787E-3,-4.926844500E-3
5.754576233E1,6.524739787E-3,-1.464737463E-3,-4.394212738E-3
5.756603144E1,1.331579551E-4,-1.371526904E-2,3.062632866E-3
5.758630051E1,-1.091895252E-2,-1.744369231E-2,1.158474199E-2
5.760656957E1,-1.358211134E-2,-1.371526904E-2,1.211737376E-2
5.762683868E1,-1.304947957E-2,4.926844500E-3,4.127896391E-3
5.764710775E1,-7.856319658E-3,3.102580272E-2,-9.187898599E-3
5.766737681E1,6.657897611E-4,3.635212034E-2,-1.611211337E-2
5.768764592E1,7.590003312E-3,1.930790395E-2,-1.664474420E-2
5.770791498E1,3.328948980E-3,-4.127896391E-3,-6.524739787E-3
5.772830280E1,-7.856319658E-3,-2.170474641E-2,1.464737463E-3
5.774845316E1,-1.304947957E-2,-1.957421936E-2,6.258423906E-3
5.776872222E1,-1.198421605E-2,-1.464737463E-3,7.856319658E-3
5.778899129E1,-1.038632076E-2,1.877527125E-2,4.127896391E-3
5.780926040E1,-9.853689000E-3,3.155843541E-2,-1.731053460E-3
5.782966040E1,-5.193160381E-3,2.090579830E-2,-3.328948980E-3
5.784979853E1,-3.595264861E-3,3.861580743E-3,-4.926844500E-3
5.787006759E1,-2.530001104E-3,-1.584579609E-2,-5.459476262E-3
5.789033670E1,-1.997369342E-3,-1.904158667E-2,-1.731053460E-3
5.791060577E1,-1.997369342E-3,-1.158474199E-2,-1.198421582E-3
5.793100577E1,-2.530001104E-3,-6.791055668E-3,-6.657897611E-4
5.795114394E1,-4.660528619E-3,-2.530001104E-3,9.321057005E-4
5.797141301E1,-1.198421605E-2,2.796316985E-3,3.994738800E-4
5.799168207E1,-1.304947957E-2,7.057371549E-3,-1.331579551E-4
5.801195113E1,-9.853689000E-3,5.992108025E-3,1.464737463E-3
5.803235113E1,-1.038632076E-2,2.263685223E-3,2.530001104E-3
5.805248931E1,-1.091895252E-2,-1.158474199E-2,-2.263685223E-3
5.807275837E1,-9.321057005E-4,-9.986846708E-3,-3.861580743E-3
5.809302743E1,8.655266836E-3,2.796316985E-3,-5.992108025E-3
5.811329655E1,8.122635074E-3,-5.725792143E-3,-4.926844500E-3
5.813356561E1,-1.464737463E-3,-1.797632314E-2,5.725792143E-3
5.815383467E1,-1.358211134E-2,-2.436790615E-2,9.986846708E-3
5.817410374E1,-1.518000662E-2,-2.383527346E-2,5.725792143E-3
5.819437280E1,-7.856319658E-3,-6.791055668E-3,-2.263685223E-3
5.821464186E1,-3.062632866E-3,1.611211337E-2,-1.398158539E-2
5.823491097E1,3.861580743E-3,2.623211779E-2,-1.717737690E-2
5.825518004E1,7.590003312E-3,1.398158539E-2,-1.025316212E-2
5.827544910E1,-3.062632866E-3,-1.318263728E-2,-1.731053460E-3
5.829571816E1,-1.677790284E-2,-3.075948730E-2,9.321057005E-4
5.831598728E1,-1.890842989E-2,-1.850895584E-2,2.530001104E-3
5.833625634E1,-1.358211134E-2,1.344895363E-2,1.464737463E-3
5.835652540E1,-9.321057238E-3,3.102580272E-2,-3.328948980E-3
5.837679446E1,-1.038632076E-2,2.942790836E-2,-7.057371549E-3
5.839706353E1,-7.323687430E-3,1.717737690E-2,-8.655266836E-3
5.841733248E1,1.331579551E-4,-2.530001104E-3,-7.057371549E-3
5.843773249E1,2.796316985E-3,-1.584579609E-2,-8.122635074E-3
5.845787077E1,-1.997369342E-3,-1.371526904E-2,-8.655266836E-3
5.847813983E1,-6.791055668E-3,-9.321057005E-4,-7.590003312E-3
5.849840889E1,-8.388951421E-3,7.590003312E-3,-5.992108025E-3
5.851867795E1,-1.251684781E-2,1.185105834E-2,-4.394212738E-3
5.853894702E1,-1.677790284E-2,1.664474420E-2,-5.459476262E-3
5.855921613E1,-1.624527015E-2,1.664474420E-2,-1.025316212E-2
5.857948519E1,-8.388951421E-3,1.451421715E-2,-9.720530361E-3
5.859975426E1,-5.193160381E-3,9.720530361E-3,-8.655266836E-3
5.862002332E1,-1.411474310E-2,-5.193160381E-3,-9.720530361E-3
5.864029238E1,-1.251684781E-2,-1.105211023E-2,-1.344895363E-2
5.866056144E1,-7.856319658E-3,9.720530361E-3,-1.557948068E-2
5.868083051E1,-6.258423906E-3,2.143843099E-2,-1.717737690E-2
5.870109957E1,-9.321057238E-3,1.717737690E-2,-1.771000773E-2
5.872136868E1,-1.411474310E-2,1.291632187E-2,-1.131842658E-2
5.874163769E1,-1.251684781E-2,1.185105834E-2,-9.187898599E-3
5.876190676E1,-5.725792143E-3,7.057371549E-3,-8.122635074E-3
5.878217587E1,-3.994738800E-4,7.057371549E-3,-1.291632187E-2
5.880244493E1,-5.725792143E-3,1.291632187E-2,-1.504684892E-2
5.882271400E1,-1.251684781E-2,1.611211337E-2,-1.611211337E-2
5.884298301E1,-1.464737486E-2,1.877527125E-2,-1.185105834E-2
5.886325212E1,-1.837579720E-2,2.090579830E-2,-6.524739787E-3
5.888352113E1,-2.103895694E-2,1.984053478E-2,-2.796316985E-3
5.890379024E1,-1.890842989E-2,1.824264042E-2,3.994738800E-4
5.892405931E1,-8.921583183E-3,1.291632187E-2,2.530001104E-3
5.894432837E1,-3.062632866E-3,7.590003312E-3,3.062632866E-3
5.896459743E1,-1.464737463E-3,-9.321057005E-4,4.127896391E-3
5.898486650E1,-9.321057005E-4,-1.211737376E-2,3.062632866E-3
5.900513556E1,-9.321057005E-4,-1.424790081E-2,2.530001104E-3
5.902540462E1,-2.530001104E-3,-6.258423906E-3,-1.331579551E-4
5.904567368E1,-1.997369342E-3,4.926844500E-3,1.464737463E-3
5.906594274E1,-6.258423906E-3,1.078579482E-2,3.994738800E-4
5.908621181E1,-9.321057238E-3,4.394212738E-3,3.994738800E-4
5.910648087E1,-9.853689000E-3,6.657897611E-4,2.530001104E-3
5.912674993E1,-9.853689000E-3,-3.062632866E-3,4.127896391E-3
5.914701900E1,-7.323687430E-3,-7.856319658E-3,4.660528619E-3
5.916728801E1,-6.791055668E-3,-7.323687430E-3,5.725792143E-3
5.918755707E1,-8.388951421E-3,-1.051947847E-2,3.062632866E-3
5.920782613E1,-6.258423906E-3,-1.265000552E-2,-2.263685223E-3
5.922822613E1,-3.994738800E-4,3.328948980E-3,-2.263685223E-3
5.924836426E1,3.861580743E-3,1.238369010E-2,-4.394212738E-3
5.926863332E1,4.926844500E-3,1.731053460E-3,-2.263685223E-3
5.928890238E1,-2.530001104E-3,-6.258423906E-3,6.258423906E-3
5.930917144E1,-8.388951421E-3,-1.424790081E-2,1.211737376E-2
5.932957144E1,-8.921583183E-3,-1.904158667E-2,1.318263728E-2
5.934970952E1,-8.388951421E-3,-1.691105962E-2,4.660528619E-3
5.936997858E1,-8.388951421E-3,-5.193160381E-3,-4.926844500E-3
5.939024764E1,-3.994738800E-4,3.328948980E-3,-1.131842658E-2
5.941051670E1,3.861580743E-3,9.720530361E-3,-1.131842658E-2
5.943091670E1,-9.321057005E-4,1.731053460E-3,-7.590003312E-3
5.945097592E1,-8.921583183E-3,-1.371526904E-2,3.994738800E-4
5.947132347E1,-1.198421605E-2,-2.383527346E-2,7.856319658E-3
5.949159259E1,-1.145158429E-2,-1.531316526E-2,9.454214945E-3
5.951186170E1,-1.091895252E-2,2.263685223E-3,8.921583183E-3
5.953226170E1,-9.853689000E-3,9.720530361E-3,3.595264861E-3
5.955239988E1,-6.258423906E-3,1.731053460E-3,-6.657897611E-4
5.957266900E1,-4.127896391E-3,-6.258423906E-3,-3.328948980E-3
5.959293806E1,-4.660528619E-3,-9.454214945E-3,-3.861580743E-3
5.961320712E1,-3.062632866E-3,-6.791055668E-3,-4.394212738E-3
5.963360712E1,-1.464737463E-3,1.731053460E-3,-3.861580743E-3
5.965374524E1,-1.997369342E-3,3.328948980E-3,-1.731053460E-3
5.967401436E1,-5.193160381E-3,-1.997369342E-3,1.464737463E-3
5.969428337E1,-1.304947957E-2,3.328948980E-3,1.997369342E-3
5.971455243E1,-1.518000662E-2,1.025316212E-2,3.062632866E-3
5.973482150E1,-1.251684781E-2,1.717737690E-2,4.660528619E-3
5.975509056E1,-9.321057238E-3,7.057371549E-3,5.725792143E-3
5.977535957E1,-9.321057238E-3,-5.725792143E-3,-1.331579551E-4
5.979562868E1,6.657897611E-4,1.331579551E-4,-3.328948980E-3
5.981589774E1,1.131842658E-2,1.398158539E-2,-3.861580743E-3
5.983616676E1,1.291632187E-2,1.078579482E-2,-3.328948980E-3
5.985643582E1,6.657897611E-4,-9.321057005E-4,5.725792143E-3
5.987670488E1,-1.091895252E-2,-8.921583183E-3,1.265000552E-2
5.989697389E1,-1.251684781E-2,-1.158474199E-2,1.424790081E-2
5.991724295E1,-8.921583183E-3,-6.258423906E-3,9.454214945E-3
5.993751202E1,-5.193160381E-3,9.187898599E-3,-1.198421582E-3
5.995778103E1,1.331579551E-4,1.717737690E-2,-9.187898599E-3
5.997805009E1,3.328948980E-3,1.771000773E-2,-9.720530361E-3
5.999831915E1,3.328948980E-3,5.992108025E-3,-4.926844500E-3
6.001871915E1,6.657897611E-4,-2.117211558E-2,4.660528619E-3
6.003885722E1,-7.856319658E-3,-3.129211813E-2,9.454214945E-3
6.005912629E1,-1.358211134E-2,-1.797632314E-2,9.986846708E-3
6.007939530E1,-8.921583183E-3,-3.994738800E-4,9.454214945E-3
6.009966436E1,-2.530001104E-3,1.344895363E-2,4.127896391E-3
6.011993337E1,-3.595264861E-3,6.524739787E-3,9.321057005E-4
6.014020238E1,-6.258423906E-3,-9.986846708E-3,-1.331579551E-4
6.016047150E1,-6.258423906E-3,-1.637842879E-2,-1.331579551E-4
6.018074051E1,-9.321057005E-4,-1.584579609E-2,2.530001104E-3
6.020100952E1,1.331579551E-4,-4.660528619E-3,3.994738800E-4
6.022127858E1,-3.994738800E-4,4.394212738E-3,-3.328948980E-3
6.024154764E1,-1.464737463E-3,3.328948980E-3,3.994738800E-4
6.026181665E1,-1.145158429E-2,-7.323687430E-3,9.321057005E-4
6.028208571E1,-1.518000662E-2,-1.158474199E-2,-1.198421582E-3
6.030235472E1,-1.038632076E-2,-4.660528619E-3,-2.796316985E-3
6.032262379E1,-2.530001104E-3,-3.994738800E-4,-2.263685223E-3
6.034289280E1,4.394212738E-3,-6.258423906E-3,-3.328948980E-3
6.036316181E1,2.796316985E-3,-1.211737376E-2,-3.861580743E-3
6.038343087E1,-5.193160381E-3,-1.997369342E-3,-5.459476262E-3
6.040369993E1,-5.193160381E-3,2.263685223E-3,-6.524739787E-3
6.042396894E1,-2.530001104E-3,-1.464737463E-3,-5.992108025E-3
6.044423801E1,-8.388951421E-3,-4.127896391E-3,-6.657897611E-4
6.046450702E1,-1.571263932E-2,1.331579551E-4,3.062632866E-3
6.048477603E1,-1.890842989E-2,6.524739787E-3,3.062632866E-3
6.050504504E1,-1.677790284E-2,1.238369010E-2,3.062632866E-3
6.052531410E1,-1.198421605E-2,1.344895363E-2,9.321057005E-4
6.054558316E1,-4.127896391E-3,2.796316985E-3,-1.198421582E-3
6.056585217E1,-3.994738800E-4,-7.856319658E-3,-3.328948980E-3
6.058612124E1,2.263685223E-3,-9.454214945E-3,-1.731053460E-3
6.060639025E1,7.057371549E-3,-1.211737376E-2,1.997369342E-3
6.062665926E1,2.263685223E-3,-6.791055668E-3,6.258423906E-3
6.064705926E1,-1.091895252E-2,6.657897611E-4,-1.331579551E-4
6.066719733E1,-1.038632076E-2,3.861580743E-3,-5.459476262E-3
6.068746639E1,-3.062632866E-3,2.729738131E-2,-5.459476262E-3
6.070773540E1,4.926844500E-3,4.274370521E-2,-4.394212738E-3
6.072800441E1,1.185105834E-2,3.475422785E-2,-3.861580743E-3
6.074827347E1,1.930790395E-2,9.720530361E-3,7.323687430E-3
6.076854249E1,1.398158539E-2,-1.531316526E-2,1.797632314E-2
6.078881155E1,-5.725792143E-3,-1.904158667E-2,2.063948289E-2
6.080908056E1,-1.890842989E-2,3.328948980E-3,1.371526904E-2
6.082948056E1,-1.464737486E-2,3.102580272E-2,5.725792143E-3
6.084961863E1,-7.323687430E-3,4.061317816E-2,-2.796316985E-3
6.086988764E1,-5.193160381E-3,4.008054361E-2,-2.796316985E-3
6.089015665E1,-6.258423906E-3,1.717737690E-2,4.127896391E-3
6.091042571E1,-4.127896391E-3,-2.649843320E-2,-6.657897611E-4
6.093082571E1,3.328948980E-3,-1.744369231E-2,-7.057371549E-3
6.095096374E1,1.877527125E-2,3.368896246E-2,-1.078579482E-2
6.097123274E1,3.795001656E-2,4.221107066E-2,-8.122635074E-3
6.099150181E1,3.262370080E-2,1.078579482E-2,5.193160381E-3
6.101177082E1,-1.464737463E-3,-1.797632314E-2,9.454214945E-3
6.103217082E1,-2.743053809E-2,-3.448791057E-2,6.791055668E-3
6.105230889E1,-2.956106514E-2,-2.383527346E-2,-1.331579551E-4
6.107257790E1,-2.210422046E-2,2.303632535E-2,-1.344895363E-2
6.109284691E1,-7.323687430E-3,5.659212917E-2,-2.516685426E-2
6.111311597E1,1.025316212E-2,5.339634046E-2,-2.356895804E-2
6.113351597E1,1.504684892E-2,1.131842658E-2,-1.238369010E-2
6.115365400E1,8.655266836E-3,-3.874896467E-2,-2.796316985E-3
6.117392306E1,6.657897611E-4,-5.419528857E-2,3.062632866E-3
6.119419207E1,2.796316985E-3,-3.182475269E-2,3.994738800E-4
6.121446108E1,8.655266836E-3,-2.530001104E-3,-1.198421582E-3
6.123473009E1,6.524739787E-3,8.122635074E-3,-5.459476262E-3
6.125499915E1,2.263685223E-3,1.198421582E-3,-8.122635074E-3
6.127539915E1,1.198421582E-3,-4.660528619E-3,-7.057371549E-3
6.129553717E1,4.926844500E-3,-3.994738800E-4,-6.524739787E-3
6.131580624E1,7.590003312E-3,1.331579551E-4,-2.796316985E-3
6.133607524E1,5.992108025E-3,-6.791055668E-3,3.994738800E-4
6.135634426E1,2.796316985E-3,-1.318263728E-2,3.994738800E-4
6.137661327E1,1.731053460E-3,-1.691105962E-2,-2.263685223E-3
6.139688228E1,2.796316985E-3,-1.211737376E-2,-3.861580743E-3
6.141715129E1,5.459476262E-3,6.657897611E-4,-5.992108025E-3
6.143742035E1,8.655266836E-3,1.238369010E-2,-7.057371549E-3
6.145768936E1,1.025316212E-2,1.238369010E-2,-3.861580743E-3
6.147795837E1,5.459476262E-3,-4.660528619E-3,-1.198421582E-3
6.149822738E1,3.328948980E-3,-2.649843320E-2,-2.263685223E-3
6.151849639E1,5.459476262E-3,-1.531316526E-2,-3.861580743E-3
6.153876545E1,3.861580743E-3,1.185105834E-2,-5.992108025E-3
6.155903446E1,4.926844500E-3,1.557948068E-2,-4.926844500E-3
6.157930347E1,-2.530001104E-3,1.238369010E-2,9.321057005E-4
6.159957248E1,-9.321057238E-3,5.459476262E-3,4.660528619E-3
6.161984150E1,-5.193160381E-3,-5.193160381E-3,6.791055668E-3
6.164011051E1,6.657897611E-4,-6.258423906E-3,3.595264861E-3
6.166037952E1,1.198421582E-3,4.394212738E-3,-3.861580743E-3
6.168064853E1,1.198421582E-3,1.238369010E-2,-1.078579482E-2
6.170104853E1,7.590003312E-3,1.078579482E-2,-1.078579482E-2
6.172118660E1,3.861580743E-3,3.328948980E-3,-7.590003312E-3
6.174145561E1,-3.994738800E-4,-3.595264861E-3,-2.263685223E-3
6.176172462E1,-5.193160381E-3,-3.595264861E-3,3.062632866E-3
6.178199363E1,-7.323687430E-3,4.394212738E-3,5.725792143E-3
6.180226264E1,-4.660528619E-3,9.720530361E-3,7.856319658E-3
6.182253176E1,-3.994738800E-4,8.122635074E-3,5.725792143E-3
6.184280066E1,2.263685223E-3,7.057371549E-3,4.660528619E-3
6.186306967E1,5.992108025E-3,-9.321057005E-4,3.062632866E-3
6.188333868E1,8.655266836E-3,-1.371526904E-2,2.530001104E-3
6.190360769E1,7.057371549E-3,-9.454214945E-3,1.464737463E-3
6.192387670E1,7.590003312E-3,-1.997369342E-3,9.321057005E-4
6.194414571E1,5.992108025E-3,-3.994738800E-4,9.321057005E-4
6.196441472E1,-3.994738800E-4,-2.530001104E-3,1.464737463E-3
6.198468374E1,-5.725792143E-3,2.263685223E-3,1.464737463E-3
6.200495275E1,-5.193160381E-3,7.057371549E-3,9.321057005E-4
6.202522176E1,-4.127896391E-3,7.057371549E-3,3.595264861E-3
6.204549077E1,-8.921583183E-3,-9.321057005E-4,1.997369342E-3
6.206575972E1,-5.193160381E-3,-7.856319658E-3,-2.263685223E-3
6.208602874E1,6.524739787E-3,4.394212738E-3,-1.731053460E-3
6.210629775E1,1.611211337E-2,8.122635074E-3,-4.926844500E-3
6.212656676E1,1.611211337E-2,-3.994738800E-4,3.994738800E-4
6.214683577E1,5.992108025E-3,-7.323687430E-3,8.388951421E-3
6.216710478E1,-3.062632866E-3,-1.158474199E-2,1.211737376E-2
6.218737374E1,-7.856319658E-3,-1.211737376E-2,8.388951421E-3
6.220764274E1,-2.530001104E-3,-4.660528619E-3,-6.657897611E-4
6.222791176E1,3.861580743E-3,7.057371549E-3,-8.122635074E-3
6.224818077E1,7.057371549E-3,1.611211337E-2,-1.238369010E-2
6.226844978E1,4.926844500E-3,1.451421715E-2,-1.025316212E-2
6.228871879E1,1.198421582E-3,-1.464737463E-3,-3.328948980E-3
6.230898780E1,-3.062632866E-3,-1.637842879E-2,3.595264861E-3
6.232938780E1,-4.127896391E-3,-1.105211023E-2,7.856319658E-3
6.234952577E1,-4.127896391E-3,7.590003312E-3,7.323687430E-3
6.236979478E1,1.331579551E-4,2.090579830E-2,2.530001104E-3
6.239006379E1,3.861580743E-3,1.611211337E-2,1.464737463E-3
6.241033280E1,1.731053460E-3,1.198421582E-3,3.994738800E-4
6.243073280E1,2.263685223E-3,-1.318263728E-2,-6.657897611E-4
6.245087077E1,7.057371549E-3,-1.371526904E-2,-1.331579551E-4
6.247113978E1,7.057371549E-3,-1.464737463E-3,-1.331579551E-4
6.249140879E1,-3.994738800E-4,7.590003312E-3,-1.331579551E-4
6.251167780E1,-7.323687430E-3,9.720530361E-3,-1.731053460E-3
6.253207780E1,-6.791055668E-3,1.344895363E-2,3.994738800E-4
6.255221582E1,-3.595264861E-3,1.771000773E-2,2.530001104E-3
6.257248478E1,-9.321057005E-4,1.451421715E-2,4.660528619E-3
6.259275379E1,-9.321057005E-4,-2.530001104E-3,6.791055668E-3
6.261302280E1,-4.660528619E-3,-2.117211558E-2,7.856319658E-3
6.263342280E1,-2.530001104E-3,-1.797632314E-2,1.464737463E-3
6.265356082E1,1.731053460E-3,8.655266836E-3,-2.263685223E-3
6.267390847E1,8.655266836E-3,1.877527125E-2,-2.263685223E-3
6.269409884E1,8.122635074E-3,8.655266836E-3,9.321057005E-4
6.271436785E1,-3.994738800E-4,-9.321057005E-4,1.318263728E-2
6.273463686E1,-6.791055668E-3,-1.371526904E-2,2.223737910E-2
6.275490582E1,-9.853689000E-3,-3.022685647E-2,2.277000993E-2
6.277517483E1,-6.258423906E-3,-2.649843320E-2,1.265000552E-2
6.279544379E1,2.263685223E-3,-6.258423906E-3,1.997369342E-3
6.281571275E1,1.025316212E-2,1.025316212E-2,-6.524739787E-3
6.283598176E1,1.238369010E-2,8.655266836E-3,-5.459476262E-3
6.285625071E1,6.524739787E-3,-5.725792143E-3,1.464737463E-3
6.287651972E1,-9.321057005E-4,-2.117211558E-2,1.105211023E-2
6.289678874E1,-8.388951421E-3,-2.117211558E-2,1.637842879E-2
6.291705769E1,-9.321057238E-3,-1.265000552E-2,1.584579609E-2
6.293745769E1,-3.994738800E-4,1.331579551E-4,1.158474199E-2
6.295759571E1,1.025316212E-2,7.057371549E-3,9.454214945E-3
6.297786467E1,1.025316212E-2,1.331579551E-4,4.127896391E-3
6.299813368E1,5.459476262E-3,-1.637842879E-2,3.062632866E-3
6.301853368E1,2.263685223E-3,-1.691105962E-2,1.464737463E-3
6.303867165E1,4.926844500E-3,-3.595264861E-3,2.530001104E-3
6.305894066E1,3.328948980E-3,1.078579482E-2,4.127896391E-3
6.307920962E1,1.731053460E-3,1.185105834E-2,5.725792143E-3
6.309947863E1,6.657897611E-4,7.057371549E-3,9.454214945E-3
6.311974759E1,1.198421582E-3,1.731053460E-3,8.388951421E-3
6.314001660E1,6.657897611E-4,1.198421582E-3,5.725792143E-3
6.316028556E1,-3.994738800E-4,5.459476262E-3,7.323687430E-3
6.318055457E1,-1.997369342E-3,3.328948980E-3,5.725792143E-3
6.320082353E1,1.198421582E-3,-1.997369342E-3,-1.331579551E-4
6.322109254E1,6.524739787E-3,1.504684892E-2,-1.198421582E-3
6.324136155E1,1.185105834E-2,3.528685868E-2,-1.331579551E-4
6.326163051E1,1.557948068E-2,2.516685426E-2,5.193160381E-3
6.328189952E1,5.992108025E-3,3.328948980E-3,1.744369231E-2
6.330216847E1,-7.856319658E-3,-1.318263728E-2,2.170474641E-2
6.332243748E1,-1.145158429E-2,-1.478053257E-2,1.637842879E-2
6.334270644E1,-5.725792143E-3,8.655266836E-3,6.258423906E-3
6.336297545E1,4.394212738E-3,3.315633163E-2,-2.796316985E-3
6.338324441E1,1.344895363E-2,3.688475490E-2,-3.328948980E-3
6.340351342E1,1.025316212E-2,2.143843099E-2,4.660528619E-3
6.342378238E1,1.731053460E-3,-1.265000552E-2,1.318263728E-2
6.344405139E1,-5.725792143E-3,-3.289001435E-2,1.371526904E-2
6.346432040E1,-4.660528619E-3,-2.436790615E-2,1.318263728E-2
6.348458936E1,2.263685223E-3,-3.595264861E-3,8.921583183E-3
6.350485837E1,1.131842658E-2,5.992108025E-3,6.258423906E-3
6.352512733E1,1.824264042E-2,2.796316985E-3,5.193160381E-3
6.354539634E1,1.877527125E-2,-4.127896391E-3,6.258423906E-3
6.356566530E1,1.824264042E-2,-1.371526904E-2,5.725792143E-3
6.358593431E1,1.771000773E-2,-2.703106403E-2,8.388951421E-3
6.360620327E1,9.720530361E-3,-3.235738352E-2,1.158474199E-2
6.362647228E1,-4.660528619E-3,-2.170474641E-2,8.921583183E-3
6.364674124E1,-1.145158429E-2,-1.997369342E-3,8.388951421E-3
6.366701025E1,-6.258423906E-3,1.025316212E-2,5.193160381E-3
6.368727926E1,3.861580743E-3,9.720530361E-3,3.595264861E-3
6.370754821E1,1.238369010E-2,2.796316985E-3,3.062632866E-3
6.372794821E1,1.877527125E-2,-6.791055668E-3,4.660528619E-3
6.374808618E1,1.291632187E-2,-2.649843320E-2,4.660528619E-3
6.376835519E1,9.187898599E-3,-3.395527974E-2,-1.198421582E-3
6.378862415E1,7.590003312E-3,-3.994738800E-4,-1.731053460E-3
6.380889316E1,7.057371549E-3,3.049317189E-2,-2.263685223E-3
6.382929316E1,4.394212738E-3,2.303632535E-2,3.062632866E-3
6.384943113E1,-9.321057005E-4,9.720530361E-3,1.424790081E-2
6.386970009E1,-9.321057005E-4,-9.321057005E-4,1.478053257E-2
6.388996910E1,3.861580743E-3,-1.265000552E-2,8.921583183E-3
6.391023806E1,1.131842658E-2,-5.725792143E-3,-2.796316985E-3
6.393063806E1,1.611211337E-2,1.398158539E-2,-1.185105834E-2
6.395093394E1,2.037316747E-2,2.250369452E-2,-1.344895363E-2
6.397104561E1,1.824264042E-2,1.664474420E-2,-5.992108025E-3
6.399131452E1,6.524739787E-3,5.992108025E-3,3.595264861E-3
6.401158327E1,-5.193160381E-3,-4.660528619E-3,7.323687430E-3
6.403198327E1,-5.193160381E-3,-2.530001104E-3,9.454214945E-3
6.405212129E1,1.331579551E-4,1.398158539E-2,5.725792143E-3
6.407239014E1,5.459476262E-3,2.410159074E-2,1.464737463E-3
6.409265910E1,9.187898599E-3,2.197106183E-2,-6.657897611E-4
6.411292801E1,1.131842658E-2,1.131842658E-2,-2.263685223E-3
6.413319702E1,1.131842658E-2,2.796316985E-3,-3.861580743E-3
6.415346597E1,1.504684892E-2,-7.856319658E-3,-4.394212738E-3
6.417373493E1,1.451421715E-2,-1.105211023E-2,-3.328948980E-3
6.419400394E1,9.720530361E-3,-6.791055668E-3,-1.731053460E-3
6.421427290E1,5.459476262E-3,-4.660528619E-3,-1.198421582E-3
6.423454191E1,3.328948980E-3,-2.530001104E-3,-3.328948980E-3
6.425481087E1,1.731053460E-3,7.057371549E-3,-5.459476262E-3
6.427507983E1,-9.321057005E-4,1.344895363E-2,-6.524739787E-3
6.429534879E1,-3.062632866E-3,1.185105834E-2,-4.394212738E-3
6.431561774E1,-5.725792143E-3,-9.321057005E-4,-2.796316985E-3
6.433588670E1,-5.193160381E-3,-1.265000552E-2,-6.524739787E-3
6.435615577E1,3.861580743E-3,1.331579551E-4,-8.655266836E-3
6.437642472E1,1.504684892E-2,1.771000773E-2,-1.185105834E-2
6.439669368E1,2.143843099E-2,1.291632187E-2,-8.655266836E-3
6.441696269E1,9.187898599E-3,-1.158474199E-2,1.464737463E-3
6.443723170E1,-8.921583183E-3,-2.543316968E-2,8.921583183E-3
6.445750066E1,-1.624527015E-2,-2.436790615E-2,7.856319658E-3
6.447776962E1,-4.127896391E-3,-7.323687430E-3,-1.331579551E-4
6.449803863E1,7.590003312E-3,1.984053478E-2,-9.720530361E-3
6.451830759E1,1.398158539E-2,2.676474862E-2,-1.717737690E-2
6.453857655E1,1.344895363E-2,9.720530361E-3,-1.664474420E-2
6.455884556E1,5.459476262E-3,-1.158474199E-2,-9.187898599E-3
6.457911457E1,-4.660528619E-3,-1.850895584E-2,-1.731053460E-3
6.459938353E1,-1.251684781E-2,-8.921583183E-3,3.062632866E-3
6.461965254E1,-9.321057238E-3,4.394212738E-3,4.127896391E-3
6.463992150E1,-4.127896391E-3,1.557948068E-2,3.062632866E-3
6.466019051E1,-1.997369342E-3,2.143843099E-2,-1.198421582E-3
6.468045946E1,-3.595264861E-3,1.398158539E-2,-3.328948980E-3
6.470072847E1,-1.464737463E-3,1.731053460E-3,-6.524739787E-3
6.472099743E1,5.459476262E-3,-9.986846708E-3,-7.057371549E-3
6.474126639E1,7.057371549E-3,-7.856319658E-3,-5.459476262E-3
6.476153540E1,3.861580743E-3,-3.062632866E-3,-3.328948980E-3
6.478180436E1,-3.994738800E-4,1.198421582E-3,-2.263685223E-3
6.480220436E1,-3.062632866E-3,2.796316985E-3,-1.198421582E-3
6.482234233E1,-7.856319658E-3,5.459476262E-3,3.994738800E-4
6.484261129E1,-1.251684781E-2,1.025316212E-2,3.994738800E-4
6.486301129E1,-1.145158429E-2,1.504684892E-2,9.321057005E-4
6.488314926E1,-9.321057238E-3,1.078579482E-2,3.994738800E-4
6.490341821E1,-6.258423906E-3,-6.791055668E-3,-3.861580743E-3
6.492368717E1,1.331579551E-4,-4.127896391E-3,-3.861580743E-3
6.494395618E1,4.926844500E-3,1.291632187E-2,-5.459476262E-3
6.496422514E1,7.590003312E-3,8.655266836E-3,-3.328948980E-3
6.498449415E1,1.731053460E-3,1.331579551E-4,3.595264861E-3
6.500476311E1,-5.725792143E-3,-7.323687430E-3,9.454214945E-3
6.502503212E1,-7.856319658E-3,-1.211737376E-2,1.105211023E-2
6.504530108E1,-3.062632866E-3,-1.531316526E-2,5.725792143E-3
6.506557004E1,-1.464737463E-3,1.331579551E-4,-3.861580743E-3
6.508583905E1,1.731053460E-3,1.344895363E-2,-1.131842658E-2
6.510610801E1,6.524739787E-3,1.557948068E-2,-1.291632187E-2
6.512637696E1,7.590003312E-3,5.992108025E-3,-5.992108025E-3
6.514664597E1,1.731053460E-3,-8.921583183E-3,1.464737463E-3
6.516691493E1,-3.062632866E-3,-2.010685205E-2,7.856319658E-3
6.518718389E1,-9.321057005E-4,-2.010685205E-2,1.051947847E-2
6.520745290E1,-2.530001104E-3,-9.986846708E-3,7.323687430E-3
6.522772186E1,-5.725792143E-3,5.992108025E-3,1.997369342E-3
6.524799082E1,-4.660528619E-3,1.291632187E-2,-2.796316985E-3
6.526825983E1,-3.994738800E-4,7.590003312E-3,-3.328948980E-3
6.528852879E1,2.796316985E-3,-3.062632866E-3,-2.263685223E-3
6.530879774E1,4.926844500E-3,-1.105211023E-2,-6.657897611E-4
6.532919774E1,5.459476262E-3,-1.158474199E-2,3.595264861E-3
6.534933571E1,4.926844500E-3,-9.454214945E-3,5.193160381E-3
6.536960467E1,3.328948980E-3,-9.454214945E-3,5.725792143E-3
6.538987363E1,6.657897611E-4,-6.258423906E-3,5.193160381E-3
6.541014264E1,-3.994738800E-4,1.731053460E-3,4.660528619E-3
6.543054264E1,-1.997369342E-3,9.187898599E-3,5.193160381E-3
6.545068056E1,-3.595264861E-3,6.657897611E-4,7.323687430E-3
6.547094952E1,-1.464737463E-3,-2.010685205E-2,5.193160381E-3
6.549121853E1,1.198421582E-3,-1.158474199E-2,2.530001104E-3
6.551148748E1,4.926844500E-3,1.025316212E-2,-6.657897611E-4
6.553188748E1,1.238369010E-2,9.187898599E-3,-1.731053460E-3
6.555202545E1,8.655266836E-3,-9.321057005E-4,6.791055668E-3
6.557229441E1,-2.530001104E-3,-9.454214945E-3,1.584579609E-2
6.559256337E1,-6.791055668E-3,-2.277000993E-2,1.691105962E-2
6.561283233E1,-4.127896391E-3,-2.223737910E-2,8.388951421E-3
6.563323233E1,-9.321057005E-4,1.731053460E-3,-1.198421582E-3
6.565337030E1,2.796316985E-3,1.824264042E-2,-1.131842658E-2
6.567363926E1,6.524739787E-3,1.930790395E-2,-1.238369010E-2
6.569390821E1,2.796316985E-3,8.122635074E-3,-7.057371549E-3
6.571417722E1,-3.595264861E-3,-1.424790081E-2,4.127896391E-3
6.573444618E1,-7.856319658E-3,-2.543316968E-2,8.921583183E-3
6.575471514E1,-4.660528619E-3,-1.318263728E-2,9.986846708E-3
6.577498410E1,-1.464737463E-3,5.992108025E-3,7.323687430E-3
6.579525311E1,6.657897611E-4,8.655266836E-3,3.062632866E-3
6.581552207E1,3.328948980E-3,1.331579551E-4,-6.657897611E-4
6.583579103E1,6.657897611E-4,-9.454214945E-3,-3.328948980E-3
6.585605998E1,2.263685223E-3,-1.531316526E-2,-4.394212738E-3
6.587632900E1,2.796316985E-3,-7.856319658E-3,-3.328948980E-3
6.589659795E1,1.731053460E-3,-1.464737463E-3,-1.198421582E-3
6.591686691E1,-9.321057005E-4,-3.595264861E-3,3.994738800E-4
6.593713587E1,-7.323687430E-3,-7.323687430E-3,3.062632866E-3
6.595740483E1,-1.411474310E-2,1.198421582E-3,1.464737463E-3
6.597767379E1,-1.038632076E-2,1.025316212E-2,-6.657897611E-4
6.599794280E1,-4.127896391E-3,1.877527125E-2,-6.657897611E-4
6.601821176E1,-2.530001104E-3,7.590003312E-3,-1.198421582E-3
6.603848071E1,-2.530001104E-3,-1.584579609E-2,-5.992108025E-3
6.605874967E1,6.657897611E-4,-6.791055668E-3,-5.992108025E-3
6.607901863E1,6.524739787E-3,1.611211337E-2,-6.524739787E-3
6.609928759E1,8.122635074E-3,8.655266836E-3,-6.657897611E-4
6.611955655E1,-3.062632866E-3,-6.791055668E-3,9.986846708E-3
6.613982551E1,-1.411474310E-2,-1.584579609E-2,1.211737376E-2
6.616021321E1,-1.304947957E-2,-1.904158667E-2,5.725792143E-3
6.618036347E1,-5.725792143E-3,1.198421582E-3,-4.926844500E-3
6.620067170E1,-2.530001104E-3,2.729738131E-2,-1.504684892E-2
6.622090144E1,1.731053460E-3,2.463422157E-2,-1.611211337E-2
6.624117035E1,3.328948980E-3,1.078579482E-2,-9.187898599E-3
6.626143936E1,-4.127896391E-3,-7.856319658E-3,1.464737463E-3
6.628170827E1,-1.198421605E-2,-2.117211558E-2,3.595264861E-3
6.630197722E1,-9.853689000E-3,-1.584579609E-2,5.725792143E-3
6.632224618E1,-1.997369342E-3,6.657897611E-4,2.530001104E-3
6.634251514E1,1.731053460E-3,8.655266836E-3,-1.731053460E-3
6.636278410E1,2.796316985E-3,5.459476262E-3,-4.394212738E-3
6.638305306E1,2.796316985E-3,-1.464737463E-3,-5.992108025E-3
6.640332202E1,-1.997369342E-3,-2.530001104E-3,-6.524739787E-3
6.642359103E1,-6.258423906E-3,-4.127896391E-3,-4.926844500E-3
6.644385998E1,-6.791055668E-3,3.861580743E-3,-4.394212738E-3
6.646412894E1,-4.660528619E-3,1.451421715E-2,-4.394212738E-3
6.648439790E1,2.263685223E-3,1.078579482E-2,-4.394212738E-3
6.650466686E1,4.394212738E-3,1.331579551E-4,-2.263685223E-3
6.652493582E1,-1.464737463E-3,-8.921583183E-3,-1.731053460E-3
6.654520478E1,-3.062632866E-3,-5.193160381E-3,-2.796316985E-3
6.656547374E1,-4.127896391E-3,4.394212738E-3,-1.331579551E-4
6.658574274E1,-4.127896391E-3,-2.530001104E-3,-1.731053460E-3
6.660601165E1,-3.062632866E-3,-1.158474199E-2,-8.655266836E-3
6.662628066E1,2.796316985E-3,1.025316212E-2,-1.025316212E-2
6.664654962E1,8.122635074E-3,2.836264484E-2,-1.185105834E-2
6.666681858E1,9.187898599E-3,1.185105834E-2,-5.992108025E-3
6.668708754E1,-3.994738800E-4,-1.318263728E-2,4.127896391E-3
6.670735650E1,-9.853689000E-3,-2.649843320E-2,9.454214945E-3
6.672762545E1,-9.321057238E-3,-3.075948730E-2,6.258423906E-3
6.674789446E1,-1.997369342E-3,-1.105211023E-2,-3.861580743E-3
6.676816342E1,3.328948980E-3,1.771000773E-2,-1.398158539E-2
6.678843238E1,7.590003312E-3,2.250369452E-2,-1.877527125E-2
6.680870134E1,7.590003312E-3,1.451421715E-2,-1.557948068E-2
6.682910134E1,6.657897611E-4,6.657897611E-4,-9.187898599E-3
6.684923926E1,-5.193160381E-3,-1.691105962E-2,-4.394212738E-3
6.686950821E1,-5.193160381E-3,-2.063948289E-2,3.994738800E-4
6.688977717E1,-3.994738800E-4,-5.725792143E-3,1.464737463E-3
6.691004618E1,-1.464737463E-3,5.992108025E-3,1.464737463E-3
6.693044618E1,-3.595264861E-3,1.078579482E-2,-6.657897611E-4
6.695058410E1,-2.530001104E-3,6.524739787E-3,-3.328948980E-3
6.697085306E1,1.731053460E-3,-2.530001104E-3,-6.524739787E-3
6.699112202E1,4.394212738E-3,-9.986846708E-3,-8.122635074E-3
6.701139097E1,3.328948980E-3,-5.725792143E-3,-8.122635074E-3
6.703179097E1,1.731053460E-3,2.263685223E-3,-7.057371549E-3
6.705192889E1,-9.321057005E-4,7.590003312E-3,-4.926844500E-3
6.707219785E1,-5.193160381E-3,3.861580743E-3,-3.328948980E-3
6.709246681E1,-8.388951421E-3,8.122635074E-3,3.994738800E-4
6.711273577E1,-8.921583183E-3,1.185105834E-2,-6.657897611E-4
6.713300472E1,-5.725792143E-3,9.720530361E-3,3.994738800E-4
6.715327368E1,-7.856319658E-3,-1.997369342E-3,-6.657897611E-4
6.717354264E1,-3.062632866E-3,-1.211737376E-2,-7.057371549E-3
6.719381155E1,2.263685223E-3,8.655266836E-3,-8.122635074E-3
6.721408056E1,7.590003312E-3,2.090579830E-2,-1.078579482E-2
6.723434952E1,5.459476262E-3,8.655266836E-3,-5.459476262E-3
6.725461847E1,-7.323687430E-3,-4.660528619E-3,3.062632866E-3
6.727488743E1,-1.624527015E-2,-1.265000552E-2,7.856319658E-3
6.729515639E1,-1.731053367E-2,-1.637842879E-2,5.193160381E-3
6.731542535E1,-1.198421605E-2,-5.193160381E-3,-3.328948980E-3
6.733569431E1,-4.127896391E-3,1.451421715E-2,-1.238369010E-2
6.735596327E1,6.657897611E-4,2.623211779E-2,-1.611211337E-2
6.737623222E1,1.198421582E-3,1.557948068E-2,-1.451421715E-2
6.739650118E1,-3.062632866E-3,-4.127896391E-3,-5.459476262E-3
6.741677014E1,-1.145158429E-2,-1.904158667E-2,2.530001104E-3
6.743717014E1,-1.358211134E-2,-2.063948289E-2,6.258423906E-3
6.745730806E1,-9.321057238E-3,-1.051947847E-2,3.595264861E-3
6.747757702E1,-6.791055668E-3,8.122635074E-3,-1.331579551E-4
6.749784597E1,-6.791055668E-3,1.717737690E-2,-4.926844500E-3
6.751811493E1,-4.660528619E-3,9.720530361E-3,-4.394212738E-3
6.753838389E1,1.331579551E-4,-8.921583183E-3,-1.731053460E-3
6.755865285E1,-9.321057005E-4,-2.383527346E-2,-6.657897611E-4
6.757892181E1,-9.321057005E-4,-1.904158667E-2,3.994738800E-4
6.759919071E1,-4.127896391E-3,-9.321057005E-4,-1.198421582E-3
6.761945967E1,-4.127896391E-3,1.025316212E-2,-1.198421582E-3
6.763972863E1,-6.258423906E-3,1.185105834E-2,-2.796316985E-3
6.765999759E1,-7.323687430E-3,8.655266836E-3,-6.657897611E-4
6.768026655E1,-6.258423906E-3,-3.994738800E-4,-1.331579551E-4
6.770053551E1,-6.258423906E-3,-2.530001104E-3,4.660528619E-3
6.772080446E1,-8.921583183E-3,-8.388951421E-3,4.660528619E-3
6.774107342E1,-7.323687430E-3,-1.158474199E-2,-3.328948980E-3
6.776134238E1,1.198421582E-3,7.057371549E-3,-7.057371549E-3
6.778161134E1,9.187898599E-3,1.824264042E-2,-1.025316212E-2
6.780188030E1,7.057371549E-3,6.657897611E-4,-4.926844500E-3
6.782214926E1,-6.258423906E-3,-1.478053257E-2,3.062632866E-3
6.784241816E1,-1.624527015E-2,-1.318263728E-2,9.986846708E-3
6.786268712E1,-1.677790284E-2,-7.323687430E-3,7.856319658E-3
6.788295608E1,-1.358211134E-2,3.328948980E-3,-2.263685223E-3
6.790322504E1,-8.921583183E-3,1.451421715E-2,-1.131842658E-2
6.792349400E1,-3.595264861E-3,1.291632187E-2,-1.611211337E-2
6.794389400E1,-9.321057005E-4,6.657897611E-4,-1.504684892E-2
6.796403191E1,-3.595264861E-3,-1.105211023E-2,-7.057371549E-3
6.798430082E1,-7.323687430E-3,-1.478053257E-2,-1.198421582E-3
6.800456978E1,-7.323687430E-3,-1.105211023E-2,3.062632866E-3
6.802483874E1,-1.091895252E-2,-8.388951421E-3,3.595264861E-3
6.804510769E1,-1.251684781E-2,-1.105211023E-2,1.997369342E-3
6.806537665E1,-1.198421605E-2,-1.691105962E-2,1.997369342E-3
6.808564561E1,-1.304947957E-2,-1.424790081E-2,-2.263685223E-3
6.810591457E1,-1.837579720E-2,-9.321057005E-4,-7.590003312E-3
6.812618353E1,-8.921583183E-3,4.394212738E-3,-8.122635074E-3
6.814645243E1,4.926844500E-3,4.394212738E-3,-6.524739787E-3
6.816672139E1,4.926844500E-3,-1.158474199E-2,3.062632866E-3
6.818699035E1,-8.388951421E-3,-2.063948289E-2,9.454214945E-3
6.820725931E1,-1.198421605E-2,-2.010685205E-2,8.921583183E-3
6.822765931E1,-7.856319658E-3,-8.388951421E-3,6.791055668E-3
6.824779722E1,-9.321057005E-4,1.331579551E-4,1.997369342E-3
6.826806613E1,6.657897611E-4,-1.464737463E-3,-6.657897611E-4
6.828833509E1,-5.193160381E-3,-1.105211023E-2,3.994738800E-4
6.830860405E1,-6.258423906E-3,-2.170474641E-2,-2.796316985E-3
6.832900405E1,-9.321057005E-4,-1.211737376E-2,-2.263685223E-3
6.834914196E1,-1.464737463E-3,1.451421715E-2,-3.861580743E-3
6.836941092E1,-4.660528619E-3,2.143843099E-2,-1.198421582E-3
6.838967988E1,-6.258423906E-3,8.122635074E-3,7.856319658E-3
6.840994879E1,-1.411474310E-2,-5.193160381E-3,1.371526904E-2
6.843034879E1,-1.784316637E-2,-1.478053257E-2,1.051947847E-2
6.845048670E1,-1.198421605E-2,-9.986846708E-3,1.464737463E-3
6.847075566E1,-1.997369342E-3,1.025316212E-2,-7.057371549E-3
6.849102462E1,9.720530361E-3,2.197106183E-2,-8.655266836E-3
6.851129358E1,8.122635074E-3,1.930790395E-2,-3.861580743E-3
6.853169358E1,-3.595264861E-3,9.720530361E-3,5.193160381E-3
6.855183144E1,-1.198421605E-2,1.198421582E-3,9.986846708E-3
6.857210040E1,-1.091895252E-2,-2.530001104E-3,1.211737376E-2
6.859236936E1,-6.258423906E-3,1.331579551E-4,1.211737376E-2
6.861263832E1,-3.595264861E-3,1.731053460E-3,9.986846708E-3
6.863303832E1,1.331579551E-4,-3.994738800E-4,7.856319658E-3
6.865317618E1,1.731053460E-3,1.731053460E-3,5.193160381E-3
6.867344514E1,-1.464737463E-3,8.122635074E-3,2.530001104E-3
6.869371410E1,-1.464737463E-3,5.459476262E-3,1.997369342E-3
6.871398306E1,2.263685223E-3,3.861580743E-3,1.464737463E-3
6.873425202E1,4.926844500E-3,4.926844500E-3,3.062632866E-3
6.875452097E1,3.861580743E-3,-1.464737463E-3,5.193160381E-3
6.877478988E1,-1.464737463E-3,-4.127896391E-3,5.725792143E-3
6.879505884E1,-5.725792143E-3,3.328948980E-3,3.062632866E-3
6.881532780E1,-4.127896391E-3,1.824264042E-2,3.595264861E-3
6.883559676E1,1.331579551E-4,1.557948068E-2,6.258423906E-3
6.885586571E1,-3.062632866E-3,-3.595264861E-3,7.856319658E-3
6.887613462E1,-6.791055668E-3,-2.330264263E-2,1.464737463E-3
6.889640358E1,-1.464737463E-3,-8.388951421E-3,-2.796316985E-3
6.891667254E1,7.057371549E-3,2.569948509E-2,-3.328948980E-3
6.893694150E1,1.238369010E-2,2.090579830E-2,9.321057005E-4
6.895721045E1,5.992108025E-3,-9.986846708E-3,9.986846708E-3
6.897747941E1,-1.997369342E-3,-2.969422378E-2,1.265000552E-2
6.899774832E1,-1.997369342E-3,-2.756369673E-2,7.323687430E-3
6.901801728E1,1.198421582E-3,-9.454214945E-3,-1.198421582E-3
6.903828624E1,1.198421582E-3,1.238369010E-2,-1.131842658E-2
6.905855519E1,3.861580743E-3,1.504684892E-2,-1.238369010E-2
6.907882410E1,1.078579482E-2,4.926844500E-3,-7.057371549E-3
6.909909306E1,1.025316212E-2,-6.791055668E-3,-6.657897611E-4
6.911936202E1,1.331579551E-4,-1.531316526E-2,3.994738800E-4
6.913963097E1,-5.193160381E-3,-8.388951421E-3,3.994738800E-4
6.915989988E1,-1.997369342E-3,4.394212738E-3,-1.198421582E-3
6.918016884E1,-3.994738800E-4,9.187898599E-3,-3.328948980E-3
6.920043780E1,-3.062632866E-3,4.926844500E-3,-7.057371549E-3
6.922070676E1,-3.062632866E-3,-1.464737463E-3,-9.187898599E-3
6.924097571E1,-3.994738800E-4,6.657897611E-4,-9.720530361E-3
6.926124462E1,3.861580743E-3,2.263685223E-3,-6.524739787E-3
6.928151358E1,4.926844500E-3,5.459476262E-3,-2.263685223E-3
6.930178254E1,1.198421582E-3,5.992108025E-3,-6.657897611E-4
6.932205150E1,1.331579551E-4,-3.994738800E-4,-1.331579551E-4
6.934232045E1,-9.321057005E-4,-3.062632866E-3,3.994738800E-4
6.936258936E1,-4.660528619E-3,2.263685223E-3,-2.796316985E-3
6.938285827E1,-5.725792143E-3,1.291632187E-2,-6.524739787E-3
6.940312728E1,-3.062632866E-3,1.984053478E-2,-4.926844500E-3
6.942339624E1,-2.530001104E-3,8.122635074E-3,-1.198421582E-3
6.944366519E1,-2.530001104E-3,-1.318263728E-2,-5.992108025E-3
6.946393410E1,2.263685223E-3,-4.127896391E-3,-6.524739787E-3
6.948420306E1,7.057371549E-3,1.930790395E-2,-4.926844500E-3
6.950439342E1,9.720530361E-3,1.504684892E-2,-6.657897611E-4
6.952474087E1,1.331579551E-4,-1.464737463E-3,7.856319658E-3
6.954500978E1,-1.091895252E-2,-1.265000552E-2,1.158474199E-2
6.956527874E1,-1.251684781E-2,-1.531316526E-2,8.388951421E-3
6.958554774E1,-4.660528619E-3,-4.660528619E-3,9.321057005E-4
6.960581670E1,1.731053460E-3,5.459476262E-3,-7.057371549E-3
6.962608566E1,5.459476262E-3,9.720530361E-3,-1.185105834E-2
6.964635457E1,6.524739787E-3,5.992108025E-3,-1.078579482E-2
6.966662353E1,7.057371549E-3,2.796316985E-3,-5.459476262E-3
6.968689248E1,2.263685223E-3,-3.595264861E-3,-1.331579551E-4
6.970716150E1,-2.530001104E-3,-1.158474199E-2,4.660528619E-3
6.972743040E1,-4.660528619E-3,-1.051947847E-2,4.660528619E-3
6.974769936E1,-7.323687430E-3,-5.725792143E-3,4.660528619E-3
6.976796827E1,-6.258423906E-3,3.861580743E-3,4.127896391E-3
6.978823728E1,-3.994738800E-4,1.025316212E-2,2.530001104E-3
6.980850618E1,8.122635074E-3,2.796316985E-3,1.464737463E-3
6.982890618E1,1.131842658E-2,-1.371526904E-2,1.464737463E-3
6.984904410E1,7.057371549E-3,-2.170474641E-2,-1.331579551E-4
6.986931301E1,4.926844500E-3,-1.211737376E-2,-1.331579551E-4
6.988958196E1,6.524739787E-3,2.263685223E-3,-1.331579551E-4
6.990985092E1,3.328948980E-3,1.025316212E-2,9.321057005E-4
6.993025092E1,-5.193160381E-3,1.344895363E-2,3.062632866E-3
6.995038879E1,-7.323687430E-3,1.185105834E-2,3.062632866E-3
6.997065775E1,-4.127896391E-3,1.131842658E-2,5.725792143E-3
6.999092670E1,-4.660528619E-3,-2.530001104E-3,4.660528619E-3
7.001119561E1,1.331579551E-4,-1.904158667E-2,-1.331579551E-4
7.003159561E1,9.187898599E-3,-1.464737463E-3,-2.796316985E-3
7.005173353E1,1.557948068E-2,2.676474862E-2,-4.926844500E-3
7.007200243E1,1.557948068E-2,2.250369452E-2,-1.198421582E-3
7.009227139E1,5.459476262E-3,6.524739787E-3,8.388951421E-3
7.011254035E1,-4.660528619E-3,-7.323687430E-3,1.691105962E-2
7.013294035E1,-7.856319658E-3,-1.371526904E-2,1.424790081E-2
7.015307821E1,-3.062632866E-3,-5.725792143E-3,5.725792143E-3
7.017334717E1,2.263685223E-3,1.344895363E-2,-7.590003312E-3
7.019361608E1,7.057371549E-3,2.463422157E-2,-1.398158539E-2
7.021401608E1,1.344895363E-2,2.250369452E-2,-1.185105834E-2
7.023415400E1,1.504684892E-2,8.122635074E-3,-6.657897611E-4
7.025442290E1,6.524739787E-3,-1.051947847E-2,6.258423906E-3
7.027469186E1,1.331579551E-4,-1.584579609E-2,1.158474199E-2
7.029496077E1,1.198421582E-3,-4.660528619E-3,1.265000552E-2
7.031522972E1,3.861580743E-3,7.590003312E-3,7.856319658E-3
7.033549868E1,2.263685223E-3,1.131842658E-2,2.530001104E-3
7.035576759E1,4.926844500E-3,6.524739787E-3,-2.263685223E-3
7.037603655E1,8.122635074E-3,-3.994738800E-4,-3.328948980E-3
7.039630551E1,1.291632187E-2,-9.986846708E-3,-1.331579551E-4
7.041657441E1,1.185105834E-2,-7.323687430E-3,1.997369342E-3
7.043684337E1,7.590003312E-3,1.198421582E-3,9.321057005E-4
7.045711233E1,7.590003312E-3,5.992108025E-3,9.321057005E-4
7.047738124E1,5.992108025E-3,6.524739787E-3,2.530001104E-3
7.049765019E1,2.263685223E-3,1.198421582E-3,5.193160381E-3
7.051791910E1,-3.062632866E-3,-1.997369342E-3,4.660528619E-3
7.053818806E1,-5.725792143E-3,2.263685223E-3,5.725792143E-3
7.055845702E1,-4.127896391E-3,4.394212738E-3,2.530001104E-3
7.057872592E1,1.198421582E-3,2.263685223E-3,-3.861580743E-3
7.059899488E1,9.187898599E-3,9.187898599E-3,-5.459476262E-3
7.061926384E1,1.611211337E-2,1.185105834E-2,-4.926844500E-3
7.063953275E1,1.771000773E-2,1.198421582E-3,-6.657897611E-4
7.065980170E1,8.655266836E-3,-1.371526904E-2,8.388951421E-3
7.068007066E1,-3.595264861E-3,-1.850895584E-2,1.584579609E-2
7.070033957E1,-5.725792143E-3,-1.265000552E-2,1.211737376E-2
7.072060853E1,-2.530001104E-3,-1.997369342E-3,3.595264861E-3
7.074087748E1,1.731053460E-3,1.291632187E-2,-6.524739787E-3
7.076114639E1,3.861580743E-3,2.037316747E-2,-1.185105834E-2
7.078141535E1,5.992108025E-3,1.291632187E-2,-1.078579482E-2
7.080168426E1,6.524739787E-3,-2.530001104E-3,-2.263685223E-3
7.082195321E1,1.731053460E-3,-2.063948289E-2,5.725792143E-3
7.084222217E1,-9.321057005E-4,-2.756369673E-2,9.986846708E-3
7.086249108E1,1.331579551E-4,-1.265000552E-2,9.986846708E-3
7.088276004E1,2.796316985E-3,8.655266836E-3,7.856319658E-3
7.090302894E1,4.394212738E-3,9.187898599E-3,7.323687430E-3
7.092329785E1,2.796316985E-3,-8.388951421E-3,6.258423906E-3
7.094356681E1,6.657897611E-4,-1.904158667E-2,5.725792143E-3
7.096383577E1,3.861580743E-3,-1.957421936E-2,1.464737463E-3
7.098410472E1,7.057371549E-3,-1.265000552E-2,-1.331579551E-4
7.100437363E1,7.057371549E-3,-6.791055668E-3,3.994738800E-4
7.102464259E1,1.731053460E-3,-6.258423906E-3,1.464737463E-3
7.104491150E1,-5.193160381E-3,-6.791055668E-3,3.595264861E-3
7.106518045E1,-1.038632076E-2,-1.997369342E-3,4.660528619E-3
7.108544936E1,-9.853689000E-3,3.861580743E-3,4.660528619E-3
7.110571832E1,-7.856319658E-3,8.655266836E-3,5.193160381E-3
7.112598722E1,-4.127896391E-3,-3.994738800E-4,1.997369342E-3
7.114625618E1,2.796316985E-3,-1.265000552E-2,-1.731053460E-3
7.116652509E1,8.122635074E-3,7.057371549E-3,-2.263685223E-3
7.118679405E1,1.344895363E-2,2.250369452E-2,-2.263685223E-3
7.120706295E1,1.291632187E-2,3.328948980E-3,5.193160381E-3
7.122733191E1,-3.994738800E-4,-1.584579609E-2,1.584579609E-2
7.124760082E1,-1.091895252E-2,-2.596580051E-2,1.744369231E-2
7.126786978E1,-1.304947957E-2,-1.744369231E-2,9.986846708E-3
7.128813868E1,-6.258423906E-3,9.187898599E-3,-3.861580743E-3
7.130840764E1,1.331579551E-4,3.368896246E-2,-1.291632187E-2
7.132880764E1,4.926844500E-3,3.262370080E-2,-1.344895363E-2
7.134894551E1,8.655266836E-3,1.504684892E-2,-5.459476262E-3
7.136921441E1,9.720530361E-3,-9.986846708E-3,4.127896391E-3
7.138948332E1,2.263685223E-3,-2.436790615E-2,9.986846708E-3
7.140975228E1,-2.530001104E-3,-1.637842879E-2,1.105211023E-2
7.143015228E1,-9.321057005E-4,3.328948980E-3,7.323687430E-3
7.145029014E1,-9.321057005E-4,1.824264042E-2,1.997369342E-3
7.147055910E1,3.861580743E-3,1.611211337E-2,3.994738800E-4
7.149082801E1,6.524739787E-3,4.394212738E-3,9.321057005E-4
7.151109691E1,8.655266836E-3,-9.454214945E-3,1.997369342E-3
7.153149691E1,1.025316212E-2,-1.318263728E-2,4.660528619E-3
7.155163478E1,9.720530361E-3,-7.856319658E-3,5.193160381E-3
7.157190374E1,5.459476262E-3,-1.997369342E-3,6.791055668E-3
7.159217264E1,1.331579551E-4,-3.062632866E-3,5.725792143E-3
7.161244160E1,-1.464737463E-3,-2.530001104E-3,4.127896391E-3
7.163284160E1,6.657897611E-4,7.057371549E-3,3.595264861E-3
7.165297941E1,4.394212738E-3,1.398158539E-2,3.062632866E-3
7.167324837E1,4.394212738E-3,4.394212738E-3,5.725792143E-3
7.169351728E1,2.796316985E-3,-1.957421936E-2,2.530001104E-3
7.171378624E1,5.459476262E-3,-1.691105962E-2,-1.198421582E-3
7.173405514E1,1.131842658E-2,1.131842658E-2,-2.263685223E-3
7.175432405E1,1.504684892E-2,1.984053478E-2,1.997369342E-3
7.177459301E1,1.504684892E-2,3.328948980E-3,1.158474199E-2
7.179486191E1,5.992108025E-3,-1.744369231E-2,1.744369231E-2
7.181513087E1,1.731053460E-3,-3.395527974E-2,1.584579609E-2
7.183539978E1,5.459476262E-3,-2.649843320E-2,7.856319658E-3
7.185566874E1,7.590003312E-3,2.263685223E-3,-3.861580743E-3
7.187593764E1,1.611211337E-2,1.877527125E-2,-1.131842658E-2
7.189620660E1,2.197106183E-2,2.303632535E-2,-7.590003312E-3
7.191647551E1,1.664474420E-2,1.664474420E-2,-6.657897611E-4
7.193687551E1,5.992108025E-3,-2.530001104E-3,4.660528619E-3
7.195701337E1,6.657897611E-4,-2.383527346E-2,7.323687430E-3
7.197728228E1,-1.997369342E-3,-1.904158667E-2,7.323687430E-3
7.199755124E1,-2.530001104E-3,4.926844500E-3,3.595264861E-3
7.201782014E1,1.731053460E-3,2.410159074E-2,-3.861580743E-3
7.203808910E1,6.524739787E-3,2.623211779E-2,-9.720530361E-3
7.205835801E1,6.524739787E-3,2.250369452E-2,-1.025316212E-2
7.207862691E1,5.992108025E-3,9.187898599E-3,-6.524739787E-3
7.209889587E1,6.524739787E-3,-2.530001104E-3,-1.198421582E-3
7.211916478E1,4.926844500E-3,2.263685223E-3,3.062632866E-3
7.213943374E1,4.394212738E-3,4.926844500E-3,3.062632866E-3
7.215970264E1,4.394212738E-3,1.291632187E-2,3.994738800E-4
7.217997155E1,4.926844500E-3,1.717737690E-2,-2.796316985E-3
7.220024051E1,5.992108025E-3,1.131842658E-2,-3.861580743E-3
7.222050941E1,1.731053460E-3,8.655266836E-3,-2.263685223E-3
7.224077837E1,-3.062632866E-3,6.657897611E-4,-1.331579551E-4
7.226104728E1,-4.127896391E-3,-8.921583183E-3,-4.926844500E-3
7.228131618E1,3.328948980E-3,3.861580743E-3,-8.122635074E-3
7.230158514E1,8.122635074E-3,2.463422157E-2,-9.720530361E-3
7.232185405E1,8.655266836E-3,2.197106183E-2,-7.590003312E-3
7.234212301E1,2.263685223E-3,9.720530361E-3,3.062632866E-3
7.236239191E1,-6.791055668E-3,-8.388951421E-3,7.856319658E-3
7.238266082E1,-9.321057238E-3,-2.277000993E-2,7.856319658E-3
7.240292978E1,-4.660528619E-3,-2.117211558E-2,9.321057005E-4
7.242319868E1,6.657897611E-4,-3.994738800E-4,-9.720530361E-3
7.244346764E1,9.720530361E-3,1.451421715E-2,-1.771000773E-2
7.246373655E1,1.398158539E-2,1.504684892E-2,-1.824264042E-2
7.248400545E1,7.590003312E-3,3.328948980E-3,-1.238369010E-2
7.250440545E1,-9.321057005E-4,-1.371526904E-2,-4.926844500E-3
7.252454332E1,-7.323687430E-3,-2.117211558E-2,3.994738800E-4
7.254481222E1,-7.323687430E-3,-1.637842879E-2,2.530001104E-3
7.256508118E1,-3.595264861E-3,-6.258423906E-3,3.062632866E-3
7.258535009E1,-3.062632866E-3,5.992108025E-3,3.062632866E-3
7.260561900E1,-1.464737463E-3,6.524739787E-3,1.997369342E-3
7.262588795E1,2.796316985E-3,-3.595264861E-3,9.321057005E-4
7.264615686E1,3.328948980E-3,-1.158474199E-2,9.321057005E-4
7.266642582E1,2.263685223E-3,-1.478053257E-2,9.321057005E-4
7.268669472E1,2.796316985E-3,-9.454214945E-3,-1.331579551E-4
7.270696363E1,2.796316985E-3,1.331579551E-4,-1.198421582E-3
7.272736363E1,3.861580743E-3,4.926844500E-3,1.997369342E-3
7.274750150E1,1.731053460E-3,8.122635074E-3,4.127896391E-3
7.276777045E1,-1.997369342E-3,1.025316212E-2,4.127896391E-3
7.278803936E1,-3.062632866E-3,7.590003312E-3,1.051947847E-2
7.280830827E1,-6.258423906E-3,-6.791055668E-3,1.051947847E-2
7.282870827E1,-3.062632866E-3,-1.105211023E-2,4.127896391E-3
7.284884613E1,4.394212738E-3,1.291632187E-2,-1.331579551E-4
7.286911509E1,1.131842658E-2,2.410159074E-2,-3.328948980E-3
7.288938400E1,9.187898599E-3,1.398158539E-2,3.994738800E-4
7.290965290E1,1.198421582E-3,5.459476262E-3,9.454214945E-3
7.293005290E1,-4.660528619E-3,-9.321057005E-4,1.584579609E-2
7.295019077E1,-4.127896391E-3,-5.725792143E-3,1.531316526E-2
7.297045972E1,-1.464737463E-3,-3.062632866E-3,7.323687430E-3
7.299072863E1,1.198421582E-3,6.524739787E-3,-2.263685223E-3
7.301099754E1,6.524739787E-3,7.057371549E-3,-5.459476262E-3
7.303139754E1,6.524739787E-3,7.057371549E-3,-6.524739787E-3
7.305153540E1,1.198421582E-3,4.926844500E-3,-1.731053460E-3
7.307180431E1,-1.464737463E-3,-1.997369342E-3,4.127896391E-3
7.309207327E1,1.198421582E-3,-5.725792143E-3,7.323687430E-3
7.311234217E1,1.198421582E-3,-6.258423906E-3,1.105211023E-2
7.313261113E1,-1.464737463E-3,-6.258423906E-3,9.986846708E-3
7.315288004E1,-3.062632866E-3,-5.193160381E-3,5.725792143E-3
7.317314894E1,-1.997369342E-3,-1.464737463E-3,9.321057005E-4
7.319341790E1,2.263685223E-3,6.657897611E-4,-3.861580743E-3
7.321368681E1,6.524739787E-3,-1.997369342E-3,-4.394212738E-3
7.323391639E1,6.524739787E-3,-2.530001104E-3,-2.263685223E-3
7.325422462E1,4.394212738E-3,-7.856319658E-3,-1.331579551E-4
7.327449353E1,4.926844500E-3,-1.371526904E-2,2.530001104E-3
7.329476248E1,6.657897611E-4,-4.127896391E-3,7.856319658E-3
7.331503139E1,2.263685223E-3,8.122635074E-3,2.436790615E-2
7.333530035E1,-2.796317078E-2,1.398158539E-2,1.371526904E-2
7.335556931E1,-7.856319100E-2,3.795001656E-2,7.749792933E-2
7.337583827E1,-1.850895584E-1,2.197106183E-2,2.628538013E-1
7.339610717E1,-3.214432895E-1,-1.527321786E-1,4.173170328E-1
7.341637608E1,-3.336938322E-1,-4.636560082E-1,4.018706977E-1
7.343664504E1,-2.522011697E-1,-5.106607676E-1,2.589922249E-1
7.345691394E1,-2.436790615E-1,-1.937448233E-1,3.021354079E-1
7.347718290E1,-2.091911435E-1,1.603221744E-1,3.058638275E-1
7.349758290E1,-9.201214463E-2,2.476737946E-1,2.595248520E-1
7.351772176E1,7.310371846E-2,9.906952083E-2,8.442214131E-2
7.353799051E1,1.071921512E-1,-7.989477366E-3,9.028109163E-2
7.355825920E1,1.727058738E-1,-1.150484756E-1,-2.207758874E-1
7.357852801E1,1.460742801E-1,-2.113216817E-1,-1.358211134E-2
7.359879686E1,-7.283740491E-2,-2.251701057E-1,4.447475821E-2
7.361906566E1,-1.239700541E-1,-4.845618010E-1,8.495477587E-2
7.363933457E1,-5.725792143E-3,-7.422224283E-1,1.217063740E-1
7.365960342E1,7.150582224E-2,-7.619298100E-1,9.773793817E-2
7.367987228E1,7.736477256E-2,-5.751091838E-1,1.419463754E-1
7.370014118E1,9.187898599E-3,-3.045322299E-1,1.259674281E-1
7.372041004E1,-5.206476152E-2,-9.693899006E-2,-5.566002429E-2
7.374067894E1,-8.388951421E-3,1.954758763E-1,-1.334242672E-1
7.376094790E1,1.077247858E-1,4.888228476E-1,-2.985401452E-1
7.378121681E1,2.291648388E-1,5.383576155E-1,-2.671148479E-1
7.380148577E1,1.822932363E-1,4.366249442E-1,-1.760348231E-1
7.382175467E1,4.966791719E-2,2.689790726E-1,-5.938844755E-2
7.384202358E1,-3.661843762E-2,1.960085034E-1,-1.190432087E-1
7.386229248E1,-4.127896391E-3,1.906821877E-1,-1.387505829E-1
7.388256139E1,1.066595241E-1,2.226400971E-1,-1.627190262E-1
7.390283030E1,1.732385010E-1,2.961432934E-1,-2.175800949E-1
7.392309926E1,1.700427085E-1,2.876211703E-1,-2.335590571E-1
7.394336816E1,1.370195299E-1,1.320926845E-1,-1.201084778E-1
7.396363712E1,5.126581341E-2,-5.912213027E-2,-2.929474926E-3
7.398390603E1,-8.668582886E-2,-2.290316857E-2,6.684529036E-2
7.400417493E1,-1.857553422E-1,2.284990549E-1,8.229161799E-2
7.402444389E1,-1.852227151E-1,5.335639119E-1,7.430213690E-2
7.404471280E1,-1.271658540E-1,7.663240433E-1,-4.767054692E-2
7.406498170E1,-3.182475269E-2,8.137282729E-1,-1.494032294E-1
7.408525066E1,1.125184745E-1,5.298355222E-1,-5.832318589E-2
7.410551957E1,2.137185186E-1,1.102547869E-1,5.938844755E-2
7.412578853E1,1.615206003E-1,-1.161137372E-1,4.518049359E-1
7.414605743E1,1.348890066E-1,-2.609895915E-2,5.982787013E-1
7.416632634E1,8.695214242E-2,6.178529188E-2,5.189165473E-1
7.418659530E1,1.398158539E-2,4.648544192E-1,3.010701239E-1
7.420686420E1,6.404897571E-2,8.323704004E-1,2.476738021E-2
7.422713311E1,3.882885873E-1,1.073519468E0,-1.978727281E-1
7.424753311E1,6.423539519E-1,1.488306522E0,-3.697796464E-1
7.426767097E1,2.733732760E-1,1.070323586E0,-5.428850055E-1
7.428797926E1,-2.091911435E-1,3.648527861E-1,-5.135902166E-1
7.430820889E1,-4.301002026E-1,1.384842768E-2,-4.554001987E-2
7.432860889E1,-6.420876384E-1,-7.741803527E-1,2.808301151E-1
7.434874676E1,-5.510076284E-1,-1.424390674E0,4.576638937E-1
7.436901566E1,-2.932138145E-1,-1.933453560E0,4.368912578E-1
7.438941566E1,-1.158474199E-2,-1.541569591E0,9.347688407E-2
7.440971139E1,9.068056941E-2,-8.045403361E-1,-5.406212807E-2
7.442998035E1,4.926844500E-3,-5.383576155E-1,8.282424510E-2
7.445009196E1,-2.783001363E-1,-9.877657294E-1,9.853689000E-3
7.447036071E1,-1.745700836E-1,-1.321060061E0,2.636527456E-2
7.449062957E1,2.126532495E-1,-9.275783300E-1,1.408811212E-1
7.451089842E1,-7.763108611E-2,-1.045822620E0,5.992107838E-2
7.453129842E1,-3.992075622E-1,-1.672064424E0,2.423474751E-2
7.455143613E1,-8.295740932E-2,-1.760348201E0,-1.755021811E-1
7.457170493E1,3.526022732E-1,-1.029843569E0,-4.390217662E-1
7.459197384E1,2.701774836E-1,-6.123934388E-1,-3.527354300E-1
7.461224274E1,1.412805915E-1,-1.862879843E-1,2.476738021E-2
7.463264274E1,-1.095889956E-1,4.633896798E-2,1.707084924E-1
7.465278051E1,-3.400854170E-1,-1.081242561E-1,1.249021590E-1
7.467304946E1,-2.383527458E-1,-4.866923392E-1,1.254348010E-1
7.469331837E1,1.025316212E-2,-2.592585385E-1,1.584579647E-1
7.471358728E1,-4.886896908E-2,-2.624543309E-1,1.914811432E-1
7.473385618E1,-3.645864725E-1,-5.825660825E-1,2.143843025E-1
7.475412509E1,-4.700475931E-1,-3.556649089E-1,1.419463754E-1
7.477439405E1,-4.796349406E-1,-1.294295341E-1,-9.187898785E-2
7.479466290E1,-3.219759464E-1,-4.474107176E-2,-2.548643351E-1
7.481493181E1,-1.085237339E-1,2.008021921E-1,-4.193144143E-1
7.483520071E1,-9.254477918E-2,2.631201148E-1,-5.759081841E-1
7.485546962E1,-4.407528415E-2,1.645832360E-1,-6.978808641E-1
7.487573853E1,6.458161026E-2,1.187768951E-1,-7.655251026E-1
7.489600748E1,-9.321057005E-4,2.231727391E-1,-8.219840527E-1
7.491627639E1,-2.170474641E-2,1.464737505E-1,-7.974829674E-1
7.493654530E1,3.142527640E-1,4.600607455E-1,-9.001477957E-1
7.495681420E1,5.672528744E-1,1.208275318E0,-8.916256428E-1
7.497708311E1,5.352949500E-1,1.314801693E0,-9.747162461E-1
7.499735202E1,6.215813160E-1,1.106542587E0,-8.910930157E-1
7.501762092E1,7.376950979E-1,1.214134216E0,-8.145272136E-1
7.503788988E1,7.265098095E-1,1.374989033E0,-7.207840085E-1
7.505815879E1,6.780403256E-1,8.137282729E-1,-8.953540921E-1
7.507842769E1,7.739140391E-1,2.130527236E-2,-1.131842613E0
7.509869660E1,8.106656075E-1,-3.311638236E-1,-1.320926905E0
7.511896551E1,6.034718752E-1,-5.820333958E-1,-1.380581737E0
7.513923441E1,3.568633199E-1,-2.528669536E-1,-1.449158072E0
7.515950332E1,1.860216707E-1,-1.862879843E-1,-1.546629667E0
7.517977228E1,3.350254297E-1,-2.262353599E-1,-1.714408636E0
7.520004118E1,4.825644195E-1,-2.450106293E-2,-1.857686639E0
7.522031009E1,4.000065029E-1,9.800425172E-2,-2.015212536E0
7.524057900E1,4.021370113E-1,-3.071953952E-1,-2.032789230E0
7.526084790E1,4.383559823E-1,-7.091992497E-1,-2.141446352E0
7.528111681E1,3.147853911E-1,-8.444877267E-1,-2.160620928E0
7.530138571E1,3.057306707E-1,-5.468797088E-1,-2.160088301E0
7.532165467E1,4.404865205E-1,-5.175849795E-1,-2.026397705E0
7.534192358E1,5.592634082E-1,-5.021386743E-1,-1.768737078E0
7.536219249E1,6.226465702E-1,-2.565953732E-1,-1.445962191E0
7.538246139E1,5.384907722E-1,-4.984102249E-1,-1.418265343E0
7.540273030E1,7.307708859E-1,-2.130527282E-3,-1.798564553E0
7.542299920E1,8.483493328E-1,-3.119890988E-1,-2.532797575E0
7.544326811E1,1.104545236E0,-5.324986577E-1,-3.443997383E0
7.546353702E1,1.542768121E0,-4.217112362E-1,-3.910449743E0
7.548380592E1,1.863945007E0,-6.049365997E-1,-4.155859947E0
7.550407483E1,1.838911414E0,-6.745781898E-1,-4.475971699E0
7.552434374E1,1.891109228E0,-2.343579940E-2,-4.314584255E0
7.554461264E1,1.760081887E0,1.752358675E-1,-4.244276524E0
7.556488155E1,1.521995425E0,-2.716422267E-2,-4.129228115E0
7.558515045E1,1.402685881E0,-3.141196072E-1,-3.816173792E0
7.560541936E1,1.188168406E0,-2.938795984E-1,-3.487673044E0
7.562568827E1,8.813725114E-1,-2.769685537E-2,-3.440801620E0
7.564595717E1,8.165245652E-1,7.807050943E-1,-3.461041689E0
7.566622608E1,7.494129539E-1,1.192829013E0,-3.464770079E0
7.568649499E1,7.611308694E-1,1.451155424E0,-3.383810043E0
7.570676389E1,1.017193675E0,1.182176352E0,-3.274087906E0
7.572703280E1,1.189233661E0,7.833682299E-1,-3.296990871E0
7.574730170E1,1.127981067E0,4.744417965E-1,-3.282609940E0
7.576757061E1,8.005456328E-1,1.800295562E-1,-3.231477261E0
7.578783952E1,5.709813237E-1,1.003744721E0,-3.246391058E0
7.580810837E1,3.163833022E-1,1.963414073E0,-3.183007717E0
7.582850837E1,2.398174703E-1,2.128396749E0,-2.996187210E0
7.584864618E1,7.097318769E-2,1.376586914E0,-2.710163832E0
7.586891509E1,-7.017423958E-2,8.494145870E-1,-2.604170084E0
7.588918400E1,-6.005423889E-2,7.178545594E-1,-2.518949032E0
7.590945290E1,5.765739456E-2,9.016125202E-1,-2.347574711E0
7.592985290E1,2.201101035E-1,1.248755336E0,-2.213884115E0
7.594999071E1,1.849564016E-1,1.380315304E0,-2.126532555E0
7.597025962E1,5.179844424E-2,1.174186826E0,-2.015212536E0
7.599052853E1,-9.361004084E-2,8.462188244E-1,-1.710680246E0
7.601079743E1,-1.202416345E-1,7.439534664E-1,-1.364070058E0
7.603119743E1,-2.223737910E-2,5.916208029E-1,-1.036501527E0
7.605133524E1,1.295626909E-1,3.456780612E-1,-6.973482370E-1
7.607160415E1,3.334275186E-1,2.002695650E-1,-4.800344408E-1
7.609187306E1,4.857602119E-1,9.267793596E-2,-4.731102288E-1
7.611214196E1,5.811012983E-1,7.882951200E-2,-4.869586527E-1
7.613254196E1,5.757750273E-1,1.693769246E-1,-5.577986836E-1
7.615267972E1,4.719117880E-1,4.398207366E-1,-6.206492186E-1
7.617294863E1,3.286338449E-1,3.888212144E-1,-5.998765826E-1
7.619321754E1,2.099900991E-1,1.805621833E-1,-6.254429221E-1
7.621361754E1,2.382195890E-1,1.922800839E-1,-6.579334736E-1
7.623391327E1,3.813643754E-1,2.721748650E-1,-6.068007946E-1
7.625402483E1,3.930822909E-1,2.732401192E-1,-4.544681013E-1
7.627429368E1,2.786996067E-1,2.519348562E-1,-4.289017618E-1
7.629456243E1,2.318280041E-1,2.167811543E-1,-4.773712754E-1
7.631483129E1,2.536658943E-1,1.246358454E-1,-4.853607416E-1
7.633510009E1,2.605901062E-1,8.841688186E-2,-3.873564899E-1
7.635536894E1,1.759016514E-1,1.954758763E-1,-3.452785909E-1
7.637563780E1,3.795001656E-2,2.226400971E-1,-3.697796464E-1
7.639590665E1,-3.075948730E-2,1.944106072E-1,-3.980091214E-1
7.641617556E1,-2.223737910E-2,1.592569202E-1,-3.458112180E-1
7.643657556E1,-2.649843320E-2,1.363537461E-1,-2.261022031E-1
7.645671337E1,-3.342264518E-2,1.022653133E-1,-1.696432382E-1
7.647698228E1,8.122635074E-3,1.065263618E-2,-1.802958697E-1
7.649725118E1,1.290300637E-1,-3.249054030E-2,-1.691105962E-1
7.651752009E1,1.721732318E-1,1.054610983E-1,-1.414137483E-1
7.653778900E1,2.531332672E-1,2.679138184E-1,-9.720530361E-2
7.655805785E1,3.446127772E-1,3.717769980E-1,-7.483477145E-2
7.657832681E1,2.600574791E-1,1.565937549E-1,-1.845569313E-1
7.659859571E1,2.249037921E-1,2.013348341E-1,-1.552621722E-1
7.661886462E1,1.375521719E-1,3.643201590E-1,6.311687082E-2
7.663913358E1,5.339634046E-2,7.189198136E-1,3.490070105E-1
7.665940248E1,-1.245026886E-1,9.404946566E-1,4.081291258E-1
7.667967139E1,-3.779022694E-1,9.314398766E-1,4.097270370E-1
7.669994035E1,-5.483444333E-1,1.158207893E0,6.243776679E-1
7.672020926E1,-6.926876903E-1,1.095357299E0,7.675224543E-1
7.674047821E1,-8.177229762E-1,9.245156646E-1,8.218508959E-1
7.676074712E1,-9.396957159E-1,6.496776342E-1,8.181225061E-1
7.678101608E1,-1.031841040E0,1.374190152E-1,7.127945423E-1
7.680128504E1,-1.185771585E0,-5.432844535E-2,6.834998131E-1
7.682155394E1,-1.300820112E0,8.894951642E-2,7.845667005E-1
7.684182290E1,-1.447693229E0,1.203747913E-1,8.815056682E-1
7.686209186E1,-1.743836522E0,-1.415469050E-1,9.427583218E-1
7.688236082E1,-1.958353996E0,-4.653870463E-1,8.921582699E-1
7.690262978E1,-1.999366641E0,-4.925512671E-1,7.930887938E-1
7.692289874E1,-1.926396132E0,-4.312986135E-1,8.261119723E-1
7.694316769E1,-1.707617640E0,-3.482080400E-1,8.990825415E-1
7.696343665E1,-1.529718637E0,-5.170523524E-1,8.181225061E-1
7.698383665E1,-1.544632316E0,-7.827024460E-1,6.712492704E-1
7.700397462E1,-1.631983876E0,-7.582014203E-1,6.723145247E-1
7.702424358E1,-1.716672301E0,-6.150565743E-1,7.133271694E-1
7.704451254E1,-1.860349774E0,-7.736477256E-1,6.238450408E-1
7.706478155E1,-1.114398956E0,-1.239567399E0,3.994738683E-3
7.708505051E1,2.366216928E-1,-1.179513216E0,-5.290365815E-1
7.710531946E1,7.536740303E-1,-9.653951526E-1,-5.844302773E-1
7.712558847E1,1.028378844E0,-1.359409571E0,-1.179779470E-1
7.714585743E1,6.838992834E-1,-9.941573143E-1,7.797729969E-1
7.716612644E1,1.631184965E-1,1.544632316E-1,1.027446747E0
7.718639545E1,-3.054643571E-1,5.106607676E-1,6.936197877E-1
7.720666441E1,-5.968139768E-1,1.036235213E0,5.988113284E-1
7.722706441E1,-9.524788260E-1,1.404283762E0,3.506048918E-1
7.724720243E1,-9.418262243E-1,1.304948032E-1,-4.400870502E-1
7.726747144E1,-1.474058628E-1,-1.470196962E0,-1.146756291E0
7.728774045E1,-8.390282989E-1,6.805703044E-1,-8.107987642E-1
7.730800946E1,-9.668599367E-1,5.314334035E-1,-4.447475821E-2
7.732840946E1,-8.960198760E-1,-1.378184855E-1,9.507478029E-2
7.734854749E1,-6.852308512E-1,3.632549047E-1,-2.282327414E-1
7.736881650E1,-2.075932473E-1,3.051980436E-1,-2.511359155E-1
7.738908551E1,2.179795653E-1,-2.454101145E-1,-2.495380044E-1
7.740935452E1,2.824280262E-1,-7.582014203E-1,-2.969422340E-1
7.742975452E1,4.037349224E-1,-8.540751338E-1,-2.665822208E-1
7.744989259E1,6.018739343E-1,-8.535425067E-1,-1.755021811E-1
7.747016160E1,5.874928832E-1,-7.081339955E-1,-2.229064107E-1
7.749043061E1,5.544697046E-1,-7.534077168E-1,-3.239732981E-1
7.751069967E1,5.837644935E-1,-6.629934311E-1,-3.538006842E-1
7.753109967E1,5.075981021E-1,-3.157175183E-1,-1.419463754E-1
7.755123769E1,3.568633199E-1,-7.510108501E-2,8.282424510E-2
7.757150676E1,2.552638054E-1,-7.190529257E-2,7.590003312E-2
7.759177577E1,1.897500902E-1,-2.145174593E-1,-2.849580161E-2
7.761204483E1,1.743037701E-1,-2.629869580E-1,-6.684529036E-2
7.763244483E1,2.035985142E-1,-2.177132517E-1,-3.222422674E-2
7.765258295E1,2.914827764E-1,-2.560627460E-1,2.423474751E-2
7.767285196E1,1.828258783E-1,-2.928143442E-1,8.815056831E-2
7.769312103E1,2.037316747E-2,-2.443448454E-1,8.335687965E-2
7.771339009E1,-2.530001104E-3,-2.816290855E-1,4.500738904E-2
7.773365910E1,1.771000773E-2,-2.853575051E-1,3.488738462E-2
7.775392816E1,-9.986846708E-3,-2.480732650E-1,4.820318148E-2
7.777419722E1,-6.591318548E-2,-1.921469271E-1,7.856319100E-2
7.779446629E1,-6.378266215E-2,-2.288985252E-1,9.241162241E-2
7.781473535E1,-3.022685647E-2,-2.118543088E-1,8.921582997E-2
7.783500441E1,-9.986846708E-3,-1.607216448E-1,1.677790284E-2
7.785527347E1,1.771000773E-2,-1.346226931E-1,-5.938844755E-2
7.787554254E1,2.410159074E-2,-1.177116334E-1,-6.684529036E-2
7.789581160E1,2.356895804E-2,-1.331579536E-1,1.677790284E-2
7.791608066E1,5.992108025E-3,-1.841574460E-1,7.696529478E-2
7.793634972E1,1.131842658E-2,-2.102564126E-1,7.217161357E-2
7.795661879E1,1.131842658E-2,-2.374206334E-1,5.033370852E-2
7.797688785E1,-1.015995219E-1,-1.724395454E-1,-3.701791167E-2
7.799715696E1,-1.010668874E-1,-1.704421826E-2,-9.720530361E-2
7.801742603E1,-8.988162130E-2,4.793686420E-2,-5.992107838E-2
