"Time (s)","Acceleration x (m/s^2)","Acceleration y (m/s^2)","Acceleration z (m/s^2)"
8.679178000E-2,-1.079027891E0,2.645178556E0,9.381318092E0
1.068633950E-1,-1.106383681E0,2.672581434E0,9.370358467E0
1.271705300E-1,-1.077634454E0,2.673342943E0,9.373491287E0
1.475705300E-1,-1.028649092E0,2.646584272E0,9.386579514E0
1.677067800E-1,-9.925379157E-1,2.592627048E0,9.405506134E0
1.881067800E-1,-9.741362333E-1,2.539005041E0,9.422042847E0
2.082429780E-1,-9.846163392E-1,2.530954838E0,9.423120499E0
2.285111030E-1,-1.001052618E0,2.545901060E0,9.417360306E0
2.487792280E-1,-1.013575554E0,2.545140743E0,9.416225433E0
2.690473530E-1,-1.026864767E0,2.514780045E0,9.422940254E0
2.894473530E-1,-1.056131721E0,2.497343302E0,9.424344063E0
3.095836550E-1,-1.089331269E0,2.521987200E0,9.413996696E0
3.298462590E-1,-1.102576256E0,2.548523188E0,9.405303955E0
3.501179260E-1,-1.115100145E0,2.530524254E0,9.408687592E0
3.703864680E-1,-1.204886198E0,2.460782051E0,9.416113853E0
3.906549570E-1,-1.386686683E0,2.361358166E0,9.416553497E0
4.109233430E-1,-1.580291271E0,2.217983961E0,9.420913696E0
4.311917280E-1,-1.780758977E0,2.019911528E0,9.429699898E0
4.514600610E-1,-2.008098125E0,1.742271781E0,9.439408302E0
4.717283430E-1,-2.137095451E0,1.416880369E0,9.465497971E0
4.919965720E-1,-2.187636375E0,1.036791563E0,9.503141403E0
5.122648530E-1,-2.489612103E0,3.913859725E-1,9.477291107E0
5.325330820E-1,-3.276061773E0,-5.381634831E-1,9.227578163E0
5.528013110E-1,-4.287296295E0,-1.445910573E0,8.700506210E0
5.730694890E-1,-4.865402222E0,-1.900249124E0,8.299837112E0
5.934775090E-1,-5.187513828E0,-1.904876709E0,8.101328850E0
6.137544360E-1,-5.643464565E0,-1.951457620E0,7.779043674E0
6.338671450E-1,-6.072720528E0,-2.031441450E0,7.427362442E0
6.541366760E-1,-6.305424213E0,-2.029984713E0,7.231263638E0
6.744059990E-1,-6.270493031E0,-2.000967741E0,7.269623756E0
6.946750090E-1,-6.012661457E0,-1.991367817E0,7.486837387E0
7.149439160E-1,-5.727291107E0,-1.971233249E0,7.712506771E0
7.352126140E-1,-5.611084938E0,-1.939123988E0,7.805505276E0
7.554812070E-1,-5.575316906E0,-1.957691550E0,7.826471806E0
7.757496970E-1,-5.649517536E0,-2.041247368E0,7.751557827E0
7.960220410E-1,-5.835364819E0,-2.112637758E0,7.593133450E0
8.163295930E-1,-6.125242233E0,-2.124922991E0,7.357750893E0
8.365556340E-1,-6.507629395E0,-2.072958231E0,7.037328243E0
8.568237590E-1,-6.864150047E0,-1.949479103E0,6.727061272E0
8.770918840E-1,-7.145804405E0,-1.719593048E0,6.492370605E0
8.973600610E-1,-7.348647594E0,-1.340217590E0,6.353864193E0
9.176281860E-1,-7.400017738E0,-9.211940765E-1,6.368793964E0
9.378963110E-1,-7.323353767E0,-7.862555981E-1,6.474617481E0
9.581644360E-1,-7.207159996E0,-9.204310179E-1,6.586352348E0
9.784325610E-1,-7.106873035E0,-1.190718293E0,6.651687622E0
9.987006860E-1,-7.087615967E0,-1.513946056E0,6.606364727E0
1.018968811E0,-7.057520866E0,-1.828578234E0,6.558817387E0
1.039236936E0,-7.059463501E0,-2.091035843E0,6.477803707E0
1.059505061E0,-7.011991024E0,-2.348170280E0,6.441153049E0
1.079773186E0,-6.922227383E0,-2.623217344E0,6.432098866E0
1.100041259E0,-6.823779583E0,-2.847382069E0,6.441959381E0
1.120309384E0,-6.804871559E0,-2.977865219E0,6.402844906E0
1.140577509E0,-6.869502068E0,-3.026685238E0,6.310270309E0
1.160845634E0,-7.106879234E0,-2.953323603E0,6.077871799E0
1.181113759E0,-7.402669430E0,-2.784502268E0,5.798054218E0
1.201381884E0,-7.350897312E0,-2.877392769E0,5.818531513E0
1.221649957E0,-7.346054554E0,-3.061227560E0,5.730162144E0
1.241918082E0,-7.477537155E0,-3.083151102E0,5.545357704E0
1.262186207E0,-7.622935772E0,-3.059276342E0,5.357429504E0
1.282454280E0,-7.743177414E0,-3.201629639E0,5.095407486E0
1.302722405E0,-7.855286121E0,-3.363655090E0,4.811515808E0
1.322990530E0,-7.864898682E0,-3.347719908E0,4.806925774E0
1.343258655E0,-7.798688412E0,-3.164581776E0,5.033514977E0
1.363526728E0,-7.734619617E0,-2.993301630E0,5.233180523E0
1.383794853E0,-7.706271648E0,-2.877568960E0,5.338853836E0
1.404062926E0,-7.671192169E0,-2.860009193E0,5.398477077E0
1.424331051E0,-7.697092056E0,-2.930002928E0,5.323555470E0
1.444599176E0,-7.770828724E0,-2.986874580E0,5.182970047E0
1.464867249E0,-7.866805077E0,-3.011511803E0,5.021409988E0
1.485135322E0,-7.958588600E0,-3.070685148E0,4.837575912E0
1.505403447E0,-8.097867012E0,-3.196329117E0,4.514246464E0
1.525671572E0,-8.296777725E0,-3.381211281E0,3.987640142E0
1.545939645E0,-8.534557343E0,-3.605186939E0,3.214708805E0
1.566207770E0,-8.713695526E0,-3.911499500E0,2.223078012E0
1.586475895E0,-8.755847931E0,-4.253080368E0,1.190302372E0
1.606743968E0,-8.683571815E0,-4.546920776E0,3.024617136E-1
1.627012093E0,-8.573203087E0,-4.746982098E0,-3.697620332E-1
1.647280166E0,-8.505537987E0,-4.827616692E0,-7.213432193E-1
1.667548291E0,-8.546035767E0,-4.767476559E0,-6.378285885E-1
1.687816364E0,-8.717287064E0,-4.486466408E0,-2.256447375E-1
1.708084489E0,-8.897153854E0,-4.108507633E0,3.622299135E-1
1.728352561E0,-9.007539749E0,-3.712830305E0,1.117813468E0
1.748620686E0,-9.019536972E0,-3.392884254E0,1.818429947E0
1.768888759E0,-8.951459885E0,-3.195010662E0,2.415292501E0
1.789156884E0,-8.829993248E0,-3.058308840E0,2.974619627E0
1.809425009E0,-8.681697845E0,-2.922517300E0,3.501057386E0
1.829832926E0,-8.543512344E0,-2.722661495E0,3.970628262E0
1.850109697E0,-8.388847351E0,-2.451035500E0,4.448601246E0
1.870222457E0,-8.206954002E0,-2.094259977E0,4.942708015E0
1.890491989E0,-7.983439922E0,-1.676085591E0,5.442959785E0
1.910761207E0,-7.765651226E0,-1.280139804E0,5.850324631E0
1.931030114E0,-7.630578518E0,-1.027311444E0,6.073655128E0
1.951298968E0,-7.605427265E0,-9.717497230E-1,6.114210129E0
1.971567666E0,-7.666292667E0,-1.047951579E0,6.024960041E0
1.991836207E0,-7.773905277E0,-1.139845014E0,5.868349552E0
2.012104697E0,-7.878729343E0,-1.229696512E0,5.708226681E0
2.032373134E0,-7.950134754E0,-1.326498985E0,5.586245060E0
2.052641416E0,-8.058767319E0,-1.390008330E0,5.412441730E0
2.072909749E0,-8.187345505E0,-1.445712686E0,5.200738907E0
2.093178082E0,-8.312089920E0,-1.470019937E0,4.991853237E0
2.113446311E0,-8.474017143E0,-1.420021772E0,4.727046967E0
2.133714541E0,-8.617210388E0,-1.300174832E0,4.497068405E0
2.153982718E0,-8.757964134E0,-1.119716048E0,4.267865181E0
2.174250947E0,-8.892518044E0,-9.719133973E-1,4.018569946E0
2.194519124E0,-9.005249977E0,-8.040910363E-1,3.798590183E0
2.214787301E0,-9.118750572E0,-6.375342011E-1,3.551383495E0
2.235055426E0,-9.224720955E0,-5.435496569E-1,3.283210278E0
2.255323603E0,-9.319830894E0,-5.392472148E-1,3.003389835E0
2.275591728E0,-9.388893127E0,-5.873878002E-1,2.770206213E0
2.295859957E0,-9.418991089E0,-6.396793127E-1,2.654018641E0
2.316128030E0,-9.435579300E0,-7.111498117E-1,2.575750351E0
2.336396259E0,-9.451966286E0,-8.413161039E-1,2.474451065E0
2.356664436E0,-9.470581055E0,-1.037325382E0,2.324317455E0
2.376932561E0,-9.480178833E0,-1.319257617E0,2.134518147E0
2.397200686E0,-9.482209206E0,-1.618322372E0,1.907647967E0
2.417468811E0,-9.491263390E0,-1.835256338E0,1.648682714E0
2.437736936E0,-9.509436607E0,-1.953904748E0,1.386817217E0
2.458005114E0,-9.524427414E0,-2.019263268E0,1.173979878E0
2.478273291E0,-9.549905777E0,-2.034129381E0,9.121477008E-1
2.498541416E0,-9.578811646E0,-2.011515141E0,6.087298989E-1
2.518809541E0,-9.601557732E0,-1.972453237E0,2.998222411E-1
2.539077718E0,-9.623795509E0,-1.883470178E0,-7.406677306E-2
2.559345895E0,-9.633309364E0,-1.766674399E0,-4.986070693E-1
2.579745895E0,-9.626461983E0,-1.663148284E0,-8.576357365E-1
2.599882197E0,-9.627729416E0,-1.529285550E0,-1.067007303E0
2.620150322E0,-9.637967110E0,-1.351789951E0,-1.205256820E0
2.640418499E0,-9.626567841E0,-1.250418305E0,-1.391416550E0
2.660818499E0,-9.552162170E0,-1.344013453E0,-1.766418099E0
2.680954801E0,-9.397793770E0,-1.631665230E0,-2.278054714E0
2.701354801E0,-9.194232941E0,-2.028737307E0,-2.742388010E0
2.721491155E0,-9.013971329E0,-2.348495960E0,-3.066478491E0
2.741891155E0,-8.891689301E0,-2.471600533E0,-3.316540003E0
2.762027457E0,-8.848738670E0,-2.439368248E0,-3.452489138E0
2.782295634E0,-8.876604080E0,-2.408273697E0,-3.402427673E0
2.802563811E0,-8.908940315E0,-2.375918865E0,-3.340087891E0
2.822831936E0,-8.981873512E0,-2.318458557E0,-3.181365967E0
2.843100114E0,-9.088124275E0,-2.273778439E0,-2.899364710E0
2.863368291E0,-9.222540855E0,-2.247378826E0,-2.462604046E0
2.883636416E0,-9.302915573E0,-2.356508732E0,-2.018170834E0
2.903904645E0,-9.293256760E0,-2.729639053E0,-1.534546971E0
2.924172822E0,-9.215297699E0,-3.195869684E0,-1.017391801E0
2.944440999E0,-9.121667862E0,-3.560565233E0,-5.366056561E-1
2.964709176E0,-9.086697578E0,-3.686605215E0,-1.061266512E-1
2.984977353E0,-9.130104065E0,-3.571644783E0,2.343649119E-1
3.005245530E0,-9.172254562E0,-3.447556496E0,3.930291533E-1
3.025513707E0,-9.175503731E0,-3.446665764E0,3.178370595E-1
3.045781884E0,-9.133337975E0,-3.567008972E0,1.702389121E-1
3.066050061E0,-9.081032753E0,-3.699520588E0,1.370870471E-1
3.086450061E0,-9.024950981E0,-3.828039646E0,2.583771944E-1
3.106586364E0,-8.941922188E0,-4.006404400E0,4.014180899E-1
3.126986364E0,-8.802584648E0,-4.285955429E0,5.616745353E-1
3.147122770E0,-8.628659248E0,-4.604794502E0,7.158915401E-1
3.167390947E0,-8.426641464E0,-4.943650246E0,8.499606252E-1
3.187659124E0,-8.219882011E0,-5.261481285E0,9.595595002E-1
3.207927301E0,-8.021888733E0,-5.544514179E0,1.038283944E0
3.228195478E0,-7.850865364E0,-5.778935432E0,1.066867113E0
3.248463655E0,-7.705267906E0,-5.971757412E0,1.066460490E0
3.268731832E0,-7.565819740E0,-6.144037247E0,1.086074471E0
3.289000009E0,-7.448478699E0,-6.277248383E0,1.134333849E0
3.309268186E0,-7.334487915E0,-6.391896725E0,1.232609868E0
3.329668186E0,-7.200510025E0,-6.515423298E0,1.368323684E0
3.349804541E0,-7.036130428E0,-6.662579536E0,1.507741690E0
3.370072718E0,-6.878425121E0,-6.826427460E0,1.502511621E0
3.390340947E0,-6.739529133E0,-6.980112553E0,1.423784375E0
3.410609176E0,-6.623341560E0,-7.102800369E0,1.360863924E0
3.430877353E0,-6.514115810E0,-7.212199688E0,1.311813951E0
3.451145530E0,-6.407226562E0,-7.306817055E0,1.314631343E0
3.471413707E0,-6.292907715E0,-7.400395393E0,1.343074560E0
3.491681884E0,-6.162650108E0,-7.504093647E0,1.371386647E0
3.511950114E0,-6.053970337E0,-7.590213776E0,1.381482959E0
3.532218291E0,-5.999244213E0,-7.632095814E0,1.389446616E0
3.552486468E0,-5.948533535E0,-7.670423985E0,1.396400452E0
3.572886468E0,-5.850071430E0,-7.747356415E0,1.387628794E0
3.593022874E0,-5.669363976E0,-7.889126778E0,1.338048577E0
3.613291051E0,-5.417584896E0,-8.079682350E0,1.240525723E0
3.633559280E0,-5.013853073E0,-8.345505714E0,1.176517963E0
3.653967197E0,-4.544676304E0,-8.623247147E0,1.075135946E0
3.674244228E0,-4.131905079E0,-8.846313477E0,9.167808294E-1
3.694356936E0,-3.866296291E0,-8.984935760E0,7.021914721E-1
3.714626520E0,-3.740622759E0,-9.054218292E0,4.463838339E-1
3.734895843E0,-3.702814341E0,-9.077098846E0,2.565597892E-1
3.755164905E0,-3.712194681E0,-9.074749947E0,1.972698420E-1
3.775433811E0,-3.641259670E0,-9.102384567E0,2.412496358E-1
3.795702614E0,-3.415552378E0,-9.187499046E0,3.069952130E-1
3.815970739E0,-3.057272196E0,-9.310591698E0,3.692590892E-1
3.836241364E0,-2.793592453E0,-9.394513130E0,3.306806087E-1
3.856509541E0,-2.818372488E0,-9.390690804E0,2.051336318E-1
3.876777718E0,-3.002449274E0,-9.335676193E0,2.864073403E-2
3.897045947E0,-3.086905479E0,-9.307627678E0,-9.735226631E-2
3.917314124E0,-3.007017851E0,-9.333746910E0,-9.690963477E-2
3.937582353E0,-2.875416279E0,-9.375622749E0,-8.876331151E-3
3.957850582E0,-2.842194319E0,-9.385482788E0,7.104346156E-2
3.978118811E0,-2.837515831E0,-9.386994362E0,5.668493360E-2
3.998386989E0,-2.769099236E0,-9.407545090E0,-2.405355498E-2
4.018655218E0,-2.688000202E0,-9.430495262E0,-1.038777605E-1
4.038923447E0,-2.575686216E0,-9.461097717E0,-1.544670016E-1
4.059191676E0,-2.448040962E0,-9.494343758E0,-1.868345290E-1
4.079459905E0,-2.302702904E0,-9.529702187E0,-2.296324223E-1
4.099728134E0,-2.130537987E0,-9.567694664E0,-3.006832004E-1
4.119996364E0,-1.914462209E0,-9.610505104E0,-3.786990345E-1
4.140264541E0,-1.597903252E0,-9.664672852E0,-4.595491886E-1
4.160532770E0,-1.320353508E0,-9.704159737E0,-5.063108206E-1
4.180800999E0,-1.074611306E0,-9.735246658E0,-4.904849529E-1
4.201069228E0,-8.106694221E-1,-9.762496948E0,-4.548063576E-1
4.221337457E0,-6.844711900E-1,-9.775205612E0,-3.837277293E-1
4.241605739E0,-6.592086554E-1,-9.780743599E0,-2.699746490E-1
4.261873968E0,-7.359380126E-1,-9.776503563E0,-2.207656354E-1
4.282142197E0,-9.301253557E-1,-9.758397102E0,-2.809508741E-1
4.302410426E0,-1.133301616E0,-9.730656624E0,-4.475808442E-1
4.322678603E0,-1.195257068E0,-9.713284492E0,-6.275874376E-1
4.342946936E0,-1.150433302E0,-9.710844040E0,-7.391875982E-1
4.363215166E0,-1.112801075E0,-9.711624146E0,-7.851226330E-1
4.383483395E0,-1.087305665E0,-9.716705322E0,-7.574909925E-1
4.403751624E0,-1.076668262E0,-9.725955009E0,-6.457352042E-1
4.424019905E0,-1.156256914E0,-9.724986076E0,-5.080427527E-1
4.444288134E0,-1.250905395E0,-9.718274117E0,-4.009699821E-1
4.464556364E0,-1.294525862E0,-9.716667175E0,-2.845551074E-1
4.484824645E0,-1.340131998E0,-9.713610649E0,-1.421180516E-1
4.505092874E0,-1.501121998E0,-9.690988541E0,-4.204859212E-2
4.525361103E0,-1.783415318E0,-9.643005371E0,-4.754244164E-2
4.545629384E0,-2.052692413E0,-9.588965416E0,-9.266223758E-2
4.565897614E0,-2.077848196E0,-9.583961487E0,-2.508017607E-2
4.586165843E0,-2.008275509E0,-9.598243713E0,1.045396626E-1
4.606434124E0,-2.005264759E0,-9.598315239E0,1.471505016E-1
4.626702353E0,-2.065785646E0,-9.586191177E0,8.861608803E-2
4.646970582E0,-2.144596577E0,-9.569273949E0,9.430807084E-3
4.667238864E0,-2.213700294E0,-9.553408623E0,-4.813216254E-2
4.687507093E0,-2.252714634E0,-9.543967247E0,-9.129199386E-2
4.707775322E0,-2.255758286E0,-9.542695999E0,-1.374235451E-1
4.728043603E0,-2.240240574E0,-9.545500755E0,-1.874257177E-1
4.748311832E0,-2.235973358E0,-9.545783043E0,-2.210173905E-1
4.768580114E0,-2.254018068E0,-9.541441917E0,-2.251424193E-1
4.788848343E0,-2.278298616E0,-9.535935402E0,-2.137649208E-1
4.809124541E0,-2.290626049E0,-9.533339500E0,-1.971313655E-1
4.829462041E0,-2.291700125E0,-9.533517838E0,-1.747089475E-1
4.849651989E0,-2.294091702E0,-9.533409119E0,-1.471569538E-1
4.869920166E0,-2.298641205E0,-9.532658577E0,-1.226608083E-1
4.890320374E0,-2.301201820E0,-9.532164574E0,-1.127082184E-1
4.910457093E0,-2.303833008E0,-9.531458855E0,-1.184291616E-1
4.930725530E0,-2.304903269E0,-9.531015396E0,-1.324938238E-1
4.950993916E0,-2.295875311E0,-9.533006668E0,-1.453723460E-1
4.971262301E0,-2.053290606E0,-9.588906288E0,-8.516138792E-2
4.991530582E0,-1.536890149E0,-9.685232162E0,6.800021231E-2
5.011798864E0,-9.264647961E-1,-9.760564804E0,2.084055692E-1
5.032067197E0,-4.301948249E-1,-9.792765617E0,2.950613201E-1
5.052335478E0,-8.774748445E-2,-9.800781250E0,3.276819885E-1
5.072603811E0,1.104166955E-1,-9.800373077E0,3.329764605E-1
5.092872041E0,2.329655588E-1,-9.796192169E0,3.882664442E-1
5.113272041E0,2.359517962E-1,-9.793536186E0,4.487366378E-1
5.133408603E0,1.993187219E-1,-9.794079781E0,4.546062648E-1
5.153676780E0,1.896445155E-1,-9.797963142E0,3.665348589E-1
5.173945061E0,1.789568514E-1,-9.802457809E0,2.240556628E-1
5.194213291E0,1.896762997E-1,-9.804560661E0,7.071746886E-2
5.214481624E0,2.241563052E-1,-9.803797722E0,-7.550293207E-2
5.234749853E0,2.807705104E-1,-9.800409317E0,-2.086777538E-1
5.255018134E0,3.186285496E-1,-9.796455383E0,-3.135473132E-1
5.275286364E0,3.372461498E-1,-9.793213844E0,-3.867951334E-1
5.295554593E0,3.319949508E-1,-9.792132378E0,-4.175066948E-1
5.315822874E0,2.841925621E-1,-9.794949532E0,-3.854911327E-1
5.336091103E0,2.407468259E-1,-9.798785210E0,-3.102205992E-1
5.356359384E0,2.643388510E-1,-9.799524307E0,-2.642726600E-1
5.376627614E0,3.430998027E-1,-9.797859192E0,-2.337137163E-1
5.396895843E0,4.125170410E-1,-9.796086311E0,-1.920807511E-1
5.417164124E0,4.751615822E-1,-9.793598175E0,-1.733430773E-1
5.437432353E0,6.102064252E-1,-9.784732819E0,-2.388442457E-1
5.457700582E0,8.776205778E-1,-9.759634972E0,-3.868970275E-1
5.477968864E0,1.103683352E0,-9.730293274E0,-5.231233239E-1
5.498237093E0,1.147716165E0,-9.721038818E0,-5.954233408E-1
5.518505322E0,1.136221647E0,-9.716047287E0,-6.912346482E-1
5.538773603E0,1.148116946E0,-9.709482193E0,-7.603701353E-1
5.559041832E0,1.083870888E0,-9.715219498E0,-7.810955644E-1
5.579310061E0,9.884830713E-1,-9.721722603E0,-8.254679441E-1
5.599578291E0,9.401882291E-1,-9.722206116E0,-8.747273088E-1
5.619846572E0,9.072598219E-1,-9.719466209E0,-9.376831651E-1
5.640114801E0,8.580498695E-1,-9.717156410E0,-1.005479813E0
5.660383030E0,7.806534171E-1,-9.723531723E0,-1.006920576E0
5.680651259E0,7.128129601E-1,-9.740107536E0,-8.902779222E-1
5.700919541E0,6.914141774E-1,-9.761263847E0,-6.403668523E-1
5.721187770E0,6.851716042E-1,-9.777654648E0,-3.136600852E-1
5.741455999E0,6.756389141E-1,-9.783347130E0,2.517960267E-3
5.761724228E0,6.773450971E-1,-9.780349731E0,2.373522818E-1
5.781992457E0,7.024887204E-1,-9.774527550E0,3.681120276E-1
5.802260686E0,7.304952145E-1,-9.770204544E0,4.240914881E-1
5.822528916E0,7.445139885E-1,-9.767937660E0,4.510993361E-1
5.842797145E0,7.568234205E-1,-9.766425133E0,4.631892145E-1
5.863065426E0,7.766154408E-1,-9.765148163E0,4.573297799E-1
5.883333655E0,7.911462784E-1,-9.764800072E0,4.395076931E-1
5.903733655E0,7.793470025E-1,-9.766746521E0,4.167419374E-1
5.923870114E0,7.594900727E-1,-9.769785881E0,3.805917501E-1
5.944138343E0,7.440586090E-1,-9.772974014E0,3.251973391E-1
5.964406572E0,7.301852703E-1,-9.775106430E0,2.907266319E-1
5.984674801E0,7.107911706E-1,-9.775665283E0,3.186293840E-1
6.004943030E0,6.853249073E-1,-9.774450302E0,4.010552168E-1
6.025211259E0,6.536686420E-1,-9.769892693E0,5.406594872E-1
6.045479489E0,6.251536012E-1,-9.759536743E0,7.287001610E-1
6.065747770E0,6.041056514E-1,-9.742757797E0,9.402711987E-1
6.086015947E0,5.849033594E-1,-9.720785141E0,1.155252576E0
6.106284176E0,5.660690069E-1,-9.697273254E0,1.346423030E0
6.126552405E0,5.587183237E-1,-9.678868294E0,1.475710034E0
6.146820634E0,5.715324879E-1,-9.668780327E0,1.535714746E0
6.167088864E0,5.835152268E-1,-9.668229103E0,1.534681082E0
6.187357093E0,5.710008740E-1,-9.675757408E0,1.491334677E0
6.207625322E0,5.336846113E-1,-9.686700821E0,1.432965398E0
6.227893551E0,5.231038928E-1,-9.695599556E0,1.375537038E0
6.248161780E0,5.639216304E-1,-9.702672005E0,1.307871819E0
6.268430009E0,6.055192947E-1,-9.711619377E0,1.219913721E0
6.288698239E0,6.548470259E-1,-9.720548630E0,1.119153857E0
6.308966416E0,7.125405669E-1,-9.728269577E0,1.011655569E0
6.329234697E0,7.743347883E-1,-9.734204292E0,9.033576250E-1
6.349502926E0,8.296002150E-1,-9.739111900E0,7.948791385E-1
6.369771103E0,8.775103092E-1,-9.742945671E0,6.894718409E-1
6.390039332E0,9.237588644E-1,-9.745223999E0,5.896314979E-1
6.410307561E0,9.622611403E-1,-9.746381760E0,5.024837255E-1
6.430575791E0,9.823110104E-1,-9.747680664E0,4.337782562E-1
6.450844020E0,1.005521655E0,-9.746603012E0,4.037920535E-1
6.471112249E0,1.053894281E0,-9.739829063E0,4.420662820E-1
6.491380426E0,1.115020633E0,-9.729659081E0,5.107328892E-1
6.511648655E0,1.166673422E0,-9.721117973E0,5.559981465E-1
6.531916884E0,1.204196811E0,-9.716304779E0,5.601178408E-1
6.552185114E0,1.220976233E0,-9.716118813E0,5.259637237E-1
6.572453291E0,1.225957751E0,-9.718363762E0,4.699106216E-1
6.592721468E0,1.236924529E0,-9.719752312E0,4.084508121E-1
6.612989749E0,1.251293898E0,-9.720339775E0,3.458893895E-1
6.633257926E0,1.245105028E0,-9.723267555E0,2.795827091E-1
6.653526155E0,1.202295184E0,-9.730555534E0,2.029010057E-1
6.673794384E0,1.132237792E0,-9.740481377E0,1.069647819E-1
6.694062561E0,1.049684286E0,-9.750310898E0,4.473747977E-4
6.714330791E0,9.713956118E-1,-9.757781029E0,-1.118145883E-1
6.734599020E0,9.109760523E-1,-9.761480331E0,-2.323939353E-1
6.754867197E0,8.834947944E-1,-9.759819984E0,-3.684472144E-1
6.775135426E0,9.057615995E-1,-9.751721382E0,-5.039086938E-1
6.795403603E0,9.868230820E-1,-9.739339828E0,-5.846461654E-1
6.815671832E0,1.093845963E0,-9.726413727E0,-6.089062095E-1
6.835940061E0,1.197607875E0,-9.713636398E0,-6.175673008E-1
6.856208239E0,1.271232486E0,-9.703413010E0,-6.309820414E-1
6.876476468E0,1.276987195E0,-9.700450897E0,-6.640498042E-1
6.896744593E0,1.211611390E0,-9.703809738E0,-7.338033915E-1
6.917012874E0,1.108177662E0,-9.707743645E0,-8.378870487E-1
6.937281051E0,9.972347021E-1,-9.708057404E0,-9.641221166E-1
6.957549280E0,9.183254242E-1,-9.702087402E0,-1.093884587E0
6.977817457E0,9.110097885E-1,-9.688012123E0,-1.217729926E0
6.998085686E0,9.909542203E-1,-9.664232254E0,-1.338292122E0
7.018353864E0,1.117811322E0,-9.630872726E0,-1.472134233E0
7.038622093E0,1.252047181E0,-9.592024803E0,-1.611156464E0
7.058890270E0,1.392746091E0,-9.552908897E0,-1.724115014E0
7.079158499E0,1.562328577E0,-9.514084816E0,-1.792122960E0
7.099426676E0,1.788978338E0,-9.476706505E0,-1.778192520E0
7.119694853E0,2.018903017E0,-9.475168228E0,-1.521711946E0
7.139963082E0,2.101538658E0,-9.531969070E0,-9.463040233E-1
7.160231259E0,2.088131428E0,-9.580829620E0,-1.334104985E-1
7.180499436E0,1.983441949E0,-9.574902534E0,7.467142940E-1
7.200767666E0,1.727178335E0,-9.545529366E0,1.438790321E0
7.221035843E0,1.371915936E0,-9.537406921E0,1.823758364E0
7.241435843E0,7.979825139E-1,-9.605195999E0,1.809371352E0
7.261572197E0,-5.437305197E-3,-9.692720413E0,1.490472436E0
7.281840426E0,-7.485891581E-1,-9.716417313E0,1.096015573E0
7.302108603E0,-1.421371222E0,-9.657244682E0,9.421865940E-1
7.322376832E0,-2.109719753E0,-9.513401031E0,1.102120161E0
7.342645009E0,-2.707927465E0,-9.316002846E0,1.431645989E0
7.362913186E0,-3.126800299E0,-9.116705894E0,1.810852766E0
7.383181364E0,-3.363975286E0,-8.944272041E0,2.203190804E0
7.403449541E0,-3.425017357E0,-8.827716827E0,2.551676273E0
7.423717718E0,-3.383535147E0,-8.766669273E0,2.804919958E0
7.443985947E0,-3.371961594E0,-8.712223053E0,2.982858419E0
7.464254072E0,-3.384289026E0,-8.684479713E0,3.049063206E0
7.484522301E0,-3.426537037E0,-8.683323860E0,3.004848957E0
7.504790478E0,-3.443573713E0,-8.718288422E0,2.881600618E0
7.525058655E0,-3.383716106E0,-8.804310799E0,2.684205532E0
7.545326832E0,-3.251007318E0,-8.954178810E0,2.328952789E0
7.565595009E0,-3.098970413E0,-9.123281479E0,1.825517654E0
7.585863186E0,-3.126246691E0,-9.194884300E0,1.360538244E0
7.606131364E0,-3.037532806E0,-9.277834892E0,9.303588271E-1
7.626399541E0,-2.652269363E0,-9.406848907E0,8.043938279E-1
7.646667666E0,-2.124419689E0,-9.540716171E0,7.949615121E-1
7.666935791E0,-1.500127196E0,-9.659257889E0,7.865985632E-1
7.687203968E0,-8.556053042E-1,-9.737085342E0,7.921473980E-1
7.707472145E0,-2.294377089E-1,-9.770467758E0,8.097617030E-1
7.727740322E0,3.562449515E-1,-9.765040398E0,8.291365504E-1
7.748008499E0,8.704712391E-1,-9.731669426E0,8.409937620E-1
7.768276624E0,1.293781638E0,-9.683632851E0,8.507416248E-1
7.788544801E0,1.642191410E0,-9.627401352E0,8.869851232E-1
7.808812978E0,1.906180978E0,-9.570383072E0,9.719171524E-1
7.829081155E0,2.077268839E0,-9.528227806E0,1.033539057E0
7.849349280E0,2.202894211E0,-9.508105278E0,9.558171034E-1
7.869617457E0,2.329369068E0,-9.497006416E0,7.425068617E-1
7.889885634E0,2.446120977E0,-9.477114677E0,6.092334390E-1
7.910153759E0,2.519035578E0,-9.462810516E0,5.291976929E-1
7.930421936E0,2.491139889E0,-9.473846436E0,4.591749609E-1
7.950690114E0,2.367169619E0,-9.509486198E0,3.695353568E-1
7.970958291E0,2.196602345E0,-9.554515839E0,2.378128916E-1
7.991226416E0,2.013961554E0,-9.597306252E0,7.777080685E-2
8.011494593E0,1.825978756E0,-9.634709358E0,-9.252686054E-2
8.031762718E0,1.623386025E0,-9.667869568E0,-2.594270110E-1
8.052030895E0,1.423877597E0,-9.693874359E0,-4.144523144E-1
8.072299020E0,1.274294734E0,-9.707421303E0,-5.590590239E-1
8.092567197E0,1.200302482E0,-9.707803726E0,-6.987174153E-1
8.112835322E0,1.223443627E0,-9.693292618E0,-8.447710276E-1
8.133103499E0,1.398786306E0,-9.656502724E0,-9.827260375E-1
8.153503499E0,1.622388601E0,-9.609845161E0,-1.090469360E0
8.173639801E0,1.728131175E0,-9.586793900E0,-1.130201340E0
8.193907926E0,1.727915287E0,-9.592818260E0,-1.078208089E0
8.214176103E0,1.687343836E0,-9.620580673E0,-8.761769533E-1
8.234444228E0,1.629788399E0,-9.661948204E0,-4.011638165E-1
8.254712353E0,1.536755800E0,-9.679319382E0,3.457712233E-1
8.274980530E0,1.402504325E0,-9.629661560E0,1.213671088E0
8.295248655E0,1.219107032E0,-9.521523476E0,2.006180525E0
8.315516780E0,9.704971313E-1,-9.422165871E0,2.539939642E0
8.335784905E0,5.668184757E-1,-9.424879074E0,2.649671555E0
8.356053082E0,-8.028990775E-2,-9.505712509E0,2.409432650E0
8.376321207E0,-7.280107141E-1,-9.567905426E0,2.023753166E0
8.396589332E0,-1.267092705E0,-9.548186302E0,1.843096256E0
8.416857457E0,-1.787440062E0,-9.425640106E0,2.032923698E0
8.437125582E0,-2.273428917E0,-9.228650093E0,2.415353298E0
8.457393707E0,-2.642090559E0,-9.018748283E0,2.802124023E0
8.477661832E0,-2.901551723E0,-8.827448845E0,3.134889841E0
8.497929957E0,-3.087044001E0,-8.679718971E0,3.361996412E0
8.518198134E0,-3.231597424E0,-8.590835571E0,3.453220367E0
8.538466259E0,-3.276641369E0,-8.567524910E0,3.468648434E0
8.558734384E0,-3.204512835E0,-8.605408669E0,3.442155600E0
8.579002509E0,-3.073633194E0,-8.676597595E0,3.382280111E0
8.599270582E0,-2.910861015E0,-8.768918991E0,3.286842108E0
8.619538707E0,-2.709989071E0,-8.887919426E0,3.135478735E0
8.639806832E0,-2.512908459E0,-9.033427238E0,2.872780561E0
8.660074957E0,-2.454398394E0,-9.181012154E0,2.419779778E0
8.680343082E0,-2.529166937E0,-9.310096741E0,1.759493828E0
8.700611207E0,-2.381578445E0,-9.421641350E0,1.315732718E0
8.720879332E0,-1.990683198E0,-9.519378662E0,1.260554552E0
8.741147405E0,-1.444581509E0,-9.615003586E0,1.278775215E0
8.761415530E0,-8.495086432E-1,-9.693534851E0,1.218235731E0
8.781683655E0,-2.723200917E-1,-9.739198685E0,1.115450859E0
8.801951728E0,2.668543458E-1,-9.754601479E0,9.730967879E-1
8.822219853E0,7.621288300E-1,-9.745916367E0,7.788760662E-1
8.842487978E0,1.204910994E0,-9.717248917E0,5.419005156E-1
8.862756103E0,1.580339313E0,-9.673858643E0,2.989466488E-1
8.883024176E0,1.900441408E0,-9.619920731E0,1.258261949E-1
8.903424176E0,2.153922558E0,-9.566895485E0,7.426405698E-2
8.923560374E0,2.319229364E0,-9.527676582E0,1.222570837E-1
8.943828499E0,2.437672853E0,-9.497524261E0,1.585986912E-1
8.964096572E0,2.519793272E0,-9.477103233E0,7.426006347E-2
8.984364697E0,2.559816599E0,-9.465847969E0,-1.242306530E-1
9.004632770E0,2.557792664E0,-9.461428642E0,-3.308452666E-1
9.024900895E0,2.536737442E0,-9.462692261E0,-4.391043782E-1
9.045168968E0,2.491272688E0,-9.474061966E0,-4.539695084E-1
9.065437093E0,2.397510052E0,-9.499499321E0,-4.264435172E-1
9.085705166E0,2.254167795E0,-9.535560608E0,-4.027320445E-1
9.105973239E0,2.089309692E0,-9.573294640E0,-3.964724839E-1
9.126241364E0,1.931969047E0,-9.606031418E0,-4.025461674E-1
9.146509436E0,1.790928125E0,-9.632417679E0,-4.236765504E-1
9.166777509E0,1.663351417E0,-9.652896881E0,-4.745761156E-1
9.187045582E0,1.543210745E0,-9.667708397E0,-5.694675446E-1
9.207313707E0,1.435337663E0,-9.675811768E0,-6.991831660E-1
9.227581780E0,1.368685603E0,-9.673172951E0,-8.525379896E-1
9.247849853E0,1.396275520E0,-9.652372360E0,-1.025918245E0
9.268117926E0,1.544012547E0,-9.609718323E0,-1.199884653E0
9.288386051E0,1.719547033E0,-9.563295364E0,-1.325493097E0
9.308654124E0,1.835916638E0,-9.536004066E0,-1.365432978E0
9.328922145E0,1.910712481E0,-9.529417992E0,-1.307575822E0
9.349190270E0,1.970403433E0,-9.537256241E0,-1.152667999E0
9.369458343E0,1.947934747E0,-9.575132370E0,-8.323389292E-1
9.389726416E0,1.883393288E0,-9.622014999E0,-2.000816464E-1
9.409994489E0,1.797019482E0,-9.611689568E0,7.460110784E-1
9.430262561E0,1.626788259E0,-9.503330231E0,1.791832089E0
9.450530634E0,1.381486177E0,-9.344383240E0,2.635221720E0
9.470798707E0,1.050706029E0,-9.293909073E0,2.947823524E0
9.491066780E0,5.258545876E-1,-9.430241585E0,2.639016151E0
9.511334853E0,-1.282321364E-1,-9.581741333E0,2.084268332E0
9.531602926E0,-6.781378388E-1,-9.632596016E0,1.709855914E0
9.551870999E0,-1.193565488E0,-9.576683044E0,1.741528511E0
9.572139072E0,-1.702207446E0,-9.439759254E0,2.040540457E0
9.592407145E0,-2.130718946E0,-9.279951096E0,2.347961426E0
9.612807145E0,-2.439462900E0,-9.141126633E0,2.580541611E0
9.632943239E0,-2.592002869E0,-9.038930893E0,2.783818007E0
9.653211259E0,-2.631807566E0,-8.963726997E0,2.982545137E0
9.673479384E0,-2.598238945E0,-8.920216560E0,3.138357162E0
9.693747457E0,-2.592605591E0,-8.913434029E0,3.162195921E0
9.714015530E0,-2.591343641E0,-8.954676628E0,3.044518948E0
9.734283603E0,-2.523875475E0,-9.044819832E0,2.826954126E0
9.754551624E0,-2.411535025E0,-9.160119057E0,2.539113998E0
9.774819645E0,-2.374683619E0,-9.260523796E0,2.184940100E0
9.795087770E0,-2.535241842E0,-9.336972237E0,1.601207972E0
9.815355843E0,-2.512786150E0,-9.431755066E0,9.477809668E-1
9.835623916E0,-2.325977564E0,-9.503861427E0,6.609276533E-1
9.855891989E0,-2.018999338E0,-9.575779915E0,6.312348843E-1
9.876160009E0,-1.562249064E0,-9.657172203E0,6.846876740E-1
9.896428082E0,-1.011797905E0,-9.726761818E0,7.326415777E-1
9.916696103E0,-4.542419910E-1,-9.768527031E0,7.347994447E-1
9.936964176E0,6.558329612E-2,-9.783809662E0,6.656944156E-1
9.957232249E0,6.029564738E-1,-9.775009155E0,5.059877038E-1
9.977500270E0,1.188228011E0,-9.730298042E0,2.824623883E-1
9.997768343E0,1.792758107E0,-9.641042709E0,8.189194649E-2
1.001803636E1,2.321708679E0,-9.527854919E0,-5.351224449E-3
1.003830444E1,2.660898924E0,-9.438496590E0,6.914552301E-2
1.005857251E1,2.777394533E0,-9.401964188E0,2.439967990E-1
1.007884053E1,2.793253422E0,-9.393432617E0,3.626952171E-1
1.009910860E1,2.816152334E0,-9.388920784E0,2.963763177E-1
1.011937662E1,2.845717669E0,-9.384114265E0,1.032747775E-1
1.013964464E1,2.848413944E0,-9.383731842E0,-5.000808090E-2
1.015991272E1,2.791849375E0,-9.400232315E0,-1.076657549E-1
1.018018074E1,2.682490587E0,-9.431982040E0,-1.111359149E-1
1.020044876E1,2.536929607E0,-9.472214699E0,-1.073788851E-1
1.022071683E1,2.379661083E0,-9.512942314E0,-1.073876694E-1
1.024098485E1,2.230819941E0,-9.549054146E0,-9.697142988E-2
1.026125287E1,2.096421003E0,-9.579607964E0,-8.074840158E-2
1.028152095E1,1.976679325E0,-9.604950905E0,-8.970537782E-2
1.030178897E1,1.873081923E0,-9.625184059E0,-1.333186030E-1
1.032205699E1,1.775638938E0,-9.642347336E0,-2.064690441E-1
1.034232501E1,1.702897191E0,-9.652338028E0,-3.207823336E-1
1.036259308E1,1.680120945E0,-9.649896622E0,-4.765360653E-1
1.038286110E1,1.720984817E0,-9.631196022E0,-6.698217392E-1
1.040312912E1,1.817124486E0,-9.597206116E0,-8.729736209E-1
1.042339715E1,1.902471066E0,-9.562337875E0,-1.054843187E0
1.044366517E1,1.948030949E0,-9.533953667E0,-1.216262102E0
1.046393324E1,1.930332780E0,-9.522730827E0,-1.327323437E0
1.048420126E1,1.886467457E0,-9.535262108E0,-1.300148964E0
1.050446928E1,1.893506169E0,-9.567855835E0,-1.020368338E0
1.052473730E1,1.940190196E0,-9.602631569E0,-4.421845675E-1
1.054500532E1,1.953531504E0,-9.602228165E0,3.889916241E-1
1.056527334E1,1.882873654E0,-9.536693573E0,1.294854641E0
1.058554136E1,1.717032671E0,-9.431724548E0,2.065126896E0
1.060580938E1,1.465787053E0,-9.360049248E0,2.532059908E0
1.062607740E1,1.116398454E0,-9.435749054E0,2.427076101E0
1.064634543E1,4.792838395E-1,-9.598723412E0,1.950690389E0
1.066661345E1,-2.476735562E-1,-9.684769630E0,1.521276593E0
1.068688147E1,-7.440206409E-1,-9.670090675E0,1.451265097E0
1.070714949E1,-1.126718521E0,-9.588104248E0,1.723122239E0
1.072741751E1,-1.486257434E0,-9.453832626E0,2.141608953E0
1.074768553E1,-1.866131306E0,-9.299530029E0,2.491320133E0
1.076795355E1,-2.253501654E0,-9.150780678E0,2.712069750E0
1.078822157E1,-2.578321934E0,-9.011123657E0,2.884841681E0
1.080848959E1,-2.795695066E0,-8.885513306E0,3.066289902E0
1.082875761E1,-2.909401655E0,-8.797688484E0,3.210364580E0
1.084902563E1,-2.906220675E0,-8.767669678E0,3.294271946E0
1.086929366E1,-2.816135883E0,-8.785451889E0,3.324995518E0
1.088956168E1,-2.684463024E0,-8.835070610E0,3.302357197E0
1.090982970E1,-2.527718067E0,-8.904251099E0,3.239650965E0
1.093009772E1,-2.447317123E0,-8.967477798E0,3.124959707E0
1.095036574E1,-2.579012871E0,-9.038269997E0,2.797991991E0
1.097063376E1,-2.755683661E0,-9.174720764E0,2.097879171E0
1.099090178E1,-2.756812334E0,-9.278388023E0,1.575401306E0
1.101116980E1,-2.551172018E0,-9.359263420E0,1.437387109E0
1.103143782E1,-2.207837105E0,-9.450098038E0,1.411200047E0
1.105170584E1,-1.802006006E0,-9.544947624E0,1.348011971E0
1.107197386E1,-1.332910776E0,-9.637079239E0,1.233069301E0
1.109224188E1,-8.175482154E-1,-9.714654922E0,1.061821222E0
1.111250991E1,-2.547223568E-1,-9.769404411E0,8.150166273E-1
1.113277793E1,3.514848351E-1,-9.789610863E0,4.586620331E-1
1.115304590E1,9.559372067E-1,-9.759828568E0,4.798077419E-2
1.117331392E1,1.514572144E0,-9.684410095E0,-2.977487147E-1
1.119358194E1,2.004642248E0,-9.589485168E0,-4.399707615E-1
1.121384996E1,2.348869085E0,-9.516467094E0,-3.000968099E-1
1.123411793E1,2.512304544E0,-9.479267120E0,4.701112211E-2
1.125438600E1,2.568517923E0,-9.457740784E0,3.524483740E-1
1.127465402E1,2.598789930E0,-9.451211929E0,3.021202683E-1
1.129492204E1,2.619101286E0,-9.450428963E0,-9.320823476E-3
1.131519001E1,2.576681137E0,-9.456859589E0,-3.145252466E-1
1.133545808E1,2.482249975E0,-9.476327896E0,-4.561195970E-1
1.135572610E1,2.370982170E0,-9.505812645E0,-4.339915514E-1
1.137599407E1,2.261170864E0,-9.536293983E0,-3.414560854E-1
1.139626209E1,2.156539440E0,-9.563121796E0,-2.577122152E-1
1.141653011E1,2.050878763E0,-9.587421417E0,-2.136309147E-1
1.143679813E1,1.932732821E0,-9.612180710E0,-2.022452354E-1
1.145706616E1,1.841156363E0,-9.630287170E0,-1.951945722E-1
1.147733418E1,1.807619691E0,-9.636958122E0,-1.787076592E-1
1.149760214E1,1.801407695E0,-9.638222694E0,-1.731269062E-1
1.151787017E1,1.773764968E0,-9.641974449E0,-2.376403809E-1
1.153813819E1,1.718596458E0,-9.645306587E0,-4.299620390E-1
1.155840621E1,1.645836234E0,-9.640050888E0,-7.287172079E-1
1.157867418E1,1.548995256E0,-9.628942490E0,-1.026874661E0
1.159894220E1,1.472465634E0,-9.612204552E0,-1.267973900E0
1.161921022E1,1.484859824E0,-9.586322784E0,-1.438054919E0
1.163947819E1,1.551214337E0,-9.560495377E0,-1.536573052E0
1.165974621E1,1.605130315E0,-9.548842430E0,-1.553564072E0
1.168001423E1,1.621228814E0,-9.560620308E0,-1.461691499E0
1.170028225E1,1.579178333E0,-9.597005844E0,-1.254612923E0
1.172055022E1,1.500735164E0,-9.650354385E0,-8.881688118E-1
1.174095022E1,1.439677238E0,-9.694736481E0,-3.313569725E-1
1.176108626E1,1.384604573E0,-9.701581001E0,3.641184270E-1
1.178135423E1,1.309017181E0,-9.655625343E0,1.107137442E0
1.180162225E1,1.176874876E0,-9.568967819E0,1.794492364E0
1.182189022E1,9.755119085E-1,-9.477265358E0,2.323832273E0
1.184215829E1,7.061496973E-1,-9.462468147E0,2.476576805E0
1.186255829E1,3.792712986E-1,-9.570073128E0,2.107189417E0
1.188269428E1,-7.197252661E-2,-9.610239029E0,1.951539874E0
1.190309428E1,-5.828225017E-1,-9.540382385E0,2.193588257E0
1.192323027E1,-1.217492819E0,-9.375275612E0,2.606208086E0
1.194349829E1,-1.894569993E0,-9.148063660E0,2.982267141E0
1.196376631E1,-2.509377241E0,-8.917308807E0,3.217920780E0
1.198403428E1,-2.921413183E0,-8.702141762E0,3.450866461E0
1.200430230E1,-3.113652468E0,-8.526885986E0,3.710495710E0
1.202457027E1,-3.192144156E0,-8.402821541E0,3.920864582E0
1.204483829E1,-3.160270691E0,-8.351409912E0,4.054262161E0
1.206510626E1,-3.073140144E0,-8.353102684E0,4.117264271E0
1.208537428E1,-2.971120358E0,-8.409090996E0,4.077993393E0
1.210564225E1,-2.874881744E0,-8.514011383E0,3.926454306E0
1.212591027E1,-2.870886087E0,-8.633241653E0,3.659992933E0
1.214617829E1,-3.065517664E0,-8.727046967E0,3.257548571E0
1.216644626E1,-3.401154280E0,-8.848018646E0,2.512986898E0
1.218671428E1,-3.529263735E0,-8.965875626E0,1.824216604E0
1.220698225E1,-3.392040730E0,-9.069407463E0,1.552513599E0
1.222725027E1,-3.111276865E0,-9.176383018E0,1.511397481E0
1.224751824E1,-2.809072495E0,-9.267146111E0,1.549030066E0
1.226778626E1,-2.486702442E0,-9.360128403E0,1.541005611E0
1.228805423E1,-2.110765696E0,-9.474627495E0,1.395172119E0
1.230832220E1,-1.671585083E0,-9.598805428E0,1.113167405E0
1.232858626E1,-1.159807563E0,-9.711310387E0,7.181128263E-1
1.234881959E1,-6.314916611E-1,-9.783189774E0,2.465561628E-1
1.236912668E1,-1.649836153E-1,-9.803638458E0,-1.784412414E-1
1.238939465E1,2.288791388E-1,-9.795219421E0,-4.143437445E-1
1.240966251E1,5.714302659E-1,-9.780392647E0,-4.333354831E-1
1.242993043E1,8.872354627E-1,-9.761999130E0,-2.942579687E-1
1.245019834E1,1.175711513E0,-9.735596657E0,-7.909344137E-2
1.247046631E1,1.420534968E0,-9.702361107E0,1.290651709E-1
1.249073423E1,1.595879197E0,-9.673766136E0,2.044905871E-1
1.251100214E1,1.690706015E0,-9.659543037E0,7.163952291E-2
1.253127017E1,1.728536367E0,-9.651786804E0,-1.598776728E-1
1.255153808E1,1.734938145E0,-9.646030426E0,-3.383534551E-1
1.257180605E1,1.732614040E0,-9.643815994E0,-4.065214694E-1
1.259207402E1,1.720784783E0,-9.646544456E0,-3.917373717E-1
1.261234204E1,1.682490110E0,-9.654747009E0,-3.542400599E-1
1.263261001E1,1.600670815E0,-9.669257164E0,-3.372069597E-1
1.265300996E1,1.469097972E0,-9.689484596E0,-3.549995124E-1
1.267314600E1,1.310526013E0,-9.710615158E0,-3.960557282E-1
1.269341397E1,1.170210242E0,-9.726544380E0,-4.419623613E-1
1.271368194E1,1.084928513E0,-9.734386444E0,-4.848183095E-1
1.273394996E1,1.042310953E0,-9.737015724E0,-5.239395499E-1
1.275421793E1,9.867321253E-1,-9.739945412E0,-5.746413469E-1
1.277448590E1,9.101601243E-1,-9.742205620E0,-6.568277478E-1
1.279475386E1,8.311887383E-1,-9.740958214E0,-7.702198625E-1
1.281502178E1,7.733531594E-1,-9.733317375E0,-9.137087464E-1
1.283528980E1,7.510436177E-1,-9.717843056E0,-1.081595421E0
1.285555777E1,7.755587697E-1,-9.695214272E0,-1.253683090E0
1.287582574E1,8.518914580E-1,-9.670408249E0,-1.388473034E0
1.289609371E1,9.537726045E-1,-9.650598526E0,-1.458302617E0
1.291636168E1,1.081047416E0,-9.637591362E0,-1.455528498E0
1.293662964E1,1.247580171E0,-9.631525040E0,-1.359286308E0
1.295689761E1,1.408341289E0,-9.643307686E0,-1.092512250E0
1.297729761E1,1.464545727E0,-9.673733711E0,-6.666098833E-1
1.299743355E1,1.370569348E0,-9.709478378E0,-1.339627653E-1
1.301770152E1,1.141974211E0,-9.727599144E0,4.899854660E-1
1.303796949E1,8.496231437E-1,-9.692904472E0,1.223163366E0
1.305823746E1,5.371670723E-1,-9.609148979E0,1.883108020E0
1.307850543E1,2.470090538E-1,-9.534892082E0,2.279299498E0
1.309877340E1,-2.172931796E-3,-9.523354530E0,2.340107679E0
1.311904136E1,-2.492759377E-1,-9.595950127E0,2.006486893E0
1.313930933E1,-5.727162361E-1,-9.668189049E0,1.538993716E0
1.315957730E1,-1.094770193E0,-9.625843048E0,1.521520615E0
1.317984527E1,-1.847902536E0,-9.453781128E0,1.838928819E0
1.320011324E1,-2.611869574E0,-9.190117836E0,2.211398125E0
1.322038116E1,-3.222744226E0,-8.908184052E0,2.535459042E0
1.324064912E1,-3.669837475E0,-8.610014915E0,2.927511692E0
1.326091709E1,-3.931824446E0,-8.312866211E0,3.406963348E0
1.328118506E1,-4.129958630E0,-8.032116890E0,3.820853710E0
1.330145303E1,-4.356153488E0,-7.836893559E0,3.972077608E0
1.332178699E1,-4.327466011E0,-7.793701172E0,4.086766720E0
1.334218699E1,-4.092508316E0,-7.868275166E0,4.184736252E0
1.336225688E1,-3.910956383E0,-7.969112396E0,4.167500973E0
1.338252485E1,-3.792201519E0,-8.077553749E0,4.067274570E0
1.340279282E1,-3.728904963E0,-8.160504341E0,3.958762646E0
1.342306074E1,-3.767797232E0,-8.174355507E0,3.892814875E0
1.344332871E1,-3.936640024E0,-8.140776634E0,3.794864893E0
1.346359668E1,-4.039690018E0,-8.170289993E0,3.619066954E0
1.348386464E1,-4.010670662E0,-8.313161850E0,3.313039303E0
1.350413256E1,-4.010455608E0,-8.498141289E0,2.805034876E0
1.352440053E1,-4.011483192E0,-8.623199463E0,2.391407490E0
1.354466850E1,-3.881744385E0,-8.709821701E0,2.289423227E0
1.356493647E1,-3.619104147E0,-8.809747696E0,2.336840153E0
1.358520438E1,-3.383446217E0,-8.913449287E0,2.296322584E0
1.360547235E1,-3.170017719E0,-9.024369240E0,2.163827896E0
1.362574032E1,-2.913454771E0,-9.161695480E0,1.935328603E0
1.364600824E1,-2.615740299E0,-9.315554619E0,1.596478939E0
1.366627621E1,-2.280903101E0,-9.461526871E0,1.203065634E0
1.368654412E1,-1.932438612E0,-9.578345299E0,8.314822316E-1
1.370681209E1,-1.575788498E0,-9.663204193E0,5.565634966E-1
1.372708006E1,-1.193579912E0,-9.725155830E0,4.087912738E-1
1.374734803E1,-7.666059136E-1,-9.770048141E0,3.589903116E-1
1.376761600E1,-2.938282788E-1,-9.796128273E0,3.463179767E-1
1.378788392E1,2.271546870E-1,-9.798209190E0,3.374776244E-1
1.380815188E1,7.650243640E-1,-9.771352768E0,3.252528310E-1
1.382841985E1,1.208236933E0,-9.727845192E0,2.821148336E-1
1.384868777E1,1.505499482E0,-9.688456535E0,1.940871328E-1
1.386895574E1,1.630149961E0,-9.669903755E0,7.716767490E-2
1.388935574E1,1.623172283E0,-9.671371460E0,-1.625161432E-2
1.390949162E1,1.638431787E0,-9.668660164E0,-5.432199314E-2
1.392975959E1,1.691154480E0,-9.659591675E0,-5.185807124E-2
1.395002756E1,1.745074153E0,-9.650029182E0,-4.505477473E-2
1.397029548E1,1.775391221E0,-9.644465446E0,-5.160043761E-2
1.399056345E1,1.773730397E0,-9.644680977E0,-6.632356346E-2
1.401083142E1,1.741757989E0,-9.650435448E0,-7.587207109E-2
1.403109933E1,1.679880857E0,-9.661448479E0,-6.930110604E-2
1.405136730E1,1.590538144E0,-9.676639557E0,-5.672819167E-2
1.407163527E1,1.472826362E0,-9.695250511E0,-5.737797916E-2
1.409190720E1,1.331931353E0,-9.715404510E0,-8.530820906E-2
1.411220964E1,1.180900574E0,-9.734361649E0,-1.343844980E-1
1.413243850E1,1.033579230E0,-9.750327110E0,-1.822413951E-1
1.415270662E1,9.041056633E-1,-9.762562752E0,-2.129511386E-1
1.417297464E1,8.047988415E-1,-9.770997047E0,-2.243132442E-1
1.419324267E1,7.393853664E-1,-9.776064873E0,-2.286033928E-1
1.421351063E1,7.027177215E-1,-9.778232574E0,-2.504688501E-1
1.423377866E1,6.837272048E-1,-9.777749062E0,-3.138590455E-1
1.425404668E1,6.700201035E-1,-9.774501801E0,-4.249283671E-1
1.427431464E1,6.448882222E-1,-9.769546509E0,-5.572007298E-1
1.429458261E1,5.804255605E-1,-9.766960144E0,-6.633031368E-1
1.431485048E1,4.569208026E-1,-9.770660400E0,-7.041288018E-1
1.433511860E1,2.909767628E-1,-9.781501770E0,-6.387032866E-1
1.435538657E1,1.247561947E-1,-9.795933723E0,-4.410237074E-1
1.437565449E1,1.681757532E-2,-9.805463791E0,-1.515928954E-1
1.439592246E1,3.456860082E-3,-9.805978775E0,1.146912649E-1
1.441619037E1,-1.508721849E-3,-9.801478386E0,3.184563518E-1
1.443645834E1,-8.963364363E-2,-9.794225693E0,4.852649271E-1
1.445672626E1,-2.177795172E-1,-9.784370422E0,6.237574816E-1
1.447699423E1,-3.270717859E-1,-9.773309708E0,7.388044000E-1
1.449726220E1,-4.025952518E-1,-9.753770828E0,9.339462519E-1
1.451753011E1,-5.085988641E-1,-9.714809418E0,1.238625288E0
1.453779808E1,-5.832782984E-1,-9.663651466E0,1.563336253E0
1.455806600E1,-5.563072562E-1,-9.605375290E0,1.896750808E0
1.457833397E1,-4.791063964E-1,-9.539997101E0,2.220201015E0
1.459860188E1,-3.781816065E-1,-9.476776123E0,2.493608236E0
1.461886980E1,-2.310964018E-1,-9.419381142E0,2.718869448E0
1.463913777E1,-2.836269327E-2,-9.363568306E0,2.914304733E0
1.465940574E1,1.601099372E-1,-9.312164307E0,3.070559740E0
1.467967366E1,2.463540286E-1,-9.288863182E0,3.134758711E0
1.469994157E1,2.006434798E-1,-9.300958633E0,3.101985455E0
1.472020954E1,8.157180250E-2,-9.336763382E0,2.998096943E0
1.474047751E1,9.053053334E-3,-9.386650085E0,2.839206934E0
1.476074543E1,2.300221846E-2,-9.440046310E0,2.656200171E0
1.478101334E1,6.262186170E-2,-9.492096901E0,2.463040590E0
1.480128131E1,9.834223241E-2,-9.545001984E0,2.248032093E0
1.482161527E1,1.510313749E-1,-9.594063759E0,2.025220156E0
1.484201527E1,2.031704485E-1,-9.629028320E0,1.846867085E0
1.486208511E1,2.209976017E-1,-9.651332855E0,1.724335909E0
1.488235303E1,1.641950458E-1,-9.669034004E0,1.628867388E0
1.490275303E1,3.759147599E-2,-9.684882164E0,1.540142775E0
1.492288892E1,-1.177947670E-1,-9.692865372E0,1.484883308E0
1.494315683E1,-2.653687894E-1,-9.668982506E0,1.615777254E0
1.496342480E1,-2.802650332E-1,-9.613308907E0,1.917324305E0
1.498369272E1,-1.226091385E-1,-9.574505806E0,2.117589474E0
1.500396069E1,3.849177063E-2,-9.587792397E0,2.059891224E0
1.502422860E1,7.253394276E-2,-9.630860329E0,1.847067356E0
1.504449652E1,-2.656556480E-2,-9.669429779E0,1.634564757E0
1.506476444E1,-1.277976483E-1,-9.693807602E0,1.477893829E0
1.508503241E1,-1.681886911E-1,-9.705404282E0,1.395435095E0
1.510530032E1,-1.272068620E-1,-9.706872940E0,1.389540076E0
1.512556829E1,-5.145119969E-3,-9.695299149E0,1.473617315E0
1.514583621E1,1.337414831E-1,-9.668788910E0,1.633104444E0
1.516610412E1,2.328806370E-1,-9.636781693E0,1.802386403E0
1.518637209E1,2.942268550E-1,-9.620041847E0,1.881120443E0
1.520664001E1,3.301060200E-1,-9.640978813E0,1.764359593E0
1.522690793E1,3.409054279E-1,-9.691506386E0,1.459067464E0
1.524717590E1,3.520803154E-1,-9.738202095E0,1.101750851E0
1.526744381E1,3.576779366E-1,-9.768452644E0,7.872654200E-1
1.528771173E1,3.479996324E-1,-9.785491943E0,5.416913033E-1
1.530797965E1,3.218582273E-1,-9.794921875E0,3.553832173E-1
1.532824761E1,2.899411023E-1,-9.800521851E0,1.899510920E-1
1.534851553E1,2.727387547E-1,-9.802852631E0,-8.740999736E-3
1.536878345E1,2.586020827E-1,-9.799129486E0,-2.838486433E-1
1.538905136E1,2.342873067E-1,-9.782152176E0,-6.519203186E-1
1.540931928E1,1.939802170E-1,-9.743956566E0,-1.089985609E0
1.542958725E1,1.216671541E-1,-9.683234215E0,-1.546138883E0
1.544985517E1,4.799890798E-3,-9.634582520E0,-1.828981876E0
1.547012308E1,-1.259226948E-1,-9.642977715E0,-1.779753923E0
1.549039100E1,-2.139550298E-1,-9.666402817E0,-1.638676405E0
1.551065892E1,-2.818435729E-1,-9.681521416E0,-1.535935044E0
1.553092688E1,-3.102558255E-1,-9.692136765E0,-1.461715937E0
1.555119480E1,-2.301214486E-1,-9.708622932E0,-1.363844395E0
1.557146272E1,-5.785189103E-3,-9.731395721E0,-1.212551236E0
1.559173063E1,2.569051981E-1,-9.754126549E0,-9.805067182E-1
1.561199860E1,4.497368038E-1,-9.774552345E0,-6.528869867E-1
1.563226652E1,5.994287729E-1,-9.786201477E0,-2.032941133E-1
1.565253444E1,7.702511549E-1,-9.771086693E0,3.208863139E-1
1.567280235E1,8.911690116E-1,-9.734292984E0,7.872376442E-1
1.569307027E1,8.573237658E-1,-9.700663567E0,1.154346943E0
1.571333819E1,7.197897434E-1,-9.669507980E0,1.467275143E0
1.573360610E1,5.529400706E-1,-9.638070107E0,1.724019408E0
1.575387402E1,4.101714492E-1,-9.614055634E0,1.889996409E0
1.577414194E1,2.966734171E-1,-9.605365753E0,1.954311252E0
1.579440985E1,1.708442122E-1,-9.615496635E0,1.919228792E0
1.581467772E1,-1.396661401E-1,-9.633722305E0,1.828189135E0
1.583494569E1,-7.618331313E-1,-9.615590096E0,1.769304514E0
1.585521360E1,-1.454255700E0,-9.529359818E0,1.801897883E0
1.587548152E1,-2.113736391E0,-9.389340401E0,1.882231236E0
1.589574949E1,-2.694592237E0,-9.222040176E0,1.965582252E0
1.591601741E1,-3.146461725E0,-9.046930313E0,2.103149891E0
1.593628527E1,-3.444685936E0,-8.873984337E0,2.357313156E0
1.595655324E1,-3.606199026E0,-8.718708038E0,2.673921347E0
1.597682110E1,-3.715188265E0,-8.598229408E0,2.904862404E0
1.599708902E1,-3.792725325E0,-8.536216736E0,2.986407757E0
1.601735694E1,-3.771757126E0,-8.540876389E0,2.999612570E0
1.603762485E1,-3.670728207E0,-8.587469101E0,2.991908312E0
1.605789277E1,-3.545658588E0,-8.651630402E0,2.957699776E0
1.607816069E1,-3.410671949E0,-8.738850594E0,2.858353853E0
1.609842860E1,-3.222907782E0,-8.858689308E0,2.703124523E0
1.611869652E1,-2.940026522E0,-9.014492035E0,2.503113270E0
1.613896444E1,-2.598964453E0,-9.191402435E0,2.221234083E0
1.615923235E1,-2.358845234E0,-9.318806648E0,1.940644741E0
1.617950027E1,-2.097644806E0,-9.403388977E0,1.829356313E0
1.619976819E1,-1.647322416E0,-9.484760284E0,1.869769335E0
1.622003610E1,-1.177104115E0,-9.562981606E0,1.825983524E0
1.624043610E1,-7.185958624E-1,-9.631616592E0,1.698813319E0
1.626057194E1,-2.483297735E-1,-9.673599243E0,1.590663314E0
1.628083985E1,2.200282216E-1,-9.692599297E0,1.474957466E0
1.630110772E1,6.250579357E-1,-9.704810143E0,1.263460159E0
1.632144168E1,9.653331637E-1,-9.713414192E0,9.423920512E-1
1.634183959E1,1.233780265E0,-9.712080002E0,5.689175725E-1
1.636205886E1,1.463722229E0,-9.693242073E0,2.626328766E-1
1.638217157E1,1.694895864E0,-9.658417702E0,1.126082763E-1
1.640244100E1,1.925069094E0,-9.615053177E0,1.235577911E-1
1.642270886E1,2.122877121E0,-9.571390152E0,2.286134213E-1
1.644298340E1,2.233621359E0,-9.542940140E0,3.370804787E-1
1.646325126E1,2.217771530E0,-9.545763016E0,3.609371185E-1
1.648351912E1,2.111334324E0,-9.573231697E0,2.566703260E-1
1.650378694E1,2.009474993E0,-9.597973824E0,1.063046083E-1
1.652405480E1,1.922232032E0,-9.616408348E0,9.934322909E-3
1.654432267E1,1.817082644E0,-9.636828423E0,-1.187722571E-2
1.656459058E1,1.682910681E0,-9.661170006E0,1.236706506E-3
1.658485845E1,1.539005399E0,-9.685127258E0,1.296347100E-2
1.660512631E1,1.415140152E0,-9.704000473E0,1.151877921E-2
1.662539423E1,1.335462213E0,-9.715292931E0,-2.374507254E-3
1.664566214E1,1.307181001E0,-9.719130516E0,-1.339865196E-2
1.666589074E1,1.317574978E0,-9.717733383E0,-6.426399574E-3
1.668627730E1,1.371960521E0,-9.710200310E0,1.053692494E-2
1.670662381E1,1.470900774E0,-9.695701599E0,1.458774321E-2
1.672689178E1,1.567621469E0,-9.680490494E0,-3.239605948E-2
1.674700235E1,1.605374694E0,-9.673210144E0,-1.489023417E-1
1.676727011E1,1.560814500E0,-9.676382065E0,-3.191996813E-1
1.678767011E1,1.451642513E0,-9.685288429E0,-5.082451701E-1
1.680780574E1,1.340441227E0,-9.690447807E0,-6.847123504E-1
1.682806032E1,1.269478917E0,-9.687642097E0,-8.416708708E-1
1.684833678E1,1.266301155E0,-9.675679207E0,-9.737083912E-1
1.686860454E1,1.345749021E0,-9.655035973E0,-1.067529559E0
1.688900548E1,1.496709347E0,-9.630352974E0,-1.089294791E0
1.690914194E1,1.729347467E0,-9.601399422E0,-9.964375496E-1
1.692941043E1,2.003251791E0,-9.564131737E0,-8.274958730E-1
1.694967876E1,2.208353281E0,-9.534938812E0,-6.152212024E-1
1.696994699E1,2.288234472E0,-9.529155731E0,-3.599433005E-1
1.699021522E1,2.212489605E0,-9.553727150E0,3.946752846E-2
1.701048334E1,2.085817575E0,-9.558459282E0,6.749857664E-1
1.703075142E1,1.896513343E0,-9.507853508E0,1.474562645E0
1.705101949E1,1.610710502E0,-9.414282799E0,2.224249601E0
1.707128746E1,1.288715601E0,-9.333321571E0,2.720056295E0
1.709155548E1,9.726043344E-1,-9.365910530E0,2.739370584E0
1.711182345E1,5.986710787E-1,-9.521230698E0,2.271153927E0
1.713209136E1,2.203173377E-2,-9.628761292E0,1.859266281E0
1.715249142E1,-4.817055166E-1,-9.643325806E0,1.715992332E0
1.717262725E1,-9.724637270E-1,-9.581398964E0,1.849732041E0
1.719289522E1,-1.519728541E0,-9.450698853E0,2.131919384E0
1.721316308E1,-2.001744509E0,-9.295022011E0,2.401245594E0
1.723343105E1,-2.375401497E0,-9.143189430E0,2.632477522E0
1.725369892E1,-2.630950212E0,-8.982870102E0,2.925152779E0
1.727409892E1,-2.787404060E0,-8.814705849E0,3.271349669E0
1.729423470E1,-2.907528877E0,-8.668193817E0,3.546700478E0
1.731450256E1,-3.011350393E0,-8.591208458E0,3.645998001E0
1.733477058E1,-3.040374279E0,-8.579798698E0,3.648778200E0
1.735503845E1,-3.002283335E0,-8.615323067E0,3.596230745E0
1.737530631E1,-2.907596827E0,-8.690836906E0,3.490791559E0
1.739557423E1,-2.772591352E0,-8.792187691E0,3.343734741E0
1.741584209E1,-2.684659004E0,-8.884322166E0,3.167302608E0
1.743611001E1,-2.855352640E0,-8.942734718E0,2.836344957E0
1.745637787E1,-3.108703375E0,-9.066625595E0,2.074284792E0
1.747664579E1,-3.070028543E0,-9.181794167E0,1.562040091E0
1.749691366E1,-2.707971096E0,-9.289665222E0,1.593551040E0
1.751718152E1,-2.176400900E0,-9.399300575E0,1.756932735E0
1.753744938E1,-1.601508975E0,-9.500316620E0,1.830179572E0
1.755771730E1,-1.032707930E0,-9.586296082E0,1.790764451E0
1.757798517E1,-4.976965189E-1,-9.654319763E0,1.648264527E0
1.759825303E1,1.760782115E-2,-9.704656601E0,1.410579324E0
1.761852095E1,5.481684804E-1,-9.730029106E0,1.093816042E0
1.763878881E1,1.101484656E0,-9.714447975E0,7.659122348E-1
1.765905668E1,1.645642757E0,-9.654059410E0,5.112571120E-1
1.767932454E1,2.107665300E0,-9.568992615E0,4.031494856E-1
1.769959246E1,2.412782431E0,-9.494035721E0,4.606104195E-1
1.771986032E1,2.533573151E0,-9.454626083E0,6.012092829E-1
1.774026032E1,2.510996342E0,-9.456929207E0,6.571059227E-1
1.776039605E1,2.426589727E0,-9.488629341E0,4.979494810E-1
1.778066392E1,2.335598469E0,-9.522762299E0,1.798774451E-1
1.780093178E1,2.264364004E0,-9.541395187E0,-6.949764490E-2
1.782133178E1,2.173255682E0,-9.561430931E0,-1.624129564E-1
1.784146756E1,2.052552700E0,-9.588431358E0,-1.392860711E-1
1.786173543E1,1.912826538E0,-9.617961884E0,-7.928971946E-2
1.788213543E1,1.770205975E0,-9.645504951E0,-3.150202706E-2
1.790227116E1,1.660288572E0,-9.665076256E0,-1.092158072E-2
1.792253902E1,1.594469666E0,-9.676156998E0,-6.047933362E-3
1.794280688E1,1.572128057E0,-9.679813385E0,-4.492547829E-3
1.796307480E1,1.581447244E0,-9.678293228E0,-7.440783549E-3
1.798334267E1,1.588530064E0,-9.676973343E0,-5.619097501E-2
1.800361053E1,1.574378371E0,-9.677580833E0,-1.901629269E-1
1.802387840E1,1.541424394E0,-9.676364899E0,-4.029362500E-1
1.804427840E1,1.508320212E0,-9.668964386E0,-6.375597119E-1
1.806441412E1,1.504377961E0,-9.654910088E0,-8.306291103E-1
1.808468199E1,1.582731128E0,-9.630591393E0,-9.576372504E-1
1.810494985E1,1.745852709E0,-9.598463058E0,-9.959247112E-1
1.812521772E1,1.896234632E0,-9.574463844E0,-9.509603381E-1
1.814548563E1,1.999306679E0,-9.562762260E0,-8.524835706E-1
1.816575350E1,2.079461813E0,-9.550857544E0,-7.920554876E-1
1.818602136E1,2.112541199E0,-9.545997620E0,-7.625445127E-1
1.820642136E1,2.047066450E0,-9.572272301E0,-5.928987861E-1
1.822671501E1,1.972973228E0,-9.605278969E0,-1.279697716E-1
1.824670782E1,1.919758558E0,-9.596666336E0,6.236160994E-1
1.826709418E1,1.795851231E0,-9.520109177E0,1.520799041E0
1.828749418E1,1.557852507E0,-9.409069061E0,2.283178091E0
1.830762933E1,1.259898663E0,-9.354942322E0,2.658589602E0
1.832787412E1,9.281199574E-1,-9.436780930E0,2.501227379E0
1.834815673E1,3.755578697E-1,-9.578930855E0,2.067227602E0
1.836842605E1,-2.588679492E-1,-9.655675888E0,1.694492936E0
1.838869517E1,-7.957316637E-1,-9.638709068E0,1.622492790E0
1.840896402E1,-1.355355978E0,-9.537697792E0,1.834589362E0
1.842923261E1,-1.869614124E0,-9.379835129E0,2.166477680E0
1.844950110E1,-2.274317265E0,-9.212867737E0,2.474052429E0
1.846976944E1,-2.573527336E0,-9.044448853E0,2.783036947E0
1.849003767E1,-2.789094687E0,-8.878765106E0,3.091743469E0
1.851030584E1,-2.953206539E0,-8.738395691E0,3.330075979E0
1.853057397E1,-3.039498091E0,-8.658325195E0,3.459081173E0
1.855084204E1,-3.010158062E0,-8.641743660E0,3.525564432E0
1.857111006E1,-2.972792625E0,-8.655157089E0,3.524364471E0
1.859137808E1,-2.968245745E0,-8.697833061E0,3.421635389E0
1.861164605E1,-2.979684114E0,-8.771862030E0,3.216567755E0
1.863191402E1,-2.988805532E0,-8.865012169E0,2.940913200E0
1.865218194E1,-3.070928097E0,-8.963601112E0,2.528567791E0
1.867244985E1,-3.231859684E0,-9.089352608E0,1.763278961E0
1.869271772E1,-3.294721127E0,-9.165439606E0,1.144514680E0
1.871298563E1,-3.127440453E0,-9.232050896E0,1.076449871E0
1.873325350E1,-2.751650572E0,-9.344242096E0,1.133116126E0
1.875352142E1,-2.295495749E0,-9.469543457E0,1.108524680E0
1.877378923E1,-1.803436518E0,-9.586544991E0,1.008050323E0
1.879405709E1,-1.259333372E0,-9.684460640E0,8.920092583E-1
1.881432490E1,-6.502296329E-1,-9.755445480E0,7.608398795E-1
1.883459287E1,3.392146155E-2,-9.789829254E0,5.731188655E-1
1.885486074E1,7.391503453E-1,-9.773273468E0,3.273934424E-1
1.887512855E1,1.417119741E0,-9.703472137E0,6.916821003E-2
1.889539642E1,2.035738230E0,-9.592550278E0,-9.564404190E-2
1.891566428E1,2.510807276E0,-9.479661942E0,-4.718726501E-2
1.893593209E1,2.761992216E0,-9.406703949E0,2.360584140E-1
1.895619996E1,2.831130743E0,-9.369074821E0,6.127969027E-1
1.897646782E1,2.907276392E0,-9.331488609E0,8.009164333E-1
1.899665699E1,2.990350723E0,-9.322364807E0,5.671920776E-1
1.901705699E1,3.040120363E0,-9.323133469E0,8.508062363E-2
1.903727142E1,3.034255266E0,-9.318949699E0,-3.476652801E-1
1.905753923E1,3.005811214E0,-9.319236755E0,-5.360291004E-1
1.907780709E1,2.969720602E0,-9.331739426E0,-5.194125772E-1
1.909807485E1,2.916990757E0,-9.354163170E0,-4.014657736E-1
1.911834272E1,2.836175680E0,-9.383754730E0,-2.676416934E-1
1.913861058E1,2.731426239E0,-9.417344093E0,-1.527647376E-1
1.915887840E1,2.618124485E0,-9.450363159E0,-8.025646955E-2
1.917914626E1,2.505575180E0,-9.480916977E0,-6.836328655E-2
1.919941407E1,2.407031298E0,-9.505710602E0,-1.343549937E-1
1.921968194E1,2.320796490E0,-9.524171829E0,-2.728597522E-1
1.923994975E1,2.230811834E0,-9.537820816E0,-4.731207192E-1
1.926021761E1,2.152495146E0,-9.540185928E0,-7.224953175E-1
1.928048543E1,2.085558891E0,-9.530452728E0,-9.956469536E-1
1.930075329E1,2.047060728E0,-9.504282951E0,-1.283957005E0
1.932115329E1,2.062830925E0,-9.456393242E0,-1.578524709E0
1.934128897E1,2.073216438E0,-9.426286697E0,-1.737036109E0
1.936155678E1,2.072457075E0,-9.438273430E0,-1.671615124E0
1.938182465E1,2.089509964E0,-9.477405548E0,-1.408235312E0
1.940209246E1,2.121928930E0,-9.520946503E0,-1.009641171E0
1.942236027E1,2.152062654E0,-9.552872658E0,-5.306962729E-1
1.944262813E1,2.179064751E0,-9.561470032E0,-1.890836842E-2
1.946289595E1,2.180714846E0,-9.548860550E0,4.838719666E-1
1.948316376E1,2.117316484E0,-9.528404236E0,9.470347762E-1
1.950356376E1,1.941897511E0,-9.520048141E0,1.329699516E0
1.952369944E1,1.626091838E0,-9.543303490E0,1.565751076E0
1.954396725E1,9.761099219E-1,-9.622411728E0,1.620728374E0
1.956423511E1,2.609458566E-1,-9.667689323E0,1.624215722E0
1.958450293E1,-2.925991714E-1,-9.665087700E0,1.634277940E0
1.960477074E1,-8.273229599E-1,-9.608465195E0,1.778571486E0
1.962503860E1,-1.367876053E0,-9.492784500E0,2.046054602E0
1.964530642E1,-1.827306032E0,-9.355332375E0,2.304144621E0
1.966557423E1,-2.163168669E0,-9.225692749E0,2.525409937E0
1.968584204E1,-2.384273767E0,-9.113157272E0,2.726900816E0
1.970610990E1,-2.560044765E0,-9.020339966E0,2.872287035E0
1.972650990E1,-2.721947670E0,-8.936574936E0,2.983118773E0
1.974680345E1,-2.839455843E0,-8.867026329E0,3.079563856E0
1.976687470E1,-2.895601511E0,-8.823847771E0,3.150491238E0
1.978727470E1,-2.911225557E0,-8.806074142E0,3.185622931E0
1.980744949E1,-2.943680525E0,-8.805459023E0,3.157374620E0
1.982770183E1,-3.013186932E0,-8.813211441E0,3.068938732E0
1.984797949E1,-3.097722292E0,-8.834980011E0,2.918499470E0
1.986824840E1,-3.118777752E0,-8.891216278E0,2.718432903E0
1.988851699E1,-3.028028727E0,-8.975187302E0,2.539182186E0
1.990878548E1,-3.093414307E0,-8.997315407E0,2.376860857E0
1.992905381E1,-3.347023726E0,-9.026541710E0,1.867984176E0
1.994932199E1,-3.382036924E0,-9.103287697E0,1.364682436E0
1.996959011E1,-3.071724176E0,-9.220117569E0,1.313136935E0
1.998985824E1,-2.583626270E0,-9.334652901E0,1.536070824E0
2.001012621E1,-1.986722708E0,-9.444405556E0,1.739691496E0
2.003039423E1,-1.370607257E0,-9.543956757E0,1.790172577E0
2.005066220E1,-8.186919689E-1,-9.630682945E0,1.658336282E0
2.007093011E1,-2.972984910E-1,-9.704198837E0,1.382216811E0
2.009119803E1,2.345797569E-1,-9.752519608E0,1.001853347E0
2.011146584E1,7.629783750E-1,-9.758312225E0,6.029918790E-1
2.013173376E1,1.276277661E0,-9.718314171E0,3.096291125E-1
2.015200162E1,1.777270675E0,-9.642016411E0,2.078881711E-1
2.017226949E1,2.232427835E0,-9.544025421E0,3.134137690E-1
2.019253735E1,2.593285084E0,-9.438234329E0,6.041464210E-1
2.021280517E1,2.836196899E0,-9.335474968E0,9.875651598E-1
2.023307298E1,2.950051785E0,-9.278757095E0,1.171431899E0
2.025334079E1,2.967028618E0,-9.303121567E0,9.050185084E-1
2.027360860E1,2.962107420E0,-9.334341049E0,5.161035061E-1
2.029387642E1,2.931948662E0,-9.355045319E0,2.391200960E-1
2.031414418E1,2.851961136E0,-9.381979942E0,1.231481209E-1
2.033441209E1,2.737141132E0,-9.416193008E0,1.173147708E-1
2.035467985E1,2.622479200E0,-9.448282242E0,1.514663696E-1
2.037494767E1,2.535587311E0,-9.471388817E0,1.843047440E-1
2.039521548E1,2.459064484E0,-9.491099358E0,2.059384137E-1
2.041548329E1,2.381874084E0,-9.510540009E0,2.160734981E-1
2.043575105E1,2.333832026E0,-9.522340775E0,2.205362916E-1
2.045605819E1,2.325510740E0,-9.524382591E0,2.202747464E-1
2.047628668E1,2.337080717E0,-9.521962166E0,2.016776651E-1
2.049655444E1,2.348739147E0,-9.520516396E0,1.164920256E-1
2.051682225E1,2.361828327E0,-9.517349243E0,-1.104906052E-1
2.053709006E1,2.354726076E0,-9.509232521E0,-4.473878443E-1
2.055735782E1,2.298966408E0,-9.502070427E0,-7.718822360E-1
2.057762563E1,2.227491856E0,-9.497815132E0,-1.000087619E0
2.059789345E1,2.182773829E0,-9.496837616E0,-1.102704763E0
2.061816121E1,2.171601057E0,-9.500301361E0,-1.094900370E0
2.063842902E1,2.181996346E0,-9.508196831E0,-1.001740932E0
2.065869683E1,2.222800255E0,-9.513799667E0,-8.468472958E-1
2.067896459E1,2.280361414E0,-9.516079903E0,-6.438686848E-1
2.069923240E1,2.331085205E0,-9.517109871E0,-4.013164937E-1
2.071950017E1,2.349779844E0,-9.520169258E0,-1.237156019E-1
2.073990017E1,2.337847233E0,-9.521373749E0,2.197544128E-1
2.076019371E1,2.293352365E0,-9.508945465E0,7.006322145E-1
2.078030412E1,2.181231260E0,-9.465488434E0,1.348013520E0
2.080057178E1,1.938465953E0,-9.392427444E0,2.048181772E0
2.082097178E1,1.557577968E0,-9.347119331E0,2.525011063E0
2.084110730E1,1.023029089E0,-9.422081947E0,2.519558907E0
2.086137501E1,3.459741473E-1,-9.573022842E0,2.099504948E0
2.088148574E1,-1.766523868E-1,-9.672201157E0,1.608636856E0
2.090188574E1,-5.248431563E-1,-9.691556931E0,1.403086066E0
2.092217850E1,-8.585015535E-1,-9.639073372E0,1.587966681E0
2.094244621E1,-1.246823311E0,-9.533055305E0,1.933046341E0
2.096271392E1,-1.573610783E0,-9.424619675E0,2.206961870E0
2.098298162E1,-1.821123958E0,-9.323001862E0,2.436293364E0
2.100324933E1,-2.002435684E0,-9.221911430E0,2.667768955E0
2.102351704E1,-2.158504486E0,-9.113656044E0,2.907321453E0
2.104378485E1,-2.280030966E0,-9.009346008E0,3.131059885E0
2.106405261E1,-2.343494177E0,-8.945697784E0,3.263880253E0
2.108432037E1,-2.336077452E0,-8.932003021E0,3.306426048E0
2.110472037E1,-2.309167147E0,-8.959888458E0,3.249389648E0
2.112485590E1,-2.257957697E0,-9.027672768E0,3.094046831E0
2.114512366E1,-2.197445154E0,-9.119141579E0,2.860572100E0
2.116539147E1,-2.307181358E0,-9.203063965E0,2.480102777E0
2.118565923E1,-2.682533026E0,-9.279219627E0,1.694256306E0
2.120592699E1,-2.764376879E0,-9.355395317E0,1.002594233E0
2.122627350E1,-2.481505156E0,-9.436968803E0,9.778225422E-1
2.124662011E1,-1.952628970E0,-9.539884567E0,1.161128998E0
2.126688803E1,-1.310657501E0,-9.633374214E0,1.284779787E0
2.128715595E1,-6.916317940E-1,-9.695794106E0,1.297538042E0
2.130726642E1,-1.491150707E-1,-9.726773262E0,1.240172386E0
2.132751892E1,3.335940242E-1,-9.737276077E0,1.115597963E0
2.134779642E1,7.874997854E-1,-9.734568596E0,8.879277706E-1
2.136806407E1,1.219972730E0,-9.712903023E0,5.844320059E-1
2.138846517E1,1.596030951E0,-9.671741486E0,2.837345898E-1
2.140860152E1,1.888951659E0,-9.622264862E0,1.193812042E-1
2.142886996E1,2.107287645E0,-9.576043129E0,1.706494838E-1
2.144913824E1,2.284610271E0,-9.530014992E0,3.602089882E-1
2.146940636E1,2.435256720E0,-9.485163689E0,5.211378336E-1
2.148967449E1,2.504105568E0,-9.467490196E0,5.162028670E-1
2.150994256E1,2.482799768E0,-9.480140686E0,3.647254109E-1
2.153021048E1,2.425388813E0,-9.500083923E0,1.904896051E-1
2.155047845E1,2.344317198E0,-9.522037506E0,7.309568673E-2
2.157074636E1,2.250962019E0,-9.544743538E0,3.782785684E-2
2.159101428E1,2.162704229E0,-9.564958572E0,6.826587021E-2
2.161128209E1,2.085802555E0,-9.581367493E0,1.311755776E-1
2.163154985E1,2.009215355E0,-9.596577644E0,1.978739798E-1
2.165194996E1,1.921347976E0,-9.613306046E0,2.513301373E-1
2.167208553E1,1.821542144E0,-9.631842613E0,2.828244567E-1
2.169235340E1,1.722077131E0,-9.649921417E0,2.895765305E-1
2.171262121E1,1.646455288E0,-9.663855553E0,2.635745704E-1
2.173288897E1,1.614233971E0,-9.670688629E0,2.059262097E-1
2.175315678E1,1.632103324E0,-9.669051170E0,1.268518269E-1
2.177342454E1,1.661102295E0,-9.664891243E0,3.196568787E-2
2.179382454E1,1.677672863E0,-9.661595345E0,-9.685944021E-2
2.181396001E1,1.726128817E0,-9.649896622E0,-2.652483881E-1
2.183422793E1,1.785212636E0,-9.632077217E0,-4.544102252E-1
2.185449569E1,1.827921629E0,-9.614213943E0,-6.292684674E-1
2.187476345E1,1.850231409E0,-9.600677490E0,-7.576426864E-1
2.189503121E1,1.876267195E0,-9.589875221E0,-8.272266984E-1
2.191529897E1,1.929595590E0,-9.578496933E0,-8.363316059E-1
2.193556673E1,2.000176430E0,-9.567176819E0,-7.992497087E-1
2.195583449E1,2.081433296E0,-9.554862022E0,-7.366288304E-1
2.197610225E1,2.164063215E0,-9.541951180E0,-6.621046066E-1
2.199637001E1,2.269295692E0,-9.522172928E0,-5.906893611E-1
2.201663782E1,2.454255104E0,-9.480677605E0,-5.135857463E-1
2.203690558E1,2.743768215E0,-9.405329704E0,-4.264976680E-1
2.205717334E1,3.021025896E0,-9.322641373E0,-3.635388315E-1
2.207744105E1,3.091699362E0,-9.299228668E0,-3.689364791E-1
2.209770886E1,2.845297337E0,-9.373872757E0,-4.529741406E-1
2.211797662E1,2.496950388E0,-9.471009254E0,-4.853737354E-1
2.213824438E1,2.214167118E0,-9.545326233E0,-3.931941688E-1
2.215851215E1,2.010957956E0,-9.597089767E0,-1.492930800E-1
2.217877991E1,1.808417797E0,-9.631052971E0,3.779286146E-1
2.219904767E1,1.604062200E0,-9.606923103E0,1.142101645E0
2.221931543E1,1.421133995E0,-9.524627686E0,1.852632880E0
2.223958319E1,1.297168732E0,-9.449966431E0,2.277252197E0
2.225985095E1,1.267317891E0,-9.449408531E0,2.296295404E0
2.228011876E1,1.200338483E0,-9.485364914E0,2.181152821E0
2.230038647E1,1.022126675E0,-9.485812187E0,2.268260479E0
2.232077298E1,6.396124959E-1,-9.459807396E0,2.504663706E0
2.234092204E1,-5.969553813E-2,-9.411581039E0,2.754806519E0
2.236118980E1,-7.574844956E-1,-9.327531815E0,2.931508780E0
2.238145756E1,-1.285731316E0,-9.213464737E0,3.103119850E0
2.240172532E1,-1.611883283E0,-9.070966721E0,3.360025644E0
2.242199308E1,-1.801075101E0,-8.932061195E0,3.625575304E0
2.244226084E1,-1.974227667E0,-8.833625793E0,3.773573637E0
2.246266084E1,-2.121750832E0,-8.780894279E0,3.816340923E0
2.248279636E1,-2.130831003E0,-8.772152901E0,3.831354141E0
2.250319636E1,-2.032293320E0,-8.805458069E0,3.808421612E0
2.252333188E1,-1.943005323E0,-8.864036560E0,3.718062162E0
2.254373188E1,-1.896427989E0,-8.931734085E0,3.577438831E0
2.256386740E1,-1.922651649E0,-8.983448982E0,3.430953264E0
2.258413517E1,-2.072756290E0,-8.982017517E0,3.346256018E0
2.260440293E1,-2.373502970E0,-8.907909393E0,3.344553232E0
2.262467069E1,-2.774539232E0,-8.797377586E0,3.328431845E0
2.264493845E1,-3.196841002E0,-8.725571632E0,3.132888556E0
2.266520621E1,-3.458929777E0,-8.761013031E0,2.729620457E0
2.268547397E1,-3.428605080E0,-8.846215248E0,2.481839895E0
2.270574173E1,-3.143133879E0,-8.989078522E0,2.342555285E0
2.272600949E1,-2.755912781E0,-9.137437820E0,2.254454374E0
2.274640949E1,-2.395319939E0,-9.251732826E0,2.199603558E0
2.276670287E1,-2.052878141E0,-9.366037369E0,2.057524681E0
2.278697079E1,-1.740962267E0,-9.492136002E0,1.743214250E0
2.280708121E1,-1.418079972E0,-9.612777710E0,1.324372411E0
2.282732980E1,-1.032443166E0,-9.712125778E0,8.826485276E-1
2.284760980E1,-6.065858603E-1,-9.773554802E0,5.292328000E-1
2.286787746E1,-1.489661038E-1,-9.800258636E0,3.211354911E-1
2.288827881E1,3.545950055E-1,-9.796937943E0,2.543001175E-1
2.290841532E1,8.616252542E-1,-9.764377594E0,2.913810909E-1
2.292868386E1,1.313233495E0,-9.711571693E0,3.621841967E-1
2.294895225E1,1.600735903E0,-9.669155121E0,3.398053050E-1
2.296922053E1,1.662818670E0,-9.663339615E0,1.590108871E-1
2.298948866E1,1.608062148E0,-9.673189163E0,-1.180551425E-1
2.300975673E1,1.614493132E0,-9.665243149E0,-3.832235932E-1
2.303002480E1,1.636665940E0,-9.655566216E0,-5.116274953E-1
2.305029272E1,1.649404049E0,-9.655440331E0,-4.715204835E-1
2.307056063E1,1.666677833E0,-9.658081055E0,-3.376976550E-1
2.309082855E1,1.685053468E0,-9.658520699E0,-2.096390277E-1
2.311109647E1,1.697260857E0,-9.657649994E0,-1.395703256E-1
2.313136428E1,1.695558310E0,-9.658214569E0,-1.198975071E-1
2.315163214E1,1.668913841E0,-9.662931442E0,-1.134057119E-1
2.317189990E1,1.618225217E0,-9.671811104E0,-8.832407743E-2
2.319216772E1,1.558595300E0,-9.681878090E0,-4.908320680E-2
2.321243553E1,1.499517918E0,-9.691305161E0,-2.107481658E-2
2.323270329E1,1.445767283E0,-9.699481964E0,-1.365873404E-2
2.325297110E1,1.415307999E0,-9.703982353E0,-1.078035100E-3
2.327323886E1,1.430828333E0,-9.701582909E0,4.903683066E-2
2.329350657E1,1.484732985E0,-9.692678452E0,1.339838058E-1
2.331377433E1,1.555599451E0,-9.679734230E0,2.307402492E-1
2.333404220E1,1.640615582E0,-9.663646698E0,3.044705391E-1
2.335430990E1,1.738927841E0,-9.645575523E0,3.307514489E-1
2.337457767E1,1.847845316E0,-9.625768661E0,3.169203699E-1
2.339497767E1,1.974573612E0,-9.601939201E0,2.724069953E-1
2.341511319E1,2.110715151E0,-9.574680328E0,2.019171864E-1
2.343551319E1,2.250828981E0,-9.544342041E0,9.846830368E-2
2.345564871E1,2.382077932E0,-9.512881279E0,-3.445814922E-2
2.347591647E1,2.493051529E0,-9.482778549E0,-1.788552999E-1
2.349618418E1,2.565022945E0,-9.460412025E0,-3.027353585E-1
2.351645194E1,2.588794231E0,-9.450859070E0,-3.870422840E-1
2.353671970E1,2.562811852E0,-9.456695557E0,-4.162696898E-1
2.355698740E1,2.501034260E0,-9.475154877E0,-3.696617186E-1
2.357725517E1,2.391614914E0,-9.506667137E0,-2.717615962E-1
2.359752293E1,2.212256432E0,-9.551687241E0,-2.039179653E-1
2.361779069E1,1.968163610E0,-9.604865074E0,-2.080842704E-1
2.363805845E1,1.677872062E0,-9.658783913E0,-2.510386109E-1
2.365832616E1,1.410629034E0,-9.700149536E0,-2.960117459E-1
2.367859392E1,1.257219076E0,-9.720803261E0,-3.094529212E-1
2.369886168E1,1.221972227E0,-9.728665352E0,-1.739231050E-1
2.371912944E1,1.083056688E0,-9.746406555E0,7.019740343E-2
2.373939714E1,8.794357181E-1,-9.760709763E0,3.542955518E-1
2.375966490E1,7.406885028E-1,-9.757229805E0,6.467031837E-1
2.377993267E1,6.718741059E-1,-9.739214897E0,9.309478402E-1
2.380020043E1,6.915651560E-1,-9.709942818E0,1.187071204E0
2.382058688E1,8.288908005E-1,-9.667035103E0,1.425402403E0
2.384073590E1,1.082633853E0,-9.602876663E0,1.668249249E0
2.386100366E1,1.413360357E0,-9.514310837E0,1.910679817E0
2.388068480E1,1.740809560E0,-9.427116394E0,2.066263676E0
2.390108480E1,2.013438940E0,-9.372569084E0,2.066734552E0
2.392148480E1,2.078950405E0,-9.369493484E0,2.015180826E0
2.394188480E1,1.962037802E0,-9.396227837E0,2.007910252E0
2.396228480E1,1.823926687E0,-9.431968689E0,1.970190644E0
2.398261392E1,1.682098866E0,-9.479631424E0,1.864814281E0
2.400301392E1,1.572691917E0,-9.523196220E0,1.733716011E0
2.402314808E1,1.526241302E0,-9.550930977E0,1.618854403E0
2.404341537E1,1.525868773E0,-9.570316315E0,1.500388861E0
2.406368267E1,1.556336522E0,-9.588554382E0,1.344560146E0
2.408395011E1,1.600892901E0,-9.608279228E0,1.135117173E0
2.410421761E1,1.641466856E0,-9.627980232E0,8.820276856E-1
2.412448517E1,1.674378037E0,-9.640645981E0,6.517542005E-1
2.414475277E1,1.694159508E0,-9.646270752E0,4.996685982E-1
2.416502032E1,1.677888632E0,-9.652437210E0,4.307353795E-1
2.418528803E1,1.617862105E0,-9.659590721E0,4.951906800E-1
2.420555569E1,1.467756391E0,-9.670885086E0,7.000414729E-1
2.422582334E1,1.291196227E0,-9.668344498E0,1.013071895E0
2.424609105E1,1.222380400E0,-9.653794289E0,1.216728330E0
2.426649105E1,1.177643657E0,-9.654458046E0,1.254980683E0
2.428678444E1,1.004562616E0,-9.685224533E0,1.165188909E0
2.430685563E1,7.645076513E-1,-9.723862648E0,1.016078115E0
2.432709845E1,5.501838326E-1,-9.751398087E0,8.820011020E-1
2.434742256E1,4.010140002E-1,-9.764854431E0,8.106764555E-1
2.436769173E1,3.135669827E-1,-9.767221451E0,8.206362128E-1
2.438796063E1,2.844682932E-1,-9.760878563E0,9.026204348E-1
2.440822933E1,2.897874117E-1,-9.748655319E0,1.024757147E0
2.442849772E1,2.815428972E-1,-9.737988472E0,1.123697162E0
2.444876605E1,3.121993542E-1,-9.738903999E0,1.107548237E0
2.446903428E1,4.152994454E-1,-9.752059937E0,9.461656809E-1
2.448930246E1,5.443703532E-1,-9.762892723E0,7.483115196E-1
2.450957048E1,6.866928339E-1,-9.763256073E0,6.145634055E-1
2.452983850E1,8.534826040E-1,-9.752891541E0,5.683785081E-1
2.455010642E1,1.043952107E0,-9.734178543E0,5.712651610E-1
2.457037433E1,1.235621691E0,-9.712105751E0,5.644863844E-1
2.459064220E1,1.386899948E0,-9.695324898E0,4.975487292E-1
2.461091006E1,1.463126540E0,-9.690713882E0,3.459759057E-1
2.463117787E1,1.459716797E0,-9.696464539E0,1.348405778E-1
2.465144569E1,1.402845263E0,-9.705449104E0,-8.170533925E-2
2.467171350E1,1.332439542E0,-9.712110519E0,-2.644042671E-1
2.469198131E1,1.274535179E0,-9.714861870E0,-4.091452360E-1
2.471224912E1,1.239963055E0,-9.713113785E0,-5.369139910E-1
2.473251688E1,1.232742906E0,-9.705418587E0,-6.749557257E-1
2.475278470E1,1.240119576E0,-9.691713333E0,-8.385605812E-1
2.477305246E1,1.253811002E0,-9.674104691E0,-1.005009651E0
2.479332022E1,1.277213931E0,-9.661825180E0,-1.090070128E0
2.481358793E1,1.312260747E0,-9.655629158E0,-1.103263974E0
2.483385579E1,1.368008018E0,-9.650135040E0,-1.083432913E0
2.485412355E1,1.432555079E0,-9.646212578E0,-1.033810377E0
2.487439131E1,1.490619302E0,-9.647336960E0,-9.366604686E-1
2.489465912E1,1.533466339E0,-9.653431892E0,-7.937896252E-1
2.491492683E1,1.542007804E0,-9.663781166E0,-6.355641484E-1
2.493519459E1,1.524477005E0,-9.674966812E0,-4.913074374E-1
2.495546235E1,1.552014470E0,-9.675793648E0,-3.750054836E-1
2.497573011E1,1.693122864E0,-9.654997826E0,-2.910978496E-1
2.499599787E1,1.934364319E0,-9.611044884E0,-2.375613302E-1
2.501626563E1,2.172299862E0,-9.560768127E0,-2.078965753E-1
2.503653340E1,2.262531519E0,-9.539905548E0,-2.038371116E-1
2.505680116E1,2.144215822E0,-9.565687180E0,-2.652655244E-1
2.507706892E1,1.981580496E0,-9.597672462E0,-3.583216369E-1
2.509733668E1,1.827507615E0,-9.628181458E0,-3.588146567E-1
2.511760444E1,1.664098978E0,-9.662691116E0,-1.832042933E-1
2.513787220E1,1.535136580E0,-9.684920311E0,1.267360151E-1
2.515813996E1,1.454857826E0,-9.685774803E0,4.894342124E-1
2.517840767E1,1.393872261E0,-9.670597076E0,8.408735394E-1
2.519867548E1,1.342700362E0,-9.646642685E0,1.144471526E0
2.521894324E1,1.316123724E0,-9.618775368E0,1.384683609E0
2.523921100E1,1.301636934E0,-9.595872879E0,1.547690988E0
2.525947876E1,1.252254486E0,-9.591914177E0,1.611652136E0
2.527974647E1,1.138523698E0,-9.609330177E0,1.592144728E0
2.530001423E1,8.976738453E-1,-9.610548973E0,1.732603431E0
2.532040074E1,4.832219481E-1,-9.579776764E0,2.040776014E0
2.534054975E1,-7.996607572E-2,-9.525166512E0,2.331353188E0
2.536081751E1,-6.875894070E-1,-9.456864357E0,2.503062963E0
2.538108527E1,-1.245780110E0,-9.392508507E0,2.529664278E0
2.540135303E1,-1.768672585E0,-9.329276085E0,2.450879574E0
2.542162079E1,-2.225909472E0,-9.249212265E0,2.380710125E0
2.544202079E1,-2.577854872E0,-9.150349617E0,2.407521725E0
2.546215626E1,-2.831763983E0,-9.046331406E0,2.513041258E0
2.548255626E1,-3.054691792E0,-8.940240860E0,2.628942013E0
2.550269178E1,-3.288781643E0,-8.831583023E0,2.712461472E0
2.552295954E1,-3.556137562E0,-8.710379601E0,2.766505241E0
2.554322730E1,-3.850330114E0,-8.574176788E0,2.798009157E0
2.556349506E1,-4.156933784E0,-8.427153587E0,2.805954218E0
2.558376282E1,-4.441442013E0,-8.285849571E0,2.790823221E0
2.560403058E1,-4.669299603E0,-8.178574562E0,2.734765530E0
2.562429829E1,-4.803946972E0,-8.127700806E0,2.651971102E0
2.564456605E1,-4.830358505E0,-8.141930580E0,2.558711052E0
2.566483381E1,-4.769897938E0,-8.216971397E0,2.428956985E0
2.568510157E1,-4.641926289E0,-8.333562851E0,2.274784088E0
2.570536933E1,-4.425956726E0,-8.484944344E0,2.141731024E0
2.572563704E1,-4.111112595E0,-8.665167809E0,2.045487404E0
2.574590480E1,-3.774604321E0,-8.845171928E0,1.919809103E0
2.576625126E1,-3.532963276E0,-9.001023293E0,1.634055138E0
2.578659793E1,-3.399362087E0,-9.114368439E0,1.242180467E0
2.580662980E1,-3.216666698E0,-9.209970474E0,9.999411106E-1
2.582688116E1,-2.901165724E0,-9.315796852E0,9.846563935E-1
2.584724037E1,-2.511884689E0,-9.421101570E0,1.050557017E0
2.586750871E1,-2.148519754E0,-9.512331009E0,1.034317493E0
2.588777699E1,-1.823518634E0,-9.590773582E0,9.285687208E-1
2.590804511E1,-1.505190969E0,-9.660845757E0,7.568786740E-1
2.592831313E1,-1.148477316E0,-9.724087715E0,5.417736173E-1
2.594858121E1,-7.411490083E-1,-9.773696899E0,3.097208738E-1
2.596884912E1,-3.024961650E-1,-9.801421165E0,1.049617752E-1
2.598911699E1,1.435228288E-1,-9.805571556E0,-2.350957505E-2
2.600938490E1,5.935336351E-1,-9.788527489E0,-5.323053896E-2
2.602965277E1,1.044142723E0,-9.750902176E0,6.939161569E-3
2.604992063E1,1.453086019E0,-9.697645187E0,1.208980456E-1
2.607018845E1,1.763337612E0,-9.644632339E0,2.051434666E-1
2.609045626E1,1.934898615E0,-9.611747742E0,2.021264434E-1
2.611072407E1,1.970661640E0,-9.605666161E0,1.344547272E-1
2.613099178E1,1.957354188E0,-9.609069824E0,7.019793242E-2
2.615139178E1,1.942861795E0,-9.612154007E0,4.663653299E-2
2.617152735E1,1.910282016E0,-9.618632317E0,5.596585199E-2
2.619179506E1,1.850511909E0,-9.630231857E0,6.802155823E-2
2.621206287E1,1.767266393E0,-9.645849228E0,6.878171116E-2
2.623233063E1,1.661426425E0,-9.664682388E0,6.287062168E-2
2.625259834E1,1.546149850E0,-9.683812141E0,6.000243872E-2
2.627286616E1,1.444768429E0,-9.699408531E0,6.715497375E-2
2.629313386E1,1.375988007E0,-9.709289551E0,8.217351139E-2
2.631340157E1,1.356249690E0,-9.711811066E0,1.081474274E-1
2.633366938E1,1.382367611E0,-9.707543373E0,1.517816037E-1
2.635393715E1,1.430262923E0,-9.699418068E0,2.145381421E-1
2.637420485E1,1.468478918E0,-9.692353249E0,2.687849402E-1
2.639447261E1,1.470390558E0,-9.692227364E0,2.628391981E-1
2.641474037E1,1.458032489E0,-9.696323395E0,1.607588083E-1
2.643500808E1,1.488589406E0,-9.693008423E0,-8.686855435E-3
2.645527584E1,1.540163517E0,-9.683218956E0,-1.831855923E-1
2.647554360E1,1.570217609E0,-9.674641609E0,-3.257622123E-1
2.649581131E1,1.569124579E0,-9.670499802E0,-4.355077147E-1
2.651607907E1,1.553841949E0,-9.668395042E0,-5.273521543E-1
2.653634678E1,1.559341192E0,-9.663451195E0,-5.971100330E-1
2.655661454E1,1.597784758E0,-9.655451775E0,-6.242770553E-1
2.657688230E1,1.647610068E0,-9.647997856E0,-6.098456383E-1
2.659715001E1,1.707910776E0,-9.639904976E0,-5.706601739E-1
2.661741777E1,1.776334524E0,-9.629493713E0,-5.365431309E-1
2.663768548E1,1.856329799E0,-9.614525795E0,-5.341557860E-1
2.665795324E1,1.955907583E0,-9.592981339E0,-5.652664900E-1
2.667822095E1,2.046379566E0,-9.570409775E0,-6.244831681E-1
2.669848871E1,2.065929413E0,-9.564401627E0,-6.515668035E-1
2.671875642E1,2.024248600E0,-9.577009201E0,-5.947308540E-1
2.673915642E1,1.951245904E0,-9.602250099E0,-3.997967243E-1
2.675929188E1,1.851742029E0,-9.630235672E0,-2.390719019E-4
2.677955965E1,1.724046946E0,-9.635325432E0,5.987994671E-1
2.679995964E1,1.548314691E0,-9.599797249E0,1.271618128E0
2.682025303E1,1.338710904E0,-9.536195755E0,1.854508400E0
2.684036345E1,1.120021462E0,-9.482637405E0,2.235068798E0
2.686063100E1,8.758140206E-1,-9.482364655E0,2.342671633E0
2.688085944E1,5.565988421E-1,-9.567709923E0,2.078347921E0
2.690116626E1,1.948286891E-1,-9.663122177E0,1.660271764E0
2.692143392E1,-1.997507662E-1,-9.677587509E0,1.573141336E0
2.694170162E1,-6.351259947E-1,-9.629314423E0,1.744509459E0
2.696196933E1,-1.164378405E0,-9.518914223E0,2.050583363E0
2.698223704E1,-1.664162755E0,-9.364519119E0,2.388876200E0
2.700250480E1,-2.043586254E0,-9.208099365E0,2.684223652E0
2.702277246E1,-2.322947264E0,-9.046869278E0,2.988055706E0
2.704317246E1,-2.542068958E0,-8.887004852E0,3.275578499E0
2.706330793E1,-2.747125387E0,-8.758346558E0,3.451821327E0
2.708357563E1,-2.941594124E0,-8.669217110E0,3.515975714E0
2.710384340E1,-3.078220606E0,-8.621740341E0,3.515755653E0
2.712411110E1,-3.112427235E0,-8.615144730E0,3.501780748E0
2.714437886E1,-3.061151505E0,-8.642690659E0,3.479025841E0
2.716477886E1,-2.976663113E0,-8.703659058E0,3.399438381E0
2.718507225E1,-2.862613440E0,-8.802495003E0,3.239120722E0
2.720518261E1,-2.738990068E0,-8.908403397E0,3.051010609E0
2.722545027E1,-2.754647017E0,-8.994227409E0,2.772397757E0
2.724571787E1,-2.919330835E0,-9.116312981E0,2.130903244E0
2.726611787E1,-2.876918077E0,-9.224955559E0,1.671503544E0
2.728641110E1,-2.600322247E0,-9.328768730E0,1.543633819E0
2.730667886E1,-2.261903524E0,-9.428463936E0,1.469097257E0
2.732694048E1,-1.904091239E0,-9.521707535E0,1.371824026E0
2.734704980E1,-1.534111738E0,-9.601023674E0,1.279546261E0
2.736731746E1,-1.171053171E0,-9.666916847E0,1.161791921E0
2.738771881E1,-7.938212156E-1,-9.726354599E0,9.686360359E-1
2.740785532E1,-3.444462419E-1,-9.776580811E0,6.857174039E-1
2.742812381E1,1.609798968E-1,-9.798122406E0,3.758598566E-1
2.744839220E1,6.904857755E-1,-9.781150818E0,1.507035643E-1
2.746866043E1,1.216791749E0,-9.730470657E0,8.802959323E-2
2.748892855E1,1.705268025E0,-9.655185699E0,1.995477080E-1
2.750919662E1,2.137304306E0,-9.560258865E0,4.514016509E-1
2.752946433E1,2.478883505E0,-9.462623596E0,6.958903074E-1
2.754985105E1,2.628516436E0,-9.420510292E0,7.178229094E-1
2.757000027E1,2.567951918E0,-9.449048996E0,5.398865342E-1
2.759026813E1,2.444651842E0,-9.492397308E0,2.973827422E-1
2.761053600E1,2.316921711E0,-9.528494835E0,1.001812816E-1
2.763080386E1,2.191332102E0,-9.558681488E0,7.032154128E-3
2.765107168E1,2.069774866E0,-9.585708618E0,2.474392019E-2
2.767133944E1,1.954322457E0,-9.609066010E0,1.297937930E-1
2.769160730E1,1.849651694E0,-9.626570702E0,2.798348069E-1
2.771187501E1,1.770824552E0,-9.635851860E0,4.300398529E-1
2.773214277E1,1.728906631E0,-9.636832237E0,5.592343807E-1
2.775241058E1,1.716244817E0,-9.632535934E0,6.626724005E-1
2.777267829E1,1.702559948E0,-9.630264282E0,7.278022170E-1
2.779294605E1,1.666768670E0,-9.637298584E0,7.174516320E-1
2.781321371E1,1.637672901E0,-9.651234627E0,5.848783851E-1
2.783348157E1,1.665022850E0,-9.658100128E0,3.452341259E-1
2.785374928E1,1.730145335E0,-9.652575493E0,6.898638606E-2
2.787414928E1,1.790633321E0,-9.639343262E0,-2.169831544E-1
2.789428470E1,1.816430926E0,-9.622991562E0,-5.186523795E-1
2.791455246E1,1.792118549E0,-9.607923508E0,-8.040493727E-1
2.793482017E1,1.734693646E0,-9.598592758E0,-1.014020085E0
2.795508787E1,1.709382772E0,-9.591157913E0,-1.121641397E0
2.797535563E1,1.759346128E0,-9.581416130E0,-1.127632618E0
2.799562334E1,1.830420017E0,-9.577191353E0,-1.047553778E0
2.801589105E1,1.876838803E0,-9.581763268E0,-9.152494669E-1
2.803615881E1,1.932485461E0,-9.583693504E0,-7.672731280E-1
2.805642652E1,2.065760374E0,-9.567445755E0,-6.058179140E-1
2.807669423E1,2.268075705E0,-9.532631874E0,-3.938950896E-1
2.809696199E1,2.396054029E0,-9.508213997E0,-1.522540003E-1
2.811722970E1,2.325535297E0,-9.526736259E0,5.968597531E-2
2.813749740E1,2.156073093E0,-9.562832832E0,2.719578743E-1
2.815776517E1,2.008530140E0,-9.585515022E0,5.040735006E-1
2.817803287E1,1.836806893E0,-9.593841553E0,8.687607050E-1
2.819830063E1,1.599473715E0,-9.572324753E0,1.408074260E0
2.821856834E1,1.349901915E0,-9.517227173E0,1.941790462E0
2.823883605E1,1.142599583E0,-9.460713387E0,2.315113306E0
2.825910381E1,9.574627280E-1,-9.460250854E0,2.399439573E0
2.827937157E1,7.085178494E-1,-9.560859680E0,2.063575745E0
2.829963928E1,2.475171983E-1,-9.655157089E0,1.699137092E0
2.831990699E1,-4.317981601E-1,-9.655467033E0,1.660085797E0
2.834017475E1,-1.192623138E0,-9.572995186E0,1.762330651E0
2.836044246E1,-1.924716234E0,-9.416620255E0,1.947593570E0
2.838071022E1,-2.452792406E0,-9.247036934E0,2.155575752E0
2.840097793E1,-2.762424469E0,-9.087390900E0,2.441049099E0
2.842124569E1,-2.921018600E0,-8.935293198E0,2.792592525E0
2.844151340E1,-2.996966124E0,-8.802442551E0,3.115378380E0
2.846178116E1,-3.014494896E0,-8.705583572E0,3.360954523E0
2.848204892E1,-2.948450327E0,-8.668980598E0,3.510812759E0
2.850244892E1,-2.787793159E0,-8.713191032E0,3.532546997E0
2.852258438E1,-2.538830996E0,-8.841237068E0,3.399595737E0
2.854285209E1,-2.233080387E0,-9.029127121E0,3.107830048E0
2.856311985E1,-1.953445792E0,-9.229381561E0,2.678238630E0
2.858338756E1,-1.738006830E0,-9.416669846E0,2.115669489E0
2.860365532E1,-1.483337402E0,-9.545379639E0,1.689918518E0
2.862392308E1,-1.120323420E0,-9.590776443E0,1.712386489E0
2.864419079E1,-6.902108192E-1,-9.595055580E0,1.904968858E0
2.866445855E1,-3.162887096E-1,-9.609906197E0,1.928740501E0
2.868472626E1,3.438664135E-3,-9.642200470E0,1.788387299E0
2.870499402E1,3.629952371E-1,-9.668353081E0,1.600493312E0
2.872526178E1,7.541202307E-1,-9.677895546E0,1.392845273E0
2.874552949E1,1.137757778E0,-9.671158791E0,1.159556508E0
2.876579725E1,1.486047626E0,-9.651110649E0,9.044974446E-1
2.878606496E1,1.790205717E0,-9.618409157E0,6.721255779E-1
2.880646496E1,2.067425013E0,-9.571736336E0,5.272454023E-1
2.882675876E1,2.278107166E0,-9.526068687E0,4.843815863E-1
2.884686819E1,2.361771107E0,-9.502315521E0,5.462868214E-1
2.886713590E1,2.338546753E0,-9.505560875E0,5.881339908E-1
2.888740366E1,2.305611610E0,-9.517998695E0,5.121134520E-1
2.890767142E1,2.288439512E0,-9.527417183E0,4.022066891E-1
2.892793918E1,2.271534443E0,-9.534411430E0,3.248262405E-1
2.894820688E1,2.230876207E0,-9.545139313E0,2.896258235E-1
2.896847464E1,2.151706219E0,-9.563456535E0,2.843374610E-1
2.898874241E1,2.030671835E0,-9.589530945E0,2.960814238E-1
2.900901011E1,1.884848595E0,-9.618615150E0,3.161714077E-1
2.902927787E1,1.742831349E0,-9.644570351E0,3.394025862E-1
2.904954563E1,1.636872768E0,-9.662201881E0,3.645454347E-1
2.906981334E1,1.598773241E0,-9.668029785E0,3.788334429E-1
2.909008110E1,1.628872633E0,-9.663362503E0,3.695636392E-1
2.911034886E1,1.703935385E0,-9.651738167E0,3.330563903E-1
2.913061662E1,1.809525847E0,-9.634780884E0,2.588444948E-1
2.915088433E1,1.960238218E0,-9.608334541E0,8.808585256E-2
2.917115209E1,2.090805292E0,-9.579759598E0,-1.646967828E-1
2.919141985E1,2.155894279E0,-9.557909012E0,-4.109435678E-1
2.921168761E1,2.201682806E0,-9.537441254E0,-6.001721621E-1
2.923195537E1,2.245502949E0,-9.518402100E0,-7.267180681E-1
2.925222308E1,2.280807495E0,-9.504465103E0,-7.958906889E-1
2.927249084E1,2.321676731E0,-9.492353439E0,-8.218494058E-1
2.929275860E1,2.378423452E0,-9.478620529E0,-8.180701137E-1
2.931302636E1,2.442726135E0,-9.463144302E0,-8.076965809E-1
2.933329412E1,2.510947227E0,-9.445855141E0,-8.008375168E-1
2.935356188E1,2.580914497E0,-9.429087639E0,-7.756165266E-1
2.937382959E1,2.597458601E0,-9.426269531E0,-7.543490529E-1
2.939409735E1,2.539414406E0,-9.447719574E0,-6.799793243E-1
2.941436511E1,2.455098867E0,-9.485013962E0,-4.211697578E-1
2.943463287E1,2.358387947E0,-9.518475533E0,8.366851509E-2
2.945490063E1,2.233059645E0,-9.522054672E0,7.171556950E-1
2.947516840E1,2.052122116E0,-9.498350143E0,1.319289088E0
2.949543610E1,1.825842619E0,-9.467310905E0,1.790729761E0
2.951570386E1,1.588037968E0,-9.452773094E0,2.072101593E0
2.953597162E1,1.352088571E0,-9.488818169E0,2.074746609E0
2.955623938E1,1.045266151E0,-9.594453812E0,1.739035964E0
2.957650714E1,5.885816216E-1,-9.673551559E0,1.498779655E0
2.959677490E1,-1.170498319E-2,-9.671768188E0,1.620851874E0
2.961704261E1,-6.798766255E-1,-9.607042313E0,1.847402811E0
2.963731037E1,-1.341535449E0,-9.479048729E0,2.125628948E0
2.965757813E1,-1.888208270E0,-9.321537971E0,2.390398502E0
2.967784590E1,-2.321169138E0,-9.166229248E0,2.600539207E0
2.969811366E1,-2.685437202E0,-9.001354218E0,2.816812754E0
2.971838136E1,-2.966099024E0,-8.831153870E0,3.063228369E0
2.973864912E1,-3.157987118E0,-8.687911034E0,3.273791313E0
2.975891688E1,-3.262974262E0,-8.597586632E0,3.406595230E0
2.977918464E1,-3.252483845E0,-8.580385208E0,3.459582806E0
2.979945240E1,-3.159762859E0,-8.635239601E0,3.408654213E0
2.981972011E1,-3.035785198E0,-8.739575386E0,3.251803875E0
2.983998787E1,-2.869086266E0,-8.882156372E0,3.007661104E0
2.986025563E1,-2.691715479E0,-9.049002647E0,2.653412819E0
2.988052340E1,-2.629278421E0,-9.200860977E0,2.145101309E0
2.990079116E1,-2.719491243E0,-9.301778793E0,1.500550628E0
2.992105892E1,-2.591393948E0,-9.372905731E0,1.266377449E0
2.994132662E1,-2.243382692E0,-9.441317558E0,1.413916469E0
2.996159438E1,-1.824851751E0,-9.500635147E0,1.605683446E0
2.998186214E1,-1.426509380E0,-9.558711052E0,1.663275123E0
3.000212990E1,-9.886931777E-1,-9.617339134E0,1.643063784E0
3.002239767E1,-4.665673673E-1,-9.669418335E0,1.566864014E0
3.004266543E1,1.574302167E-1,-9.706714630E0,1.387554884E0
3.006293313E1,8.700938821E-1,-9.705974579E0,1.098806858E0
3.008320090E1,1.572099209E0,-9.651834488E0,7.355050445E-1
3.010346860E1,2.202230453E0,-9.547966003E0,3.961105645E-1
3.012373636E1,2.730592966E0,-9.415420532E0,2.532037795E-1
3.014400412E1,3.078743696E0,-9.302528381E0,3.933255672E-1
3.016427188E1,3.304956675E0,-9.207278252E0,6.882432103E-1
3.018453964E1,3.381227016E0,-9.168837547E0,8.186004162E-1
3.020480735E1,3.286565781E0,-9.219502449E0,6.079866290E-1
3.022507511E1,3.163914919E0,-9.277403831E0,2.996852696E-1
3.024534287E1,3.040764093E0,-9.322834015E0,9.432265162E-2
3.026561058E1,2.912256479E0,-9.364192963E0,3.224211186E-2
3.028587834E1,2.783591986E0,-9.403029442E0,7.099124789E-2
3.030627834E1,2.663972855E0,-9.436689377E0,1.500685662E-1
3.032657215E1,2.567385674E0,-9.461847305E0,2.288173139E-1
3.034668157E1,2.507512808E0,-9.476386070E0,2.844071388E-1
3.036694933E1,2.464716911E0,-9.486784935E0,3.106111288E-1
3.038721704E1,2.416564465E0,-9.498970985E0,3.164756000E-1
3.040761704E1,2.384603262E0,-9.507345200E0,3.073130846E-1
3.042775251E1,2.389864206E0,-9.506863594E0,2.801394761E-1
3.044802027E1,2.418558836E0,-9.500857353E0,2.338083982E-1
3.046828803E1,2.442327023E0,-9.496303558E0,1.601193845E-1
3.048855574E1,2.478304148E0,-9.488263130E0,3.537905961E-2
3.050882350E1,2.539963484E0,-9.470525742E0,-1.676879972E-1
3.052909126E1,2.587373257E0,-9.448297501E0,-4.533679783E-1
3.054935897E1,2.607848167E0,-9.425661087E0,-7.255454659E-1
3.056962673E1,2.617307901E0,-9.410634995E0,-8.717929125E-1
3.058989444E1,2.640714407E0,-9.405069351E0,-8.612090349E-1
3.061016220E1,2.702212095E0,-9.397778511E0,-7.417607307E-1
3.063042996E1,2.789749146E0,-9.382954597E0,-5.897924304E-1
3.065082996E1,2.855191946E0,-9.368044853E0,-5.079404712E-1
3.067096543E1,2.891638517E0,-9.354866982E0,-5.433954597E-1
3.069123313E1,2.909586906E0,-9.342572212E0,-6.488682628E-1
3.071150090E1,2.904691935E0,-9.338105202E0,-7.300283909E-1
3.073176860E1,2.851304770E0,-9.358352661E0,-6.794826984E-1
3.075203636E1,2.741580486E0,-9.406618118E0,-4.118907750E-1
3.077230412E1,2.585025787E0,-9.459391594E0,8.918542415E-2
3.079271209E1,2.356823444E0,-9.489387512E0,7.531903982E-1
3.081300548E1,2.056551933E0,-9.481089592E0,1.431752443E0
3.083310761E1,1.707675457E0,-9.453367233E0,1.971817970E0
3.085337522E1,1.356768847E0,-9.444192886E0,2.266444206E0
3.087364298E1,1.105887890E0,-9.464049339E0,2.319302559E0
3.089391063E1,9.742481709E-1,-9.509650230E0,2.188096285E0
3.091417834E1,8.275930285E-1,-9.555926323E0,2.041999578E0
3.093444605E1,5.520765185E-1,-9.553062439E0,2.145834446E0
3.095471376E1,1.645201296E-1,-9.504351616E0,2.410521030E0
3.097498147E1,-4.301724136E-1,-9.420938492E0,2.689097643E0
3.099524923E1,-1.119520307E0,-9.301356316E0,2.898591280E0
3.101551694E1,-1.721062899E0,-9.168024063E0,3.025828600E0
3.103578470E1,-2.150585890E0,-9.008692741E0,3.223167658E0
3.105605241E1,-2.376245260E0,-8.830322266E0,3.542491913E0
3.107632017E1,-2.460358620E0,-8.658972740E0,3.890913486E0
3.109658787E1,-2.493040562E0,-8.525212288E0,4.156427383E0
3.111685558E1,-2.489050388E0,-8.471542358E0,4.267080784E0
3.113712334E1,-2.388078690E0,-8.514990807E0,4.238207817E0
3.115739105E1,-2.172653437E0,-8.637754440E0,4.103557110E0
3.117765881E1,-1.874558568E0,-8.790508270E0,3.922165155E0
3.119792652E1,-1.618224978E0,-8.915179253E0,3.751173735E0
3.121819423E1,-1.497462153E0,-9.079291344E0,3.390350819E0
3.123846199E1,-1.441705942E0,-9.259914398E0,2.888920307E0
3.125872970E1,-1.315953851E0,-9.368258476E0,2.583480358E0
3.127899741E1,-1.090883613E0,-9.439485550E0,2.424148560E0
3.129926517E1,-8.249533772E-1,-9.508138657E0,2.255023479E0
3.131966517E1,-5.271600485E-1,-9.571608543E0,2.068041325E0
3.133980058E1,-1.915189624E-1,-9.617278099E0,1.908318400E0
3.136006834E1,1.685046703E-1,-9.643453598E0,1.773638010E0
3.138033605E1,5.603047013E-1,-9.658988953E0,1.600116491E0
3.140060376E1,9.587484598E-1,-9.663352013E0,1.367782354E0
3.142087152E1,1.311863780E0,-9.651801109E0,1.136729836E0
3.144113923E1,1.599245191E0,-9.626176834E0,9.744399190E-1
3.146140694E1,1.857182741E0,-9.584617615E0,9.254001379E-1
3.148167465E1,2.116805553E0,-9.527575493E0,9.564577937E-1
3.150194240E1,2.379307032E0,-9.464111328E0,9.694745541E-1
3.152221011E1,2.625917912E0,-9.405328751E0,9.026158452E-1
3.154261011E1,2.824784279E0,-9.358704567E0,7.782120705E-1
3.156274558E1,2.955543041E0,-9.327733040E0,6.546489596E-1
3.158301329E1,3.053528309E0,-9.304400444E0,5.239090323E-1
3.160328095E1,3.105151892E0,-9.293453217E0,4.001796842E-1
3.162354871E1,3.079235315E0,-9.305381775E0,3.139765859E-1
3.164381642E1,3.015370369E0,-9.328062057E0,2.553475797E-1
3.166408418E1,2.951234579E0,-9.349841118E0,2.026385069E-1
3.168435188E1,2.872356176E0,-9.375427246E0,1.460274309E-1
3.170461959E1,2.764586687E0,-9.408586502E0,7.717340440E-2
3.172488730E1,2.651108742E0,-9.441504478E0,2.331164287E-4
3.174515501E1,2.574744940E0,-9.462350845E0,-7.065366209E-2
3.176555501E1,2.557360172E0,-9.466371536E0,-1.345003545E-1
3.178569048E1,2.592688322E0,-9.455662727E0,-1.969520897E-1
3.180595819E1,2.640133858E0,-9.440645218E0,-2.725880742E-1
3.182622584E1,2.643479109E0,-9.435729980E0,-3.865260482E-1
3.184649360E1,2.621527672E0,-9.435270309E0,-5.231189132E-1
3.186676131E1,2.610075712E0,-9.432053566E0,-6.278943419E-1
3.188702902E1,2.594021559E0,-9.433075905E0,-6.771482825E-1
3.190729673E1,2.572803020E0,-9.438229561E0,-6.862119436E-1
3.192756444E1,2.575188160E0,-9.437878609E0,-6.821027994E-1
3.194783215E1,2.625889540E0,-9.423488617E0,-6.877286434E-1
3.196809991E1,2.684244394E0,-9.404946327E0,-7.156949043E-1
3.198836761E1,2.704782724E0,-9.396241188E0,-7.517987490E-1
3.200863532E1,2.690543890E0,-9.400141716E0,-7.541208863E-1
3.202890303E1,2.664131165E0,-9.411696434E0,-7.019557357E-1
3.204917074E1,2.618237495E0,-9.433679581E0,-5.664932132E-1
3.206943845E1,2.545343876E0,-9.466407776E0,-2.806031108E-1
3.208970616E1,2.478716612E0,-9.485020638E0,2.464041412E-1
3.210997386E1,2.409103155E0,-9.454394341E0,9.904771447E-1
3.213024157E1,2.258272648E0,-9.379650116E0,1.758621454E0
3.215050928E1,2.014411926E0,-9.307319641E0,2.342293501E0
3.217077699E1,1.750897408E0,-9.299667358E0,2.573119640E0
3.219104470E1,1.460479856E0,-9.395372391E0,2.400906086E0
3.221131240E1,9.279073477E-1,-9.514739037E0,2.186120033E0
3.223158011E1,4.113418758E-1,-9.565500259E0,2.121882915E0
3.225184782E1,8.270252496E-3,-9.548387527E0,2.235754013E0
3.227211553E1,-4.279210567E-1,-9.475218773E0,2.491486549E0
3.229238324E1,-8.754133582E-1,-9.366943359E0,2.768468142E0
3.231265095E1,-1.288361311E0,-9.251074791E0,2.987995386E0
3.233291866E1,-1.637732625E0,-9.114259720E0,3.227769136E0
3.235318636E1,-1.901319742E0,-8.942998886E0,3.546566725E0
3.237345407E1,-2.117712975E0,-8.768580437E0,3.846775055E0
3.239372178E1,-2.300511360E0,-8.666419983E0,3.971295595E0
3.241398949E1,-2.308843851E0,-8.637995720E0,4.027985573E0
3.243425720E1,-2.176234245E0,-8.651177406E0,4.073268414E0
3.245452485E1,-2.043259144E0,-8.683286667E0,4.073819637E0
3.247479256E1,-1.924012542E0,-8.734523773E0,4.022019386E0
3.249506027E1,-1.843341947E0,-8.803884506E0,3.906929970E0
3.251532798E1,-1.861170888E0,-8.873229980E0,3.737943888E0
3.253559569E1,-2.007329464E0,-8.911993980E0,3.566143513E0
3.255586340E1,-2.245169401E0,-8.893354416E0,3.469559908E0
3.257613105E1,-2.540490866E0,-8.817432404E0,3.459648132E0
3.259639876E1,-2.841492176E0,-8.740965843E0,3.419329643E0
3.261666647E1,-3.071727991E0,-8.727520943E0,3.250423908E0
3.263693418E1,-3.248859406E0,-8.749514580E0,3.010198593E0
3.265720188E1,-3.343866587E0,-8.822838783E0,2.673286438E0
3.267746954E1,-3.263345957E0,-8.922837257E0,2.429800749E0
3.269773725E1,-3.032744646E0,-9.029372215E0,2.333082914E0
3.271800496E1,-2.692585707E0,-9.160452843E0,2.237510920E0
3.273827267E1,-2.361173153E0,-9.268323898E0,2.166431427E0
3.275854037E1,-2.106580734E0,-9.348648071E0,2.082185030E0
3.277880803E1,-1.891027689E0,-9.444672585E0,1.841893554E0
3.279907574E1,-1.657807231E0,-9.552027702E0,1.476755977E0
3.281934345E1,-1.381754398E0,-9.649159431E0,1.074648738E0
3.283961116E1,-1.066914320E0,-9.723085403E0,7.026214600E-1
3.285987886E1,-7.180038095E-1,-9.771550179E0,4.143361747E-1
3.288014657E1,-3.380204737E-1,-9.797951698E0,2.372186333E-1
3.290041423E1,8.693777770E-2,-9.804873466E0,1.652248949E-1
3.292068194E1,5.765646100E-1,-9.788368225E0,1.606691778E-1
3.294094964E1,1.135704279E0,-9.738458633E0,2.073216438E-1
3.296121730E1,1.737542391E0,-9.646415710E0,3.130344748E-1
3.298148501E1,2.269607782E0,-9.534064293E0,3.476825058E-1
3.300175272E1,2.554483414E0,-9.465038300E0,2.409010231E-1
3.302202043E1,2.711297274E0,-9.424380302E0,1.714074798E-2
3.304228808E1,2.777452230E0,-9.403988838E0,-1.453392953E-1
3.306255579E1,2.845669985E0,-9.383336067E0,-1.598536372E-1
3.308282350E1,2.946000576E0,-9.353417397E0,-7.099976391E-2
3.310309121E1,3.042720795E0,-9.322596550E0,3.786198795E-2
3.312335886E1,3.098598003E0,-9.303688049E0,1.022688597E-1
3.314362657E1,3.115072250E0,-9.298048019E0,1.141065136E-1
3.316389428E1,3.094143629E0,-9.305122375E0,1.065576300E-1
3.318416199E1,3.046533346E0,-9.320863724E0,1.025422662E-1
3.320442965E1,2.989407778E0,-9.339297295E0,1.065931097E-1
3.322469735E1,2.941210747E0,-9.354608536E0,1.047046036E-1
3.324496506E1,2.910406590E0,-9.364475250E0,8.083269000E-2
3.326523277E1,2.902775049E0,-9.367131233E0,3.380499035E-2
3.328550048E1,2.917497873E0,-9.362581253E0,-2.599027753E-2
3.330576813E1,2.942587376E0,-9.354308128E0,-9.210002422E-2
3.332603579E1,2.981550217E0,-9.340866089E0,-1.702469140E-1
3.334630355E1,3.043712139E0,-9.318165779E0,-2.792617083E-1
3.336657126E1,3.114381313E0,-9.290003777E0,-4.084756672E-1
3.338683895E1,3.176719904E0,-9.262784004E0,-5.288359523E-1
3.340710665E1,3.239753723E0,-9.234962463E0,-6.243760586E-1
3.342737436E1,3.313312769E0,-9.202533722E0,-7.111448646E-1
3.344764197E1,3.288752079E0,-9.200986862E0,-8.344814181E-1
3.346790973E1,3.131726503E0,-9.236752510E0,-1.022291303E0
3.348817744E1,2.965646505E0,-9.273978233E0,-1.169891000E0
3.350844509E1,2.913171768E0,-9.296051979E0,-1.125714183E0
3.352871280E1,2.914500475E0,-9.319063187E0,-9.116637111E-1
3.354898051E1,2.873836040E0,-9.355805397E0,-6.167365909E-1
3.356924816E1,2.740072250E0,-9.410518646E0,-3.232909739E-1
3.358951587E1,2.574848175E0,-9.461820602E0,-1.204007939E-1
3.360978358E1,2.400572538E0,-9.508132935E0,-5.525553226E-2
3.363005124E1,2.195300102E0,-9.557394981E0,-8.509115130E-2
3.365031895E1,2.027154684E0,-9.594799995E0,-2.901711501E-2
3.367058660E1,1.898883820E0,-9.616397858E0,2.991821170E-1
3.369085436E1,1.659795165E0,-9.637150764E0,7.353810668E-1
3.371112202E1,1.399217367E0,-9.646085739E0,1.079631686E0
3.373138973E1,1.187082052E0,-9.646326065E0,1.307519317E0
3.375165744E1,1.037736654E0,-9.638305664E0,1.482077479E0
3.377192509E1,9.701050520E-1,-9.620582581E0,1.635138035E0
3.379219280E1,1.005898714E0,-9.591157913E0,1.779960275E0
3.381246046E1,1.129670024E0,-9.548740387E0,1.927639961E0
3.383272816E1,1.292887688E0,-9.494298935E0,2.087368727E0
3.385299587E1,1.442085385E0,-9.429070473E0,2.276708603E0
3.387326358E1,1.569464803E0,-9.367779732E0,2.439645529E0
3.389353124E1,1.667506218E0,-9.332029343E0,2.510582924E0
3.391379895E1,1.716994166E0,-9.334862709E0,2.466307163E0
3.393406665E1,1.719434977E0,-9.372444153E0,2.317587614E0
3.395433431E1,1.710428119E0,-9.423135757E0,2.109345675E0
3.397460202E1,1.737875223E0,-9.467909813E0,1.873194218E0
3.399486973E1,1.810027361E0,-9.503203392E0,1.607271910E0
3.401513744E1,1.876107216E0,-9.535624504E0,1.312430620E0
3.403540514E1,1.902527571E0,-9.560061455E0,1.075169921E0
3.405567285E1,1.925259471E0,-9.567743301E0,9.602306485E-1
3.407594056E1,1.936251283E0,-9.568668365E0,9.283900261E-1
3.409620822E1,1.870857239E0,-9.573044777E0,1.013443947E0
3.411647592E1,1.718167186E0,-9.577848434E0,1.217830896E0
3.413674363E1,1.560424209E0,-9.555630684E0,1.557368159E0
3.415701134E1,1.512221932E0,-9.522942543E0,1.788052797E0
3.417727905E1,1.465697408E0,-9.520864487E0,1.837185860E0
3.419754676E1,1.337218285E0,-9.554942131E0,1.756506801E0
3.421781447E1,1.191087842E0,-9.599261284E0,1.614267111E0
3.423808218E1,1.065993071E0,-9.639061928E0,1.456890106E0
3.425834988E1,9.940422773E-1,-9.665617943E0,1.325936556E0
3.427861759E1,9.643605351E-1,-9.677253723E0,1.261412621E0
3.429888535E1,9.468555450E-1,-9.676569939E0,1.279785275E0
3.431915306E1,9.245119691E-1,-9.667024612E0,1.365399003E0
3.433942077E1,8.910435438E-1,-9.656867981E0,1.456477642E0
3.435968848E1,8.698835969E-1,-9.656538010E0,1.471379757E0
3.437995624E1,9.000728726E-1,-9.672883034E0,1.339994788E0
3.440022556E1,1.014670730E0,-9.695523262E0,1.066613555E0
3.442049165E1,1.172958970E0,-9.705035210E0,7.789952755E-1
3.444075941E1,1.349777341E0,-9.696640015E0,5.689158440E-1
3.446102712E1,1.534806252E0,-9.675498962E0,4.466262460E-1
3.448129488E1,1.709508181E0,-9.649364471E0,3.711299598E-1
3.450156259E1,1.842293382E0,-9.627286911E0,3.027933836E-1
3.452183035E1,1.912755609E0,-9.615990639E0,2.109277695E-1
3.454209806E1,1.925606251E0,-9.615365028E0,8.469474316E-2
3.456236582E1,1.904274583E0,-9.619783401E0,-6.234831735E-2
3.458263353E1,1.846381903E0,-9.628711700E0,-2.217612565E-1
3.460290129E1,1.755145311E0,-9.639871597E0,-4.033815563E-1
3.462316905E1,1.666882753E0,-9.644931793E0,-6.059556007E-1
3.464343676E1,1.632825613E0,-9.639221191E0,-7.679074407E-1
3.466370452E1,1.648476124E0,-9.628303528E0,-8.652591705E-1
3.468397228E1,1.681871772E0,-9.618160248E0,-9.125083685E-1
3.470423999E1,1.725648642E0,-9.611132622E0,-9.047878981E-1
3.472450775E1,1.773963809E0,-9.607289314E0,-8.505392671E-1
3.474477551E1,1.828685641E0,-9.604052544E0,-7.671301365E-1
3.476504327E1,1.882997632E0,-9.601664543E0,-6.578361392E-1
3.478531103E1,1.920930862E0,-9.601532936E0,-5.394228101E-1
3.480571103E1,1.931610107E0,-9.604029655E0,-4.493362904E-1
3.482600478E1,1.938824058E0,-9.603789330E0,-4.225982726E-1
3.484611426E1,2.001935959E0,-9.589486122E0,-4.521158934E-1
3.486638207E1,2.159384012E0,-9.552175522E0,-5.132066607E-1
3.488664988E1,2.323439121E0,-9.509049416E0,-5.916064382E-1
3.490691764E1,2.330525637E0,-9.502542496E0,-6.638676524E-1
3.492718540E1,2.242477894E0,-9.528233528E0,-5.953482389E-1
3.494745311E1,2.186797142E0,-9.555551529E0,-2.823681831E-1
3.496772087E1,2.104543686E0,-9.575922966E0,2.073239684E-1
3.498798869E1,1.988914490E0,-9.575364113E0,7.259604335E-1
3.500825645E1,1.862219214E0,-9.557103157E0,1.168041945E0
3.502852426E1,1.716386080E0,-9.538202286E0,1.499038696E0
3.504879202E1,1.576254964E0,-9.525394440E0,1.718329787E0
3.506905983E1,1.462413788E0,-9.523555756E0,1.825822353E0
3.508932759E1,1.363206863E0,-9.538667679E0,1.823697925E0
3.510959535E1,1.258809686E0,-9.566782951E0,1.749984026E0
3.512986316E1,1.041178584E0,-9.573101044E0,1.855282664E0
3.515026316E1,6.721041799E-1,-9.527396202E0,2.224274397E0
3.517039874E1,2.557896376E-1,-9.458103180E0,2.578613758E0
3.519066645E1,-1.912496686E-1,-9.389250755E0,2.824142456E0
3.521093431E1,-6.242023706E-1,-9.319471359E0,2.988010645E0
3.523120207E1,-1.037017345E0,-9.251149178E0,3.084026814E0
3.525146988E1,-1.367368340E0,-9.174810410E0,3.181750298E0
3.527173770E1,-1.588058472E0,-9.097981453E0,3.297754526E0
3.529200546E1,-1.744769454E0,-9.039435387E0,3.378576040E0
3.531227322E1,-1.867063522E0,-9.008772850E0,3.395066261E0
3.533254103E1,-1.920758009E0,-9.006239891E0,3.371753454E0
3.535280879E1,-1.860062838E0,-9.038994789E0,3.317698479E0
3.537307665E1,-1.663996935E0,-9.115105629E0,3.211910009E0
3.539334447E1,-1.305060625E0,-9.232338905E0,3.038278341E0
3.541361228E1,-8.254677653E-1,-9.354560852E0,2.825097561E0
3.543388009E1,-4.728852808E-1,-9.438643456E0,2.618927717E0
3.545414790E1,-2.501479387E-1,-9.546098709E0,2.231548548E0
3.547441572E1,1.302196980E-1,-9.637725830E0,1.807669520E0
3.549468353E1,4.667919874E-1,-9.663750648E0,1.601380229E0
3.551495134E1,7.075300813E-1,-9.666724205E0,1.491390467E0
3.553521915E1,9.741143584E-1,-9.656443596E0,1.405203104E0
3.555548697E1,1.286494613E0,-9.630404472E0,1.330646515E0
3.557575478E1,1.617072105E0,-9.599046707E0,1.189021230E0
3.559602264E1,1.956527948E0,-9.564049721E0,9.334625006E-1
3.561629046E1,2.284024239E0,-9.518039703E0,6.004363298E-1
3.563655827E1,2.547719240E0,-9.465295792E0,2.961284518E-1
3.565682608E1,2.722891808E0,-9.419763565E0,1.558895409E-1
3.567709389E1,2.860135555E0,-9.377607346E0,2.246972024E-1
3.569736176E1,3.004292250E0,-9.326936722E0,3.909948170E-1
3.571762957E1,3.141617775E0,-9.276041031E0,5.056538582E-1
3.573789738E1,3.206298590E0,-9.254449844E0,4.951948822E-1
3.575816525E1,3.169831514E0,-9.272216797E0,3.854225278E-1
3.577843306E1,3.114535809E0,-9.295329094E0,2.586647272E-1
3.579870093E1,3.029895067E0,-9.325069427E0,1.822432876E-1
3.581910092E1,2.921354055E0,-9.359563828E0,1.861436218E-1
3.583939447E1,2.808126688E0,-9.392817497E0,2.445064038E-1
3.585950499E1,2.699779272E0,-9.422624588E0,3.093861938E-1
3.587977264E1,2.593873739E0,-9.450762749E0,3.539622128E-1
3.590004046E1,2.486964226E0,-9.478925705E0,3.679424226E-1
3.592030816E1,2.381065130E0,-9.506391525E0,3.597504497E-1
3.594057598E1,2.277854443E0,-9.532289505E0,3.423773348E-1
3.596084374E1,2.184478045E0,-9.554919243E0,3.193351030E-1
3.598111155E1,2.106810331E0,-9.573421478E0,2.851931453E-1
3.600137936E1,2.044298410E0,-9.588347435E0,2.341804057E-1
3.602164718E1,2.001789808E0,-9.598989487E0,1.503341496E-1
3.604191499E1,1.986409307E0,-9.603316307E0,2.952431329E-2
3.606218285E1,1.988021731E0,-9.602341652E0,-1.148124859E-1
3.608245066E1,1.989347696E0,-9.600804329E0,-1.934754401E-1
3.610271853E1,1.978297830E0,-9.604025841E0,-1.393603832E-1
3.612298639E1,1.962633014E0,-9.608225822E0,-2.136445232E-2
3.614325426E1,1.937339306E0,-9.612830162E0,1.029592827E-1
3.616352207E1,1.912548900E0,-9.615924835E0,2.157464772E-1
3.618378994E1,1.908023357E0,-9.614218712E0,3.108736873E-1
3.620405780E1,1.944131255E0,-9.604060173E0,3.908572495E-1
3.622432566E1,2.055713177E0,-9.578200340E0,4.499961138E-1
3.624459348E1,2.253461361E0,-9.532971382E0,4.634212852E-1
3.626499348E1,2.490017176E0,-9.476905823E0,3.980806768E-1
3.628512921E1,2.678282738E0,-9.430628777E0,2.458189428E-1
3.630539707E1,2.793955564E0,-9.400117874E0,4.460336268E-2
3.632566494E1,2.863619089E0,-9.377999306E0,-1.523146629E-1
3.634593280E1,2.912241936E0,-9.358778000E0,-3.201768398E-1
3.636620066E1,2.967763662E0,-9.335461617E0,-4.603564143E-1
3.638646853E1,3.029764891E0,-9.307894707E0,-5.949808955E-1
3.640673634E1,3.059139013E0,-9.286791801E0,-7.533691525E-1
3.642700421E1,2.986895084E0,-9.282338142E0,-1.042616129E0
3.644727207E1,2.774776936E0,-9.305050850E0,-1.373701572E0
3.646753999E1,2.567969322E0,-9.346215248E0,-1.491367579E0
3.648788650E1,2.467679024E0,-9.419795036E0,-1.161209822E0
3.650807577E1,2.410388947E0,-9.494132996E0,-4.710086882E-1
3.652834353E1,2.325801134E0,-9.521112442E0,3.308301270E-1
3.654861145E1,2.150108099E0,-9.510515213E0,1.047630548E0
3.656887931E1,1.893631458E0,-9.495390892E0,1.556309938E0
3.658927931E1,1.662198544E0,-9.499399185E0,1.780144215E0
3.660941504E1,1.474577188E0,-9.550623894E0,1.667812705E0
3.662968290E1,1.270857692E0,-9.635118484E0,1.311414123E0
3.664995077E1,1.036114693E0,-9.691266060E0,1.084531784E0
3.667021863E1,7.516824603E-1,-9.700750351E0,1.225071788E0
3.669061863E1,3.144364059E-1,-9.686761856E0,1.496051073E0
3.671075436E1,-3.223036528E-1,-9.644577026E0,1.746035695E0
3.673102223E1,-8.916864991E-1,-9.566618919E0,1.963435411E0
3.675129009E1,-1.255755305E0,-9.466076851E0,2.233124495E0
3.677155796E1,-1.451213002E0,-9.343240738E0,2.601578474E0
3.679195796E1,-1.537456870E0,-9.205581665E0,3.010625839E0
3.681209374E1,-1.609651208E0,-9.093714714E0,3.299056768E0
3.683236160E1,-1.722753167E0,-9.042747498E0,3.381007195E0
3.685262947E1,-1.816171408E0,-9.036581993E0,3.348448515E0
3.687289733E1,-1.863193750E0,-9.056026459E0,3.269141197E0
3.689329733E1,-1.869158626E0,-9.087010384E0,3.178500175E0
3.691343311E1,-1.826434135E0,-9.129688263E0,3.079499245E0
3.693370098E1,-1.719420671E0,-9.184529305E0,2.976305246E0
3.695396884E1,-1.544071913E0,-9.237249374E0,2.908510923E0
3.697423671E1,-1.343627930E0,-9.309427261E0,2.774817944E0
3.699450457E1,-1.162527204E0,-9.447725296E0,2.357840776E0
3.701477249E1,-1.038000345E0,-9.559886932E0,1.923924327E0
3.703504035E1,-7.643885612E-1,-9.634229660E0,1.663644195E0
3.705530822E1,-2.634632587E-1,-9.672305107E0,1.596086144E0
3.707557608E1,3.574635983E-1,-9.666655540E0,1.611955404E0
3.709584400E1,9.655830264E-1,-9.631355286E0,1.573220372E0
3.711611186E1,1.446801662E0,-9.588780403E0,1.460289001E0
3.713637973E1,1.750520349E0,-9.563508034E0,1.282713056E0
3.715664759E1,2.036500692E0,-9.533305168E0,1.067307711E0
3.717691551E1,2.372892141E0,-9.480265617E0,8.150691986E-1
3.719718337E1,2.730108976E0,-9.404674530E0,5.186370015E-1
3.721745124E1,3.094723940E0,-9.302760124E0,2.274558991E-1
3.723771910E1,3.452589035E0,-9.178725243E0,3.218352795E-2
3.725798702E1,3.741840839E0,-9.064661980E0,-3.026212193E-2
3.727825488E1,3.906841516E0,-8.994554520E0,7.039850205E-2
3.729852275E1,3.959849834E0,-8.968189240E0,2.480940223E-1
3.731879066E1,3.965825558E0,-8.963775635E0,3.055146635E-1
3.733905853E1,3.933203459E0,-8.980385780E0,2.301227897E-1
3.735932639E1,3.836627960E0,-9.024277687E0,1.143273190E-1
3.737959426E1,3.684925079E0,-9.087921143E0,3.753867000E-2
3.739986218E1,3.505238771E0,-9.158778191E0,2.194265090E-2
3.742013004E1,3.305472374E0,-9.232536316E0,6.712474674E-2
3.744039790E1,3.083350182E0,-9.307806015E0,1.675873697E-1
3.746066582E1,2.868411064E0,-9.372820854E0,3.047027886E-1
3.748093369E1,2.704142809E0,-9.415481567E0,4.546603858E-1
3.750120155E1,2.588445425E0,-9.440008163E0,5.971559882E-1
3.752146947E1,2.465249777E0,-9.465523720E0,7.048286200E-1
3.754173733E1,2.347139597E0,-9.492991447E0,7.378520966E-1
3.756200525E1,2.296866417E0,-9.510711670E0,6.641978621E-1
3.758227311E1,2.331140041E0,-9.512825012E0,4.922783375E-1
3.760254098E1,2.408820868E0,-9.502447128E0,2.673588395E-1
3.762280889E1,2.471792221E0,-9.489916801E0,4.593118653E-2
3.764307676E1,2.505300045E0,-9.480301857E0,-1.331693977E-1
3.766334462E1,2.536676884E0,-9.471069336E0,-1.857679933E-1
3.768361254E1,2.577906847E0,-9.461145401E0,-1.073341966E-1
3.770388040E1,2.631908894E0,-9.446853638E0,2.020764910E-2
3.772414832E1,2.719439268E0,-9.421313286E0,1.178409308E-1
3.774441619E1,2.843090057E0,-9.384332657E0,1.467151642E-1
3.776468405E1,2.978947639E0,-9.342798233E0,9.146378934E-2
3.778495197E1,3.077574253E0,-9.311183929E0,-2.796784230E-2
3.780521983E1,3.107581615E0,-9.299728394E0,-1.684648246E-1
3.782548775E1,3.092967510E0,-9.301273346E0,-3.004368544E-1
3.784575561E1,3.102549553E0,-9.294532776E0,-3.952582777E-1
3.786602348E1,3.169650078E0,-9.271533966E0,-4.029685259E-1
3.788642348E1,3.217179775E0,-9.258191109E0,-3.256495595E-1
3.790655926E1,3.249017954E0,-9.250025749E0,-2.264847904E-1
3.792682712E1,3.259731770E0,-9.246109962E0,-2.323131114E-1
3.794709504E1,3.197498322E0,-9.263666153E0,-3.617815077E-1
3.796736290E1,3.118993044E0,-9.282579422E0,-5.253607035E-1
3.798763077E1,3.007596731E0,-9.314077377E0,-6.105079055E-1
3.800789868E1,2.881501675E0,-9.367117882E0,-3.527444005E-1
3.802816655E1,2.789407015E0,-9.397356987E0,2.815385759E-1
3.804843441E1,2.639524221E0,-9.375686646E0,1.140086532E0
3.806870233E1,2.372961760E0,-9.307514191E0,1.977274179E0
3.808910233E1,2.065161705E0,-9.236759186E0,2.566665173E0
3.810923806E1,1.872588873E0,-9.232104301E0,2.726180792E0
3.812950598E1,1.814388156E0,-9.328638077E0,2.419690132E0
3.814977384E1,1.630767584E0,-9.435800552E0,2.115815401E0
3.817004171E1,1.210286736E0,-9.457094193E0,2.295420885E0
3.819044171E1,7.790889144E-1,-9.416850090E0,2.624187708E0
3.821057749E1,2.799167335E-1,-9.350711823E0,2.942146778E0
3.823084535E1,-2.372104526E-1,-9.267217636E0,3.198873758E0
3.825111327E1,-6.928986311E-1,-9.180339813E0,3.378113747E0
3.827138113E1,-1.029243708E0,-9.082040787E0,3.553529263E0
3.829178113E1,-1.241809845E0,-9.001386642E0,3.688269377E0
3.831191686E1,-1.362085462E0,-8.951105118E0,3.767337322E0
3.833218478E1,-1.408002019E0,-8.907123566E0,3.853708029E0
3.835245264E1,-1.422636032E0,-8.867695808E0,3.938333511E0
3.837272051E1,-1.412706614E0,-8.844927788E0,3.992731094E0
3.839298837E1,-1.393746614E0,-8.843211174E0,4.003181458E0
3.841325629E1,-1.379408836E0,-8.862968445E0,3.964267015E0
3.843352415E1,-1.308900952E0,-8.901857376E0,3.900524855E0
3.845379202E1,-1.152002096E0,-8.948283195E0,3.843373299E0
3.847405988E1,-9.861493111E-1,-9.023915291E0,3.710372210E0
3.849432780E1,-8.018237352E-1,-9.222214699E0,3.237005711E0
3.851467431E1,-6.400603652E-1,-9.435583115E0,2.594319820E0
3.853486358E1,-3.537717760E-1,-9.548877716E0,2.205484629E0
3.855513145E1,3.989601135E-2,-9.605298996E0,1.976620197E0
3.857539931E1,4.779838026E-1,-9.618420601E0,1.851458788E0
3.859566718E1,1.003373504E0,-9.591497421E0,1.779546380E0
3.861593504E1,1.515756249E0,-9.528692245E0,1.754108310E0
3.863620296E1,1.925250053E0,-9.464913368E0,1.696824431E0
3.865647082E1,2.281943560E0,-9.416910172E0,1.511594415E0
3.867673869E1,2.650782347E0,-9.365746498E0,1.194373488E0
3.869700660E1,2.996502876E0,-9.301196098E0,8.240827918E-1
3.871727447E1,3.280413628E0,-9.228137970E0,5.007514358E-1
3.873754233E1,3.495942354E0,-9.155410767E0,3.566788137E-1
3.875781020E1,3.660537720E0,-9.086383820E0,4.565864801E-1
3.877807806E1,3.788325071E0,-9.023805618E0,6.244273186E-1
3.879834598E1,3.853577375E0,-8.996592522E0,6.177685261E-1
3.881861384E1,3.847890854E0,-9.008880615E0,4.518632293E-1
3.883888171E1,3.807270527E0,-9.033710480E0,2.591258287E-1
3.885914957E1,3.734009743E0,-9.067056656E0,1.266308129E-1
3.887941744E1,3.623177052E0,-9.112493515E0,7.374801487E-2
3.889968530E1,3.480589867E0,-9.167892456E0,7.502584904E-2
3.891995322E1,3.321758747E0,-9.226454735E0,9.395834804E-2
3.894022108E1,3.159258366E0,-9.283182144E0,1.095237806E-1
3.896048895E1,3.008298874E0,-9.333174706E0,1.112587973E-1
3.898075681E1,2.885725021E0,-9.371868134E0,1.051021665E-1
3.900102468E1,2.794678211E0,-9.399376869E0,1.089593247E-1
3.902129254E1,2.737293482E0,-9.416184425E0,1.144227013E-1
3.904156046E1,2.719162941E0,-9.421708107E0,8.915615827E-2
3.906182832E1,2.752639294E0,-9.412397385E0,1.114191487E-2
3.908209619E1,2.824899912E0,-9.390110016E0,-1.271081269E-1
3.910236405E1,2.902399540E0,-9.362641335E0,-2.956508398E-1
3.912263191E1,2.982034445E0,-9.328855515E0,-5.003269315E-1
3.914289983E1,3.050509214E0,-9.290178299E0,-7.465776801E-1
3.916316770E1,3.071418524E0,-9.263481140E0,-9.616130590E-1
3.918343556E1,3.050086498E0,-9.259363174E0,-1.063746572E0
3.920370342E1,3.033061028E0,-9.267045021E0,-1.045375824E0
3.922397134E1,3.042806625E0,-9.272483826E0,-9.657966495E-1
3.924423921E1,3.047815800E0,-9.276814461E0,-9.065924287E-1
3.926450707E1,3.040248394E0,-9.279008865E0,-9.095400572E-1
3.928477499E1,3.049322605E0,-9.270915985E0,-9.602797627E-1
3.930504285E1,3.064745665E0,-9.260744095E0,-1.008138180E0
3.932531077E1,3.068520546E0,-9.262337685E0,-9.816672206E-1
3.934557863E1,3.037851810E0,-9.287878036E0,-8.228915334E-1
3.936584655E1,2.968054295E0,-9.334662437E0,-4.744804502E-1
3.938611441E1,2.870056391E0,-9.376828194E0,9.087743610E-2
3.940638233E1,2.709853172E0,-9.391201973E0,7.952382565E-1
3.942665020E1,2.468634605E0,-9.378028870E0,1.459043026E0
3.944691811E1,2.207783699E0,-9.361160278E0,1.914358974E0
3.946718603E1,2.005586386E0,-9.368747711E0,2.091554403E0
3.948745389E1,1.872487307E0,-9.418921471E0,1.986979604E0
3.950772181E1,1.696326137E0,-9.499698639E0,1.746023893E0
3.952798973E1,1.344185114E0,-9.561409950E0,1.715515733E0
3.954825764E1,9.402123094E-1,-9.578487396E0,1.881212831E0
3.956852551E1,4.826772213E-1,-9.565039635E0,2.108896017E0
3.958892551E1,-4.096468911E-2,-9.519275665E0,2.356289625E0
3.960906134E1,-4.804827571E-1,-9.446440697E0,2.589264154E0
3.962932931E1,-7.769636512E-1,-9.369064331E0,2.790579796E0
3.964959723E1,-9.667825103E-1,-9.282004356E0,3.013324738E0
3.966986514E1,-1.091001391E0,-9.198123932E0,3.220963478E0
3.969026514E1,-1.223039269E0,-9.141009331E0,3.334144354E0
3.971040098E1,-1.376738787E0,-9.109969139E0,3.359085321E0
3.973066895E1,-1.520629883E0,-9.101229668E0,3.320494175E0
3.975093686E1,-1.611465573E0,-9.112852097E0,3.244918346E0
3.977120478E1,-1.621441483E0,-9.141225815E0,3.159004211E0
3.979160478E1,-1.544087887E0,-9.191502571E0,3.049993753E0
3.981174066E1,-1.375197053E0,-9.261096954E0,2.917414665E0
3.983200863E1,-1.180366993E0,-9.327536583E0,2.788223267E0
3.985227660E1,-1.060411096E0,-9.417387009E0,2.521651506E0
3.987254457E1,-9.393731356E-1,-9.532883644E0,2.100498438E0
3.989294457E1,-6.679883003E-1,-9.603363037E0,1.870721459E0
3.991308046E1,-2.689293325E-1,-9.654258728E0,1.700985670E0
3.993334843E1,1.295122802E-1,-9.696249962E0,1.461624742E0
3.995361639E1,5.512710214E-1,-9.711774826E0,1.244156122E0
3.997388436E1,1.026428461E0,-9.692254066E0,1.084920168E0
3.999415233E1,1.529914498E0,-9.641198158E0,9.365069866E-1
4.001442030E1,2.020370960E0,-9.568407059E0,7.307966352E-1
4.003468827E1,2.471014977E0,-9.478405952E0,4.735804498E-1
4.005495629E1,2.854635000E0,-9.379044533E0,2.344439626E-1
4.007522426E1,3.166197538E0,-9.281051636E0,8.751104772E-2
4.009562426E1,3.430485964E0,-9.186744690E0,7.666103542E-2
4.011576025E1,3.653856993E0,-9.099105835E0,1.611677557E-1
4.013602822E1,3.812020779E0,-9.033228874E0,1.991728097E-1
4.015629624E1,3.882898331E0,-9.004350662E0,1.230768338E-1
4.017656421E1,3.893868685E0,-9.000441551E0,-1.456096862E-2
4.019683223E1,3.878867626E0,-9.005926132E0,-1.344210207E-1
4.021710025E1,3.844620466E0,-9.019372940E0,-2.005208433E-1
4.023736827E1,3.786841631E0,-9.043196678E0,-2.253935337E-1
4.025763629E1,3.694079876E0,-9.081527710E0,-2.236970961E-1
4.027790431E1,3.563616514E0,-9.134052277E0,-2.002720684E-1
4.029817233E1,3.408330917E0,-9.193904877E0,-1.605683416E-1
4.031844035E1,3.239027739E0,-9.255670547E0,-1.079460979E-1
4.033870837E1,3.065574169E0,-9.315084457E0,-4.289497435E-2
4.035897645E1,2.908792019E0,-9.365275383E0,3.038809448E-2
4.037924447E1,2.787058115E0,-9.401826859E0,9.137302637E-2
4.039951249E1,2.693513155E0,-9.428837776E0,1.113179550E-1
4.041978056E1,2.631666183E0,-9.446782112E0,5.519760400E-2
4.044004858E1,2.613554716E0,-9.451559067E0,-8.801653236E-2
4.046031665E1,2.619074106E0,-9.445948601E0,-2.913617790E-1
4.048058468E1,2.629940033E0,-9.433934212E0,-5.046676993E-1
4.050085280E1,2.641405821E0,-9.421099663E0,-6.604959965E-1
4.052112087E1,2.671210766E0,-9.406997681E0,-7.371764779E-1
4.054138889E1,2.708800316E0,-9.395752907E0,-7.433764338E-1
4.056165702E1,2.737209082E0,-9.390760422E0,-7.012071609E-1
4.058192509E1,2.761935949E0,-9.388120651E0,-6.366315484E-1
4.060219316E1,2.782230854E0,-9.386254311E0,-5.725601315E-1
4.062246119E1,2.821847677E0,-9.377903938E0,-5.123235583E-1
4.064272926E1,2.902085543E0,-9.356628418E0,-4.492053688E-1
4.066299738E1,2.998928308E0,-9.328467369E0,-3.956096470E-1
4.068326551E1,3.095805407E0,-9.297161102E0,-3.862464726E-1
4.070353358E1,3.192414761E0,-9.261038780E0,-4.604603052E-1
4.072380171E1,3.288120747E0,-9.217282295E0,-6.327498555E-1
4.074406978E1,3.316908121E0,-9.186351776E0,-8.828687668E-1
4.076433790E1,3.246627569E0,-9.189183235E0,-1.090270996E0
4.078460603E1,3.113171577E0,-9.228147507E0,-1.148843527E0
4.080487415E1,2.977153778E0,-9.298989296E0,-9.141867161E-1
4.082514233E1,2.860665083E0,-9.373571396E0,-3.509151638E-1
4.084541046E1,2.729168892E0,-9.411879539E0,3.722222149E-1
4.086567858E1,2.556831360E0,-9.409433365E0,1.046700597E0
4.088607858E1,2.365405321E0,-9.390774727E0,1.545506001E0
4.090621488E1,2.220465660E0,-9.381032944E0,1.798928499E0
4.092648306E1,2.147686720E0,-9.393875122E0,1.820148110E0
4.094675129E1,2.108255863E0,-9.442378998E0,1.602222204E0
4.096701936E1,1.970626950E0,-9.502848625E0,1.408141732E0
4.098728754E1,1.629291177E0,-9.538866997E0,1.589280367E0
4.100755572E1,1.207557201E0,-9.534932137E0,1.948657274E0
4.102782389E1,7.628515363E-1,-9.508521080E0,2.275185823E0
4.104809207E1,3.236092031E-1,-9.466865540E0,2.538526058E0
4.106836025E1,-9.357122332E-2,-9.413908958E0,2.745895386E0
4.108876025E1,-4.654074311E-1,-9.351039886E0,2.917504072E0
4.110889665E1,-7.321413159E-1,-9.276162148E0,3.096316814E0
4.112916483E1,-9.045408964E-1,-9.205121994E0,3.258515120E0
4.114943306E1,-1.017748713E0,-9.156285286E0,3.361102581E0
4.116970124E1,-1.091838598E0,-9.132296562E0,3.402857542E0
4.119010124E1,-1.114178777E0,-9.127202988E0,3.409274817E0
4.121023770E1,-1.084084630E0,-9.145187378E0,3.370562315E0
4.123050592E1,-9.819477797E-1,-9.193723679E0,3.268274307E0
4.125077410E1,-8.138489127E-1,-9.282217026E0,3.057530642E0
4.127104233E1,-6.686390042E-1,-9.411937714E0,2.671838760E0
4.129144233E1,-6.468503475E-1,-9.578801155E0,1.999631763E0
4.131157884E1,-5.118826628E-1,-9.706185341E0,1.303195596E0
4.133184707E1,-1.835914105E-1,-9.756548882E0,9.728441834E-1
4.135211530E1,1.809941232E-1,-9.769154549E0,8.374006152E-1
4.137238358E1,4.304611981E-1,-9.770953178E0,7.166383862E-1
4.139265181E1,6.260065436E-1,-9.767889977E0,6.056543589E-1
4.141292009E1,9.363073707E-1,-9.748124123E0,5.174728632E-1
4.143318832E1,1.357857466E0,-9.703564644E0,4.092170596E-1
4.145345660E1,1.827199221E0,-9.632512093E0,2.154887468E-1
4.147372488E1,2.300523758E0,-9.532916069E0,-3.849327192E-2
4.149399311E1,2.722116709E0,-9.416881561E0,-2.877562344E-1
4.151426139E1,3.075509787E0,-9.301449776E0,-4.411966503E-1
4.153452968E1,3.380338907E0,-9.195003510E0,-4.422798157E-1
4.155479801E1,3.624253511E0,-9.107047081E0,-3.112411201E-1
4.157506629E1,3.782448769E0,-9.046814919E0,-1.364818811E-1
4.159533457E1,3.861392736E0,-9.014131546E0,-7.393007725E-2
4.161560285E1,3.874688148E0,-9.007777214E0,-1.309056878E-1
4.163587118E1,3.834870338E0,-9.023072243E0,-2.198245674E-1
4.165613947E1,3.765492439E0,-9.050690651E0,-2.764925063E-1
4.167640775E1,3.688468456E0,-9.082002640E0,-2.877634466E-1
4.169667608E1,3.599317074E0,-9.117846489E0,-2.831573188E-1
4.171694441E1,3.494490623E0,-9.158384323E0,-2.879744768E-1
4.173721270E1,3.379966259E0,-9.201520920E0,-2.796956897E-1
4.175748103E1,3.255757093E0,-9.247588158E0,-2.292573154E-1
4.177774936E1,3.121620893E0,-9.295520782E0,-1.384314448E-1
4.179801770E1,2.985435009E0,-9.341111183E0,-3.461104259E-2
4.181828598E1,2.848244429E0,-9.383782387E0,5.015726760E-2
4.183855436E1,2.719928265E0,-9.421511650E0,8.656883240E-2
4.185882270E1,2.617376566E0,-9.450768471E0,5.195488781E-2
4.187909103E1,2.550236702E0,-9.469066620E0,-5.866295844E-2
4.189935936E1,2.526303768E0,-9.472581863E0,-2.415981442E-1
4.191962770E1,2.551255465E0,-9.456747055E0,-4.810573161E-1
4.193989603E1,2.618183613E0,-9.421685219E0,-7.398294210E-1
4.196016441E1,2.698907852E0,-9.380450249E0,-9.452115893E-1
4.198043275E1,2.770154238E0,-9.349748611E0,-1.038677216E0
4.200070113E1,2.854574442E0,-9.322433472E0,-1.055477619E0
4.202096947E1,2.937654257E0,-9.300137520E0,-1.023725986E0
4.204123785E1,3.004351139E0,-9.282829285E0,-9.865877032E-1
4.206150624E1,3.048338652E0,-9.268506050E0,-9.863228202E-1
4.208177462E1,3.060021639E0,-9.259267807E0,-1.035670519E0
4.210204296E1,3.041664362E0,-9.256650925E0,-1.110441208E0
4.212231134E1,3.003798723E0,-9.262903214E0,-1.160263538E0
4.214257973E1,2.978881836E0,-9.271863937E0,-1.152903795E0
4.216284811E1,3.022950649E0,-9.264884949E0,-1.092736125E0
4.218311650E1,3.150889158E0,-9.231421471E0,-1.011507869E0
4.220338494E1,3.309382439E0,-9.179978371E0,-9.728248715E-1
4.222365332E1,3.432188272E0,-9.127655029E0,-1.037489176E0
4.224392171E1,3.452248335E0,-9.102165222E0,-1.184463382E0
4.226419014E1,3.358190298E0,-9.119238853E0,-1.316216588E0
4.228445853E1,3.233078718E0,-9.157536507E0,-1.362758756E0
4.230472691E1,3.114948988E0,-9.207057953E0,-1.302907586E0
4.232499535E1,3.013311148E0,-9.272855759E0,-1.050943494E0
4.234526374E1,2.965545177E0,-9.330542564E0,-5.629386902E-1
4.236553218E1,2.936805964E0,-9.356456757E0,4.780247062E-2
4.238580061E1,2.877829075E0,-9.354903221E0,6.117705107E-1
4.240606905E1,2.801673889E0,-9.345257759E0,9.935683608E-1
4.242633749E1,2.747040749E0,-9.345335007E0,1.135283470E0
4.244660587E1,2.699818373E0,-9.365546227E0,1.080693960E0
4.246687431E1,2.523768663E0,-9.408878326E0,1.128705263E0
4.248714275E1,2.253917217E0,-9.444808960E0,1.373257041E0
4.250741118E1,1.982631326E0,-9.460867882E0,1.652735472E0
4.252767962E1,1.682175279E0,-9.480156898E0,1.862064958E0
4.254794801E1,1.260987043E0,-9.502809525E0,2.068068266E0
4.256821655E1,8.180166483E-1,-9.499184608E0,2.294935226E0
4.258861655E1,4.921979904E-1,-9.459720612E0,2.538075209E0
4.260875342E1,3.213578165E-1,-9.378376961E0,2.848360538E0
4.262902186E1,2.741423845E-1,-9.255706787E0,3.229105711E0
4.264929035E1,2.575389147E-1,-9.115633011E0,3.606839180E0
4.266955884E1,2.366674393E-1,-9.012534142E0,3.858574152E0
4.268995884E1,2.644993663E-1,-8.955527306E0,3.987349510E0
4.271009577E1,3.556504846E-1,-8.930496216E0,4.036105633E0
4.273036421E1,4.438486993E-1,-8.945977211E0,3.992854357E0
4.275063270E1,5.169591308E-1,-8.998793602E0,3.863269567E0
4.277090118E1,5.509195328E-1,-9.073475838E0,3.679527283E0
4.279130118E1,5.332015753E-1,-9.145610809E0,3.499126196E0
4.281143816E1,4.683538079E-1,-9.196754456E0,3.372053623E0
4.283170660E1,3.755045831E-1,-9.243309975E0,3.254319668E0
4.285197509E1,3.039913774E-1,-9.319363594E0,3.037670135E0
4.287224358E1,2.414709628E-1,-9.423590660E0,2.703336477E0
4.289264358E1,2.470296919E-1,-9.542133331E0,2.248788834E0
4.291278056E1,3.880926669E-1,-9.612181664E0,1.904142737E0
4.293304905E1,6.648123264E-1,-9.640035629E0,1.672760129E0
4.295331759E1,9.788230062E-1,-9.628914833E0,1.579962254E0
4.297358608E1,1.194038272E0,-9.578057289E0,1.733633399E0
4.299385457E1,1.314823508E0,-9.552097321E0,1.788597941E0
4.301412306E1,1.479746938E0,-9.569272995E0,1.552343607E0
4.303439160E1,1.731163621E0,-9.589542389E0,1.101881623E0
4.305466009E1,2.051324606E0,-9.569705009E0,6.190251708E-1
4.307492863E1,2.391637325E0,-9.506361008E0,2.820594311E-1
4.309519712E1,2.663562298E0,-9.437078476E0,1.317577660E-1
4.311546566E1,2.837316751E0,-9.385956764E0,1.544664800E-1
4.313573415E1,2.972468376E0,-9.341635704E0,2.620360553E-1
4.315600270E1,3.117985249E0,-9.290328026E0,3.719649315E-1
4.317627119E1,3.254743576E0,-9.239740372E0,4.519279003E-1
4.319653973E1,3.341525793E0,-9.210337639E0,4.174689949E-1
4.321680827E1,3.369636536E0,-9.205740929E0,2.651129961E-1
4.323707676E1,3.367229700E0,-9.209979057E0,9.190688282E-2
4.325734530E1,3.353484154E0,-9.215440750E0,-1.376465987E-2
4.327761379E1,3.342601061E0,-9.219356537E0,-2.968762442E-2
4.329788233E1,3.335625887E0,-9.221928596E0,-3.432190279E-3
4.331815087E1,3.314236403E0,-9.229638100E0,2.347255358E-3
4.333841941E1,3.265802383E0,-9.246801376E0,-3.990169615E-2
4.335868796E1,3.190835238E0,-9.272265434E0,-1.184877455E-1
4.337895650E1,3.098511934E0,-9.301929474E0,-2.091027200E-1
4.339922504E1,3.002562046E0,-9.330913544E0,-2.984389067E-1
4.341949358E1,2.917554617E0,-9.354578018E0,-3.874593675E-1
4.343976212E1,2.851005793E0,-9.371315956E0,-4.696794748E-1
4.346003066E1,2.799669981E0,-9.383354187E0,-5.337677002E-1
4.348029921E1,2.760567665E0,-9.392272949E0,-5.786618590E-1
4.350056775E1,2.731703281E0,-9.398429871E0,-6.145756245E-1
4.352083629E1,2.706515074E0,-9.403148651E0,-6.526545882E-1
4.354110483E1,2.674541712E0,-9.409519196E0,-6.914898753E-1
4.356137337E1,2.638905764E0,-9.416660309E0,-7.301157117E-1
4.358164191E1,2.601231813E0,-9.423793793E0,-7.720766664E-1
4.360191051E1,2.563321829E0,-9.430470467E0,-8.160755038E-1
4.362217905E1,2.532454252E0,-9.435618401E0,-8.521586061E-1
4.364244754E1,2.517890930E0,-9.437428474E0,-8.749490380E-1
4.366271613E1,2.522877216E0,-9.434911728E0,-8.876433969E-1
4.368298473E1,2.549889088E0,-9.427110672E0,-8.933244944E-1
4.370325327E1,2.606568575E0,-9.411575317E0,-8.935565948E-1
4.372352181E1,2.690489531E0,-9.389476776E0,-8.771456480E-1
4.374379035E1,2.792245865E0,-9.363241196E0,-8.387309313E-1
4.376405895E1,2.895414114E0,-9.337127686E0,-7.778186798E-1
4.378432749E1,2.986083031E0,-9.314640045E0,-7.008378506E-1
4.380459608E1,3.051219225E0,-9.299736023E0,-6.126658916E-1
4.382486462E1,3.088743687E0,-9.293626785E0,-5.084910989E-1
4.384513322E1,3.105410576E0,-9.294274330E0,-3.785357773E-1
4.386540176E1,3.092097044E0,-9.304285049E0,-1.990039051E-1
4.388580176E1,3.032830000E0,-9.325840950E0,3.203575686E-2
4.390593889E1,2.947687149E0,-9.349428177E0,2.640525401E-1
4.392620744E1,2.828256130E0,-9.379076004E0,4.519779980E-1
4.394647603E1,2.654396057E0,-9.424270630E0,5.547153354E-1
4.396674457E1,2.442059040E0,-9.481456757E0,5.556165576E-1
4.398701316E1,2.242072582E0,-9.535503387E0,4.665722251E-1
4.400728176E1,2.089691877E0,-9.573369026E0,3.926645815E-1
4.402751098E1,1.971079230E0,-9.591287613E0,5.407766700E-1
4.404781884E1,1.872503638E0,-9.588308334E0,8.534999490E-1
4.406808738E1,1.797022939E0,-9.556181908E0,1.272977710E0
4.408848738E1,1.730839491E0,-9.498430252E0,1.718837500E0
4.410862452E1,1.731063247E0,-9.425310135E0,2.082626581E0
4.412889316E1,1.834648252E0,-9.340676308E0,2.357163906E0
4.414916171E1,2.019231319E0,-9.247765541E0,2.563576937E0
4.416943030E1,2.219647646E0,-9.162326813E0,2.700984001E0
4.418983030E1,2.359301805E0,-9.103865623E0,2.779157877E0
4.420996744E1,2.404625416E0,-9.073759079E0,2.838143826E0
4.423023603E1,2.363453865E0,-9.054148674E0,2.933747530E0
4.425050457E1,2.280431271E0,-9.027123451E0,3.079131603E0
4.427077316E1,2.208755255E0,-9.008866310E0,3.183096409E0
4.429117316E1,2.189320803E0,-9.035884857E0,3.119302273E0
4.431131030E1,2.214698792E0,-9.096291542E0,2.919414997E0
4.433157889E1,2.252785444E0,-9.168614388E0,2.651768208E0
4.435184744E1,2.284805298E0,-9.239923477E0,2.360901356E0
4.437211603E1,2.303942680E0,-9.305769920E0,2.065157890E0
4.439238462E1,2.321635485E0,-9.360551834E0,1.777768135E0
4.441265316E1,2.342881680E0,-9.397141457E0,1.541113377E0
4.443292176E1,2.379238605E0,-9.408192635E0,1.412633300E0
4.445319035E1,2.427872896E0,-9.408732414E0,1.323471546E0
4.447345889E1,2.427420855E0,-9.417723656E0,1.258764863E0
4.449372749E1,2.366003990E0,-9.433251381E0,1.259436846E0
4.451399603E1,2.256901503E0,-9.439184189E0,1.406621218E0
4.453426462E1,2.091028690E0,-9.428488731E0,1.703402996E0
4.455453316E1,1.952244520E0,-9.415106773E0,1.927407146E0
4.457480176E1,1.916236877E0,-9.407436371E0,1.999642730E0
4.459507035E1,1.922853947E0,-9.423418045E0,1.916299820E0
4.461533889E1,1.878085852E0,-9.467508316E0,1.734780550E0
4.463560744E1,1.786370277E0,-9.524817467E0,1.502369881E0
4.465587603E1,1.693103433E0,-9.575989723E0,1.266578555E0
4.467614462E1,1.619632125E0,-9.612553596E0,1.070507050E0
4.469641316E1,1.564640284E0,-9.633372307E0,9.593870044E-1
4.471668176E1,1.508942246E0,-9.640799522E0,9.738929272E-1
4.473695030E1,1.448597789E0,-9.635495186E0,1.108691216E0
4.475721889E1,1.406131506E0,-9.617840767E0,1.300123334E0
4.477748744E1,1.377439737E0,-9.601670265E0,1.442558885E0
4.479775603E1,1.381436586E0,-9.605645180E0,1.411949992E0
4.481802457E1,1.417945385E0,-9.633190155E0,1.166812062E0
4.483829311E1,1.454056025E0,-9.665386200E0,7.977506518E-1
4.485856171E1,1.490519047E0,-9.683061600E0,4.325104356E-1
4.487883025E1,1.536589742E0,-9.684021950E0,1.703453511E-1
4.489909879E1,1.600906253E0,-9.674925804E0,5.750237033E-2
4.491936738E1,1.684665442E0,-9.660568237E0,7.567389309E-2
4.493963593E1,1.760015011E0,-9.646350861E0,1.437060386E-1
4.495990452E1,1.794434667E0,-9.640010834E0,1.434962749E-1
4.498017306E1,1.769393802E0,-9.645704269E0,-5.041984376E-3
4.500044160E1,1.713749766E0,-9.652657509E0,-2.442591041E-1
4.502071020E1,1.658268690E0,-9.653680801E0,-4.764179885E-1
4.504097874E1,1.622706056E0,-9.649938583E0,-6.448945403E-1
4.506124728E1,1.618609428E0,-9.642432213E0,-7.576250434E-1
4.508151587E1,1.640753865E0,-9.630818367E0,-8.518412113E-1
4.510178441E1,1.684363008E0,-9.615715027E0,-9.334596395E-1
4.512205296E1,1.738038778E0,-9.600474358E0,-9.902076125E-1
4.514232155E1,1.797529459E0,-9.588363647E0,-1.001281261E0
4.516259009E1,1.869188786E0,-9.578500748E0,-9.637634158E-1
4.518285863E1,1.960747600E0,-9.567073822E0,-8.927278519E-1
4.520312723E1,2.072350502E0,-9.551826477E0,-7.989744544E-1
4.522339577E1,2.200745344E0,-9.530941010E0,-6.987694502E-1
4.524366431E1,2.333628654E0,-9.505919456E0,-6.017088890E-1
4.526393285E1,2.468234062E0,-9.477341652E0,-5.081312060E-1
4.528420139E1,2.601282120E0,-9.445540428E0,-4.306897521E-1
4.530446999E1,2.693882942E0,-9.420766830E0,-4.031447172E-1
4.532473853E1,2.762778282E0,-9.399357796E0,-4.353307784E-1
4.534500707E1,2.876653194E0,-9.361683846E0,-5.041091442E-1
4.536527561E1,3.051034927E0,-9.300424576E0,-6.030437946E-1
4.538554415E1,3.207535505E0,-9.235714912E0,-7.640032172E-1
4.540581270E1,3.262705326E0,-9.198044777E0,-9.597384930E-1
4.542608124E1,3.257252455E0,-9.202392578E0,-9.363123775E-1
4.544634978E1,3.251206636E0,-9.232553482E0,-6.000071764E-1
4.546661832E1,3.197430134E0,-9.270241737E0,-9.724672139E-2
4.548688691E1,3.103550196E0,-9.294309616E0,3.926451802E-1
4.550715546E1,2.980257511E0,-9.310226440E0,7.798377872E-1
4.552742400E1,2.821287394E0,-9.335826874E0,1.026198864E0
4.554769254E1,2.660518169E0,-9.367857933E0,1.155541658E0
4.556796108E1,2.506493807E0,-9.408080101E0,1.172994494E0
4.558836108E1,2.354551792E0,-9.453405380E0,1.122321606E0
4.560849816E1,2.196794510E0,-9.488556862E0,1.145328999E0
4.562876671E1,1.959977388E0,-9.492575645E0,1.489926577E0
4.564903525E1,1.619247079E0,-9.461185455E0,2.008582354E0
4.566930379E1,1.211442590E0,-9.422989845E0,2.431059599E0
4.568970379E1,8.466039896E-1,-9.392202377E0,2.690761805E0
4.570984092E1,5.095926523E-1,-9.388621330E0,2.786484718E0
4.573010947E1,1.031811684E-1,-9.414988518E0,2.741848946E0
4.575037801E1,-3.049122691E-1,-9.430377007E0,2.673088789E0
4.577064655E1,-6.368387341E-1,-9.419080734E0,2.654383659E0
4.579104655E1,-8.708731532E-1,-9.387347221E0,2.699940920E0
4.581118363E1,-1.009809256E0,-9.347257614E0,2.789163828E0
4.583145218E1,-1.073255777E0,-9.308805466E0,2.892172337E0
4.585172072E1,-1.055563211E0,-9.283129692E0,2.979878187E0
4.587198931E1,-9.381852150E-1,-9.286556244E0,3.008335590E0
4.589238931E1,-6.834443212E-1,-9.325044632E0,2.957504272E0
4.591252639E1,-2.927762866E-1,-9.382681847E0,2.837243557E0
4.593279494E1,1.331324130E-1,-9.444197655E0,2.638142347E0
4.595306348E1,5.111555457E-1,-9.544938087E0,2.191636086E0
4.597333202E1,8.234712481E-1,-9.618665695E0,1.724399090E0
4.599360056E1,1.104193807E0,-9.629037857E0,1.494246602E0
4.601386910E1,1.385729432E0,-9.616650581E0,1.330476046E0
4.603413764E1,1.656500816E0,-9.592663765E0,1.186255693E0
4.605440619E1,1.936662436E0,-9.555166245E0,1.057608485E0
4.607467478E1,2.238432169E0,-9.502942085E0,9.240710139E-1
4.609494332E1,2.570402384E0,-9.433228493E0,7.600111365E-1
4.611521186E1,2.938026905E0,-9.341176987E0,5.298928022E-1
4.613548040E1,3.289710999E0,-9.234837532E0,2.568384111E-1
4.615574895E1,3.562877655E0,-9.136525154E0,1.415004861E-2
4.617601749E1,3.751781225E0,-9.059823036E0,-1.189410463E-1
4.619628603E1,3.887856483E0,-9.002631187E0,-8.711177856E-2
4.621655457E1,3.981179237E0,-8.961832047E0,7.850598544E-2
4.623682311E1,4.021749973E0,-8.940905571E0,2.369110286E-1
4.625709165E1,4.001309395E0,-8.949325562E0,2.636147439E-1
4.627749165E1,3.945141792E0,-8.976774216E0,1.541208029E-1
4.629762874E1,3.863646507E0,-9.013469696E0,1.096897104E-4
4.631789728E1,3.762765646E0,-9.055335045E0,-1.135665774E-1
4.633816582E1,3.660673380E0,-9.096466064E0,-1.554539800E-1
4.635843436E1,3.559533596E0,-9.136791229E0,-1.383999288E-1
4.637870290E1,3.444961071E0,-9.181179047E0,-9.261988103E-2
4.639897145E1,3.309953213E0,-9.231100082E0,-3.701833263E-2
4.641923999E1,3.158338308E0,-9.284119606E0,2.019006200E-2
4.643950853E1,3.001514673E0,-9.335753441E0,7.077818364E-2
4.645977707E1,2.850726128E0,-9.382564545E0,1.059280634E-1
4.648004561E1,2.715907097E0,-9.422368050E0,1.149237305E-1
4.650031415E1,2.617101192E0,-9.450655937E0,7.919261605E-2
4.652058270E1,2.562707901E0,-9.465874672E0,-1.160216238E-2
4.654085124E1,2.551595211E0,-9.467675209E0,-1.512554288E-1
4.656111978E1,2.574170828E0,-9.457594872E0,-3.129368424E-1
4.658138832E1,2.594755411E0,-9.448249817E0,-4.101316035E-1
4.660165686E1,2.602169752E0,-9.447036743E0,-3.906408548E-1
4.662192540E1,2.604609013E0,-9.449463844E0,-3.066692948E-1
4.664219395E1,2.588100433E0,-9.456669807E0,-2.086057365E-1
4.666246249E1,2.556241751E0,-9.466960907E0,-1.124848127E-1
4.668273103E1,2.516220570E0,-9.478281021E0,-3.490785882E-2
4.670299952E1,2.481206179E0,-9.487567902E0,7.404498756E-3
4.672326811E1,2.474101067E0,-9.489419937E0,1.112815738E-2
4.674353665E1,2.519124746E0,-9.477560043E0,-1.547309570E-2
4.676380520E1,2.640018940E0,-9.444356918E0,-6.932556629E-2
4.678407368E1,2.831424952E0,-9.387550354E0,-1.652477384E-1
4.680434223E1,3.067493916E0,-9.308954239E0,-3.228355944E-1
4.682461077E1,3.275298357E0,-9.228654861E0,-5.241427422E-1
4.684487931E1,3.385657310E0,-9.176404953E0,-7.080200911E-1
4.686514785E1,3.406796932E0,-9.159208298E0,-8.203762174E-1
4.688554785E1,3.403725147E0,-9.157938004E0,-8.468935490E-1
4.690568483E1,3.425143719E0,-9.153157234E0,-8.114799857E-1
4.692595342E1,3.468226194E0,-9.141640663E0,-7.564349174E-1
4.694622197E1,3.478538275E0,-9.138101578E0,-7.518383861E-1
4.696649051E1,3.434343576E0,-9.144181252E0,-8.715592027E-1
4.698675900E1,3.272094250E0,-9.174268723E0,-1.138682723E0
4.700702754E1,3.035121441E0,-9.234056473E0,-1.300239325E0
4.702729608E1,2.823026657E0,-9.313813210E0,-1.205731153E0
4.704756457E1,2.684220076E0,-9.403058052E0,-7.401686907E-1
4.706783311E1,2.607226610E0,-9.453642845E0,-3.716332838E-2
4.708823311E1,2.506628513E0,-9.456993103E0,6.726542711E-1
4.710837014E1,2.372807026E0,-9.438258171E0,1.208080769E0
4.712863869E1,2.268901348E0,-9.422144890E0,1.498557568E0
4.714890723E1,2.219161272E0,-9.433277130E0,1.502990603E0
4.716917572E1,2.191783190E0,-9.478534698E0,1.234441400E0
4.718957572E1,2.177281857E0,-9.518981934E0,9.048834443E-1
4.720971275E1,1.999874830E0,-9.551639557E0,9.680222869E-1
4.722998129E1,1.602993965E0,-9.585635185E0,1.310114622E0
4.725024978E1,1.002992749E0,-9.624726295E0,1.590290427E0
4.727051827E1,4.012543261E-1,-9.643119812E0,1.737703443E0
4.729091827E1,-3.508094326E-2,-9.629610062E0,1.854660034E0
4.731105535E1,-2.384515554E-1,-9.586648941E0,2.051751852E0
4.733132384E1,-2.898264527E-1,-9.509701729E0,2.377382994E0
4.735159238E1,-2.646432817E-1,-9.415699005E0,2.728547335E0
4.737186087E1,-2.846825719E-1,-9.345675468E0,2.957648516E0
4.739205072E1,-4.003077149E-1,-9.320555687E0,3.022810936E0
4.741239780E1,-5.273188353E-1,-9.332910538E0,2.964642286E0
4.743266629E1,-5.650452375E-1,-9.373274803E0,2.827157736E0
4.745293488E1,-4.341708720E-1,-9.436130524E0,2.634638071E0
4.747320337E1,-1.300259233E-1,-9.505534172E0,2.407967806E0
4.749360337E1,2.769314647E-1,-9.547498703E0,2.222380161E0
4.751374040E1,6.348512769E-1,-9.568577766E0,2.051749945E0
4.753400889E1,7.794803977E-1,-9.606498718E0,1.810522199E0
4.755427744E1,8.937331438E-1,-9.633635521E0,1.601465940E0
4.757454598E1,1.102420449E0,-9.626000404E0,1.514980555E0
4.759481447E1,1.388536334E0,-9.584658623E0,1.541647792E0
4.761508296E1,1.662171364E0,-9.533180237E0,1.589361787E0
4.763535145E1,1.924756646E0,-9.481767654E0,1.600555301E0
4.765561994E1,2.239168644E0,-9.423887253E0,1.531949282E0
4.767588848E1,2.594646692E0,-9.357289314E0,1.370887160E0
4.769615697E1,2.960624218E0,-9.280811310E0,1.127671242E0
4.771642546E1,3.304215670E0,-9.196284294E0,8.251702189E-1
4.773669395E1,3.597923279E0,-9.108982086E0,5.017818213E-1
4.775696244E1,3.827556133E0,-9.025367737E0,2.508581877E-1
4.777723093E1,3.980521202E0,-8.961019516E0,1.611643583E-1
4.779749941E1,4.056262970E0,-8.926285744E0,1.963102818E-1
4.781776790E1,4.080718517E0,-8.915290833E0,1.889653206E-1
4.783803639E1,4.091960907E0,-8.911884308E0,6.748943031E-2
4.785830488E1,4.110816956E0,-8.902895927E0,-1.000436246E-1
4.787857337E1,4.131054878E0,-8.890996933E0,-2.344071716E-1
4.789884186E1,4.131258488E0,-8.888783455E0,-3.043287396E-1
4.791911035E1,4.105051994E0,-8.900462151E0,-3.173599541E-1
4.793937879E1,4.050985813E0,-8.925956726E0,-2.952950001E-1
4.795964728E1,3.954896212E0,-8.970140457E0,-2.564322650E-1
4.797991577E1,3.803701639E0,-9.036679268E0,-2.016869783E-1
4.800018426E1,3.610562563E0,-9.116884232E0,-1.289975196E-1
4.802045275E1,3.402524948E0,-9.197380066E0,-3.784488514E-2
4.804072118E1,3.206469536E0,-9.267402649E0,6.479419023E-2
4.806098968E1,3.045783520E0,-9.320382118E0,1.551888734E-1
4.808125816E1,2.934416771E0,-9.355281830E0,1.956452876E-1
4.810152665E1,2.878530264E0,-9.373507500E0,1.477235109E-1
4.812179514E1,2.881463289E0,-9.373769760E0,9.424762684E-4
4.814206358E1,2.920988798E0,-9.359510422E0,-1.944159865E-1
4.816233207E1,2.969529152E0,-9.339382172E0,-3.580731750E-1
4.818260051E1,3.040588856E0,-9.312350273E0,-4.531439543E-1
4.820286900E1,3.129425764E0,-9.279180527E0,-5.233446956E-1
4.822313749E1,3.215264559E0,-9.243801117E0,-6.201692224E-1
4.824340593E1,3.265571594E0,-9.217482567E0,-7.378602028E-1
4.826367441E1,3.297397852E0,-9.197829247E0,-8.351547718E-1
4.828394285E1,3.325875044E0,-9.184264183E0,-8.707693219E-1
4.830421134E1,3.336376190E0,-9.183558464E0,-8.373923302E-1
4.832447978E1,3.340039492E0,-9.188748360E0,-7.625096440E-1
4.834474827E1,3.347783804E0,-9.192497253E0,-6.787752509E-1
4.836501671E1,3.371201754E0,-9.189007759E0,-6.062331796E-1
4.838528514E1,3.416772366E0,-9.174906731E0,-5.631507039E-1
4.840555363E1,3.463207245E0,-9.156252861E0,-5.827558637E-1
4.842582207E1,3.457067013E0,-9.151876450E0,-6.798701882E-1
4.844609056E1,3.420082569E0,-9.159115791E0,-7.642136812E-1
4.846635900E1,3.365750313E0,-9.178891182E0,-7.681567669E-1
4.848662744E1,3.286406994E0,-9.221074104E0,-5.845577717E-1
4.850689587E1,3.194575787E0,-9.271339417E0,-8.562932163E-2
4.852728311E1,3.050291777E0,-9.297313690E0,6.527368426E-1
4.854743280E1,2.818612337E0,-9.287778854E0,1.401060581E0
4.856770124E1,2.544426203E0,-9.263057709E0,1.972824454E0
4.858810124E1,2.301778078E0,-9.260276794E0,2.262627602E0
4.860823811E1,2.149621248E0,-9.305892944E0,2.224830151E0
4.862850655E1,2.097834826E0,-9.388263702E0,1.905249119E0
4.864877499E1,2.047841787E0,-9.462360382E0,1.562197447E0
4.866904348E1,1.782171607E0,-9.491000175E0,1.707389235E0
4.868944348E1,1.405342460E0,-9.476375580E0,2.096117020E0
4.870958035E1,9.826619625E-1,-9.446028709E0,2.444851875E0
4.872984879E1,5.626490712E-1,-9.401843071E0,2.731148005E0
4.875011723E1,2.316289842E-1,-9.347869873E0,2.955343962E0
4.877038561E1,-1.630088501E-2,-9.288615227E0,3.145115614E0
4.879078561E1,-1.650031954E-1,-9.209195137E0,3.366585016E0
4.881092244E1,-2.102044374E-1,-9.106139183E0,3.633788586E0
4.883119092E1,-1.987070590E-1,-8.996309280E0,3.898375034E0
4.885145936E1,-1.866400242E-1,-8.926294327E0,4.056702614E0
4.887172780E1,-1.468014866E-1,-8.912937164E0,4.087590218E0
4.889212780E1,-2.976683900E-2,-8.943798065E0,4.022185802E0
4.891226462E1,1.680584848E-1,-8.997258186E0,3.897625208E0
4.893253306E1,4.250810444E-1,-9.044186592E0,3.767280102E0
4.895280150E1,6.397662759E-1,-9.055736542E0,3.708735228E0
4.897306994E1,7.769948244E-1,-9.141702652E0,3.463514090E0
4.899333832E1,8.834711909E-1,-9.307641029E0,2.959337234E0
4.901360676E1,1.026678920E0,-9.429400444E0,2.490525961E0
4.903387514E1,1.248550177E0,-9.472349167E0,2.210456371E0
4.905414358E1,1.476257205E0,-9.458687782E0,2.127037287E0
4.907441202E1,1.688396096E0,-9.436480522E0,2.067010164E0
4.909468040E1,1.910074234E0,-9.417272568E0,1.958824515E0
4.911494884E1,2.202524185E0,-9.389149666E0,1.778523684E0
4.913521723E1,2.557661772E0,-9.338938713E0,1.553381324E0
4.915548561E1,2.931889057E0,-9.262798309E0,1.332282186E0
4.917575405E1,3.267214060E0,-9.176107407E0,1.137873292E0
4.919602244E1,3.526422501E0,-9.098014832E0,9.802336097E-1
4.921629087E1,3.719829559E0,-9.030051231E0,8.896295428E-1
4.923655926E1,3.871500731E0,-8.967865944E0,8.713404536E-1
4.925682770E1,3.991404772E0,-8.915583611E0,8.668489456E-1
4.927709608E1,4.064409256E0,-8.887498856E0,8.144458532E-1
4.929736447E1,4.093194008E0,-8.882654190E0,7.173609734E-1
4.931763290E1,4.098571777E0,-8.888326645E0,6.080839634E-1
4.933790129E1,4.082260132E0,-8.901829720E0,5.128016472E-1
4.935816968E1,4.036990643E0,-8.926615715E0,4.343202114E-1
4.937843806E1,3.964652777E0,-8.962332726E0,3.584921360E-1
4.939870650E1,3.864169121E0,-9.009245872E0,2.684518099E-1
4.941897488E1,3.729464054E0,-9.068182945E0,1.718834341E-1
4.943924327E1,3.564603567E0,-9.135366440E0,9.525565803E-2
4.945951165E1,3.386030674E0,-9.203357697E0,5.835061520E-2
4.947978004E1,3.209196091E0,-9.266492844E0,5.959072337E-2
4.950004842E1,3.049307823E0,-9.320127487E0,8.562976122E-2
4.952031681E1,2.928984404E0,-9.358363152E0,1.117883325E-1
4.954058520E1,2.856665850E0,-9.380604744E0,1.187334359E-1
4.956085358E1,2.838901043E0,-9.386390686E0,8.186165243E-2
4.958112197E1,2.880382299E0,-9.374089241E0,-1.583500393E-2
4.960139035E1,2.960145235E0,-9.347904205E0,-1.568787545E-1
4.962165874E1,3.055732727E0,-9.313329697E0,-3.078361750E-1
4.964192712E1,3.161750078E0,-9.271506310E0,-4.613955021E-1
4.966219546E1,3.254475832E0,-9.229021072E0,-6.355639100E-1
4.968246389E1,3.294083834E0,-9.199471474E0,-8.301296830E-1
4.970273223E1,3.274796009E0,-9.189867973E0,-9.962104559E-1
4.972300061E1,3.252642155E0,-9.187984467E0,-1.082429528E0
4.974326900E1,3.254887104E0,-9.186287880E0,-1.090047002E0
4.976353738E1,3.268542051E0,-9.184708595E0,-1.062146187E0
4.978380572E1,3.304592609E0,-9.173491478E0,-1.047436357E0
4.980407410E1,3.356568813E0,-9.148637772E0,-1.098302960E0
4.982434249E1,3.366631746E0,-9.132109642E0,-1.200307727E0
4.984461082E1,3.337487459E0,-9.136811256E0,-1.245085597E0
4.986487921E1,3.273925543E0,-9.171675682E0,-1.154199719E0
4.988527921E1,3.184428215E0,-9.236180305E0,-8.501600027E-1
4.990541592E1,3.086192131E0,-9.303365707E0,-3.052784204E-1
4.992568426E1,2.947978735E0,-9.344373703E0,4.030976892E-1
4.994595264E1,2.738564491E0,-9.352509499E0,1.096004605E0
4.996622103E1,2.510949135E0,-9.344069481E0,1.598087549E0
4.998648936E1,2.350031853E0,-9.349031448E0,1.800929546E0
5.000675775E1,2.298518896E0,-9.378162384E0,1.713845968E0
5.002702608E1,2.301548004E0,-9.426193237E0,1.421313047E0
5.004729441E1,2.217335701E0,-9.488798141E0,1.102959871E0
5.006756280E1,1.945774674E0,-9.536302567E0,1.201366305E0
5.008790983E1,1.518628001E0,-9.566203117E0,1.533597350E0
5.010809957E1,9.436238408E-1,-9.596733093E0,1.784003973E0
5.012836790E1,4.170896113E-1,-9.599045753E0,1.963350177E0
5.014863629E1,2.401099354E-2,-9.570463181E0,2.139169455E0
5.016890462E1,-2.174418122E-1,-9.518789291E0,2.348567009E0
5.018930462E1,-3.285085559E-1,-9.446913719E0,2.611187696E0
5.020944129E1,-3.706446588E-1,-9.380045891E0,2.836855412E0
5.022970962E1,-4.491064847E-1,-9.344696045E0,2.940299511E0
5.024997801E1,-5.268289447E-1,-9.344867706E0,2.926821470E0
5.027024634E1,-4.970395863E-1,-9.378648758E0,2.822107077E0
5.029064634E1,-2.688056827E-1,-9.439368248E0,2.645084143E0
5.031078301E1,1.701671779E-1,-9.506579399E0,2.401329041E0
5.033105134E1,7.184231281E-1,-9.549769402E0,2.110959530E0
5.035131968E1,1.070022464E0,-9.585123062E0,1.775064230E0
5.037158801E1,1.180689573E0,-9.625119209E0,1.460623622E0
5.039198801E1,1.354429841E0,-9.621550560E0,1.327278614E0
5.041212468E1,1.613965034E0,-9.588624001E0,1.274284124E0
5.043239301E1,1.866775036E0,-9.552860260E0,1.195153117E0
5.045266134E1,2.108566999E0,-9.512147903E0,1.115065932E0
5.047292968E1,2.383814573E0,-9.453670502E0,1.056377769E0
5.049332968E1,2.699877024E0,-9.375281334E0,9.925523996E-1
5.051346634E1,3.038844347E0,-9.282265663E0,8.805326819E-1
5.053373462E1,3.397046566E0,-9.171605110E0,7.156382203E-1
5.055400296E1,3.732107878E0,-9.055387497E0,4.916288853E-1
5.057427129E1,4.014575958E0,-8.944557190E0,2.201516032E-1
5.059453962E1,4.220617771E0,-8.851930618E0,-1.002284512E-2
5.061480796E1,4.313417435E0,-8.806591988E0,-9.356497973E-2
5.063507629E1,4.299041271E0,-8.814009666E0,-4.330849275E-2
5.065534457E1,4.245337963E0,-8.839974403E0,-4.834774509E-2
5.067561290E1,4.187296391E0,-8.866441727E0,-1.521891505E-1
5.069588124E1,4.116814613E0,-8.896856308E0,-2.611080408E-1
5.071614957E1,4.047933102E0,-8.926995277E0,-3.055839539E-1
5.073641785E1,3.981767416E0,-8.957252502E0,-2.890360653E-1
5.075668619E1,3.893761158E0,-8.997104645E0,-2.472307384E-1
5.077695452E1,3.783849716E0,-9.045172691E0,-1.942475289E-1
5.079722280E1,3.655639172E0,-9.098941803E0,-1.262703240E-1
5.081749113E1,3.513576984E0,-9.155511856E0,-4.202399030E-2
5.083775941E1,3.370368004E0,-9.209153175E0,4.997382313E-2
5.085802775E1,3.239343405E0,-9.255217552E0,1.341126114E-1
5.087842775E1,3.114222527E0,-9.297059059E0,1.915310770E-1
5.089856436E1,3.001446486E0,-9.334287643E0,1.810949743E-1
5.091883264E1,2.941188335E0,-9.354996681E0,6.199578196E-2
5.093910098E1,2.951541901E0,-9.350668907E0,-1.541756392E-1
5.095936926E1,3.011373520E0,-9.324416161E0,-3.965771794E-1
5.097963759E1,3.091906071E0,-9.287686348E0,-5.910989642E-1
5.099990587E1,3.192161798E0,-9.242969513E0,-7.402717471E-1
5.102017421E1,3.297393084E0,-9.194718361E0,-8.687640429E-1
5.104044249E1,3.365362644E0,-9.160188675E0,-9.673025608E-1
5.106071077E1,3.388309002E0,-9.146313667E0,-1.017196655E0
5.108097910E1,3.385199547E0,-9.148328781E0,-1.009398341E0
5.110124738E1,3.361022711E0,-9.162185669E0,-9.634681940E-1
5.112151572E1,3.324955463E0,-9.180696487E0,-9.109699726E-1
5.114178400E1,3.306341171E0,-9.190733910E0,-8.768759370E-1
5.116205228E1,3.317704439E0,-9.186334610E0,-8.800457120E-1
5.118232056E1,3.327232122E0,-9.179903030E0,-9.106518626E-1
5.120258889E1,3.329825401E0,-9.178094864E0,-9.193598628E-1
5.122285712E1,3.332635641E0,-9.183059692E0,-8.575096130E-1
5.124312546E1,3.315265894E0,-9.205163956E0,-6.665931940E-1
5.126339374E1,3.283596039E0,-9.236458778E0,-2.760512233E-1
5.128366202E1,3.219214678E0,-9.258683205E0,2.895381451E-1
5.130393035E1,3.079428196E0,-9.268109322E0,8.886370063E-1
5.132419863E1,2.881591082E0,-9.274641037E0,1.359358788E0
5.134446691E1,2.668802738E0,-9.302284241E0,1.586000204E0
5.136473520E1,2.507672548E0,-9.355539322E0,1.534876823E0
5.138500348E1,2.383306503E0,-9.429948807E0,1.251512170E0
5.140527176E1,2.149425268E0,-9.520374298E0,9.554267526E-1
5.142554004E1,1.745317698E0,-9.592947006E0,1.048629045E0
5.144580832E1,1.224031448E0,-9.642244339E0,1.303559303E0
5.146607660E1,6.495744586E-1,-9.675561905E0,1.460118771E0
5.148634488E1,1.594826281E-1,-9.679654121E0,1.565009117E0
5.150661316E1,-1.763780564E-1,-9.659213066E0,1.684892058E0
5.152688145E1,-3.633022606E-1,-9.616869926E0,1.885259748E0
5.154714973E1,-4.429484904E-1,-9.546686172E0,2.198856115E0
5.156741801E1,-4.742802382E-1,-9.452416420E0,2.568515539E0
5.158768624E1,-5.414280891E-1,-9.351222038E0,2.903769732E0
5.160795457E1,-6.517252922E-1,-9.286523819E0,3.083199501E0
5.162822280E1,-7.382728457E-1,-9.277359962E0,3.091266394E0
5.164849108E1,-7.304878235E-1,-9.304998398E0,3.008948088E0
5.166875936E1,-6.277316809E-1,-9.350411415E0,2.888970137E0
5.168915936E1,-4.678600729E-1,-9.410712242E0,2.718451023E0
5.170929587E1,-2.558426261E-1,-9.462363243E0,2.562929392E0
5.172956415E1,-4.617547989E-2,-9.471629143E0,2.540960073E0
5.174983244E1,8.091791719E-2,-9.517590523E0,2.362057447E0
5.177010072E1,1.807176620E-1,-9.617935181E0,1.906056762E0
5.179050072E1,3.521629572E-1,-9.684684753E0,1.501083255E0
5.181063723E1,6.291336417E-1,-9.706558228E0,1.247915745E0
5.183090546E1,9.638783932E-1,-9.694909096E0,1.118065596E0
5.185117374E1,1.304394722E0,-9.661653519E0,1.058955312E0
5.187144202E1,1.602715373E0,-9.620730400E0,1.021394730E0
5.189184202E1,1.872899175E0,-9.580039024E0,9.410061836E-1
5.191197853E1,2.165402651E0,-9.534663200E0,7.560489178E-1
5.193224676E1,2.470562220E0,-9.477564812E0,4.923988581E-1
5.195251504E1,2.749064207E0,-9.409931183E0,2.573457360E-1
5.197278327E1,2.996829987E0,-9.336776733E0,1.182935014E-1
5.199305155E1,3.214868307E0,-9.264369965E0,8.024911582E-2
5.201331983E1,3.396691561E0,-9.198717117E0,1.284178644E-1
5.203358806E1,3.555203676E0,-9.137034416E0,2.133337110E-1
5.205385629E1,3.698721170E0,-9.078887939E0,2.522783875E-1
5.207412457E1,3.808009386E0,-9.034874916E0,2.011966109E-1
5.209439280E1,3.866114378E0,-9.011798859E0,1.049783453E-1
5.211466108E1,3.889090061E0,-9.002478600E0,2.698364295E-2
5.213492931E1,3.902356625E0,-8.996761322E0,-1.697452739E-2
5.215519754E1,3.892812967E0,-9.000819206E0,-4.065796733E-2
5.217546582E1,3.854320288E0,-9.017225266E0,-6.524588168E-2
5.219573405E1,3.790417671E0,-9.043909073E0,-1.041622311E-1
5.221600228E1,3.702246189E0,-9.079774857E0,-1.464916617E-1
5.223627056E1,3.593639612E0,-9.122894287E0,-1.700683832E-1
5.225653874E1,3.476875067E0,-9.167986870E0,-1.724390388E-1
5.227680702E1,3.369197369E0,-9.208189011E0,-1.677819937E-1
5.229707525E1,3.274600267E0,-9.242128372E0,-1.744728237E-1
5.231734353E1,3.199842691E0,-9.267639160E0,-2.055482268E-1
5.233761176E1,3.147931099E0,-9.283841133E0,-2.668743134E-1
5.235787999E1,3.113504887E0,-9.292094231E0,-3.653046787E-1
5.237814822E1,3.094498396E0,-9.291836739E0,-5.061988831E-1
5.239841650E1,3.082562208E0,-9.285981178E0,-6.623967886E-1
5.241868473E1,3.085954905E0,-9.278100014E0,-7.510880232E-1
5.243895296E1,3.108552217E0,-9.267949104E0,-7.825725079E-1
5.245922119E1,3.138407946E0,-9.257962227E0,-7.816126347E-1
5.247948941E1,3.161682129E0,-9.251827240E0,-7.601709366E-1
5.249975764E1,3.190629721E0,-9.243927002E0,-7.349043489E-1
5.252002587E1,3.225530863E0,-9.233577728E0,-7.123149633E-1
5.254029410E1,3.264566183E0,-9.221844673E0,-6.859854460E-1
5.256056233E1,3.306869745E0,-9.208436012E0,-6.630932093E-1
5.258083056E1,3.353818417E0,-9.191781044E0,-6.583719254E-1
5.260109879E1,3.405637026E0,-9.173440933E0,-6.480727792E-1
5.262136702E1,3.438587904E0,-9.162896156E0,-6.227524877E-1
5.264163525E1,3.444928646E0,-9.162077904E0,-5.993212461E-1
5.266190348E1,3.465391159E0,-9.154541016E0,-5.965185165E-1
5.268217171E1,3.529676676E0,-9.128257751E0,-6.218389869E-1
5.270243994E1,3.620673656E0,-9.087609291E0,-6.902678013E-1
5.272270816E1,3.698182821E0,-9.046315193E0,-8.111796379E-1
5.274297639E1,3.672814131E0,-9.035547256E0,-1.019659758E0
5.276324462E1,3.553364754E0,-9.061916351E0,-1.194010139E0
5.278351285E1,3.419080734E0,-9.108501434E0,-1.231042027E0
5.280378108E1,3.283319712E0,-9.179897308E0,-1.058147788E0
5.282404926E1,3.160319328E0,-9.264492035E0,-5.932571292E-1
5.284431749E1,3.046478271E0,-9.320942879E0,9.679664671E-2
5.286458572E1,2.893954992E0,-9.329932213E0,8.647292852E-1
5.288498572E1,2.692867994E0,-9.302815437E0,1.541583180E0
5.290512218E1,2.506376743E0,-9.266404152E0,2.005542040E0
5.292539040E1,2.373137236E0,-9.252097130E0,2.222005844E0
5.294565858E1,2.286170244E0,-9.293504715E0,2.138825178E0
5.296592681E1,2.216050148E0,-9.373191833E0,1.844666600E0
5.298619504E1,1.953502893E0,-9.434787750E0,1.827298760E0
5.300646322E1,1.615193486E0,-9.433971405E0,2.135819912E0
5.302673145E1,1.225449562E0,-9.396808624E0,2.523617029E0
5.304699968E1,8.046910167E-1,-9.329964638E0,2.911120415E0
5.306726790E1,4.495179951E-1,-9.239084244E0,3.256938457E0
5.308753608E1,1.746688187E-1,-9.132938385E0,3.567812920E0
5.310780431E1,1.044593472E-2,-9.030021667E0,3.824786663E0
5.312807244E1,-9.010481834E-2,-8.964161873E0,3.975684643E0
5.314834072E1,-1.279624552E-1,-8.914134979E0,4.085609913E0
5.316860895E1,-6.807852536E-2,-8.861292839E0,4.200384140E0
5.318900895E1,7.781951874E-2,-8.803112030E0,4.320828438E0
5.320914535E1,2.403942794E-1,-8.762876511E0,4.395974159E0
5.322941353E1,3.712142408E-1,-8.765318871E0,4.381980419E0
5.324968176E1,4.961327612E-1,-8.809024811E0,4.280807495E0
5.326994994E1,6.096029282E-1,-8.870538712E0,4.136702061E0
5.329034994E1,6.503422856E-1,-8.906692505E0,4.051947594E0
5.331048634E1,5.770159364E-1,-8.885151863E0,4.109929562E0
5.333075457E1,4.046058059E-1,-8.853713036E0,4.197433949E0
5.335102275E1,2.647126913E-1,-8.931877136E0,4.040035725E0
5.337129098E1,2.096234262E-1,-9.111441612E0,3.620509624E0
5.339169098E1,2.355584353E-1,-9.290246010E0,3.131492138E0
5.341182733E1,4.943456650E-1,-9.352862358E0,2.906883001E0
5.343209556E1,9.953705072E-1,-9.348617554E0,2.789800167E0
5.345236374E1,1.544683695E0,-9.323512077E0,2.618481398E0
5.347263191E1,1.875806928E0,-9.276484489E0,2.568770409E0
5.349303191E1,1.924446821E0,-9.297348022E0,2.454832315E0
5.351316832E1,1.877619147E0,-9.385443687E0,2.135036230E0
5.353343650E1,1.976237893E0,-9.452457428E0,1.707609057E0
5.355370473E1,2.219724655E0,-9.466646194E0,1.275079370E0
5.357397290E1,2.512966871E0,-9.437484741E0,8.884096742E-1
5.359424108E1,2.734947681E0,-9.396407127E0,6.308628917E-1
5.361450931E1,2.861751795E0,-9.364985466E0,5.270708203E-1
5.363477749E1,2.951083183E0,-9.337048531E0,5.301160812E-1
5.365504566E1,3.033085823E0,-9.307867050E0,5.782678723E-1
5.367531384E1,3.092969656E0,-9.284094810E0,6.399322748E-1
5.369558202E1,3.119250298E0,-9.275375366E0,6.388133168E-1
5.371585020E1,3.120380402E0,-9.284800529E0,4.754796028E-1
5.373611837E1,3.113638163E0,-9.296150208E0,2.392159998E-1
5.375638660E1,3.099605560E0,-9.303829193E0,4.007720202E-2
5.377665478E1,3.076662302E0,-9.311386108E0,-5.130227655E-2
5.379692296E1,3.060129642E0,-9.316902161E0,-3.662429005E-2
5.381719113E1,3.051349640E0,-9.319814682E0,2.661149576E-2
5.383745931E1,3.027069092E0,-9.327427864E0,7.953845710E-2
5.385772749E1,2.987706900E0,-9.340052605E0,8.607661724E-2
5.387799566E1,2.953209400E0,-9.351333618E0,3.856371343E-2
5.389826384E1,2.932121992E0,-9.357895851E0,-5.320886895E-2
5.391853202E1,2.920378447E0,-9.360255241E0,-1.655580550E-1
5.393880020E1,2.915366411E0,-9.359662056E0,-2.602814734E-1
5.395906832E1,2.921886683E0,-9.355772972E0,-3.201268613E-1
5.397933650E1,2.942621231E0,-9.348166466E0,-3.509331942E-1
5.399960468E1,2.976903439E0,-9.336773872E0,-3.648165464E-1
5.401987285E1,3.019470215E0,-9.322872162E0,-3.704885244E-1
5.404014103E1,3.074080229E0,-9.304575920E0,-3.811502159E-1
5.406040921E1,3.147673130E0,-9.278807640E0,-4.077630043E-1
5.408067738E1,3.236096621E0,-9.246256828E0,-4.525570571E-1
5.410094556E1,3.337786436E0,-9.206981659E0,-5.109284520E-1
5.412121368E1,3.446904898E0,-9.162954330E0,-5.740311742E-1
5.414148186E1,3.546014786E0,-9.121293068E0,-6.310040951E-1
5.416175004E1,3.619719267E0,-9.088587761E0,-6.823474169E-1
5.418201822E1,3.652369976E0,-9.071536064E0,-7.333487272E-1
5.420228634E1,3.627733707E0,-9.077153206E0,-7.843681574E-1
5.422255452E1,3.540084839E0,-9.107873917E0,-8.275321126E-1
5.424282270E1,3.399547815E0,-9.158837318E0,-8.539088964E-1
5.426309087E1,3.227956295E0,-9.222565651E0,-8.336538076E-1
5.428335900E1,3.034002542E0,-9.297946930E0,-7.165242434E-1
5.430362718E1,2.826334000E0,-9.378502846E0,-4.753066301E-1
5.432389530E1,2.650009394E0,-9.440626144E0,-1.497187167E-1
5.434416348E1,2.487209558E0,-9.484662056E0,1.592409015E-1
5.436443165E1,2.271020412E0,-9.533228874E0,3.611048460E-1
5.438469983E1,2.042842388E0,-9.581819534E0,4.311846495E-1
5.440496796E1,1.906248569E0,-9.607045174E0,4.912191033E-1
5.442523613E1,1.867730379E0,-9.594998360E0,7.861176729E-1
5.444550426E1,1.776374578E0,-9.562781334E0,1.252232552E0
5.446577244E1,1.691662431E0,-9.508996964E0,1.699308395E0
5.448604056E1,1.619315743E0,-9.454620361E0,2.039207458E0
5.450630874E1,1.575831294E0,-9.404298782E0,2.290482759E0
5.452657686E1,1.583710313E0,-9.350293159E0,2.496850491E0
5.454684504E1,1.627654552E0,-9.295185089E0,2.668456316E0
5.456711316E1,1.693013430E0,-9.246659279E0,2.793452740E0
5.458738134E1,1.768536448E0,-9.208652496E0,2.871126890E0
5.460764947E1,1.847320795E0,-9.177535057E0,2.920725346E0
5.462791764E1,1.929128647E0,-9.142692566E0,2.976578474E0
5.464818572E1,2.007079840E0,-9.110158920E0,3.024402618E0
5.466845395E1,2.077584743E0,-9.103961945E0,2.995315313E0
5.468885395E1,2.140849590E0,-9.135976791E0,2.849750042E0
5.470899025E1,2.196860313E0,-9.192830086E0,2.614584923E0
5.472925837E1,2.254304409E0,-9.254727364E0,2.332061291E0
5.474952655E1,2.315929413E0,-9.309663773E0,2.033965588E0
5.476979468E1,2.362372398E0,-9.356270790E0,1.746364951E0
5.479019468E1,2.378312111E0,-9.386947632E0,1.548947215E0
5.481033098E1,2.402057886E0,-9.403224945E0,1.407077193E0
5.483059910E1,2.380890131E0,-9.430183411E0,1.254347682E0
5.485086723E1,2.284413576E0,-9.460661888E0,1.203210235E0
5.487113540E1,2.134415865E0,-9.481887817E0,1.307081699E0
5.489153540E1,1.974929571E0,-9.481513023E0,1.539791107E0
5.491167165E1,1.889666438E0,-9.453197479E0,1.799057841E0
5.493193978E1,1.889094114E0,-9.417710304E0,1.976975799E0
5.495220796E1,1.949882507E0,-9.407012939E0,1.968866587E0
5.497247608E1,2.017407656E0,-9.432831764E0,1.766953111E0
5.499274421E1,2.022303581E0,-9.481621742E0,1.476315856E0
5.501301233E1,1.991667509E0,-9.525996208E0,1.207913518E0
5.503328046E1,1.969918370E0,-9.551970482E0,1.024537921E0
5.505354858E1,1.965420246E0,-9.559035301E0,9.655780792E-1
5.507381676E1,1.952878237E0,-9.554411888E0,1.034348488E0
5.509408488E1,1.915064216E0,-9.541975021E0,1.205663323E0
5.511435301E1,1.840163112E0,-9.527533531E0,1.417842269E0
5.513462113E1,1.722132325E0,-9.527784348E0,1.557553649E0
5.515488926E1,1.599178553E0,-9.559372902E0,1.493787050E0
5.517515738E1,1.529811025E0,-9.615203857E0,1.173854947E0
5.519542551E1,1.523209929E0,-9.659693718E0,7.352052927E-1
5.521569363E1,1.571465492E0,-9.673354149E0,3.565273285E-1
5.523596176E1,1.664175749E0,-9.663406372E0,1.396450102E-1
5.525622988E1,1.793152332E0,-9.640817642E0,9.809796512E-2
5.527649801E1,1.935232162E0,-9.612345695E0,1.675276756E-1
5.529676613E1,2.045309305E0,-9.587744713E0,2.495019585E-1
5.531703426E1,2.087244749E0,-9.579373360E0,2.222746611E-1
5.533730238E1,2.054689169E0,-9.588985443E0,-1.251512789E-3
5.535757051E1,1.987171769E0,-9.597025871E0,-3.444098234E-1
5.537783858E1,1.930509329E0,-9.591857910E0,-6.631586552E-1
5.539810671E1,1.900324464E0,-9.585701942E0,-8.206549883E-1
5.541837483E1,1.910588026E0,-9.582046509E0,-8.392938375E-1
5.543864296E1,1.954457521E0,-9.576609612E0,-7.993920445E-1
5.545891108E1,2.020314217E0,-9.568108559E0,-7.348591089E-1
5.547917915E1,2.097918034E0,-9.556334496E0,-6.675287485E-1
5.549944728E1,2.189022779E0,-9.539278030E0,-6.170493960E-1
5.551971540E1,2.296763420E0,-9.514971733E0,-6.004887223E-1
5.553998353E1,2.413264513E0,-9.485318184E0,-6.126114726E-1
5.556025160E1,2.525961876E0,-9.454236031E0,-6.382214427E-1
5.558051973E1,2.629178762E0,-9.424390793E0,-6.623216867E-1
5.560078785E1,2.707208872E0,-9.400751114E0,-6.835851669E-1
5.562105598E1,2.723402739E0,-9.392560959E0,-7.302497029E-1
5.564132405E1,2.686015606E0,-9.396889687E0,-8.088089824E-1
5.566159218E1,2.682905436E0,-9.390646935E0,-8.877827525E-1
5.568186030E1,2.756859303E0,-9.364398956E0,-9.370920062E-1
5.570212843E1,2.816261768E0,-9.345014572E0,-9.538126588E-1
5.572239650E1,2.812300444E0,-9.349105835E0,-9.249764085E-1
5.574266462E1,2.807247639E0,-9.363954544E0,-7.785311937E-1
5.576293270E1,2.779403448E0,-9.392753601E0,-4.706162214E-1
5.578320082E1,2.689208031E0,-9.430533409E0,-6.003080308E-2
5.580346895E1,2.565324783E0,-9.458689690E0,3.502711356E-1
5.582373702E1,2.432275534E0,-9.475616455E0,6.834666133E-1
5.584400514E1,2.297895432E0,-9.488933563E0,9.220730662E-1
5.586427327E1,2.182307720E0,-9.498159409E0,1.092189550E0
5.588467327E1,2.088171005E0,-9.503588676E0,1.221363902E0
5.590480947E1,2.009415388E0,-9.507520676E0,1.318970084E0
5.592507754E1,1.948198676E0,-9.509311676E0,1.395674706E0
5.594534566E1,1.907752037E0,-9.503175735E0,1.490141034E0
5.596561374E1,1.808609605E0,-9.468770981E0,1.800470233E0
5.598588186E1,1.614782333E0,-9.392632484E0,2.311131954E0
5.600614999E1,1.342509389E0,-9.301495552E0,2.801827908E0
5.602641806E1,1.051491261E0,-9.226247787E0,3.152951717E0
5.604668619E1,7.485240102E-1,-9.182512283E0,3.360293627E0
5.606695426E1,3.836710155E-1,-9.181711197E0,3.423356533E0
5.608722238E1,-4.935368523E-2,-9.203824997E0,3.384901047E0
5.610749046E1,-4.778266549E-1,-9.217743874E0,3.312895775E0
5.612775858E1,-8.407744169E-1,-9.207924843E0,3.267659426E0
5.614802665E1,-1.129243612E0,-9.176074028E0,3.270301342E0
5.616829478E1,-1.341939092E0,-9.135526657E0,3.303291798E0
5.618869478E1,-1.484394789E0,-9.096119881E0,3.350755692E0
5.620883098E1,-1.536038041E0,-9.068566322E0,3.401777029E0
5.622909905E1,-1.481401682E0,-9.060816765E0,3.446363926E0
5.624936712E1,-1.331332445E0,-9.081690788E0,3.452658653E0
5.626963525E1,-1.087457538E0,-9.140938759E0,3.380985498E0
5.629003525E1,-7.334408164E-1,-9.239439964E0,3.203934193E0
5.631017145E1,-2.942121327E-1,-9.358895302E0,2.914602280E0
5.633043952E1,1.613795310E-1,-9.472967148E0,2.531251192E0
5.635070764E1,5.304202437E-1,-9.564490318E0,2.099897861E0
5.637097572E1,7.097917795E-1,-9.626282692E0,1.732413054E0
5.639137572E1,8.396369815E-1,-9.654414177E0,1.502557635E0
5.641151191E1,1.039849401E0,-9.658230782E0,1.344501615E0
5.643177999E1,1.283914685E0,-9.644929886E0,1.223631501E0
5.645204811E1,1.569500089E0,-9.611099243E0,1.154915810E0
5.647231619E1,1.902761340E0,-9.556891441E0,1.102596283E0
5.649271619E1,2.280593395E0,-9.487606049E0,9.770479798E-1
5.651285238E1,2.654808044E0,-9.410496712E0,7.516099811E-1
5.653312046E1,2.973280907E0,-9.332313538E0,4.877576828E-1
5.655338853E1,3.221574306E0,-9.259181976E0,2.436722070E-1
5.657365665E1,3.417064905E0,-9.191530228E0,9.914362431E-2
5.659392473E1,3.590312004E0,-9.125489235E0,7.411453873E-2
5.661419280E1,3.748610735E0,-9.061108589E0,1.208566800E-1
5.663446093E1,3.855856895E0,-9.015054703E0,1.775572449E-1
5.665472900E1,3.879346132E0,-9.004323959E0,2.078719884E-1
5.667499707E1,3.838081598E0,-9.022162437E0,2.002563626E-1
5.669526520E1,3.759972095E0,-9.055560112E0,1.726990491E-1
5.671553327E1,3.646816015E0,-9.102148056E0,1.483958960E-1
5.673580134E1,3.483678341E0,-9.165985107E0,1.381544471E-1
5.675606941E1,3.271780968E0,-9.243689537E0,1.415671259E-1
5.677633754E1,3.032361984E0,-9.324759483E0,1.550036818E-1
5.679660561E1,2.786520004E0,-9.400750160E0,1.777275950E-1
5.681687369E1,2.548893929E0,-9.467517853E0,1.990896165E-1
5.683714181E1,2.333562136E0,-9.522727966E0,2.062181085E-1
5.685740988E1,2.161572218E0,-9.563578606E0,1.895853430E-1
5.687767796E1,2.049373865E0,-9.589033127E0,1.445272416E-1
5.689794608E1,2.000023603E0,-9.600260735E0,7.282815874E-2
5.691821415E1,2.005461216E0,-9.599397659E0,-8.646400645E-3
5.693848223E1,2.056963921E0,-9.588182449E0,-7.767500728E-2
5.695875030E1,2.136267185E0,-9.570284843E0,-1.279972792E-1
5.697901837E1,2.232491493E0,-9.547611237E0,-1.717223376E-1
5.699928650E1,2.330731869E0,-9.522792816E0,-2.334126234E-1
5.701955457E1,2.418303013E0,-9.497864723E0,-3.358122706E-1
5.703982264E1,2.488173723E0,-9.473567009E0,-4.805295169E-1
5.706009072E1,2.536215782E0,-9.451945305E0,-6.314541698E-1
5.708035879E1,2.570025921E0,-9.434523582E0,-7.450614572E-1
5.710062691E1,2.594487667E0,-9.421892166E0,-8.166894317E-1
5.712089499E1,2.628599405E0,-9.407191277E0,-8.749943376E-1
5.714116306E1,2.676979780E0,-9.387444496E0,-9.381081462E-1
5.716143113E1,2.735088587E0,-9.363233566E0,-1.009716868E0
5.718169921E1,2.800368786E0,-9.336037636E0,-1.080149412E0
5.720196728E1,2.869495392E0,-9.308424950E0,-1.135607362E0
5.722223535E1,2.943728924E0,-9.282192230E0,-1.160065889E0
5.724250348E1,3.032110453E0,-9.254325867E0,-1.155050874E0
5.726277155E1,3.125163078E0,-9.226591110E0,-1.128609657E0
5.728303962E1,3.210534573E0,-9.202205658E0,-1.087321758E0
5.730330770E1,3.270421982E0,-9.185143471E0,-1.052550554E0
5.732357577E1,3.314934969E0,-9.170974731E0,-1.036731243E0
5.734384384E1,3.343064308E0,-9.160641670E0,-1.037761331E0
5.736411191E1,3.339392662E0,-9.158683777E0,-1.066466808E0
5.738437999E1,3.278386354E0,-9.175786972E0,-1.107928872E0
5.740464811E1,3.123593569E0,-9.228465080E0,-1.117575526E0
5.742491618E1,2.944432259E0,-9.297641754E0,-1.026923180E0
5.744518426E1,2.769690752E0,-9.376050949E0,-7.673766017E-1
5.746545233E1,2.615605354E0,-9.446434975E0,-3.063638806E-1
5.748572040E1,2.493424892E0,-9.480954170E0,2.544306219E-1
5.750598848E1,2.403397322E0,-9.478345871E0,7.450086474E-1
5.752625655E1,2.351058960E0,-9.463483810E0,1.041814089E0
5.754652462E1,2.326886654E0,-9.459730148E0,1.126710534E0
5.756679270E1,2.314150810E0,-9.474029541E0,1.028528571E0
5.758706077E1,2.238561392E0,-9.505946159E0,8.923129439E-1
5.760732884E1,2.020621300E0,-9.548727036E0,9.535624385E-1
5.762759691E1,1.675236464E0,-9.587822914E0,1.199009538E0
5.764786499E1,1.190357089E0,-9.631008148E0,1.413201094E0
5.766813306E1,6.603803635E-1,-9.667075157E0,1.510602236E0
5.768853306E1,2.246139050E-1,-9.671504021E0,1.606843233E0
5.770866915E1,-7.899361104E-2,-9.647099495E0,1.760005474E0
5.772893723E1,-2.239538431E-1,-9.604573250E0,1.967841148E0
5.774920530E1,-2.571206689E-1,-9.549279213E0,2.217100143E0
5.776947337E1,-2.621544898E-1,-9.488946915E0,2.462023020E0
5.778987337E1,-3.019986451E-1,-9.438937187E0,2.643035889E0
5.781000952E1,-3.878747821E-1,-9.412438393E0,2.725059986E0
5.783027759E1,-4.630096555E-1,-9.410640717E0,2.719530106E0
5.785054566E1,-4.599273503E-1,-9.428786278E0,2.656471729E0
5.787081374E1,-3.396006823E-1,-9.462696075E0,2.551946640E0
5.789121374E1,-6.555219740E-2,-9.506744385E0,2.405803204E0
5.791134983E1,3.316462040E-1,-9.541961670E0,2.238608122E0
5.793161790E1,6.271370649E-1,-9.563392639E0,2.078125477E0
5.795188598E1,6.948980093E-1,-9.625394821E0,1.743353248E0
5.797215400E1,8.252069354E-1,-9.686219215E0,1.290962100E0
5.799242207E1,1.024161816E0,-9.688901901E0,1.116539478E0
5.801269014E1,1.269226432E0,-9.650460243E0,1.195015430E0
5.803295822E1,1.547241926E0,-9.591089249E0,1.336953759E0
5.805322629E1,1.834241152E0,-9.534558296E0,1.377736807E0
5.807349426E1,2.159037113E0,-9.480777740E0,1.274284363E0
5.809376238E1,2.498915672E0,-9.423102379E0,1.063457966E0
5.811403046E1,2.839154005E0,-9.353734970E0,7.856416106E-1
5.813429853E1,3.174696922E0,-9.266130447E0,4.800973833E-1
5.815456655E1,3.497110367E0,-9.159690857E0,2.016763538E-1
5.817483462E1,3.796629429E0,-9.041797638E0,4.377692193E-2
5.819510264E1,4.062181473E0,-8.925446510E0,7.405725121E-2
5.821537072E1,4.260836601E0,-8.829084396E0,2.508439720E-1
5.823563879E1,4.367349148E0,-8.771768570E0,3.907872140E-1
5.825590686E1,4.424815178E0,-8.744854927E0,3.448302150E-1
5.827617488E1,4.449357986E0,-8.737783432E0,1.572894901E-1
5.829644296E1,4.419018745E0,-8.754472733E0,-4.322435334E-2
5.831671103E1,4.331126213E0,-8.796851158E0,-1.647737324E-1
5.833697905E1,4.203473568E0,-8.858015060E0,-1.917709708E-1
5.835724712E1,4.042422771E0,-8.932928085E0,-1.788889617E-1
5.837751514E1,3.848902225E0,-9.018196106E0,-1.687342077E-1
5.839778322E1,3.642023802E0,-9.103881836E0,-1.592825353E-1
5.841805124E1,3.430698395E0,-9.186018944E0,-1.332265586E-1
5.843831931E1,3.227546692E0,-9.259916306E0,-8.527943492E-2
5.845858738E1,3.055688381E0,-9.318393707E0,-2.647036687E-2
5.847885540E1,2.925370455E0,-9.360119820E0,2.741660178E-2
5.849912348E1,2.824716091E0,-9.390890121E0,5.031574145E-2
5.851939150E1,2.768854380E0,-9.407631874E0,1.708913222E-2
5.853979150E1,2.766095400E0,-9.408125877E0,-7.923592627E-2
5.855992759E1,2.794087648E0,-9.397899628E0,-2.072246075E-1
5.858019561E1,2.830408573E0,-9.383535385E0,-3.292961419E-1
5.860046368E1,2.858883381E0,-9.371851921E0,-4.069047570E-1
5.862073165E1,2.888679028E0,-9.360418320E0,-4.565932751E-1
5.864099978E1,2.919600010E0,-9.347449303E0,-5.210760236E-1
5.866126780E1,2.931682348E0,-9.340143204E0,-5.808271766E-1
5.868153582E1,2.927563190E0,-9.338562012E0,-6.253241897E-1
5.870180389E1,2.924355030E0,-9.336876869E0,-6.642695069E-1
5.872207191E1,2.942550659E0,-9.329227448E0,-6.908661723E-1
5.874233999E1,2.972347975E0,-9.320078850E0,-6.867793202E-1
5.876260801E1,3.013331175E0,-9.309757233E0,-6.470205784E-1
5.878287608E1,3.094353914E0,-9.287359238E0,-5.833669305E-1
5.880314410E1,3.190989017E0,-9.258276939E0,-5.217967629E-1
5.882341212E1,3.272234917E0,-9.231987000E0,-4.830012918E-1
5.884368020E1,3.344807148E0,-9.205939293E0,-4.830425680E-1
5.886394822E1,3.411124706E0,-9.178263664E0,-5.422892570E-1
5.888434822E1,3.423908949E0,-9.163239479E0,-6.944692135E-1
5.890448426E1,3.360483170E0,-9.172949791E0,-8.570541143E-1
5.892475233E1,3.268562794E0,-9.198635101E0,-9.338123798E-1
5.894502035E1,3.148959160E0,-9.249362946E0,-8.388875127E-1
5.896528837E1,3.026904583E0,-9.319160461E0,-4.018441141E-1
5.898555645E1,2.926522017E0,-9.354059219E0,3.277761638E-1
5.900582447E1,2.761909723E0,-9.341358185E0,1.131927133E0
5.902609249E1,2.542628527E0,-9.302601814E0,1.779617310E0
5.904636051E1,2.370297432E0,-9.271637917E0,2.142145157E0
5.906662858E1,2.299024820E0,-9.277067184E0,2.195653439E0
5.908689660E1,2.303003788E0,-9.328134537E0,1.962765336E0
5.910716462E1,2.349614620E0,-9.397148132E0,1.530781507E0
5.912743264E1,2.290506363E0,-9.430754662E0,1.408839464E0
5.914770072E1,2.045341253E0,-9.427210808E0,1.764843345E0
5.916796874E1,1.664909005E0,-9.410859108E0,2.198679686E0
5.918836874E1,1.240429044E0,-9.382363319E0,2.569626570E0
5.920850478E1,9.369317889E-1,-9.331549644E0,2.866135597E0
5.922877280E1,7.482224107E-1,-9.269524574E0,3.112309933E0
5.924904082E1,6.432791948E-1,-9.200103760E0,3.333865643E0
5.926930884E1,6.007146239E-1,-9.124708176E0,3.542489052E0
5.928970884E1,5.841001868E-1,-9.058767319E0,3.710515738E0
5.930984494E1,5.560699105E-1,-9.040568352E0,3.758896589E0
5.933011296E1,5.472826958E-1,-9.077862740E0,3.669233799E0
5.935038098E1,6.313958764E-1,-9.148667336E0,3.474710941E0
5.937064900E1,8.336652517E-1,-9.224751472E0,3.221699238E0
5.939104900E1,1.115862727E0,-9.282899857E0,2.958549738E0
5.941118504E1,1.352423429E0,-9.320771217E0,2.732136488E0
5.943145306E1,1.533954024E0,-9.392735481E0,2.365141153E0
5.945172108E1,1.617847919E0,-9.471627235E0,1.959900975E0
5.947198910E1,1.714127183E0,-9.511357307E0,1.663196206E0
5.949238910E1,1.878807545E0,-9.506454468E0,1.505919456E0
5.951252514E1,2.025557280E0,-9.496091843E0,1.375407696E0
5.953279316E1,2.119144440E0,-9.494000435E0,1.242403150E0
5.955306119E1,2.275416136E0,-9.473896027E0,1.112725496E0
5.957332921E1,2.540691137E0,-9.423130989E0,9.591044784E-1
5.959359723E1,2.861034155E0,-9.350431442E0,7.445262074E-1
5.961386525E1,3.189592361E0,-9.259910583E0,5.009154677E-1
5.963413327E1,3.470449448E0,-9.166751862E0,3.114816546E-1
5.965440129E1,3.680673122E0,-9.085344315E0,2.820693851E-1
5.967466931E1,3.837481737E0,-9.014446259E0,4.288169444E-1
5.969493733E1,3.913985968E0,-8.971643448E0,6.005930901E-1
5.971520535E1,3.908417463E0,-8.972126961E0,6.289774776E-1
5.973547337E1,3.864125490E0,-8.999164581E0,5.039513707E-1
5.975574139E1,3.797881842E0,-9.034783363E0,3.452008069E-1
5.977600936E1,3.718150377E0,-9.071145058E0,2.450533807E-1
5.979627738E1,3.621546507E0,-9.110832214E0,2.179951370E-1
5.981654540E1,3.512717247E0,-9.153266907E0,2.211523950E-1
5.983681342E1,3.401294470E0,-9.195411682E0,2.143999487E-1
5.985708145E1,3.290508747E0,-9.236124039E0,1.922276914E-1
5.987734947E1,3.179203987E0,-9.275449753E0,1.705441177E-1
5.989761749E1,3.063749552E0,-9.314398766E0,1.606293768E-1
5.991788546E1,2.945518732E0,-9.352569580E0,1.540572792E-1
5.993815348E1,2.837301016E0,-9.386250496E0,1.356734484E-1
5.995842150E1,2.751592636E0,-9.412217140E0,9.643284976E-2
5.997868952E1,2.697706699E0,-9.428220749E0,3.757546470E-2
5.999895749E1,2.671324015E0,-9.435739517E0,-3.519240767E-2
6.001922551E1,2.674559355E0,-9.434050560E0,-1.257359833E-1
6.003949353E1,2.714830160E0,-9.420395851E0,-2.371398509E-1
6.005976155E1,2.783008575E0,-9.395992279E0,-3.749533892E-1
6.008002952E1,2.861588240E0,-9.364377022E0,-5.386525989E-1
6.010029754E1,2.938731194E0,-9.328013420E0,-7.227707505E-1
6.012056556E1,3.009010792E0,-9.288061142E0,-9.209543467E-1
6.014083353E1,3.071575403E0,-9.247614861E0,-1.103369832E0
6.016110155E1,3.116226435E0,-9.217037201E0,-1.227084637E0
6.018136952E1,3.146937132E0,-9.199658394E0,-1.278068304E0
6.020163754E1,3.166078806E0,-9.194781303E0,-1.265831113E0
6.022190556E1,3.184647560E0,-9.194229126E0,-1.222517490E0
6.024217353E1,3.213515997E0,-9.188894272E0,-1.186557770E0
6.026244155E1,3.230815649E0,-9.183088303E0,-1.184529185E0
6.028270957E1,3.243137836E0,-9.176672935E0,-1.200469613E0
6.030297754E1,3.280652285E0,-9.163157463E0,-1.201773167E0
6.032324556E1,3.312093019E0,-9.154505730E0,-1.181287050E0
6.034351353E1,3.274441004E0,-9.172253609E0,-1.148116827E0
6.036378155E1,3.186072111E0,-9.212788582E0,-1.069511890E0
6.038404952E1,3.081609011E0,-9.264400482E0,-9.192160368E-1
6.040431754E1,2.956682205E0,-9.326950073E0,-6.606211662E-1
6.042458551E1,2.821567774E0,-9.389213562E0,-2.276222706E-1
6.044485353E1,2.689467669E0,-9.424696922E0,3.350049853E-1
6.046512150E1,2.554523468E0,-9.427095413E0,8.801416159E-1
6.048538952E1,2.417786837E0,-9.417785645E0,1.276723146E0
6.050565754E1,2.289473772E0,-9.422396660E0,1.465316892E0
6.052592551E1,2.196355820E0,-9.445174217E0,1.461196780E0
6.054619353E1,2.150668144E0,-9.475085258E0,1.329580069E0
6.056646150E1,2.084314108E0,-9.503456116E0,1.228960276E0
6.058672941E1,1.875471830E0,-9.519003868E0,1.428828835E0
6.060699749E1,1.541265368E0,-9.518530846E0,1.786748648E0
6.062726546E1,1.073156357E0,-9.522642136E0,2.082786322E0
6.064753343E1,5.731304884E-1,-9.519232750E0,2.286067724E0
6.066780150E1,1.452551782E-1,-9.494120598E0,2.451729059E0
6.068820150E1,-1.795492768E-1,-9.458465576E0,2.583714247E0
6.070833744E1,-3.911015093E-1,-9.421772003E0,2.692144394E0
6.072860546E1,-5.128411651E-1,-9.385642052E0,2.795910835E0
6.074887343E1,-5.956987739E-1,-9.354628563E0,2.882091999E0
6.076914145E1,-6.603231430E-1,-9.336991310E0,2.924884319E0
6.078954145E1,-6.597304344E-1,-9.341521263E0,2.910520554E0
6.080967744E1,-5.349718332E-1,-9.370926857E0,2.840762377E0
6.082994540E1,-2.501480281E-1,-9.418748856E0,2.719369650E0
6.085021337E1,1.487474591E-1,-9.459694862E0,2.581168890E0
6.087048139E1,4.074409604E-1,-9.478260040E0,2.483337641E0
6.089088139E1,6.410501003E-1,-9.549592018E0,2.136521578E0
6.091101738E1,9.036902189E-1,-9.596231461E0,1.807220459E0
6.093128535E1,1.130451679E0,-9.595830917E0,1.677051783E0
6.095155337E1,1.366266489E0,-9.574158669E0,1.624554157E0
6.097182134E1,1.636956215E0,-9.538371086E0,1.584370255E0
6.099222134E1,1.904416084E0,-9.499578476E0,1.517100811E0
6.101235733E1,2.153098583E0,-9.466477394E0,1.385772347E0
6.103262535E1,2.423119307E0,-9.426995277E0,1.196098804E0
6.105289332E1,2.724053860E0,-9.369727135E0,9.788424969E-1
6.107316129E1,3.035696745E0,-9.293340683E0,7.673050761E-1
6.109356129E1,3.334959507E0,-9.203324318E0,5.892884731E-1
6.111385514E1,3.604897022E0,-9.106501579E0,4.967291355E-1
6.113396582E1,3.821913958E0,-9.016721725E0,5.119661093E-1
6.115423363E1,3.992182255E0,-8.939552307E0,5.632776618E-1
6.117450160E1,4.110576153E0,-8.887238503E0,5.390095711E-1
6.119476947E1,4.161306858E0,-8.870593071E0,4.080505967E-1
6.121503744E1,4.144400120E0,-8.884728432E0,2.365165055E-1
6.123530535E1,4.071761608E0,-8.920945168E0,8.877944946E-2
6.125557327E1,3.956634521E0,-8.973038673E0,1.142262132E-3
6.127584124E1,3.803784132E0,-9.038814545E0,-3.805575520E-2
6.129610921E1,3.616569757E0,-9.115206718E0,-6.176394224E-2
6.131637712E1,3.410546780E0,-9.194064140E0,-8.800190687E-2
6.133664509E1,3.202915192E0,-9.268144608E0,-1.149819344E-1
6.135691311E1,3.010724783E0,-9.332148552E0,-1.300517321E-1
6.137718108E1,2.849646568E0,-9.382662773E0,-1.246539354E-1
6.139744905E1,2.725754738E0,-9.419721603E0,-9.742191434E-2
6.141771707E1,2.640620708E0,-9.444217682E0,-6.521689892E-2
6.143798504E1,2.592065811E0,-9.457694054E0,-6.003911048E-2
6.145825301E1,2.588818073E0,-9.458145142E0,-1.090820730E-1
6.147852098E1,2.639581442E0,-9.442252159E0,-2.165262997E-1
6.149878900E1,2.716007948E0,-9.415862083E0,-3.677298427E-1
6.151905697E1,2.812204599E0,-9.379645348E0,-5.330605507E-1
6.153932494E1,2.927442789E0,-9.334915161E0,-6.781016588E-1
6.155959296E1,3.055012465E0,-9.283856392E0,-8.045514226E-1
6.157986093E1,3.181854725E0,-9.228656769E0,-9.370566607E-1
6.160012889E1,3.292655945E0,-9.172799110E0,-1.090216756E0
6.162039686E1,3.359044075E0,-9.131713867E0,-1.224344134E0
6.164066483E1,3.378468275E0,-9.115650177E0,-1.288900495E0
6.166093285E1,3.373841286E0,-9.121346474E0,-1.260410190E0
6.168120082E1,3.369173765E0,-9.137425423E0,-1.151744962E0
6.170146879E1,3.383780718E0,-9.149670601E0,-1.001975060E0
6.172173681E1,3.386788368E0,-9.161332130E0,-8.775185943E-1
6.174200478E1,3.377557993E0,-9.168716431E0,-8.349447846E-1
6.176227275E1,3.397143602E0,-9.157284737E0,-8.797358871E-1
6.178254072E1,3.424067974E0,-9.138475418E0,-9.666433930E-1
6.180280868E1,3.426721811E0,-9.130740166E0,-1.028373718E0
6.182307671E1,3.409560680E0,-9.137819290E0,-1.022513866E0
6.184334462E1,3.375516653E0,-9.160219193E0,-9.309420586E-1
6.186361264E1,3.321263790E0,-9.198407173E0,-7.272530794E-1
6.188401264E1,3.241873980E0,-9.247672081E0,-3.757834136E-1
6.190414863E1,3.128354788E0,-9.293682098E0,1.060873866E-1
6.192441660E1,2.971723795E0,-9.322594643E0,6.545714140E-1
6.194468457E1,2.777007818E0,-9.333302498E0,1.161071301E0
6.196495254E1,2.562511683E0,-9.338644028E0,1.547142863E0
6.198522051E1,2.358878136E0,-9.352534294E0,1.770929098E0
6.200548848E1,2.197398901E0,-9.383472443E0,1.814461589E0
6.202575650E1,2.085728645E0,-9.429977417E0,1.701659083E0
6.204602447E1,1.996394157E0,-9.474434853E0,1.555600166E0
6.206629244E1,1.855914712E0,-9.485160828E0,1.660628319E0
6.208656040E1,1.713819504E0,-9.455019951E0,1.958519816E0
6.210682837E1,1.534714103E0,-9.424875259E0,2.233104467E0
6.212709634E1,1.256446242E0,-9.426462173E0,2.394479990E0
6.214736431E1,8.847249150E-1,-9.444837570E0,2.486504555E0
6.216763228E1,4.822825491E-1,-9.456896782E0,2.550467968E0
6.218803228E1,9.982635826E-2,-9.448111534E0,2.625568628E0
6.220816822E1,-1.663894206E-1,-9.412349701E0,2.747795343E0
6.222843624E1,-3.026307225E-1,-9.352581024E0,2.933946133E0
6.224870415E1,-3.910464942E-1,-9.283060074E0,3.137238503E0
6.226897212E1,-4.985282719E-1,-9.225497246E0,3.288167000E0
6.228937212E1,-6.038869023E-1,-9.197570801E0,3.348192215E0
6.230950806E1,-6.237834096E-1,-9.202932358E0,3.329762220E0
6.232977603E1,-5.023648143E-1,-9.239538193E0,3.247916222E0
6.235004400E1,-2.600713670E-1,-9.295424461E0,3.114135981E0
6.237031197E1,7.690175623E-2,-9.327677727E0,3.026368618E0
6.239071197E1,4.103539586E-1,-9.334382057E0,2.978476524E0
6.241084790E1,6.512824297E-1,-9.391767502E0,2.746073961E0
6.243111587E1,8.807458282E-1,-9.498197556E0,2.275722980E0
6.245138384E1,1.097869635E0,-9.575824738E0,1.807939768E0
6.247165181E1,1.289384007E0,-9.611496925E0,1.458428741E0
6.249205181E1,1.461556077E0,-9.613667488E0,1.269506812E0
6.251218775E1,1.650453210E0,-9.593898773E0,1.184694529E0
6.253245572E1,1.886765718E0,-9.558386803E0,1.117020965E0
6.255272369E1,2.157613039E0,-9.511011124E0,1.027503967E0
6.257299165E1,2.454646111E0,-9.452655792E0,8.901657462E-1
6.259325962E1,2.770705938E0,-9.380983353E0,7.005245686E-1
6.261352759E1,3.082299232E0,-9.295887947E0,5.062608719E-1
6.263379556E1,3.363643646E0,-9.204249382E0,3.716056049E-1
6.265406348E1,3.604060411E0,-9.114082336E0,3.385810554E-1
6.267433150E1,3.809675932E0,-9.027987480E0,3.901459575E-1
6.269459947E1,3.991267920E0,-8.946890831E0,4.396793842E-1
6.271486738E1,4.129028797E0,-8.886691093E0,3.850185871E-1
6.273513535E1,4.202162266E0,-8.857213020E0,2.490036488E-1
6.275540332E1,4.214797974E0,-8.853586197E0,1.409751326E-1
6.277567129E1,4.193584919E0,-8.864155769E0,1.048093289E-1
6.279593926E1,4.155011654E0,-8.882186890E0,1.140985042E-1
6.281620723E1,4.099168301E0,-8.908131599E0,1.113768891E-1
6.283647514E1,4.027915001E0,-8.941031456E0,6.518764049E-2
6.285674311E1,3.940925360E0,-8.979944229E0,-1.033435669E-2
6.287701108E1,3.844146490E0,-9.021446228E0,-8.021859825E-2
6.289727905E1,3.746606350E0,-9.061911583E0,-1.228369549E-1
6.291754702E1,3.649381161E0,-9.101212502E0,-1.425520480E-1
6.293781499E1,3.550879717E0,-9.139845848E0,-1.576872170E-1
6.295808290E1,3.452820063E0,-9.176975250E0,-1.776498407E-1
6.297835087E1,3.360690117E0,-9.210509300E0,-2.066053152E-1
6.299861884E1,3.281857967E0,-9.237972260E0,-2.442673445E-1
6.301888681E1,3.223771572E0,-9.257199287E0,-2.862630486E-1
6.303915473E1,3.187575579E0,-9.268101692E0,-3.347159028E-1
6.305942270E1,3.169781446E0,-9.271167755E0,-4.102740586E-1
6.307969066E1,3.172901154E0,-9.264146805E0,-5.278900862E-1
6.309995863E1,3.196182489E0,-9.246425629E0,-6.770629883E-1
6.312022655E1,3.246252537E0,-9.218132973E0,-8.113181591E-1
6.314049452E1,3.318681002E0,-9.182969093E0,-9.109411836E-1
6.316076249E1,3.405250311E0,-9.144840240E0,-9.729079604E-1
6.318103046E1,3.481600523E0,-9.114357948E0,-9.886021018E-1
6.320129837E1,3.535300016E0,-9.095959663E0,-9.672431946E-1
6.322156634E1,3.574466705E0,-9.084185600E0,-9.333478212E-1
6.324183431E1,3.600962162E0,-9.075177193E0,-9.190422297E-1
6.326210228E1,3.615132332E0,-9.068166733E0,-9.325020909E-1
6.328237020E1,3.637028694E0,-9.059900284E0,-9.276898503E-1
6.330263816E1,3.674272776E0,-9.049499512E0,-8.812832236E-1
6.332290613E1,3.729764700E0,-9.033015251E0,-8.147826791E-1
6.334317405E1,3.812197924E0,-9.003787994E0,-7.545471787E-1
6.336344202E1,3.911536694E0,-8.961352348E0,-7.512890100E-1
6.338370994E1,4.001714706E0,-8.912499428E0,-8.509025574E-1
6.340397790E1,4.001019001E0,-8.889374733E0,-1.068289042E0
6.342424587E1,3.892296314E0,-8.911889076E0,-1.264382243E0
6.344451379E1,3.765049934E0,-8.955226898E0,-1.341152787E0
6.346478176E1,3.671498775E0,-9.006952286E0,-1.251119733E0
6.348504973E1,3.611237288E0,-9.067758560E0,-9.513748288E-1
6.350531764E1,3.576671362E0,-9.117974281E0,-4.902606606E-1
6.352558561E1,3.515531063E0,-9.154764175E0,4.149451852E-2
6.354585353E1,3.407793999E0,-9.178845406E0,5.532944202E-1
6.356612150E1,3.266413212E0,-9.194942474E0,9.767130017E-1
6.358638947E1,3.116624355E0,-9.212600708E0,1.258976579E0
6.360665738E1,2.979482889E0,-9.237908363E0,1.397894740E0
6.362692530E1,2.823489666E0,-9.274994850E0,1.474032402E0
6.364719327E1,2.634887695E0,-9.304184914E0,1.630918503E0
6.366746124E1,2.437382460E0,-9.303331375E0,1.917698741E0
6.368772915E1,2.239593506E0,-9.275204659E0,2.263887644E0
6.370799712E1,2.068538666E0,-9.232802391E0,2.578155994E0
6.372826509E1,1.846378922E0,-9.203290939E0,2.839139700E0
6.374853301E1,1.442670226E0,-9.197164536E0,3.082412720E0
6.376880098E1,9.107105136E-1,-9.177230835E0,3.334580421E0
6.378920098E1,4.679560363E-1,-9.117930412E0,3.579767704E0
6.380933686E1,2.146098465E-1,-9.036295891E0,3.803904057E0
6.382960478E1,8.009183407E-2,-8.958059311E0,3.989630938E0
6.384987275E1,1.823153906E-2,-8.896505356E0,4.125801086E0
6.387014066E1,4.995718226E-2,-8.836133003E0,4.253309250E0
6.389054066E1,1.521685123E-1,-8.775417328E0,4.374845982E0
6.391067655E1,2.498612851E-1,-8.741502762E0,4.437802315E0
6.393094447E1,3.186556101E-1,-8.751136780E0,4.414344788E0
6.395121244E1,3.759777546E-1,-8.802514076E0,4.306362152E0
6.397148035E1,4.099181890E-1,-8.885499954E0,4.129194260E0
6.399188035E1,4.040658772E-1,-8.980799675E0,3.918207884E0
6.401201624E1,3.659175634E-1,-9.064221382E0,3.725101471E0
6.403228415E1,3.282018900E-1,-9.123913765E0,3.580066204E0
6.405255212E1,3.200205863E-1,-9.163815498E0,3.477423191E0
6.407282004E1,3.561845422E-1,-9.193107605E0,3.395626545E0
6.409322004E1,4.587031305E-1,-9.225437164E0,3.294128180E0
6.411335593E1,6.051011086E-1,-9.255480766E0,3.184387922E0
6.413362384E1,7.595311403E-1,-9.266965866E0,3.117183447E0
6.415389176E1,1.003014922E0,-9.266924858E0,3.047697306E0
6.417415973E1,1.172727823E0,-9.281524658E0,2.940816641E0
6.419442764E1,1.242531896E0,-9.347687721E0,2.692069769E0
6.421469556E1,1.247533321E0,-9.409546852E0,2.464644909E0
6.423496353E1,1.244534492E0,-9.421662331E0,2.419461250E0
6.425523145E1,1.326842666E0,-9.424962997E0,2.362191439E0
6.427549936E1,1.467000604E0,-9.464467049E0,2.107638836E0
6.429576733E1,1.612685919E0,-9.534972191E0,1.629090190E0
6.431603525E1,1.815023303E0,-9.572759628E0,1.112811565E0
6.433630316E1,2.080811501E0,-9.557495117E0,7.034993768E-1
6.435657113E1,2.356168270E0,-9.507167816E0,4.822961092E-1
6.437683905E1,2.593444347E0,-9.446190834E0,4.625259042E-1
6.439710697E1,2.798934698E0,-9.381333351E0,5.717935562E-1
6.441737488E1,2.989482880E0,-9.312648773E0,7.127116323E-1
6.443764285E1,3.176644087E0,-9.241843224E0,8.170959353E-1
6.445791077E1,3.328850269E0,-9.191446304E0,7.787584662E-1
6.447817868E1,3.412850142E0,-9.175866127E0,5.712383986E-1
6.449844660E1,3.444138288E0,-9.176103592E0,3.277490437E-1
6.451871447E1,3.449449301E0,-9.178762436E0,1.483632326E-1
6.453898244E1,3.471667767E0,-9.171306610E0,7.097358257E-2
6.455925040E1,3.524462938E0,-9.151038170E0,8.396657556E-2
6.457951832E1,3.596788168E0,-9.122265816E0,1.332877725E-1
6.459978624E1,3.672201157E0,-9.091908455E0,1.501245350E-1
6.462005415E1,3.715906620E0,-9.074779510E0,1.038939655E-1
6.464032212E1,3.704872608E0,-9.079877853E0,1.126599312E-2
6.466059004E1,3.658149481E0,-9.098312378E0,-9.513117373E-2
6.468085796E1,3.597369909E0,-9.120997429E0,-1.916643232E-1
6.470112587E1,3.526396036E0,-9.147079468E0,-2.566360831E-1
6.472139379E1,3.451068163E0,-9.174966812E0,-2.837028503E-1
6.474166176E1,3.369481325E0,-9.205140114E0,-2.870052457E-1
6.476192968E1,3.283061028E0,-9.236441612E0,-2.829063833E-1
6.478219759E1,3.194540739E0,-9.267376900E0,-2.846624851E-1
6.480246551E1,3.110238075E0,-9.295509338E0,-3.005145788E-1
6.482273343E1,3.039046526E0,-9.317959785E0,-3.319790363E-1
6.484300134E1,2.990433216E0,-9.332122803E0,-3.730524778E-1
6.486326926E1,2.968541622E0,-9.337060928E0,-4.212228060E-1
6.488366926E1,2.971840858E0,-9.333321571E0,-4.771344066E-1
6.490380509E1,2.996225595E0,-9.322653770E0,-5.302219391E-1
6.492407301E1,3.036189318E0,-9.307370186E0,-5.699015260E-1
6.494434092E1,3.084121227E0,-9.290281296E0,-5.909802318E-1
6.496460884E1,3.134031773E0,-9.272715569E0,-6.041277051E-1
6.498487681E1,3.184274435E0,-9.253810883E0,-6.306858063E-1
6.500514473E1,3.222736835E0,-9.237321854E0,-6.754482388E-1
6.502541264E1,3.244234324E0,-9.226045609E0,-7.248613238E-1
6.504568056E1,3.255753994E0,-9.218329430E0,-7.699678540E-1
6.506594848E1,3.263911724E0,-9.212115288E0,-8.088268638E-1
6.508621639E1,3.276855946E0,-9.204975128E0,-8.372783065E-1
6.510648431E1,3.299869061E0,-9.195573807E0,-8.501055837E-1
6.512675223E1,3.333002090E0,-9.183587074E0,-8.504219055E-1
6.514702014E1,3.365115166E0,-9.172274590E0,-8.460360169E-1
6.516728806E1,3.385707617E0,-9.165656090E0,-8.355409503E-1
6.518755598E1,3.397779703E0,-9.163420677E0,-8.106850982E-1
6.520782389E1,3.401815414E0,-9.166073799E0,-7.623118758E-1
6.522809181E1,3.392486572E0,-9.175024986E0,-6.930759549E-1
6.524835973E1,3.359250546E0,-9.194473267E0,-5.894950032E-1
6.526862764E1,3.297944069E0,-9.226277351E0,-4.120244384E-1
6.528902764E1,3.220192909E0,-9.261477470E0,-1.605449319E-1
6.530916348E1,3.165049076E0,-9.281494141E0,8.187890798E-2
6.532943139E1,3.116181374E0,-9.295357704E0,2.368809134E-1
6.534969931E1,3.026486874E0,-9.323461533E0,2.895367742E-1
6.536996723E1,2.896625757E0,-9.364745140E0,2.854700983E-1
6.539036723E1,2.766617298E0,-9.404367447E0,2.722029388E-1
6.541050306E1,2.672707319E0,-9.431201935E0,2.818742394E-1
6.543077098E1,2.644081593E0,-9.436128616E0,3.724234104E-1
6.545103889E1,2.656080246E0,-9.423885345E0,5.531715751E-1
6.547130681E1,2.646681547E0,-9.410406113E0,7.808505893E-1
6.549170681E1,2.597358227E0,-9.406276703E0,9.726661444E-1
6.551184264E1,2.555689573E0,-9.406075478E0,1.079161525E0
6.553211056E1,2.498678446E0,-9.412232399E0,1.156234026E0
6.555237842E1,2.421978951E0,-9.421503067E0,1.240839362E0
6.557264634E1,2.346436977E0,-9.426422119E0,1.344323635E0
6.559291426E1,2.281541109E0,-9.423449516E0,1.470905900E0
6.561318218E1,2.212996244E0,-9.416814804E0,1.611407518E0
6.563345009E1,2.132614136E0,-9.412714958E0,1.738717675E0
6.565371801E1,2.070884705E0,-9.409204483E0,1.829945803E0
6.567398593E1,2.041840315E0,-9.403964043E0,1.888585329E0
6.569425384E1,2.067822933E0,-9.389604568E0,1.931272507E0
6.571452176E1,2.155021191E0,-9.362550735E0,1.966954350E0
6.573478968E1,2.281715155E0,-9.324501991E0,2.004450560E0
6.575505759E1,2.418000698E0,-9.281107903E0,2.045656204E0
6.577532551E1,2.519599915E0,-9.255360603E0,2.039685249E0
6.579559337E1,2.566553593E0,-9.269445419E0,1.913260221E0
6.581586129E1,2.572810173E0,-9.306686401E0,1.713660121E0
6.583612915E1,2.549414873E0,-9.348039627E0,1.511635065E0
6.585639712E1,2.506570816E0,-9.383836746E0,1.353176236E0
6.587666504E1,2.465357542E0,-9.405405045E0,1.277008295E0
6.589693296E1,2.446911097E0,-9.407611847E0,1.296091676E0
6.591720087E1,2.451209784E0,-9.395070076E0,1.376452565E0
6.593746879E1,2.436222553E0,-9.386880875E0,1.456598759E0
6.595773671E1,2.360271454E0,-9.403524399E0,1.474190235E0
6.597800457E1,2.234902143E0,-9.440653801E0,1.431664944E0
6.599827249E1,2.094295025E0,-9.480510712E0,1.379938483E0
6.601854040E1,1.988283277E0,-9.507618904E0,1.349922776E0
6.603880832E1,1.909150481E0,-9.523142815E0,1.354723573E0
6.605907624E1,1.834599018E0,-9.538703918E0,1.348246336E0
6.607934415E1,1.784764051E0,-9.557938576E0,1.277034640E0
6.609961218E1,1.762603402E0,-9.583633423E0,1.103446484E0
6.611987999E1,1.753381729E0,-9.613149643E0,8.266805410E-1
6.614014790E1,1.759020448E0,-9.633513451E0,5.212048292E-1
6.616041577E1,1.761754036E0,-9.643791199E0,2.527897656E-1
6.618068363E1,1.759270549E0,-9.647363663E0,6.103286520E-2
6.620095160E1,1.747743011E0,-9.649607658E0,-2.948278002E-2
6.622121952E1,1.741649389E0,-9.650703430E0,-3.110370412E-2
6.624148744E1,1.754354715E0,-9.648439407E0,1.527281851E-2
6.626175535E1,1.783188224E0,-9.642817497E0,8.188583702E-2
6.628202327E1,1.851151109E0,-9.628937721E0,1.648143977E-1
6.630242327E1,1.961003423E0,-9.604871750E0,2.670169771E-1
6.632255905E1,2.091763973E0,-9.573317528E0,3.827592432E-1
6.634282697E1,2.225515604E0,-9.537631035E0,5.010489821E-1
6.636309488E1,2.348974228E0,-9.502197266E0,6.008064151E-1
6.638336280E1,2.456284285E0,-9.471357346E0,6.560782790E-1
6.640363072E1,2.552638531E0,-9.446626663E0,6.447212696E-1
6.642389863E1,2.639470100E0,-9.427639008E0,5.685197711E-1
6.644416655E1,2.712746620E0,-9.412776947E0,4.593628049E-1
6.646443447E1,2.771926403E0,-9.399777412E0,3.619470000E-1
6.648470233E1,2.821477413E0,-9.386940002E0,3.082365096E-1
6.650497025E1,2.861152649E0,-9.375068665E0,3.037858307E-1
6.652523816E1,2.888768911E0,-9.366041183E0,3.204247952E-1
6.654550608E1,2.912881613E0,-9.358422279E0,3.247192800E-1
6.656577400E1,2.939726353E0,-9.351117134E0,2.915489972E-1
6.658604191E1,2.972933769E0,-9.342872620E0,2.068521678E-1
6.660630983E1,3.014913321E0,-9.331432343E0,7.115937769E-2
6.662657775E1,3.065107107E0,-9.314785957E0,-1.013578996E-1
6.664684561E1,3.119322300E0,-9.292834282E0,-2.888735533E-1
6.666711353E1,3.168958902E0,-9.268383026E0,-4.745035470E-1
6.668738145E1,3.207040548E0,-9.245039940E0,-6.438321471E-1
6.670764936E1,3.220113993E0,-9.233152390E0,-7.417218685E-1
6.672791728E1,3.190506935E0,-9.246508598E0,-7.022356391E-1
6.674818520E1,3.132652521E0,-9.276419640E0,-5.522069931E-1
6.676845311E1,3.043704510E0,-9.316104889E0,-3.412598073E-1
6.678885311E1,2.938266754E0,-9.355270386E0,-1.260597110E-1
6.680898895E1,2.836605310E0,-9.387319565E0,4.774187878E-2
6.682925681E1,2.743158579E0,-9.413452148E0,1.799781471E-1
6.684952473E1,2.658934355E0,-9.434582710E0,2.985256016E-1
6.686979264E1,2.578881025E0,-9.451392174E0,4.369888604E-1
6.689019264E1,2.504914045E0,-9.462008476E0,6.051378846E-1
6.691032848E1,2.445044279E0,-9.464859962E0,7.801069021E-1
6.693059639E1,2.386239052E0,-9.466581345E0,9.274094701E-1
6.695086431E1,2.314498425E0,-9.477462769E0,9.955823421E-1
6.697113223E1,2.247542620E0,-9.499673843E0,9.354798794E-1
6.699153223E1,2.213285446E0,-9.524350166E0,7.473417521E-1
6.701166801E1,2.208405733E0,-9.541038513E0,5.117801428E-1
6.703193592E1,2.244466305E0,-9.540521622E0,3.334569335E-1
6.705220384E1,2.306325674E0,-9.528855324E0,2.284363508E-1
6.707247176E1,2.349698782E0,-9.519576073E0,1.642186046E-1
6.709287176E1,2.366106749E0,-9.514555931E0,2.124734372E-1
6.711300759E1,2.353937864E0,-9.511592865E0,3.986873627E-1
6.713327551E1,2.313033819E0,-9.507748604E0,6.503614187E-1
6.715354343E1,2.258602381E0,-9.501999855E0,8.837904334E-1
6.717381129E1,2.212866545E0,-9.496443748E0,1.044587135E0
6.719407921E1,2.189564705E0,-9.493104935E0,1.121222496E0
6.721434712E1,2.198435068E0,-9.488748550E0,1.140580058E0
6.723461504E1,2.236764669E0,-9.480672836E0,1.133188963E0
6.725488296E1,2.293121338E0,-9.470562935E0,1.104725480E0
6.727515087E1,2.355933666E0,-9.461417198E0,1.049539089E0
6.729541874E1,2.414636612E0,-9.455592155E0,9.652536511E-1
6.731568660E1,2.460779667E0,-9.452940941E0,8.699817657E-1
6.733595457E1,2.485594511E0,-9.450920105E0,8.199405074E-1
6.735622249E1,2.484573364E0,-9.449110031E0,8.435661793E-1
6.737649040E1,2.458462000E0,-9.449274063E0,9.151897430E-1
6.739675832E1,2.414138317E0,-9.452997208E0,9.915513992E-1
6.741702624E1,2.363312960E0,-9.460640907E0,1.039912224E0
6.743729415E1,2.316332340E0,-9.471331596E0,1.048267722E0
6.745756207E1,2.279058456E0,-9.482727051E0,1.026724219E0
6.747782994E1,2.255930424E0,-9.491859436E0,9.928598404E-1
6.749809785E1,2.246945143E0,-9.497984886E0,9.538943768E-1
6.751836577E1,2.250217199E0,-9.501959801E0,9.053575993E-1
6.753863369E1,2.265706539E0,-9.504078865E0,8.422801495E-1
6.755890160E1,2.305539131E0,-9.499194145E0,7.875269651E-1
6.757916947E1,2.364156485E0,-9.488699913E0,7.387325168E-1
6.759943738E1,2.428249121E0,-9.474684715E0,7.101725340E-1
6.761970530E1,2.481577158E0,-9.461152077E0,7.062438726E-1
6.763997322E1,2.512763739E0,-9.451910019E0,7.195774913E-1
6.766024113E1,2.507096529E0,-9.451022148E0,7.503622770E-1
6.768050905E1,2.497651100E0,-9.451252937E0,7.784160376E-1
6.770077697E1,2.497384071E0,-9.449911118E0,7.953960896E-1
6.772104483E1,2.502043724E0,-9.448914528E0,7.925758958E-1
6.774131275E1,2.516625881E0,-9.447220802E0,7.661572695E-1
6.776158066E1,2.538173676E0,-9.445428848E0,7.155010700E-1
6.778184858E1,2.563568354E0,-9.443424225E0,6.482709646E-1
6.780211650E1,2.594682932E0,-9.439621925E0,5.757965446E-1
6.782238441E1,2.643772125E0,-9.429720879E0,5.110834837E-1
6.784265223E1,2.662158251E0,-9.426987648E0,4.639046192E-1
6.786292020E1,2.642775774E0,-9.433481216E0,4.422246516E-1
6.788332020E1,2.609168291E0,-9.442261696E0,4.542220533E-1
6.790345603E1,2.598288774E0,-9.444417000E0,4.714521468E-1
6.792372395E1,2.586545944E0,-9.446063995E0,5.020428896E-1
6.794399186E1,2.567217350E0,-9.450061798E0,5.254568458E-1
6.796425973E1,2.543444872E0,-9.455533028E0,5.423731804E-1
6.798452764E1,2.518736362E0,-9.460959435E0,5.626762509E-1
6.800479556E1,2.497227669E0,-9.465219498E0,5.863947868E-1
6.802506348E1,2.490481853E0,-9.464848518E0,6.201169491E-1
6.804533134E1,2.480879784E0,-9.465525627E0,6.476559043E-1
6.806559926E1,2.473827124E0,-9.467257500E0,6.493057013E-1
6.808586718E1,2.463814020E0,-9.471871376E0,6.193964481E-1
6.810613504E1,2.456916571E0,-9.475676537E0,5.877932906E-1
6.812640296E1,2.450743198E0,-9.478652000E0,5.651451945E-1
6.814667087E1,2.440999508E0,-9.482186317E0,5.477673411E-1
6.816693879E1,2.431025505E0,-9.485857010E0,5.282296538E-1
6.818720671E1,2.425959110E0,-9.488185883E0,5.093692541E-1
6.820747457E1,2.426851511E0,-9.488480568E0,4.995119572E-1
6.822774249E1,2.431889057E0,-9.487584114E0,4.919943213E-1
6.824801040E1,2.439233541E0,-9.486249924E0,4.812344313E-1
6.826827827E1,2.446649313E0,-9.484764099E0,4.727914929E-1
6.828867827E1,2.452680588E0,-9.483454704E0,4.678108990E-1
6.830881410E1,2.461346149E0,-9.481357574E0,4.647683799E-1
6.832908202E1,2.472049713E0,-9.478397369E0,4.683363140E-1
6.834934988E1,2.480804920E0,-9.475740433E0,4.757412672E-1
6.836961780E1,2.495007277E0,-9.472009659E0,4.757870138E-1
6.839001780E1,2.506754637E0,-9.469022751E0,4.734823406E-1
6.841015363E1,2.513690472E0,-9.467036247E0,4.764139056E-1
6.843042150E1,2.550936937E0,-9.451072693E0,5.833776593E-1
6.845068941E1,2.524280071E0,-9.450621605E0,6.958090067E-1
6.847095728E1,2.528676271E0,-9.453062057E0,6.448332667E-1
6.849135728E1,2.562748194E0,-9.451873779E0,5.145955086E-1
6.851149311E1,2.580349445E0,-9.452459335E0,4.039683938E-1
6.853176103E1,2.589942455E0,-9.452007294E0,3.494787812E-1
6.855202889E1,2.603906631E0,-9.448638916E0,3.365443647E-1
6.857229681E1,2.625137568E0,-9.442350388E0,3.479639292E-1
6.859256473E1,2.649376154E0,-9.434903145E0,3.657676578E-1
6.861283259E1,2.686287880E0,-9.424248695E0,3.712116480E-1
6.863310051E1,2.728483915E0,-9.412390709E0,3.642327487E-1
6.865336843E1,2.775089502E0,-9.399249077E0,3.512589037E-1
6.867363629E1,2.797466278E0,-9.393260956E0,3.334910572E-1
6.869390415E1,2.792121410E0,-9.396063805E0,2.973792851E-1
6.871417212E1,2.799630880E0,-9.395028114E0,2.567286491E-1
6.873443999E1,2.726838589E0,-9.417067528E0,2.314542383E-1
6.875470790E1,2.704302549E0,-9.423795700E0,2.218575478E-1
6.877497582E1,2.698642731E0,-9.424961090E0,2.404497266E-1
6.879524368E1,2.692267895E0,-9.425843239E0,2.748818099E-1
6.881551160E1,2.693140984E0,-9.424982071E0,2.951112688E-1
6.883577952E1,2.707834244E0,-9.420952797E0,2.892679274E-1
6.885604738E1,2.720519304E0,-9.409710884E0,4.759303629E-1
6.887631530E1,2.681419134E0,-9.390808105E0,8.905665874E-1
6.889658316E1,2.678010464E0,-9.385382652E0,9.556317329E-1
6.891685103E1,2.714269161E0,-9.391045570E0,7.819228768E-1
6.893711900E1,2.736835957E0,-9.401972771E0,5.320060253E-1
6.895738691E1,2.740148544E0,-9.410883904E0,3.118159771E-1
6.897765483E1,2.745512486E0,-9.412513733E0,1.927171648E-1
6.899792270E1,2.751507759E0,-9.410408974E0,2.092829049E-1
6.901819061E1,2.753381729E0,-9.406674385E0,3.221045434E-1
6.903845853E1,2.750309229E0,-9.401951790E0,4.576846361E-1
6.905872639E1,2.752855778E0,-9.396921158E0,5.385468006E-1
6.907899431E1,2.768477440E0,-9.393004417E0,5.266763568E-1
6.909926223E1,2.810362339E0,-9.384830475E0,4.440694451E-1
6.911953009E1,2.944738626E0,-9.354049683E0,2.540186793E-2
6.913979796E1,2.867276907E0,-9.366060257E0,-4.754334092E-1
6.916006587E1,2.713518858E0,-9.400589943E0,-6.603797078E-1
6.918033379E1,2.781028271E0,-9.381863594E0,-6.456773877E-1
6.920060165E1,2.920006514E0,-9.348078728E0,-5.073151588E-1
6.922086957E1,2.976481199E0,-9.339509964E0,-2.907258272E-1
6.924113744E1,2.963423252E0,-9.348029137E0,-5.332139134E-2
6.926140535E1,2.919274569E0,-9.360449791E0,1.737703234E-1
6.928167322E1,2.842066050E0,-9.377987862E0,3.825993836E-1
6.930194113E1,2.760082722E0,-9.393196106E0,5.658671856E-1
6.932220900E1,2.723693132E0,-9.394161224E0,7.082487941E-1
6.934247691E1,2.720750570E0,-9.389549255E0,7.773408294E-1
6.936274483E1,2.707699776E0,-9.394153595E0,7.672148347E-1
6.938301270E1,2.675693750E0,-9.408862114E0,6.959548593E-1
6.940328061E1,2.660111189E0,-9.420840263E0,5.847828984E-1
6.942354848E1,2.686100960E0,-9.420176506E0,4.642534852E-1
6.944381639E1,2.695408583E0,-9.421927452E0,3.639430702E-1
6.946408426E1,2.686739445E0,-9.427068710E0,2.867272496E-1
6.948435218E1,2.793615580E0,-9.397337914E0,2.369366437E-1
6.950462004E1,2.880144358E0,-9.372084618E0,1.979346871E-1
6.952488796E1,2.952070475E0,-9.350672722E0,1.434740722E-1
6.954515582E1,2.996783018E0,-9.337244987E0,7.435201854E-2
6.956542374E1,2.942091703E0,-9.354900360E0,1.827105321E-2
6.958569160E1,2.879612446E0,-9.374338150E0,-2.176996786E-3
6.960595952E1,2.834213734E0,-9.388134003E0,2.367084846E-2
6.962622738E1,2.764043808E0,-9.408756256E0,7.583111525E-2
6.964649530E1,2.756098270E0,-9.410268784E0,1.454406083E-1
6.966676316E1,2.847441912E0,-9.381205559E0,2.354673296E-1
6.968703103E1,2.940630198E0,-9.349800110E0,3.229879439E-1
6.970729895E1,2.890845299E0,-9.362055779E0,4.065907300E-1
6.972756681E1,2.806671143E0,-9.383378983E0,4.951629341E-1
6.974783473E1,2.755294800E0,-9.393514633E0,5.836202502E-1
6.976810259E1,2.774830580E0,-9.384193420E0,6.384471655E-1
6.978850259E1,2.822878122E0,-9.374863625E0,5.600816607E-1
6.980863837E1,2.834547520E0,-9.378706932E0,4.190395474E-1
6.982890629E1,2.813465834E0,-9.390687943E0,2.641792893E-1
6.984917415E1,2.727256536E0,-9.417958260E0,1.858343929E-1
6.986944207E1,2.579839230E0,-9.458674431E0,2.197658718E-1
6.988984207E1,2.443864822E0,-9.491585732E0,3.281975985E-1
6.990997785E1,2.326499224E0,-9.515795708E0,4.554452002E-1
6.993024572E1,2.145024300E0,-9.551236153E0,5.857875943E-1
6.995051358E1,1.965247035E0,-9.582883835E0,6.903097034E-1
6.997078150E1,1.796899676E0,-9.613888741E0,7.174052000E-1
6.999118150E1,1.682805061E0,-9.633404732E0,7.321770191E-1
7.001131728E1,1.679336309E0,-9.633828163E0,7.345601320E-1
7.003158514E1,1.728748560E0,-9.630345345E0,6.620117426E-1
7.005185301E1,1.826921344E0,-9.621050835E0,5.178086758E-1
7.007212093E1,1.916332603E0,-9.612287521E0,3.193583190E-1
7.009252092E1,1.840363145E0,-9.631456375E0,1.359920055E-1
7.011265671E1,1.796733618E0,-9.640498161E0,5.407146737E-2
7.013292457E1,1.768185854E0,-9.645483971E0,9.257183969E-2
7.015319244E1,1.701422930E0,-9.656831741E0,1.454632878E-1
7.017346030E1,1.669427872E0,-9.661728859E0,1.854402721E-1
7.019372822E1,1.697737098E0,-9.657184601E0,1.639053971E-1
7.021399608E1,1.652277946E0,-9.665879250E0,1.054920405E-1
7.023426395E1,1.621754527E0,-9.671187401E0,9.179813415E-2
7.025453186E1,1.605692506E0,-9.673439980E0,1.291933805E-1
7.027479973E1,1.516644239E0,-9.687500954E0,1.500111669E-1
7.029506759E1,1.381245136E0,-9.707624435E0,1.567748040E-1
7.031533551E1,1.206451297E0,-9.730312347E0,1.894404292E-1
7.033560337E1,1.038036585E0,-9.748972893E0,2.244905233E-1
7.035587124E1,8.393040895E-1,-9.768420219E0,2.095896155E-1
7.037613915E1,6.037158966E-1,-9.787430763E0,1.100741625E-1
7.039640702E1,3.500946760E-1,-9.800326347E0,-3.785388172E-2
7.041667488E1,1.230010111E-2,-9.804627419E0,-1.987895519E-1
7.043694275E1,-3.160857260E-1,-9.792296410E0,-4.259288907E-1
7.045721066E1,-5.879774690E-1,-9.764149666E0,-6.971871257E-1
7.047747853E1,-8.582935929E-1,-9.713850021E0,-1.036755204E0
7.049774639E1,-1.181429982E0,-9.634393692E0,-1.397521734E0
7.051801426E1,-1.656041026E0,-9.524685860E0,-1.645683885E0
7.053828218E1,-2.159579277E0,-9.384808540E0,-1.852557778E0
7.055855004E1,-2.635967255E0,-9.211764336E0,-2.089371443E0
7.057881790E1,-3.026554346E0,-9.036853790E0,-2.312060595E0
7.059908577E1,-3.299668789E0,-8.844289780E0,-2.657273293E0
7.061935369E1,-3.417001247E0,-8.670211792E0,-3.053181648E0
7.063962155E1,-3.360419989E0,-8.535390854E0,-3.467717409E0
7.065988941E1,-3.303642988E0,-8.391019821E0,-3.853193283E0
7.068015728E1,-3.411453962E0,-8.153547287E0,-4.248770237E0
7.070042514E1,-3.679903507E0,-7.841225624E0,-4.598248482E0
7.072069306E1,-3.911168814E0,-7.576449871E0,-4.844641685E0
7.074096093E1,-4.045250893E0,-7.362147808E0,-5.060149670E0
7.076122879E1,-4.084559441E0,-7.209859848E0,-5.244491100E0
7.078149665E1,-4.060702801E0,-7.180943489E0,-5.302370071E0
7.080176452E1,-4.030016422E0,-7.307936192E0,-5.150087833E0
7.082203244E1,-3.994662285E0,-7.568461895E0,-4.788678646E0
7.084230030E1,-3.961745262E0,-7.906965256E0,-4.237319469E0
7.086256816E1,-3.870242596E0,-8.273800850E0,-3.568727970E0
7.088296816E1,-3.720704794E0,-8.624313354E0,-2.819216490E0
7.090310389E1,-3.629951239E0,-8.893837929E0,-1.973189831E0
7.092337176E1,-3.619272470E0,-9.060271263E0,-9.913316965E-1
7.094363968E1,-3.640650749E0,-9.104812622E0,1.357717514E-1
7.096390754E1,-3.484524250E0,-9.089790344E0,1.184985399E0
7.098417540E1,-3.168565750E0,-9.030952454E0,2.138335943E0
7.100444327E1,-2.685090065E0,-8.928239822E0,3.040922403E0
7.102471113E1,-2.086369991E0,-8.776600838E0,3.845612526E0
7.104497900E1,-1.513621688E0,-8.606358528E0,4.450834274E0
7.106524686E1,-1.039780021E0,-8.458436012E0,4.852225304E0
7.108551473E1,-6.949791908E-1,-8.355591774E0,5.086401463E0
7.110578259E1,-5.341311693E-1,-8.265017509E0,5.251150131E0
7.112605051E1,-5.583746433E-1,-8.126235962E0,5.461033344E0
7.114631837E1,-8.037423491E-1,-7.922205925E0,5.723900795E0
7.116658624E1,-1.183938384E0,-7.642480850E0,6.030020714E0
7.118685410E1,-1.547951937E0,-7.242943287E0,6.427597046E0
7.120712197E1,-1.836314797E0,-6.743863583E0,6.878855228E0
7.122738983E1,-2.134909868E0,-6.201793194E0,7.290424824E0
7.124765770E1,-2.387009859E0,-5.694958687E0,7.618400097E0
7.126792556E1,-2.161942959E0,-5.202450275E0,8.026885986E0
7.128832556E1,-2.068880081E0,-4.631723404E0,8.392691612E0
7.130846129E1,-1.816334128E0,-4.192047596E0,8.677444458E0
7.132872910E1,-1.348345876E0,-3.933691502E0,8.881352425E0
7.134899702E1,-5.289623737E-1,-3.627156734E0,9.095841408E0
7.136926488E1,-1.139382362E0,-3.460691214E0,9.104713440E0
7.138966488E1,-1.571436524E0,-3.358423710E0,9.078654289E0
7.140980066E1,-1.592988253E0,-3.156380177E0,9.147132874E0
7.143006853E1,-1.800345898E0,-2.654084206E0,9.267415047E0
7.145033639E1,-2.107544661E0,-1.793363810E0,9.408107758E0
7.147060426E1,-2.341835737E0,-7.195599079E-1,9.495704651E0
7.149100426E1,-2.497926474E0,4.037049115E-1,9.474585533E0
7.151113999E1,-2.607239962E0,1.525744081E0,9.329779625E0
7.153140785E1,-2.609962463E0,2.651075125E0,9.073602676E0
7.155167572E1,-2.482921839E0,3.692352295E0,8.739109039E0
7.157194358E1,-2.254315853E0,4.576725483E0,8.375083923E0
7.159217212E1,-2.030457973E0,5.287893295E0,8.005362511E0
7.161247921E1,-1.867075086E0,5.837602139E0,7.655508518E0
7.163274712E1,-1.733790398E0,6.232765675E0,7.370005608E0
7.165301499E1,-1.595108390E0,6.539445877E0,7.131736755E0
7.167328285E1,-1.512266994E0,6.810794353E0,6.891770840E0
7.169351139E1,-1.534538150E0,7.020374298E0,6.673073769E0
7.171381853E1,-1.573767424E0,7.163652420E0,6.509665012E0
7.173408639E1,-1.630721688E0,7.277318954E0,6.368026733E0
7.175435431E1,-1.686374545E0,7.386674404E0,6.226040363E0
7.177462218E1,-1.710077167E0,7.476105213E0,6.111782074E0
7.179489004E1,-1.677127719E0,7.515910625E0,6.071962357E0
7.181515790E1,-1.587693214E0,7.538056850E0,6.068551064E0
7.183542572E1,-1.358243108E0,7.643130779E0,5.992338181E0
7.185569363E1,-1.168856144E0,7.733526230E0,5.915803432E0
7.187596150E1,-1.001287460E0,7.798427105E0,5.861087322E0
7.189622936E1,-8.861874342E-1,7.845423222E0,5.816734314E0
7.191649723E1,-8.092281818E-1,7.878477573E0,5.783176899E0
7.193676514E1,-7.730643153E-1,7.916965485E0,5.735364914E0
7.195703301E1,-7.485783696E-1,7.955761433E0,5.684705734E0
7.197730087E1,-7.306295633E-1,7.982865334E0,5.648931980E0
7.199756874E1,-7.059432268E-1,8.000391006E0,5.627234459E0
7.201783655E1,-6.948443651E-1,8.022345543E0,5.597280979E0
7.203810441E1,-6.910364628E-1,8.042883873E0,5.568201542E0
7.205837228E1,-6.792516112E-1,8.041651726E0,5.571429253E0
7.207864014E1,-6.649059653E-1,8.019893646E0,5.604426384E0
7.209890801E1,-6.553186178E-1,7.996644020E0,5.638672352E0
7.211917587E1,-6.526155472E-1,7.972624302E0,5.672895908E0
7.213944374E1,-6.544225812E-1,7.950869560E0,5.703139305E0
7.215971160E1,-6.613114476E-1,7.939034939E0,5.718809128E0
7.217997947E1,-6.658245921E-1,7.933139324E0,5.726462364E0
7.220024733E1,-6.780949235E-1,7.933619022E0,5.724357128E0
7.222051520E1,-7.024456263E-1,7.939074993E0,5.713846684E0
7.224078306E1,-7.154045105E-1,7.944470406E0,5.704732895E0
7.226105092E1,-7.039476037E-1,7.948377132E0,5.700714588E0
7.228131879E1,-6.782283783E-1,7.949196339E0,5.702690125E0
7.230171879E1,-6.635077596E-1,7.952854633E0,5.699319839E0
7.232185452E1,-6.749984622E-1,7.955711842E0,5.693981647E0
7.234212238E1,-7.027662992E-1,7.959306240E0,5.685591221E0
7.236239025E1,-7.350558043E-1,7.955325603E0,5.687078953E0
7.238265811E1,-7.605635524E-1,7.944964886E0,5.698198795E0
7.240292598E1,-7.867714763E-1,7.933403969E0,5.710732937E0
7.242319384E1,-8.165276647E-1,7.920789719E0,5.724050522E0
7.244346165E1,-8.529803753E-1,7.908996582E0,5.735031605E0
7.246372947E1,-8.865633607E-1,7.904568672E0,5.736042023E0
7.248399733E1,-9.119035006E-1,7.900316715E0,5.737927437E0
7.250426525E1,-9.402315617E-1,7.899623871E0,5.734308243E0
7.252453316E1,-9.714707732E-1,7.906575203E0,5.719502449E0
7.254480103E1,-1.007454753E0,7.918074131E0,5.697326183E0
7.256506889E1,-1.052742124E0,7.933639526E0,5.667406082E0
7.258533676E1,-1.068198323E0,7.944557667E0,5.649188995E0
7.260560462E1,-1.076617122E0,7.951238632E0,5.638181210E0
7.262587249E1,-1.062838078E0,7.953268051E0,5.637932301E0
7.264614040E1,-1.029112220E0,7.956885338E0,5.639086723E0
7.266640827E1,-1.003422260E0,7.955626965E0,5.645486832E0
7.268667619E1,-9.790312648E-1,7.944941521E0,5.664784908E0
7.270694405E1,-9.555395246E-1,7.933897018E0,5.684242249E0
7.272721197E1,-9.446626902E-1,7.929810047E0,5.691758633E0
7.274747983E1,-9.183393717E-1,7.938728333E0,5.683628559E0
7.276774775E1,-8.959408402E-1,7.948362350E0,5.673730373E0
7.278801561E1,-9.029403329E-1,7.956202030E0,5.661620140E0
7.280828353E1,-9.310216904E-1,7.967135429E0,5.641660690E0
7.282855145E1,-9.755385518E-1,7.970894814E0,5.628814220E0
7.284881936E1,-1.023930192E0,7.974489689E0,5.615109444E0
7.286908728E1,-1.087510824E0,7.996698380E0,5.571402550E0
7.288935514E1,-1.151996613E0,8.021847725E0,5.522070885E0
7.290962306E1,-1.206574678E0,8.039891243E0,5.484041691E0
7.292988306E1,-1.254554510E0,8.051131248E0,5.456716537E0
7.295008191E1,-1.296702147E0,8.066447258E0,5.424146652E0
7.297042801E1,-1.342132688E0,8.089930534E0,5.377926826E0
7.299069572E1,-1.399042964E0,8.113087654E0,5.328308582E0
7.301096342E1,-1.459114790E0,8.141489029E0,5.268540859E0
7.303123119E1,-1.481913447E0,8.118508339E0,5.297560215E0
7.305149900E1,-1.451551318E0,8.050422668E0,5.408703804E0
7.307176686E1,-1.415991068E0,8.010963440E0,5.476295471E0
