"Time (s)","Gyroscope x (rad/s)","Gyroscope y (rad/s)","Gyroscope z (rad/s)"
1.177756500E-2,-1.784317940E-1,-3.781688958E-2,5.805691332E-2
3.164421800E-2,-1.784317940E-1,-3.781688958E-2,5.805691332E-2
5.154138700E-2,-1.784317940E-1,-3.781688958E-2,5.805691332E-2
7.143855600E-2,-1.784317940E-1,-3.781688958E-2,5.805691332E-2
9.130520800E-2,-1.256479383E0,-5.699164867E-1,-7.616640925E-1
1.112023770E-1,-1.048752904E0,-1.012001261E-1,-1.075917125E0
1.310995460E-1,-1.027980208E0,6.657902896E-2,-1.225054145E0
1.509661980E-1,-1.312938452E0,2.343581803E-2,-1.186704636E0
1.708633670E-1,-1.726793647E0,-2.588592768E-1,-9.416937828E-1
1.907605360E-1,-1.918008685E0,-7.121292949E-1,-6.455502510E-1
2.106577060E-1,-1.735315800E0,-1.294296265E0,-2.695119083E-1
2.305243570E-1,-1.544100881E0,-9.779127836E-1,-1.757686399E-2
2.504215260E-1,-1.429052234E0,6.753776670E-1,1.651159972E-1
2.703186960E-1,-1.237837315E0,3.132942677E0,4.362258017E-1
2.901853480E-1,-1.379517436E0,4.932706833E0,4.143878818E-1
3.100825180E-1,-1.417866945E0,4.296744347E0,1.336906850E-1
3.299796870E-1,-8.197209835E-1,2.011219263E0,2.460760921E-1
3.498463380E-1,-3.802994192E-1,2.230663776E0,5.842975378E-1
3.697435080E-1,1.422128081E-1,1.713477850E0,6.056028605E-1
3.896406770E-1,1.314536333E0,1.432780623E-1,5.885586143E-1
4.095073290E-1,2.287655354E0,-1.471662879E0,5.789712071E-1
4.294044980E-1,2.368083000E0,-2.142246723E0,5.997439027E-1
4.493016670E-1,2.000034094E0,-2.436792374E0,4.442152679E-1
4.691683190E-1,1.154746652E0,-2.395779848E0,1.384843793E-2
4.890654880E-1,8.607336879E-1,-2.237055302E0,-1.864212751E-2
5.089626570E-1,9.576727748E-1,-3.036536217E0,4.724447727E-1
5.288293100E-1,1.413073301E0,-4.182760715E0,9.337043166E-1
5.487264790E-1,1.910551786E0,-4.940696716E0,1.030643344E0
5.686236480E-1,2.005892992E0,-5.871737480E0,1.258077264E0
5.884903000E-1,1.596298814E0,-6.725014687E0,1.681519985E0
6.083874690E-1,1.025317073E0,-7.057909489E0,2.077798367E0
6.282846380E-1,3.281014562E-1,-7.074421406E0,2.794188738E0
6.481512900E-1,-2.199771106E-1,-7.024886608E0,3.366235733E0
6.680484590E-1,-7.382282615E-1,-7.543137550E0,3.742806673E0
6.879151110E-1,-1.017860174E0,-7.326356411E0,4.013383865E0
7.078122800E-1,-1.028512836E0,-6.576410294E0,4.527906418E0
7.277094490E-1,-9.715211987E-1,-6.034190655E0,5.006210327E0
7.475761020E-1,-5.107942820E-1,-6.016080856E0,5.449892998E0
7.674732710E-1,3.920173049E-1,-6.099171638E0,5.694371223E0
7.873704400E-1,1.442900658E0,-5.560680389E0,5.388640404E0
8.072676080E-1,2.144377232E0,-4.329234600E0,4.619519234E0
8.271342610E-1,2.019208670E0,-2.340918541E0,4.169445038E0
8.470314300E-1,1.425856471E0,7.882957160E-2,3.586212873E0
8.669286000E-1,5.858954787E-1,1.650627255E0,2.860234976E0
8.867952510E-1,3.233077526E-1,2.477805138E0,2.092179298E0
9.066924200E-1,5.161206126E-1,2.166215181E0,1.302818418E0
9.265895900E-1,6.727145314E-1,1.304416299E0,6.114618182E-1
9.464562410E-1,5.629922748E-1,1.015197039E0,2.039981484E-1
9.663534110E-1,1.938781291E-1,8.266451955E-1,-3.834952042E-2
9.862505800E-1,-4.048004746E-2,9.928264618E-1,-1.017327532E-1
1.006117232E0,-2.455434501E-1,1.602690339E0,-3.339604139E-1
1.026014401E0,-4.873584807E-1,1.874865413E0,-3.701793849E-1
1.045881053E0,-6.034722924E-1,1.582983017E0,-2.812298238E-1
1.065778223E0,-3.888215125E-1,4.154531360E-1,-1.789644361E-1
1.085675392E0,1.225054115E-1,-4.266384244E-1,-2.849582434E-1
1.105542043E0,4.383563101E-1,-9.342369437E-1,-2.359560728E-1
1.125439213E0,3.137203753E-1,-8.500810266E-1,-2.530003190E-1
1.145336382E0,-3.462109342E-2,-5.443501472E-1,-5.294364095E-1
1.165203033E0,-8.356999755E-1,-8.575379103E-2,-7.169229984E-1
1.185100203E0,-1.272991061E0,2.759034932E-1,-8.181231022E-1
1.204997372E0,-1.120125532E0,2.998719513E-1,-6.695187092E-1
1.224894541E0,-7.131945491E-1,-8.085356951E-1,-5.416869521E-1
1.244761193E0,-5.970807076E-1,-6.636597514E-1,-4.351605177E-1
1.264658362E0,-1.112136126E0,-2.375539690E-1,-5.262406468E-1
1.284555531E0,-1.565938711E0,1.763012707E-1,-8.042746782E-1
1.304422184E0,-1.605353594E0,-2.716424316E-2,-9.997506738E-1
1.324319353E0,-1.061003447E0,-7.068029642E-1,-1.410942793E0
1.344216522E0,-1.315068960E0,-5.070658922E-1,-1.624528289E0
1.364083174E0,-1.880191803E0,7.829693705E-2,-1.778991699E0
1.383980343E0,-1.950499177E0,3.270362020E-1,-1.932922363E0
1.403846995E0,-1.673530459E0,5.326322280E-4,-2.028796196E0
1.423744164E0,-1.367266893E0,-8.532768488E-1,-2.145975351E0
1.443641333E0,-1.020523310E0,-1.800829530E0,-2.150768995E0
1.463507985E0,-6.439523697E-1,-2.265284777E0,-1.899366498E0
1.483405154E0,-3.920173049E-1,-2.046905756E0,-1.378452182E0
1.503302323E0,-4.207794666E-1,-1.347559571E0,-1.108407617E0
1.523168976E0,-6.178534031E-1,-6.913566589E-1,-9.044095278E-1
1.543066145E0,-6.013417840E-1,-2.604571581E-1,-7.771103978E-1
1.562963314E0,-3.680488765E-1,-9.054748341E-3,-5.965480804E-1
1.582829966E0,-1.091896072E-1,6.924218964E-3,-3.834952116E-1
1.602727135E0,2.103897333E-1,-1.928128600E-1,-2.274339646E-1
1.622624305E0,3.845604658E-1,-4.559331834E-1,-2.205097377E-1
1.642490956E0,3.792341352E-1,-6.077333689E-1,-2.727077007E-1
1.662388125E0,2.748382390E-1,-6.562029123E-1,-3.009372056E-1
1.682285295E0,1.747033745E-1,-5.368933082E-1,-3.403519988E-1
1.702151946E0,1.086569726E-1,-3.328951299E-1,-4.804342687E-1
1.722049115E0,3.089267015E-2,-1.789644361E-1,-7.291735411E-1
1.741946285E0,-6.391586736E-3,-7.563377917E-2,-9.635316730E-1
1.761812937E0,6.285060197E-2,-6.391586363E-2,-1.122256160E0
1.781710107E0,2.386192381E-1,-1.283643693E-1,-1.194161415E0
1.801607276E0,5.411543250E-1,-3.376888335E-1,-1.269795179E0
1.821473927E0,8.186557293E-1,-5.406216979E-1,-1.326254249E0
1.841371097E0,7.717841268E-1,-5.821670294E-1,-1.261273146E0
1.861237748E0,4.101268053E-1,-3.882888854E-1,-1.239967823E0
1.881134918E0,-2.018676102E-1,1.257012039E-1,-1.574460864E0
1.901032087E0,-3.744404614E-1,2.993393242E-1,-1.679922104E0
1.920929256E0,-2.764361203E-1,3.526025414E-1,-1.768871665E0
1.940826425E0,1.043959185E-1,-3.675162420E-2,-1.780589581E0
1.960815146E0,5.629922748E-1,-5.395564437E-1,-1.907356024E0
1.980681798E0,9.757822156E-1,-5.177185535E-1,-2.337722778E0
2.000609483E0,1.164334059E0,-2.178465873E-1,-2.567287445E0
2.020506653E0,1.636246204E0,-1.869539171E-1,-2.237587929E0
2.040373305E0,1.830124378E0,-4.388889670E-1,-1.757153749E0
2.060270475E0,1.663943052E0,-5.193164349E-1,-1.962217093E0
2.080167644E0,1.404018521E0,-3.462109566E-1,-2.073537350E0
2.100064813E0,1.201085687E0,-1.406149119E-1,-1.335309029E0
2.119931465E0,1.026914954E0,1.789644361E-1,-4.032025933E-1
2.139828634E0,4.633900523E-1,1.217064619E0,5.326322317E-1
2.159725803E0,-5.699164793E-2,1.812547445E0,7.499461770E-1
2.179592455E0,-1.826928556E-1,1.286839485E0,1.034371734E0
2.199489624E0,-2.998719513E-1,6.370281577E-1,2.303101778E0
2.219386793E0,-2.780340314E-1,1.030643344E0,3.500991583E0
2.239283962E0,-7.936219871E-2,1.805623293E0,4.359594822E0
2.259181132E0,2.343581766E-1,1.955292940E0,4.248807430E0
2.279108817E0,-5.379585549E-2,1.998436093E0,3.940413237E0
2.299036504E0,-3.840278387E-1,3.066896439E0,3.333745003E0
2.318964190E0,-5.416869521E-1,3.312972546E0,2.763828516E0
2.338922394E0,-7.398261428E-1,3.124420643E0,2.295644999E0
2.358819562E0,-1.327852130E0,3.022155285E0,2.314286947E0
2.378716732E0,-3.390204191E0,4.708468914E-1,2.375007153E0
2.398613901E0,-3.279949188E0,-1.494033456E0,2.452771425E0
2.418572104E0,-8.404936790E-1,-3.110572100E0,2.067145586E0
2.438499791E0,1.476989150E0,-2.231196404E0,1.262871027E0
2.458488512E0,1.956890821E0,-1.828526497E0,9.246495366E-1
2.478568783E0,1.802960038E0,-2.423476696E0,1.554220796E0
2.498557504E0,2.005892992E0,-2.160888910E0,2.903378248E0
2.518515708E0,1.606418848E0,-1.115864515E0,3.537743330E0
2.538534945E0,8.639294505E-1,1.139832959E-1,3.348658800E0
2.558462632E0,4.351605177E-1,7.605988383E-1,2.884203434E0
2.578512386E0,1.709749401E-1,1.867408633E0,2.381931305E0
2.598470590E0,1.810949594E-1,2.041579247E0,1.837581158E0
2.618428793E0,1.182443574E-1,2.225337505E0,1.133973956E0
2.638356479E0,7.456851192E-3,2.090581417E0,7.281082273E-1
2.658314682E0,-4.767058492E-1,4.213120937E-1,-1.864212751E-2
2.678272886E0,-6.082659960E-1,-1.736381054E0,9.203884602E-1
2.698231089E0,-2.865561247E-1,-8.847021461E-1,1.422660708E0
2.718189292E0,9.097358584E-1,8.005462289E-1,8.836368918E-1
2.738147497E0,1.947836041E0,6.838997602E-1,1.545698762E0
2.758044666E0,2.622681141E0,-7.478156686E-1,1.810416937E0
2.777941834E0,2.629072666E0,-1.555818796E0,2.172606945E0
2.797808487E0,1.513208151E0,-1.506816626E0,2.609365225E0
2.817766690E0,4.740426689E-2,-1.648496747E0,1.097755075E0
2.837663859E0,-7.504788041E-1,-1.953162432E0,-7.313040495E-1
2.857561029E0,7.563377917E-2,-2.982740477E-2,-1.328384757E0
2.877488714E0,2.022404671E0,4.303135872E0,-2.615224123E-1
2.897385883E0,6.332997084E-1,2.779274940E0,9.629990458E-1
2.917313570E0,-4.420847595E-1,-5.363606811E-1,3.041862726E0
2.937210739E0,5.203816891E-1,-6.279733777E-1,3.679955959E0
2.957107909E0,4.804342687E-1,-1.544633508E-2,2.380333424E0
2.976974560E0,2.237055302E-1,2.125202566E-1,1.145159304E-1
2.996871730E0,-2.945456207E-1,7.456851006E-2,-1.153148770E0
3.016768899E0,-4.090615511E-1,4.516721368E-1,-1.254881501E0
3.036666068E0,-6.285060197E-2,1.449292302E0,-1.182443500E0
3.056532720E0,2.066612989E-1,2.114549875E0,-1.048752904E0
3.076429889E0,-1.001348570E-1,1.284708977E0,-6.924219131E-1
3.096296541E0,-1.810949594E-1,1.065264463E0,-5.976133347E-1
3.116193710E0,-1.613875628E-1,8.953547478E-1,-5.177185535E-1
3.136090879E0,-6.673882008E-1,4.159857631E-1,-3.435477912E-1
3.155988048E0,-1.600559831E0,3.270361900E0,5.113269389E-2
3.175854701E0,-1.987783432E0,5.164934635E0,2.998719513E-1
3.195751870E0,-1.088700294E0,3.208576441E0,3.190467060E-1
3.215649039E0,-2.854908705E-1,1.032241225E0,9.693906456E-2
3.235515691E0,1.635181010E-1,-1.272991002E-1,1.661812514E-1
3.255412860E0,4.340952635E-1,-3.968110085E-1,3.041329980E-1
3.275310029E0,2.700445354E-1,-1.715075821E-1,3.904194236E-1
3.295176681E0,-2.013349831E-1,3.888215125E-1,5.518069863E-1
3.315073850E0,-6.950850487E-1,8.303736448E-1,3.595267534E-1
3.334940502E0,-4.149205089E-1,8.500810266E-1,2.695119083E-1
3.354837671E0,4.953479767E-2,7.078682184E-1,1.741707325E-1
3.374734840E0,1.683117896E-1,4.436826408E-1,2.572613657E-1
3.394601493E0,2.407497615E-1,3.233077526E-1,3.499393761E-1
3.414498662E0,3.893541694E-1,3.153182864E-1,2.450108230E-1
3.434395831E0,4.436826408E-1,2.982740402E-1,1.299622655E-1
3.454262483E0,3.137203753E-1,3.680488765E-1,-6.924218964E-3
3.474159652E0,3.036003746E-2,3.360909224E-1,-2.711097896E-1
3.494056821E0,-3.131877482E-1,-1.017327532E-1,-6.205165386E-1
3.513953991E0,-5.715143681E-1,-6.407565475E-1,-9.582054019E-1
3.533851160E0,-8.676578999E-1,-6.301039457E-1,-1.105744481E0
3.553748329E0,-1.476989150E0,6.391586363E-2,-9.459548593E-1
3.573706532E0,-2.239718437E0,1.314536333E0,-9.246495366E-1
3.593603702E0,-2.008556128E0,1.513208151E0,-1.155811906E0
3.613500871E0,-2.207227945E0,2.588592529E0,-1.646366239E0
3.633398039E0,-1.702825189E0,2.491120815E0,-1.925465465E0
3.653356243E0,1.699096859E-1,1.941444516E0,-1.729456902E0
3.673253412E0,9.821738005E-1,2.095375299E0,-1.954227686E0
3.693181098E0,-2.828277051E-1,2.178465873E-1,-2.169943810E0
3.713108785E0,-6.380934119E-1,-1.565406084E0,-2.278600693E0
3.733005953E0,-3.025351167E-1,-1.471662879E0,-2.429335594E0
3.752903123E0,1.384843793E-2,-4.580637217E-1,-2.021339417E0
3.772800292E0,2.556634694E-2,1.518001854E-1,-1.736381054E0
3.792727979E0,1.704423130E-2,-9.161274135E-2,-1.731054783E0
3.812594630E0,1.070590764E-1,-4.825648069E-1,-1.710814714E0
3.832491799E0,2.130528986E-1,-7.068029642E-1,-1.647964120E0
3.852388969E0,-3.249056637E-2,-6.135923266E-1,-1.655953646E0
3.872286138E0,-1.885518134E-1,-9.512811303E-1,-1.731054783E0
3.892213825E0,-1.198422536E-1,-3.312972486E-1,-1.581385136E0
3.912141510E0,7.563377917E-2,5.912217870E-2,-1.242630959E0
3.932099714E0,1.006674916E-1,-2.407497615E-1,-7.329019308E-1
3.952088435E0,1.177117229E-1,-1.709749401E-1,-2.354234457E-1
3.972016120E0,1.832254827E-1,8.149272949E-2,-1.752360016E-1
3.991913290E0,3.371562064E-1,-3.137203753E-1,-1.480717659E-1
4.011810459E0,4.830974340E-1,-4.255731404E-1,2.428802997E-1
4.031677111E0,5.395564437E-1,-7.829693705E-2,4.069310129E-1
4.051574281E0,5.709817410E-1,7.350324839E-2,5.976133347E-1
4.071471449E0,5.246427655E-1,-3.131877482E-1,6.295713186E-1
4.091338102E0,5.528722405E-1,-2.865561247E-1,6.034722924E-1
4.111235271E0,6.295713186E-1,3.195793182E-2,9.129316211E-1
4.131132440E0,7.222493291E-1,2.604571581E-1,1.396561742E0
4.150999092E0,7.914915085E-1,1.699096859E-1,1.854625463E0
4.170896261E0,8.372978568E-1,-8.538094759E-1,2.478870392E0
4.190793430E0,2.551308274E-1,-8.207862377E-1,2.757969618E0
4.210660082E0,5.065332651E-1,1.300155282E0,1.925465465E0
4.230557251E0,7.174556255E-1,7.478156686E-1,1.524926066E0
4.250423904E0,6.125270724E-1,-2.253034264E-1,1.140898228E0
4.270321073E0,8.351673484E-1,-1.131843448E0,1.625060916E0
4.290218241E0,7.344998717E-1,-1.130778193E0,2.492718935E0
4.310084894E0,4.958806038E-1,-1.221858382E0,3.324157715E0
4.329982063E0,1.688444167E-1,-1.557416677E0,3.912716389E0
4.349879232E0,-2.998719513E-1,-8.564726114E-1,3.807255268E0
4.369776401E0,-1.651159972E-1,-6.641923785E-1,3.068494320E0
4.389673570E0,-1.507349163E-1,-1.101483464E0,2.402704000E0
4.409540222E0,-3.888215125E-1,-1.657551527E0,2.114017248E0
4.429437391E0,-5.720469952E-1,-2.237055302E0,1.795503259E0
4.449365077E0,-6.141249537E-1,-2.198705912E0,1.484978676E0
4.469262246E0,-1.267664731E-1,-1.973402381E0,1.396561742E0
4.489128899E0,6.908239722E-1,-1.692172647E0,1.222923636E0
4.509026068E0,1.213336229E0,-1.628256679E0,1.013066530E0
4.528923237E0,1.191498280E0,-9.837717414E-1,-2.157160491E-1
4.548850923E0,9.779127836E-1,-6.141249537E-1,-1.043959141E0
4.568748092E0,8.735168576E-1,-4.170510471E-1,-1.068992853E0
4.588645262E0,3.659183383E-1,3.557983339E-1,-9.523464441E-1
4.608511913E0,-5.597964525E-1,9.592706561E-1,-8.628641963E-1
4.628409083E0,-1.172323585E0,-3.064765930E0,1.720402092E-1
4.648275735E0,-2.423476577E-1,-1.918541312E0,8.894958496E-1
4.668172904E0,4.655205607E-1,1.607484102E0,8.452873230E-1
4.688070073E0,5.379585549E-2,4.124703884E0,3.419498801E-1
4.707967242E0,-2.929477394E-1,4.118312359E0,-7.030745596E-2
4.727833894E0,-4.506068528E-1,2.936401367E0,2.737729549E-1
4.747731064E0,-2.737729549E-1,1.447161794E0,8.431568146E-1
4.767628233E0,3.307646215E-1,1.605886221E0,1.644768357E0
4.787494885E0,9.688580036E-1,9.677927494E-1,3.155845881E0
4.807392054E0,7.941546440E-1,-1.209075153E-1,3.088734388E0
4.827289223E0,4.788363874E-1,-2.695119083E-1,1.831189632E0
4.847155875E0,4.106594622E-1,-2.945456207E-1,8.772453070E-1
4.867053044E0,3.632551730E-1,2.716424316E-2,1.097222418E-1
4.886950213E0,2.822950780E-1,5.592638254E-1,-6.093312502E-1
4.906877900E0,3.142530099E-2,8.783105612E-1,-7.542072535E-1
4.926836103E0,-2.364887148E-1,5.235774517E-1,-6.934871674E-1
4.946733272E0,-4.250405133E-1,-3.009372056E-1,-7.510114312E-1
4.966630442E0,-5.091964006E-1,-1.211738348E0,-8.122641444E-1
4.986588645E0,-6.077333689E-1,-1.941444516E0,-8.202536106E-1
5.006516331E0,-1.053546548E0,-2.025600433E0,-8.612663150E-1
5.026413500E0,-1.570732474E0,-1.114266634E0,-1.073786616E0
5.046310669E0,-1.563808203E0,2.151834220E-1,-1.438639641E0
5.066177321E0,-1.284708977E0,1.446629167E0,-1.938781261E0
5.086074490E0,-1.155811906E0,2.378202915E0,-2.276470184E0
5.106002177E0,-1.177117229E0,2.495382071E0,-2.481533527E0
5.125960380E0,-1.066862345E0,2.194977522E0,-2.631735802E0
5.145949101E0,-7.020092607E-1,1.858353853E0,-2.661030531E0
5.165815753E0,-5.012069345E-1,1.496163964E0,-2.705239058E0
5.185743439E0,-7.254450917E-1,1.422128081E0,-2.951847792E0
5.205671125E0,-9.667274952E-1,1.365669012E0,-3.280481815E0
5.225659846E0,-7.930893898E-1,9.992180467E-1,-3.401921988E0
5.245587532E0,-4.207794666E-1,5.725796223E-1,-3.055178404E0
5.265484701E0,-2.743056118E-1,2.109223604E-1,-2.680737972E0
5.285381870E0,-4.335626364E-1,8.309062570E-2,-2.590723038E0
5.305279039E0,-5.374259353E-1,1.874865443E-1,-2.574211597E0
5.325176209E0,-4.431500137E-1,7.275756001E-1,-2.569417953E0
5.345073378E0,-2.977414131E-1,1.007740140E0,-2.318548203E0
5.364970547E0,-2.114549875E-1,4.543353021E-1,-1.712945223E0
5.384867716E0,-1.629854590E-1,-5.518069863E-1,-8.948221207E-1
5.404764885E0,-5.379585549E-2,-7.424893379E-1,-5.763080716E-1
5.424662055E0,1.443433315E-1,-2.620550692E-1,-4.495415986E-1
5.444559224E0,3.856257200E-1,3.115898669E-1,-3.004045784E-1
5.464425876E0,5.906891227E-1,7.755125165E-1,-1.778991669E-1
5.484353561E0,5.795038939E-1,9.161274433E-1,-5.326322466E-2
5.504281248E0,5.342301130E-1,7.360977530E-1,1.049285457E-1
5.524208935E0,5.986786485E-1,7.084008455E-1,3.366235793E-1
5.544106103E0,6.327670813E-1,5.368933082E-1,5.454154015E-1
5.564033790E0,5.672533512E-1,1.491370238E-2,8.090683818E-1
5.583961476E0,4.474110603E-1,-4.708468914E-1,1.082308650E0
5.603889162E0,2.940129936E-1,-1.255414128E0,1.099352956E0
5.623816849E0,2.716424316E-2,-3.787015080E-1,1.061536074E0
5.643714017E0,6.721818447E-1,2.355832338E0,1.361407995E0
5.663611187E0,6.966829300E-1,1.777393699E0,1.456216455E0
5.683508356E0,5.113269091E-1,-1.821602285E-1,1.227184653E0
5.703405525E0,6.705839634E-1,-1.230380416E0,1.165931940E0
5.723272178E0,6.034722924E-1,-1.325721622E0,1.257544637E0
5.743169347E0,4.607268870E-1,-1.022121191E0,1.538241863E0
5.763066515E0,3.265035450E-1,-3.483414650E-1,1.661279917E0
5.782963684E0,2.428802997E-1,3.360909224E-1,1.469532371E0
5.802891371E0,5.805691332E-2,4.213120937E-1,1.308144808E0
5.822758023E0,-1.810949668E-2,1.544633508E-1,1.217064619E0
5.842655192E0,1.757686399E-2,-1.651159972E-1,1.401355386E0
5.862552361E0,1.065264493E-1,-6.285060048E-1,1.590439796E0
5.882419014E0,1.709749401E-1,-8.468852639E-1,1.571797729E0
5.902316182E0,2.434129268E-1,-1.010403395E0,1.378452182E0
5.922213351E0,3.414172530E-1,-1.140365601E0,1.162736177E0
5.942080004E0,3.584614992E-1,-1.346494317E0,1.116397142E0
5.961977173E0,4.809668958E-1,-1.209075212E0,1.069525480E0
5.981874342E0,6.833671331E-1,-9.981527925E-1,9.672601223E-1
6.001740994E0,7.590008974E-1,-7.744472623E-1,8.500810266E-1
6.021638163E0,6.178534031E-1,-3.185140789E-1,6.849650741E-1
6.041535332E0,3.872236311E-1,-4.474110901E-2,5.310343504E-1
6.061401984E0,2.300971150E-1,-1.278317347E-2,3.158509135E-1
6.081329671E0,2.524676621E-1,2.263686955E-1,1.565938741E-1
6.101196322E0,3.073287904E-1,4.660531878E-1,1.193096191E-1
6.121093492E0,3.067961633E-1,6.514092088E-1,1.182443574E-1
6.141021178E0,2.306297570E-1,7.153250575E-1,1.810949594E-1
6.160918348E0,1.432780623E-1,7.787083387E-1,3.057309091E-1
6.180815516E0,4.580637068E-2,6.977482438E-1,4.474110603E-1
6.200743203E0,-1.496696621E-1,3.233077526E-1,4.783037305E-1
6.220670888E0,-2.460760921E-1,3.941478580E-2,4.575310946E-1
6.240598575E0,-2.045307755E-1,1.539307088E-1,3.984089196E-1
6.260495744E0,-7.510114461E-2,2.434129268E-1,4.277036786E-1
6.280362396E0,8.362326026E-2,1.331580579E-1,5.273059011E-1
6.300259565E0,3.115898669E-1,1.970739290E-2,6.093312502E-1
6.320156734E0,3.978762627E-1,3.755057156E-1,5.603290796E-1
6.340053904E0,2.854908705E-1,6.471481323E-1,4.431500137E-1
6.359981590E0,9.960222989E-2,5.699164867E-1,4.266384244E-1
6.379878760E0,-5.006742850E-2,3.259709179E-1,5.289037824E-1
6.399775928E0,-6.018744037E-2,-1.091896072E-1,4.969458580E-1
6.419642581E0,3.408846259E-2,-4.985437691E-1,3.169161677E-1
6.439570266E0,-8.522115648E-3,-5.832322836E-1,-3.302319720E-2
6.459497953E0,-6.253102422E-1,-4.005394280E-1,-5.928196907E-1
6.479395122E0,-1.399224877E0,5.699164793E-2,-1.076982379E0
6.499292292E0,-1.666073561E0,6.540724039E-1,-1.396561742E0
6.519158943E0,-1.679922104E0,1.021055937E0,-1.508414507E0
6.539086630E0,-1.504153371E0,6.631271243E-1,-1.591505051E0
6.558983799E0,-9.922938347E-1,-1.065264456E-2,-1.829591751E0
6.578880968E0,-3.627225459E-1,-1.629854590E-1,-1.925465465E0
6.598778137E0,-2.247707993E-1,1.165931940E0,-2.147040606E0
6.618675306E0,-8.165252209E-1,2.775546551E0,-2.289785862E0
6.638572475E0,-1.179780364E0,3.396063089E0,-2.351038694E0
6.658500162E0,-4.900216460E-1,1.776328444E0,-2.588592529E0
6.678397331E0,-1.070590764E-1,-4.447479248E-1,-2.612560987E0
6.698294500E0,-4.964132309E-1,-9.161274433E-1,-2.589657784E0
6.718222186E0,-3.115898669E-1,-2.711097896E-1,-2.315352201E0
6.738119355E0,-2.039981484E-1,7.190535069E-1,-2.279665947E0
6.758016524E0,-3.845604658E-1,6.082659960E-1,-2.226402760E0
6.777944211E0,-3.909520507E-1,-3.877562582E-1,-2.129996300E0
6.797871897E0,-2.849582434E-1,-7.930893898E-1,-1.959553957E0
6.817799584E0,-1.821602285E-1,-5.858954787E-1,-1.701227307E0
6.837757787E0,-1.049285457E-1,-4.559331834E-1,-1.241565704E0
6.857654956E0,-1.065264456E-3,-3.808320463E-1,-8.431568146E-1
6.877613160E0,1.230380461E-1,-1.187769845E-1,-4.697816372E-1
6.897510329E0,1.565938741E-1,3.121224940E-1,-2.700445354E-1
6.917468532E0,2.625876963E-1,5.352953672E-1,-1.187769845E-1
6.937426735E0,5.065332651E-1,5.400890708E-1,1.970739290E-2
6.957354421E0,7.094660997E-1,2.119876295E-1,2.130528986E-1
6.977221074E0,6.588660479E-1,-2.732403278E-1,5.656554103E-1
6.997118243E0,6.402239203E-1,-4.458131790E-1,7.712514400E-1
7.017015412E0,6.759102941E-1,-4.202468395E-1,1.036502361E0
7.036882064E0,6.466155052E-1,-4.117247164E-1,1.288969994E0
7.056779233E0,5.805691481E-1,-4.436826408E-1,1.501490235E0
7.076676402E0,5.273059011E-1,-2.364887148E-1,1.584580898E0
7.096543054E0,3.920173049E-1,3.067961633E-1,1.400290132E0
7.116440223E0,1.464738697E-1,1.198955178E0,1.122256160E0
7.136337392E0,3.179814517E-1,7.787083387E-1,5.566006899E-1
7.156234562E0,1.944107562E-1,5.219795927E-2,2.844256163E-1
7.176131731E0,3.158509135E-1,-8.143946528E-1,5.763080716E-1
7.196028900E0,5.134574771E-1,-1.399224877E0,1.001348615E0
7.215926069E0,7.211840153E-1,-1.424258590E0,1.434911251E0
7.235823238E0,7.558051348E-1,-8.916263580E-1,1.761947393E0
7.255720408E0,6.194512844E-1,-3.057309091E-1,1.840244293E0
7.275648093E0,4.910869002E-1,-1.438107044E-1,1.298024774E0
7.295545263E0,-5.326322466E-2,5.012069345E-1,8.655273914E-1
7.315442432E0,-2.018676102E-1,1.229315162E0,9.752495885E-1
7.335370119E0,1.326254308E-1,1.449292302E0,1.278849959E0
7.355267288E0,2.604571581E-1,6.221144199E-1,1.391235352E0
7.375133940E0,1.752360016E-1,-6.002765298E-1,1.331047893E0
7.395031109E0,-7.456851192E-3,-1.382180691E0,1.083906531E0
7.414928278E0,-4.633900523E-2,-1.195759296E0,9.507485032E-1
7.434825447E0,-3.781688958E-2,-4.186489284E-1,7.483482957E-1
7.454692099E0,5.326322280E-3,-5.219795927E-2,7.574030161E-1
7.474589268E0,1.257012039E-1,-2.135855258E-1,9.512811303E-1
7.494486437E0,3.765709996E-1,-5.656554103E-1,1.021055937E0
7.514414124E0,6.210491657E-1,-9.720538259E-1,1.012533903E0
7.534280776E0,7.329019308E-1,-1.213868856E0,8.559399843E-1
7.554177945E0,6.849650741E-1,-1.000283360E0,5.640575290E-1
7.574075114E0,4.575310946E-1,-2.684466541E-1,4.607268870E-1
7.593972283E0,2.082591951E-1,2.077265680E-1,5.273059011E-1
7.613838935E0,2.039981484E-1,3.472762108E-1,5.209143162E-1
7.633736104E0,4.506068528E-1,6.823018789E-1,4.942827225E-1
7.653602756E0,3.984089196E-1,1.226119399E0,5.134574771E-1
7.673499925E0,2.450108156E-2,9.608685374E-1,4.969458580E-1
7.693397094E0,-4.633900523E-2,4.410194755E-1,5.075985193E-1
7.713263747E0,8.202536404E-2,1.139832959E-1,5.555354357E-1
7.733160916E0,1.347559541E-1,5.326322280E-3,5.150553584E-1
7.753058084E0,1.022653878E-1,-2.876213938E-2,4.351605177E-1
7.772955254E0,3.941478580E-2,-3.994741663E-2,3.643204570E-1
7.792821906E0,6.391586363E-2,7.989482954E-3,2.737729549E-1
7.812719075E0,1.406149119E-1,2.316950262E-1,1.571265012E-1
7.832616245E0,1.283643693E-1,4.873584807E-1,5.699164793E-2
7.852513414E0,-2.609897964E-2,5.475459099E-1,3.728425503E-2
7.872380066E0,-7.669904083E-2,3.233077526E-1,1.241033077E-1
7.892277235E0,4.474110901E-2,1.454086006E-1,2.844256163E-1
7.912204921E0,2.210423797E-1,-7.243798673E-2,3.973436356E-1
7.932071573E0,3.478088379E-1,-3.579288721E-1,3.984089196E-1
7.951968742E0,3.296993375E-1,-4.037352204E-1,3.376888335E-1
7.971865912E0,5.113269389E-2,-9.374327213E-2,-5.060006306E-2
7.991732563E0,-4.085289240E-1,1.257012039E-1,-4.820321798E-1
8.011629733E0,-7.627293468E-1,-2.077265643E-2,-6.487460732E-1
8.031496384E0,-1.040763378E0,-5.091964006E-1,-7.781757116E-1
8.051393553E0,-1.231445670E0,-7.195861340E-1,-9.422264099E-1
8.071290723E0,-1.127049804E0,-2.806971967E-1,-1.193628788E0
8.091157374E0,-8.271778226E-1,2.721750736E-1,-1.475391269E0
8.111054543E0,-5.651227832E-1,5.747101903E-1,-1.855158091E0
8.130951713E0,-6.215817928E-1,8.905611038E-1,-2.360093355E0
8.150818365E0,-1.116397142E0,2.183259487E0,-2.736664295E0
8.170715535E0,-1.487109184E0,3.476490498E0,-2.767024517E0
8.190582186E0,-1.196824670E0,3.746002436E0,-2.618420124E0
8.210479355E0,4.106594622E-1,2.154497385E0,-2.666889668E0
8.230376525E0,-1.528654546E-1,-2.093244642E-1,-2.920422554E0
8.250243176E0,-8.458199501E-1,-1.131310821E0,-2.740925550E0
8.270140346E0,-5.550028086E-1,-1.245826840E0,-2.348908186E0
8.290037515E0,-3.286340833E-1,-1.217597246E0,-2.351038694E0
8.309904166E0,-6.945524216E-1,-5.986786485E-1,-2.632268429E0
8.329801336E0,-8.964200616E-1,9.480853379E-2,-2.652508497E0
8.349667988E0,-5.166532397E-1,2.103897333E-1,-2.440520763E0
8.369565157E0,-3.201119602E-1,-4.612595141E-1,-2.155562639E0
8.389462327E0,-3.941478431E-1,-1.105744481E0,-1.737446308E0
8.409328978E0,-3.526025414E-1,-1.119060278E0,-1.229847789E0
8.429226148E0,-2.812298238E-1,-6.966829300E-1,-6.913566589E-1
8.449123317E0,-3.036003709E-1,-1.810949594E-1,-2.977414131E-1
8.469020486E0,-3.398193717E-1,2.050634027E-1,-1.166464612E-1
8.488887138E0,-2.860234976E-1,6.695187092E-1,2.130528912E-2
8.508784307E0,-3.408846259E-2,7.904262543E-1,1.544633508E-1
8.528681476E0,2.785666585E-1,5.544701219E-1,3.259709179E-1
8.548578645E0,4.426173866E-1,1.390170157E-1,5.960154533E-1
8.568475815E0,4.942827225E-1,2.503371425E-2,7.957525253E-1
8.588372984E0,6.759102941E-1,3.994741663E-2,9.464874864E-1
8.608239635E0,8.564726114E-1,8.309062570E-2,1.171258211E0
8.628136805E0,8.511462808E-1,-5.858954415E-2,1.435443878E0
8.648003457E0,5.992112756E-1,-2.705771625E-1,1.514806032E0
8.667900625E0,6.817692518E-1,-7.137271762E-2,1.434378624E0
8.687797795E0,6.631271243E-1,1.425323844E0,1.506283998E0
8.707664447E0,8.271778226E-1,1.359277487E0,9.901633263E-1
8.727561617E0,2.876214087E-1,1.635181010E-1,5.150553584E-1
8.747428268E0,4.143878818E-1,-1.532382965E0,6.705839634E-1
8.767325437E0,6.466155052E-1,-2.265817404E0,1.183508754E0
8.787222607E0,8.942894936E-1,-1.792307496E0,1.652757764E0
8.807119776E0,8.751147389E-1,-6.897587180E-1,1.839711666E0
8.826986428E0,8.799084425E-1,1.230380461E-1,1.748631597E0
8.846883597E0,6.748450398E-1,8.191883564E-1,1.226652026E0
8.866780766E0,3.515372574E-1,1.065797091E0,8.261125684E-1
8.886647418E0,2.359560728E-1,8.607336879E-1,9.331716895E-1
8.906544587E0,3.046656251E-1,7.073355913E-1,1.089232922E0
8.926441756E0,5.470132828E-1,6.130596995E-1,1.265001535E0
8.946308409E0,5.656554103E-1,4.111920893E-1,1.261273146E0
8.966205578E0,4.990763962E-1,3.249056637E-2,1.260207891E0
8.986072230E0,4.873584807E-1,-1.635181010E-1,1.215466738E0
9.005969399E0,4.735100567E-1,-2.024002522E-1,1.168062449E0
9.025866568E0,4.383563101E-1,-2.354234457E-1,1.080178142E0
9.045733220E0,4.133225977E-1,-3.419498801E-1,9.459548593E-1
9.065630389E0,3.701793849E-1,-6.332997084E-1,8.149272799E-1
9.085527558E0,2.940129936E-1,-8.543421030E-1,7.558051348E-1
9.105394210E0,2.290318608E-1,-7.824367285E-1,8.021441102E-1
9.125291379E0,1.981391907E-1,-5.278385282E-1,8.660600185E-1
9.145188548E0,2.316950262E-1,-2.886866629E-1,9.022790194E-1
9.165055201E0,2.178465873E-1,-2.269013226E-1,9.289106131E-1
9.184952370E0,1.230380461E-1,-3.941478431E-1,9.976201653E-1
9.204849539E0,7.669904083E-2,-6.380934119E-1,9.720538259E-1
9.224716191E0,2.545982003E-1,-5.336974859E-1,7.680556774E-1
9.244613360E0,4.857605994E-1,-1.475391239E-1,5.539374948E-1
9.264510529E0,5.198490620E-1,3.169161677E-1,2.609897852E-1
9.284377181E0,3.696467578E-1,8.543421030E-1,-3.728425503E-2
9.304274350E0,1.970739216E-1,1.328384757E0,-2.577939928E-1
9.324171519E0,1.022653878E-1,1.911617041E0,-4.367584288E-1
9.344038171E0,6.657902896E-2,2.496979952E0,-5.619270205E-1
9.363935340E0,-1.027980223E-1,2.634931564E0,-4.676510990E-1
9.383832510E0,-3.755057156E-1,2.152366877E0,-2.551308274E-1
9.403729679E0,-5.262406468E-1,1.441835403E0,-1.917476021E-2
9.423596331E0,-4.985437691E-1,8.463526368E-1,2.221076339E-1
9.443493501E0,-4.048005044E-1,2.759034932E-1,4.165183902E-1
9.463360152E0,-2.024002522E-1,-2.311623842E-1,4.788363874E-1
9.483257321E0,1.241033077E-1,-2.444781959E-1,4.149205089E-1
9.503154491E0,3.632551730E-1,1.949433982E-1,2.455434501E-1
9.523021142E0,3.243730366E-1,6.562029123E-1,8.841694891E-2
9.542918312E0,-2.130528912E-2,1.451422811E0,-7.563377917E-2
9.562784963E0,-4.905542731E-1,1.819471717E0,-1.997370869E-1
9.582682132E0,-7.424893379E-1,1.981924534E0,-2.865561247E-1
9.602579302E0,-6.950850487E-1,2.127865791E0,-3.504720032E-1
9.622445954E0,-6.471481323E-1,1.829059124E0,-3.094593287E-1
9.642343124E0,-6.679208279E-1,1.330515265E0,-2.199771106E-1
9.662240293E0,-6.332997084E-1,1.013599157E0,-3.057309091E-1
9.682106944E0,-5.438175201E-1,8.980179429E-1,-7.755125165E-1
9.702004114E0,-3.941478431E-1,1.169660330E0,-1.234641552E0
9.721901283E0,-3.094593287E-1,1.646366239E0,-1.400290132E0
9.741798452E0,-7.552725077E-1,3.359844208E0,-1.616538763E0
9.761665104E0,-2.395247221E0,4.858138561E0,-1.956890821E0
9.781562273E0,-2.919357300E0,5.130846024E0,-2.136920452E0
9.801489960E0,-2.199238539E0,3.755589724E0,-2.159823656E0
9.821356611E0,-2.088983536E0,1.732120037E0,-2.161954165E0
9.841253781E0,-2.100168943E0,6.684534550E-1,-2.061286688E0
9.861120432E0,-1.989914060E0,1.072188616E0,-1.667138815E0
9.881017601E0,-1.831189632E0,1.845570683E0,-1.165931940E0
9.900914771E0,-1.641039848E0,1.938781261E0,-6.034722924E-1
9.920811940E0,-1.258077264E0,1.307612062E0,-1.901497096E-1
9.940709109E0,-7.504788041E-1,4.862932265E-1,5.326322466E-2
9.960575761E0,-5.379585624E-1,7.494135499E-1,9.800432622E-2
9.980472930E0,-7.403587699E-1,1.569134593E0,6.072007492E-2
1.000037010E1,-8.980179429E-1,1.920139194E0,-2.290318534E-2
1.002026727E1,-8.143946528E-1,1.820004344E0,-1.033306494E-1
1.004016444E1,-5.395564437E-1,1.381647944E0,-2.380866110E-1
1.006006161E1,-4.479437172E-1,9.358348250E-1,-1.549959779E-1
1.007995878E1,-3.866910040E-1,2.982740402E-1,1.091896072E-1
1.009982543E1,-3.249056637E-1,-2.860234976E-1,4.767058492E-1
1.011972260E1,-2.540655732E-1,-5.352953672E-1,8.277105093E-1
1.013958925E1,-1.065264493E-1,-4.862932265E-1,1.098287702E0
1.015948642E1,1.310275346E-1,-1.187769845E-1,1.246892095E0
1.017938359E1,3.217098713E-1,6.024070382E-1,1.292165756E0
1.019928076E1,3.467435837E-1,1.324123740E0,1.277784705E0
1.021914741E1,2.801645398E-1,1.768871665E0,1.268729925E0
1.023904458E1,2.503371537E-1,1.888713837E0,1.103081346E0
1.025894175E1,2.194444835E-1,1.804025412E0,7.749798894E-1
1.027880840E1,2.221076339E-1,1.851429582E0,5.608617067E-1
1.029870557E1,7.616640627E-2,1.510545015E0,2.290318534E-2
1.031860274E1,3.195793368E-3,6.812366247E-1,-1.970739216E-1
1.033846939E1,1.464738697E-1,-3.893541694E-1,-1.310275346E-1
1.035836656E1,4.000068009E-1,-1.413605928E0,-7.456851192E-3
1.037826373E1,6.583334208E-1,-1.948368669E0,1.826928556E-1
1.039816090E1,7.845672965E-1,-1.922802329E0,2.466087192E-1
1.041802755E1,4.474110901E-2,-3.478088379E-1,1.155811921E-1
1.043792472E1,-3.078614175E-1,1.233576298E0,-6.450176239E-1
1.045782189E1,-2.396845073E-1,1.700162053E0,-1.124386668E0
1.047771906E1,-3.419498801E-1,1.786981106E0,-1.094026566E0
1.049758571E1,0.000000000E0,1.338504791E0,-1.055677056E0
1.051748288E1,3.382214606E-1,7.020092607E-1,-9.811085463E-1
1.053738005E1,2.609897852E-1,1.981391907E-1,-5.566006899E-1
1.055727722E1,1.832254827E-1,3.142530099E-2,-5.432848632E-2
1.057714387E1,1.411475390E-1,-9.054748341E-3,1.555286050E-1
1.059704104E1,-3.568635881E-2,-1.651159860E-2,2.482066154E-1
1.061693821E1,-2.045307755E-1,2.279665917E-1,3.371562064E-1
1.063680486E1,-2.130528986E-1,7.499461770E-1,5.667206645E-1
1.065670203E1,-4.793690052E-3,7.904262543E-1,6.322344542E-1
1.067659920E1,1.960086524E-1,1.326254308E-1,6.205165386E-1
1.069646585E1,3.584614992E-1,-7.680556774E-1,6.338323355E-1
1.071636302E1,5.118595958E-1,-1.005609632E0,6.908239722E-1
1.073626019E1,4.186489284E-1,-7.350324839E-2,5.949501991E-1
1.075612684E1,-9.054748341E-3,3.563309610E-1,2.359560728E-1
1.077602401E1,-3.840278387E-1,4.788363874E-1,-1.976065636E-1
1.079589066E1,-3.808320463E-1,8.266451955E-1,-3.797667921E-1
1.081578783E1,-2.689792812E-1,1.169127703E0,-4.298342168E-1
1.083568500E1,-2.775014043E-1,1.464205980E0,-4.218447208E-1
1.085555165E1,-3.366235793E-1,1.734783173E0,-3.787015080E-1
1.087544882E1,-3.163835406E-1,1.957423449E0,-1.784317940E-1
1.089534599E1,-2.322276533E-1,1.746501088E0,1.304948926E-1
1.091524316E1,-1.384843737E-1,1.247957349E0,3.115898669E-1
1.093510981E1,-3.888215125E-2,1.102548718E0,3.584614992E-1
1.095500698E1,6.657902896E-2,1.153681397E0,3.797667921E-1
1.097490415E1,7.456851006E-2,1.318264723E0,3.962783813E-1
1.099477080E1,1.597896684E-3,1.679389358E0,4.229099751E-1
1.101466797E1,-1.267664731E-1,2.230131149E0,3.872236311E-1
1.103456514E1,-2.577939928E-1,3.184075356E0,2.503371537E-1
1.105443179E1,-3.648530841E-1,3.033340454E0,3.834952042E-2
1.107432896E1,-2.860234976E-1,2.412291288E0,-7.350324839E-2
1.109422613E1,-5.166532472E-2,2.174204826E0,-5.006742850E-2
1.111409278E1,1.613875628E-1,1.846635938E0,-1.400822699E-1
1.113398995E1,5.699164793E-2,1.690574646E0,-3.036003709E-1
1.115388712E1,-2.226402760E-1,1.609614611E0,-3.691141307E-1
1.117378429E1,-4.154531360E-1,1.425856471E0,-3.589941263E-1
1.119365094E1,-3.270362020E-1,1.256479383E0,-2.844256163E-1
1.121354811E1,-1.118527651E-1,1.152083516E0,-1.885518134E-1
1.123344528E1,-2.396845073E-2,1.065264463E0,-1.107875034E-1
1.125331193E1,-1.081243455E-1,1.052481294E0,-3.728425503E-2
1.127320910E1,-2.024002522E-1,1.071655989E0,-1.118527725E-2
1.129310627E1,-2.050634027E-1,1.157942414E0,-9.054748341E-3
1.131300344E1,-1.549959779E-1,1.351820588E0,6.924218964E-3
1.133287009E1,-1.363538504E-1,1.539839745E0,-1.118527725E-2
1.135276726E1,-2.066612989E-1,1.596831441E0,2.609897964E-2
1.137266443E1,-3.046656251E-1,1.484978676E0,1.145159304E-1
1.139256160E1,-3.238403797E-1,1.384311199E0,1.864212751E-1
1.141242825E1,-3.009372056E-1,1.246892095E0,2.306297570E-1
1.143232542E1,-2.822950780E-1,1.080178142E0,2.583266199E-1
1.145222259E1,-2.711097896E-1,9.917612076E-1,2.423476577E-1
1.147208924E1,-2.876214087E-1,9.544769526E-1,1.741707325E-1
1.149198641E1,-2.380866110E-1,1.027447581E0,2.428802997E-1
1.151188358E1,-8.362326026E-2,1.007740140E0,3.211772442E-1
1.153175023E1,8.948221803E-2,8.495483994E-1,3.510046303E-1
1.155164740E1,2.412824035E-1,6.077333689E-1,4.724447727E-1
1.157154457E1,3.584614992E-1,4.777711034E-1,4.538026452E-1
1.159141122E1,4.500742257E-1,7.270429730E-1,-3.781688958E-2
1.161130839E1,3.781688958E-2,1.013066530E0,-3.456783295E-1
1.163120556E1,-5.273059011E-1,9.789780378E-1,-5.299690962E-1
1.165107221E1,-9.651296139E-1,8.910937309E-1,-9.033442736E-1
1.167096938E1,-9.848369956E-1,1.078580260E0,-1.151550889E0
1.169086655E1,-9.795106649E-1,1.271393180E0,-1.228782535E0
1.171076372E1,-1.098820329E0,1.240500450E0,-1.254881501E0
1.173066089E1,-1.120125532E0,1.086569786E0,-1.195226669E0
1.175055806E1,-9.970875382E-1,9.805759192E-1,-1.107342362E0
1.177051626E1,-7.504788041E-1,9.704559445E-1,-1.137702465E0
1.179038291E1,-6.428871155E-1,1.272991061E0,-1.280447841E0
1.181028008E1,-1.241033077E0,1.591505051E0,-1.423193336E0
1.183017725E1,-1.542502880E0,1.328917384E0,-1.447694421E0
1.185004390E1,-1.385909081E0,7.398261428E-1,-1.358744860E0
1.186994107E1,-9.869675040E-1,6.604639441E-2,-1.279915214E0
1.188983824E1,-6.013417840E-1,-9.640643001E-2,-1.367799520E0
1.190973541E1,-5.613943934E-1,1.512675583E-1,-1.513208151E0
1.192960206E1,-8.277105093E-1,4.660531878E-1,-1.679922104E0
1.194949923E1,-1.074319243E0,6.817692518E-1,-1.797633767E0
1.196939640E1,-1.108940244E0,1.014664412E0,-1.846103311E0
1.198926305E1,-8.197209835E-1,1.237837315E0,-1.869539142E0
1.200916022E1,-4.287689328E-1,1.244761467E0,-1.886050701E0
1.202905739E1,-1.672465205E-1,1.040230751E0,-1.943042397E0
1.204895456E1,-2.103897333E-1,3.717772961E-1,-1.910019159E0
1.206882121E1,-2.892192900E-1,-5.635249019E-1,-1.842907548E0
1.208871838E1,-2.364887148E-1,-8.330367804E-1,-1.753425241E0
1.210861555E1,-2.034655064E-1,-4.980111420E-1,-1.627724051E0
1.212848220E1,-1.837581247E-1,-1.059938148E-1,-1.483913422E0
1.214837937E1,-6.711166352E-2,1.454086006E-1,-1.303351045E0
1.216827654E1,3.195793368E-3,2.764361203E-1,-1.133441329E0
1.218814319E1,7.669904083E-2,9.747169912E-2,-8.905611038E-1
1.220804036E1,1.075917110E-1,-2.583266199E-1,-7.025418878E-1
1.222793753E1,8.415589482E-2,-1.890844405E-1,-4.953479767E-1
1.224786522E1,8.202536404E-2,2.226402760E-1,-3.211772442E-1
1.226782342E1,1.390170157E-1,5.784385800E-1,-1.438107044E-1
1.228784266E1,2.466087192E-1,7.792409658E-1,-2.769687586E-2
1.230780086E1,3.078614175E-1,7.350324988E-1,3.142530099E-2
1.232772855E1,2.295644879E-1,5.443501472E-1,7.563377917E-2
1.234762572E1,1.502022892E-1,1.858886480E-1,1.091896072E-1
1.236752289E1,1.976065636E-1,-3.462109342E-2,2.077265680E-1
1.238738954E1,2.956108749E-1,-1.390170157E-1,3.696467578E-1
1.240731722E1,3.664509654E-1,-3.243730366E-1,5.874933600E-1
1.242718388E1,3.845604658E-1,-3.515372574E-1,7.946872711E-1
1.244708105E1,2.988066673E-1,-2.130528912E-2,9.448895454E-1
1.246694770E1,1.613875628E-1,2.652508616E-1,9.086706042E-1
1.248684487E1,2.700445354E-1,-2.487392575E-1,6.854977012E-1
1.250674204E1,6.711166352E-2,1.917476058E-1,4.633900523E-1
1.252660869E1,2.908172011E-1,1.317199469E0,6.876282096E-1
1.254650586E1,4.990763962E-1,8.447546959E-1,9.209211469E-1
1.256637251E1,5.352953672E-1,-6.647250056E-1,9.848369956E-1
1.258626968E1,4.671184719E-1,-1.551557660E0,1.163268805E0
1.260616685E1,4.383563101E-1,-1.631985188E0,1.375256419E0
1.262603350E1,2.226402760E-1,-1.030110717E0,1.487641811E0
1.264593067E1,1.816275865E-1,-2.833603323E-1,1.577656627E0
1.266582784E1,3.323625028E-1,4.516721368E-1,1.231978297E0
1.268569449E1,3.334277868E-1,5.241101384E-1,1.098287702E0
1.270559166E1,2.828277051E-1,1.395496428E-1,1.190433025E0
1.272548883E1,2.663161159E-1,-2.082591951E-1,1.296959519E0
1.274535548E1,2.284992188E-1,-5.768406987E-1,1.414671183E0
1.276525265E1,1.549959779E-1,-7.222493291E-1,1.399224877E0
1.278514982E1,8.948221803E-2,-7.840346098E-1,1.299622655E0
1.280501647E1,1.107875034E-1,-7.339671850E-1,1.258077264E0
1.282491364E1,2.082591951E-1,-6.514092088E-1,1.309210062E0
1.284478029E1,3.552657068E-1,-5.736449361E-1,1.292698383E0
1.286467746E1,3.936152160E-1,-4.399542212E-1,1.246892095E0
1.288457463E1,3.446130455E-1,-3.542004228E-1,1.196292043E0
1.290444128E1,3.004045784E-1,-5.012069345E-1,1.097222447E0
1.292433845E1,2.886866629E-1,-6.657902598E-1,9.406285286E-1
1.294423562E1,3.062635362E-1,-6.833671331E-1,7.605988383E-1
1.296410227E1,3.526025414E-1,-6.343649626E-1,6.498113275E-1
1.298402996E1,4.117247164E-1,-5.683186054E-1,6.194512844E-1
1.300398816E1,4.250405133E-1,-3.142530024E-1,5.305017233E-1
1.302388533E1,3.238403797E-1,1.001348570E-1,3.925499618E-1
1.304378250E1,1.619201899E-1,3.281014562E-1,2.577939928E-1
1.306364915E1,7.350324839E-2,3.456783295E-1,1.491370201E-1
1.308357684E1,9.427590668E-2,4.149205089E-1,8.575379103E-2
1.310347401E1,2.087918371E-1,4.777711034E-1,3.994741663E-2
1.312337118E1,3.552657068E-1,5.896238685E-1,1.134506613E-1
1.314326835E1,3.877562582E-1,8.532768488E-1,2.242381722E-1
1.316316552E1,2.402171344E-1,1.090830803E0,2.530003190E-1
1.318303217E1,-4.900216311E-2,9.667274952E-1,2.838929892E-1
1.320292934E1,-1.816275865E-1,4.186489284E-1,3.281014562E-1
1.322282650E1,-2.130528912E-2,-2.024002373E-2,3.344930410E-1
1.324269316E1,1.038632840E-1,-2.572613657E-1,3.291667104E-1
1.326259033E1,8.309062570E-2,-3.408846259E-1,3.334277868E-1
1.328248750E1,2.663161233E-2,-2.870887816E-1,3.105245829E-1
1.330235415E1,4.846953228E-2,-2.929477207E-2,2.375539690E-1
1.332225132E1,5.805691332E-2,4.181163013E-1,2.077265680E-1
1.334214849E1,-8.522115648E-3,8.138620257E-1,2.657834888E-1
1.336201514E1,-4.527373984E-2,8.681905270E-1,3.941478431E-1
1.338191231E1,5.645901710E-2,6.737797856E-1,4.894890189E-1
1.340180948E1,1.677791476E-1,4.282363057E-1,5.784385800E-1
1.342170664E1,2.039981484E-1,1.049285457E-1,7.131945491E-1
1.344157330E1,2.348908186E-1,-3.312972486E-1,7.115966678E-1
1.346147047E1,2.162486911E-1,-6.482134461E-1,5.379585624E-1
1.348136764E1,-3.781688958E-2,-8.303736448E-1,9.267801046E-2
1.350123429E1,-6.098638773E-1,-7.984157205E-1,-4.170510471E-1
1.352113146E1,-1.186704636E0,-4.990763962E-1,-8.916263580E-1
1.354102863E1,-1.436509132E0,-2.130528912E-2,-1.242630959E0
1.356092580E1,-1.424258590E0,6.657902598E-1,-1.416269064E0
1.358082296E1,-1.367799520E0,1.287372112E0,-1.503088117E0
1.360068962E1,-1.347559571E0,1.280980468E0,-1.588309288E0
1.362058679E1,-1.131843448E0,8.452873230E-1,-1.753425241E0
1.364048395E1,-4.937500656E-1,-8.415589482E-2,-1.725728393E0
1.366035061E1,-3.568635881E-2,-2.641855776E-1,-1.821602225E0
1.368024778E1,-3.632551730E-1,2.400040865E0,-2.127865791E0
1.370011443E1,-1.063133955E0,3.752393961E0,-2.508697748E0
1.372001160E1,-7.989483476E-1,3.095125914E0,-2.726544380E0
1.373990877E1,2.082591951E-1,1.240500450E0,-2.648247480E0
1.375983645E1,-2.066612989E-1,-6.578007936E-1,-2.591255903E0
1.377976414E1,-5.619270205E-1,-1.623463035E0,-2.298840761E0
1.379972234E1,-4.010720551E-1,-1.422128081E0,-2.125202656E0
1.381971106E1,-7.456851192E-3,-4.665858448E-1,-2.300438643E0
1.383960823E1,4.793690052E-3,2.066612989E-1,-2.397377729E0
1.385947488E1,-2.284992188E-1,2.854908705E-1,-2.306830168E0
1.387937205E1,-2.343581766E-1,-2.311623842E-1,-2.129463673E0
1.389923870E1,-1.688444167E-1,-4.644553065E-1,-1.853560209E0
1.391913587E1,5.326322280E-4,-1.012001261E-1,-1.383778572E0
1.393903304E1,1.651159972E-1,4.245078862E-1,-8.554073572E-1
1.395899125E1,2.226402760E-1,6.956176758E-1,-4.250405133E-1
1.397897997E1,2.231729031E-1,7.819041014E-1,-1.715075821E-1
1.399890765E1,3.328951299E-1,7.504788041E-1,6.604639441E-2
1.401883534E1,5.715143681E-1,4.191815555E-1,3.744404614E-1
1.403873251E1,7.030745149E-1,2.130528912E-3,7.600662112E-1
1.405862968E1,8.165252209E-1,-3.451456726E-1,1.104679227E0
1.407849633E1,8.191883564E-1,-6.950850487E-1,1.368332148E0
1.409839350E1,6.988134980E-1,-1.237304688E0,1.691639900E0
1.411829067E1,5.986786485E-1,-1.215999365E0,1.818406463E0
1.413815732E1,-2.386192381E-1,1.309742689E0,1.735848427E0
1.415805449E1,6.759102941E-1,2.682335854E0,2.292981625E0
1.417792114E1,1.127582431E0,9.475527406E-1,2.281796455E0
1.419784883E1,5.209143162E-1,-1.249022603E0,1.274588943E0
1.421780703E1,3.834952116E-1,-1.963814974E0,1.128115058E0
1.423770420E1,4.543353021E-1,-1.602690339E0,1.445563912E0
1.425760137E1,4.277036786E-1,-1.033839107E0,1.659149408E0
1.427752906E1,2.711097896E-1,-6.167881489E-1,1.551025033E0
1.429742622E1,1.262338310E-1,-3.142530024E-1,1.322525859E0
1.431732339E1,1.544633508E-1,2.663161140E-3,1.238369942E0
1.433722056E1,2.737729549E-1,1.725728363E-1,1.314003706E0
1.435708722E1,2.870887816E-1,-7.989483327E-2,1.427986979E0
1.437698438E1,2.530003190E-1,-5.326322317E-1,1.473793387E0
1.439688155E1,2.540655732E-1,-7.803062201E-1,1.435976505E0
1.441674821E1,1.960086524E-1,-7.041398287E-1,1.331580520E0
1.443664537E1,1.789644361E-1,-5.576659441E-1,1.145691872E0
1.445654254E1,2.077265680E-1,-5.699164867E-1,9.464874864E-1
1.447640920E1,2.396845073E-1,-4.948153496E-1,8.596684337E-1
1.449630636E1,2.860234976E-1,-3.712446690E-1,8.426241875E-1
1.451623405E1,3.137203753E-1,-1.933455020E-1,8.127967715E-1
1.453610070E1,3.169161677E-1,5.539375171E-2,6.801713705E-1
1.455599787E1,2.801645398E-1,5.060006306E-2,5.033374429E-1
1.457589504E1,1.960086524E-1,-3.408846259E-2,3.898867965E-1
1.459579221E1,1.171790883E-1,-2.039981484E-1,3.211772442E-1
1.461568938E1,7.776430249E-2,-3.211772442E-1,2.402171344E-1
1.463558655E1,1.219727769E-1,-2.567287385E-1,1.533980817E-1
1.465548372E1,1.832254827E-1,-1.438106969E-2,1.379517466E-1
1.467538089E1,2.119876295E-1,4.767058492E-1,7.510114461E-2
1.469527806E1,1.145159304E-1,8.447546959E-1,4.314320907E-2
1.471517523E1,-4.261057824E-2,6.226470470E-1,1.459412277E-1
1.473510291E1,-5.912217870E-2,3.637878001E-1,3.344930410E-1
1.475500008E1,1.438106969E-2,-6.072007492E-2,5.054680109E-1
1.477492777E1,1.177117229E-1,-2.428802997E-1,5.123922229E-1
1.479485545E1,1.480717659E-1,5.858954508E-3,4.452805519E-1
1.481478314E1,6.498113275E-2,1.555286050E-1,4.282363057E-1
1.483474134E1,4.740426689E-2,1.251685768E-1,3.771036267E-1
1.485466903E1,8.681905270E-2,1.177117229E-1,3.233077526E-1
1.487459672E1,8.149272949E-2,1.193096191E-1,3.227751255E-1
1.489449389E1,6.178534031E-2,-3.994741663E-2,3.749730885E-1
1.491436054E1,8.628641814E-2,-1.038632840E-1,3.744404614E-1
1.493425771E1,9.054747969E-2,1.203748807E-1,3.350256681E-1
1.495415488E1,7.456851192E-3,3.952131271E-1,2.482066154E-1
1.497402153E1,-1.928128600E-1,5.997439027E-1,-9.587380104E-3
1.499391870E1,-4.037352204E-1,3.904194236E-1,1.491370238E-2
1.501384638E1,-4.889563918E-1,-2.982740477E-2,-1.400822699E-1
1.503374355E1,-5.656554103E-1,-4.143878818E-1,-3.952131271E-1
1.505361020E1,-7.355651259E-1,-5.320996046E-1,-6.977482438E-1
1.507350737E1,-8.117315173E-1,-2.647182047E-1,-9.262474179E-1
1.509340454E1,-8.026767969E-1,-6.178534031E-2,-1.179247737E0
1.511330171E1,-7.925567627E-1,-1.288969964E-1,-1.489239693E0
1.513319888E1,-6.977482438E-1,-2.535329461E-1,-1.735315800E0
1.515309605E1,-6.636597514E-1,-2.380866110E-1,-1.851429582E0
1.517302374E1,-8.090683818E-1,1.212270975E0,-2.020273924E0
1.519292091E1,-9.001484513E-1,2.854376078E0,-2.330798626E0
1.521287911E1,-4.079962969E-1,3.528688431E0,-2.494316816E0
1.523280680E1,3.371562064E-1,3.249056578E0,-2.394181967E0
1.525273448E1,8.362326026E-2,2.712695837E0,-2.384061813E0
1.527269268E1,-4.037352204E-1,1.070058107E0,-2.363821745E0
1.529265089E1,-3.414172530E-1,-1.265001535E0,-2.112419367E0
1.531267013E1,-2.780340314E-1,-1.888713837E0,-1.937183380E0
1.533265885E1,-1.821602285E-1,-9.283779860E-1,-1.921204448E0
1.535261705E1,-1.709749401E-1,1.107875034E-1,-2.009088755E0
1.537260577E1,-2.530003190E-1,3.515372574E-1,-1.890844464E0
1.539256397E1,-1.235706806E-1,1.331580579E-1,-1.691107273E0
1.541252218E1,9.587380104E-3,-1.118527651E-1,-1.543568254E0
1.543244986E1,-1.704423130E-2,-1.656486243E-1,-1.362473249E0
1.545234703E1,1.438106969E-2,0.000000000E0,-1.024251819E0
1.547227472E1,1.603222936E-1,2.657834888E-1,-6.535397172E-1
1.549217189E1,2.865561247E-1,5.320996046E-1,-4.095941782E-1
1.551206906E1,4.458131790E-1,5.763080716E-1,-1.992044598E-1
1.553199674E1,6.364955306E-1,4.159857631E-1,3.568635881E-2
1.555192443E1,7.169229984E-1,2.098570913E-1,3.089267015E-1
1.557182160E1,6.146575809E-1,-6.924218684E-2,6.508765817E-1
1.559171877E1,4.601942301E-1,-4.037352204E-1,9.880327582E-1
1.561161594E1,3.680488765E-1,-7.478156686E-1,1.297492146E0
1.563151311E1,2.514024079E-1,-1.206944585E0,1.594700933E0
1.565137976E1,-2.700445354E-1,-4.303668439E-1,1.559547186E0
1.567127693E1,-1.784317940E-1,1.779524326E0,1.850896955E0
1.569117410E1,9.454222322E-1,1.165931940E0,2.266350031E0
1.571104075E1,4.783037305E-1,-7.872304320E-1,1.507349253E0
1.573096844E1,1.225054115E-1,-1.744903207E0,7.211840153E-1
1.575086560E1,2.412824035E-1,-1.550492406E0,1.047687650E0
1.577076277E1,3.685815036E-1,-9.049421549E-1,1.466869116E0
1.579069046E1,2.551308274E-1,-4.724447727E-1,1.621332526E0
1.581064866E1,5.113269389E-2,-2.135855258E-1,1.488174438E0
1.583057635E1,-5.219795927E-2,7.030745596E-2,1.320395350E0
1.585050404E1,8.309062570E-2,2.258360684E-1,1.402420640E0
1.587046224E1,1.507349163E-1,-1.810949668E-2,1.514806032E0
1.589051199E1,1.118527651E-1,-6.737797856E-1,1.521730304E0
1.591043968E1,1.661812514E-1,-1.335309029E0,1.397626996E0
1.593039788E1,2.833603323E-1,-1.410942793E0,1.304416299E0
1.595035609E1,3.222424984E-1,-1.232510924E0,1.155811906E0
1.597028377E1,3.030677438E-1,-1.138767719E0,9.049421549E-1
1.599021146E1,2.460760921E-1,-9.981527925E-1,7.957525253E-1
1.601016966E1,2.716424465E-1,-7.909588814E-1,7.595335841E-1
1.603009735E1,3.904194236E-1,-6.242449880E-1,7.749798894E-1
1.604996400E1,5.411543250E-1,-5.747101903E-1,7.472830415E-1
1.606986117E1,6.109291911E-1,-4.703142643E-1,6.093312502E-1
1.608975834E1,4.751079381E-1,-1.768338978E-1,3.989415467E-1
1.610971654E1,2.604571581E-1,-1.097222418E-1,2.370213419E-1
1.612961371E1,1.565938741E-1,-2.018676102E-1,2.013349831E-1
1.614954140E1,1.587243974E-1,-1.778991669E-1,1.486043930E-1
1.616949960E1,1.214401498E-1,-1.235706806E-1,6.231797114E-2
1.618942729E1,9.374327213E-2,-4.367584363E-2,-1.171790902E-2
1.620938549E1,1.294296384E-1,2.055960447E-1,-3.249056637E-2
1.622931318E1,2.029328793E-1,4.575310946E-1,2.077265643E-2
1.624917983E1,2.178465873E-1,6.226470470E-1,1.129180342E-1
1.626907700E1,1.518001854E-1,7.558051348E-1,2.631203234E-1
1.628900469E1,9.374327213E-2,6.673882008E-1,4.287689328E-1
1.630887134E1,1.150485575E-1,3.169161677E-1,5.736449361E-1
1.632876851E1,1.422128081E-1,-8.042746782E-2,6.087986231E-1
1.634869619E1,1.448759735E-1,-2.380866110E-1,5.709817410E-1
1.636862388E1,1.715075821E-1,-2.966761589E-1,4.905542731E-1
1.638858208E1,1.432780623E-1,-2.471413612E-1,3.158509135E-1
1.640847925E1,5.326322466E-2,-7.403588295E-2,2.034655064E-1
1.642843745E1,-1.065264456E-3,1.134506613E-1,1.874865443E-1
1.644839566E1,6.178534031E-2,3.898867965E-1,1.864212751E-1
1.646829283E1,1.054611802E-1,7.233145833E-1,3.355582952E-1
1.648822051E1,9.161274135E-2,8.287757635E-1,5.326322317E-1
1.650820923E1,4.740426689E-2,5.976133347E-1,5.816344023E-1
1.652816744E1,3.462109342E-2,2.418150306E-1,4.862932265E-1
1.654809512E1,2.396845073E-2,-1.065264456E-2,3.014698327E-1
1.656799229E1,-1.912149638E-1,5.645901710E-2,1.406149119E-1
1.658791998E1,-4.649879336E-1,1.459412277E-1,-1.390170157E-1
1.660781715E1,-7.068029642E-1,8.149272949E-2,-4.713795185E-1
1.662771432E1,-9.592706561E-1,9.534116834E-2,-8.170578480E-1
1.664761149E1,-1.155279279E0,4.229099751E-1,-1.114266634E0
1.666750866E1,-1.139832973E0,8.671252728E-1,-1.372593284E0
1.668737531E1,-1.039698124E0,9.906959534E-1,-1.524926066E0
1.670727248E1,-8.799084425E-1,6.657902598E-1,-1.603222966E0
1.672716965E1,-6.599313021E-1,5.086637735E-1,-1.749164224E0
1.674706682E1,-7.616640925E-1,1.649029374E0,-1.884985447E0
1.676693347E1,-1.317732096E0,3.078081608E0,-2.079928875E0
1.678683064E1,-1.025849700E0,3.689543486E0,-2.046905756E0
1.680672781E1,-2.940129936E-1,2.540122986E0,-2.028796196E0
1.682662498E1,-1.597896665E-1,5.166532472E-2,-2.035187721E0
1.684649163E1,-4.820321798E-1,-1.219727755E0,-2.005892992E0
1.686638880E1,-9.821738005E-1,-1.450890183E0,-1.953162432E0
1.688625545E1,-1.113201380E0,-1.053013921E0,-1.875930667E0
1.690615262E1,-7.978830934E-1,-2.636529505E-1,-1.865278006E0
1.692604979E1,-2.993393242E-1,8.863000274E-1,-1.980326653E0
1.694597747E1,-3.536677957E-1,1.311340570E0,-2.143844604E0
1.696587464E1,-4.724447727E-1,8.372978568E-1,-2.062351942E0
1.698577181E1,-3.238403797E-1,-5.432848632E-2,-1.847168565E0
1.700566898E1,-2.237055302E-1,-3.856257200E-1,-1.574993491E0
1.702556615E1,-2.130528986E-1,-1.352885813E-1,-1.352885842E0
1.704543280E1,-1.976065636E-1,-1.012001187E-2,-1.017327547E0
1.706532997E1,-1.358212233E-1,-8.522115648E-3,-6.625944972E-1
1.708525766E1,-1.059938148E-1,1.901497096E-1,-4.202468395E-1
1.710515482E1,-2.982740477E-2,4.127899706E-1,-3.307646215E-1
1.712505200E1,1.299622655E-1,6.311691999E-1,-2.199771106E-1
1.714494916E1,2.221076339E-1,7.376956344E-1,3.728425503E-2
1.716490737E1,3.009372056E-1,4.671184719E-1,1.821602285E-1
1.718480454E1,3.488741219E-1,1.922802329E-1,3.360909224E-1
1.720473222E1,4.074636400E-1,1.805623323E-1,5.667206645E-1
1.722462939E1,5.555354357E-1,1.054611802E-1,8.330367804E-1
1.724449604E1,5.400890708E-1,-8.948221803E-2,1.162736177E0
1.726439321E1,1.837581247E-1,-4.095941782E-1,1.399757504E0
1.728429038E1,1.065264456E-2,-1.013066530E0,1.369930148E0
1.730415703E1,3.941478580E-2,-3.978762627E-1,1.509479761E0
1.732405420E1,2.806971967E-1,1.221858382E0,1.302285790E0
1.734395137E1,8.133293986E-1,5.534048676E-1,7.765777707E-1
1.736384854E1,6.178534031E-2,3.792341352E-1,3.366235793E-1
1.738371519E1,2.838929892E-1,-6.098638773E-1,7.712514400E-1
1.740361236E1,5.763080716E-1,-1.150485635E0,1.194161415E0
1.742350953E1,5.629922748E-1,-1.137169838E0,1.688444138E0
1.744337618E1,4.751079381E-1,-6.482134461E-1,1.871669650E0
1.746327335E1,4.111920893E-1,-6.285060197E-2,1.528121829E0
1.748317052E1,3.701793849E-1,2.918824553E-1,1.188835144E0
1.750303718E1,2.284992188E-1,3.930825889E-1,1.280980468E0
1.752293434E1,-1.049285457E-1,2.391518652E-1,1.268197298E0
1.754283151E1,5.379585549E-2,5.044026971E-1,1.165931940E0
1.756269816E1,5.368933082E-1,2.647182047E-1,1.066329718E0
1.758262585E1,4.026699662E-1,-5.470132828E-1,9.241169095E-1
1.760255354E1,2.237055302E-1,-9.347695708E-1,9.294432402E-1
1.762248122E1,2.183792144E-1,-9.534116983E-1,9.422264099E-1
1.764240891E1,2.934803665E-1,-7.089334726E-1,9.720538259E-1
1.766230608E1,4.106594622E-1,-4.820321798E-1,9.757822156E-1
1.768223377E1,4.681837261E-1,-9.214537591E-2,1.034371734E0
1.770216145E1,2.663161159E-1,6.663229465E-1,1.048752904E0
1.772205862E1,2.625876963E-1,5.699164867E-1,1.020523310E0
1.774198631E1,3.153182864E-1,1.129180342E-1,9.113337398E-1
1.776188348E1,3.600593805E-1,-2.993393242E-1,6.508765817E-1
1.778184168E1,4.335626364E-1,-6.823018789E-1,4.186489284E-1
1.780179988E1,3.984089196E-1,-1.090830803E0,3.478088379E-1
1.782172757E1,3.595267534E-1,-1.311340570E0,4.633900523E-1
1.784162474E1,3.243730366E-1,-1.453553319E0,4.788363874E-1
1.786149139E1,2.828277051E-1,-1.419464946E0,3.414172530E-1
1.788141908E1,2.556634545E-1,-1.168595076E0,1.523328125E-1
1.790134676E1,3.281014562E-1,-3.850930929E-1,1.438106969E-2
1.792124393E1,3.536677957E-1,3.994741738E-1,-5.432848632E-2
1.794114110E1,3.680488765E-1,8.756473660E-1,-8.735168725E-2
1.796106879E1,3.904194236E-1,1.125451922E0,-3.142530099E-2
1.798096596E1,1.331580579E-1,1.401888013E0,1.299622655E-1
1.800086313E1,-1.358212233E-1,1.152083516E0,2.620550692E-1
1.802076030E1,-1.102548689E-1,3.552657068E-1,4.085289240E-1
1.804065747E1,2.721750736E-1,-2.359560728E-1,5.416869521E-1
1.806055463E1,3.733751774E-1,-3.760383427E-1,5.821670294E-1
1.808048232E1,2.173139453E-1,-1.012001261E-1,5.448827744E-1
1.810034897E1,4.900216311E-2,1.608549356E-1,4.303668439E-1
1.812030718E1,2.769687586E-2,3.126551211E-1,2.918824553E-1
1.814020434E1,-8.522115648E-3,5.496764779E-1,2.567287385E-1
1.816010151E1,-1.512675583E-1,6.146575809E-1,3.067961633E-1
1.817999868E1,-2.237055302E-1,4.713795185E-1,3.430151641E-1
1.819992637E1,-1.645833552E-1,3.909520507E-1,3.600593805E-1
1.821985406E1,-9.640643001E-2,4.953479767E-1,4.293015897E-1
1.823981226E1,-4.740426689E-2,5.320996046E-1,4.958806038E-1
1.825973994E1,4.207794741E-2,3.962783813E-1,5.432848930E-1
1.827966763E1,1.475391239E-1,2.508697808E-1,5.171858668E-1
1.829956480E1,1.565938741E-1,3.494067490E-1,3.520699143E-1
1.831946197E1,3.728425596E-3,4.601942301E-1,-1.065264456E-2
1.833932862E1,-2.167813182E-1,4.410194755E-1,-1.283643693E-1
1.835922579E1,-3.573962152E-1,2.194444835E-1,-2.279665917E-1
1.837915348E1,-3.765709996E-1,-3.142530099E-2,-4.585963488E-1
1.839902013E1,-4.085289240E-1,-1.901497096E-1,-7.025418878E-1
1.841891730E1,-5.486112237E-1,-1.502022892E-1,-9.443569183E-1
1.843881447E1,-6.556702852E-1,1.970739216E-1,-1.133441329E0
1.845871164E1,-6.471481323E-1,6.918892860E-1,-1.275121570E0
1.847860880E1,-6.274407506E-1,7.946872711E-1,-1.279382586E0
1.849850597E1,-6.764429212E-1,5.603290796E-1,-1.215999365E0
1.851840314E1,-7.440872192E-1,5.273059011E-1,-1.164334059E0
1.853836135E1,-8.980179429E-1,9.342369437E-1,-1.245826840E0
1.855825852E1,-9.108011127E-1,1.225054145E0,-1.389104843E0
1.857818620E1,-8.048073053E-1,1.107874990E0,-1.430650115E0
1.859811389E1,-6.455502510E-1,5.502091050E-1,-1.327852130E0
1.861804158E1,-6.151902080E-1,-3.089267015E-1,-1.129180312E0
1.863793874E1,-6.578007936E-1,-9.038769007E-1,-9.225190282E-1
1.865783591E1,-7.307714224E-1,-7.270429730E-1,-7.472830415E-1
1.867773308E1,-8.516789079E-1,1.842907518E-1,-6.146575809E-1
1.869766077E1,-9.603359103E-1,1.021055937E0,-6.210491657E-1
1.871758846E1,-8.958874345E-1,1.444498658E0,-7.179882526E-1
1.873748562E1,-7.446198463E-1,1.569667220E0,-8.026767969E-1
1.875738279E1,-6.311691999E-1,1.424791217E0,-7.435545921E-1
1.877727996E1,-5.251753926E-1,1.091363430E0,-5.677859783E-1
1.879717713E1,-4.644553065E-1,6.226470470E-1,-3.914846778E-1
1.881704378E1,-4.442152679E-1,2.775014043E-1,-2.583266199E-1
1.883694095E1,-4.532700181E-1,1.347559541E-1,-7.030745596E-2
1.885683812E1,-3.957457542E-1,1.001348570E-1,1.661812514E-1
1.887676581E1,-2.482066154E-1,3.515372798E-2,3.834952116E-1
1.889666298E1,-1.102548689E-1,-3.195793368E-3,6.364955306E-1
1.891659066E1,-4.527373984E-2,-2.343581803E-2,8.831042051E-1
1.893648783E1,-3.408846259E-2,1.012001187E-2,1.138767719E0
1.895641552E1,4.793690052E-3,1.832254827E-1,1.415203810E0
1.897631269E1,6.338323653E-2,4.399542212E-1,1.688444138E0
1.899627089E1,1.347559541E-1,6.317018270E-1,1.826395869E0
1.901622910E1,2.870887816E-1,6.471481323E-1,1.701759934E0
1.903612626E1,5.954828262E-1,3.669835925E-1,1.380582690E0
1.905602343E1,1.015197039E0,7.989482954E-3,9.912285805E-1
1.907595112E1,1.282045722E0,-1.821602285E-1,7.691209316E-1
1.909587881E1,1.154746652E0,-4.048005044E-1,2.402171344E-1
1.911577598E1,7.653924823E-1,-1.853560209E-1,-2.151834220E-1
1.913567314E1,8.255799860E-2,1.180845618E0,-5.182511806E-1
1.915557031E1,-2.503371537E-1,1.785915852E0,-6.801713705E-1
1.917549800E1,2.806971967E-1,5.225121975E-1,-6.668555737E-1
1.919539517E1,5.347627401E-1,-1.930259228E0,-5.017395616E-1
1.921529234E1,4.138552547E-1,-3.029612064E0,-2.338255495E-1
1.923531158E1,5.257080197E-1,-2.191248894E0,-1.081243455E-1
1.925526978E1,7.078682184E-1,-8.687231541E-1,-4.420847446E-2
1.927519746E1,6.588660479E-1,-8.468852192E-2,-1.384843793E-2
1.929515567E1,5.512743592E-1,2.876214087E-1,-4.101268202E-2
1.931517491E1,5.193164349E-1,4.308994710E-1,-1.597896591E-2
1.933516363E1,5.379585624E-1,4.665858448E-1,2.327602804E-1
1.935509131E1,5.326322317E-1,3.728425503E-1,3.797667921E-1
1.937511055E1,4.841626883E-1,4.628573954E-1,4.186489284E-1
1.939509927E1,2.508697808E-1,6.274407506E-1,3.675162494E-1
1.941502696E1,5.113269389E-2,3.712446690E-1,2.269013226E-1
1.943501568E1,1.757686399E-2,9.054747969E-2,1.581917703E-1
1.945503492E1,1.102548689E-1,1.193096191E-1,1.075917110E-1
1.947493209E1,2.167813182E-1,4.324973822E-1,-2.024002373E-2
1.949492081E1,2.881540358E-1,1.072721362E0,-2.370213419E-1
1.951490953E1,1.928128600E-1,1.816808581E0,-4.569984376E-1
1.953489825E1,-4.420847446E-2,2.218413115E0,-5.427522659E-1
1.955491748E1,-2.013349831E-1,2.322276592E0,-5.113269091E-1
1.957493672E1,-2.306297570E-1,2.223206997E0,-4.575310946E-1
1.959492544E1,-2.418150306E-1,1.952097058E0,-3.962783813E-1
1.961485313E1,-3.451456726E-1,1.577124000E0,-3.318298757E-1
1.963471978E1,-4.569984376E-1,1.225054145E0,-2.934803665E-1
1.965464747E1,-4.846953154E-1,1.076982379E0,-3.163835406E-1
1.967454464E1,-4.846953154E-1,1.358744860E0,-3.771036267E-1
1.969450284E1,-5.475459099E-1,1.840244293E0,-4.303668439E-1
1.971440001E1,-6.322344542E-1,2.182726860E0,-4.383563101E-1
1.973429718E1,-6.865629554E-1,2.257827997E0,-3.408846259E-1
1.975425538E1,-6.977482438E-1,1.918008685E0,-1.832254827E-1
1.977418307E1,-5.731122494E-1,1.380050063E0,-2.609897964E-2
1.979408024E1,-3.723099232E-1,7.153250575E-1,1.448759735E-1
1.981400792E1,-2.748382390E-1,3.158509135E-1,2.269013226E-1
1.983387458E1,-1.848233789E-1,6.865629554E-1,2.471413612E-1
1.985383278E1,-5.273059011E-2,1.658084154E0,1.896170676E-1
1.987372995E1,4.687163606E-2,2.795786619E0,-3.089267015E-2
1.989362712E1,6.924218964E-3,3.496197939E0,-2.572613657E-1
1.991352429E1,-9.587380104E-3,3.912183762E0,-3.861583769E-1
1.993342146E1,-7.456851192E-3,4.045341969E0,-4.623247683E-1
1.995328811E1,-1.763012707E-1,3.907390118E0,-5.081311464E-1
1.997318528E1,-6.663229465E-1,3.218696594E0,-3.430151641E-1
1.999311296E1,-1.050350785E0,2.842125654E0,-2.471413612E-1
2.001304065E1,-1.052481294E0,2.820287704E0,-2.002697140E-1
2.003293782E1,-8.809736967E-1,2.942260504E0,-2.013349831E-1
2.005280447E1,-5.539374948E-1,2.087385654E0,-6.391586736E-3
2.007270164E1,-3.131877482E-1,1.185106754E0,2.641855776E-1
2.009259881E1,-2.178465873E-1,2.599245310E-1,2.258360684E-1
2.011249598E1,-4.687163606E-2,-1.773665249E-1,-1.757686399E-2
2.013245418E1,2.945456207E-1,-8.639294505E-1,-3.115898669E-1
2.015235135E1,2.354234457E-1,1.225054115E-1,-8.388957381E-1
2.017224852E1,-2.002164602E0,4.262123108E0,-2.213619471E0
2.019214569E1,-3.395530462E0,5.755091190E0,-3.230414391E0
2.021204286E1,-2.426139832E0,6.311159134E0,-3.622964382E0
2.023194003E1,-1.956358194E0,3.894606829E0,-3.869573116E0
2.025180668E1,-1.939846516E0,1.160073042E0,-4.267982006E0
2.027170385E1,-2.042644501E0,2.215750068E-1,-4.146009445E0
2.029160102E1,-1.839179039E0,1.286306858E0,-3.379018784E0
2.031146767E1,-1.489772320E0,2.910302401E0,-2.426139832E0
2.033136484E1,-2.085255146E0,3.596332788E0,-2.054895163E0
2.035126201E1,-2.203499556E0,2.614158869E0,-2.180063725E0
2.037115918E1,-1.208542466E0,-1.768338978E-1,-2.131061554E0
2.039105635E1,-1.432780743E0,-1.543035507E0,-2.186987877E0
2.041095352E1,-2.149171114E0,-4.799016416E-1,-1.866876006E0
2.043085068E1,-1.775795817E0,7.195861340E-1,-1.320395350E0
2.045074785E1,-1.063133955E0,1.543035507E0,-1.391235352E0
2.047064502E1,-8.420915604E-1,1.667138815E0,-1.669269443E0
2.049054219E1,-1.070590734E0,1.137702465E0,-1.624528289E0
2.051043936E1,-1.170725584E0,7.350324839E-2,-1.292165756E0
2.053033653E1,-9.715211987E-1,-2.615224123E-1,-8.250473142E-1
2.055032525E1,-8.319715261E-1,3.408846259E-2,-4.516721368E-1
2.057019190E1,-7.297061682E-1,4.543353021E-1,-2.173139453E-1
2.059008907E1,-6.040049195E-1,5.683186054E-1,-1.012001261E-1
2.060998624E1,-4.660531878E-1,5.273059011E-1,-1.278317347E-2
2.062985289E1,-3.046656251E-1,4.905542731E-1,3.675162420E-2
2.064975006E1,-1.027980223E-1,2.870887816E-1,1.704423130E-1
2.066964723E1,1.001348570E-1,1.118527725E-2,5.038700700E-1
2.068951388E1,1.635181010E-1,9.374327213E-2,7.637946010E-1
2.070941105E1,2.364887148E-1,5.416869521E-1,8.564726114E-1
2.072930822E1,3.339604139E-1,8.239820600E-1,9.235842824E-1
2.074917487E1,4.037352204E-1,6.556702852E-1,1.073786616E0
2.076907204E1,4.127899706E-1,6.391586363E-2,1.233576298E0
2.078896921E1,3.792341352E-1,-4.335626364E-1,1.153681397E0
2.080883586E1,4.261057973E-1,-1.677791476E-1,9.938917160E-1
2.082873303E1,-3.249056637E-2,1.181378245E0,8.463526368E-1
2.084869124E1,-1.491370238E-2,1.655953646E0,6.460828781E-1
2.086858841E1,1.054611802E-1,1.303351045E0,6.636597514E-1
2.088848558E1,2.370213419E-1,-7.936220169E-1,9.438242912E-1
2.090841326E1,3.446130455E-1,-2.014415026E0,1.431715488E0
2.092827991E1,2.977414131E-1,-9.661948681E-1,1.855158091E0
2.094817708E1,3.925499618E-1,5.736449361E-1,1.955825567E0
2.096807425E1,3.195793331E-1,1.291633129E0,1.631452560E0
2.098797142E1,1.438107044E-1,1.357679605E0,1.242098331E0
2.100786859E1,2.242381722E-1,1.027447581E0,1.217597246E0
2.102776576E1,3.328951299E-1,4.388889670E-1,1.472195506E0
2.104766293E1,3.557983339E-1,-3.462109566E-1,1.586178780E0
2.106756010E1,2.673813701E-1,-7.872304320E-1,1.495631337E0
2.108745727E1,1.858886480E-1,-6.796387434E-1,1.337439537E0
2.110735444E1,9.480853379E-2,-2.929477394E-1,1.171790957E0
2.112728212E1,-3.728425503E-2,1.581917703E-1,1.096157074E0
2.114717929E1,-3.994741663E-2,4.356931746E-1,1.051948667E0
2.116707646E1,7.989483327E-2,5.070658922E-1,1.032773852E0
2.118697363E1,1.592570394E-1,4.639226794E-1,1.004011750E0
2.120687080E1,2.093244642E-1,2.732403278E-1,9.145295620E-1
2.122676797E1,2.561961114E-1,1.203748807E-1,9.203884602E-1
2.124666514E1,2.631203234E-1,1.272991002E-1,9.464874864E-1
2.126656231E1,2.109223604E-1,2.173139453E-1,9.347695708E-1
2.128645948E1,1.448759735E-1,4.101268053E-1,9.827064872E-1
2.130632613E1,1.544633508E-1,5.118595958E-1,1.045557022E0
2.132622330E1,2.093244642E-1,6.631271243E-1,9.805759192E-1
2.134612047E1,1.890844405E-1,6.796387434E-1,8.069378138E-1
2.136601763E1,8.042746782E-2,7.632619739E-1,5.491438508E-1
2.138588429E1,3.941478580E-2,9.747169614E-1,3.147856593E-1
2.140578146E1,3.728425503E-2,1.024784446E0,1.336906850E-1
2.142567862E1,-4.793690052E-3,1.065264463E0,1.470064968E-1
2.144554528E1,-5.060006306E-2,1.117995024E0,2.157160491E-1
2.146547296E1,-2.077265643E-2,1.052481294E0,2.705771625E-1
2.148537013E1,6.285060197E-2,9.251821637E-1,3.845604658E-1
2.150523678E1,1.464738697E-1,7.984157205E-1,5.028048158E-1
2.152513395E1,1.182443574E-1,8.213189244E-1,5.123922229E-1
2.154503112E1,-1.097222418E-1,8.926916122E-1,4.793690145E-1
2.156489778E1,-3.600593805E-1,6.492787004E-1,3.696467578E-1
2.158479494E1,-3.350256681E-1,4.293015897E-1,3.403519988E-1
2.160469211E1,-1.161138266E-1,4.404868484E-1,3.978762627E-1
2.162455876E1,7.989482954E-3,3.744404614E-1,4.548679292E-1
2.164445593E1,6.764429063E-2,1.523328125E-1,4.159857631E-1
2.166432259E1,1.992044598E-1,1.097222418E-1,3.041329980E-1
2.168421976E1,2.812298238E-1,1.826928556E-1,1.720402092E-1
2.170411692E1,2.609897852E-1,4.346278906E-1,-8.522115648E-3
2.172398358E1,1.645833552E-1,8.777779341E-1,-4.021373391E-1
2.174388075E1,-3.020024598E-1,1.317732096E0,-7.488809228E-1
2.176377791E1,-9.129316211E-1,1.339037418E0,-8.586031795E-1
2.178364457E1,-1.125984550E0,8.809736967E-1,-1.006142259E0
2.180354174E1,-9.645969868E-1,2.940129936E-1,-1.176584601E0
2.182343890E1,-7.840346098E-1,-2.279665917E-1,-1.344896317E0
2.184333607E1,-6.514092088E-1,-5.736449361E-1,-1.491370201E0
2.186320273E1,-6.535397172E-1,-2.146507949E-1,-1.738511562E0
2.188309990E1,-9.960222840E-1,7.611314654E-1,-2.003229856E0
2.190299706E1,-1.547296643E0,1.985652924E0,-2.224272251E0
2.192286372E1,-1.594700933E0,2.853310823E0,-2.413356543E0
2.194276089E1,-7.547398806E-1,3.067429066E0,-2.564091444E0
2.196265806E1,-1.587243974E-1,2.252501726E0,-2.481000900E0
2.198255522E1,-4.974785149E-1,1.146224499E0,-2.320678711E0
2.200242188E1,-8.426241875E-1,-2.119876295E-1,-2.185389996E0
2.202231904E1,-9.448895454E-1,-8.644620776E-1,-2.089516163E0
2.204221621E1,-8.452873230E-1,-8.074704409E-1,-2.011751890E0
2.206208287E1,-6.327670813E-1,-5.917543769E-1,-1.944107652E0
2.208198004E1,-4.170510471E-1,-2.189118415E-1,-1.962749720E0
2.210187720E1,-3.643204570E-1,1.113201380E-1,-1.935585499E0
2.212174386E1,-4.154531360E-1,4.676510990E-1,-1.720934749E0
2.214164103E1,-3.254382908E-1,4.719121456E-1,-1.428519607E0
2.216150768E1,-2.039981484E-1,7.669904083E-2,-1.140365601E0
2.218140485E1,-1.848233789E-1,-2.077265680E-1,-7.968178391E-1
2.220130202E1,-1.464738697E-1,-1.379517466E-1,-4.649879336E-1
2.222119918E1,-2.130528912E-2,2.253034264E-1,-2.348908186E-1
2.224112687E1,1.949433982E-1,7.233145833E-1,-6.764429063E-2
2.226102404E1,4.079962969E-1,1.125984550E0,1.113201380E-1
2.228092121E1,4.271710515E-1,1.010403395E0,2.743056118E-1
2.230078786E1,3.344930410E-1,6.125270724E-1,4.799016416E-1
2.232068503E1,4.133225977E-1,3.350256681E-1,7.147924304E-1
2.234055168E1,4.522047639E-1,-4.207794741E-2,1.051948667E0
2.236044885E1,3.728425503E-1,-8.388957381E-1,1.417866945E0
2.238034602E1,3.989415467E-1,-1.121190786E0,1.626658797E0
2.240021267E1,4.351605177E-1,1.039165497E0,1.866343379E0
2.242010984E1,8.777779341E-1,6.215817928E-1,2.118810892E0
2.244000701E1,6.615292430E-1,-2.641855776E-1,1.788578987E0
2.245987366E1,4.836300611E-1,-8.197209835E-1,1.347559571E0
2.247977083E1,2.785666585E-1,-8.708537221E-1,1.439172268E0
2.249966800E1,5.006742850E-2,-5.811017752E-1,1.485511303E0
2.251953465E1,7.829693705E-2,-1.896170676E-1,1.450357556E0
2.253943182E1,-1.597896591E-2,-3.632551730E-1,1.326786876E0
2.255932899E1,-5.912217870E-2,-8.080030680E-1,1.257012010E0
2.257922616E1,1.225054078E-2,-1.072721362E0,1.370462775E0
2.259909281E1,-1.757686399E-2,-1.280980468E0,1.546231389E0
2.261898998E1,-8.096009493E-2,-1.568601966E0,1.572862983E0
2.263888715E1,6.711166352E-2,-1.510545015E0,1.447161794E0
2.265875380E1,4.223773479E-1,-1.506816626E0,1.358212233E0
2.267865097E1,7.195861340E-1,-1.889779091E0,1.406681657E0
2.269854814E1,9.571400881E-1,-2.033589840E0,1.485511303E0
2.271841479E1,1.166464567E0,-1.552622914E0,1.432780743E0
2.273831196E1,1.156344533E0,-6.375607848E-1,1.208542466E0
2.275820913E1,7.398261428E-1,1.294296384E-1,9.832391143E-1
2.277810630E1,4.719121456E-1,3.435477912E-1,7.265103459E-1
2.279797295E1,5.384911895E-1,5.709817410E-1,3.824299276E-1
2.281787012E1,6.705839634E-1,8.341020942E-1,3.392867148E-1
2.283776729E1,5.246427655E-1,8.420915604E-1,3.701793849E-1
2.285763394E1,2.482066154E-1,5.464806557E-1,3.206445873E-1
2.287753111E1,2.359560728E-1,1.363538504E-1,2.162486911E-1
2.289742828E1,3.515372574E-1,-3.483414650E-1,3.163835406E-1
2.291729493E1,3.659183383E-1,-4.660531878E-1,5.012069345E-1
2.293719210E1,2.013349831E-1,-2.109223604E-1,6.471481323E-1
2.295708927E1,5.699164793E-2,7.137271762E-2,7.147924304E-1
2.297695592E1,2.450108156E-2,1.150485575E-1,6.945524216E-1
2.299685309E1,3.195793182E-2,9.534116834E-2,5.571333170E-1
2.301671975E1,5.912217870E-2,1.235706806E-1,3.739078343E-1
2.303661691E1,4.474110901E-2,1.491370201E-1,2.402171344E-1
2.305651408E1,3.675162420E-2,2.348908186E-1,1.885518134E-1
2.307641125E1,5.645901710E-2,2.588592768E-1,2.769687474E-1
2.309627790E1,1.102548689E-1,2.322276533E-1,4.324973822E-1
2.311617508E1,1.395496428E-1,8.841694891E-2,4.846953154E-1
2.313607224E1,8.362326026E-2,-1.033306494E-1,2.977414131E-1
2.315596941E1,-2.237055451E-2,-9.374327213E-2,6.285060197E-2
2.317583607E1,-3.265035450E-1,3.036003746E-2,-2.881540358E-1
2.319573323E1,-8.932242393E-1,4.101268202E-2,-7.866978049E-1
2.321566092E1,-1.296959519E0,3.621899337E-2,-1.205879331E0
2.323555809E1,-1.326786876E0,-1.438106969E-2,-1.463140726E0
2.325545526E1,-1.183508754E0,2.130528912E-2,-1.628789306E0
2.327535243E1,-9.784454107E-1,6.604639441E-2,-1.763012648E0
2.329524960E1,-8.447546959E-1,7.510114461E-2,-1.866876006E0
2.331514677E1,-6.934871674E-1,1.597896591E-2,-1.972869754E0
2.333504394E1,-6.695187092E-1,7.126619220E-1,-2.136387825E0
2.335494110E1,-7.323693037E-1,1.898833871E0,-2.381398678E0
2.337483827E1,-5.869607329E-1,2.625344276E0,-2.515621901E0
2.339470493E1,-2.199771106E-1,2.392051220E0,-2.506567240E0
2.341460209E1,3.355583176E-2,1.156877160E0,-2.466619730E0
2.343449926E1,-3.057309091E-1,-5.241101384E-1,-2.323874474E0
2.345436592E1,-5.981460214E-1,-1.045024395E0,-2.142779350E0
2.347426308E1,-2.977414131E-1,-2.210423797E-1,-2.048503637E0
2.349416025E1,5.858954508E-3,1.235706806E-1,-2.256762743E0
2.351402691E1,-1.794970632E-1,1.038632840E-1,-2.270078659E0
2.353392408E1,-3.616572917E-1,4.293015897E-1,-2.090581417E0
2.355382124E1,-1.587243974E-1,6.849650741E-1,-1.887115955E0
2.357368790E1,-8.628641814E-2,2.822950780E-1,-1.649562001E0
2.359358507E1,-1.528654546E-1,-2.977414131E-1,-1.275121570E0
2.361348224E1,-6.977482140E-2,-3.094593287E-1,-7.760451436E-1
2.363334889E1,1.086569726E-1,-6.125270575E-2,-3.632551730E-1
2.365324606E1,2.732403278E-1,2.087918371E-1,3.195793368E-3
2.367311271E1,3.312972486E-1,4.724447727E-1,3.339604139E-1
2.369300988E1,3.414172530E-1,4.926848114E-1,5.581985712E-1
2.371290705E1,3.872236311E-1,1.874865443E-1,7.121292949E-1
2.373280422E1,3.547330499E-1,9.693906456E-2,9.384979606E-1
2.375270138E1,2.316950262E-1,-1.432780623E-1,1.323058486E0
2.377259855E1,9.321063757E-2,-3.238403797E-1,1.677258849E0
2.379249572E1,5.406216979E-1,-1.148355126E0,1.913747549E0
2.381236237E1,6.673882008E-1,-2.929477394E-1,2.372344017E0
2.383229006E1,6.945524216E-1,1.496696621E-1,2.447445154E0
2.385215671E1,2.348908186E-1,7.824367285E-1,1.678324103E0
2.387208440E1,2.450108230E-1,7.131945491E-1,1.303883672E0
2.389198157E1,6.924218684E-2,4.287689328E-1,1.357146859E0
2.391187874E1,3.195793368E-3,-2.119876295E-1,1.816808581E0
2.393177591E1,7.297061384E-2,-1.032773852E0,1.956890821E0
2.395167308E1,7.936219871E-2,-1.520665050E0,1.551025033E0
2.397153973E1,5.326322280E-3,-1.673530459E0,1.197357297E0
2.399143690E1,-3.195793368E-3,-1.741174698E0,1.262871027E0
2.401133407E1,2.024002373E-2,-1.671399951E0,1.334243774E0
2.403120072E1,2.077265680E-1,-1.495098710E0,1.265534163E0
2.405109789E1,4.687163532E-1,-1.303883672E0,1.278849959E0
2.407099506E1,7.462177277E-1,-1.026382327E0,1.365669012E0
2.409086171E1,9.337043166E-1,-6.902913451E-1,1.362473249E0
2.411075888E1,1.009870648E0,-9.321063757E-2,1.199487805E0
2.413065605E1,8.319715261E-1,9.624664187E-1,9.688580036E-1
2.415052270E1,3.078614175E-1,2.055427790E0,8.154599667E-1
2.417041987E1,5.326322466E-2,2.062351942E0,8.410263062E-1
2.419031704E1,1.262338310E-1,1.593103051E0,7.930893898E-1
2.421018369E1,2.876214087E-1,5.976133347E-1,9.219864011E-1
2.423008086E1,4.101268053E-1,-5.075985193E-1,9.150621891E-1
2.424997803E1,4.809668958E-1,-1.567536592E0,8.255799413E-1
2.426984468E1,4.644553065E-1,-1.466336489E0,6.956176758E-1
2.428974185E1,4.522047639E-1,-7.153250575E-1,5.709817410E-1
2.430960850E1,2.902845740E-1,4.154531285E-2,5.022721887E-1
2.432950567E1,1.597896684E-3,4.282363057E-1,5.155879855E-1
2.434940284E1,-1.773665249E-1,4.484763443E-1,5.214469433E-1
2.436926949E1,-1.342233270E-1,2.050634027E-1,5.187838078E-1
2.438916666E1,7.723167539E-2,-6.977482140E-2,4.873584807E-1
2.440906383E1,2.577939928E-1,-5.113269389E-2,4.085289240E-1
2.442893048E1,2.716424465E-1,8.149272949E-2,4.479437172E-1
2.444882765E1,1.997370869E-1,7.563377917E-2,5.054680109E-1
2.446872482E1,1.214401498E-1,-9.693906456E-2,4.399542212E-1
2.448859147E1,-5.166532472E-2,-2.284992188E-1,7.563377917E-2
2.450848864E1,-5.938849449E-1,-3.760383427E-1,-6.780408025E-1
2.452835529E1,-1.260207891E0,-1.443433315E-1,-1.250087857E0
2.454825246E1,-1.606418848E0,1.997370869E-1,-1.592570305E0
2.456814963E1,-1.586711407E0,2.439455539E-1,-1.727326274E0
2.458801628E1,-1.360342741E0,7.989483327E-2,-1.810416937E0
2.460791345E1,-1.058872819E0,5.379585549E-2,-1.908421278E0
2.462781062E1,-8.042746782E-1,3.099919558E-1,-1.968608737E0
2.464770779E1,-6.530070901E-1,7.046724558E-1,-2.232794285E0
2.466760496E1,-6.471481323E-1,1.296426892E0,-2.632268429E0
2.468750213E1,-5.789712071E-1,2.323341846E0,-2.817091942E0
2.470739930E1,-4.649879336E-1,3.703391790E0,-2.763828516E0
2.472729647E1,-3.249056637E-2,3.511644363E0,-2.702575922E0
2.474716312E1,6.870955974E-2,1.523328185E0,-2.594984293E0
2.476706029E1,-2.503371537E-1,-1.352885842E0,-2.427205086E0
2.478695746E1,-3.526025414E-1,-2.338255405E0,-2.265284777E0
2.480682411E1,-1.874865443E-1,-1.219195127E0,-2.233326912E0
2.482671912E1,-1.491370201E-1,3.664509654E-1,-2.141714096E0
2.484661627E1,-1.789644361E-1,9.150621891E-1,-1.921204448E0
2.486651343E1,-1.853560209E-1,8.367652297E-1,-1.789644241E0
2.488641058E1,-7.350324839E-2,6.689860821E-1,-1.639441967E0
2.490627722E1,1.054611802E-1,2.561961114E-1,-1.229315162E0
2.492617437E1,2.663161159E-1,-2.327602804E-1,-6.253102422E-1
2.494607152E1,3.600593805E-1,-3.643204570E-1,-1.757686287E-1
2.496593816E1,4.985437691E-1,-2.450108156E-2,1.315601617E-1
2.498583532E1,6.844323874E-1,4.921521842E-1,3.930825889E-1
2.500573247E1,8.000136018E-1,8.282431364E-1,6.338323355E-1
2.502559911E1,8.910937309E-1,6.285060048E-1,8.676578999E-1
2.504549626E1,8.420915604E-1,5.166532472E-2,1.120125532E0
2.506539342E1,7.243798375E-1,-1.179780364E0,1.507349253E0
2.508526005E1,2.860234976E-1,-1.169660330E0,1.873267531E0
2.510515721E1,4.687163606E-2,2.222674370E0,2.245044947E0
2.512505436E1,1.560079813E0,2.329733372E0,2.757969618E0
2.514492100E1,4.484763443E-1,-1.677791476E-1,1.794438004E0
2.516481815E1,-1.171790883E-1,-1.889779091E0,7.914915085E-1
2.518468479E1,-1.810949668E-2,-2.039448738E0,1.018392801E0
2.520458194E1,1.283643693E-1,-1.227184653E0,1.713477850E0
2.522447910E1,2.487392575E-1,-5.182511806E-1,1.961151838E0
2.524434573E1,2.322276533E-1,-1.310275346E-1,1.651159883E0
2.526424289E1,6.285060197E-2,-2.061286718E-1,1.398159623E0
2.528414004E1,-2.822950855E-2,-4.543353021E-1,1.344896317E0
2.530400668E1,-6.178534031E-2,-5.550028086E-1,1.465803862E0
2.532390383E1,3.888215125E-2,-6.364955306E-1,1.560079813E0
2.534380099E1,1.576591432E-1,-8.415589333E-1,1.529719710E0
2.536366763E1,2.210423797E-1,-1.049285531E0,1.479119658E0
2.538356478E1,2.013349831E-1,-1.229847789E0,1.344363689E0
2.540346193E1,2.082591951E-1,-1.208009839E0,1.168595076E0
2.542332857E1,2.561961114E-1,-1.002413869E0,9.715211987E-1
2.544322572E1,3.009372056E-1,-6.956176758E-1,7.621967196E-1
2.546309236E1,3.430151641E-1,-2.982740402E-1,6.519418359E-1
2.548298952E1,4.655205607E-1,4.788363874E-1,6.412891746E-1
2.550288667E1,5.017395616E-1,9.800432920E-1,5.528722405E-1
2.552275331E1,5.155879855E-1,1.258077264E0,4.905542731E-1
2.554265046E1,3.339604139E-1,1.679922104E0,5.070658922E-1
2.556254762E1,3.355583176E-2,1.774730563E0,4.868258536E-1
2.558244477E1,1.225054078E-2,1.160605669E0,3.696467578E-1
2.560234192E1,1.826928556E-1,3.296993375E-1,5.209143162E-1
2.562226960E1,2.327602804E-1,-1.363538504E-1,7.637946010E-1
2.564216675E1,1.757686399E-2,-2.918824553E-1,7.648598552E-1
2.566206390E1,3.142530099E-2,-3.632551730E-1,6.253102422E-1
2.568193054E1,2.423476577E-1,-2.631203234E-1,4.937500656E-1
2.570182769E1,3.227751255E-1,-2.226402760E-1,4.452805519E-1
2.572172485E1,2.444781959E-1,5.539375171E-2,4.207794666E-1
2.574159148E1,1.139832959E-1,4.527373910E-1,3.840278387E-1
2.576148864E1,4.314320907E-2,5.432848930E-1,3.739078343E-1
2.578138579E1,4.314320907E-2,2.551308274E-1,4.335626364E-1
2.580125243E1,2.556634694E-2,5.326322280E-3,4.239752591E-1
2.582114958E1,-5.912217870E-2,-4.101268202E-2,2.753708661E-1
2.584104674E1,-3.211772442E-1,1.336906850E-1,-2.194444835E-1
2.586091338E1,-6.791061163E-1,3.222424984E-1,-7.265103459E-1
2.588081053E1,-1.001348615E0,3.131877482E-1,-1.217597246E0
2.590070768E1,-1.215999365E0,1.949433982E-1,-1.622397780E0
2.592057432E1,-1.047687650E0,-4.687163606E-2,-1.813612700E0
2.594047148E1,-7.041398287E-1,-3.030677438E-1,-1.876995921E0
2.596036863E1,-5.709817410E-1,-1.864212751E-1,-2.150236368E0
2.598023527E1,-8.490157723E-1,6.162554622E-1,-2.453836679E0
2.600013242E1,-1.561145067E0,2.130528927E0,-2.887931824E0
2.602002957E1,-1.517469168E0,3.938815355E0,-3.211772442E0
2.603989621E1,-4.580637068E-2,5.132444382E0,-3.293797731E0
2.605979336E1,7.776430249E-2,2.662095785E0,-2.711097956E0
2.607969052E1,-5.949501991E-1,-1.886050701E0,-2.431466103E0
2.609955716E1,-8.484831452E-1,-3.536145449E0,-2.240251064E0
2.611945431E1,-9.214537740E-1,-3.920173049E-1,-2.356364965E0
2.613932095E1,-4.154531360E-1,1.287904739E0,-2.497512579E0
2.615921810E1,-4.207794666E-1,1.637311459E0,-2.554504156E0
2.617911526E1,-4.665858448E-1,1.777926326E0,-2.469815731E0
2.619898189E1,-3.520699143E-1,7.387608886E-1,-2.362756491E0
2.621887905E1,-3.643204570E-1,-1.151018262E0,-2.009621382E0
2.623877620E1,-4.229099751E-1,-2.250903845E0,-1.385909081E0
2.625864284E1,-3.153182864E-1,-1.955292940E0,-6.849650741E-1
2.627853999E1,-4.207794741E-2,-8.676578999E-1,-1.193096191E-1
2.629843715E1,1.635181010E-1,3.398193717E-1,2.024002522E-1
2.631830378E1,2.045307755E-1,1.187769890E0,5.075985193E-1
2.633820094E1,1.635181010E-1,1.434378624E0,7.430219650E-1
2.635809809E1,3.435477912E-1,1.163801432E0,1.157942414E0
2.637796473E1,8.069378138E-1,6.508765817E-1,1.589907169E0
2.639786188E1,1.054611802E0,-2.838929892E-1,1.911617041E0
2.641775904E1,7.840346098E-1,3.723099232E-1,2.472478867E0
2.643762567E1,1.901497096E-1,3.312439919E0,2.444249392E0
2.645752283E1,6.072007492E-2,1.862614870E0,2.476207256E0
2.647741998E1,5.448827744E-1,1.067927599E0,1.854625463E0
2.649728662E1,1.443433315E-1,-1.794970632E0,1.026382327E0
2.651718377E1,6.231797114E-2,-2.781405449E0,9.853696227E-1
2.653705041E1,1.491370201E-1,-1.636246204E0,9.629990458E-1
2.655694756E1,4.495415986E-1,-6.924219131E-1,1.049285531E0
2.657684472E1,6.695187092E-1,-1.331580579E-1,1.263936281E0
2.659674187E1,6.572681665E-1,3.850930929E-1,1.107874990E0
2.661660851E1,4.809668958E-1,1.063666582E0,1.049285531E0
2.663650566E1,4.133225977E-1,1.965945601E0,1.065264463E0
2.665646385E1,5.411543250E-1,2.029328823E0,1.010936022E0
2.667645256E1,2.876214087E-1,1.489772320E0,7.488809228E-1
2.669638023E1,-6.711166352E-2,7.840346098E-1,6.354302764E-1
2.671630790E1,-1.294296384E-1,3.936152160E-1,7.632619739E-1
2.673632712E1,4.793690052E-3,5.571333170E-1,1.006142259E0
2.675634634E1,1.970739216E-1,7.329019308E-1,1.141430855E0
2.677630453E1,3.078614175E-1,6.103965044E-1,1.190965652E0
2.679629324E1,2.988066673E-1,2.790992856E-1,1.227184653E0
2.681615988E1,2.098570913E-1,-5.645901710E-2,1.178715110E0
2.683605703E1,1.597896665E-1,-1.480717659E-1,1.038632870E0
2.685595418E1,1.747033745E-1,1.171790883E-1,8.117315173E-1
2.687585134E1,1.635181010E-1,5.134574771E-1,5.246427655E-1
2.689574849E1,2.024002373E-2,7.600662112E-1,2.061286718E-1
2.691564565E1,-1.731054783E-1,1.086037159E0,-1.640507281E-1
2.693557332E1,-2.908172011E-1,1.450357556E0,-4.037352204E-1
2.695547047E1,-4.463458061E-1,1.944107652E0,-5.725796223E-1
2.697536763E1,-5.619270205E-1,2.475142002E0,-5.597964525E-1
2.699526478E1,-6.402239203E-1,2.898051977E0,-4.554005563E-1
2.701522297E1,-6.562029123E-1,2.886866570E0,-3.398193717E-1
2.703515064E1,-5.709817410E-1,2.537992477E0,-2.636529505E-1
2.705513934E1,-3.675162494E-1,2.241848946E0,-1.544633508E-1
2.707515857E1,-1.326254308E-1,2.050634146E0,3.781688958E-2
2.709517779E1,8.415589482E-2,1.892974973E0,2.300971150E-1
2.711522753E1,1.880191714E-1,1.741707444E0,4.388889670E-1
2.713521624E1,5.805691332E-2,1.348624825E0,6.838997602E-1
2.715523546E1,-2.306297570E-1,6.119944453E-1,9.012137055E-1
2.717525468E1,-4.479437172E-1,-2.162486911E-1,1.043959141E0
2.719527390E1,-4.346278906E-1,-7.329019308E-1,1.064199209E0
2.721532364E1,-1.608549356E-1,-8.511462808E-1,9.022790194E-1
2.723534287E1,1.997370869E-1,-3.589941263E-1,5.384911895E-1
2.725530105E1,3.717772961E-1,7.840346098E-1,4.420847446E-2
2.727535079E1,1.549959779E-1,2.029861450E0,-3.760383427E-1
2.729537002E1,-2.455434501E-1,2.508165121E0,-6.673882008E-1
2.731532820E1,-3.691141307E-1,2.759567499E0,-1.026382327E0
2.733531691E1,-2.439455539E-1,3.114300728E0,-1.490304947E0
2.735533613E1,-1.017327532E-1,3.443467379E0,-2.136387825E0
2.737538587E1,-2.030394077E0,6.335127831E0,-2.317482710E0
2.739543561E1,-2.516154528E0,5.309810638E0,-2.821352959E0
2.741551587E1,-1.843440175E0,1.968076110E0,-3.094593287E0
2.743559612E1,-1.561677694E0,5.954828262E-1,-3.457315683E0
2.745564586E1,-1.912682295E0,1.554753423E0,-3.661314011E0
2.747566509E1,-2.062884569E0,2.913498402E0,-3.389671564E0
2.749568431E1,-1.963282347E0,3.498861074E0,-2.454369307E0
2.751564250E1,-1.632517815E0,2.545449495E0,-1.397626996E0
2.753566172E1,-1.162203550E0,7.824367285E-1,-1.025849700E0
2.755574198E1,-8.628641963E-1,1.118527725E-2,-8.559399843E-1
2.757582223E1,-7.733820081E-1,5.938849449E-1,-6.471481323E-1
2.759584146E1,-7.595335841E-1,7.419567108E-1,-4.841626883E-1
2.761579965E1,-6.492787004E-1,4.980111420E-1,-4.554005563E-1
2.763578835E1,-4.607268870E-1,4.601942301E-1,-4.069310129E-1
2.765574654E1,-2.386192381E-1,6.966829300E-1,-1.736381054E-1
2.767567421E1,-1.422128081E-1,9.139968753E-1,9.534116834E-2
2.769560188E1,-3.009372056E-1,8.053399324E-1,3.808320463E-1
2.771556007E1,-3.398193717E-1,5.060006380E-1,6.657902598E-1
2.773551826E1,7.723167539E-2,4.298342168E-1,9.736517072E-1
2.775550696E1,4.175836742E-1,4.676510990E-1,1.292165756E0
2.777543464E1,6.466155052E-1,5.395564437E-1,1.542502880E0
2.779533179E1,7.733820081E-1,8.149272799E-1,1.658084154E0
2.781522894E1,7.387608886E-1,1.293763638E0,1.747033715E0
2.783512610E1,4.900216460E-1,1.465803862E0,1.860484362E0
2.785511480E1,2.066612989E-1,2.066612959E0,1.590972424E0
2.787501196E1,4.633900523E-2,2.723348618E0,1.391767979E0
2.789497015E1,7.137271762E-2,3.160106897E0,1.353951097E0
2.791492833E1,2.173139453E-1,2.973685741E0,1.067394972E0
2.793488652E1,5.038700700E-1,1.326786876E0,4.111920893E-1
2.795478368E1,1.157942414E0,3.217098713E-1,-3.275688291E-1
2.797471135E1,7.344998717E-1,1.635713577E0,-4.095941782E-1
2.799460850E1,-7.520766854E-1,2.656236887E0,-5.885586143E-1
2.801450566E1,-1.054079175E0,-9.832391143E-1,-2.139583588E0
2.803443333E1,-5.049353242E-1,-2.365952253E0,-2.625876904E0
2.805433048E1,-1.672465205E-1,-1.547296643E0,-2.773416042E0
2.807425815E1,-6.034722924E-1,-7.153250575E-1,-2.159291029E0
2.809418582E1,-9.267801046E-1,3.920173049E-1,-1.096157074E0
2.811414401E1,-6.860303283E-1,1.455151200E0,-2.540655732E-1
2.813410220E1,-2.929477394E-1,1.710282087E0,1.012001261E-1
2.815406039E1,5.326322280E-4,1.511610270E0,2.945456207E-1
2.817395754E1,-9.747169912E-2,1.153681397E0,3.888215125E-1
2.819385470E1,-2.055960447E-1,9.661948681E-1,8.106662631E-1
2.821375185E1,2.663161233E-2,8.229168057E-1,1.211205721E0
2.823371004E1,5.320996046E-1,6.966829300E-1,1.458879709E0
2.825369874E1,1.005077004E0,7.605988383E-1,1.574460864E0
2.827365693E1,1.165931940E0,1.452488065E0,1.479652286E0
2.829367616E1,6.444849968E-1,2.795786619E0,1.133441329E0
2.831366486E1,-4.639226794E-1,2.786731720E0,7.313040495E-1
2.833356202E1,-1.114266634E0,1.869006515E0,5.986786485E-1
2.835352020E1,-9.827064872E-1,1.631452560E0,5.954828262E-1
2.837353942E1,-5.065332651E-1,1.692705274E0,6.024070382E-1
2.839358916E1,-2.343581803E-2,1.538774490E0,4.383563101E-1
2.841351684E1,3.382214606E-1,1.622930408E0,1.171790902E-2
2.843350554E1,2.727077007E-1,2.275937557E0,-4.884237647E-1
2.845355528E1,-2.535329461E-1,2.574744225E0,-5.544701219E-1
2.847360502E1,-6.556702852E-1,2.457032442E0,-4.628573954E-1
2.849359373E1,-4.442152679E-1,1.951564431E0,-3.925499618E-1
2.851355192E1,-9.161274135E-2,9.139968753E-1,-1.038632840E-1
2.853360166E1,-9.960222989E-2,3.659183383E-1,2.759034932E-1
2.855365139E1,-1.656486243E-1,6.056028605E-1,3.856257200E-1
2.857357907E1,-2.865561247E-1,9.289106131E-1,4.021373391E-1
2.859356777E1,-3.366235793E-1,8.431568146E-1,4.458131790E-1
2.861349544E1,-2.588592768E-1,9.518138170E-1,4.127899706E-1
2.863348415E1,-2.071939409E-1,1.266599417E0,3.989415467E-1
2.865347285E1,-2.673813701E-1,1.421062827E0,4.468784332E-1
2.867349208E1,-3.030677438E-1,1.396029115E0,4.213120937E-1
2.869357233E1,-2.684466541E-1,1.189367771E0,3.067961633E-1
2.871356104E1,-2.455434501E-1,8.516789079E-1,1.241033077E-1
2.873354974E1,-3.131877482E-1,3.637878001E-1,-1.475391239E-1
2.875359948E1,-4.522047639E-1,3.238403797E-1,-5.938849449E-1
2.877361871E1,-9.576727748E-1,1.120658159E0,-1.613875628E0
2.879360741E1,-1.203216195E0,2.001099348E0,-2.463423967E0
2.881356560E1,-9.901633263E-1,2.259425879E0,-2.809634924E0
2.883355431E1,-7.749798894E-1,1.814677954E0,-2.736131668E0
2.885360404E1,-7.792409658E-1,1.455683827E0,-2.688194752E0
2.887359275E1,-5.683186054E-1,1.410410166E0,-2.796851873E0
2.889364249E1,3.408846259E-2,1.468466997E0,-2.841060400E0
2.891366171E1,5.267732739E-1,1.781654835E0,-3.040797472E0
2.893368094E1,3.930825889E-1,2.935868740E0,-3.426423073E0
2.895363912E1,2.322276533E-1,2.752110720E0,-3.571831703E0
2.897353628E1,1.896170676E-1,1.477521777E0,-3.281547070E0
2.899349447E1,2.950782478E-1,-9.976201653E-1,-2.765426636E0
2.901345265E1,1.374191195E-1,-2.838397026E0,-2.531600952E0
2.903344136E1,-4.420847595E-1,-1.283111095E0,-2.402171373E0
2.905343006E1,-6.391586736E-3,5.502091050E-1,-2.117745638E0
2.907338825E1,3.802994192E-1,-8.948221803E-2,-1.608016729E0
2.909340748E1,2.514024079E-1,-8.538094759E-1,-1.172323585E0
2.911339618E1,1.097222418E-1,-8.692557812E-1,-8.532768488E-1
2.913344592E1,1.448759735E-1,-6.045376062E-1,-3.685815036E-1
2.915343463E1,3.153182864E-1,-6.812366247E-1,3.115898669E-1
2.917339282E1,4.442152679E-1,-9.342369437E-1,8.926916122E-1
2.919328997E1,5.976133347E-1,-9.651296139E-1,1.179780364E0
2.921324816E1,6.418218613E-1,-8.495483994E-1,1.386441708E0
2.923314531E1,4.687163532E-1,-6.354302764E-1,1.868473887E0
2.925304247E1,5.347627401E-1,-2.695119083E-1,2.224272251E0
2.927293962E1,2.838929892E-1,1.415203810E0,2.000566721E0
2.929283677E1,7.526093125E-1,1.901497006E0,2.364354372E0
2.931270341E1,7.882956862E-1,5.118595958E-1,2.647714853E0
2.933263108E1,-6.125270575E-2,-4.048004746E-2,1.940379262E0
2.935252824E1,1.182443574E-1,-8.293083906E-1,1.388039589E0
2.937242539E1,2.343581803E-2,-1.350222707E0,1.545698762E0
2.939235306E1,-3.302319720E-2,-1.804025412E0,1.853560209E0
2.941231125E1,0.000000000E0,-1.552622914E0,1.810416937E0
2.943220840E1,-9.054748341E-3,-1.035437107E0,1.295894265E0
2.945216659E1,-1.853560209E-1,-5.139901042E-1,1.125984550E0
2.947209426E1,-2.412824035E-1,-2.966761589E-1,1.255414128E0
2.949202193E1,-2.359560728E-1,-1.672465205E-1,1.385909081E0
2.951201064E1,-1.965412945E-1,-1.922802329E-1,1.300687909E0
2.953190779E1,-1.241033077E-1,-3.648530841E-1,1.141963482E0
2.955180495E1,2.077265643E-2,-6.961503029E-1,1.028512836E0
2.957173262E1,2.253034264E-1,-8.857674003E-1,1.000815988E0
2.959159926E1,3.808320463E-1,-6.412891746E-1,1.009870648E0
2.961149641E1,4.830974340E-1,-3.036003746E-2,9.331716895E-1
2.963139357E1,5.091964006E-1,5.102616549E-1,7.728493810E-1
2.965126020E1,3.962783813E-1,6.402239203E-1,6.151902080E-1
2.967115736E1,3.057309091E-1,7.195861340E-1,5.091964006E-1
2.969105451E1,2.375539690E-1,8.708537221E-1,4.772384763E-1
2.971095167E1,1.459412277E-1,6.146575809E-1,3.866910040E-1
2.973090985E1,7.723167539E-2,2.577939928E-1,3.169161677E-1
2.975080701E1,9.534116834E-2,3.834952042E-2,4.298342168E-1
2.977067364E1,1.890844405E-1,1.065264456E-3,5.352953672E-1
2.979057080E1,2.221076339E-1,1.390170157E-1,5.390238166E-1
2.981046795E1,1.358212233E-1,2.130528986E-1,5.017395616E-1
2.983036511E1,6.018744037E-2,1.826928556E-1,5.257080197E-1
2.985023174E1,2.130528912E-2,2.732403278E-1,5.896238685E-1
2.987012890E1,1.704423130E-2,2.897519469E-1,6.599313021E-1
2.989002605E1,1.597896591E-2,3.707120419E-1,7.590008974E-1
2.990995372E1,-5.166532472E-2,4.458131790E-1,7.488809228E-1
2.992985088E1,-1.049285457E-1,4.143878818E-1,4.964132309E-1
2.994974803E1,-1.257012039E-1,2.972087860E-1,3.270362020E-1
2.996964518E1,-1.842907518E-1,-2.663161140E-3,2.519350350E-1
2.998951182E1,-1.587243974E-1,-9.374327213E-2,-1.001348570E-1
3.000940898E1,-2.284992188E-1,8.202536404E-2,-7.265103459E-1
3.002930613E1,-7.073355913E-1,2.737729549E-1,-1.341167927E0
3.004923380E1,-1.053546548E0,4.143878818E-1,-1.737446308E0
3.006913096E1,-1.073786616E0,1.150485575E-1,-1.995240331E0
3.008905863E1,-8.314388990E-1,-3.094593287E-1,-2.305764914E0
3.010895578E1,-4.974785149E-1,-8.053399324E-1,-2.623213768E0
3.012891397E1,-4.399542212E-1,-1.238902569E0,-2.789927721E0
3.014887216E1,-4.980111420E-1,-2.434129268E-1,-2.744121313E0
3.016886086E1,-3.041329980E-1,1.604288220E0,-3.040264845E0
3.018884957E1,3.739078343E-1,2.896454096E0,-3.433347225E0
3.020877724E1,5.065332651E-1,3.091397524E0,-3.274622917E0
3.022867439E1,-1.848233789E-1,6.338323355E-1,-2.512958765E0
3.024860207E1,-2.950782478E-1,-1.614940882E0,-2.049036264E0
3.026859077E1,-2.327602804E-1,-1.151018262E0,-1.935052872E0
3.028851844E1,2.982740477E-2,5.784385800E-1,-2.081526756E0
3.030844611E1,1.661812514E-1,7.669904232E-1,-2.235457420E0
3.032834327E1,1.443433315E-1,8.064051867E-1,-2.148638487E0
3.034824042E1,2.860234976E-1,8.367652297E-1,-1.882322311E0
3.036813758E1,4.250405133E-1,-3.195793368E-3,-1.443433285E0
3.038803473E1,4.900216460E-1,-1.137169838E0,-7.952198982E-1
3.040793188E1,5.587311983E-1,-1.502555490E0,-1.949433982E-1
3.042779852E1,7.062703371E-1,-1.019458055E0,2.199771106E-1
3.044769568E1,7.627293468E-1,-9.108011425E-2,5.496764779E-1
3.046759283E1,6.636597514E-1,5.597964525E-1,9.161274433E-1
3.048745947E1,4.271710515E-1,2.013349831E-1,1.403485894E0
3.050735662E1,3.174487948E-1,-6.317018270E-1,2.124137402E0
3.052725377E1,3.254382908E-1,-1.052481294E0,2.665824413E0
3.054715093E1,-2.886866629E-1,1.495098710E0,3.018959522E0
3.056701756E1,1.345429063E0,1.156877160E0,3.765709877E0
3.058691472E1,5.992112756E-1,-7.339671850E-1,3.202717543E0
3.060681187E1,-5.470132828E-1,-8.847021461E-1,1.325721622E0
3.062670903E1,1.001348570E-1,-1.496696621E-1,4.878911078E-1
3.064660618E1,2.705771625E-1,3.142530099E-2,8.884305358E-1
3.066647282E1,1.810949594E-1,-6.812366247E-1,1.756621122E0
3.068636997E1,2.093244642E-1,-1.358744860E0,2.174204826E0
3.070626713E1,1.193096191E-1,-1.680454731E0,1.845570683E0
3.072619480E1,-9.640643001E-2,-1.732652664E0,1.184041500E0
3.074609195E1,-2.311623842E-1,-1.376321673E0,1.090298176E0
3.076601962E1,-1.006674916E-1,-7.137271762E-1,1.185639381E0
3.078591678E1,1.352885813E-1,-1.981391907E-1,1.144626617E0
3.080581393E1,2.242381722E-1,-1.171790902E-2,1.098820329E0
3.082568057E1,2.284992188E-1,9.161274135E-2,9.890980721E-1
3.084557772E1,1.880191714E-1,2.652508616E-1,6.263754964E-1
3.086550539E1,9.587380290E-2,4.825648069E-1,3.281014562E-1
3.088537203E1,2.982740477E-2,6.945524216E-1,2.918824553E-1
3.090526918E1,8.681905270E-2,7.696535587E-1,3.776362538E-1
3.092516634E1,1.523328125E-1,6.189186573E-1,5.246427655E-1
3.094512453E1,1.459412277E-1,2.077265680E-1,6.082659960E-1
3.096502168E1,9.906959534E-2,-2.641855776E-1,5.315669775E-1
3.098491884E1,9.161274135E-2,-4.921521842E-1,3.696467578E-1
3.100481599E1,1.970739216E-1,-4.261057824E-2,2.210423797E-1
3.102471314E1,2.364887148E-1,5.129248500E-1,1.640507281E-1
3.104464082E1,2.013349831E-1,7.563377619E-1,1.842907518E-1
3.106453797E1,1.491370201E-1,8.479505181E-1,2.727077007E-1
3.108446564E1,5.273059011E-2,8.554073572E-1,3.968110085E-1
3.110436280E1,-8.735168725E-2,7.824367285E-1,5.187838078E-1
3.112425995E1,-1.533980817E-1,3.941478431E-1,6.604639888E-1
3.114412659E1,-5.326322280E-4,-3.249056637E-2,8.916263580E-1
3.116402374E1,1.912149638E-1,-2.375539690E-1,9.337043166E-1
3.118392089E1,1.086569726E-1,-2.775014043E-1,6.625944972E-1
3.120378753E1,1.810949668E-2,-7.882957160E-2,4.048005044E-1
3.122368469E1,-5.379585549E-2,1.518001854E-1,3.179814517E-1
3.124358184E1,-1.944107562E-1,2.455434501E-1,8.628641814E-2
3.126347899E1,-3.712446690E-1,6.173207760E-1,-4.575310946E-1
3.128334563E1,-7.861651778E-1,9.614011645E-1,-1.209607840E0
3.130324279E1,-1.003479123E0,1.012001276E0,-1.687378883E0
3.132320097E1,-9.523464441E-1,6.854977012E-1,-1.882322311E0
3.134309813E1,-6.727145314E-1,6.338323653E-2,-2.056493044E0
3.136299528E1,-4.021373391E-1,-6.364955306E-1,-2.258360624E0
3.138289244E1,-2.838929892E-1,-1.127049804E0,-2.493251562E0
3.140275907E1,-2.796319127E-1,-6.972155571E-1,-2.845321417E0
3.142265623E1,-3.067961633E-1,1.301753163E0,-3.302852392E0
3.144255338E1,-6.231797114E-2,3.176618576E0,-4.037884712E0
3.146242002E1,2.833603323E-1,3.005643606E0,-4.099670410E0
3.148231717E1,2.114549875E-1,-4.053331316E-1,-3.025351048E0
3.150221433E1,-9.427590668E-2,-1.635180950E0,-2.220011234E0
3.152211148E1,-2.849582434E-1,6.301039457E-1,-1.980326653E0
3.154200864E1,1.033306494E-1,5.294364095E-1,-2.044242382E0
3.156190579E1,7.989483327E-2,-5.672533512E-1,-2.125735283E0
3.158180294E1,-1.533980817E-1,8.468852192E-2,-1.944640279E0
3.160173061E1,-5.699164793E-2,3.680488765E-1,-1.662345171E0
3.162162777E1,-5.752427876E-2,-4.372910559E-1,-1.248489976E0
3.164149441E1,-1.278317273E-1,-1.228249907E0,-6.114618182E-1
3.166139156E1,5.379585549E-2,-1.252750993E0,9.747169912E-2
3.168131923E1,3.286340833E-1,-7.408914566E-1,4.751079381E-1
3.170121639E1,4.143878818E-1,3.941478580E-2,7.163903713E-1
3.172108302E1,3.659183383E-1,6.524744630E-1,9.299758673E-1
3.174098018E1,1.081243455E-1,8.021441102E-1,1.012001276E0
3.176090785E1,-1.912149638E-1,5.821670294E-1,1.255414128E0
3.178083552E1,3.573962152E-1,-5.826996565E-1,1.979794025E0
3.180070216E1,8.985505700E-1,-8.255799413E-1,2.574744225E0
3.182059931E1,1.518001854E-1,4.250405133E-1,2.617354870E0
3.184052698E1,4.308994710E-1,5.326322466E-2,2.470348358E0
3.186045465E1,2.269013226E-1,4.154531285E-2,1.798699021E0
3.188035181E1,1.459412277E-1,-4.048004746E-2,1.200553060E0
3.190027948E1,2.583266199E-1,4.846953154E-1,1.237304688E0
3.192023767E1,1.624528319E-1,3.941478431E-1,1.629321933E0
3.194016534E1,1.619201899E-1,-2.801645398E-1,1.947836041E0
3.196009301E1,9.001484513E-2,-8.580704927E-1,1.905225515E0
3.198002068E1,-1.533980817E-1,-1.516936541E0,1.404018521E0
3.199991783E1,-3.158509135E-1,-1.826928496E0,8.522115946E-1
3.201981499E1,-3.307646215E-1,-1.449824929E0,8.234494328E-1
3.203971214E1,-2.253034264E-1,-8.532768488E-1,1.022121191E0
3.205960930E1,-5.592638254E-2,-5.949501991E-1,1.054611802E0
3.207956748E1,1.262338310E-1,-5.864281058E-1,1.029045463E0
3.209949516E1,2.668487430E-1,-6.072007418E-1,1.027447581E0
3.211945334E1,3.675162494E-1,-4.468784332E-1,9.869675040E-1
3.213938102E1,3.749730885E-1,-1.390170157E-1,8.665926456E-1
3.215930869E1,3.286340833E-1,2.993393242E-1,7.781757116E-1
3.217923636E1,2.476739883E-1,5.976133347E-1,7.504788041E-1
3.219919147E1,2.109223604E-1,5.922870636E-1,6.279733777E-1
3.221911914E1,2.689792812E-1,5.443501472E-1,5.166532397E-1
3.223904681E1,2.993393242E-1,5.507417321E-1,3.984089196E-1
3.225900500E1,2.178465873E-1,5.965480804E-1,3.973436356E-1
3.227893266E1,7.723167539E-2,6.439523697E-1,4.495415986E-1
3.229882982E1,-5.060006306E-2,5.097290277E-1,4.713795185E-1
3.231872697E1,-9.587380104E-3,2.998719513E-1,4.308994710E-1
3.233865464E1,8.681905270E-2,1.193096191E-1,4.314320982E-1
3.235864334E1,1.091896072E-1,-8.841694891E-2,5.507417321E-1
3.237857101E1,1.592570394E-1,-3.142530099E-2,6.620618701E-1
3.239849868E1,8.894958347E-2,3.925499618E-1,7.504788041E-1
3.241845687E1,4.101268202E-2,6.322344542E-1,8.404936790E-1
3.243844557E1,6.924218684E-2,6.082659960E-1,8.767126203E-1
3.245837324E1,4.101268202E-2,1.475391239E-1,7.440872192E-1
3.247830091E1,1.810949668E-2,-2.428802997E-1,5.661880374E-1
3.249822858E1,4.101268202E-2,-2.018676102E-1,3.557983339E-1
3.251815625E1,6.391586736E-3,-1.171790883E-1,3.408846259E-2
3.253814495E1,-9.906959534E-2,1.182443574E-1,-4.452805519E-1
3.255813366E1,-3.994741738E-1,6.290386319E-1,-9.086706042E-1
3.257815288E1,-7.882956862E-1,7.930893898E-1,-1.220793009E0
3.259814158E1,-8.655273914E-1,4.559331834E-1,-1.439172268E0
3.261813029E1,-7.600662112E-1,-2.503371425E-2,-1.594168305E0
3.263811899E1,-5.427522659E-1,-4.255731404E-1,-1.800829530E0
3.265816873E1,-3.307646215E-1,-7.888283134E-1,-2.108158350E0
3.267818795E1,-3.515372574E-1,-1.026382327E0,-2.378735542E0
3.269817665E1,-5.779059529E-1,-5.842975378E-1,-2.527872562E0
3.271813484E1,-5.512743592E-1,8.277105093E-1,-2.773948669E0
3.273806251E1,-1.432780623E-1,1.857821226E0,-3.081277370E0
3.275805121E1,7.185208797E-1,2.023469925E0,-3.308711290E0
3.277803992E1,5.368933082E-1,1.584048271E0,-2.720685482E0
3.279796759E1,-1.299622655E-1,-2.231729031E-1,-2.194444895E0
3.281789526E1,-2.109223604E-1,-1.350755334E0,-1.916943431E0
3.283788396E1,-4.900216311E-2,-6.775081754E-1,-1.848233819E0
3.285781163E1,2.716424316E-2,-7.723167539E-2,-1.961151838E0
3.287786137E1,-9.693906456E-2,1.374191195E-1,-2.080461502E0
3.289775852E1,-1.784317940E-1,4.974785149E-1,-2.038916111E0
3.291765567E1,-9.587380290E-2,3.856257200E-1,-1.800829530E0
3.293761386E1,-1.970739290E-2,-2.269013226E-1,-1.443965912E0
3.295754153E1,-5.539375171E-2,-7.153250575E-1,-9.283779860E-1
3.297746920E1,-9.800432622E-2,-4.681837261E-1,-4.351605177E-1
3.299739687E1,-7.510114461E-2,2.455434501E-1,-2.263686955E-1
3.301732454E1,2.077265643E-2,9.614011645E-1,-7.084008306E-2
3.303731324E1,1.528654546E-1,1.307079434E0,1.560612470E-1
3.305730194E1,2.066612989E-1,1.045557022E0,3.659183383E-1
3.307735168E1,1.778991669E-1,4.692489803E-1,6.040049195E-1
3.309743194E1,2.173139453E-1,9.693906456E-2,8.500810266E-1
3.311751219E1,3.360909224E-1,2.609897964E-2,1.110538244E0
3.313759245E1,2.444781959E-1,-1.358212233E-1,1.380582690E0
3.315767270E1,3.568635881E-2,-7.169229984E-1,1.620799899E0
3.317775296E1,-4.378236830E-1,-5.645901710E-2,1.792840123E0
3.319777218E1,-4.676510990E-1,1.643703103E0,2.146507978E0
3.321785243E1,8.154599667E-1,1.450357556E0,2.640790701E0
3.323793269E1,4.458131790E-1,-1.043959185E-1,2.189118385E0
3.325801294E1,-3.941478580E-2,-1.369397402E0,1.482315540E0
3.327806268E1,-1.070590764E-1,-1.661812544E0,1.563275576E0
3.329814294E1,-6.072007492E-2,-1.451422811E0,1.794970632E0
3.331822319E1,6.072007492E-2,-8.122641444E-1,1.755023241E0
3.333830345E1,1.768338978E-1,5.592638254E-2,1.559547186E0
3.335835318E1,1.858886480E-1,3.904194236E-1,1.291100502E0
3.337840292E1,1.507349163E-1,2.982740402E-1,1.187237263E0
3.339848318E1,1.139832959E-1,8.042746782E-2,1.238369942E0
3.341856343E1,5.805691332E-2,-1.922802329E-1,1.309742689E0
3.343861317E1,4.687163606E-2,-5.118595958E-1,1.287904739E0
3.345869343E1,2.556634694E-2,-6.407565475E-1,1.310275316E0
3.347874316E1,4.474110901E-2,-9.054747820E-1,1.057274938E0
3.349876238E1,6.125270575E-2,-1.058340192E0,8.133293986E-1
3.351881212E1,3.781688958E-2,-7.440872192E-1,6.775081754E-1
3.353877031E1,9.054748341E-3,-3.201119602E-1,4.687163532E-1
3.355878953E1,1.171790902E-2,1.507349163E-1,2.253034264E-1
3.357883927E1,8.415589482E-2,6.439523697E-1,6.498113275E-2
3.359888901E1,1.773665249E-1,9.624664187E-1,4.101268202E-2
3.361899978E1,2.673813701E-1,1.008272767E0,-1.065264456E-3
3.363908003E1,3.552657068E-1,9.837717414E-1,-2.663161233E-2
3.365912977E1,4.559331834E-1,9.310411215E-1,-9.587380104E-3
3.367921003E1,2.237055302E-1,1.112668753E0,1.012001261E-1
3.369929028E1,-1.571265012E-1,7.984157205E-1,1.794970632E-1
3.371937054E1,-9.960222989E-2,-9.587380290E-2,2.194444835E-1
3.373945079E1,-1.917476021E-2,-4.356931746E-1,2.897519469E-1
3.375953105E1,-1.459412277E-1,8.522115648E-2,3.376888335E-1
3.377961130E1,-3.749730885E-1,7.275756001E-1,3.147856593E-1
3.379969156E1,-3.824299276E-1,8.138620257E-1,3.291667104E-1
3.381977181E1,-2.514024079E-1,7.334345579E-1,4.697816372E-1
3.383985207E1,-1.448759735E-1,6.301039457E-1,6.593986750E-1
3.385993232E1,-1.608549356E-1,3.920173049E-1,8.090683818E-1
3.388001258E1,-1.965412945E-1,1.187769845E-1,8.378304839E-1
3.390009283E1,-1.992044598E-1,9.161274135E-2,7.201187611E-1
3.392017309E1,-1.976065636E-1,3.941478431E-1,4.729774296E-1
3.394025334E1,-2.412824035E-1,9.704559445E-1,1.731054783E-1
3.396033360E1,-3.733751774E-1,1.426921725E0,2.013349831E-1
3.398041385E1,-5.044026971E-1,1.447694421E0,5.358279943E-1
3.400046359E1,-5.683186054E-1,1.205346704E0,7.073355913E-1
3.402057436E1,-4.649879336E-1,8.884305358E-1,7.078682184E-1
3.404065462E1,-4.889563918E-1,6.434197426E-1,3.057309091E-1
3.406073487E1,-6.258428693E-1,9.102684855E-1,-2.306297570E-1
3.408081513E1,-7.627293468E-1,1.430117488E0,-8.058725595E-1
3.410083435E1,-7.286409140E-1,1.617604017E0,-1.449824929E0
3.412091460E1,-2.913498282E-1,1.414138556E0,-1.837048531E0
3.414102538E1,-2.929477207E-2,1.204814076E0,-2.030394077E0
3.416107512E1,1.613875628E-1,1.498294473E0,-2.131594181E0
3.418112485E1,4.452805519E-1,2.076733112E0,-2.217880487E0
3.420120511E1,8.314388990E-1,2.486327171E0,-2.287655354E0
3.422128536E1,1.443433285E0,2.999784708E0,-2.204032183E0
3.424136562E1,2.716424465E-1,1.775263190E0,-1.783785343E0
3.426144587E1,-7.456851192E-3,6.141249537E-1,-1.463140726E0
3.428152613E1,-1.379517466E-1,4.447479248E-1,-1.449824929E0
3.430160638E1,-5.097290277E-1,6.135923266E-1,-1.315068960E0
3.432168664E1,-6.908239722E-1,2.711097896E-1,-1.075384498E0
3.434176689E1,-7.984157205E-1,8.522115648E-2,-8.037420511E-1
3.436184715E1,-8.064051867E-1,8.554073572E-1,-7.771103978E-1
3.438192740E1,-6.013417840E-1,2.272209167E0,-8.905611038E-1
3.440200766E1,-4.495415986E-1,1.984587669E0,-1.105744481E0
3.442208791E1,-6.242449880E-1,1.048752904E0,-1.143028736E0
3.444216817E1,-7.424893379E-1,-2.396845073E-2,-8.894958496E-1
3.446224843E1,-6.476807594E-1,-2.993393242E-1,-6.205165386E-1
3.448232868E1,-5.400890708E-1,1.342233270E-1,-4.175836742E-1
3.450240894E1,-4.548679292E-1,7.158577442E-1,-1.906823367E-1
3.452248919E1,-4.175836742E-1,1.034904361E0,1.294296384E-1
3.454259996E1,-4.458131790E-1,1.189367771E0,4.442152679E-1
3.456268022E1,-4.532700181E-1,1.376854300E0,7.850999236E-1
3.458276047E1,-3.994741738E-1,1.630919933E0,1.182976127E0
3.460284073E1,-2.673813701E-1,1.800296903E0,1.539307117E0
3.462289047E1,-1.651159860E-2,1.718804240E0,1.935052872E0
3.464297072E1,5.060006380E-1,1.333178520E0,2.340385914E0
3.466305098E1,9.209211469E-1,3.669835925E-1,2.584331512E0
3.468310071E1,9.470201135E-1,-1.163268805E0,2.608832598E0
3.470315045E1,1.071123362E0,-1.964880347E0,2.202434301E0
3.472323071E1,1.369397402E0,-5.805691481E-1,1.928661346E0
3.474331096E1,1.202150941E0,9.965549111E-1,1.886583328E0
3.476336070E1,6.231797338E-1,1.443965912E0,1.825330615E0
3.478334940E1,9.960222989E-2,1.781654835E0,1.161138296E0
3.480333811E1,-7.243798673E-2,3.143595457E0,-2.444781959E-1
3.482332681E1,-1.379517466E-1,4.793157578E0,-1.952097058E0
3.484334603E1,-2.641855776E-1,1.921737075E0,-3.249056578E0
3.486336525E1,4.671184719E-1,6.237123609E-1,-3.501524210E0
3.488344551E1,3.510046303E-1,3.978762627E-1,-3.621899128E0
3.490352576E1,-6.348975897E-1,-2.137453079E0,-3.151052237E0
3.492357550E1,-1.728391528E0,-3.234142780E0,-1.859419107E0
3.494365576E1,-2.170476437E0,-2.934270859E0,-5.656554103E-1
3.496373601E1,-1.727858901E0,-1.628256679E0,1.331580579E-1
3.498378575E1,-5.464806557E-1,1.182443574E-1,2.002697140E-1
3.500386600E1,6.348975897E-1,1.588309288E0,9.587380290E-2
3.502394626E1,1.096157074E0,2.039448738E0,-1.225054078E-2
3.504402651E1,9.901633263E-1,1.837581158E0,1.619201899E-1
3.506410677E1,8.500810266E-1,1.478054404E0,5.672533512E-1
3.508418702E1,1.065797091E0,8.239820600E-1,8.064051867E-1
3.510426728E1,9.342369437E-1,1.965412945E-1,7.680556774E-1
3.512434754E1,1.283643693E-1,-2.503371537E-1,5.901564956E-1
3.514442779E1,-5.837649107E-1,3.637878001E-1,6.572681665E-1
3.516450805E1,-8.564726114E-1,1.401888013E0,7.888283134E-1
3.518458830E1,-1.002413869E0,1.445563912E0,5.310343504E-1
3.520466856E1,-9.661948681E-1,4.479437172E-1,3.153182864E-1
3.522474881E1,-7.105314136E-1,-4.010720551E-1,4.729774296E-1
3.524482907E1,-3.344930410E-1,-5.187838078E-1,6.348975897E-1
3.526490932E1,-3.036003746E-2,-1.810949668E-2,5.757754445E-1
3.528498958E1,1.651159860E-2,8.804410696E-1,4.362258017E-1
3.530506983E1,-1.278317347E-2,1.925998092E0,2.844256163E-1
3.532515009E1,8.255799860E-2,2.967294216E0,1.528654546E-1
3.534523034E1,9.054747969E-2,3.608050823E0,8.468852192E-2
3.536531060E1,-1.139832959E-1,3.577690601E0,7.510114461E-2
3.538536033E1,-3.531351686E-1,3.067429066E0,1.533980817E-1
3.540547111E1,-4.538026452E-1,2.286590099E0,2.247707993E-1
3.542552084E1,-3.664509654E-1,1.448759675E0,1.715075821E-1
3.544560110E1,-2.109223604E-1,8.575378656E-1,3.834952042E-2
3.546568135E1,-2.290318608E-1,6.562029123E-1,-1.757686399E-2
3.548573109E1,-3.925499618E-1,8.452873230E-1,-3.888215125E-2
3.550578083E1,-4.878911078E-1,1.359277487E0,-1.102548689E-1
3.552580005E1,-4.298342168E-1,1.867408633E0,-2.189118415E-1
3.554588031E1,-3.701793849E-1,2.116147757E0,-2.705771625E-1
3.556596056E1,-4.372910559E-1,2.075135231E0,-2.945456207E-1
3.558604082E1,-5.747101903E-1,1.860484362E0,-4.617921412E-1
3.560612107E1,-6.082659960E-1,1.980859280E0,-7.771103978E-1
3.562620133E1,-6.151902080E-1,2.523078918E0,-1.339037418E0
3.564628158E1,-1.148887753E0,4.960936546E0,-2.262089014E0
3.566633132E1,-3.377953529E0,8.216917038E0,-3.592071772E0
3.568641158E1,-2.465554476E0,6.711165905E0,-3.854126692E0
3.570649183E1,-1.649029374E0,2.822418213E0,-3.798732996E0
3.572657208E1,-1.608016729E0,5.028048158E-1,-3.923368931E0
3.574665234E1,-1.692172647E0,9.677927494E-1,-3.641073942E0
3.576673260E1,-1.530252337E0,2.329200745E0,-2.842658281E0
3.578681285E1,-1.243696213E0,2.586462021E0,-2.063949823E0
3.580689310E1,-1.274588943E0,1.691107273E0,-1.848233819E0
3.582694284E1,-1.415736437E0,4.426173866E-1,-1.891377091E0
3.584702310E1,-1.270860553E0,-7.510114312E-1,-2.002164602E0
3.586710335E1,-1.416801691E0,-7.195861340E-1,-2.075135231E0
3.588718361E1,-1.418399572E0,5.763080716E-1,-1.847168565E0
3.590726386E1,-9.571400881E-1,1.695368409E0,-1.637844086E0
3.592734412E1,-5.667206645E-1,1.983522415E0,-1.727326274E0
3.594742437E1,-5.901564956E-1,1.298024774E0,-1.867408633E0
3.596750463E1,-7.339671850E-1,3.243730366E-1,-1.715075731E0
3.598761540E1,-6.977482438E-1,8.149272949E-2,-1.408812284E0
3.600769566E1,-5.134574771E-1,5.054680109E-1,-1.117462397E0
3.602777591E1,-3.515372574E-1,8.697884083E-1,-8.490157723E-1
3.604785617E1,-2.998719513E-1,8.159925938E-1,-5.001416802E-1
3.606790590E1,-2.743056118E-1,2.663161159E-1,-2.221076339E-1
3.608798616E1,-2.993393242E-1,-4.207794741E-2,-6.391586363E-2
3.610806642E1,-2.950782478E-1,-1.230380461E-1,5.060006306E-2
3.612811615E1,-2.391518652E-1,-2.556634694E-2,2.391518652E-1
3.614819641E1,-1.416801661E-1,-1.171790902E-2,4.538026452E-1
3.616824615E1,-4.314320907E-2,-9.321063757E-2,5.933523178E-1
3.618832640E1,8.042746782E-2,-1.965412945E-1,6.050702333E-1
3.620840666E1,2.221076339E-1,-7.723167539E-2,5.592638254E-1
3.622848691E1,3.094593287E-1,2.892192900E-1,5.587311983E-1
3.624856717E1,3.888215125E-2,2.668487430E-1,6.269081235E-1
3.626864742E1,-1.677791476E-1,-3.510046303E-1,7.419567108E-1
3.628869716E1,-1.645833552E-1,-3.483414650E-1,7.275756001E-1
3.630877741E1,-1.422128081E-1,5.129248500E-1,6.157228351E-1
3.632882715E1,-3.568635881E-1,1.023719192E0,5.688512325E-1
3.634887689E1,-2.402171344E-1,7.030745149E-1,2.146507949E-1
3.636895714E1,-7.829693705E-2,3.749730885E-1,7.137271762E-2
3.638900688E1,-2.732403278E-1,6.902913451E-1,2.487392575E-1
3.640908714E1,3.249056637E-2,2.002697140E-1,7.547398806E-1
3.642916739E1,2.604571581E-1,-1.039165497E0,1.308677435E0
3.644924765E1,1.123853996E-1,-6.732471585E-1,1.794438004E0
3.646932790E1,2.178465873E-1,7.467503548E-1,1.892442346E0
3.648940816E1,1.789644361E-1,1.161138296E0,1.720934749E0
3.650945790E1,2.077265643E-2,9.432916641E-1,1.421595454E0
3.652953815E1,1.288969964E-1,1.097222418E-1,1.417334318E0
3.654958789E1,2.790992856E-1,-6.844323874E-1,1.699096799E0
3.656966814E1,3.408846259E-1,-1.056209683E0,1.815210581E0
3.658974840E1,4.394215941E-1,-9.949570298E-1,1.676726222E0
3.660976762E1,4.958806038E-1,-6.993461251E-1,1.506283998E0
3.662978684E1,4.122573435E-1,-4.340952635E-1,1.449824929E0
3.664977555E1,2.284992188E-1,-3.355583176E-2,1.372593284E0
3.666982528E1,1.693770438E-1,4.564658105E-1,1.267132044E0
3.668981399E1,2.977414131E-1,1.090830803E0,1.350222707E0
3.670989424E1,4.229099751E-1,1.495098710E0,1.464738607E0
3.672994398E1,3.169161677E-1,1.340102673E0,1.482315540E0
3.674987165E1,1.267664731E-1,7.286409140E-1,1.407214403E0
3.676986035E1,7.137271762E-2,-3.249056637E-1,1.202150941E0
3.678987957E1,7.243798673E-2,-1.063133955E0,1.109472990E0
3.680980724E1,1.257012039E-1,-1.457814455E0,1.050883412E0
3.682973491E1,2.290318608E-1,-1.533448219E0,9.715211987E-1
3.684969310E1,2.902845740E-1,-1.352353215E0,8.809736967E-1
3.686965129E1,2.924150825E-1,-1.018925428E0,7.691209316E-1
3.688960947E1,2.391518652E-1,-5.624596477E-1,5.693838596E-1
3.690959818E1,2.071939409E-1,-3.067961633E-1,4.213120937E-1
3.692961740E1,3.861583769E-1,3.371562064E-1,2.961435318E-1
3.694963662E1,5.049353242E-1,1.030110717E0,2.806971967E-1
3.696962532E1,4.026699662E-1,1.553688169E0,2.892192900E-1
3.698970558E1,2.130528912E-2,1.802427411E0,3.078614175E-1
3.700975532E1,-1.139832959E-1,1.230913043E0,3.547330499E-1
3.702980505E1,-1.278317347E-2,5.283711553E-1,5.800365210E-1
3.704985479E1,-1.704423130E-2,2.055960447E-1,7.376956344E-1
3.706984350E1,-4.953479767E-2,1.512675583E-1,7.659251690E-1
3.708983220E1,-7.030745596E-2,3.643204570E-1,7.009440064E-1
3.710979039E1,-9.587380290E-2,5.976133347E-1,5.038700700E-1
3.712980961E1,-1.336906850E-1,6.519418359E-1,3.584614992E-1
3.714979831E1,-1.230380461E-1,5.203816891E-1,3.387540877E-1
3.716975650E1,-6.338323653E-2,4.916195571E-1,4.303668439E-1
3.718971468E1,7.989482954E-3,5.065332651E-1,5.613943934E-1
3.720967287E1,5.432848632E-2,4.495415986E-1,5.928196907E-1
3.722966157E1,6.018744037E-2,3.259709179E-1,5.566006899E-1
3.724968080E1,5.699164793E-2,1.086569726E-1,4.767058492E-1
3.726960847E1,7.243798673E-2,-5.805691332E-2,3.057309091E-1
3.728959717E1,-7.403588295E-2,-7.882957160E-2,-1.331580579E-1
3.730964691E1,-5.986786485E-1,-7.243798673E-2,-6.391586661E-1
3.732960509E1,-1.070058107E0,2.258360684E-1,-9.928264618E-1
3.734956328E1,-9.422264099E-1,4.543353021E-1,-1.233576298E0
3.736958250E1,-6.295713186E-1,4.724447727E-1,-1.597364068E0
3.738954069E1,-4.761732221E-1,7.568703890E-1,-2.099103689E0
3.740949887E1,-5.123922229E-1,8.575378656E-1,-2.422944069E0
3.742948758E1,-8.570052385E-1,7.408914566E-1,-2.618420124E0
3.744938473E1,-1.159007788E0,1.040763378E0,-2.703108549E0
3.746937344E1,-4.724447727E-1,2.765426636E0,-2.768622398E0
3.748936214E1,1.326786876E0,4.726578236E0,-3.024818420E0
3.750941188E1,2.551308274E-1,4.791559696E0,-3.296460867E0
3.752946161E1,-1.725728363E-1,7.547398806E-1,-2.937466621E0
3.754948084E1,-2.178465873E-1,-2.912965536E0,-2.273807049E0
3.756953057E1,-5.832322836E-1,-3.009904623E0,-2.106560469E0
3.758951928E1,-7.408914566E-1,6.343649626E-1,-2.087918282E0
3.760956902E1,-6.924218684E-2,1.463140726E0,-2.009621382E0
3.762955772E1,-7.989483327E-2,8.538094759E-1,-1.920671821E0
3.764951590E1,-2.833603323E-1,-3.137203753E-1,-1.792840123E0
3.766944358E1,-1.874865443E-1,-1.193628788E0,-1.505218625E0
3.768949331E1,-6.977482140E-2,-1.088167667E0,-9.944243431E-1
3.770951253E1,2.663161233E-2,-6.705839634E-1,-4.378236830E-1
3.772953175E1,1.347559541E-1,-5.805691332E-2,-6.125270575E-2
3.774952046E1,2.455434501E-1,5.858954787E-1,1.193096191E-1
3.776950916E1,3.739078343E-1,8.884305358E-1,3.036003709E-1
3.778943683E1,5.075985193E-1,8.149272799E-1,5.390238166E-1
3.780942554E1,6.061354876E-1,6.854977012E-1,7.717841268E-1
3.782938372E1,7.153250575E-1,3.605920076E-1,1.133441329E0
3.784937243E1,6.636597514E-1,-3.217098713E-1,1.530784965E0
3.786936113E1,5.566006899E-1,-1.671399951E0,1.650627255E0
3.788938035E1,-5.326322466E-2,-1.327319503E0,1.540904999E0
3.790933854E1,1.693770438E-1,1.071123362E0,1.489239693E0
3.792926621E1,9.757822156E-1,3.398193717E-1,1.105211854E0
3.794919388E1,5.363606811E-1,-4.005394280E-1,1.194161415E0
3.796912155E1,4.660531878E-1,-1.022653818E0,1.307079434E0
3.798904922E1,2.024002522E-1,-9.896306992E-1,1.294296265E0
3.800897688E1,1.810949668E-2,-1.015197039E0,1.382180691E0
3.802887404E1,-1.651159860E-2,-9.592706561E-1,1.478587031E0
3.804883222E1,-1.086569726E-1,-7.041398287E-1,1.536111355E0
3.806882093E1,-2.087918371E-1,-9.001484513E-2,1.569134593E0
3.808887067E1,7.563377917E-2,1.107875034E-1,1.641039848E0
3.810885937E1,2.519350350E-1,-4.378236830E-1,1.736913681E0
3.812887859E1,1.597896665E-1,-1.117995024E0,1.769404292E0
3.814889781E1,7.190535218E-2,-1.299090028E0,1.620799899E0
3.816888652E1,1.491370238E-2,-1.237304688E0,1.404018521E0
3.818890574E1,-5.326322466E-2,-1.238369942E0,1.241565704E0
3.820886392E1,-9.001484513E-2,-1.301220536E0,1.111070871E0
3.822888314E1,-4.048004746E-2,-1.270327806E0,1.049818158E0
3.824884133E1,1.123853996E-1,-1.243696213E0,9.720538259E-1
3.826886055E1,3.185140789E-1,-1.238902569E0,7.755125165E-1
3.828884926E1,4.452805519E-1,-1.140898228E0,5.752428174E-1
3.830877693E1,5.044026971E-1,-7.568703890E-1,3.643204570E-1
3.832870459E1,4.751079381E-1,-7.989482954E-3,2.055960447E-1
3.834860175E1,4.090615511E-1,9.486179948E-1,1.454086006E-1
3.836852942E1,4.591289759E-1,1.715608358E0,2.221076339E-1
3.838845709E1,5.826996565E-1,1.959553957E0,4.122573435E-1
3.840841527E1,7.387608886E-1,1.752359986E0,5.336974859E-1
3.842846501E1,2.407497615E-1,6.721818447E-1,8.159925938E-1
3.844848423E1,6.178534031E-2,-8.873652816E-1,9.283779860E-1
3.846853397E1,3.350256681E-1,-1.396029115E0,8.937568665E-1
3.848849216E1,3.973436356E-1,-8.127967715E-1,7.936220169E-1
3.850851138E1,2.316950262E-1,8.522115648E-3,7.068029642E-1
3.852853060E1,1.810949594E-1,4.607268870E-1,7.403587699E-1
3.854851930E1,2.189118415E-1,4.255731404E-1,8.761799932E-1
3.856847749E1,2.860234976E-1,1.805623323E-1,9.789780378E-1
3.858840516E1,3.073287904E-1,-1.768338978E-1,8.788431883E-1
3.860836334E1,2.716424465E-1,-3.217098713E-1,5.874933600E-1
3.862838256E1,1.193096191E-1,-3.227751255E-1,4.431500137E-1
3.864843230E1,-1.033306494E-1,-4.708468914E-1,3.312972486E-1
3.866845152E1,-1.438107044E-1,-7.185208797E-1,1.171790902E-2
3.868847075E1,0.000000000E0,-7.936220169E-1,-4.735100567E-1
3.870855100E1,-1.166464612E-1,-3.723099232E-1,-1.006674886E0
3.872857022E1,-8.905611038E-1,9.906959534E-2,-1.435976505E0
3.874858944E1,-1.432248116E0,3.627225459E-1,-1.496696591E0
3.876866970E1,-1.612810373E0,1.262338310E-1,-1.388572216E0
3.878868892E1,-1.457814455E0,-6.396912932E-1,-1.626658797E0
3.880870814E1,-9.203884602E-1,-1.287904739E0,-1.874865413E0
3.882872736E1,-5.001416802E-1,-1.984587669E0,-2.294579744E0
3.884877710E1,-5.587311983E-1,-2.038383484E0,-2.590723038E0
3.886879632E1,-7.632619739E-1,1.928128600E-1,-2.711630583E0
3.888881554E1,-7.776430249E-1,2.661030531E0,-2.965696335E0
3.890880424E1,-1.901497096E-1,3.303385019E0,-3.125485897E0
3.892876243E1,1.080710769E0,1.586711407E0,-3.022687912E0
3.894878165E1,9.816411734E-1,1.597896684E-3,-2.351038694E0
3.896870932E1,-1.139832959E-1,-7.456851006E-1,-2.046905756E0
3.898875906E1,2.343581803E-2,-6.556702852E-1,-2.062884569E0
3.900871724E1,3.403519988E-1,-1.246359423E-1,-2.143311977E0
3.902867543E1,3.707120419E-1,2.806971967E-1,-2.223206997E0
3.904860310E1,2.657834888E-1,4.649879336E-1,-2.218945980E0
3.906853077E1,2.881540358E-1,4.186489284E-1,-2.018143415E0
3.908842792E1,3.834952116E-1,-3.696467578E-1,-1.511610270E0
3.910835559E1,3.936152160E-1,-1.250087857E0,-8.484831452E-1
3.912828326E1,4.362258017E-1,-1.254881501E0,-2.423476577E-1
3.914821093E1,4.932174385E-1,-6.492787004E-1,4.367584363E-2
3.916823015E1,4.516721368E-1,-7.350324839E-2,1.198422536E-1
3.918815782E1,3.744404614E-1,5.278385282E-1,3.733751774E-1
3.920814653E1,3.930825889E-1,8.186557293E-1,6.412891746E-1
3.922816575E1,4.282363057E-1,2.636529505E-1,8.777779341E-1
3.924812393E1,4.665858448E-1,-6.471481323E-1,1.235174179E0
3.926805160E1,3.536677957E-1,-7.478156686E-1,1.689509392E0
3.928797927E1,8.894958347E-2,-1.640507281E-1,2.002697229E0
3.930787643E1,5.709817410E-1,-2.663161233E-2,2.017078161E0
3.932780410E1,2.269013226E-1,1.687378883E0,1.607484102E0
3.934776228E1,5.246427655E-1,3.515372574E-1,1.375789046E0
3.936768995E1,-1.123853996E-1,-4.351605177E-1,1.390702724E0
3.938761762E1,8.894958347E-2,-7.648598552E-1,1.611212492E0
3.940757581E1,2.290318608E-1,-6.157228351E-1,1.775795817E0
3.942756451E1,-6.924218964E-3,-1.486043930E-1,1.621332526E0
3.944749218E1,-2.306297570E-1,-2.876213938E-2,1.108940244E0
3.946745037E1,-3.467435837E-1,-2.130528912E-3,1.021055937E0
3.948743907E1,-2.822950780E-1,-2.439455539E-1,1.110005617E0
3.950742778E1,-2.514024079E-1,-5.507417321E-1,1.083906531E0
3.952747751E1,-3.755057156E-1,-8.506136537E-1,1.145159245E0
3.954743570E1,-4.175836742E-1,-1.225054145E0,1.138235092E0
3.956742440E1,-3.025351167E-1,-1.412008047E0,1.064199209E0
3.958747414E1,-7.882957160E-2,-1.303883672E0,1.037567616E0
3.960752388E1,2.077265680E-1,-9.827064872E-1,1.190965652E0
3.962757362E1,4.942827225E-1,-5.571333170E-1,1.274588943E0
3.964759284E1,7.398261428E-1,-1.667138934E-1,1.169127703E0
3.966761206E1,9.496832490E-1,3.328951299E-1,9.486179948E-1
3.968763128E1,1.068992853E0,1.013066530E0,7.163903713E-1
3.970771154E1,1.070058107E0,1.878061295E0,4.990763962E-1
3.972776127E1,8.490157723E-1,2.786199093E0,3.243730366E-1
3.974778049E1,-5.912217870E-2,4.212588310E0,3.680488765E-1
3.976786075E1,-9.145295620E-1,3.836549997E0,3.153182864E-1
3.978791049E1,-3.850930929E-1,1.645833611E0,2.577939928E-1
3.980799074E1,-8.948221803E-2,-6.812366247E-1,5.773733258E-1
3.982804048E1,6.444849819E-2,-1.598429322E0,8.223841786E-1
3.984809022E1,2.093244642E-1,-5.853627920E-1,9.486179948E-1
3.986817047E1,7.776430249E-2,7.595335841E-1,9.853696227E-1
3.988822021E1,-2.071939409E-1,9.816411734E-1,9.480853677E-1
3.990826995E1,-1.560612470E-1,7.664577961E-1,8.724516034E-1
3.992822814E1,1.022653878E-1,5.842975378E-1,5.821670294E-1
3.994824736E1,-4.953479767E-2,1.496696621E-1,3.121224940E-1
3.996823606E1,-2.039981484E-1,-3.728425503E-2,1.390170157E-1
3.998819425E1,-2.514024079E-1,-1.997370869E-1,1.241033077E-1
4.000821347E1,-2.290318608E-1,-3.611246645E-1,7.510114461E-2
4.002823269E1,-1.826928556E-1,-3.467435837E-1,-8.096009493E-2
4.004825191E1,-5.805691332E-2,-1.113201380E-1,-4.127899706E-1
4.006824061E1,-1.299622655E-1,3.781688809E-1,-8.660600185E-1
4.008819880E1,-5.432848930E-1,6.402239203E-1,-1.408812284E0
4.010821802E1,-7.126619220E-1,5.299690962E-1,-1.843972802E0
4.012814569E1,-6.205165386E-1,3.984089196E-1,-2.009088755E0
4.014813440E1,-4.197141826E-1,1.778991669E-1,-2.224272251E0
4.016815362E1,-3.600593805E-1,-3.691141307E-1,-2.638127327E0
4.018820335E1,-4.889563918E-1,-3.872236311E-1,-2.959837198E0
4.020822257E1,-6.269081235E-1,8.122641444E-1,-3.065298557E0
4.022821128E1,-5.331648588E-1,2.240251064E0,-3.323625088E0
4.024826102E1,1.001348570E-1,2.658900023E0,-3.518568516E0
4.026831075E1,2.615224123E-1,2.033589840E0,-3.114300728E0
4.028832998E1,-1.874865443E-1,5.161206126E-1,-2.674879074E0
4.030831868E1,-2.311623842E-1,-7.595335841E-1,-2.295644999E0
4.032830738E1,-1.091896072E-1,-1.181910872E0,-2.088450909E0
4.034826557E1,-1.352885813E-1,-8.873652816E-1,-1.988848686E0
4.036831531E1,-2.897519469E-1,4.601942301E-1,-2.096440554E0
4.038836504E1,-5.273059011E-2,1.298024774E0,-2.218413115E0
4.040835375E1,5.592638254E-2,6.684534550E-1,-1.951564431E0
4.042837297E1,3.994741663E-2,-2.641855776E-1,-1.549427152E0
4.044845322E1,8.362326026E-2,-6.998787522E-1,-9.848369956E-1
4.046847244E1,1.107875034E-1,-6.498113275E-1,-1.656486243E-1
4.048852218E1,2.343581766E-1,-2.375539690E-1,5.358279943E-1
4.050857192E1,3.866910040E-1,1.709749401E-1,9.555422068E-1
4.052859114E1,4.463458061E-1,3.829625845E-1,1.323058486E0
4.054864088E1,4.351605177E-1,3.925499618E-1,1.625593543E0
4.056862959E1,2.498045117E-1,5.113269389E-2,2.095907927E0
4.058852674E1,2.577939928E-1,-1.178182483E0,2.531600952E0
4.060848492E1,2.743056118E-1,-7.813714743E-1,2.859702349E0
4.062844311E1,3.872236311E-1,2.128398418E0,3.273557663E0
4.064846233E1,1.163801432E0,-8.735168725E-2,3.684217215E0
4.066845104E1,4.154531285E-2,6.008091569E-1,2.539590359E0
4.068839679E1,1.107875034E-1,2.157160491E-1,1.398159623E0
4.070832446E1,8.788431436E-2,1.235706806E-1,1.221858382E0
4.072822160E1,5.326322280E-3,-6.711165905E-1,1.528121829E0
4.074817978E1,1.970739290E-2,-1.872734904E0,1.687378883E0
4.076813796E1,-1.912149638E-1,-2.612028360E0,1.313471079E0
4.078812666E1,-6.082659960E-1,-2.478337765E0,8.442220688E-1
4.080802381E1,-7.419567108E-1,-1.725195765E0,6.508765817E-1
4.082795147E1,-6.439523697E-1,-9.177253246E-1,7.382282615E-1
4.084787914E1,-3.664509654E-1,-5.289037824E-1,8.868326545E-1
4.086777628E1,-4.367584363E-2,-5.534048676E-1,1.066862345E0
4.088767343E1,2.647182047E-1,-7.499461770E-1,1.091896057E0
4.090763161E1,5.257080197E-1,-7.531419992E-1,9.246495366E-1
4.092758979E1,7.297061682E-1,-2.828277051E-1,6.828345060E-1
4.094748694E1,7.382282615E-1,4.085289240E-1,4.367584288E-1
4.096738408E1,5.651227832E-1,1.107342362E0,3.398193717E-1
4.098728123E1,3.627225459E-1,1.712945223E0,4.532700181E-1
4.100717838E1,2.535329461E-1,1.994707704E0,5.992112756E-1
4.102704501E1,1.012001261E-1,2.178998470E0,6.119944453E-1
4.104697267E1,-2.487392575E-1,1.685781002E0,4.266384244E-1
4.106686982E1,-2.295644879E-1,4.740426838E-1,1.970739216E-1
4.108688903E1,3.462109342E-2,-4.830974340E-1,3.312972486E-1
4.110693876E1,1.342233270E-1,-5.992112756E-1,7.211840153E-1
4.112701901E1,5.486112088E-2,-2.247707993E-1,1.038632870E0
4.114703823E1,0.000000000E0,1.816275865E-1,1.149953008E0
4.116711848E1,-1.331580617E-2,5.885586143E-1,1.090298176E0
4.118716821E1,-1.241033077E-1,7.435545921E-1,9.145295620E-1
4.120721794E1,-2.263686955E-1,2.838929892E-1,6.737797856E-1
4.122726767E1,-1.651159972E-1,-2.748382390E-1,4.937500656E-1
4.124731741E1,-3.728425503E-2,-3.163835406E-1,2.109223604E-1
4.126739766E1,-7.616640627E-2,-1.960086524E-1,-2.183792144E-1
4.128744739E1,-3.275688291E-1,-6.231797114E-2,-5.587311983E-1
4.130752764E1,-5.651227832E-1,2.093244642E-1,-8.559399843E-1
4.132757737E1,-6.695187092E-1,1.848233789E-1,-1.182976127E0
4.134759658E1,-5.736449361E-1,2.556634694E-2,-1.384843826E0
4.136764632E1,-4.756405652E-1,1.416801661E-1,-1.463140726E0
4.138769605E1,-3.840278387E-1,4.463458061E-1,-1.579787135E0
4.140777630E1,-2.796319127E-1,5.667206645E-1,-1.814145327E0
4.142779551E1,-3.653857112E-1,3.659183383E-1,-2.109756231E0
4.144781473E1,-6.466155052E-1,6.391586661E-1,-2.485794544E0
4.146786446E1,-7.366303802E-1,1.364603758E0,-2.802710772E0
4.148785316E1,-3.504720032E-1,1.897235990E0,-2.788329601E0
4.150781134E1,-3.036003746E-2,1.483913422E0,-2.443184137E0
4.152783055E1,-1.981391907E-1,4.058657587E-1,-2.164084673E0
4.154778874E1,-3.201119602E-1,-3.499393761E-1,-1.947303414E0
4.156774692E1,-3.355582952E-1,-2.247707993E-1,-1.833852768E0
4.158776613E1,-3.760383427E-1,3.462109342E-2,-1.864212751E0
4.160775483E1,-4.138552547E-1,-5.699164793E-2,-1.930791855E0
4.162777404E1,-5.480785370E-1,4.181163013E-1,-2.069808722E0
4.164779326E1,-5.060006380E-1,1.260207891E0,-2.275937557E0
4.166781247E1,-3.456783295E-1,1.171258211E0,-2.348375559E0
4.168780117E1,-3.201119602E-1,1.757686287E-1,-2.207760572E0
4.170782039E1,-3.488741219E-1,-7.147924304E-1,-1.951031804E0
4.172787012E1,-3.648530841E-1,-8.101336360E-1,-1.584048271E0
4.174785882E1,-3.158509135E-1,-3.771036267E-1,-1.128115058E0
4.176781700E1,-2.013349831E-1,3.067961633E-1,-7.174556255E-1
4.178786673E1,-7.137271762E-2,9.155948162E-1,-4.452805519E-1
4.180788594E1,4.687163606E-2,1.236772060E0,-1.699096859E-1
4.182790516E1,1.640507281E-1,1.220260382E0,1.821602285E-1
4.184786334E1,2.988066673E-1,1.064731836E0,6.317018270E-1
4.186779100E1,4.601942301E-1,8.490157723E-1,1.096157074E0
4.188777970E1,5.091964006E-1,7.329019308E-1,1.591505051E0
4.190776840E1,4.569984376E-1,-4.793690052E-3,2.066080332E0
4.192769606E1,1.411475390E-1,-9.805759192E-1,2.466619730E0
4.194759321E1,-4.154531360E-1,1.797101140E0,2.353701830E0
4.196752087E1,3.861583769E-1,2.292981625E0,2.102832079E0
4.198744854E1,8.958874345E-1,4.175836742E-1,1.971271873E0
4.200743724E1,-1.448759735E-1,-1.523860812E0,1.551025033E0
4.202736490E1,-2.354234457E-1,-2.537459850E0,1.113201380E0
4.204735360E1,-1.443433315E-1,-1.597364068E0,9.225190282E-1
4.206737281E1,-8.096009493E-2,-5.352953672E-1,1.252218366E0
4.208739203E1,2.024002373E-2,2.588592768E-1,1.359810114E0
4.210731969E1,4.261057824E-2,6.679208279E-1,1.253283620E0
4.212733891E1,3.195793182E-2,8.191883564E-1,1.022653818E0
4.214726657E1,1.438107044E-1,6.982808709E-1,1.085504532E0
4.216728578E1,1.954760253E-1,3.286340833E-1,1.328384757E0
4.218727448E1,2.242381722E-1,-8.628641814E-2,1.331047893E0
4.220723266E1,2.577939928E-1,-2.450108230E-1,1.219195127E0
4.222712981E1,2.945456207E-1,-1.012001187E-2,1.125451922E0
4.224702696E1,2.343581766E-1,3.179814517E-1,9.454222322E-1
4.226692410E1,1.496696621E-1,5.986786485E-1,8.484831452E-1
4.228685177E1,1.113201380E-1,6.743124127E-1,8.708537221E-1
4.230677943E1,1.395496428E-1,6.125270724E-1,7.962851524E-1
4.232667658E1,1.720402092E-1,4.836300611E-1,5.773733258E-1
4.234657372E1,1.219727769E-1,3.968110085E-1,3.930825889E-1
4.236653190E1,3.728425596E-3,3.579288721E-1,4.383563101E-1
4.238642905E1,-6.870955974E-2,2.583266199E-1,6.647250056E-1
4.240632620E1,-2.822950855E-2,1.581917703E-1,7.898935676E-1
4.242625386E1,1.129180342E-1,1.017327532E-1,6.317018270E-1
4.244615101E1,2.556634545E-1,2.141181529E-1,3.872236311E-1
4.246610919E1,3.222424984E-1,5.464806557E-1,1.837581247E-1
4.248603685E1,2.860234976E-1,1.199487805E0,-1.246359423E-1
4.250596452E1,4.846953228E-2,1.641039848E0,-2.503371537E-1
4.252586166E1,-2.098570913E-1,1.831722260E0,-2.732403278E-1
4.254575881E1,-3.499393761E-1,2.011751890E0,-3.025351167E-1
4.256574751E1,-4.106594622E-1,2.174204826E0,-2.732403278E-1
4.258570569E1,-4.165183902E-1,2.154497385E0,-1.603222936E-1
4.260575542E1,-3.557983339E-1,1.792307496E0,-1.012001261E-1
4.262577464E1,-2.748382390E-1,1.294296265E0,1.065264456E-2
4.264570230E1,-2.551308274E-1,9.789780378E-1,2.279665917E-1
4.266572152E1,-2.487392575E-1,8.910937309E-1,3.616572917E-1
4.268571021E1,-2.785666585E-1,9.555422068E-1,3.818973005E-1
4.270566839E1,-5.720469952E-1,8.426241875E-1,2.966761589E-1
4.272562658E1,-1.039698124E0,3.542004228E-1,2.577939928E-1
4.274558476E1,-1.255414128E0,7.989483327E-2,4.021373391E-1
4.276545138E1,-1.096689701E0,2.892192900E-1,5.736449361E-1
4.278534853E1,-6.865629554E-1,8.543421030E-1,4.676510990E-1
4.280524568E1,-1.912149638E-1,1.651159883E0,-5.912217870E-2
4.282514282E1,7.456851006E-2,2.335592270E0,-7.803062201E-1
4.284503997E1,2.194444835E-1,2.571015835E0,-1.454618573E0
4.286490660E1,5.773733258E-1,3.339604139E0,-1.821069598E0
4.288480375E1,-1.172323585E0,6.425675392E0,-1.748098969E0
4.290470089E1,-2.531068325E0,5.626194000E0,-2.286590099E0
4.292456752E1,-1.518534541E0,2.046373129E0,-2.579537868E0
4.294446467E1,-1.229315162E0,-6.173207760E-1,-2.794188738E0
4.296436182E1,-1.553688169E0,-3.818973005E-1,-2.815494061E0
4.298425896E1,-2.078863621E0,1.695901036E0,-2.756371737E0
4.300415611E1,-2.361691236E0,3.475425243E0,-2.542786360E0
4.302402274E1,-2.330265999E0,4.433097839E0,-2.136920452E0
4.304391989E1,-1.931324482E0,3.866909981E0,-1.637844086E0
4.306381703E1,-1.404551148E0,1.540904999E0,-1.089765549E0
4.308371418E1,-1.063133955E0,-4.005394280E-1,-5.603290796E-1
4.310361133E1,-8.831042051E-1,-8.218515515E-1,-1.954760253E-1
4.312350847E1,-7.930893898E-1,-5.672533512E-1,1.496696621E-1
4.314340562E1,-7.462177277E-1,1.198422536E-1,2.029328793E-1
4.316327225E1,-6.572681665E-1,9.203884602E-1,1.251685768E-1
4.318319991E1,-4.990763962E-1,1.348624825E0,7.989483327E-2
4.320312758E1,-2.498045117E-1,1.478587031E0,-1.065264456E-3
4.322302472E1,-6.125270575E-2,1.597896695E0,-6.551376730E-2
4.324289135E1,-1.576591432E-1,1.737446308E0,1.283643693E-1
4.326278850E1,-3.318298757E-1,1.326254249E0,4.665858448E-1
4.328268565E1,-3.259709179E-1,3.328951299E-1,8.937568665E-1
4.330258279E1,-1.315601617E-1,-5.326322317E-1,1.266066790E0
4.332254097E1,1.549959779E-1,-6.487460732E-1,1.429052234E0
4.334252967E1,4.388889670E-1,-4.154531285E-2,1.422660708E0
4.336242682E1,5.949501991E-1,9.981527925E-1,1.420530200E0
4.338235448E1,5.811017752E-1,1.890311718E0,1.584048271E0
4.340228215E1,4.761732221E-1,2.631735802E0,1.811482191E0
4.342217929E1,3.025351167E-1,2.911367655E0,1.865810752E0
4.344213747E1,4.314320907E-2,3.212837696E0,1.695901036E0
4.346203462E1,-3.568635881E-2,3.176618576E0,1.380050063E0
4.348193177E1,2.657834888E-1,2.776611805E0,9.438242912E-1
4.350185943E1,5.320996046E-1,2.153432131E0,3.994741738E-1
4.352181761E1,5.432848930E-1,1.203216195E0,-4.740426689E-2
4.354174528E1,3.669835925E-1,-2.599245310E-1,-5.651227832E-1
4.356182552E1,1.826928556E-1,-1.978196144E0,-1.079112887E0
4.358172267E1,-1.043959185E-1,-1.916410804E0,-1.321460605E0
4.360161982E1,-8.713863492E-1,8.410263062E-1,-9.880327582E-1
4.362157800E1,-1.028512836E0,4.016047120E-1,-9.528790712E-1
4.364156670E1,-7.536746264E-1,-1.075917125E0,-1.022121191E0
4.366158591E1,-1.837581247E-1,-9.203884602E-1,-1.188302517E0
4.368154409E1,-1.352885813E-1,-1.188835144E0,-1.351287961E0
4.370150227E1,-4.388889670E-1,-1.329982638E0,-1.004011750E0
4.372142994E1,-4.559331834E-1,-9.805759192E-1,-4.538026452E-1
4.374132708E1,-1.235706806E-1,-1.118527651E-1,4.580637068E-2
4.376128526E1,1.816275865E-1,4.591289759E-1,3.387540877E-1
4.378124344E1,2.199771106E-1,6.338323355E-1,3.978762627E-1
4.380117111E1,-3.781688958E-2,3.685815036E-1,3.078614175E-1
4.382109877E1,-5.645901710E-2,3.440804183E-1,3.659183383E-1
4.384099592E1,3.398193717E-1,5.475459099E-1,5.837649107E-1
4.386098462E1,1.112668753E0,1.559014559E0,8.452873230E-1
4.388091228E1,1.649562001E0,2.829342365E0,9.550095797E-1
4.390080943E1,1.119060278E0,2.778742313E0,5.550028086E-1
4.392073709E1,9.108011425E-2,2.526274681E0,1.464738697E-1
4.394066476E1,-7.403587699E-1,2.010154009E0,6.125270575E-2
4.396056190E1,-9.321063757E-1,1.575526118E0,1.464738697E-1
4.398045905E1,-7.701861858E-1,9.416937828E-1,1.837581247E-1
4.400035620E1,-5.427522659E-1,1.198422536E-1,2.466087192E-1
4.402022282E1,-3.211772442E-1,-3.318298757E-1,3.920173049E-1
4.404011997E1,-2.428802997E-1,-2.822950780E-1,4.836300611E-1
4.406001712E1,-2.439455539E-1,3.089267015E-1,4.442152679E-1
4.407991426E1,-1.949433982E-1,1.132376075E0,3.004045784E-1
4.409981141E1,-4.207794741E-2,1.737446308E0,1.778991669E-1
4.411973907E1,8.575379103E-2,2.087385654E0,1.613875628E-1
4.413966674E1,2.567287385E-1,2.489522934E0,1.358212233E-1
4.415965544E1,3.126551211E-1,2.831472874E0,-2.663161140E-3
4.417955258E1,2.066612989E-1,3.050917387E0,-1.049285457E-1
4.419951076E1,-4.154531285E-2,3.108974218E0,-9.960222989E-2
4.421940791E1,-5.699164867E-1,2.302569151E0,6.072007492E-2
4.423939661E1,-5.805691481E-1,9.092032313E-1,1.747033745E-1
4.425932427E1,-2.039981484E-1,1.810949668E-2,3.115898669E-1
4.427925194E1,2.663161140E-3,5.326322280E-3,3.664509654E-1
4.429917960E1,-1.049285457E-1,6.578007936E-1,2.055960447E-1
4.431910726E1,-3.515372574E-1,1.210140467E0,6.657902896E-2
4.433906544E1,-4.633900523E-1,1.439704895E0,-2.343581803E-2
4.435911518E1,-4.319647253E-1,1.420530200E0,-8.575379103E-2
4.437910387E1,-4.250405133E-1,1.211738348E0,-9.321063757E-2
4.439906206E1,-4.239752591E-1,1.000283360E0,1.171790902E-2
4.441905075E1,-3.930825889E-1,9.326390028E-1,1.635181010E-1
4.443897842E1,-3.659183383E-1,8.298410177E-1,3.062635362E-1
4.445890608E1,-3.105245829E-1,6.183860302E-1,3.776362538E-1
4.447892530E1,-1.070590764E-1,4.154531360E-1,4.143878818E-1
4.449888348E1,1.565938741E-1,3.414172530E-1,4.149205089E-1
4.451881114E1,1.427454352E-1,1.012001261E-1,2.998719513E-1
4.453870829E1,-2.684466541E-1,1.187769845E-1,1.704423130E-2
4.455860543E1,-7.185208797E-1,6.530070901E-1,-3.387540877E-1
4.457853310E1,-1.102016091E0,1.176051974E0,-7.504788041E-1
4.459843024E1,-1.487641811E0,1.516403913E0,-1.390170097E0
4.461832739E1,-1.586711407E0,1.832787514E0,-2.069276094E0
4.463822454E1,-1.409344912E0,2.128931046E0,-2.560363054E0
4.465815220E1,-1.297492146E0,2.574744225E0,-2.704706430E0
4.467804935E1,-1.159007788E0,3.004045725E0,-2.597647429E0
4.469797701E1,-9.049421549E-1,3.234675407E0,-2.425074577E0
4.471784364E1,-5.880259871E-1,2.631735802E0,-2.466087103E0
4.473777130E1,-6.695187092E-1,1.788046360E0,-2.691390753E0
4.475769897E1,-5.853627920E-1,1.399224877E0,-2.690858126E0
4.477762663E1,-3.707120419E-1,1.047687650E0,-2.464489222E0
4.479752378E1,-3.195793331E-1,7.467503548E-1,-2.327602863E0
4.481742092E1,-2.785666585E-1,7.882956862E-1,-2.331331253E0
4.483734859E1,-1.917476058E-1,1.043959141E0,-2.293514490E0
4.485724574E1,-7.989483327E-2,1.211738348E0,-2.177933216E0
4.487714288E1,-1.177117229E-1,1.112136126E0,-2.068210840E0
4.489707055E1,-9.267801046E-2,5.816344023E-1,-2.060221434E0
4.491696769E1,-4.101268202E-2,-2.071939409E-1,-2.129996300E0
4.493689536E1,3.728425596E-3,-7.163903713E-1,-1.888181210E0
4.495685354E1,9.214537591E-2,-9.757822156E-1,-1.436509132E0
4.497681172E1,1.944107562E-1,-1.115864515E0,-1.010403395E0
4.499680042E1,2.588592768E-1,-9.683253765E-1,-6.556702852E-1
4.501672808E1,1.992044598E-1,-5.677859783E-1,-3.600593805E-1
4.503662523E1,5.752427876E-2,-1.507349163E-1,2.663161140E-3
4.505655289E1,1.597896684E-3,-3.195793182E-2,3.600593805E-1
4.507645004E1,6.338323653E-2,1.597896591E-2,5.667206645E-1
4.509637770E1,1.853560209E-1,8.575379103E-2,6.609966159E-1
4.511633588E1,3.259709179E-1,2.588592768E-1,9.129316211E-1
4.513623303E1,2.716424465E-1,3.595267534E-1,1.311340570E0
4.515613017E1,2.231729031E-1,-3.536677957E-1,1.784850597E0
4.517605784E1,3.073287904E-1,-1.140365601E0,2.012817144E0
4.519592447E1,1.091896072E-1,6.886934638E-1,1.985120296E0
4.521585213E1,7.222493291E-1,2.034122467E0,2.010686636E0
4.523577980E1,8.468852639E-1,5.384911895E-1,2.012284517E0
4.525570746E1,9.374327213E-2,-1.022653878E-1,1.891377091E0
4.527560461E1,3.131877482E-1,-6.807039976E-1,1.634648323E0
4.529556278E1,1.805623323E-1,-8.788431883E-1,1.495098710E0
4.531545993E1,4.154531285E-2,-1.437574387E0,1.475923896E0
4.533532656E1,1.065264456E-3,-1.866343379E0,1.586178780E0
4.535522371E1,-7.084008306E-2,-1.743837953E0,1.507349253E0
4.537512086E1,2.290318534E-2,-1.212270975E0,1.351287961E0
4.539498748E1,2.210423797E-1,-8.426241875E-1,1.336906910E0
4.541488463E1,3.989415467E-1,-7.978830934E-1,1.439172268E0
4.543478178E1,5.603290796E-1,-8.804410696E-1,1.389104843E0
4.545464841E1,6.593986750E-1,-8.649947643E-1,1.125451922E0
4.547454555E1,6.061354876E-1,-5.576659441E-1,8.159925938E-1
4.549444270E1,3.781688809E-1,1.592570394E-1,6.854977012E-1
4.551430933E1,-4.900216311E-2,1.083906531E0,7.621967196E-1
4.553420648E1,-3.494067490E-1,1.112668753E0,9.363674521E-1
4.555413414E1,-2.359560728E-1,7.755125165E-1,1.082308650E0
4.557400077E1,2.178465873E-1,1.635181010E-1,1.139832973E0
4.559392843E1,4.836300611E-1,-8.293083906E-1,1.062601328E0
4.561382558E1,5.368933082E-1,-1.349157453E0,9.693906307E-1
4.563369221E1,4.522047639E-1,-1.173388839E0,9.092032313E-1
4.565358936E1,2.577939928E-1,-9.821738005E-1,8.293083906E-1
4.567345599E1,-2.130528912E-3,-9.379653335E-1,7.169229984E-1
4.569335313E1,8.522115648E-3,-7.334345579E-1,6.918892860E-1
4.571328080E1,1.810949594E-1,-5.715143681E-1,5.608617067E-1
4.573314743E1,3.675162494E-1,-3.659183383E-1,3.030677438E-1
4.575304457E1,4.554005563E-1,4.793690052E-3,1.560612470E-1
4.577294172E1,4.127899706E-1,6.285060048E-1,6.498113275E-2
4.579280835E1,2.018676102E-1,1.073253989E0,6.498113275E-2
4.581270550E1,5.326322280E-4,9.970875382E-1,1.842907518E-1
4.583257213E1,1.438106969E-2,3.989415467E-1,4.346278906E-1
4.585246927E1,1.241033077E-1,-2.402171344E-1,7.084008455E-1
4.587236642E1,2.343581766E-1,-5.267732739E-1,9.033442736E-1
4.589223305E1,2.359560728E-1,-3.904194236E-1,9.496832490E-1
4.591213020E1,9.374327213E-2,-1.038632840E-1,9.006810784E-1
4.593202734E1,-4.261057824E-2,8.948221803E-2,7.914915085E-1
4.595189397E1,-6.657902896E-2,2.396845073E-2,5.592638254E-1
4.597179112E1,-8.788431436E-2,-2.998719513E-1,2.908172011E-1
4.599168826E1,-8.948221803E-2,-6.838997602E-1,2.130528912E-2
4.601155489E1,5.379585549E-2,-5.635249019E-1,-2.940129936E-1
4.603145204E1,-5.752427876E-2,-1.209075153E-1,-8.884305358E-1
4.605134919E1,-6.146575809E-1,-1.608549356E-1,-1.308677435E0
4.607121582E1,-7.957525253E-1,-2.514024079E-1,-1.518001795E0
4.609111296E1,-8.229168057E-1,-2.844256163E-1,-1.440237522E0
4.611097959E1,-6.711165905E-1,-4.314320982E-1,-1.657018900E0
4.613090726E1,-3.909520507E-1,-4.894890189E-1,-2.052232027E0
4.615077389E1,-3.771036267E-1,-6.540724039E-1,-2.536394596E0
4.617067103E1,-7.584682703E-1,-5.635249019E-1,-2.970489979E0
4.619053766E1,-1.053013921E0,1.763012707E-1,-3.143062830E0
4.621043481E1,-1.137169838E0,1.119060278E0,-3.134540558E0
4.623033196E1,-1.496696621E-1,1.621865153E0,-3.071690083E0
4.625019858E1,1.108940244E0,1.339570045E0,-2.841593027E0
4.627009573E1,4.117247164E-1,1.788046360E0,-2.457032442E0
4.628999288E1,1.810949668E-2,3.557983339E-1,-2.203499556E0
4.630985951E1,1.603222936E-1,-1.234108925E0,-2.021872044E0
4.632975666E1,1.773665249E-1,-1.163801432E0,-1.960086584E0
4.634965380E1,1.906823367E-1,-4.905542731E-1,-1.996838212E0
4.636952043E1,2.210423797E-1,-3.707120419E-1,-1.945172906E0
4.638941758E1,2.812298238E-1,-3.568635881E-1,-1.695901036E0
4.640931472E1,4.490089715E-1,-5.145227313E-1,-1.218129873E0
4.642918135E1,5.853627920E-1,-9.331716895E-1,-5.917543769E-1
4.644907850E1,6.796387434E-1,-1.112668753E0,-8.468852192E-2
4.646897565E1,6.977482438E-1,-9.480853677E-1,2.183792144E-1
4.648884228E1,6.434197426E-1,-4.261057973E-1,4.889563918E-1
4.650873942E1,6.194512844E-1,2.103897333E-1,7.158577442E-1
4.652863657E1,5.880259871E-1,8.021441102E-1,9.283779860E-1
4.654850320E1,3.962783813E-1,6.556702852E-1,1.216531992E0
4.656840035E1,1.976065636E-1,-1.853560209E-1,1.616538763E0
4.658829749E1,6.700513363E-1,-1.391767979E0,2.303101778E0
4.660816412E1,1.065797091E0,-1.558481932E0,2.724946499E0
4.662806127E1,8.474178910E-1,-1.549959779E-1,2.599777937E0
4.664795842E1,1.087635040E0,-7.270429730E-1,2.010686636E0
4.666782504E1,2.929477207E-2,5.129248500E-1,1.205879331E0
4.668772219E1,5.422195792E-1,1.547296643E0,1.254881501E0
4.670758882E1,1.016794920E0,8.495483994E-1,1.412008047E0
4.672748597E1,6.977482438E-1,3.472762108E-1,1.690574646E0
4.674738311E1,7.297061384E-2,-3.344930410E-1,1.724663138E0
4.676724974E1,-3.904194236E-1,-1.447694421E0,1.281513095E0
4.678714689E1,-7.227819562E-1,-1.915878177E0,9.688580036E-1
4.680704404E1,-6.998787522E-1,-1.451955438E0,9.209211469E-1
4.682694118E1,-4.458131790E-1,-7.978830934E-1,1.050350785E0
4.684691126E1,-2.418150306E-1,-8.628641963E-1,1.217597246E0
4.686680843E1,-3.515372798E-2,-1.471130252E0,1.129712939E0
4.688670561E1,2.093244642E-1,-1.940379262E0,1.049818158E0
4.690660278E1,4.783037305E-1,-1.981924534E0,9.603359103E-1
4.692646944E1,5.491438508E-1,-1.715075731E0,8.277105093E-1
4.694636661E1,4.857605994E-1,-6.961503029E-1,6.998787522E-1
4.696626378E1,5.512743592E-1,1.072188616E0,5.448827744E-1
4.698613044E1,6.476807594E-1,2.434661865E0,4.649879336E-1
4.700602762E1,5.954828262E-1,2.812830687E0,5.326322317E-1
4.702592479E1,4.884237647E-1,2.639192581E0,6.103965044E-1
4.704579145E1,4.356931746E-1,2.061819315E0,6.620618701E-1
4.706568862E1,2.711097896E-1,1.850364327E0,6.780408025E-1
4.708558580E1,-6.125270575E-2,1.256479383E0,6.593986750E-1
4.710545245E1,4.367584363E-2,7.456851006E-2,7.568703890E-1
4.712534963E1,2.423476577E-1,-1.022653818E0,7.046724558E-1
4.714524680E1,2.178465873E-1,-1.128647685E0,6.567355394E-1
4.716511346E1,1.731054783E-1,-5.459480286E-1,6.961503029E-1
4.718501063E1,1.858886480E-1,-9.800432622E-2,6.897587180E-1
4.720490781E1,1.533980817E-1,4.420847446E-2,6.109291911E-1
4.722480498E1,1.278317273E-1,7.616640627E-2,4.378236830E-1
4.724470215E1,6.870955974E-2,5.917543769E-1,2.668487430E-1
4.726456881E1,-1.784317940E-1,8.074704409E-1,2.034655064E-1
4.728446598E1,-2.625876963E-1,4.133225977E-1,1.800296903E-1
4.730436316E1,-1.422128081E-1,1.539307088E-1,1.304948926E-1
4.732422981E1,-9.108011425E-2,1.214401498E-1,-1.917476021E-2
4.734412699E1,-3.808320463E-1,1.470064968E-1,-2.631203234E-1
4.736402416E1,-7.659251690E-1,4.447479248E-1,-6.311691999E-1
4.738392134E1,-8.090683818E-1,1.127049804E0,-1.018925428E0
4.740381851E1,-8.282431364E-1,1.375256419E0,-1.311340570E0
4.742371569E1,-7.201187611E-1,1.047154903E0,-1.591505051E0
4.744358234E1,-4.756405652E-1,7.712514400E-1,-1.807753801E0
4.746347952E1,-3.568635881E-1,9.800432920E-1,-2.126800537E0
4.748337669E1,-4.532700181E-1,9.123989940E-1,-2.517752647E0
4.750330438E1,-7.110640407E-1,7.568703890E-1,-2.917759418E0
4.752320156E1,-8.410263062E-1,1.145691872E0,-3.369964123E0
4.754309873E1,-5.060006380E-1,1.820536971E0,-3.639476061E0
4.756299590E1,-8.788431436E-2,2.251969099E0,-3.622964382E0
4.758292359E1,-4.229099751E-1,1.658084154E0,-3.049319506E0
4.760279025E1,-3.669835925E-1,-1.438107044E-1,-2.499643087E0
4.762277898E1,-1.731054783E-1,-1.990446687E0,-2.051699400E0
4.764276770E1,-5.203816891E-1,-1.361940622E0,-1.922269702E0
4.766272591E1,-6.956176758E-1,1.285241604E0,-2.021872044E0
4.768262308E1,-2.439455539E-1,1.961151838E0,-2.161954165E0
4.770252026E1,-9.161274135E-2,1.976065516E0,-2.294047117E0
4.772241743E1,-1.294296384E-1,1.113734007E0,-2.151834249E0
4.774228409E1,-4.633900523E-2,-4.814995229E-1,-1.665540934E0
4.776218126E1,5.273059011E-2,-1.718271613E0,-8.703210354E-1
4.778207844E1,8.841694891E-2,-1.835450649E0,1.800296903E-1
4.780197561E1,1.667138934E-1,-1.483380795E0,7.829693556E-1
4.782190330E1,3.339604139E-1,-8.463526368E-1,1.236239433E0
4.784180048E1,4.554005563E-1,-1.049285457E-1,1.581917763E0
4.786169765E1,4.569984376E-1,5.235774517E-1,2.110821486E0
4.788159482E1,8.282431364E-1,1.241033077E-1,2.579537868E0
4.790161407E1,-8.788431436E-2,2.241848946E0,2.417084932E0
4.792154176E1,5.997439027E-1,2.301503897E0,2.914031029E0
4.794143893E1,6.157228351E-1,-3.957457542E-1,3.717772961E0
4.796130559E1,-4.154531360E-1,1.704423130E-2,2.835201263E0
4.798120276E1,3.781688958E-2,-2.508697808E-1,1.578189254E0
4.800109994E1,-1.464738697E-1,-2.732403278E-1,1.087102413E0
4.802096659E1,-3.046656251E-1,-8.958874345E-1,1.134506702E0
4.804086377E1,-2.284992188E-1,-1.650627255E0,1.357146859E0
4.806076094E1,-2.034655064E-1,-1.872734904E0,1.298024774E0
4.808068863E1,-4.431500137E-1,-1.614408255E0,1.083906531E0
4.810061632E1,-6.508765817E-1,-1.087102413E0,1.042893887E0
4.812054402E1,-6.098638773E-1,-6.061354876E-1,1.103613973E0
4.814044119E1,-2.487392575E-1,-2.295644879E-1,1.063666582E0
4.816033836E1,2.652508616E-1,9.587380104E-3,1.017327547E0
4.818023554E1,6.306365728E-1,-4.633900523E-2,9.811085463E-1
4.820013271E1,7.558051348E-1,-2.514024079E-1,8.367652297E-1
4.821999937E1,7.552725077E-1,-3.834952042E-2,6.018744111E-1
4.823989654E1,6.045376062E-1,6.519418359E-1,4.490089715E-1
4.825979372E1,2.679139972E-1,1.184574127E0,4.846953154E-1
4.827969089E1,-1.006674916E-1,1.260740519E0,4.980111420E-1
4.829958806E1,-5.752427876E-2,1.133441329E0,4.532700181E-1
4.831948524E1,2.103897333E-1,8.005462289E-1,4.506068528E-1
4.833941293E1,2.466087192E-1,3.099919558E-1,5.523396134E-1
4.835931010E1,1.480717659E-1,-1.150485575E-1,7.755125165E-1
4.837929883E1,2.237055302E-1,-4.687163532E-1,9.656622410E-1
4.839931807E1,3.334277868E-1,-4.985437691E-1,1.148887753E0
4.841927628E1,5.965480953E-2,4.463458061E-1,1.368332148E0
4.843929552E1,-1.347559541E-1,4.681837261E-1,1.547296643E0
4.845937580E1,-2.769687586E-2,-6.924218684E-2,1.434911251E0
4.847942556E1,-9.960222989E-2,-5.826996565E-1,1.106277108E0
4.849947532E1,-2.498045117E-1,-5.773733258E-1,7.787083387E-1
4.851952508E1,-3.595267534E-1,-9.427590668E-2,3.217098713E-1
4.853951380E1,-4.719121456E-1,3.483414650E-1,-4.596616030E-1
4.855947201E1,-6.775081754E-1,3.275688291E-1,-1.592037678E0
4.857943022E1,-7.265103459E-1,5.326322280E-4,-2.397910357E0
4.859941895E1,-6.998787522E-1,-7.829693705E-2,-2.817624569E0
4.861943819E1,-6.908239722E-1,7.744472623E-1,-2.916161537E0
4.863948795E1,-7.206513882E-1,1.981924534E0,-2.972087860E0
4.865956822E1,-7.829693556E-1,2.510828257E0,-3.188336611E0
4.867958747E1,-5.688512325E-1,2.271676540E0,-3.201119661E0
4.869957619E1,3.728425503E-1,1.495098710E0,-3.177151203E0
4.871962595E1,3.249056637E-1,6.743124127E-1,-3.047721624E0
4.873964520E1,-3.504720032E-1,-5.821670294E-1,-2.782470703E0
4.875957289E1,-4.293015897E-1,-1.263403654E0,-2.401106119E0
4.877959213E1,-4.676510990E-1,-1.673530459E0,-1.930259228E0
4.879955034E1,-5.715143681E-1,3.765709996E-1,-1.828526497E0
4.881947803E1,5.060006306E-2,1.836515903E0,-2.018143415E0
4.883946675E1,4.026699662E-1,1.343298435E0,-2.147573233E0
4.885951651E1,7.989483327E-2,5.267732739E-1,-2.118810892E0
4.887956627E1,-3.515372798E-2,3.185140789E-1,-1.843440175E0
4.889955500E1,2.237055302E-1,2.599245310E-1,-1.298557401E0
4.891957424E1,3.818973005E-1,-4.948153496E-1,-6.306365728E-1
4.893959348E1,3.845604658E-1,-1.158475041E0,1.486043930E-1
4.895961273E1,4.745753109E-1,-1.161138296E0,7.968178391E-1
4.897963197E1,6.428871155E-1,-7.286409140E-1,1.129180312E0
4.899965121E1,7.893609405E-1,-2.354234457E-1,1.443965912E0
4.901963994E1,6.950850487E-1,1.374191195E-1,1.940379262E0
4.903959815E1,6.359629035E-1,1.006674916E-1,2.566754818E0
4.905958687E1,7.787083387E-1,1.148887753E0,3.119626999E0
4.907954508E1,4.207794741E-2,2.612028360E0,3.660248756E0
4.909947277E1,8.010788560E-1,2.114017248E0,4.294613838E0
4.911940046E1,1.470064968E-1,4.862932265E-1,3.410976887E0
4.913935867E1,-1.565938741E-1,-5.022721887E-1,1.499892354E0
4.915940843E1,-2.130528912E-2,-2.950782478E-1,9.054747820E-1
4.917933612E1,6.764429063E-2,-7.920241356E-1,1.011468649E0
4.919929433E1,1.571265012E-1,-2.189118385E0,1.225054145E0
4.921919150E1,6.125270575E-2,-3.052515268E0,1.230380416E0
4.923908868E1,-3.265035450E-1,-2.631203175E0,9.241169095E-1
4.925901637E1,-6.945524216E-1,-1.700162053E0,4.761732221E-1
4.927897458E1,-9.752495885E-1,-8.239820600E-1,1.683117896E-1
4.929899382E1,-8.815063238E-1,3.600593805E-1,2.689792812E-1
4.931901306E1,-2.647182047E-1,1.396029115E0,6.993461251E-1
4.933903230E1,3.866910040E-1,1.565406084E0,8.410263062E-1
4.935896000E1,7.350324988E-1,1.419997573E0,7.036072016E-1
4.937897924E1,8.255799413E-1,1.487109184E0,4.516721368E-1
4.939893745E1,7.771103978E-1,1.594700933E0,2.269013226E-1
4.941886514E1,8.096010089E-1,2.228533268E0,2.338255495E-1
4.943879283E1,-1.938781291E-1,3.693271875E0,4.814995229E-1
4.945875104E1,-1.015197039E0,3.041862726E0,3.792341352E-1
4.947870924E1,-4.399542212E-1,8.127967715E-1,4.447479248E-1
4.949866745E1,3.675162420E-2,-6.205165386E-1,4.777711034E-1
4.951862566E1,3.094593287E-1,-1.032241225E0,2.711097896E-1
4.953855335E1,3.089267015E-2,4.900216311E-2,1.581917703E-1
4.955848104E1,-3.712446690E-1,1.127582431E0,2.221076339E-1
4.957843925E1,-4.708468914E-1,1.458347082E0,2.455434501E-1
4.959836694E1,-3.557983339E-1,1.174454093E0,2.380866110E-1
4.961838619E1,-1.890844405E-1,5.693838596E-1,3.589941263E-1
4.963840543E1,-1.241033077E-1,-1.379517466E-1,4.633900523E-1
4.965842467E1,-4.314320907E-2,-4.356931746E-1,5.342301130E-1
4.967835236E1,3.089267015E-2,-2.114549875E-1,5.715143681E-1
4.969837161E1,-3.675162420E-2,8.575379103E-2,6.029396653E-1
4.971839085E1,-2.929477207E-2,9.960222989E-2,6.977482438E-1
4.973834906E1,9.853696078E-2,1.267664731E-1,7.147924304E-1
4.975830726E1,1.986718178E-1,3.872236311E-1,6.929545403E-1
4.977829599E1,1.283643693E-1,4.990763962E-1,6.711165905E-1
4.979828472E1,-2.045307755E-1,2.924150825E-1,6.748450398E-1
4.981824292E1,-3.978762627E-1,2.210423797E-1,6.583334208E-1
4.983826217E1,-4.692489803E-1,1.075917110E-1,3.834952116E-1
4.985825089E1,-4.942827225E-1,-4.101268202E-2,-1.890844405E-1
4.987833117E1,-5.597964525E-1,1.411475390E-1,-8.921589851E-1
4.989838093E1,-5.496764779E-1,7.728493810E-1,-1.433313370E0
4.991846120E1,-4.660531878E-1,1.091363430E0,-1.965412974E0
4.993854148E1,-3.898867965E-1,9.369000793E-1,-2.178465843E0
4.995856072E1,-3.621899188E-1,7.605988383E-1,-2.141181469E0
4.997854945E1,-3.227751255E-1,8.841695189E-1,-2.091646671E0
4.999859921E1,-5.965480953E-2,1.654888391E0,-2.005892992E0
5.001861845E1,4.223773479E-1,2.822950840E0,-2.016545534E0
5.003863769E1,1.017327532E-1,2.806971788E0,-1.838646412E0
5.005865694E1,-1.278317273E-1,9.363674521E-1,-1.623995662E0
5.007858463E1,-6.711166352E-2,-6.242449880E-1,-1.433313370E0
5.009848180E1,-1.906823367E-1,-1.057274938E0,-1.201085687E0
5.011834846E1,-5.241101384E-1,-5.379585624E-1,-9.443569183E-1
5.013824563E1,-7.302387953E-1,1.027980223E-1,-7.153250575E-1
5.015814281E1,-8.346347213E-1,1.155811921E-1,-6.178534031E-1
5.017807050E1,-9.044095278E-1,-1.954760253E-1,-5.342301130E-1
5.019799819E1,-8.756473660E-1,9.321063757E-2,-5.603290796E-1
5.021792588E1,-8.356999755E-1,9.139968753E-1,-8.335694075E-1
5.023785357E1,-8.106662631E-1,1.184574127E0,-9.076052904E-1
5.025787281E1,-7.568703890E-1,9.784454107E-1,-7.424893379E-1
5.027792257E1,-7.227819562E-1,7.664577961E-1,-5.347627401E-1
5.029785026E1,-6.844323874E-1,7.286409140E-1,-3.067961633E-1
5.031783899E1,-6.306365728E-1,7.579356432E-1,-1.422128081E-1
5.033782772E1,-5.246427655E-1,6.556702852E-1,-4.793690145E-2
5.035787748E1,-3.781688809E-1,3.435477912E-1,1.230380461E-1
5.037789672E1,-2.567287385E-1,2.130528912E-2,3.808320463E-1
5.039782441E1,-1.549959779E-1,-2.119876295E-1,6.769755483E-1
5.041775210E1,-3.089267015E-2,-3.318298757E-1,9.480853677E-1
5.043774083E1,1.363538504E-1,-3.344930410E-1,1.181378245E0
5.045772955E1,2.231729031E-1,1.810949668E-2,1.393365860E0
5.047774879E1,2.322276533E-1,6.258428693E-1,1.560612440E0
5.049779855E1,4.740426838E-1,1.132376075E0,1.780589581E0
5.051778728E1,6.913566589E-1,1.257544637E0,2.139050961E0
5.053783704E1,7.068029642E-1,9.060074091E-1,2.344114542E0
5.055776473E1,6.982808709E-1,7.600662112E-1,2.283394337E0
5.057766190E1,6.966829300E-1,1.112668753E0,1.866876006E0
5.059758960E1,5.049353242E-1,1.854092836E0,1.169660330E0
5.061751729E1,2.082591951E-1,2.481000900E0,3.845604658E-1
5.063747549E1,7.456851006E-2,2.553438902E0,-3.909520507E-1
5.065740319E1,1.757686287E-1,1.557949305E0,-9.028116465E-1
5.067733088E1,2.593919039E-1,-4.356931746E-1,-1.123321414E0
5.069728908E1,-3.174487948E-1,-1.409877539E0,-1.006674886E0
5.071721678E1,-1.088700294E0,-1.356081605E0,-1.037567616E0
5.073717498E1,-1.230913043E0,-3.383812428E0,-1.388572216E0
5.075713319E1,-1.074851871E0,-4.057059765E0,-1.503088117E0
5.077709140E1,-5.528722405E-1,-2.811232805E0,-1.494033456E0
5.079708013E1,-1.480717659E-1,-1.685781002E0,-1.138767719E0
5.081697730E1,2.348908186E-1,-5.283711553E-1,-4.484763443E-1
5.083687448E1,8.143946528E-1,6.732471585E-1,-8.309062570E-2
5.085692423E1,1.197889924E0,1.382713318E0,-5.805691332E-2
5.087694348E1,1.081776023E0,1.292698383E0,-2.631203234E-1
5.089696272E1,7.824367285E-1,1.063666582E0,-4.495415986E-1
5.091695144E1,7.014766335E-1,1.294828892E0,-3.382214606E-1
5.093697069E1,1.492435455E0,2.367550135E0,2.492718846E-1
5.095702045E1,4.463458061E-1,1.257544637E0,5.049353242E-1
5.097707021E1,-6.077333689E-1,3.515372798E-2,3.323625028E-1
5.099711997E1,-5.305017233E-1,-3.366235793E-1,3.994741738E-1
5.101713921E1,-7.137271762E-2,-3.440804183E-1,4.335626364E-1
5.103706690E1,2.199771106E-1,-1.336906850E-1,3.712446690E-1
5.105702511E1,1.704423130E-1,3.424825370E-1,2.886866629E-1
5.107695280E1,-1.065264493E-1,9.848369956E-1,2.641855776E-1
5.109691101E1,-4.133225977E-1,1.388039589E0,2.849582434E-1
5.111680818E1,-5.944175720E-1,1.516936541E0,3.153182864E-1
5.113673587E1,-5.576659441E-1,1.626658797E0,3.094593287E-1
5.115675512E1,-3.510046303E-1,1.786981106E0,2.790992856E-1
5.117668281E1,-1.693770438E-1,1.818406463E0,2.034655064E-1
5.119657998E1,-2.173139453E-1,1.515338659E0,1.075917110E-1
5.121644664E1,-3.126551211E-1,1.411475420E0,2.290318534E-2
5.123637433E1,-3.440804183E-1,1.864745378E0,-6.178534031E-2
5.125627150E1,-4.314320982E-1,2.584864140E0,-1.427454352E-1
5.127619919E1,-6.103965044E-1,3.076483727E0,-1.454086006E-1
5.129612689E1,-7.286409140E-1,3.168096542E0,-3.249056637E-2
5.131602406E1,-6.801713705E-1,2.813363314E0,1.853560209E-1
5.133598227E1,-5.336974859E-1,2.045307636E0,4.660531878E-1
5.135590996E1,-4.133225977E-1,1.459944963E0,6.306365728E-1
5.137580713E1,-2.716424465E-1,1.017860174E0,7.733820081E-1
5.139576534E1,-2.231729031E-1,1.102016091E0,8.165252209E-1
5.141575407E1,-2.290318608E-1,1.505218625E0,7.403587699E-1
5.143580383E1,-2.588592768E-1,2.113484621E0,5.965480804E-1
5.145585359E1,-2.838929892E-1,2.733468533E0,4.554005563E-1
5.147584231E1,-3.472762108E-1,3.082875252E0,3.531351686E-1
5.149580052E1,-4.394215941E-1,3.098854303E0,3.041329980E-1
5.151569769E1,-5.129248500E-1,2.821885586E0,3.392867148E-1
5.153571694E1,-5.219795704E-1,2.329733372E0,3.312972486E-1
5.155567514E1,-4.186489284E-1,1.828526497E0,1.384843737E-1
5.157563335E1,-2.380866110E-1,1.531317711E0,-2.870887816E-1
5.159562208E1,-7.669904083E-2,1.571797729E0,-9.880327582E-1
5.161564132E1,-8.628641814E-2,1.870604396E0,-1.668736815E0
5.163559953E1,-4.356931746E-1,2.889529943E0,-2.253566980E0
5.165561877E1,-1.113201380E0,5.425924301E0,-2.509230375E0
5.167560750E1,-2.748382330E0,8.717591286E0,-2.568885326E0
5.169562674E1,-3.927629948E0,9.927199364E0,-2.875148773E0
5.171558495E1,-2.219478607E0,4.248807430E0,-2.671150684E0
5.173551264E1,-1.164334059E0,-3.414172530E-1,-2.826679230E0
5.175547085E1,-1.386974335E0,-1.296426892E0,-2.934803486E0
5.177545957E1,-2.143844604E0,9.182579517E-1,-2.524144173E0
5.179547882E1,-2.337722778E0,2.761165380E0,-2.158758402E0
5.181540651E1,-2.093777180E0,3.260774612E0,-1.789644241E0
5.183533420E1,-1.272991061E0,2.876746655E0,-1.536111355E0
5.185529241E1,-7.803062201E-1,2.707902193E0,-1.393898487E0
5.187522010E1,-8.921589851E-1,2.387790203E0,-1.494566083E0
5.189511727E1,-7.254450917E-1,1.378452182E0,-1.595766187E0
5.191501445E1,-5.709817410E-1,4.175836742E-1,-1.600559831E0
5.193488110E1,-6.567355394E-1,1.635181010E-1,-1.580852509E0
5.195477828E1,-5.544701219E-1,1.816275865E-1,-1.876995921E0
5.197464493E1,-5.145227313E-1,1.097222418E-1,-1.853560209E0
5.199454211E1,-5.683186054E-1,1.342233270E-1,-1.485511303E0
5.201443928E1,-5.976133347E-1,2.737729549E-1,-1.119060278E0
5.203433646E1,-5.070658922E-1,5.741775632E-1,-8.777779341E-1
5.205423363E1,-3.744404614E-1,8.697884083E-1,-7.275756001E-1
5.207410029E1,-2.753708661E-1,1.023186564E0,-6.125270724E-1
5.209399746E1,-1.853560209E-1,8.825715780E-1,-4.463458061E-1
5.211392515E1,-4.633900523E-2,5.715143681E-1,-3.062635362E-1
5.213391388E1,4.261057824E-2,4.777711034E-1,-2.396845073E-1
5.215393312E1,1.486043930E-1,5.352953672E-1,-2.519350350E-1
5.217392184E1,2.082591951E-1,4.165183902E-1,-1.832254827E-1
5.219391057E1,1.624528319E-1,8.309062570E-2,-2.982740477E-2
5.221396033E1,1.262338310E-1,-1.539307088E-1,6.125270575E-2
5.223397957E1,5.379585549E-2,-2.008023560E-1,1.198422536E-1
5.225390726E1,-4.367584363E-2,-1.933455020E-1,1.475391239E-1
5.227389599E1,-7.243798673E-2,-1.539307088E-1,1.549959779E-1
5.229385420E1,-2.290318534E-2,-5.699164793E-2,1.363538504E-1
5.231384292E1,7.882957160E-2,1.635181010E-1,1.129180342E-1
5.233380113E1,1.438107044E-1,4.543353021E-1,1.049285457E-1
5.235375934E1,1.288969964E-1,6.460828781E-1,8.309062570E-2
5.237362600E1,1.853560209E-1,6.135923266E-1,5.486112088E-2
5.239355369E1,3.046656251E-1,2.242381722E-1,-2.663161233E-2
5.241345086E1,1.661812514E-1,2.013349831E-1,-1.917476058E-1
5.243334804E1,7.510114461E-2,2.103897333E-1,-4.516721368E-1
5.245324521E1,1.454086006E-1,-4.372910559E-1,-6.050702333E-1
5.247314238E1,-6.924218684E-2,-8.197209835E-1,-3.483414650E-1
5.249307007E1,-2.343581766E-1,-8.820389509E-1,7.989483327E-2
5.251296725E1,-2.338255495E-1,-9.273127317E-1,4.287689328E-1
5.253286442E1,-1.853560209E-1,-7.275756001E-1,5.342301130E-1
5.255276160E1,-1.576591432E-1,-3.036003746E-2,5.560680628E-1
5.257265877E1,3.094593287E-1,1.019990683E0,7.675230503E-1
5.259255594E1,3.584614992E-1,1.800829530E0,1.089765549E0
5.261245312E1,1.645833552E-1,1.257544637E0,1.313471079E0
5.263235029E1,3.840278387E-1,1.358212233E-1,1.690574646E0
5.265221695E1,3.643204570E-1,-1.209075212E0,1.923867583E0
5.267211412E1,3.605920076E-1,-1.361940622E0,1.826395869E0
5.269204182E1,3.728425503E-1,-8.111988902E-1,1.638376713E0
5.271193899E1,2.135855258E-1,-1.747033745E-1,1.461010218E0
5.273180564E1,1.171790902E-2,4.378236830E-1,1.432248116E0
5.275170282E1,-7.616640627E-2,7.829693556E-1,1.438107014E0
5.277159999E1,-5.326322280E-3,7.190535069E-1,1.437041759E0
5.279146665E1,3.515372798E-2,4.708468914E-1,1.472728133E0
5.281136382E1,3.142530099E-2,8.948221803E-2,1.554220796E0
5.283123048E1,8.468852192E-2,-3.334277868E-1,1.586711407E0
5.285112766E1,2.434129268E-1,-5.693838596E-1,1.522795558E0
5.287102483E1,3.573962152E-1,-4.447479248E-1,1.424791217E0
5.289095252E1,3.589941263E-1,2.077265643E-2,1.325188994E0
5.291084970E1,3.227751255E-1,5.118595958E-1,1.237304688E0
5.293071635E1,2.881540358E-1,7.499461770E-1,1.141963482E0
5.295061352E1,2.380866110E-1,8.921589851E-1,1.034904361E0
5.297051070E1,1.123853996E-1,1.052481294E0,9.118663669E-1
5.299043839E1,3.302319720E-2,7.270429730E-1,7.483482957E-1
5.301030505E1,4.900216311E-2,1.257012039E-1,5.800365210E-1
5.303020222E1,1.374191195E-1,-3.526025414E-1,4.980111420E-1
5.305009940E1,1.821602285E-1,-5.203816891E-1,5.289037824E-1
5.306999657E1,1.683117896E-1,-4.186489284E-1,5.550028086E-1
5.308992426E1,1.677791476E-1,9.800432622E-2,5.091964006E-1
5.310988247E1,1.667138934E-1,6.689860821E-1,5.235774517E-1
5.312977964E1,1.033306494E-1,1.061003447E0,5.677859783E-1
5.314970733E1,-2.130528912E-3,1.159007788E0,5.672533512E-1
5.316969606E1,-5.432848632E-2,9.853696227E-1,6.167881489E-1
5.318971530E1,-3.568635881E-2,6.593986750E-1,6.705839634E-1
5.320976506E1,2.663161140E-3,2.418150306E-1,6.354302764E-1
5.322978430E1,2.396845073E-2,-5.858954508E-3,5.384911895E-1
5.324968148E1,-2.077265643E-2,3.036003746E-2,4.639226794E-1
5.326963969E1,-8.788431436E-2,1.555286050E-1,5.342301130E-1
5.328962841E1,-6.391586363E-2,2.103897333E-1,6.498113275E-1
5.330958662E1,3.462109342E-2,3.089267015E-1,6.647250056E-1
5.332957534E1,6.870955974E-2,4.138552547E-1,6.476807594E-1
5.334959459E1,-1.597896684E-3,2.828277051E-1,6.348975897E-1
5.336958331E1,-7.829693705E-2,4.314320907E-2,5.874933600E-1
5.338951100E1,-4.953479767E-2,-9.534116834E-2,5.028048158E-1
5.340943870E1,9.693906456E-2,-1.560612470E-1,3.147856593E-1
5.342933587E1,1.427454352E-1,-8.042746782E-2,-1.278317347E-2
5.344926356E1,-2.279665917E-1,3.302319720E-2,-2.838929892E-1
5.346925229E1,-6.029396653E-1,9.640643001E-2,-4.724447727E-1
5.348921050E1,-7.286409140E-1,-1.704423130E-2,-6.423544884E-1
5.350910767E1,-7.510114312E-1,-4.479437172E-1,-8.261125684E-1
5.352903536E1,-6.412891746E-1,-9.081379771E-1,-1.094026566E0
5.354899357E1,-4.415521026E-1,-1.085504532E0,-1.455683827E0
5.356901281E1,-9.321063757E-2,-1.517469168E0,-2.005892992E0
5.358900154E1,2.508697808E-1,-1.955825567E0,-2.530003071E0
5.360902078E1,1.848233789E-1,-9.555422068E-1,-2.662628412E0
5.362897899E1,-3.004045784E-1,1.775263190E0,-2.605636835E0
5.364893720E1,-7.621967196E-1,4.518851757E0,-2.682868481E0
5.366892592E1,1.427454352E-1,5.188903332E0,-2.936401367E0
5.368897568E1,8.958874345E-1,2.757436991E0,-2.879409790E0
5.370899492E1,5.326322466E-2,-1.057274938E0,-2.743056059E0
5.372898365E1,-4.101268053E-1,-2.949184656E0,-2.359560728E0
5.374891134E1,-4.724447727E-1,-2.543851614E0,-1.990446687E0
5.376883903E1,-3.020024598E-1,-8.697884083E-1,-1.962217093E0
5.378885827E1,-9.267801046E-2,6.455502510E-1,-2.038916111E0
5.380887752E1,-6.285060197E-2,1.679389358E0,-2.063417196E0
5.382883572E1,-2.087918371E-1,2.149703741E0,-1.915345550E0
5.384876342E1,8.948221803E-2,4.021373391E-1,-1.521197677E0
5.386869111E1,6.125270575E-2,-1.553155541E0,-7.888283134E-1
5.388867983E1,1.773665249E-1,-1.829059124E0,-6.285060197E-2
5.390863804E1,2.849582434E-1,-1.018392801E0,3.834952116E-1
5.392859625E1,3.771036267E-1,2.556634694E-2,5.816344023E-1
5.394852394E1,3.483414650E-1,8.133293986E-1,7.888283134E-1
5.396848215E1,3.499393761E-1,1.145691872E0,9.379653335E-1
5.398844036E1,4.522047639E-1,9.986854196E-1,1.154746652E0
5.400836805E1,3.467435837E-1,-1.848233789E-1,1.552090287E0
5.402826522E1,9.693906456E-2,-1.956890821E0,1.817341208E0
5.404819291E1,-3.994741738E-1,-5.267732739E-1,2.061286688E0
5.406812060E1,4.559331834E-1,-2.737729549E-1,2.675411701E0
5.408810933E1,1.028512836E0,-1.316134214E0,2.663693666E0
5.410803702E1,4.404868484E-1,-3.153182864E-1,1.634115696E0
5.412796471E1,4.117247164E-1,-5.789712071E-1,1.234108925E0
5.414792292E1,8.894958347E-2,-6.279733777E-1,1.497229218E0
5.416782009E1,-1.864212751E-1,-8.900284767E-1,1.734783173E0
5.418771727E1,-1.560612470E-1,-1.269262552E0,1.363538504E0
5.420761444E1,-8.841694891E-2,-1.416801691E0,9.917612076E-1
5.422751162E1,-7.456851192E-3,-1.354483724E0,9.443569183E-1
5.424746982E1,5.699164793E-2,-1.258610010E0,1.095624447E0
5.426742803E1,1.390170157E-1,-1.339570045E0,1.320927978E0
5.428738624E1,2.785666585E-1,-1.543568254E0,1.527589202E0
5.430731393E1,4.170510471E-1,-1.664475679E0,1.568601966E0
5.432730266E1,5.832322836E-1,-1.565406084E0,1.513740778E0
5.434732190E1,6.311691999E-1,-1.244228840E0,1.405083776E0
5.436728011E1,5.400890708E-1,-9.651296139E-1,1.249022603E0
5.438720780E1,4.245078862E-1,-6.972155571E-1,9.981527925E-1
5.440716601E1,3.723099232E-1,-5.166532397E-1,7.414240837E-1
5.442715473E1,3.808320463E-1,-2.418150306E-1,5.448827744E-1
5.444714346E1,3.664509654E-1,4.793690145E-2,4.005394280E-1
5.446710167E1,2.817624509E-1,3.717772961E-1,2.785666585E-1
5.448702936E1,2.178465873E-1,5.922870636E-1,1.411475390E-1
5.450695705E1,2.167813182E-1,7.217166424E-1,8.628641814E-2
5.452685422E1,2.572613657E-1,6.684534550E-1,8.841694891E-2
5.454678191E1,3.515372574E-1,3.355582952E-1,7.350324839E-2
5.456680116E1,5.107942820E-1,2.897519469E-1,5.912217870E-2
5.458682040E1,3.909520507E-1,5.677859783E-1,1.528654546E-1
5.460687016E1,-2.343581803E-2,3.787015080E-1,2.945456207E-1
5.462691992E1,-1.241033077E-1,-1.012001261E-1,3.632551730E-1
5.464696968E1,1.193096191E-1,-1.597896665E-1,5.166532397E-1
5.466695840E1,1.565938741E-1,3.941478580E-2,7.227819562E-1
5.468691661E1,6.924218964E-3,2.897519469E-1,8.341020942E-1
5.470690534E1,-2.556634694E-2,4.016047120E-1,9.331716895E-1
5.472695510E1,6.231797114E-2,2.716424465E-1,1.032773852E0
5.474697434E1,8.309062570E-2,-2.929477207E-2,9.374327064E-1
5.476699358E1,4.687163606E-2,-4.069310129E-1,7.366303802E-1
5.478701283E1,3.249056637E-2,-4.932174385E-1,6.045376062E-1
5.480703207E1,-1.438106969E-2,-3.914846778E-1,3.669835925E-1
5.482695976E1,-1.555286050E-1,-1.416801661E-1,-2.476739883E-1
5.484694849E1,-4.474110603E-1,2.759034932E-1,-9.699232578E-1
5.486687618E1,-7.845672965E-1,3.701793849E-1,-1.352353215E0
5.488686490E1,-9.017463326E-1,3.254382908E-1,-1.558481932E0
5.490688414E1,-8.367652297E-1,3.238403797E-1,-1.721467376E0
5.492690339E1,-6.146575809E-1,4.367584288E-1,-1.993109822E0
5.494686160E1,-4.713795185E-1,1.869539171E-1,-2.295644999E0
5.496688084E1,-4.830974340E-1,-3.707120419E-1,-2.577407360E0
5.498686956E1,-6.290386319E-1,-9.587380290E-2,-2.624811649E0
5.500691932E1,-5.278385282E-1,1.284708977E0,-2.591255903E0
5.502693856E1,3.249056637E-2,2.116680384E0,-2.757436991E0
5.504692729E1,5.054680109E-1,2.265284777E0,-2.782470703E0
5.506694653E1,1.225054078E-2,8.346347213E-1,-2.600843191E0
5.508693526E1,-1.624528319E-1,-1.152083516E0,-2.304699659E0
5.510689347E1,-1.869539171E-1,-1.332645893E0,-2.063949823E0
5.512685168E1,-1.384843793E-2,-3.856257200E-1,-1.998968720E0
5.514680988E1,6.285060197E-2,-6.817692518E-2,-2.111354113E0
5.516673757E1,-1.470064968E-1,3.760383427E-1,-2.187520504E0
5.518669578E1,-1.070590764E-1,1.047154903E0,-2.114549875E0
5.520668451E1,1.422128081E-1,8.847021461E-1,-1.954760313E0
5.522664272E1,2.253034264E-1,-3.834952116E-1,-1.616006136E0
5.524653989E1,2.109223604E-1,-1.283111095E0,-9.635316730E-1
5.526646758E1,2.689792812E-1,-9.257147908E-1,-3.147856593E-1
5.528648683E1,4.330300093E-1,-1.709749401E-1,8.202536404E-2
5.530641452E1,5.528722405E-1,3.334277868E-1,2.641855776E-1
5.532640324E1,5.454154015E-1,5.784385800E-1,4.186489284E-1
5.534636145E1,5.033374429E-1,6.961503029E-1,6.221144199E-1
5.536625862E1,5.805691481E-1,5.613943934E-1,7.728493810E-1
5.538624735E1,6.396912932E-1,2.583266199E-1,1.069525480E0
5.540620556E1,6.695187092E-1,-5.326322317E-1,1.446629167E0
5.542613325E1,5.613943934E-1,-1.655421019E0,1.845038056E0
5.544606094E1,1.715075821E-1,-1.738511562E0,2.090581417E0
5.546595811E1,3.073287904E-1,2.013349831E-1,2.193379402E0
5.548591632E1,1.066329718E0,2.226402760E-1,2.309493303E0
5.550584401E1,8.021441102E-1,-2.055960447E-1,2.225870132E0
5.552580222E1,5.438175201E-1,-7.600662112E-1,1.629854560E0
5.554572991E1,5.640575290E-1,-7.962851524E-1,1.477521777E0
5.556562709E1,3.893541694E-1,-9.028116465E-1,1.621332526E0
5.558552426E1,1.432780623E-1,-1.186704636E0,1.693237901E0
5.560539092E1,-1.022653878E-1,-1.210140467E0,1.441835403E0
5.562528809E1,-1.347559541E-1,-9.123989940E-1,1.176584601E0
5.564518526E1,-4.953479767E-2,-5.390238166E-1,1.089765549E0
5.566505192E1,-8.415589482E-2,-3.004045784E-1,1.247957349E0
5.568494910E1,-1.113201380E-1,-4.671184719E-1,1.467401743E0
5.570484627E1,1.267664731E-1,-9.629990458E-1,1.514273405E0
5.572471293E1,4.729774296E-1,-1.374723792E0,1.432248116E0
5.574461010E1,6.908239722E-1,-1.373125911E0,1.329450011E0
5.576450727E1,5.922870636E-1,-9.736517072E-1,1.270327806E0
5.578440445E1,2.327602804E-1,-4.095941782E-1,1.103081346E0
5.580427111E1,4.261057824E-3,6.231797114E-2,7.456851006E-1
5.582416828E1,2.769687586E-2,4.378236830E-1,4.921521842E-1
5.584406545E1,1.374191195E-1,5.725796223E-1,3.286340833E-1
5.586396263E1,1.757686287E-1,5.731122494E-1,2.476739883E-1
5.588385980E1,1.480717659E-1,6.732471585E-1,2.199771106E-1
5.590375698E1,1.161138266E-1,7.637946010E-1,2.327602804E-1
5.592365415E1,7.350324839E-2,7.835019827E-1,2.796319127E-1
5.594355132E1,4.314320907E-2,7.105314136E-1,2.844256163E-1
5.596344850E1,1.810949594E-1,6.721818447E-1,1.651159972E-1
5.598340671E1,5.576659441E-1,8.793758154E-1,1.954760253E-1
5.600327336E1,8.378304839E-1,1.345429063E0,3.131877482E-1
5.602323157E1,1.507349163E-1,1.970739245E0,4.436826408E-1
5.604325081E1,-4.926848114E-1,1.078047633E0,5.411543250E-1
5.606327006E1,-1.518001854E-1,1.938781291E-1,6.620618701E-1
5.608335033E1,2.817624509E-1,-3.105245829E-1,7.872304320E-1
5.610336958E1,4.026699662E-1,-2.279665917E-1,8.218515515E-1
5.612341934E1,2.812298238E-1,1.752360016E-1,8.697884083E-1
5.614349961E1,1.954760253E-1,5.784385800E-1,9.028116465E-1
5.616354937E1,1.464738697E-1,6.332997084E-1,7.115966678E-1
5.618350758E1,6.338323653E-2,-6.391586363E-2,4.250405133E-1
5.620346579E1,9.853696078E-2,-5.992112756E-1,2.338255495E-1
5.622342400E1,1.091896072E-1,-7.701861858E-1,-8.468852192E-2
5.624344324E1,-1.395496428E-1,-6.269081235E-1,-6.913566589E-1
5.626346248E1,-7.936220169E-1,5.763080716E-1,-1.593635678E0
5.628354276E1,-1.267132044E0,1.587244034E0,-2.387257576E0
5.630343993E1,-1.220260382E0,1.847701192E0,-2.681270599E0
5.632333711E1,-1.036502361E0,1.506816626E0,-2.469283104E0
5.634326480E1,-7.669904232E-1,6.364955306E-1,-2.413889170E0
5.636316197E1,-5.049353242E-1,-5.326322317E-1,-2.560895681E0
5.638302863E1,-2.444781959E-1,-1.308144808E0,-2.622148514E0
5.640292580E1,7.989483327E-2,-2.247707993E-1,-2.714293718E0
5.642282298E1,4.420847446E-2,1.978728771E0,-3.261839867E0
5.644272015E1,-4.261057973E-1,3.152650118E0,-3.559048653E0
5.646264784E1,-9.001484513E-2,9.475527406E-1,-3.298591375E0
5.648251450E1,-1.645833552E-1,-1.252218366E0,-2.678607464E0
5.650244219E1,-5.054680109E-1,2.615224123E-1,-2.462358713E0
5.652233936E1,-8.309062570E-2,1.303883672E0,-2.485261917E0
5.654226706E1,2.663161233E-2,3.169161677E-1,-2.379800797E0
5.656216423E1,-3.856257200E-1,-1.709749401E-1,-2.193379402E0
5.658203089E1,-5.182511806E-1,1.661812514E-1,-1.736913681E0
5.660192806E1,-3.510046303E-1,-3.605920076E-1,-1.266066790E0
5.662182524E1,-2.247707993E-1,-1.380582690E0,-5.246427655E-1
5.664172241E1,-5.326322280E-3,-1.586711407E0,5.107942820E-1
5.666161958E1,3.765709996E-1,-1.073253989E0,1.231978297E0
5.668148624E1,5.374259353E-1,-4.261057973E-1,1.457281828E0
5.670138341E1,4.772384763E-1,1.491370201E-1,1.688976765E0
5.672128059E1,4.649879336E-1,1.262338310E-1,2.177400589E0
5.674117776E1,6.503439546E-1,-2.263686955E-1,2.677009583E0
5.676104442E1,-1.230380416E0,2.490055561E0,2.368615627E0
5.678094159E1,9.518138170E-1,2.374474525E0,3.717240334E0
5.680083877E1,8.356999755E-1,7.978830934E-1,4.277036667E0
5.682073594E1,-2.130528912E-3,-3.600593805E-1,2.531600952E0
5.684063312E1,1.187769845E-1,-8.873652816E-1,1.015729666E0
5.686056081E1,8.681905270E-2,-1.204814076E0,6.482134461E-1
5.688042746E1,7.776430249E-2,-1.888181210E0,7.344998717E-1
5.690032464E1,6.178534031E-2,-2.196575403E0,8.159925938E-1
5.692022181E1,-1.177117229E-1,-1.690042019E0,7.030745149E-1
5.694008847E1,-4.207794666E-1,-8.841695189E-1,6.237123609E-1
5.695998564E1,-6.391586661E-1,-7.616640627E-2,6.657902598E-1
5.697988282E1,-6.125270724E-1,5.464806557E-1,8.218515515E-1
5.699974947E1,-2.556634545E-1,8.532768488E-1,9.629990458E-1
5.701967716E1,1.837581247E-1,7.137271762E-1,1.053013921E0
5.703960485E1,4.410194755E-1,3.051982522E-1,1.051416039E0
5.705947151E1,5.315669775E-1,3.249056637E-2,8.916263580E-1
5.707939920E1,4.340952635E-1,1.438107044E-1,7.078682184E-1
5.709929638E1,1.368864775E-1,5.374259353E-1,6.631271243E-1
5.711916303E1,-1.896170676E-1,6.918892860E-1,7.227819562E-1
5.713906021E1,-1.960086524E-1,5.566006899E-1,7.456851006E-1
5.715895738E1,6.444849819E-2,1.629854590E-1,6.940197945E-1
5.717885456E1,2.743056118E-1,-3.888215125E-2,5.566006899E-1
5.719872121E1,4.138552547E-1,1.917476021E-2,3.653857112E-1
5.721861839E1,4.255731404E-1,2.450108230E-1,3.206445873E-1
5.723851556E1,2.508697808E-1,8.080030680E-1,4.367584288E-1
5.725838222E1,-2.503371425E-2,1.291633129E0,6.418218613E-1
5.727827939E1,-2.295644879E-1,1.502022862E0,7.909588814E-1
5.729820708E1,-1.480717659E-1,1.323591113E0,8.229168057E-1
5.731813477E1,2.822950855E-2,3.728425503E-1,7.792409658E-1
5.733806246E1,-1.278317347E-2,-5.310343504E-1,8.671252728E-1
5.735795964E1,5.326322280E-4,-7.659251690E-1,8.053399324E-1
5.737791785E1,3.142530099E-2,-3.110572100E-1,6.162554622E-1
5.739781502E1,-4.527373984E-2,1.470064968E-1,4.585963488E-1
5.741780375E1,-1.022653878E-1,4.522047639E-1,4.165183902E-1
5.743773144E1,-2.306297570E-1,8.873652816E-1,4.527373984E-2
5.745765913E1,-5.427522659E-1,9.906959534E-1,-5.028048158E-1
5.747755630E1,-4.777711034E-1,6.849650741E-1,-1.100950837E0
5.749742296E1,-3.760383427E-1,3.275688291E-1,-1.537709236E0
5.751738117E1,-1.928128600E-1,-1.544633508E-2,-1.997903466E0
5.753730886E1,-7.243798673E-2,-1.763012707E-1,-2.461293459E0
5.755720603E1,-2.242381722E-1,-2.322276533E-1,-2.785666466E0
5.757710321E1,-6.599313021E-1,4.692489803E-1,-2.941727877E0
5.759700038E1,-8.138620257E-1,2.126267910E0,-3.150519609E0
5.761686704E1,-1.597896591E-2,3.920173168E0,-3.441336870E0
5.763676421E1,7.084008306E-2,2.868224621E0,-3.139867067E0
5.765666139E1,-2.428802997E-1,-1.278317273E-1,-2.801112890E0
5.767652804E1,-4.261057973E-1,-1.416269064E0,-2.412823915E0
5.769642522E1,-5.656554103E-1,-7.238472104E-1,-2.174204826E0
5.771632239E1,-4.442152679E-1,1.182443574E-1,-2.235457420E0
5.773618905E1,-5.986786485E-1,8.926916122E-1,-2.394181967E0
5.775608622E1,-6.508765817E-1,1.760882139E0,-2.519350529E0
5.777598340E1,-2.018676102E-1,1.690042019E0,-2.560895681E0
5.779588057E1,-2.183792181E-2,9.065400362E-1,-2.609897852E0
5.781574723E1,-3.515372798E-2,-6.066681147E-1,-2.248240709E0
5.783564440E1,-7.936219871E-2,-1.565406084E0,-1.647964120E0
5.785564014E1,-5.539375171E-2,-1.353951097E0,-9.747169614E-1
5.787553731E1,3.888215125E-2,-5.784385800E-1,-4.474110603E-1
5.789546499E1,8.149272949E-2,3.526025414E-1,-1.901497096E-1
5.791533164E1,6.551376730E-2,1.156877160E0,-1.331580617E-2
5.793525932E1,1.688444167E-1,1.349690080E0,2.226402760E-1
5.795512597E1,3.829625845E-1,1.092961311E0,6.167881489E-1
5.797502314E1,5.193164349E-1,8.554073572E-1,1.043959141E0
5.799492030E1,5.496764779E-1,2.865561247E-1,1.470064998E0
5.801478695E1,3.792341352E-1,-5.400890708E-1,1.894040227E0
5.803468412E1,-6.551376730E-2,-1.168062449E0,2.177400589E0
5.805458128E1,-7.435545921E-1,1.304948926E0,1.846103311E0
5.807444793E1,2.151834220E-1,3.790210962E0,1.679389358E0
5.809434510E1,7.334345579E-1,5.459480286E-1,1.651159883E0
5.811424226E1,-3.222424984E-1,-2.031991959E0,1.389104843E0
5.813410891E1,-4.964132309E-1,-3.397128344E0,1.237304688E0
5.815400607E1,-4.836300611E-1,-2.127333164E0,1.269795179E0
5.817390324E1,-1.880191714E-1,-4.708468914E-1,1.387506962E0
5.819376989E1,-5.805691332E-2,4.404868484E-1,1.402420640E0
5.821366705E1,6.924218964E-3,1.037567616E0,1.329982638E0
5.823353370E1,1.752360016E-1,1.184041500E0,1.255946755E0
5.825343087E1,5.922870636E-1,1.018392801E0,1.471130252E0
5.827332803E1,7.233145833E-1,6.631271243E-1,1.481782913E0
5.829322520E1,2.663161159E-1,8.884305358E-1,1.296959519E0
5.831309185E1,-1.454086006E-1,6.865629554E-1,1.076449752E0
5.833301953E1,-1.805623323E-1,5.182511806E-1,9.795106649E-1
5.835294721E1,-6.977482140E-2,5.352953672E-1,8.479505181E-1
5.837284438E1,3.781688958E-2,4.617921412E-1,7.531419992E-1
5.839271103E1,6.870955974E-2,3.595267534E-1,7.515440583E-1
5.841260819E1,9.587380104E-3,3.531351686E-1,7.281082273E-1
5.843250536E1,-9.321063757E-2,4.319647253E-1,7.723167539E-1
5.845240252E1,-1.619201899E-1,5.246427655E-1,8.122641444E-1
5.847226917E1,-1.203748807E-1,5.763080716E-1,8.841695189E-1
5.849216634E1,-3.142530099E-2,4.197141826E-1,1.019458055E0
5.851206350E1,8.948221803E-2,-5.645901710E-2,1.152616143E0
5.853193015E1,2.844256163E-1,-6.237123609E-1,1.012533903E0
5.855182732E1,4.426173866E-1,-1.032773852E0,6.732471585E-1
5.857172448E1,4.085289240E-1,-1.095624447E0,3.350256681E-1
5.859162165E1,2.391518652E-1,-5.411543250E-1,5.699164793E-2
5.861148830E1,6.870955974E-2,5.917543769E-1,-1.880191714E-1
5.863138546E1,-1.012001261E-1,1.744370580E0,-3.797667921E-1
5.865128263E1,-2.503371537E-1,2.639192581E0,-4.900216460E-1
5.867117979E1,-3.195793331E-1,3.163302898E0,-5.720469952E-1
5.869107696E1,-3.403519988E-1,3.413640022E0,-5.688512325E-1
5.871097412E1,-3.680488765E-1,3.352387190E0,-3.739078343E-1
5.873087129E1,-3.739078343E-1,2.822950840E0,-5.166532472E-2
5.875073794E1,-8.894958347E-2,1.645833611E0,2.892192900E-1
5.877063510E1,1.651159972E-1,1.171790883E-1,5.443501472E-1
5.879053227E1,1.970739216E-1,-9.326390028E-1,5.672533512E-1
5.881042943E1,1.784317940E-1,-1.064199209E0,5.097290277E-1
5.883032660E1,1.864212751E-1,-3.765709996E-1,3.744404614E-1
5.885019325E1,-1.012001187E-2,3.978762627E-1,2.700445354E-1
5.887009041E1,-3.233077526E-1,6.279733777E-1,2.913498282E-1
5.888998758E1,-6.705839634E-1,6.982808709E-1,4.053331316E-1
5.890985423E1,-7.179882526E-1,7.131945491E-1,4.633900523E-1
5.892975139E1,-4.857605994E-1,9.241169095E-1,3.025351167E-1
5.894964856E1,-1.864212751E-1,1.535046101E0,1.012001187E-2
5.896954572E1,-5.592638254E-2,2.498045206E0,-2.034655064E-1
5.898944289E1,-1.869539171E-1,2.828809738E0,-1.699096859E-1
5.900934006E1,-3.861583769E-1,2.320678711E0,1.171790902E-2
5.902920670E1,-1.384843737E-1,1.704423189E0,9.214537591E-2
5.904910387E1,7.845672965E-1,1.149420381E0,-7.030745596E-2
5.906900103E1,8.554073572E-1,-1.438106969E-2,-5.113269091E-1
5.908889820E1,4.559331834E-1,-4.490089715E-1,-1.047154903E0
5.910876485E1,-7.291735411E-1,1.594168305E0,-1.453020692E0
5.912869253E1,-2.242914200E0,2.896986723E0,-2.116147757E0
5.914855918E1,-2.263154268E0,3.135073185E0,-2.858104467E0
5.916845634E1,-2.310558558E0,2.427737713E0,-3.127083778E0
5.918835351E1,-2.311091185E0,1.943575025E0,-3.207511187E0
5.920828119E1,-2.344647169E0,2.404301882E0,-2.929477215E0
5.922814784E1,-2.471413612E0,3.041330099E0,-2.459695578E0
5.924804501E1,-2.404834509E0,3.313505173E0,-2.180596352E0
5.926794217E1,-2.041579247E0,3.270361900E0,-1.945705533E0
5.928783934E1,-1.522795558E0,2.403236628E0,-1.418932199E0
5.930770599E1,-1.120125532E0,1.055677056E0,-7.605988383E-1
5.932760315E1,-9.949570298E-1,-2.524676621E-1,-3.680488765E-1
5.934750032E1,-1.072721362E0,-1.091363430E0,-1.299622655E-1
5.936736697E1,-1.132376075E0,-9.709885716E-1,-5.858954415E-2
5.938726413E1,-1.047154903E0,2.189118415E-1,-1.560612470E-1
5.940719181E1,-9.693906307E-1,1.206411958E0,-2.977414131E-1
5.942705846E1,-8.575378656E-1,1.988848686E0,-4.218447208E-1
5.944695563E1,-6.370281577E-1,1.987783432E0,-3.067961633E-1
5.946685279E1,-3.307646215E-1,1.429052234E0,8.042746782E-2
5.948678048E1,-1.193096191E-1,7.206513882E-1,5.507417321E-1
5.950667764E1,-6.817692518E-2,1.363538504E-1,9.736517072E-1
5.952657481E1,-3.036003746E-2,-1.821602285E-1,1.369930148E0
5.954647197E1,6.551376730E-2,-1.906823367E-1,1.709216833E0
5.956643017E1,3.563309610E-1,1.725728363E-1,1.879659176E0
5.958632734E1,7.733820081E-1,8.415589333E-1,1.861016989E0
5.960622450E1,9.635316730E-1,1.726793647E0,1.900431752E0
5.962615219E1,9.906959534E-1,2.560363054E0,2.112419367E0
5.964604935E1,7.632619739E-1,3.162237644E0,2.177400589E0
5.966591600E1,3.557983339E-1,3.853594065E0,1.936650753E0
5.968581317E1,3.110572100E-1,3.904194117E0,1.650627255E0
5.970574085E1,7.888283134E-1,2.877279282E0,1.242098331E0
5.972563801E1,1.082308650E0,9.427590370E-1,2.583266199E-1
5.974553518E1,6.226470470E-1,-3.376888335E-1,-5.640575290E-1
5.976543234E1,-4.122573435E-1,-1.370462775E0,-9.784454107E-1
5.978529899E1,-1.046622276E0,-3.086603880E0,-1.568601966E0
5.980519616E1,-1.044491768E0,-4.249340057E0,-2.037318230E0
5.982509333E1,-9.507485032E-1,-4.418716908E0,-2.423476696E0
5.984499049E1,-5.550028086E-1,-2.821352959E0,-2.490055561E0
5.986488766E1,-8.894958347E-2,-1.336906850E-1,-1.835983276E0
5.988481534E1,3.323625028E-1,2.768622398E0,-6.812366247E-1
5.990471250E1,3.398193717E-1,4.346279144E0,2.316950262E-1
5.992460967E1,-1.358212233E-1,4.273840904E0,3.621899188E-1
5.994456787E1,-7.105314136E-1,3.315635681E0,-2.625876963E-1
5.996452607E1,-7.435545921E-1,2.655704260E0,-7.286409140E-1
5.998445375E1,-2.790992856E-1,2.529470444E0,-2.519350350E-1
6.000438143E1,7.238472104E-1,2.199771166E0,7.052050829E-1
6.002430912E1,7.078682184E-1,1.184041500E0,8.649947643E-1
6.004420628E1,-5.805691332E-2,-7.190535218E-2,6.950850487E-1
6.006410345E1,-7.584682703E-1,-1.230913043E0,7.334345579E-1
6.008397010E1,-9.619337916E-1,-1.823200107E0,1.078047633E0
6.010386726E1,-4.404868484E-1,-8.623315692E-1,1.445563912E0
6.012376443E1,-4.261057824E-3,9.480853379E-2,1.209607840E0
6.014366159E1,3.568635881E-2,3.440804183E-1,7.941546440E-1
6.016355876E1,2.503371425E-2,5.459480286E-1,6.135923266E-1
6.018354748E1,1.161138266E-1,1.303883672E0,5.528722405E-1
6.020350568E1,2.476739883E-1,2.403236628E0,3.403519988E-1
6.022343336E1,2.018676102E-1,3.176085949E0,-3.302319720E-2
6.024336104E1,4.367584363E-2,3.477023125E0,-3.291667104E-1
6.026328872E1,-6.498113275E-2,3.638410807E0,-5.044026971E-1
6.028321641E1,-1.432780623E-1,3.568103313E0,-5.443501472E-1
6.030317460E1,-1.555286050E-1,3.300721884E0,-5.283711553E-1
6.032319384E1,-7.137271762E-2,2.972087860E0,-4.639226794E-1
6.034312152E1,-4.101268202E-2,2.491120815E0,-3.222424984E-1
6.036301869E1,-2.013349831E-1,1.526523948E0,-1.288969964E-1
6.038294637E1,-3.073287904E-1,6.833671331E-1,1.544633508E-2
6.040284354E1,-3.067961633E-1,4.479437172E-1,2.290318608E-1
6.042274070E1,-2.727077007E-1,6.428871155E-1,3.621899188E-1
6.044266838E1,-3.398193717E-1,8.889631629E-1,4.319647253E-1
6.046262658E1,-3.600593805E-1,1.045024395E0,3.818973005E-1
6.048255427E1,-2.908172011E-1,1.111603498E0,2.322276533E-1
6.050248195E1,-2.471413612E-1,1.006674886E0,1.725728363E-1
6.052237911E1,-2.263686955E-1,8.431568146E-1,1.880191714E-1
6.054227628E1,-1.810949594E-1,8.356999755E-1,2.205097377E-1
6.056226500E1,-1.597896665E-1,1.023186564E0,2.087918371E-1
6.058222320E1,-2.402171344E-1,1.122256160E0,2.434129268E-1
6.060215088E1,-3.142530024E-1,9.848369956E-1,3.536677957E-1
6.062210908E1,-2.066612989E-1,6.609966159E-1,3.882888854E-1
6.064203676E1,-4.580637068E-2,4.303668439E-1,3.382214606E-1
6.066193393E1,7.829693705E-2,2.300971150E-1,1.778991669E-1
6.068189213E1,-1.640507281E-1,3.494067490E-1,-1.928128600E-1
6.070185033E1,-8.548747301E-1,1.060470819E0,-8.500810266E-1
6.072183904E1,-1.380050063E0,1.872734904E0,-1.334243774E0
6.074176673E1,-1.610679865E0,2.303101778E0,-1.762480021E0
6.076172493E1,-1.490837574E0,2.528405190E0,-2.024002552E0
6.078168312E1,-1.243163586E0,2.431998730E0,-1.977130890E0
6.080164133E1,-9.949570298E-1,2.129996300E0,-1.693770528E0
6.082156901E1,-4.596616030E-1,2.221076488E0,-1.569134593E0
6.084155772E1,-3.142530024E-1,2.447977781E0,-1.869539142E0
6.086154644E1,-1.128647685E0,2.297775507E0,-2.552906275E0
6.088153516E1,-1.112136126E0,1.551025033E0,-2.752643347E0
6.090149336E1,-4.308994710E-1,5.842975378E-1,-2.513491392E0
6.092142104E1,-1.241033077E-1,1.997370869E-1,-2.430933475E0
6.094134872E1,-3.968110085E-1,6.567355394E-1,-2.503371477E0
6.096124589E1,-4.191815555E-1,1.459412336E0,-2.523078918E0
6.098111254E1,8.522115648E-3,1.985120296E0,-2.397910357E0
6.100107074E1,2.045307755E-1,8.495483994E-1,-2.579005241E0
6.102096790E1,-1.225054115E-1,-1.328384757E0,-2.626942158E0
6.104092610E1,-4.191815555E-1,-1.837581158E0,-2.390985966E0
6.106079275E1,-1.794970632E-1,1.544633508E-1,-2.084189892E0
6.108068992E1,1.603222936E-1,5.454154015E-1,-1.751294732E0
6.110061760E1,9.108011425E-2,4.101268202E-2,-1.443433285E0
6.112051476E1,1.486043930E-1,-6.103965044E-1,-1.039165497E0
6.114044245E1,2.700445354E-1,-9.246495366E-1,-4.564658105E-1
6.116040065E1,2.221076339E-1,-1.000815988E0,6.018744037E-2
6.118032833E1,1.741707325E-1,-8.617989421E-1,3.105245829E-1
6.120025601E1,2.348908186E-1,-2.407497615E-1,3.893541694E-1
6.122015318E1,4.181163013E-1,7.462177277E-1,5.507417321E-1
6.124005034E1,5.336974859E-1,1.299622655E0,7.360977530E-1
6.125994751E1,5.241101384E-1,1.046089649E0,8.319715261E-1
6.127987519E1,6.189186573E-1,4.218447208E-1,1.014664412E0
6.129977236E1,6.103965044E-1,3.888215125E-2,1.281513095E0
6.131970004E1,6.844323874E-1,-6.945524216E-1,1.354483724E0
6.133962772E1,6.391586363E-2,-2.929477207E-2,1.230913043E0
6.135952489E1,1.225054078E-2,6.679208279E-1,1.149953008E0
6.137942205E1,6.002765298E-1,4.303668439E-1,1.157409787E0
6.139931922E1,2.402171344E-1,-1.320927888E-1,9.683253765E-1
6.141921639E1,2.514024079E-1,-1.051416039E0,1.180312991E0
6.143911355E1,3.462109566E-1,-1.894040227E0,1.413073301E0
6.145901072E1,3.611246645E-1,-2.085255146E0,1.597364068E0
6.147890788E1,1.667138934E-1,-1.528121829E0,1.702825189E0
6.149880505E1,-8.415589482E-2,-5.976133347E-1,1.315068960E0
6.151870221E1,-1.864212751E-1,6.530070901E-1,1.072188616E0
6.153859938E1,-7.297061384E-2,1.666606188E0,1.299090028E0
6.155852706E1,6.657902896E-2,2.085787773E0,1.627191424E0
6.157842423E1,1.624528319E-1,1.312405825E0,1.786448479E0
6.159832139E1,4.261057824E-2,5.326322280E-3,1.744903207E0
6.161821856E1,-1.683117896E-1,-8.085356951E-1,1.543035507E0
6.163814624E1,-1.427454352E-1,-1.090830803E0,1.336906910E0
6.165804341E1,-2.290318534E-2,-1.169127703E0,1.266599417E0
6.167797109E1,1.118527725E-2,-1.205346704E0,1.288437366E0
6.169789877E1,2.769687586E-2,-1.160073042E0,1.304948926E0
6.171779594E1,1.118527651E-1,-1.070590734E0,1.149953008E0
6.173769310E1,2.205097377E-1,-1.035437107E0,8.820389509E-1
6.175762078E1,2.705771625E-1,-1.166464567E0,5.773733258E-1
6.177751795E1,2.396845073E-1,-1.185106754E0,3.281014562E-1
6.179741512E1,1.230380461E-1,-9.331716895E-1,2.295644879E-1
6.181731228E1,8.255799860E-2,-1.992044598E-1,1.976065636E-1
6.183717893E1,1.629854590E-1,4.138552547E-1,1.864212751E-1
6.185707610E1,3.526025414E-1,7.046724558E-1,1.970739216E-1
6.187694274E1,5.528722405E-1,8.330367804E-1,2.785666585E-1
6.189683991E1,6.705839634E-1,8.117315173E-1,3.478088379E-1
6.191673707E1,3.563309610E-1,1.052481294E0,5.177185535E-1
6.193660372E1,-9.587380290E-2,5.773733258E-1,5.842975378E-1
6.195650089E1,-3.994741663E-2,-2.125202566E-1,7.211840153E-1
6.197639806E1,9.214537591E-2,-3.067961633E-1,7.787083387E-1
6.199626470E1,4.367584363E-2,2.492718846E-1,7.131945491E-1
6.201616187E1,-5.592638254E-2,7.259777188E-1,6.301039457E-1
6.203608955E1,-7.669904083E-2,7.968178391E-1,5.880259871E-1
6.205598672E1,1.438106969E-2,6.274407506E-1,6.332997084E-1
6.207585336E1,1.107875034E-1,5.235774517E-1,7.936220169E-1
6.209584208E1,1.118527651E-1,4.069310129E-1,9.416937828E-1
6.211580028E1,4.048004746E-2,1.075917110E-1,9.251821637E-1
6.213572796E1,-3.089267015E-2,-1.342233270E-1,8.692557812E-1
6.215559461E1,-6.444849819E-2,-2.652508616E-1,8.378304839E-1
6.217549178E1,5.539375171E-2,-5.374259353E-1,7.323693037E-1
6.219538894E1,4.191815555E-1,-6.823018789E-1,3.920173049E-1
6.221525559E1,6.072007418E-1,-5.539374948E-1,-6.764429063E-2
6.223515276E1,3.195793368E-3,-3.882888854E-1,-2.817624509E-1
6.225504992E1,-6.141249537E-1,-3.893541694E-1,-4.788363874E-1
6.227491657E1,-8.777779341E-1,-4.719121456E-1,-7.020092607E-1
6.229481374E1,-9.997506738E-1,-5.853627920E-1,-9.875001311E-1
6.231471090E1,-9.645969868E-1,-8.452873230E-1,-1.251153111E0
6.233460807E1,-8.761799932E-1,-1.203216195E0,-1.542502880E0
6.235447472E1,-6.359629035E-1,-1.430650115E0,-1.879659176E0
6.237437188E1,-2.253034264E-1,-1.896170735E0,-2.230663776E0
6.239423853E1,-1.331580617E-2,-1.477521777E0,-2.384594440E0
6.241416621E1,-1.922802329E-1,8.575379103E-2,-2.349973440E0
6.243406338E1,-3.328951299E-1,1.750229478E0,-2.390985966E0
6.245396054E1,-2.492718846E-1,2.353701830E0,-2.506034613E0
6.247385771E1,4.117247164E-1,1.097222447E0,-2.627474785E0
6.249372436E1,1.286839485E0,-3.078614175E-1,-2.409628153E0
6.251362152E1,8.586031795E-1,8.069378138E-1,-2.209358454E0
6.253351869E1,4.932174385E-1,5.683186054E-1,-2.403769255E0
6.255338534E1,6.396912932E-1,-4.884237647E-1,-2.545449495E0
6.257328250E1,6.700513363E-1,-1.189900398E0,-2.536394596E0
6.259327122E1,6.008091569E-1,-1.443433285E0,-2.324939728E0
6.261322942E1,5.049353242E-1,-4.724447727E-1,-2.048503637E0
6.263318762E1,7.387608886E-1,8.756473660E-1,-1.745968461E0
6.265308479E1,1.051416039E0,4.596616030E-1,-1.211205721E0
6.267298195E1,1.024784446E0,-6.135923266E-1,-5.976133347E-1
6.269287912E1,8.303736448E-1,-9.592706561E-1,-1.118527651E-1
6.271280680E1,7.850999236E-1,-4.527373910E-1,2.668487430E-1
6.273279552E1,8.330367804E-1,9.693906456E-2,6.466155052E-1
6.275272320E1,8.319715261E-1,-1.331580617E-2,1.043959141E0
6.277265088E1,9.139968753E-1,-6.695187092E-1,1.423193336E0
6.279257856E1,7.392935157E-1,-1.367799520E0,1.821602225E0
6.281253676E1,3.605920076E-1,-2.057025671E0,2.234924793E0
6.283261703E1,2.221076339E-1,-1.944640279E0,2.343049288E0
6.285257523E1,3.856257200E-1,1.059405446E0,2.315884829E0
6.287250291E1,1.362473249E0,7.510114461E-2,2.486859798E0
6.289240008E1,5.550028086E-1,-2.609897852E-1,1.959553957E0
6.291229724E1,8.841694891E-2,-6.583334208E-1,1.149420381E0
6.293219441E1,1.374191195E-1,-4.607268870E-1,1.233576298E0
6.295209158E1,7.829693705E-2,-6.833671331E-1,1.667138815E0
6.297198874E1,7.190535218E-2,-1.556884050E0,1.863680124E0
6.299188591E1,1.704423130E-2,-2.259958506E0,1.407747030E0
6.301178307E1,-8.681905270E-2,-2.272741795E0,8.772453070E-1
6.303168024E1,-2.157160491E-1,-1.859419107E0,7.675230503E-1
6.305157740E1,-2.498045117E-1,-1.817873836E0,1.078047633E0
6.307153560E1,-7.084008306E-2,-1.861549616E0,1.261273146E0
6.309143277E1,3.637878001E-1,-1.440237522E0,1.202150941E0
6.311136045E1,7.041398287E-1,-1.238902569E0,1.071655989E0
6.313125762E1,7.941546440E-1,-1.086037159E0,9.832391143E-1
6.315115478E1,6.535397172E-1,-8.372978568E-1,8.847021461E-1
6.317105195E1,4.958806038E-1,-1.406149119E-1,7.414240837E-1
6.319104066E1,4.202468395E-1,8.639294505E-1,5.528722405E-1
6.321093783E1,3.328951299E-1,1.323058486E0,4.266384244E-1
6.323080448E1,2.545982003E-1,1.252750993E0,3.877562582E-1
6.325070164E1,2.519350350E-1,1.030643344E0,3.701793849E-1
6.327059881E1,2.732403278E-1,7.637946010E-1,3.249056637E-1
6.329049598E1,2.514024079E-1,5.012069345E-1,2.988066673E-1
6.331039314E1,2.514024079E-1,3.643204570E-1,3.435477912E-1
6.333032082E1,3.557983339E-1,3.552657068E-1,3.989415467E-1
6.335024851E1,5.294364095E-1,4.980111420E-1,4.964132309E-1
6.337017619E1,6.796387434E-1,6.370281577E-1,5.661880374E-1
6.339019542E1,6.828345060E-1,8.005462289E-1,5.464806557E-1
6.341015362E1,3.014698327E-1,1.021055937E0,4.032025933E-1
6.343014234E1,-1.597896665E-1,6.370281577E-1,1.587243974E-1
6.345003951E1,-1.390170157E-1,3.621899337E-2,3.142530099E-2
6.346993667E1,4.207794741E-2,-4.111920893E-1,9.267801046E-2
6.348986435E1,1.070590764E-1,-3.643204570E-1,1.459412277E-1
6.350976152E1,1.145159304E-1,-1.091896072E-1,1.544633508E-1
6.352965868E1,5.539375171E-2,1.480717659E-1,1.757686287E-1
6.354958637E1,-2.716424316E-2,4.431500137E-1,1.667138934E-1
6.356951405E1,-5.539375171E-2,9.459548593E-1,8.735168725E-2
6.358941122E1,-1.161138266E-1,1.293763638E0,5.965480953E-2
6.360933890E1,-2.428802997E-1,1.293231010E0,1.294296384E-1
6.362920555E1,-2.860234976E-1,9.976201653E-1,3.270362020E-1
6.364910271E1,-2.615224123E-1,1.012001261E-1,6.588660479E-1
6.366899988E1,6.125270575E-2,-8.857674003E-1,9.326390028E-1
6.368889704E1,3.318298757E-1,-8.708537221E-1,8.905611038E-1
6.370879421E1,4.154531285E-2,-4.793690145E-2,4.069310129E-1
6.372866086E1,-6.705839634E-1,4.255731404E-1,-2.199771106E-1
6.374855802E1,-9.922938347E-1,6.737797856E-1,-7.563377619E-1
6.376845519E1,-9.060074091E-1,7.286409140E-1,-1.356614232E0
6.378835235E1,-7.936220169E-1,2.514024079E-1,-2.003762484E0
6.380824952E1,-6.988134980E-1,-3.781688809E-1,-2.471413612E0
6.382814669E1,-7.275756001E-1,-8.543421030E-1,-2.662628412E0
6.384804385E1,-8.767126203E-1,-5.129248500E-1,-2.662095785E0
6.386794102E1,-1.110005617E0,5.241101384E-1,-2.924150944E0
6.388786870E1,-1.058872819E0,1.137702465E0,-3.181412220E0
6.390773535E1,-4.319647253E-1,7.398261428E-1,-3.341202021E0
6.392763251E1,2.199771106E-1,-2.263686955E-1,-3.172890186E0
6.394752968E1,4.601942301E-1,-3.414172530E-1,-2.623213768E0
6.396745736E1,5.060006306E-2,5.858954787E-1,-2.174204826E0
6.398741556E1,-3.675162420E-2,1.017327532E-1,-2.207227945E0
6.400737376E1,-1.597896684E-3,-3.627225459E-1,-2.328135490E0
6.402736248E1,8.309062570E-2,5.688512325E-1,-2.267415285E0
6.404744274E1,2.860234976E-1,7.105314136E-1,-2.131061554E0
6.406746198E1,3.675162494E-1,4.846953228E-2,-1.905225515E0
6.408748121E1,3.866910040E-1,-6.807039976E-1,-1.316134214E0
6.410753096E1,4.559331834E-1,-1.239435196E0,-5.779059529E-1
6.412764175E1,5.379585624E-1,-1.277784705E0,6.977482140E-2
6.414769150E1,5.736449361E-1,-7.387608886E-1,3.579288721E-1
6.416774125E1,5.752428174E-1,-3.142530099E-2,4.836300611E-1
6.418779100E1,6.082659960E-1,1.944107562E-1,6.471481323E-1
6.420777972E1,6.018744111E-1,3.611246645E-1,8.873652816E-1
6.422776844E1,5.757754445E-1,4.921521842E-1,1.271393180E0
6.424772664E1,4.932174385E-1,-1.555286050E-1,1.804558039E0
6.426771535E1,5.374259353E-1,-1.239435196E0,2.250371218E0
6.428770407E1,3.494067490E-1,-7.563377917E-2,2.562493563E0
6.430763175E1,7.744472623E-1,1.145691872E0,2.924150944E0
6.432755944E1,9.006810784E-1,-1.624528319E-1,2.794188738E0
6.434745660E1,9.853696078E-2,-1.384843793E-2,1.766741157E0
6.436735377E1,3.238403797E-1,-6.018744037E-2,1.348624825E0
6.438731197E1,1.757686287E-1,-1.113201380E-1,1.551557660E0
6.440730068E1,-4.793690145E-2,-5.075985193E-1,1.832787514E0
6.442719785E1,-1.107875034E-1,-1.079112887E0,1.510545015E0
6.444709501E1,-2.274339646E-1,-1.809884310E0,8.921589851E-1
6.446696166E1,-3.557983339E-1,-2.092179298E0,6.540724039E-1
6.448691986E1,-4.644553065E-1,-2.052764654E0,5.970807076E-1
6.450681703E1,-4.037352204E-1,-1.703890443E0,6.423544884E-1
6.452671419E1,-2.269013226E-1,-1.343831062E0,7.435545921E-1
6.454664188E1,1.810949668E-2,-1.102548718E0,8.884305358E-1
6.456660008E1,2.982740402E-1,-8.958874345E-1,9.635316730E-1
6.458649724E1,5.091964006E-1,-5.699164867E-1,9.438242912E-1
6.460657751E1,6.519418359E-1,2.450108156E-2,9.214537740E-1
6.462665778E1,8.266451955E-1,9.454222322E-1,7.787083387E-1
6.464670753E1,8.442220688E-1,1.627191424E0,6.119944453E-1
6.466675728E1,6.237123609E-1,1.799231648E0,5.613943934E-1
6.468680703E1,3.067961633E-1,1.728391528E0,5.432848930E-1
6.470688730E1,2.609897964E-2,1.605353594E0,5.166532397E-1
6.472690653E1,-1.491370201E-1,1.106277108E0,4.841626883E-1
6.474692577E1,-1.118527651E-1,3.398193717E-1,3.792341352E-1
6.476691448E1,9.161274135E-2,-4.314320907E-2,3.051982522E-1
6.478690320E1,2.524676621E-1,4.101268202E-2,3.233077526E-1
6.480686140E1,1.922802329E-1,2.870887816E-1,4.202468395E-1
6.482688064E1,2.503371425E-2,3.776362538E-1,5.336974859E-1
6.484686935E1,7.350324839E-2,4.777711034E-1,7.153250575E-1
6.486679704E1,3.664509654E-1,7.616640925E-1,8.719189763E-1
6.488672472E1,5.379585624E-1,8.149272799E-1,8.287757635E-1
6.490674395E1,3.765709996E-1,7.099987864E-1,8.165252209E-1
6.492673267E1,1.981391907E-1,3.877562582E-1,8.532768488E-1
6.494662983E1,1.411475390E-1,-2.242381722E-1,7.648598552E-1
6.496652700E1,2.343581766E-1,-4.101268053E-1,5.331648588E-1
6.498639365E1,2.588592768E-1,-3.850930929E-1,1.464738697E-1
6.500629081E1,1.331580579E-1,-2.615224123E-1,-3.296993375E-1
6.502618798E1,-1.374191195E-1,4.000068009E-1,-5.997439027E-1
6.504611566E1,-7.643272281E-1,8.639294505E-1,-8.271778226E-1
6.506598231E1,-1.075917125E0,7.989483476E-1,-1.072721362E0
6.508587948E1,-9.491506219E-1,-9.853696078E-2,-1.121723413E0
6.510580716E1,-7.973504663E-1,-1.497229218E0,-1.280980468E0
6.512573484E1,-6.583334208E-1,-2.655704260E0,-1.611745119E0
6.514563201E1,-4.985437691E-1,-2.942260504E0,-1.914280176E0
6.516549866E1,-7.105314136E-1,-1.644235730E0,-2.426672459E0
6.518539582E1,-1.425323844E0,7.084008306E-2,-3.105778456E0
6.520529299E1,-1.681519985E0,8.958874345E-1,-3.562244415E0
6.522515964E1,-1.244228840E0,9.864348769E-1,-3.649063349E0
6.524505680E1,-2.657834888E-1,6.535397172E-1,-3.213902950E0
6.526495397E1,4.878911078E-1,1.885518134E-1,-2.795786619E0
6.528491217E1,1.230380416E0,-3.973436356E-1,-2.485794544E0
6.530477881E1,1.411475420E0,1.076449752E0,-2.342516422E0
6.532473701E1,2.242381722E-1,3.725762367E0,-2.589657784E0
6.534466470E1,1.821602285E-1,2.442118883E0,-2.696717024E0
6.536456186E1,5.480785370E-1,-9.214537740E-1,-2.008556128E0
6.538445903E1,5.251753926E-1,-2.642388582E0,-1.201618314E0
6.540435619E1,4.330300093E-1,-2.333994389E0,-5.651227832E-1
6.542425336E1,5.395564437E-1,-1.605886221E0,-3.142530099E-2
6.544415052E1,7.648598552E-1,-1.107874990E0,3.717772961E-1
6.546407821E1,7.430219650E-1,-5.283711553E-1,6.652576327E-1
6.548403641E1,5.928196907E-1,-1.443433315E-1,7.691209316E-1
6.550393357E1,6.924219131E-1,-2.721750736E-1,9.246495366E-1
6.552386126E1,6.945524216E-1,-2.737729549E-1,1.326786876E0
6.554375842E1,7.526093125E-1,-4.356931746E-1,1.799764276E0
6.556371662E1,6.865629554E-1,-8.889631629E-1,2.225337505E0
6.558370534E1,8.239820600E-1,-1.073786616E0,2.380333424E0
6.560372457E1,4.708468914E-1,1.838113785E0,2.248773336E0
6.562377432E1,1.022653818E0,1.282578349E0,2.188585758E0
6.564367149E1,8.298410177E-1,-5.779059529E-1,1.766208410E0
6.566366020E1,2.892192900E-1,2.876214087E-1,9.619337916E-1
6.568367944E1,6.274407506E-1,3.265035450E-1,8.234494328E-1
6.570369867E1,4.926848114E-1,-7.350324988E-1,9.326390028E-1
6.572362636E1,1.581917703E-1,-1.781654835E0,9.166600704E-1
6.574352352E1,-2.428802997E-1,-1.847168565E0,8.671252728E-1
6.576351224E1,-3.744404614E-1,-1.381115317E0,7.866978049E-1
6.578343992E1,-3.222424984E-1,-9.219864011E-1,8.346347213E-1
6.580333709E1,-2.226402760E-1,-6.583334208E-1,1.017860174E0
6.582329528E1,-3.621899337E-2,-4.623247683E-1,1.138235092E0
6.584325348E1,1.842907518E-1,-4.149205089E-1,1.141430855E0
6.586318117E1,2.998719513E-1,-5.438175201E-1,1.010936022E0
6.588316988E1,2.647182047E-1,-6.024070382E-1,9.028116465E-1
6.590315860E1,1.129180342E-1,-5.214469433E-1,9.629990458E-1
6.592314732E1,2.130528912E-3,-1.635181010E-1,1.012533903E0
6.594310552E1,1.102548689E-1,5.273059011E-1,8.815063238E-1
6.596309424E1,4.085289240E-1,1.364603758E0,7.621967196E-1
6.598308295E1,5.880259871E-1,1.679389358E0,7.323693037E-1
6.600304115E1,5.773733258E-1,1.473260760E0,6.370281577E-1
6.602296884E1,5.491438508E-1,1.367799520E0,5.044026971E-1
6.604295755E1,5.816344023E-1,1.622397780E0,2.466087192E-1
6.606288523E1,5.608617067E-1,2.137985706E0,-2.130528912E-3
6.608278240E1,3.637878001E-1,2.405367136E0,-1.842907518E-1
6.610271008E1,1.667138934E-1,2.620550632E0,-2.135855258E-1
6.612266828E1,5.060006306E-2,2.816559315E0,-1.384843737E-1
6.614268752E1,-5.645901710E-2,2.561428308E0,-5.699164793E-2
6.616261520E1,-1.384843793E-2,1.247424722E0,4.740426689E-2
6.618251236E1,1.262338310E-1,-2.348908186E-1,1.379517466E-1
6.620244005E1,2.125202566E-1,-5.486112237E-1,1.608549356E-1
6.622245928E1,1.406149119E-1,1.070590764E-1,5.273059011E-2
6.624247852E1,-7.137271762E-2,8.905611038E-1,-8.628641814E-2
6.626246723E1,-1.965412945E-1,1.344896317E0,-8.415589482E-2
6.628248647E1,-8.309062570E-2,1.361407995E0,3.781688958E-2
6.630250570E1,1.166464612E-1,9.683253765E-1,1.640507281E-1
6.632249442E1,2.300971150E-1,6.876282096E-1,1.858886480E-1
6.634251365E1,2.141181529E-1,7.739146352E-1,1.262338310E-1
6.636253289E1,8.522115648E-2,9.592706561E-1,3.089267015E-2
6.638255212E1,-4.420847446E-2,1.076449752E0,-2.237055451E-2
6.640254084E1,-1.203748807E-1,1.174986720E0,-3.302319720E-2
6.642259059E1,-1.491370201E-1,1.220260382E0,-8.309062570E-2
6.644267086E1,-1.874865443E-1,1.171790957E0,-1.118527651E-1
6.646265957E1,-3.073287904E-1,1.112136126E0,-1.486043930E-1
6.648261777E1,-4.511395097E-1,1.278849959E0,-6.657902896E-2
6.650266752E1,-4.772384763E-1,1.537176609E0,4.793690052E-3
6.652265624E1,-4.229099751E-1,1.756088495E0,8.415589482E-2
6.654264496E1,-3.557983339E-1,1.913214922E0,3.472762108E-1
6.656254212E1,-4.261057973E-1,1.872202277E0,5.528722405E-1
6.658250032E1,-5.075985193E-1,1.620799899E0,7.062703371E-1
6.660245852E1,-1.741707325E-1,9.917612076E-1,6.114618182E-1
6.662247776E1,-1.326254308E-1,6.119944453E-1,3.515372574E-1
6.664246647E1,-4.633900523E-1,1.548361897E0,8.096009493E-2
6.666236364E1,-5.502091050E-1,2.051699400E0,-2.332929224E-1
6.668226080E1,-4.351605177E-1,1.986185551E0,-7.574030161E-1
6.670215797E1,-2.066612989E-1,2.242914200E0,-1.299622655E0
6.672214669E1,-4.900216311E-2,2.415487051E0,-1.672997832E0
6.674207437E1,4.261057824E-3,2.079928875E0,-1.886050701E0
6.676200205E1,1.246359423E-1,1.595233560E0,-2.043709755E0
6.678192973E1,4.735100567E-1,1.663410425E0,-2.171009064E0
6.680188793E1,5.539374948E-1,2.389920712E0,-2.335592270E0
6.682178510E1,-9.001484513E-2,2.274339676E0,-2.801645517E0
6.684168226E1,-6.924218964E-3,1.359277487E0,-2.897519350E0
6.686160995E1,-7.350324839E-2,7.637946010E-1,-2.936933994E0
6.688150711E1,-3.994741738E-1,6.929545403E-1,-2.683933735E0
6.690143480E1,-7.025418878E-1,8.788431883E-1,-2.389920712E0
6.692136248E1,-1.041296005E0,1.223456264E0,-2.183259487E0
6.694129016E1,-1.239435196E0,1.296959519E0,-2.052764654E0
6.696118733E1,-1.268197298E0,1.132376075E0,-1.902029634E0
6.698108449E1,-1.354483724E0,9.331716895E-1,-1.797101140E0
6.700101218E1,-1.505218625E0,8.575378656E-1,-1.696966290E0
6.702100089E1,-1.628789306E0,9.070726633E-1,-1.537176609E0
6.704095909E1,-1.688976765E0,9.582054019E-1,-1.304948926E0
6.706085626E1,-1.657551527E0,1.188302517E0,-1.103613973E0
6.708078394E1,-1.582983017E0,1.412540674E0,-8.420915604E-1
6.710068110E1,-1.508947134E0,1.471130252E0,-4.996090233E-1
6.712057827E1,-1.324656367E0,1.385909081E0,-7.882957160E-2
6.714047544E1,-1.073786616E0,1.050350785E0,3.904194236E-1
6.716037260E1,-9.342369437E-1,5.416869521E-1,8.697884083E-1
6.718030028E1,-8.745821118E-1,2.348908186E-1,1.399224877E0
6.720019745E1,-7.803062201E-1,2.460760921E-1,1.967543483E0
6.722015565E1,-6.998787522E-1,6.194512844E-1,2.446912527E0
6.724005282E1,-6.530070901E-1,7.046724558E-1,2.767024517E0
6.725994998E1,-4.490089715E-1,3.941478580E-2,2.889529943E0
6.727987766E1,1.294296384E-1,-1.169127703E0,2.748914957E0
6.729980535E1,7.765777707E-1,-2.029328823E0,2.258893251E0
6.731973303E1,1.551557660E0,-2.446379900E0,1.589374542E0
6.733969123E1,2.242914200E0,-9.017463326E-1,1.342765808E0
6.735958839E1,2.285524845E0,2.153964758E0,1.402420640E0
6.737948556E1,1.004011750E0,5.308212757E0,6.013417840E-1
6.739938273E1,-8.868326545E-1,5.784918785E0,-1.211205721E0
6.741927989E1,-5.938849449E-1,5.909021854E0,-2.850647688E0
6.743920757E1,1.398692250E0,3.585147619E0,-3.035470963E0
6.745910474E1,8.868326545E-1,-4.953479767E-2,-3.186206102E0
6.747900190E1,-7.195861340E-1,-4.460794926E0,-2.641323328E0
6.749899062E1,-1.936118126E0,-6.116215706E0,-1.412008047E0
6.751891830E1,-1.612810373E0,-5.085040092E0,-5.320996046E-1
6.753881547E1,-4.729774296E-1,-2.459695578E0,-4.016047120E-1
6.755874315E1,4.143878818E-1,8.894958496E-1,-6.604639441E-2
6.757864032E1,8.122641444E-1,3.151052237E0,3.249056637E-1
6.759853748E1,8.096010089E-1,3.257045984E0,4.101268053E-1
6.761840413E1,4.990763962E-1,1.834385395E0,1.576591432E-1
6.763830130E1,2.135855258E-1,6.008091569E-1,2.567287385E-1
6.765816795E1,-3.249056637E-2,9.640643001E-2,6.162554622E-1
6.767809563E1,-2.476739883E-1,-9.853696078E-2,7.195861340E-1
6.769796228E1,-2.295644879E-1,1.565938741E-1,7.595335841E-1
6.771785944E1,5.933523178E-1,2.120941639E0,1.037034988E0
6.773778713E1,5.491438508E-1,2.664226294E0,8.756473660E-1
6.775771481E1,-1.049285457E-1,1.606951475E0,5.432848930E-1
6.777764249E1,-6.364955306E-1,3.755057156E-1,4.559331834E-1
6.779757017E1,-7.030745149E-1,-1.656486243E-1,5.550028086E-1
6.781746734E1,-3.866910040E-1,-2.077265680E-1,6.082659960E-1
6.783736450E1,-1.097222418E-1,-3.760383427E-1,4.894890189E-1
6.785729219E1,3.249056637E-2,-6.162554622E-1,2.125202566E-1
6.787718935E1,1.001348570E-1,-4.197141826E-1,-9.960222989E-2
6.789708652E1,3.621899337E-2,2.988066673E-1,-3.099919558E-1
6.791698368E1,-2.242381722E-1,1.245826840E0,-4.186489284E-1
6.793688085E1,-5.464806557E-1,2.185922623E0,-5.683186054E-1
6.795677802E1,-7.366303802E-1,3.146791220E0,-7.339671850E-1
6.797667518E1,-7.627293468E-1,3.935619593E0,-7.685883045E-1
6.799657234E1,-7.568703890E-1,4.109790325E0,-4.868258536E-1
6.801646951E1,-6.993461251E-1,3.567570686E0,-1.225054078E-2
6.803639719E1,-5.209143162E-1,2.329733372E0,3.089267015E-1
6.805626384E1,-1.965412945E-1,7.041398287E-1,5.166532397E-1
6.807619152E1,9.427590668E-2,-6.423544884E-1,6.194512844E-1
6.809605817E1,2.258360684E-1,-1.200020432E0,6.620618701E-1
6.811595534E1,3.036003709E-1,-1.082308650E0,6.844323874E-1
6.813582199E1,2.242381722E-1,-2.439455539E-1,6.082659960E-1
6.815571915E1,-3.728425503E-2,9.278453588E-1,4.293015897E-1
6.817561632E1,-3.728425503E-1,2.039448738E0,2.375539690E-1
6.819551348E1,-6.439523697E-1,2.740392923E0,1.352885813E-1
6.821541065E1,-7.984157205E-1,2.943325758E0,1.219727769E-1
6.823527730E1,-7.787083387E-1,2.824548721E0,1.810949594E-1
6.825517446E1,-5.954828262E-1,2.471413612E0,2.743056118E-1
6.827507163E1,-3.760383427E-1,1.937716007E0,3.009372056E-1
6.829493828E1,-2.897519469E-1,1.252750993E0,1.869539171E-1
6.831483544E1,-2.322276533E-1,8.388957381E-1,-1.043959185E-1
6.833473261E1,-1.118527651E-1,8.969526887E-1,-6.684534550E-1
6.835459926E1,-1.203748807E-1,1.209607840E0,-1.419997573E0
6.837449642E1,-3.078614175E-1,2.405367136E0,-1.721467376E0
6.839436307E1,-1.120125532E0,5.895706177E0,-1.876463294E0
6.841426024E1,-3.089267015E0,7.748200893E0,-2.655704260E0
6.843415740E1,-3.537210703E0,7.787083149E0,-3.603256941E0
6.845402405E1,-1.483913422E0,6.547115326E0,-3.495665312E0
6.847392122E1,-8.921589851E-1,2.340918541E0,-3.001382589E0
6.849381838E1,-9.374327064E-1,5.965480953E-2,-2.934270859E0
6.851368503E1,-1.135039330E0,-2.130528912E-3,-2.782470703E0
6.853358220E1,-1.086569786E0,7.302387953E-1,-2.469283104E0
6.855347936E1,-8.910937309E-1,1.713477850E0,-2.171009064E0
6.857334601E1,-1.026382327E0,2.495382071E0,-1.986185551E0
6.859327369E1,-8.575378656E-1,2.109223604E0,-1.936118126E0
6.861320137E1,-6.082659960E-1,1.256479383E0,-2.014947653E0
6.863309854E1,-6.056028605E-1,8.010788560E-1,-2.011751890E0
6.865296519E1,-3.989415467E-1,4.399542212E-1,-1.859951735E0
6.867286235E1,-1.518001854E-1,1.794970632E-1,-1.943575025E0
6.869279004E1,-2.902845740E-1,-1.986718178E-1,-2.081526756E0
6.871271772E1,-6.567355394E-1,-4.942827225E-1,-1.929726601E0
6.873258437E1,-6.876282096E-1,-3.579288721E-1,-1.639441967E0
6.875248153E1,-4.793690145E-1,6.551376730E-2,-1.285774231E0
6.877240922E1,-3.217098713E-1,2.306297570E-1,-9.789780378E-1
6.879227586E1,-3.020024598E-1,1.917476021E-2,-7.723167539E-1
6.881217303E1,-3.296993375E-1,-1.869539171E-1,-5.624596477E-1
6.883207019E1,-2.817624509E-1,-2.034655064E-1,-2.865561247E-1
6.885196736E1,-1.965412945E-1,7.989482954E-3,-9.587380290E-2
6.887204366E1,-1.406149119E-1,2.338255495E-1,1.331580617E-2
6.889194084E1,-6.391586363E-2,2.455434501E-1,1.549959779E-1
6.891183801E1,-2.343581803E-2,2.625876963E-1,2.551308274E-1
6.893173519E1,-3.462109342E-2,3.328951299E-1,3.094593287E-1
6.895163236E1,-4.633900523E-2,4.277036786E-1,3.595267534E-1
6.897149902E1,-1.225054078E-2,6.024070382E-1,3.755057156E-1
6.899142671E1,1.597896684E-3,7.243798375E-1,3.755057156E-1
6.901135440E1,-7.989482954E-3,6.327670813E-1,4.058657587E-1
6.903131261E1,-5.060006306E-2,6.487460732E-1,4.841626883E-1
6.905124031E1,-5.060006306E-2,6.205165386E-1,6.040049195E-1
6.907113748E1,-1.597896591E-2,4.074636400E-1,6.918892860E-1
6.909103466E1,-4.261057824E-3,2.647182047E-1,6.769755483E-1
6.911093183E1,9.960222989E-2,3.424825370E-1,5.416869521E-1
6.913082901E1,1.118527725E-2,5.534048676E-1,5.651227832E-1
6.915078722E1,-2.604571581E-1,6.146575809E-1,5.507417321E-1
6.917074543E1,7.456851192E-3,4.500742257E-1,5.725796223E-1
6.919070364E1,2.476739883E-1,2.657834888E-1,5.720469952E-1
6.921060081E1,1.432780623E-1,6.087986231E-1,5.901564956E-1
6.923055902E1,3.675162420E-2,4.783037305E-1,6.593986750E-1
6.925048671E1,2.061286718E-1,-4.777711034E-1,9.795106649E-1
6.927038389E1,2.242381722E-1,-9.640643597E-1,1.379517436E0
6.929037261E1,3.121224940E-1,-1.412540674E0,1.646898866E0
6.931030031E1,1.773665249E-1,-1.113734007E0,1.716673613E0
6.933025852E1,2.157160491E-1,-3.611246645E-1,1.663943052E0
6.935021673E1,3.174487948E-1,5.464806557E-1,1.539307117E0
6.937020545E1,2.194444835E-1,9.496832490E-1,1.531317711E0
6.939019418E1,2.396845073E-2,6.652576327E-1,1.623995662E0
6.941012187E1,3.515372798E-2,-6.924218964E-3,1.603755593E0
6.943008008E1,1.475391239E-1,-8.197209835E-1,1.510012388E0
6.945000777E1,1.070590764E-1,-1.479119658E0,1.454618573E0
6.946996598E1,-3.408846259E-2,-1.815210581E0,1.429052234E0
6.948989367E1,-1.565938741E-1,-2.004827738E0,1.427986979E0
6.950985188E1,-9.374327213E-2,-2.087385654E0,1.399757504E0
6.952974906E1,1.491370201E-1,-1.817341208E0,1.323591113E0
6.954967675E1,4.308994710E-1,-1.160605669E0,1.174454093E0
6.956957392E1,4.814995229E-1,-7.499461770E-1,9.012137055E-1
6.958944058E1,3.888215125E-1,-4.761732221E-1,5.837649107E-1
6.960933776E1,2.514024079E-1,-3.195793182E-2,3.270362020E-1
6.962923493E1,1.310275346E-1,5.842975378E-1,1.965412945E-1
6.964913211E1,4.793690145E-2,1.164866686E0,1.512675583E-1
6.966902928E1,2.556634694E-2,1.611212492E0,1.933455020E-1
6.968889594E1,2.556634694E-2,1.932922363E0,2.982740402E-1
6.970879312E1,5.699164793E-2,2.151301622E0,4.175836742E-1
6.972869029E1,1.091896072E-1,2.163019419E0,4.452805519E-1
6.974861798E1,1.544633508E-1,1.781654835E0,3.488741219E-1
6.976854568E1,2.503371537E-1,1.441835403E0,3.265035450E-1
6.978853440E1,2.157160491E-1,1.310275316E0,3.281014562E-1
6.980846210E1,-9.374327213E-2,1.161138296E0,2.471413612E-1
6.982835927E1,-3.403519988E-1,1.001348615E0,2.327602804E-1
6.984822593E1,-2.961435318E-1,7.957525253E-1,2.988066673E-1
6.986815362E1,-1.225054115E-1,6.162554622E-1,3.494067490E-1
6.988805080E1,-7.243798673E-2,5.454154015E-1,3.925499618E-1
6.990794797E1,-1.209075153E-1,6.029396653E-1,3.936152160E-1
6.992781463E1,-1.890844405E-1,6.364955306E-1,3.307646215E-1
6.994777284E1,-2.231729031E-1,5.954828262E-1,2.918824553E-1
6.996767001E1,-2.194444835E-1,4.687163532E-1,3.483414650E-1
6.998756719E1,-1.901497096E-1,3.014698327E-1,4.335626364E-1
7.000746436E1,-1.709749401E-1,3.249056637E-1,4.559331834E-1
7.002736154E1,-1.778991669E-1,3.856257200E-1,4.687163532E-1
7.004728923E1,-1.677791476E-1,4.404868484E-1,5.416869521E-1
7.006724744E1,-1.113201380E-1,4.394215941E-1,6.540724039E-1
7.008717513E1,-5.326322280E-4,2.194444835E-1,7.036072016E-1
7.010707231E1,9.587380290E-2,-7.190535218E-2,6.263754964E-1
7.012696948E1,5.752427876E-2,-3.579288721E-1,4.324973822E-1
7.014686666E1,-6.178534031E-2,-5.454154015E-1,9.480853379E-2
7.016679435E1,-2.205097377E-1,-4.894890189E-1,-1.113201380E-1
7.018666101E1,-3.430151641E-1,-4.740426838E-1,-4.021373391E-1
7.020655818E1,-4.229099751E-1,-5.171858668E-1,-7.153250575E-1
7.022645536E1,-4.964132309E-1,-4.367584288E-1,-9.848369956E-1
7.024635253E1,-4.793690145E-1,-1.161138266E-1,-1.186172009E0
7.026621919E1,-4.420847595E-1,2.764361203E-1,-1.401355386E0
7.028611637E1,-4.820321798E-1,4.261057973E-1,-1.557416677E0
7.030601354E1,-4.857605994E-1,4.868258536E-1,-1.645300984E0
7.032588020E1,-5.006743073E-1,2.540655732E-1,-1.758219004E0
7.034577738E1,-3.973436356E-1,9.534116834E-2,-1.775263190E0
7.036567455E1,-6.870955974E-2,1.117995024E0,-1.705488443E0
7.038557172E1,1.113201380E-1,2.858637094E0,-1.860484362E0
7.040543838E1,8.628641814E-2,3.311374664E0,-2.198173285E0
7.042533556E1,2.455434501E-1,1.884452820E0,-2.363821745E0
7.044523273E1,2.327602804E-1,-4.793690052E-3,-2.299906015E0
7.046509939E1,1.347559541E-1,-2.044242382E0,-2.213619471E0
7.048499657E1,-7.776430249E-2,-2.239185810E0,-2.316950083E0
7.050489374E1,-1.331580579E-1,-9.715211987E-1,-2.094842434E0
7.052476040E1,1.821602285E-1,4.921521842E-1,-1.962749720E0
7.054465758E1,3.201119602E-1,1.046089649E0,-2.295644999E0
7.056455475E1,2.466087192E-1,9.092032313E-1,-2.348908186E0
7.058442141E1,2.418150306E-1,2.348908186E-1,-2.034655094E0
7.060431858E1,2.950782478E-1,-1.288969964E-1,-1.663943052E0
7.062421576E1,3.621899188E-1,-1.651159972E-1,-1.286306858E0
7.064408242E1,4.436826408E-1,-1.145159304E-1,-8.532768488E-1
7.066401011E1,5.177185535E-1,-9.640643001E-2,-4.671184719E-1
7.068393780E1,6.029396653E-1,-1.059938148E-1,-2.583266199E-1
7.070380446E1,6.125270724E-1,-1.480717659E-1,-8.894958347E-2
7.072370163E1,6.524744630E-1,-1.118527725E-2,9.161274135E-2
7.074359881E1,6.396912932E-1,2.258360684E-1,3.552657068E-1
7.076346547E1,5.677859783E-1,-4.261057824E-3,6.332997084E-1
7.078336264E1,5.134574771E-1,-2.822950855E-2,8.245146871E-1
7.080325982E1,4.261057973E-1,2.002697140E-1,1.104679227E0
7.082312648E1,2.412824035E-1,-1.246359423E-1,1.419997573E0
7.084302365E1,-1.608549356E-1,-1.286839485E0,1.652225137E0
7.086292082E1,-7.302387953E-1,-8.703210354E-1,1.845038056E0
7.088278748E1,3.302319720E-2,8.037420511E-1,2.054362535E0
7.090268466E1,6.002765298E-1,-4.175836742E-1,2.215217352E0
7.092258183E1,-2.130528912E-2,-6.546050310E-1,1.825863242E0
7.094244849E1,-3.089267015E-2,-6.428871155E-1,1.462608099E0
7.096234567E1,-3.142530099E-2,2.018676102E-1,1.349157453E0
7.098224284E1,-1.928128600E-1,3.121224940E-1,1.429584861E0
7.100210950E1,-3.174487948E-1,8.788431436E-2,1.785383224E0
7.102200668E1,-1.512675583E-1,-2.535329461E-1,1.814145327E0
7.104190385E1,-2.663161140E-3,-8.831042051E-1,1.487109184E0
7.106177051E1,-3.568635881E-2,-1.609614611E0,1.223456264E0
7.108166768E1,-8.948221803E-2,-1.968076110E0,1.153148770E0
7.110156486E1,-5.432848632E-2,-1.854625463E0,1.155279279E0
7.112146203E1,6.657902896E-2,-1.551557660E0,1.166997194E0
7.114135921E1,2.221076339E-1,-1.433313370E0,1.128115058E0
7.116125638E1,3.733751774E-1,-1.335841656E0,1.062601328E0
7.118115356E1,4.585963488E-1,-1.105211854E0,1.000283360E0
7.120102022E1,4.846953154E-1,-7.478156686E-1,8.884305358E-1
7.122091739E1,4.756405652E-1,-9.321063757E-2,7.744472623E-1
7.124081457E1,4.101268053E-1,6.737797856E-1,6.684534550E-1
7.126068122E1,3.217098713E-1,1.135039330E0,5.336974859E-1
7.128057840E1,2.711097896E-1,1.253816247E0,3.861583769E-1
7.130047558E1,2.332929224E-1,1.343298435E0,3.446130455E-1
7.132034223E1,1.336906850E-1,1.181378245E0,4.090615511E-1
7.134023941E1,-4.314320907E-2,5.720469952E-1,4.511395097E-1
7.136010607E1,-7.989483327E-2,-1.576591432E-1,3.531351686E-1
7.138000324E1,6.231797114E-2,-6.018744111E-1,2.615224123E-1
7.139990042E1,1.693770438E-1,-5.768406987E-1,2.125202566E-1
7.141979759E1,1.592570394E-1,-1.986718178E-1,2.071939409E-1
7.143966425E1,5.965480953E-2,1.693770438E-1,2.471413612E-1
7.145956142E1,-1.651159860E-2,6.524744630E-1,2.998719513E-1
7.147945860E1,-1.544633508E-2,8.026767969E-1,3.515372574E-1
7.149932526E1,1.065264456E-2,7.217166424E-1,4.021373391E-1
7.151922243E1,-6.604639441E-2,7.435545921E-1,5.443501472E-1
7.153911961E1,-6.711166352E-2,5.635249019E-1,6.940197945E-1
7.155898626E1,7.989482954E-3,1.603222936E-1,8.495483994E-1
7.157888344E1,-7.989482954E-3,1.065264456E-2,1.048220277E0
7.159878062E1,-6.444849819E-2,-3.355583176E-2,1.146224499E0
7.161864727E1,-5.645901710E-2,-2.673813701E-1,1.159007788E0
7.163854445E1,-1.065264456E-2,-5.890912414E-1,1.047687650E0
7.165844162E1,3.888215125E-2,-5.448827744E-1,8.708537221E-1
7.167833880E1,-1.358212233E-1,1.592570394E-1,3.515372574E-1
7.169826649E1,-5.853627920E-1,6.924219131E-1,-4.351605177E-1
7.171816367E1,-7.408914566E-1,7.020092607E-1,-9.619337916E-1
7.173806084E1,-7.637946010E-1,3.520699143E-1,-1.262871027E0
7.175801905E1,-7.946872711E-1,1.251685768E-1,-1.438107014E0
7.177791623E1,-7.424893379E-1,5.219795927E-2,-1.624528289E0
7.179781340E1,-5.251753926E-1,-2.822950855E-2,-1.879126549E0
7.181768006E1,-2.370213419E-1,-4.601942301E-1,-2.237587929E0
7.183757724E1,-3.728425503E-2,-1.307079434E0,-2.510295630E0
7.185747441E1,1.597896684E-3,-5.491438508E-1,-2.548112631E0
7.187734107E1,-8.096009493E-2,1.481782913E0,-2.719620228E0
7.189723824E1,-2.785666585E-1,3.281014442E0,-2.950249910E0
7.191713542E1,4.777711034E-1,3.629888535E0,-3.007241488E0
7.193703259E1,5.715143681E-1,1.680454731E0,-2.777677059E0
7.195689925E1,9.747169912E-2,-5.709817410E-1,-2.574744225E0
7.197679643E1,-4.207794741E-2,-1.600559831E0,-2.262089014E0
7.199666308E1,6.711166352E-2,-1.823732734E0,-2.070341587E0
7.201656026E1,-3.888215125E-2,-7.558051348E-1,-2.046905756E0
7.203645744E1,-9.906959534E-2,6.253102422E-1,-2.093777180E0
7.205632409E1,1.507349163E-1,1.727858901E0,-2.115615129E0
7.207622127E1,3.776362538E-1,1.775795817E0,-1.923334956E0
7.209611844E1,4.436826408E-1,1.842907518E-1,-1.304948926E0
7.211598510E1,3.563309610E-1,-1.156877160E0,-5.688512325E-1
7.213588228E1,3.115898669E-1,-1.149420381E0,-8.362326026E-2
7.215577945E1,3.643204570E-1,-4.186489284E-1,1.715075821E-1
7.217567663E1,4.713795185E-1,4.117247164E-1,5.091964006E-1
7.219554328E1,6.764429212E-1,3.744404614E-1,8.660600185E-1
7.221544046E1,4.777711034E-1,-4.522047639E-1,1.251685739E0
7.223533763E1,1.352885813E-1,-1.300687909E0,1.724663138E0
7.225520429E1,2.263686955E-1,-1.249555230E0,2.091646671E0
7.227510147E1,1.390170157E-1,1.082841277E0,2.403236628E0
7.229499864E1,5.571333170E-1,1.843972802E0,2.878877163E0
7.231486530E1,7.600662112E-1,8.495483994E-1,2.584864140E0
7.233476248E1,-4.884237647E-1,3.557983339E-1,1.580852509E0
7.235465965E1,-4.729774296E-1,-2.977414131E-1,1.277252078E0
7.237452631E1,-1.747033745E-1,-5.624596477E-1,1.519067168E0
7.239442348E1,-7.297061384E-2,-1.213868856E0,1.698031545E0
7.241432066E1,-6.924218684E-2,-1.715075731E0,1.613875628E0
7.243418732E1,-1.922802329E-1,-1.705488443E0,1.189367771E0
7.245408449E1,-3.083940744E-1,-1.372060657E0,9.198558331E-1
7.247398167E1,-3.834952116E-1,-1.073786616E0,9.661948681E-1
7.249387884E1,-3.211772442E-1,-9.896306992E-1,1.136637211E0
7.251374550E1,-5.645901710E-2,-7.840346098E-1,1.220793009E0
7.253364268E1,2.695119083E-1,-4.340952635E-1,1.227184653E0
7.255353985E1,4.884237647E-1,-2.556634545E-1,1.143561363E0
7.257340651E1,5.475459099E-1,-2.545982003E-1,1.002413869E0
7.259330368E1,5.086637735E-1,-1.155811921E-1,7.440872192E-1
7.261320086E1,4.165183902E-1,4.351605177E-1,5.448827744E-1
7.263306752E1,2.567287385E-1,9.928264618E-1,4.676510990E-1
7.265296469E1,9.534116834E-2,1.228249907E0,4.783037305E-1
7.267286187E1,-6.391586736E-3,1.287372112E0,5.795038939E-1
7.269272852E1,-4.261057824E-3,1.014664412E0,6.439523697E-1
7.271262570E1,-2.716424316E-2,3.781688958E-2,6.711165905E-1
7.273249236E1,8.522115648E-2,-8.064051867E-1,6.210491657E-1
7.275238953E1,3.323625028E-1,-9.097358584E-1,6.466155052E-1
7.277228671E1,4.511395097E-1,-3.446130455E-1,8.356999755E-1
7.279215337E1,2.876214087E-1,5.134574771E-1,1.018925428E0
7.281205054E1,-1.134506613E-1,1.138767719E0,1.104146600E0
7.283194772E1,-2.205097377E-1,9.097358584E-1,1.120125532E0
7.285181437E1,-5.326322280E-4,-2.876213938E-2,1.234641552E0
7.287171155E1,2.093244642E-1,-1.084439158E0,1.297492146E0
7.289160872E1,3.456783295E-1,-1.612810373E0,1.052481294E0
7.291147538E1,4.191815555E-1,-1.362473249E0,4.095941782E-1
7.293137256E1,2.982740402E-1,-5.145227313E-1,-2.716424465E-1
7.295123922E1,-4.846953228E-2,6.934871674E-1,-8.069378138E-1
7.297113639E1,-5.826996565E-1,1.602690339E0,-1.067394972E0
7.299103357E1,-7.568703890E-1,1.143561363E0,-9.566074610E-1
7.301093074E1,-6.008091569E-1,4.793690145E-2,-7.648598552E-1
7.303088895E1,-5.470132828E-1,-8.362326026E-1,-8.468852639E-1
7.305078612E1,-5.246427655E-1,-1.367799520E0,-1.214934111E0
7.307068330E1,-5.560680628E-1,-1.712945223E0,-1.725728393E0
7.309058048E1,-5.688512325E-1,-2.372344017E0,-2.145975351E0
7.311047765E1,-7.403587699E-1,-2.606169462E0,-2.412291288E0
7.313040534E1,-9.086706042E-1,-1.354483724E0,-2.465554476E0
7.315039407E1,-7.994809747E-1,4.074636400E-1,-2.721218109E0
7.317032176E1,-3.094593287E-1,1.970739245E0,-3.050917387E0
7.319024945E1,4.996090233E-1,3.214435577E0,-2.963565826E0
7.321020766E1,1.221858382E0,3.397660971E0,-2.499110460E0
7.323010484E1,2.498045117E-1,1.825863242E0,-2.416019678E0
7.325000201E1,-1.363538504E-1,-1.887648582E0,-2.352103949E0
7.326996022E1,-4.346278906E-1,-2.261023760E0,-2.256230116E0
7.328991843E1,-1.352885813E-1,-7.542072535E-1,-2.228533268E0
7.330987664E1,2.945456207E-1,-2.663161140E-3,-2.178465843E0
7.332983485E1,2.354234457E-1,5.864281058E-1,-1.976598144E0
7.334979306E1,2.828277051E-1,4.628573954E-1,-1.484446049E0
7.336981231E1,5.534048676E-1,-3.062635362E-1,-8.559399843E-1
7.338980103E1,6.886934638E-1,-1.054079175E0,-2.636529505E-1
7.340978976E1,7.440872192E-1,-1.069525480E0,6.125270575E-2
7.342983952E1,7.499461770E-1,-4.639226794E-1,2.822950780E-1
7.344979773E1,7.632619739E-1,-3.036003746E-2,5.113269091E-1
7.346981697E1,7.749798894E-1,8.096009493E-2,7.520766854E-1
7.348986673E1,6.194512844E-1,-1.310275346E-1,1.103613973E0
7.350985546E1,4.857605994E-1,-7.344998717E-1,1.626658797E0
7.352978315E1,6.141249537E-1,-1.508947134E0,2.269013405E0
7.354968033E1,9.337043166E-1,-1.144093990E0,2.600843191E0
7.356957750E1,5.102616549E-1,1.116929770E0,2.582201004E0
7.358947468E1,9.044095278E-1,2.966761589E-1,2.781938076E0
7.360937185E1,4.340952635E-1,-7.994809747E-1,2.483664036E0
7.362926903E1,1.097222418E-1,-1.442368031E0,1.802427411E0
7.364916620E1,2.332929224E-1,-9.986854196E-1,1.504685998E0
7.366906338E1,-1.118527651E-1,6.178534031E-2,1.499359727E0
7.368893004E1,-2.460760921E-1,-4.000068009E-1,1.513208151E0
7.370882721E1,-2.849582434E-1,-1.163268805E0,9.933590889E-1
7.372872438E1,-4.032025933E-1,-1.383778572E0,4.703142643E-1
7.374862156E1,-5.161206126E-1,-1.040230751E0,6.556702852E-1
7.376854925E1,-4.868258536E-1,-6.780408025E-1,1.088167667E0
7.378844643E1,-2.306297570E-1,-6.769755483E-1,1.065797091E0
7.380837412E1,5.752427876E-2,-8.916263580E-1,9.017463326E-1
7.382830181E1,3.291667104E-1,-1.169127703E0,8.511462808E-1
7.384826002E1,4.538026452E-1,-1.235706806E0,8.633968234E-1
7.386827926E1,4.490089715E-1,-1.000283360E0,8.506136537E-1
7.388820696E1,4.090615511E-1,-4.681837261E-1,7.419567108E-1
7.390813465E1,4.053331316E-1,4.133225977E-1,6.285060048E-1
7.392815389E1,4.005394280E-1,1.191498280E0,5.683186054E-1
7.394817314E1,4.175836742E-1,1.537709236E0,5.885586143E-1
7.396819238E1,4.229099751E-1,1.595766187E0,6.647250056E-1
7.398821162E1,4.527373910E-1,1.277252078E0,7.163903713E-1
7.400813932E1,6.519418359E-1,8.990831971E-1,7.094660997E-1
7.402806701E1,9.619337916E-1,8.058725595E-1,6.450176239E-1
7.404799470E1,9.614011645E-1,1.160073042E0,4.964132309E-1
7.406792239E1,-1.304948926E-1,1.694835782E0,3.009372056E-1
7.408785009E1,-5.241101384E-1,7.984157205E-1,1.299622655E-1
7.410777778E1,2.130528912E-3,1.885518134E-1,1.523328125E-1
7.412773599E1,3.755057156E-1,1.949433982E-1,4.676510990E-1
7.414769420E1,1.917476058E-1,5.795038939E-1,7.808388472E-1
7.416759137E1,-1.379517466E-1,1.070058107E0,9.209211469E-1
7.418748855E1,-1.464738697E-1,1.116929770E0,9.347695708E-1
7.420744676E1,-5.166532472E-2,2.775014043E-1,7.451524734E-1
7.422734393E1,1.171790883E-1,-5.001416802E-1,5.033374429E-1
7.424730214E1,2.615224123E-1,-7.866978049E-1,4.942827225E-1
7.426722983E1,3.424825370E-1,-5.667206645E-1,4.170510471E-1
7.428718804E1,2.348908186E-1,3.318298757E-1,-2.029328793E-1
7.430708522E1,-6.162554622E-1,9.560748339E-1,-1.026382327E0
7.432698239E1,-9.566074610E-1,1.218662500E0,-1.843440175E0
7.434684905E1,-7.840346098E-1,9.816411734E-1,-2.079928875E0
7.436674623E1,-5.475459099E-1,-4.633900523E-2,-2.062351942E0
7.438664340E1,-4.261057973E-1,-1.020523310E0,-2.201369047E0
7.440651006E1,-4.804342687E-1,-1.603222966E0,-2.363821745E0
7.442640723E1,-6.285060048E-1,-1.048220277E0,-2.495914698E0
7.444627389E1,-7.637946010E-1,4.884237647E-1,-2.842658281E0
7.446617107E1,-7.281082273E-1,1.813612700E0,-3.412574768E0
7.448606824E1,-1.155811921E-1,2.340385914E0,-3.791276217E0
7.450593490E1,-5.326322280E-4,3.070092201E0,-3.409379005E0
7.452583208E1,-8.388957381E-1,2.841593027E0,-2.754773855E0
7.454572925E1,-4.591289759E-1,4.655205607E-1,-2.335059643E0
7.456559591E1,-1.837581247E-1,-1.513740778E0,-2.162486792E0
7.458549308E1,-7.467503548E-1,-9.177253246E-1,-2.387257576E0
7.460539026E1,-9.448895454E-1,1.304948926E-1,-2.542786360E0
7.462525692E1,-7.387608886E-1,7.408914566E-1,-2.468217850E0
7.464515409E1,-6.663229465E-1,1.166464567E0,-2.331331253E0
7.466505127E1,-6.849650741E-1,6.125270575E-2,-2.153964758E0
7.468491793E1,-5.874933600E-1,-1.202150941E0,-1.593635678E0
7.470481510E1,-4.761732221E-1,-1.506283998E0,-9.709885716E-1
7.472468176E1,-3.328951299E-1,-8.048073053E-1,-4.820321798E-1
7.474457893E1,-2.359560728E-1,3.083940744E-1,-2.077265680E-1
7.476447611E1,-2.588592768E-1,1.071123362E0,7.989482954E-3
7.478434277E1,-1.933455020E-1,8.825715780E-1,1.821602285E-1
7.480423994E1,-9.214537591E-2,6.301039457E-1,3.792341352E-1
7.482410660E1,-7.190535218E-2,7.014766335E-1,6.854977012E-1
7.484400377E1,6.870955974E-2,4.468784332E-1,1.135039330E0
7.486390095E1,9.214537591E-2,2.982740402E-1,1.585113525E0
7.488376761E1,7.563377917E-2,-6.924218684E-2,1.837581158E0
7.490366478E1,3.131877482E-1,2.460760921E-1,2.416019678E0
7.492356196E1,6.008091569E-1,3.600061178E0,2.331863880E0
7.494342862E1,6.551376730E-2,2.112419367E0,1.542502880E0
7.496332579E1,-4.724447727E-1,1.574993491E0,1.159007788E0
7.498319245E1,3.557983339E-1,-9.161274135E-2,1.100418210E0
7.500308962E1,2.322276533E-1,-9.779127836E-1,1.250620484E0
7.502298680E1,-2.727077007E-1,-8.447546959E-1,1.313471079E0
7.504288397E1,-4.820321798E-1,-4.058657587E-1,1.269262552E0
7.506275063E1,-4.170510471E-1,-1.826928556E-1,1.257544637E0
7.508264781E1,-3.174487948E-1,8.681905270E-2,1.272458434E0
7.510254498E1,-1.049285457E-1,3.818973005E-1,1.260207891E0
7.512241164E1,2.998719513E-1,4.175836742E-1,1.347026944E0
7.514233933E1,5.134574771E-1,-1.012001187E-2,1.348624825E0
7.516220599E1,4.032025933E-1,-2.828277051E-1,1.207477212E0
7.518210317E1,5.539375171E-2,3.994741663E-2,1.045024395E0
7.520200034E1,-2.024002522E-1,1.747033745E-1,9.070726633E-1
7.522186700E1,-3.691141307E-1,2.114549875E-1,8.309062719E-1
7.524176418E1,-3.259709179E-1,4.980111420E-1,9.230516553E-1
7.526166135E1,-5.219795927E-2,6.519418359E-1,1.149953008E0
7.528161956E1,3.131877482E-1,2.934803665E-1,1.260740519E0
7.530151673E1,5.661880374E-1,-4.165183902E-1,1.146757245E0
7.532141391E1,6.977482438E-1,-7.387608886E-1,8.878979087E-1
7.534131108E1,6.663229465E-1,-5.592638254E-1,6.263754964E-1
7.536120826E1,4.639226794E-1,-1.810949668E-2,5.273059011E-1
7.538110543E1,2.018676102E-1,4.362258017E-1,6.199839115E-1
7.540103313E1,2.876213938E-2,6.348975897E-1,6.109291911E-1
7.542096082E1,-2.929477207E-2,6.029396653E-1,3.600593805E-1
7.544088851E1,-9.587380104E-3,6.364955306E-1,2.716424316E-2
7.546078569E1,-7.456851192E-3,8.106662631E-1,-2.332929224E-1
7.548071338E1,-6.551376730E-2,1.041828632E0,-4.314320982E-1
7.550061055E1,-1.960086524E-1,1.163801432E0,-5.581985712E-1
7.552050773E1,-2.940129936E-1,1.212270975E0,-6.162554622E-1
7.554040490E1,-3.328951299E-1,1.380582690E0,-5.858954787E-1
7.556030208E1,-3.302319944E-1,1.815743208E0,-5.145227313E-1
7.558016874E1,-3.414172530E-1,2.194977522E0,-4.085289240E-1
7.560006591E1,-3.946804702E-1,2.398975611E0,-2.263686955E-1
7.561993257E1,-4.543353021E-1,2.064482450E0,-4.527373984E-2
7.563982975E1,-4.692489803E-1,1.593103051E0,1.821602285E-1
7.565972692E1,-3.403519988E-1,1.313471079E0,5.060006380E-1
7.567962410E1,-4.314320907E-2,1.169127703E0,8.713863492E-1
7.569949075E1,2.561961114E-1,8.468852639E-1,1.232510924E0
7.571938793E1,1.683117896E-1,1.022653878E-1,1.363005877E0
7.573928510E1,-1.374191195E-1,-7.440872192E-1,1.370995402E0
7.575918228E1,-3.952131271E-1,-1.138235092E0,1.388572216E0
7.577904894E1,-4.617921412E-1,-9.209211469E-1,1.397094369E0
7.579894611E1,-4.692489803E-1,1.065264456E-3,1.198422551E0
7.581884329E1,-3.904194236E-1,1.184574127E0,6.322344542E-1
7.583874046E1,-2.391518652E-1,1.969673991E0,-1.640507281E-1
7.585869867E1,-6.604639441E-2,2.011751890E0,-8.815063238E-1
7.587856533E1,1.486043930E-1,1.908421278E0,-1.316666842E0
7.589846250E1,5.342301130E-1,2.194977522E0,-1.666606188E0
7.591835968E1,8.713863492E-1,2.883670807E0,-1.908953905E0
7.593822634E1,-6.295713186E-1,4.780374050E0,-1.892974973E0
7.595812351E1,-3.019492149E0,4.058657646E0,-2.250903845E0
7.597802069E1,-2.031459332E0,2.117745638E0,-2.756371737E0
7.599788735E1,-1.686313629E0,4.314320982E-1,-2.821352959E0
7.601778452E1,-1.957423449E0,3.733751774E-1,-2.805373907E0
7.603768170E1,-2.446912527E0,1.976598144E0,-2.682335854E0
7.605754835E1,-2.771818161E0,3.881823778E0,-2.363821745E0
7.607744553E1,-2.702575922E0,4.577441216E0,-2.120409012E0
7.609734270E1,-2.104962587E0,3.815777302E0,-2.046373129E0
7.611723988E1,-1.541437626E0,2.519350529E0,-1.816808581E0
7.613710654E1,-1.090830803E0,6.498113275E-1,-1.157942414E0
7.615700371E1,-9.784454107E-1,-4.740426838E-1,-6.167881489E-1
7.617690089E1,-1.107874990E0,-6.956176758E-1,-3.456783295E-1
7.619679806E1,-1.205346704E0,-8.841694891E-2,-2.775014043E-1
7.621669524E1,-1.165399313E0,7.286409140E-1,-3.243730366E-1
7.623656190E1,-9.784454107E-1,1.289502621E0,-4.181163013E-1
7.625645907E1,-7.004113793E-1,1.319862604E0,-3.914846778E-1
7.627632573E1,-4.575310946E-1,1.017327547E0,-1.406149119E-1
7.629625342E1,-2.902845740E-1,6.146575809E-1,1.997370869E-1
7.631615060E1,-2.189118415E-1,2.540655732E-1,5.496764779E-1
7.633604777E1,-2.716424465E-1,-5.060006306E-2,8.964200616E-1
7.635597546E1,-3.190467060E-1,-2.109223604E-1,1.237837315E0
7.637584212E1,-1.965412945E-1,-2.418150306E-1,1.500424981E0
7.639576982E1,3.675162420E-2,-1.006674916E-1,1.605886221E0
7.641569751E1,3.792341352E-1,2.668487430E-1,1.670867324E0
7.643562520E1,7.962851524E-1,1.029578090E0,1.851962209E0
7.645555289E1,1.014664412E0,2.247175455E0,2.121474266E0
7.647548058E1,6.977482438E-1,3.758253098E0,2.354767084E0
7.649546931E1,1.283643693E-1,4.405933857E0,2.302569151E0
7.651539700E1,-2.322276533E-1,4.598214149E0,1.970739245E0
7.653535521E1,2.854908705E-1,3.545200109E0,1.616538763E0
7.655537446E1,7.984157205E-1,1.397094369E0,7.685883045E-1
7.657539370E1,7.046724558E-1,-6.753776670E-1,-1.635181010E-1
7.659544346E1,5.006743073E-1,-2.509230375E0,-6.977482438E-1
7.661549322E1,1.986718178E-1,-3.738013029E0,-1.184041500E0
7.663548195E1,-1.283643693E-1,-2.761165380E0,-1.308677435E0
7.665537912E1,-4.463458061E-1,-2.130528912E-3,-1.128647685E0
7.667533733E1,-6.354302764E-1,1.095091820E0,-1.399224877E0
7.669526502E1,-4.218447208E-1,3.126551211E-1,-1.935585499E0
7.671513168E1,-2.274339646E-1,1.944107562E-1,-1.883387566E0
7.673502886E1,-2.396845073E-2,6.972155571E-1,-1.529719710E0
7.675492603E1,3.717772961E-1,1.395496488E0,-9.896306992E-1
7.677491476E1,6.460828781E-1,1.896170735E0,-5.518069863E-1
7.679496452E1,6.024070382E-1,2.115082502E0,-7.350324839E-2
7.681492273E1,1.533980817E-1,1.798166394E0,8.149272949E-2
7.683485042E1,-4.447479248E-1,9.209211469E-1,2.609897964E-2
7.685490018E1,-8.591358066E-1,1.858886480E-1,6.498113275E-2
7.687494994E1,-8.074704409E-1,-1.225054078E-2,4.655205607E-1
7.689496919E1,-3.344930410E-1,7.190535218E-2,9.981527925E-1
7.691501895E1,2.998719513E-1,3.739078343E-1,1.099885583E0
7.693500767E1,7.408914566E-1,2.588592768E-1,7.835019827E-1
7.695490485E1,7.781757116E-1,-2.460760921E-1,4.532700181E-1
7.697489358E1,4.628573954E-1,-2.077265680E-1,5.629922748E-1
7.699494334E1,1.699096859E-1,1.110005617E0,6.615292430E-1
7.701499310E1,-1.837581247E-1,2.730272770E0,4.063983858E-1
7.703507338E1,-6.024070382E-1,3.065298557E0,3.451456726E-1
7.705509262E1,-7.169229984E-1,2.720685482E0,5.592638254E-1
7.707517290E1,-5.363606811E-1,2.265817404E0,9.235842824E-1
7.709519214E1,-2.093244642E-1,1.601092458E0,1.255414128E0
7.711511983E1,1.507349163E-1,9.624664187E-1,1.329450011E0
7.713507804E1,5.171858668E-1,8.564726114E-1,1.148355126E0
7.715506677E1,8.325041533E-1,1.613875628E0,8.793758154E-1
7.717511653E1,1.010936022E0,3.023753166E0,5.805691481E-1
7.719516629E1,8.133293986E-1,4.092213631E0,2.743056118E-1
7.721518553E1,8.522115648E-3,4.512992859E0,3.142530099E-2
7.723520478E1,-9.550095797E-1,3.625094891E0,-1.395496428E-1
7.725522402E1,-8.831042051E-1,2.631735802E0,-3.243730366E-1
7.727521275E1,8.628641814E-2,1.315601587E0,-2.689792812E-1
7.729526251E1,3.802994192E-1,-2.609897852E-1,2.663161140E-3
7.731534279E1,1.416801661E-1,-6.322344542E-1,2.205097377E-1
7.733536203E1,-2.663161140E-3,2.806971967E-1,1.874865443E-1
7.735535076E1,-2.024002522E-1,1.100950837E0,3.675162420E-2
7.737540052E1,-4.181163013E-1,1.120125532E0,6.977482140E-2
7.739541976E1,-2.423476577E-1,1.024251819E0,1.576591432E-1
7.741540849E1,-1.406149119E-1,1.043426514E0,2.189118415E-1
7.743533618E1,-2.945456207E-1,1.258610010E0,2.625876963E-1
7.745532491E1,-4.308994710E-1,1.396561742E0,3.190467060E-1
7.747531363E1,-3.653857112E-1,1.274588943E0,4.367584288E-1
7.749530236E1,-2.034655064E-1,7.952198982E-1,5.368933082E-1
7.751523005E1,-4.048004746E-2,2.988066673E-1,5.097290277E-1
7.753527981E1,-4.740426689E-2,2.002697140E-1,3.014698327E-1
7.755532957E1,-2.593919039E-1,5.906891227E-1,-7.936219871E-2
7.757528778E1,-5.225121975E-1,1.015729666E0,-4.335626364E-1
7.759521548E1,-6.817692518E-1,1.075384498E0,-7.542072535E-1
7.761511265E1,-8.170578480E-1,1.062068701E0,-1.132908702E0
7.763504034E1,-1.056742311E0,1.179247737E0,-1.510012388E0
7.765493752E1,-1.218662500E0,1.431182742E0,-1.856755972E0
7.767480418E1,-1.267132044E0,1.743305326E0,-2.178465843E0
7.769470135E1,-1.306014180E0,2.283394337E0,-2.419748306E0
7.771456801E1,-1.351820588E0,2.943325758E0,-2.463956594E0
7.773446518E1,-1.188302517E0,3.516438007E0,-2.309493303E0
7.775436236E1,-9.108011127E-1,3.633617163E0,-2.211488962E0
7.777422902E1,-6.306365728E-1,3.191532373E0,-2.151834249E0
7.779412619E1,-4.234426320E-1,2.275404930E0,-1.982989788E0
7.781399285E1,-3.456783295E-1,1.053546548E0,-1.853027463E0
7.783389003E1,-4.452805519E-1,4.324973822E-1,-1.776861072E0
7.785378720E1,-6.556702852E-1,2.833603323E-1,-1.761947393E0
7.787365386E1,-8.388957381E-1,8.223841786E-1,-1.822134852E0
7.789355103E1,-8.090683818E-1,1.306546807E0,-1.856223345E0
7.791344821E1,-6.151902080E-1,1.341167927E0,-1.858353853E0
7.793331487E1,-4.511395097E-1,9.353021979E-1,-1.853027463E0
7.795321204E1,-5.006743073E-1,4.580637217E-1,-1.864745378E0
7.797310922E1,-5.816344023E-1,2.024002373E-2,-1.745968461E0
7.799300639E1,-4.942827225E-1,-4.261057824E-2,-1.657551527E0
7.801290357E1,-3.307646215E-1,5.858954508E-3,-1.622397780E0
7.803280074E1,-2.775014043E-1,3.296993375E-1,-1.608016729E0
7.805272843E1,-2.790992856E-1,7.350324988E-1,-1.585646152E0
7.807262561E1,-2.247707993E-1,8.165252209E-1,-1.477521777E0
7.809255330E1,-1.448759735E-1,5.097290277E-1,-1.285241604E0
7.811245048E1,-1.129180342E-1,1.422128081E-1,-1.026382327E0
7.813237817E1,-1.027980223E-1,1.102548689E-1,-7.664577961E-1
7.815227534E1,-3.728425503E-2,4.021373391E-1,-4.974785149E-1
7.817223355E1,6.498113275E-2,7.281082273E-1,-2.050634027E-1
7.819213073E1,1.544633508E-1,7.898935676E-1,1.059938148E-1
7.821208894E1,2.300971150E-1,7.515440583E-1,3.440804183E-1
7.823198611E1,3.653857112E-1,7.590008974E-1,4.607268870E-1
7.825185277E1,4.053331316E-1,1.076982379E0,5.805691481E-1
7.827174995E1,2.822950780E-1,8.122641444E-1,7.238472104E-1
7.829164712E1,2.109223604E-1,-1.459412277E-1,8.660600185E-1
7.831151378E1,1.597896665E-1,-5.539374948E-1,9.949570298E-1
7.833141096E1,5.805691332E-2,-5.986786485E-1,1.172856212E0
7.835130813E1,-1.001348570E-1,-5.507417321E-1,1.439172268E0
7.837117479E1,-2.615224123E-1,-8.841694891E-2,1.623463035E0
7.839107196E1,-1.443433315E-1,3.020024598E-1,1.399757504E0
7.841096914E1,8.255799860E-2,4.506068528E-1,8.016114831E-1
7.843083580E1,3.195793182E-2,2.849582434E-1,5.102616549E-1
7.845073297E1,-2.982740402E-1,1.765675783E0,9.390306473E-1
7.847059963E1,1.944107562E-1,5.065332651E-1,1.193096161E0
7.849049680E1,3.366235793E-1,-1.463140726E0,1.251685739E0
7.851039398E1,3.675162420E-2,-2.414954424E0,1.298024774E0
7.853026064E1,-3.568635881E-1,-2.459695578E0,1.215466738E0
7.855015781E1,-4.085289240E-1,-1.459412336E0,1.050883412E0
7.857005499E1,1.970739290E-2,-9.960222989E-2,1.094559193E0
7.858992164E1,3.600593805E-1,1.496696621E-1,1.020523310E0
7.860981882E1,5.454154015E-1,1.331580617E-2,1.059938192E0
7.862971600E1,6.040049195E-1,-4.207794741E-2,1.090298176E0
7.864958265E1,4.074636400E-1,-1.981391907E-1,9.800432920E-1
7.866947983E1,3.781688958E-2,-3.946804702E-1,8.474178910E-1
7.868934649E1,-2.535329461E-1,-4.277036786E-1,8.452873230E-1
7.870924366E1,-2.833603323E-1,-6.870955974E-2,1.033306479E0
7.872914084E1,5.060006306E-2,3.536677957E-1,1.310275316E0
7.874900750E1,5.107942820E-1,2.881540358E-1,1.520665050E0
7.876890467E1,7.254450917E-1,-2.934803665E-1,1.490304947E0
7.878880185E1,7.350324988E-1,-7.057377100E-1,1.346494317E0
7.880866850E1,5.912217498E-1,-6.029396653E-1,1.185639381E0
7.882856568E1,2.567287385E-1,-2.956108749E-1,9.821738005E-1
7.884843234E1,5.326322280E-3,-4.591289759E-1,7.819041014E-1
7.886832951E1,5.432848632E-2,-7.259777188E-1,6.823018789E-1
7.888822669E1,2.577939928E-1,-9.310411215E-1,6.503439546E-1
7.890809335E1,3.669835925E-1,-9.688580036E-1,5.858954787E-1
7.892799052E1,3.978762627E-1,-7.941546440E-1,4.436826408E-1
7.894788770E1,3.067961633E-1,-2.812298238E-1,3.062635362E-1
7.896775435E1,1.091896072E-1,2.721750736E-1,2.050634027E-1
7.898765153E1,-1.864212751E-2,7.408914566E-1,1.624528319E-1
7.900751819E1,2.769687586E-2,1.064199209E0,2.471413612E-1
7.902741536E1,1.219727769E-1,1.094559193E0,2.950782478E-1
7.904731254E1,9.108011425E-2,9.033442736E-1,2.498045117E-1
7.906720971E1,-1.107875034E-1,5.150553584E-1,1.725728363E-1
7.908707637E1,-1.347559541E-1,-1.235706806E-1,1.842907518E-1
7.910697354E1,-1.597896684E-3,-5.454154015E-1,2.801645398E-1
7.912687072E1,5.539375171E-2,-5.544701219E-1,3.637878001E-1
7.914673738E1,2.663161233E-2,-1.379517466E-1,4.495415986E-1
7.916663455E1,-6.764429063E-2,3.004045784E-1,5.805691481E-1
7.918653173E1,-1.576591432E-1,4.543353021E-1,6.514092088E-1
7.920639839E1,-1.475391239E-1,3.025351167E-1,6.072007418E-1
7.922629556E1,-7.936219871E-2,-5.379585549E-2,5.326322317E-1
7.924619274E1,-3.728425503E-2,-3.249056637E-1,5.640575290E-1
7.926608991E1,-2.077265643E-2,-4.900216460E-1,6.167881489E-1
7.928598709E1,-2.024002373E-2,-4.127899706E-1,4.969458580E-1
7.930585374E1,-1.294296384E-1,1.810949668E-2,1.789644361E-1
7.932575092E1,-3.094593287E-1,3.728425503E-2,-1.704423130E-1
7.934564810E1,-4.181163013E-1,-3.605920076E-1,-2.796319127E-1
7.936554527E1,-4.458131790E-1,-7.813714743E-1,-5.113269091E-1
7.938544245E1,-5.214469433E-1,-1.015197039E0,-8.277105093E-1
7.940533962E1,-5.805691481E-1,-1.059405446E0,-1.067927599E0
7.942523680E1,-5.885586143E-1,-9.214537740E-1,-1.210140467E0
7.944510345E1,-4.474110603E-1,-3.355582952E-1,-1.429052234E0
7.946500063E1,-2.737729549E-1,4.713795185E-1,-1.739044189E0
7.948489780E1,-2.929477394E-1,2.103897333E-1,-2.263154268E0
7.950479498E1,-4.655205607E-1,-5.390238166E-1,-2.607234716E0
7.952469215E1,-4.564658105E-1,-5.336974859E-1,-2.626942158E0
7.954455881E1,2.205097377E-1,3.872236311E-1,-2.520948410E0
7.956445599E1,1.181378245E0,1.349690080E0,-2.679140091E0
7.958435316E1,1.498827100E0,3.043460608E0,-2.766491890E0
7.960421982E1,4.862932265E-1,3.540406466E0,-2.846919298E0
7.962411700E1,4.703142643E-1,1.597896591E-2,-2.584331512E0
7.964398365E1,6.082659960E-1,-2.923085690E0,-2.255697489E0
7.966388083E1,2.524676621E-1,-2.454369307E0,-2.205097437E0
7.968377800E1,1.613875628E-1,-3.563309610E-1,-2.230663776E0
7.970367518E1,6.572681665E-1,3.797667921E-1,-2.202966928E0
7.972354184E1,7.563377619E-1,2.673813701E-1,-1.759284258E0
7.974343901E1,7.595335841E-1,-6.045376062E-1,-1.241033077E0
7.976333619E1,6.439523697E-1,-1.236239433E0,-8.394283652E-1
7.978320284E1,5.395564437E-1,-1.127049804E0,-4.063983858E-1
7.980310002E1,7.701861858E-1,-7.946872711E-1,7.084008306E-2
7.982296668E1,8.207862377E-1,8.681905270E-2,4.005394280E-1
7.984286385E1,8.021441102E-1,3.829625845E-1,7.009440064E-1
7.986291361E1,7.190535069E-1,3.925499618E-1,1.075384498E0
7.988281079E1,5.374259353E-1,3.552657068E-1,1.568601966E0
7.990270796E1,2.828277051E-1,-2.253034264E-1,2.112951994E0
7.992260514E1,1.225054115E-1,-8.767126203E-1,2.650377989E0
7.994247180E1,1.459412277E-1,3.739078343E-1,2.911367655E0
7.996236897E1,5.347627401E-1,7.765777707E-1,3.220294476E0
7.998226615E1,5.166532397E-1,-1.315601587E0,2.998186827E0
8.000213280E1,-2.801645398E-1,7.968178391E-1,1.793905377E0
8.002202998E1,-3.142530099E-2,1.500424981E0,1.133973956E0
8.004192716E1,4.340952635E-1,4.303668439E-1,8.617989421E-1
8.006179381E1,2.103897333E-1,-8.351673484E-1,8.820389509E-1
8.008172150E1,-2.498045117E-1,-1.641572475E0,9.443569183E-1
8.010158816E1,-5.012069345E-1,-2.005892992E0,8.186557293E-1
8.012148534E1,-5.763080716E-1,-1.802427411E0,6.583334208E-1
8.014138251E1,-6.178534031E-1,-1.211738348E0,9.108011127E-1
8.016127969E1,-4.681837261E-1,-6.146575809E-1,1.396561742E0
8.018117686E1,-1.810949668E-2,-1.352885813E-1,1.577656627E0
8.020110456E1,3.802994192E-1,-8.575379103E-2,1.391235352E0
8.022100173E1,5.065332651E-1,-3.312972486E-1,1.172856212E0
8.024089891E1,4.575310946E-1,-4.340952635E-1,1.045557022E0
8.026079608E1,3.323625028E-1,-9.214537591E-2,9.582054019E-1
8.028069326E1,1.571265012E-1,3.062635362E-1,9.416937828E-1
8.030055992E1,6.444849819E-2,3.696467578E-1,9.241169095E-1
8.032045709E1,1.193096191E-1,2.173139453E-1,7.877630591E-1
8.034035426E1,2.274339646E-1,7.456851006E-2,4.410194755E-1
8.036022092E1,2.295644879E-1,8.096009493E-2,1.603222936E-1
8.038011810E1,8.202536404E-2,2.210423797E-1,6.924218964E-3
8.040001527E1,-1.038632840E-1,5.262406468E-1,-2.024002373E-2
8.041991245E1,-1.565938741E-1,9.193232059E-1,6.924218684E-2
8.043980962E1,-9.747169912E-2,1.088167667E0,1.480717659E-1
8.045970680E1,1.597896684E-3,9.406285286E-1,1.709749401E-1
8.047957346E1,7.829693705E-2,5.928196907E-1,2.796319127E-1
8.049950115E1,8.628641814E-2,2.087918371E-1,5.560680628E-1
8.051936781E1,8.522115648E-2,-1.810949668E-2,7.792409658E-1
8.053926498E1,1.219727769E-1,-1.422128081E-1,9.688580036E-1
8.055916216E1,1.198422536E-1,-2.167813182E-1,1.061536074E0
8.057905933E1,5.219795927E-2,-1.576591432E-1,1.099352956E0
8.059898702E1,-3.994741663E-2,5.326322280E-3,1.076982379E0
8.061888420E1,-1.017327532E-1,-1.768338978E-1,8.751147389E-1
8.063878137E1,-7.776430249E-2,-3.989415467E-1,5.379585624E-1
8.065867855E1,-3.355583176E-2,-1.736381054E-1,3.296993375E-1
8.067866728E1,4.207794741E-2,2.354234457E-1,2.306297570E-1
8.069859497E1,-1.145159304E-1,8.831042051E-1,-1.848233789E-1
8.071852266E1,-4.974785149E-1,1.221325755E0,-8.298410177E-1
8.073845035E1,-5.976133347E-1,1.016794920E0,-1.351287961E0
8.075834753E1,-4.522047639E-1,-1.358212233E-1,-1.843440175E0
8.077827522E1,-3.611246645E-1,-1.266066790E0,-2.323341846E0
8.079817240E1,-3.227751255E-1,-2.152366877E0,-2.511893511E0
8.081810009E1,-2.444781959E-1,-1.698564172E0,-2.306297541E0
8.083799726E1,-3.121224940E-1,7.243798375E-1,-2.485261917E0
8.085789444E1,-7.664577961E-1,3.630421162E0,-2.983273029E0
8.087779161E1,-6.183860302E-1,4.389955044E0,-3.518035889E0
8.089768879E1,8.037420511E-1,2.825613976E0,-3.668238163E0
8.091758596E1,6.844323874E-1,3.190467060E-1,-2.877811909E0
8.093748314E1,-2.450108230E-1,-1.333711147E0,-2.269546032E0
8.095734980E1,-5.587311983E-1,-1.448759675E0,-1.987783432E0
8.097727749E1,-8.362326026E-2,-5.693838596E-1,-1.879659176E0
8.099717466E1,1.443433315E-1,-5.672533512E-1,-1.973402381E0
8.101710236E1,-6.977482140E-2,-1.342233270E-1,-2.159291029E0
8.103696901E1,-1.970739216E-1,1.139832973E0,-2.139583588E0
8.105689671E1,1.134506613E-1,1.631985188E0,-1.784850597E0
8.107679388E1,2.977414131E-1,5.550028086E-1,-1.243163586E0
8.109666054E1,2.279665917E-1,-5.044026971E-1,-7.707188129E-1
8.111655771E1,1.054611802E-1,-1.091896057E0,-1.992044598E-1
8.113645489E1,6.657902896E-2,-7.291735411E-1,-5.326322280E-4
8.115632155E1,2.114549875E-1,-1.006674916E-1,1.747033745E-1
8.117621872E1,3.866910040E-1,3.515372574E-1,5.097290277E-1
8.119608538E1,4.825648069E-1,2.828277051E-1,8.831042051E-1
8.121598256E1,3.733751774E-1,8.788431436E-2,1.292698383E0
8.123587973E1,2.359560728E-1,-4.213120937E-1,1.801894784E0
8.125577691E1,4.005394280E-1,-1.191498280E0,2.079396248E0
8.127567408E1,2.061286718E-1,1.608549356E-1,1.970739245E0
8.129554074E1,6.556702852E-1,2.663161140E-3,2.038916111E0
8.131543791E1,5.773733258E-1,-1.368864775E-1,1.838646412E0
8.133533509E1,2.247707993E-1,2.071939409E-1,1.282045722E0
8.135523227E1,4.735100567E-1,1.171790883E-1,1.169127703E0
8.137509892E1,2.109223604E-1,2.977414131E-1,1.411475420E0
8.139499610E1,-1.773665249E-1,-1.342233270E-1,1.453020692E0
8.141489327E1,-4.580637217E-1,-5.603290796E-1,9.752495885E-1
8.143475993E1,-4.964132309E-1,-6.881608367E-1,7.584682703E-1
8.145465711E1,-4.367584288E-1,-7.595335841E-1,9.629990458E-1
8.147455428E1,-3.787015080E-1,-7.637946010E-1,1.251153111E0
8.149442094E1,-3.036003709E-1,-8.197209835E-1,1.415736437E0
8.151431812E1,-1.821602285E-1,-1.134506702E0,1.430650115E0
8.153421529E1,-2.130528912E-3,-1.602690339E0,1.374723792E0
8.155408195E1,2.103897333E-1,-1.867408633E0,1.318264723E0
8.157397912E1,3.882888854E-1,-1.710282087E0,1.247957349E0
8.159387630E1,4.687163532E-1,-1.203748822E0,1.120658159E0
8.161374296E1,3.696467578E-1,-6.524744630E-1,9.518138170E-1
8.163364013E1,2.279665917E-1,-2.732403278E-1,8.436894417E-1
8.165353731E1,5.219795927E-2,1.992044598E-1,7.084008455E-1
8.167343448E1,-5.592638254E-2,4.623247683E-1,5.219795704E-1
8.169330114E1,-8.788431436E-2,3.787015080E-1,3.249056637E-1
8.171322883E1,-2.716424316E-2,1.070590764E-1,2.215750068E-1
8.173309549E1,7.563377917E-2,-2.087918371E-1,2.013349831E-1
8.175299266E1,1.193096191E-1,-4.735100567E-1,1.906823367E-1
8.177288984E1,1.304948926E-1,-5.198490620E-1,1.704423130E-1
8.179275650E1,1.470064968E-1,-2.423476577E-1,1.906823367E-1
8.181265367E1,1.715075821E-1,2.098570913E-1,1.992044598E-1
8.183255085E1,2.141181529E-1,5.081311464E-1,2.093244642E-1
8.185250906E1,3.542004228E-1,5.848301649E-1,2.274339646E-1
8.187243675E1,6.082659960E-1,7.504788041E-1,2.173139453E-1
8.189236444E1,8.372978568E-1,1.014664412E0,2.002697140E-1
8.191226162E1,3.989415467E-1,1.837048531E0,1.565938741E-1
8.193215879E1,-5.741775632E-1,1.211205721E0,1.597896591E-2
8.195202545E1,-4.181163013E-1,-1.384843793E-2,1.091896072E-1
8.197192262E1,6.817692518E-2,-8.442220688E-1,3.190467060E-1
8.199181980E1,2.391518652E-1,-8.085356951E-1,4.559331834E-1
8.201171698E1,1.352885813E-1,-2.476739883E-1,5.155879855E-1
8.203158363E1,-1.810949668E-2,2.700445354E-1,4.554005563E-1
8.205148081E1,-3.994741663E-2,5.107942820E-1,3.957457542E-1
8.207137798E1,-1.331580617E-2,4.873584807E-1,4.063983858E-1
8.209124464E1,-8.149272949E-2,2.833603323E-1,4.474110603E-1
8.211114182E1,-1.267664731E-1,5.006742850E-2,4.436826408E-1
8.213103899E1,-1.533980817E-1,-2.130528912E-2,5.086637735E-1
8.215090565E1,-1.166464612E-1,-7.350324839E-2,5.273059011E-1
8.217080282E1,-5.326322280E-3,-8.735168725E-2,4.623247683E-1
8.219070000E1,2.396845073E-1,2.444781959E-1,3.350256681E-1
8.221056666E1,1.731054783E-1,6.700513363E-1,8.042746782E-2
8.223046383E1,-3.515372574E-1,4.617921412E-1,-4.793690052E-3
8.225036101E1,-4.761732221E-1,-2.253034264E-1,-1.757686399E-2
8.227025818E1,-3.728425503E-1,-9.113337398E-1,-2.721750736E-1
8.229012484E1,-3.973436356E-1,-9.214537740E-1,-6.317018270E-1
8.231002202E1,-4.692489803E-1,-2.327602804E-1,-1.061536074E0
8.232991919E1,-4.021373391E-1,5.784385800E-1,-1.448227048E0
8.234978585E1,-3.312972486E-1,9.880327582E-1,-1.690042019E0
8.236968302E1,-4.053331316E-1,6.279733777E-1,-1.902562261E0
8.238954968E1,-6.013417840E-1,-4.740426689E-2,-1.978196144E0
8.240944686E1,-5.427522659E-1,-1.624528319E-1,-1.865810752E0
8.242934403E1,-7.936219871E-2,7.813714743E-1,-2.033589840E0
8.244921069E1,2.817624509E-1,1.612810373E0,-2.569417953E0
8.246910787E1,3.174487948E-1,1.815743208E0,-2.857571840E0
8.248900504E1,2.503371537E-1,1.668204188E0,-2.697249651E0
8.250890222E1,1.486043930E-1,8.974853158E-1,-2.430933475E0
8.252879939E1,2.689792812E-1,-4.889563918E-1,-2.205630064E0
8.254869657E1,3.504720032E-1,-1.615473509E0,-2.026665688E0
8.256862426E1,1.139832959E-1,-1.982989788E0,-1.939313889E0
8.258852143E1,-1.480717659E-1,-8.596684337E-1,-1.928661346E0
8.260854068E1,1.006674916E-1,8.969526887E-1,-1.967543483E0
8.262859044E1,4.415521026E-1,1.220793009E0,-1.936118126E0
8.264848761E1,4.511395097E-1,3.025351167E-1,-1.609081984E0
8.266838479E1,2.684466541E-1,-7.009440064E-1,-1.230913043E0
8.268828196E1,2.530003190E-1,-9.038769007E-1,-8.287757635E-1
8.270817914E1,3.904194236E-1,-5.081311464E-1,-4.687163532E-1
8.272807631E1,4.074636400E-1,5.858954508E-3,-1.390170157E-1
8.274797349E1,2.450108230E-1,3.840278387E-1,-9.054748341E-3
8.276793170E1,1.102548689E-1,5.374259353E-1,1.763012707E-1
8.278782887E1,2.625876963E-1,5.384911895E-1,3.073287904E-1
8.280772605E1,1.821602285E-1,6.492787004E-1,4.298342168E-1
8.282759271E1,-1.549959779E-1,4.202468395E-1,6.977482438E-1
8.284752040E1,-4.649879336E-1,-3.701793849E-1,1.113201380E0
8.286741757E1,-5.065332651E-1,-1.157942414E0,1.581385136E0
8.288734527E1,-6.391586363E-2,-8.985505700E-1,1.785915852E0
8.290724244E1,3.233077526E-1,4.032025933E-1,1.897235990E0
8.292713962E1,4.921521842E-1,1.118527725E-2,1.984055042E0
8.294703679E1,-7.190535218E-2,5.278385282E-1,1.865810752E0
8.296693397E1,1.683117896E-1,6.066681147E-1,1.900431752E0
8.298680062E1,4.548679292E-1,2.210423797E-1,1.902029634E0
8.300669780E1,2.647182047E-1,6.338323653E-2,1.854092836E0
8.302656446E1,2.183792181E-2,-1.374191195E-1,1.676193595E0
8.304646163E1,-1.470064968E-1,-4.607268870E-1,1.376321673E0
8.306635881E1,-2.013349831E-1,-6.609966159E-1,1.074319243E0
8.308622547E1,-2.082591951E-1,-8.346347213E-1,9.331716895E-1
8.310612264E1,-2.215750068E-1,-9.134642482E-1,8.799084425E-1
8.312601982E1,-2.822950780E-1,-8.617989421E-1,8.548747301E-1
8.314588648E1,-3.435477912E-1,-9.299758673E-1,9.044095278E-1
8.316578365E1,-3.030677438E-1,-1.095091820E0,9.406285286E-1
8.318568082E1,-1.773665249E-1,-1.221858382E0,9.459548593E-1
8.320557800E1,-3.781688958E-2,-1.181910872E0,1.032241225E0
8.322544466E1,9.001484513E-2,-9.976201653E-1,1.100418210E0
8.324534183E1,2.519350350E-1,-7.488809228E-1,1.008805394E0
8.326523901E1,5.336974859E-1,-3.057309091E-1,9.454222322E-1
8.328510567E1,7.595335841E-1,2.359560728E-1,8.863000274E-1
8.330500284E1,8.516789079E-1,6.423544884E-1,6.977482438E-1
8.332490002E1,7.366303802E-1,8.447546959E-1,5.427522659E-1
8.334479719E1,5.768406987E-1,1.282578349E0,4.639226794E-1
8.336466385E1,3.595267534E-1,1.621865153E0,3.957457542E-1
8.338456102E1,1.246359423E-1,1.543568254E0,2.780340314E-1
8.340442768E1,2.450108156E-2,1.316666842E0,5.379585549E-2
8.342432486E1,-1.171790902E-2,1.214934111E0,-9.374327213E-2
8.344422203E1,-9.853696078E-2,9.827064872E-1,-1.864212751E-1
8.346414972E1,-1.272991002E-1,7.366303802E-1,-2.008023560E-1
8.348401638E1,-1.709749401E-1,5.576659441E-1,-1.161138266E-1
8.350391356E1,-2.450108230E-1,4.016047120E-1,-8.522115648E-3
8.352381073E1,-2.237055302E-1,4.873584807E-1,8.735168725E-2
8.354370791E1,-1.858886480E-1,6.881608367E-1,1.635181010E-1
8.356357457E1,-1.645833552E-1,7.073355913E-1,2.455434501E-1
8.358347174E1,-3.675162420E-2,5.326322317E-1,3.552657068E-1
8.360342995E1,5.858954415E-2,4.000068009E-1,5.235774517E-1
8.362335764E1,-5.060006306E-2,5.571333170E-1,5.560680628E-1
8.364325482E1,-2.487392575E-1,8.080030680E-1,4.234426320E-1
8.366318251E1,-3.227751255E-1,9.246495366E-1,3.627225459E-1
8.368307969E1,-3.089267015E-1,1.135039330E0,3.691141307E-1
8.370294634E1,-2.732403278E-1,1.430117488E0,3.765709996E-1
8.372284352E1,-2.290318608E-1,1.421595454E0,4.612595141E-1
8.374274069E1,-3.728425596E-3,1.121723413E0,6.210491657E-1
8.376260735E1,-7.084008306E-2,8.894958496E-1,6.988134980E-1
8.378250453E1,-3.728425503E-1,6.386260390E-1,8.431568146E-1
8.380240170E1,-3.526025414E-1,5.544701219E-1,9.566074610E-1
8.382229888E1,-2.743056118E-1,3.882888854E-1,9.108011127E-1
8.384216554E1,-2.865561247E-1,-1.438106969E-2,6.146575809E-1
8.386206271E1,-1.821602285E-1,-1.752360016E-1,2.061286718E-1
8.388195988E1,-3.089267015E-2,-6.338323653E-2,-2.940129936E-1
8.390182654E1,-5.113269389E-2,3.739078343E-1,-8.644620776E-1
8.392172372E1,-8.522115648E-3,1.226652026E0,-1.382713318E0
8.394159038E1,9.321063757E-2,1.492968082E0,-1.771002173E0
8.396148755E1,7.190535218E-2,1.091896057E0,-2.025600433E0
8.398138473E1,3.408846259E-2,6.599313021E-1,-2.236522675E0
8.400128190E1,1.384843737E-1,1.013599157E0,-2.470880985E0
8.402117908E1,-2.396845073E-1,1.904692888E0,-2.459162951E0
8.404110677E1,-4.681837261E-1,1.212803602E0,-2.345179796E0
8.406106498E1,-4.106594622E-1,7.962851524E-1,-2.197108030E0
8.408096215E1,-3.914846778E-1,1.087102413E0,-1.928661346E0
8.410085933E1,-5.358279943E-1,1.498827100E0,-1.654355645E0
8.412075650E1,-7.057377100E-1,1.413605928E0,-1.430650115E0
8.414062316E1,-9.038769007E-1,1.048220277E0,-1.196824670E0
8.416052034E1,-1.050350785E0,9.033442736E-1,-1.010936022E0
8.418038699E1,-9.736517072E-1,1.161670923E0,-8.559399843E-1
8.420028417E1,-8.570052385E-1,1.386441708E0,-8.122641444E-1
8.422018134E1,-8.303736448E-1,1.239967823E0,-9.145295620E-1
8.424007852E1,-8.500810266E-1,1.260207891E0,-9.821738005E-1
8.425997570E1,-8.878979087E-1,1.358744860E0,-9.049421549E-1
8.427984235E1,-8.255799413E-1,1.333178520E0,-7.835019827E-1
8.429973953E1,-6.876282096E-1,1.267664671E0,-6.162554622E-1
8.431963670E1,-5.395564437E-1,1.240500450E0,-3.387540877E-1
8.433950336E1,-4.021373391E-1,1.166464567E0,-1.438106969E-2
8.435940054E1,-2.780340314E-1,1.169660330E0,3.792341352E-1
8.437929771E1,-2.199771106E-1,1.337972164E0,7.142598033E-1
8.439919489E1,-3.930825889E-1,1.560079813E0,1.216531992E0
8.441906154E1,-5.427522659E-1,1.381115317E0,1.604288220E0
8.443895872E1,-3.616572917E-1,1.026914954E0,1.837048531E0
8.445885590E1,-1.933455020E-1,5.970807076E-1,2.005892992E0
8.447872255E1,-2.838929892E-1,-2.316950262E-1,2.185922623E0
8.449861973E1,-1.129180342E-1,-1.178715110E0,2.088450909E0
8.451851690E1,5.283711553E-1,-2.783535957E0,1.580319762E0
8.453838356E1,1.704955816E0,-2.570483208E0,1.638376713E0
8.455828074E1,2.775546551E0,9.603359103E-1,1.923867583E0
8.457817791E1,1.878593922E0,3.924966812E0,1.290035248E0
8.459804457E1,-1.326254308E-1,4.009655476E0,-9.262474179E-1
8.461794175E1,-1.463140726E0,5.860019684E0,-2.810167551E0
8.463783892E1,-1.830657005E0,5.543103695E0,-3.559048653E0
8.465770558E1,-2.945456207E-1,2.542786360E0,-3.671966553E0
8.467760275E1,5.667206645E-1,-5.209143162E-1,-2.233326912E0
8.469746941E1,4.522047639E-1,-2.473544121E0,-5.842975378E-1
8.471736659E1,-6.018744037E-2,-3.538275957E0,-1.491370238E-2
8.473726376E1,-3.190467060E-1,-3.494067430E0,-3.142530024E-1
8.475713042E1,-2.418150306E-1,-2.070341587E0,-7.707188129E-1
8.477702759E1,-1.198422536E-1,1.342233270E-1,-6.338323355E-1
8.479692477E1,-1.810949594E-1,2.120941639E0,-2.077265643E-2
8.481682194E1,-2.615224123E-1,2.875681400E0,2.503371537E-1
8.483678015E1,-1.970739216E-1,2.142779350E0,1.752360016E-1
8.485664681E1,-1.773665249E-1,9.843043685E-1,2.024002522E-1
8.487654399E1,-3.605920076E-1,2.950782478E-1,3.856257200E-1
8.489644116E1,-4.889563918E-1,1.858886480E-1,5.528722405E-1
8.491633834E1,-3.728425503E-1,6.679208279E-1,7.904262543E-1
8.493620500E1,-1.129180342E-1,1.559014559E0,8.692557812E-1
8.495610217E1,-2.663161159E-1,1.551025033E0,6.364955306E-1
8.497599935E1,-5.752428174E-1,1.112136126E0,4.820321798E-1
8.499589652E1,-7.574030161E-1,7.190535069E-1,4.980111420E-1
8.501576318E1,-7.451524734E-1,3.850930929E-1,6.045376062E-1
8.503566035E1,-5.017395616E-1,1.528654546E-1,7.190535069E-1
8.505552701E1,-6.870955974E-2,1.784317940E-1,7.307714224E-1
8.507542419E1,2.934803665E-1,5.422195792E-1,6.412891746E-1
8.509532136E1,4.293015897E-1,1.210673094E0,5.283711553E-1
8.511518802E1,3.531351686E-1,2.113484621E0,4.005394280E-1
8.513508520E1,6.285060197E-2,2.761165380E0,1.384843737E-1
8.515498237E1,-3.158509135E-1,2.994991064E0,-1.187769845E-1
8.517484903E1,-6.178534031E-1,2.904443502E0,-1.741707325E-1
8.519474620E1,-8.325041533E-1,2.336124897E0,-9.747169912E-2
8.521464338E1,-8.378304839E-1,1.552090287E0,-3.462109342E-2
8.523454055E1,-6.189186573E-1,9.619337916E-1,-1.864212751E-2
8.525440721E1,-4.058657587E-1,7.350324988E-1,1.810949668E-2
8.527430439E1,-3.398193717E-1,9.241169095E-1,-2.077265643E-2
8.529417104E1,-3.925499618E-1,1.511610270E0,-1.528654546E-1
8.531406822E1,-4.410194755E-1,2.295112371E0,-2.876214087E-1
8.533399591E1,-5.155879855E-1,2.574744225E0,-3.930825889E-1
8.535389309E1,-5.816344023E-1,2.543318987E0,-5.459480286E-1
8.537379026E1,-5.198490620E-1,2.851712942E0,-8.058725595E-1
8.539368744E1,-4.852279723E-1,3.742806673E0,-1.148887753E0
8.541358461E1,-7.265103459E-1,5.029645920E0,-1.564340830E0
8.543345127E1,-2.049036264E0,7.487743855E0,-2.164617300E0
8.545334845E1,-3.204315424E0,8.687232018E0,-3.140932322E0
8.547324562E1,-2.004295111E0,4.213120937E0,-3.448793650E0
8.549311228E1,-1.098820329E0,2.402171344E-1,-3.665042400E0
8.551300945E1,-1.399224877E0,-8.021441102E-1,-3.686347723E0
8.553287611E1,-1.984055042E0,8.990831971E-1,-3.387008429E0
8.555277329E1,-1.965412974E0,2.589657784E0,-2.796319246E0
8.557267046E1,-1.501490235E0,2.910302401E0,-2.110288858E0
8.559256764E1,-7.142598033E-1,2.459695578E0,-1.667671561E0
8.561246481E1,-5.635249019E-1,2.224272251E0,-1.516936541E0
8.563242302E1,-7.430219650E-1,1.286839485E0,-1.568069220E0
8.565235071E1,-6.396912932E-1,2.769687474E-1,-1.541437626E0
8.567224789E1,-4.356931746E-1,2.093244642E-1,-1.307079434E0
8.569217558E1,-1.970739216E-1,6.455502510E-1,-1.083906531E0
8.571213379E1,-4.314320907E-2,8.016114831E-1,-1.429052234E0
8.573209200E1,-2.087918371E-1,5.848301649E-1,-1.521197677E0
8.575205021E1,-3.494067490E-1,-9.587380104E-3,-1.150485635E0
8.577197790E1,-3.158509135E-1,-4.319647253E-1,-7.147924304E-1
8.579190559E1,-2.130528986E-1,-3.957457542E-1,-4.026699662E-1
8.581177225E1,-9.534116834E-2,-1.747033745E-1,-2.460760921E-1
8.583166943E1,-7.563377917E-2,7.776430249E-2,-2.370213419E-1
8.585156660E1,-1.049285457E-1,2.748382390E-1,-2.737729549E-1
8.587152481E1,-7.723167539E-2,5.539374948E-1,-2.796319127E-1
8.589148302E1,1.544633508E-2,9.480853677E-1,-2.567287385E-1
8.591141071E1,1.075917110E-1,1.259675264E0,-1.773665249E-1
8.593139944E1,1.368864775E-1,1.183508754E0,-2.183792181E-2
8.595132713E1,9.587380290E-2,5.683186054E-1,9.906959534E-2
8.597125482E1,4.314320907E-2,-1.310275346E-1,1.890844405E-1
8.599130459E1,5.166532472E-2,-3.163835406E-1,2.269013226E-1
8.601135435E1,5.699164793E-2,3.355583176E-2,3.062635362E-1
8.603140411E1,1.012001187E-2,3.483414650E-1,4.522047639E-1
8.605145387E1,1.810949668E-2,2.514024079E-1,5.992112756E-1
8.607144259E1,6.551376730E-2,6.764429063E-2,6.876282096E-1
8.609140080E1,1.251685768E-1,-3.834952042E-2,5.970807076E-1
8.611135901E1,2.332929224E-1,-1.395496428E-1,4.729774296E-1
8.613134774E1,8.948221803E-2,-6.093312502E-1,3.344930410E-1
8.615127543E1,-2.306297570E-1,-8.085356951E-1,3.307646215E-1
8.617126416E1,8.948221803E-2,9.960222989E-2,6.636597514E-1
8.619116133E1,4.079962969E-1,1.917476021E-2,8.586031795E-1
8.621105851E1,3.296993375E-1,-9.395632744E-1,1.079112887E0
8.623095568E1,3.760383427E-1,-1.400822759E0,1.206411958E0
8.625085286E1,2.242381722E-1,-1.050350785E0,1.165931940E0
8.627075003E1,1.518001854E-1,-2.897519469E-1,1.237304688E0
8.629067773E1,2.114549875E-1,5.193164349E-1,1.337972164E0
8.631057490E1,2.833603323E-1,8.825715780E-1,1.401355386E0
8.633047208E1,3.675162494E-1,2.050634027E-1,1.459412336E0
8.635036925E1,3.515372574E-1,-5.725796223E-1,1.371528029E0
8.637023591E1,2.577939928E-1,-1.196824670E0,1.144626617E0
8.639013308E1,1.502022892E-1,-1.292698383E0,1.000815988E0
8.641003026E1,7.190535218E-2,-1.039698124E0,1.008805394E0
8.642995795E1,1.171790883E-1,-4.713795185E-1,1.165399313E0
8.644982461E1,2.519350350E-1,2.258360684E-1,1.286306858E0
8.646972178E1,3.408846259E-1,4.767058492E-1,1.241565704E0
8.648961896E1,3.589941263E-1,3.861583769E-1,1.106277108E0
8.650948562E1,2.620550692E-1,1.720402092E-1,9.017463326E-1
8.652938279E1,1.075917110E-1,1.518001854E-1,7.472830415E-1
8.654927997E1,8.522115648E-3,3.062635362E-1,7.227819562E-1
8.656917714E1,1.917476021E-2,3.446130455E-1,7.382282615E-1
8.658907432E1,1.022653878E-1,1.667138934E-1,7.366303802E-1
8.660894098E1,1.800296903E-1,-4.261057824E-2,7.105314136E-1
8.662886867E1,1.049285457E-1,-7.403588295E-2,6.812366247E-1
8.664873533E1,-7.137271762E-2,-2.205097377E-1,6.615292430E-1
8.666863250E1,-1.400822699E-1,-2.780340314E-1,6.082659960E-1
8.668852968E1,-7.882957160E-2,-5.805691332E-2,5.683186054E-1
8.670842685E1,-1.225054078E-2,1.267664731E-1,5.129248500E-1
8.672832403E1,6.924218684E-2,5.400890708E-1,4.548679292E-1
8.674822120E1,1.581917703E-1,9.342369437E-1,3.733751774E-1
8.676808786E1,1.395496428E-1,1.532382965E0,3.036003709E-1
8.678798504E1,-2.561961114E-1,1.920671821E0,2.620550692E-1
8.680788221E1,-5.299690962E-1,1.297492146E0,3.334277868E-1
8.682774887E1,-3.195793331E-1,6.482134461E-1,4.506068528E-1
8.684764604E1,3.994741663E-2,3.962783813E-1,4.996090233E-1
8.686754322E1,1.438106969E-2,2.471413612E-1,4.452805519E-1
8.688740988E1,-2.636529505E-1,2.247707993E-1,3.909520507E-1
8.690730705E1,-3.419498801E-1,3.605920076E-1,3.595267534E-1
8.692720423E1,-2.498045117E-1,3.989415467E-1,3.989415467E-1
8.694707088E1,-1.288969964E-1,3.573962152E-1,4.644553065E-1
8.696696806E1,-1.171790883E-1,3.925499618E-1,5.928196907E-1
8.698686524E1,-2.418150306E-1,5.800365210E-1,6.503439546E-1
8.700676241E1,-3.616572917E-1,6.407565475E-1,5.864281058E-1
8.702665959E1,-3.254382908E-1,4.681837261E-1,4.969458580E-1
8.704652624E1,-2.263686955E-1,2.727077007E-1,5.278385282E-1
8.706642342E1,-1.017327532E-1,9.800432622E-2,6.572681665E-1
8.708632059E1,-1.065264456E-2,5.326322280E-4,7.211840153E-1
8.710621777E1,-2.609897964E-2,7.456851006E-2,5.853627920E-1
8.712611494E1,-2.050634027E-1,2.615224123E-1,1.470064968E-1
8.714601212E1,-4.420847595E-1,5.448827744E-1,-4.900216460E-1
8.716590929E1,-5.656554103E-1,7.153250575E-1,-8.783105612E-1
8.718580647E1,-6.135923266E-1,6.231797338E-1,-1.279915214E0
8.720573416E1,-4.756405652E-1,2.918824553E-1,-1.548894525E0
8.722560082E1,-2.359560728E-1,1.544633508E-2,-1.747566342E0
8.724558955E1,-1.763012707E-1,1.571265012E-1,-1.931324482E0
8.726548672E1,-2.753708661E-1,6.876282096E-1,-2.149171114E0
8.728538390E1,-6.695187092E-1,1.312405825E0,-2.344114542E0
8.730537262E1,-1.067927599E0,1.804558039E0,-2.470348358E0
8.732533083E1,-9.070726633E-1,2.100701571E0,-2.511360884E0
8.734531956E1,-2.157160491E-1,1.706021070E0,-2.370746136E0
8.736536932E1,6.657902896E-2,7.803062201E-1,-2.096973181E0
8.738529701E1,-1.081243455E-1,2.450108156E-2,-1.908421278E0
8.740531626E1,-3.334277868E-1,-2.966761589E-1,-1.722000003E0
8.742530498E1,-3.515372574E-1,-1.145159304E-1,-1.594168305E0
8.744523268E1,-1.363538504E-1,2.002697140E-1,-1.599494576E0
8.746512985E1,4.261057824E-2,2.881540358E-1,-1.716140985E0
8.748505754E1,-2.929477207E-2,1.763012707E-1,-1.928661346E0
8.750498524E1,-1.443433315E-1,5.592638254E-2,-2.024535179E0
8.752488241E1,-1.193096191E-1,2.343581766E-1,-1.932922363E0
8.754490165E1,-3.302319720E-2,4.319647253E-1,-1.702292562E0
8.756495141E1,6.657902896E-2,1.336906850E-1,-1.404018521E0
8.758497066E1,9.800432622E-2,-4.143878818E-1,-1.046622276E0
8.760495938E1,6.285060197E-2,-3.318298757E-1,-6.988134980E-1
8.762488708E1,8.202536404E-2,3.653857112E-1,-4.697816372E-1
8.764481477E1,1.597896665E-1,1.188302517E0,-3.302319944E-1
8.766480350E1,1.454086006E-1,1.621865153E0,-2.002697140E-1
8.768482274E1,1.166464612E-1,1.337439537E0,-2.822950855E-2
8.770490302E1,2.002697140E-1,9.773801565E-1,1.629854590E-1
8.772498329E1,3.201119602E-1,8.932242393E-1,3.632551730E-1
8.774506357E1,3.424825370E-1,6.013417840E-1,4.852279723E-1
8.776511333E1,2.466087192E-1,-1.837581247E-1,7.984157205E-1
8.778513258E1,6.498113275E-2,-1.339037418E0,1.134506702E0
8.780518234E1,-2.173139453E-1,-2.062351942E0,1.521730304E0
8.782514055E1,-2.801645398E-1,-1.522262931E0,1.823200107E0
8.784512927E1,5.230448246E-1,3.882888854E-1,1.785383224E0
8.786508748E1,8.245146871E-1,5.464806557E-1,1.971804500E0
8.788507621E1,5.560680628E-1,4.889563918E-1,2.051699400E0
8.790506494E1,3.691141307E-1,3.462109566E-1,1.776861072E0
8.792502315E1,4.516721368E-1,-4.612595141E-1,1.601092458E0
8.794504239E1,2.988066673E-1,-9.651296139E-1,1.765143156E0
8.796497008E1,2.146507949E-1,-1.251153111E0,1.651692510E0
8.798498933E1,1.262338310E-1,-1.237837315E0,1.332645893E0
8.800503909E1,-6.178534031E-2,-1.024251819E0,9.933590889E-1
8.802505833E1,-1.693770438E-1,-6.183860302E-1,8.617989421E-1
8.804510809E1,-2.109223604E-1,-8.522115648E-2,1.117995024E0
8.806506630E1,-1.938781291E-1,6.817692518E-2,1.505751252E0
8.808508554E1,-2.183792181E-2,-2.737729549E-1,1.642637849E0
8.810513530E1,2.572613657E-1,-6.583334208E-1,1.636778831E0
8.812515455E1,4.713795185E-1,-8.847021461E-1,1.576058745E0
8.814517379E1,4.980111420E-1,-9.257147908E-1,1.409877539E0
8.816513200E1,3.243730366E-1,-6.418218613E-1,1.145159245E0
8.818518176E1,7.137271762E-2,-4.532700181E-1,9.198558331E-1
8.820526204E1,6.391586736E-3,-4.799016416E-1,7.121292949E-1
8.822525077E1,1.331580579E-1,-4.825648069E-1,5.134574771E-1
8.824517846E1,2.311623842E-1,-4.660531878E-1,3.408846259E-1
8.826519770E1,1.704423130E-1,-3.675162494E-1,1.635181010E-1
8.828524746E1,7.723167539E-2,2.876213938E-2,1.065264456E-2
8.830526671E1,8.415589482E-2,7.542072535E-1,-7.350324839E-2
8.832522492E1,1.155811921E-1,1.461542845E0,-7.084008306E-2
8.834512209E1,1.832254827E-1,1.771534801E0,1.544633508E-2
8.836504978E1,2.817624509E-1,1.677258849E0,1.896170676E-1
8.838503851E1,2.503371425E-2,1.293763638E0,5.081311464E-1
8.840505775E1,-2.135855258E-1,5.571333170E-1,7.669904232E-1
8.842507700E1,-6.924218684E-2,-4.788363874E-1,9.720538259E-1
8.844512676E1,1.848233789E-1,-8.266451955E-1,1.062601328E0
8.846517652E1,2.503371537E-1,-3.110572100E-1,1.001348615E0
8.848522628E1,7.190535218E-2,4.069310129E-1,7.536746264E-1
8.850527604E1,-1.512675583E-1,7.488809228E-1,4.974785149E-1
8.852526477E1,-1.315601617E-1,5.486112237E-1,3.169161677E-1
8.854525350E1,5.805691332E-2,1.177117229E-1,3.179814517E-1
8.856527274E1,1.693770438E-1,-1.731054783E-1,4.948153496E-1
8.858532250E1,2.263686955E-1,-4.063983858E-1,4.522047639E-1
8.860531123E1,2.865561247E-1,-7.318366766E-1,4.074636400E-1
8.862533047E1,2.689792812E-1,-3.291667104E-1,1.672465205E-1
8.864531920E1,-5.613943934E-1,6.450176239E-1,-8.793758154E-1
8.866539947E1,-1.174454093E0,1.111070871E0,-1.274588943E0
8.868544924E1,-1.220793009E0,8.538094759E-1,-1.314003706E0
8.870549900E1,-1.049818158E0,1.874865443E-1,-1.527056575E0
8.872554876E1,-9.273127317E-1,-8.186557293E-1,-1.792307496E0
8.874547645E1,-5.725796223E-1,-1.731054783E0,-1.939846516E0
8.876549569E1,-1.704423130E-1,-2.060221434E0,-1.910019159E0
8.878542338E1,1.331580617E-2,-6.263754964E-1,-1.965412974E0
8.880541211E1,-3.691141307E-1,1.637844086E0,-2.524144173E0
8.882540084E1,-6.221144199E-1,2.871953011E0,-2.979544640E0
8.884535905E1,-1.757686287E-1,3.169694424E0,-2.995523691E0
8.886531726E1,8.149272799E-1,2.859702349E0,-2.724946499E0
8.888521443E1,1.214401498E-1,2.434129268E-1,-2.560895681E0
8.890511161E1,-1.150485575E-1,-2.213086843E0,-2.412291288E0
8.892500878E1,-1.480717659E-1,-2.449043036E0,-2.260491133E0
8.894487544E1,-6.391586363E-2,-9.917612076E-1,-2.210956335E0
8.896477261E1,7.669904083E-2,5.869607329E-1,-2.229065895E0
8.898466979E1,7.243798673E-2,1.268729925E0,-2.241848946E0
8.900459748E1,3.036003746E-2,1.251153111E0,-2.051166773E0
8.902449466E1,1.997370869E-1,2.290318608E-1,-1.507349253E0
8.904448338E1,3.675162494E-1,-6.317018270E-1,-8.335694075E-1
8.906438056E1,4.351605177E-1,-4.905542731E-1,-3.067961633E-1
8.908433877E1,4.197141826E-1,1.736381054E-1,7.456851192E-3
8.910420543E1,3.632551730E-1,6.535397172E-1,3.014698327E-1
8.912416364E1,2.050634027E-1,7.973504663E-1,5.544701219E-1
8.914412184E1,2.503371537E-1,4.857605994E-1,7.483482957E-1
8.916411057E1,4.814995229E-1,-9.321063757E-2,1.061536074E0
8.918406878E1,5.688512325E-1,-5.507417321E-1,1.382713318E0
8.920399647E1,4.239752591E-1,-9.752495885E-1,1.553688169E0
8.922389365E1,4.287689328E-1,-1.608016729E0,1.542502880E0
8.924379082E1,-1.368864775E-1,8.309062570E-2,1.413073301E0
8.926374903E1,3.776362538E-1,1.321460605E0,1.597364068E0
8.928364621E1,8.005462289E-1,9.853696227E-1,1.666606188E0
8.930357390E1,3.419498801E-1,6.865629554E-1,1.207477212E0
8.932350159E1,2.221076339E-1,-5.150553584E-1,8.218515515E-1
8.934339877E1,9.267801046E-2,-1.148887753E0,1.015729666E0
8.936329594E1,-8.468852192E-2,-1.181910872E0,1.287904739E0
8.938319312E1,-1.443433315E-1,-1.082841277E0,1.479652286E0
8.940309029E1,-1.054611802E-1,-7.717841268E-1,1.416269064E0
8.942295695E1,-2.173139453E-1,8.681905270E-2,1.195226669E0
8.944285413E1,-1.890844405E-1,2.535329461E-1,1.252750993E0
8.946272078E1,-8.948221803E-2,-1.006674916E-1,1.329982638E0
8.948261796E1,-4.207794741E-2,-5.038700700E-1,1.379517436E0
8.950251513E1,-6.444849819E-2,-9.118663669E-1,1.424258590E0
8.952244283E1,-2.716424316E-2,-1.371528029E0,1.431182742E0
8.954230948E1,1.086569726E-1,-1.824797988E0,1.348624825E0
8.956220666E1,2.695119083E-1,-1.997370839E0,1.236239433E0
8.958210384E1,3.547330499E-1,-1.784317970E0,1.150485635E0
8.960197049E1,3.552657068E-1,-1.396561742E0,1.071655989E0
8.962189818E1,3.350256681E-1,-1.131843448E0,9.076052904E-1
8.964179536E1,3.472762108E-1,-9.752495885E-1,6.546050310E-1
8.966169254E1,3.861583769E-1,-7.478156686E-1,3.504720032E-1
8.968158971E1,3.696467578E-1,-4.676510990E-1,1.272991002E-1
8.970148689E1,2.918824553E-1,-1.134506613E-1,7.350324839E-2
8.972135354E1,2.386192381E-1,2.721750736E-1,1.278317273E-1
8.974125072E1,2.636529505E-1,5.960154533E-1,2.849582434E-1
8.976114789E1,3.797667921E-1,7.254450917E-1,4.314320982E-1
8.978101455E1,5.091964006E-1,5.187838078E-1,4.777711034E-1
8.980091173E1,6.652576327E-1,2.263686955E-1,4.282363057E-1
8.982080890E1,8.026767969E-1,2.183792144E-1,4.649879336E-1
8.984067556E1,4.751079381E-1,9.209211469E-1,5.209143162E-1
8.986057273E1,-1.203748807E-1,9.129316211E-1,4.878911078E-1
8.988046991E1,-1.539307088E-1,3.355583176E-2,4.692489803E-1
8.990033657E1,1.688444167E-1,-6.418218613E-1,5.592638254E-1
8.992023374E1,2.785666585E-1,-7.675230503E-1,5.699164867E-1
8.994013092E1,1.310275346E-1,-3.137203753E-1,5.017395616E-1
8.995999758E1,-3.195793368E-3,2.034655064E-1,5.230448246E-1
8.997992527E1,9.054748341E-3,3.621899188E-1,6.146575809E-1
8.999985296E1,9.054747969E-2,4.926848114E-1,6.269081235E-1
9.001975014E1,1.059938148E-1,3.707120419E-1,5.581985712E-1
9.003961679E1,1.288969964E-1,-1.810949668E-2,4.894890189E-1
9.005951397E1,1.901497096E-1,-2.790992856E-1,5.880259871E-1
9.007941114E1,2.487392575E-1,-3.419498801E-1,7.339671850E-1
9.009927780E1,2.828277051E-1,-3.467435837E-1,7.813714743E-1
9.011917498E1,2.993393242E-1,-1.683117896E-1,7.073355913E-1
9.013907215E1,1.001348570E-1,-7.350324839E-2,4.772384763E-1
9.015896933E1,-1.832254827E-1,-1.810949594E-1,9.054747969E-2
9.017883599E1,-4.021373391E-1,-2.897519469E-1,-2.364887148E-1
9.019873316E1,-6.695187092E-1,-4.479437172E-1,-6.578007936E-1
9.021863034E1,-9.182579517E-1,-5.752428174E-1,-1.156344533E0
9.023852751E1,-9.885654449E-1,-6.700513363E-1,-1.685781002E0
9.025839417E1,-9.507485032E-1,-4.948153496E-1,-2.117213011E0
9.027829134E1,-8.884305358E-1,-3.004045784E-1,-2.492186308E0
9.029818852E1,-1.148887753E0,-4.314320982E-1,-2.914563656E0
9.031805518E1,-1.376854300E0,-6.418218613E-1,-3.149986982E0
9.033795235E1,-1.185639381E0,-2.242381722E-1,-3.130279541E0
9.035784953E1,-3.877562582E-1,8.271778226E-1,-3.224022865E0
9.037771619E1,3.749730885E-1,1.471662879E0,-3.373159885E0
9.039761336E1,9.193232059E-1,1.650094628E0,-3.184075356E0
9.041748002E1,4.229099751E-1,1.574460864E0,-2.669552803E0
9.043737719E1,-3.792341352E-1,1.251153111E0,-2.497512579E0
9.045727437E1,5.326322466E-2,5.917543769E-1,-2.344114542E0
9.047714103E1,5.091964006E-1,-8.234494328E-1,-2.250371218E0
9.049703820E1,3.334277868E-1,-1.154214025E0,-2.116147757E0
9.051693538E1,1.107875034E-1,-3.680488765E-1,-1.835983276E0
9.053683255E1,2.599245310E-1,1.278317273E-1,-1.345429063E0
9.055669921E1,3.142530024E-1,-2.652508616E-1,-7.776430249E-1
9.057659638E1,2.961435318E-1,-1.129712939E0,-2.775014043E-1
9.059649356E1,3.755057156E-1,-1.204814076E0,1.352885813E-1
9.061636022E1,4.399542212E-1,-3.941478431E-1,3.787015080E-1
9.063625739E1,3.845604658E-1,5.395564437E-1,5.166532397E-1
9.065615457E1,3.765709996E-1,7.882956862E-1,6.775081754E-1
9.067605174E1,3.478088379E-1,6.876282096E-1,9.843043685E-1
9.069594892E1,2.577939928E-1,4.308994710E-1,1.437574387E0
9.071581558E1,2.684466541E-1,-7.563377917E-2,1.773132682E0
9.073571275E1,2.029328793E-1,6.391586363E-2,1.929193974E0
9.075560993E1,1.837581247E-1,1.089232922E0,2.237055302E0
9.077550710E1,3.291667104E-1,7.659251690E-1,2.272741795E0
9.079537376E1,6.764429063E-2,1.427454352E-1,1.541970253E0
9.081527094E1,-8.522115648E-2,-2.434129268E-1,1.269262552E0
9.083516811E1,-2.434129268E-1,-2.284992188E-1,1.259142637E0
9.085503477E1,-3.435477912E-1,-7.243798673E-2,1.115331888E0
9.087495542E1,-3.856257200E-1,-1.581917703E-1,9.661948681E-1
9.089482207E1,-4.218447208E-1,-3.914846778E-1,9.321063757E-1
9.091471923E1,-4.223773479E-1,-4.633900523E-1,1.048220277E0
9.093458588E1,-3.020024598E-1,-4.532700181E-1,1.301753163E0
9.095448304E1,9.800432622E-2,-9.496832490E-1,1.437041759E0
9.097438020E1,6.700513363E-1,-1.916410804E0,1.411475420E0
9.099424685E1,1.156877160E0,-2.637594700E0,1.307612062E0
9.101414401E1,1.376854300E0,-2.292448997E0,1.208009839E0
9.103404117E1,9.001484513E-1,-1.491370238E-2,1.103081346E0
9.105390782E1,-5.326322466E-2,1.030110717E0,7.398261428E-1
9.107380498E1,-5.475459099E-1,7.265103459E-1,4.601942301E-1
9.109370214E1,-5.022721887E-1,1.294296265E0,3.531351686E-1
9.111359931E1,-2.141181529E-1,1.939313889E0,2.226402760E-1
9.113349647E1,-1.976065636E-1,1.705488443E0,2.434129268E-1
9.115342415E1,-3.099919558E-1,1.144093990E0,2.881540358E-1
9.117332131E1,-2.583266199E-1,7.392935157E-1,2.785666585E-1
9.119324899E1,-2.130528986E-1,3.318298757E-1,4.063983858E-1
9.121314615E1,-1.549959779E-1,-5.166532472E-2,5.182511806E-1
9.123304332E1,-2.663161233E-2,-5.273059011E-2,5.342301130E-1
9.125294048E1,1.363538504E-1,1.651159972E-1,5.890912414E-1
9.127283764E1,3.984089196E-1,7.574030161E-1,6.354302764E-1
9.129273481E1,5.938849449E-1,1.335309029E0,5.768406987E-1
9.131263197E1,3.483414650E-1,2.169943810E0,4.692489803E-1
9.133252913E1,-7.286409140E-1,2.420280933E0,4.506068528E-1
9.135239578E1,-7.627293468E-1,1.204814076E0,3.792341352E-1
9.137229294E1,-1.683117896E-1,2.167813182E-1,5.581985712E-1
9.139219010E1,1.912149638E-1,-4.234426320E-1,7.446198463E-1
9.141205675E1,2.450108230E-1,-4.681837261E-1,7.659251690E-1
9.143195391E1,6.338323653E-2,-5.326322280E-3,6.929545403E-1
9.145185107E1,-1.235706806E-1,2.599245310E-1,5.608617067E-1
9.147171772E1,-2.721750736E-1,6.045376062E-1,3.941478431E-1
9.149161488E1,-2.407497615E-1,9.837717414E-1,3.190467060E-1
9.151151205E1,-1.432780623E-1,1.092961311E0,2.599245310E-1
9.153140921E1,-1.896170676E-1,9.113337398E-1,1.555286050E-1
9.155130637E1,-2.625876963E-1,3.105245829E-1,1.027980223E-1
9.157117302E1,-1.145159304E-1,-2.082591951E-1,7.137271762E-2
9.159107018E1,-1.166464612E-1,-2.822950780E-1,-1.299622655E-1
9.161096734E1,-2.615224123E-1,-2.556634694E-2,-5.864281058E-1
9.163089502E1,-2.141181529E-1,9.374327213E-2,-1.252218366E0
9.165079218E1,-7.776430249E-2,-5.273059011E-2,-1.933454990E0
9.167068935E1,-6.924218684E-2,-1.597896665E-1,-2.457032442E0
9.169055599E1,-3.547330499E-1,-7.616640925E-1,-2.716424465E0
9.171045316E1,-6.860303283E-1,-1.215999365E0,-2.686596870E0
9.173035032E1,-6.199839115E-1,2.924150825E-1,-2.746251822E0
9.175024748E1,-1.043959185E-1,2.558765173E0,-3.069026947E0
9.177014464E1,4.021373391E-1,3.136671305E0,-3.400324106E0
9.179001129E1,9.837717414E-1,2.054362535E0,-3.232544899E0
9.180990845E1,1.379517466E-1,6.103965044E-1,-2.567287445E0
9.182980562E1,-3.627225459E-1,-4.740426838E-1,-2.239185810E0
9.184970278E1,-3.675162420E-2,-1.053013921E0,-2.028263569E0
9.186963046E1,1.331580579E-1,-1.435443878E0,-1.901497006E0
9.188955814E1,-1.230380461E-1,-8.101336360E-1,-1.895105481E0
9.190951634E1,-2.759034932E-1,3.920173049E-1,-1.951564431E0
9.192947453E1,-1.070590764E-1,1.088167667E0,-2.002164602E0
9.194937170E1,4.420847446E-2,1.864212751E-1,-1.857288599E0
9.196926886E1,-1.704423130E-2,-9.800432920E-1,-1.311340570E0
9.198916602E1,-4.154531285E-2,-9.571400881E-1,-7.536746264E-1
9.200906318E1,-1.246359423E-1,-2.689792812E-1,-5.033374429E-1
9.202899086E1,-2.370213419E-1,3.067961633E-1,-4.719121456E-1
9.204888803E1,-3.296993375E-1,9.113337398E-1,-3.818973005E-1
9.206878519E1,-1.363538504E-1,8.910937309E-1,-5.166532472E-2
9.208865184E1,1.091896072E-1,3.547330499E-1,4.154531360E-1
9.210854900E1,5.805691332E-2,-1.384843793E-2,8.335694075E-1
9.212844616E1,-8.255799860E-2,-1.438107044E-1,1.076449752E0
9.214834332E1,-6.764429063E-2,-1.794970632E-1,1.308144808E0
9.216824049E1,8.096009493E-2,3.302319720E-2,1.564873457E0
9.218816817E1,1.629854590E-1,6.274407506E-1,1.695368409E0
9.220806533E1,1.070590764E-1,1.185639381E0,1.574460864E0
9.222802353E1,6.567355394E-1,-4.825648069E-1,1.365136385E0
9.224792069E1,3.126551211E-1,4.852279723E-1,1.348092198E0
9.226790940E1,-3.781688958E-2,5.677859783E-1,1.331580520E0
9.228789812E1,4.111920893E-1,-2.231729031E-1,1.472728133E0
9.230782580E1,3.126551211E-1,-8.559399843E-1,1.542502880E0
9.232775348E1,-2.151834220E-1,-1.182976127E0,1.417334318E0
9.234777271E1,-5.161206126E-1,-1.111070871E0,1.186172009E0
9.236766987E1,-3.360909224E-1,-1.933455020E-1,9.859022498E-1
9.238756703E1,-4.580637068E-2,5.592638254E-1,8.580704927E-1
9.240746420E1,7.563377917E-2,7.403587699E-1,8.623315692E-1
9.242736136E1,7.669904083E-2,6.620618701E-1,1.017327547E0
9.244725852E1,1.597896684E-3,5.523396134E-1,1.174986720E0
9.246712517E1,-2.077265643E-2,5.209143162E-1,1.137702465E0
9.248702233E1,1.118527725E-2,5.933523178E-1,1.026382327E0
9.250691949E1,7.243798673E-2,7.962851524E-1,9.411611557E-1
9.252681666E1,1.070590764E-1,1.079112887E0,8.894958496E-1
9.254668330E1,8.042746782E-2,1.194161415E0,7.808388472E-1
9.256658046E1,-1.262338310E-1,7.685883045E-1,6.460828781E-1
9.258647763E1,-3.680488765E-1,2.540655732E-1,6.093312502E-1
9.260634427E1,-4.303668439E-1,1.507349163E-1,6.253102422E-1
9.262624144E1,-4.218447208E-1,2.588592768E-1,6.162554622E-1
9.264610808E1,-3.403519988E-1,4.287689328E-1,6.306365728E-1
9.266600525E1,-1.470064968E-1,4.825648069E-1,8.250473142E-1
9.268590241E1,7.403588295E-2,2.359560728E-1,9.326390028E-1
9.270579957E1,2.354234457E-1,-9.054748341E-3,7.930893898E-1
9.272569673E1,3.195793331E-1,7.243798673E-2,5.315669775E-1
9.274559390E1,3.094593287E-1,5.438175201E-1,2.386192381E-1
9.276552158E1,2.018676102E-1,1.268729925E0,-8.788431436E-2
9.278541874E1,-6.924218684E-2,1.944640279E0,-2.822950780E-1
9.280531590E1,-4.293015897E-1,2.388855457E0,-3.179814517E-1
9.282521306E1,-7.174556255E-1,2.641323328E0,-3.467435837E-1
9.284511023E1,-8.559399843E-1,2.755839109E0,-4.277036786E-1
9.286500739E1,-8.570052385E-1,2.715359211E0,-3.973436356E-1
9.288487404E1,-7.888283134E-1,2.398442984E0,-2.593919039E-1
9.290477120E1,-6.705839634E-1,1.839711666E0,-1.272991002E-1
9.292466836E1,-6.034722924E-1,1.288969994E0,8.681905270E-2
9.294453501E1,-6.237123609E-1,9.342369437E-1,3.137203753E-1
9.296443217E1,-6.455502510E-1,7.845672965E-1,4.612595141E-1
9.298432933E1,-6.407565475E-1,7.723167539E-1,5.976133347E-1
9.300425701E1,-5.155879855E-1,7.270429730E-1,7.036072016E-1
9.302412366E1,-3.259709179E-1,5.992112756E-1,8.271778226E-1
9.304402082E1,-3.430151641E-1,1.715075821E-1,9.246495366E-1
9.306391798E1,-5.012069345E-1,-3.648530841E-1,9.885654449E-1
9.308381515E1,-5.683186054E-1,-4.436826408E-1,9.049421549E-1
9.310368179E1,-4.447479248E-1,2.881540358E-1,4.548679292E-1
9.312360947E1,-1.635181010E-1,1.788578987E0,-3.616572917E-1
9.314350664E1,-3.089267015E-2,3.301787138E0,-1.103081346E0
9.316337328E1,-1.864212751E-2,3.932423830E0,-1.357679605E0
9.318327044E1,3.195793368E-3,4.312723160E0,-1.442900658E0
9.320313709E1,-4.633900523E-2,4.582234859E0,-1.295894265E0
9.322303425E1,-2.199771106E-1,4.772917271E0,-1.174454093E0
9.324293142E1,-1.222923636E0,5.054679871E0,-1.511610270E0
9.326279806E1,-1.411475420E0,3.177151203E0,-2.152366877E0
9.328269522E1,-1.000283360E0,1.300155282E0,-2.527339935E0
9.330256187E1,-8.681905270E-1,7.808388472E-1,-2.754241228E0
9.332245903E1,-1.035969734E0,1.464738607E0,-2.770220280E0
9.334235620E1,-1.283643723E0,2.862898111E0,-2.578472614E0
9.336225336E1,-1.274588943E0,4.073038578E0,-2.143844604E0
9.338212000E1,-8.554073572E-1,4.218979836E0,-1.625060916E0
9.340201717E1,-6.977482140E-2,2.935336113E0,-1.168595076E0
9.342191433E1,-1.528654546E-1,9.129316211E-1,-8.223841786E-1
9.344181149E1,-4.239752591E-1,-8.090683818E-1,-4.601942301E-1
9.346167814E1,-3.355582952E-1,-1.135571957E0,-1.736381054E-1
9.348157530E1,-1.949433982E-1,-5.006742850E-2,-2.652508616E-1
9.350147246E1,-1.725728363E-1,1.027980208E0,-6.370281577E-1
9.352133911E1,-2.183792144E-1,1.365669012E0,-7.110640407E-1
9.354123627E1,-1.768338978E-1,1.285241604E0,-4.122573435E-1
9.356113344E1,-9.906959534E-2,1.176051974E0,6.391586736E-3
9.358100008E1,-1.672465205E-1,1.168062449E0,3.094593287E-1
9.360092776E1,-2.961435318E-1,1.113201380E0,6.348975897E-1
9.362082492E1,-3.840278387E-1,1.070590734E0,9.065400362E-1
9.364072209E1,-4.010720551E-1,1.006142259E0,1.098820329E0
9.366061925E1,-3.163835406E-1,8.575378656E-1,1.236239433E0
9.368051641E1,-1.890844405E-1,7.233145833E-1,1.368332148E0
9.370044409E1,-4.207794741E-2,6.737797856E-1,1.669802070E0
9.372037177E1,-5.326322280E-4,5.044026971E-1,2.006425619E0
9.374026894E1,8.042746782E-2,7.243798673E-2,2.242914200E0
9.376016610E1,2.838929892E-1,-3.195793182E-2,2.215217352E0
9.378006326E1,5.784385800E-1,-1.203748807E-1,1.786981106E0
9.379999094E1,7.749798894E-1,-2.540655732E-1,1.206944585E0
9.381988810E1,7.627293468E-1,-7.552725077E-1,8.628641963E-1
9.383975475E1,7.110640407E-1,-3.179814517E-1,7.845672965E-1
9.385968243E1,3.483414650E-1,1.218662500E0,-1.944107562E-1
9.387961011E1,-8.064051867E-1,3.057308912E0,-1.224521518E0
9.389947675E1,-2.230131149E0,4.351605415E0,-2.153432131E0
9.391937392E1,-1.936650753E0,2.481000900E0,-3.167563915E0
9.393927108E1,-1.358212233E-1,4.271710515E-1,-3.665042400E0
9.395916824E1,6.753776670E-1,-1.404018521E0,-3.043993235E0
9.397906541E1,3.712446690E-1,-2.795253992E0,-1.898301244E0
9.399896257E1,-1.970739216E-1,-3.285275698E0,-1.082841277E0
9.401882921E1,-5.299690962E-1,-2.797384501E0,-6.663229465E-1
9.403872638E1,-5.512743592E-1,-1.425323844E0,-6.061354876E-1
9.405862354E1,-2.982740402E-1,4.138552547E-1,-3.808320463E-1
9.407849018E1,-1.853560209E-1,1.557949305E0,-1.331580617E-2
9.409838735E1,-8.894958347E-2,2.216815233E0,7.616640627E-2
9.411828451E1,3.099919558E-1,2.482066154E0,1.475391239E-1
9.413815116E1,6.375607848E-1,2.300971270E0,6.471481323E-1
9.415804832E1,7.419567108E-1,1.585113525E0,1.081243396E0
9.417794548E1,2.567287385E-1,-1.427454352E-1,1.164334059E0
9.419781213E1,-4.383563101E-1,-7.499461770E-1,1.205346704E0
9.421770929E1,-4.554005563E-1,-5.060006306E-2,1.432248116E0
9.423760645E1,-3.808320463E-1,4.644553065E-1,1.477521777E0
9.425747310E1,-4.138552547E-1,3.568635881E-1,1.383245945E0
9.427737026E1,-3.291667104E-1,-1.997370869E-1,1.182443500E0
9.429726742E1,-5.912217870E-2,-5.315669775E-1,9.608685374E-1
9.431716459E1,3.046656251E-1,2.870887816E-1,8.005462289E-1
9.433703123E1,6.870955825E-1,2.259958506E0,5.592638254E-1
9.435692840E1,6.066681147E-1,3.652791739E0,-5.060006306E-2
9.437682556E1,-1.304948926E-1,4.506601334E0,-6.476807594E-1
9.439669221E1,-9.640643597E-1,4.581169605E0,-9.001484513E-1
9.441658937E1,-9.480853677E-1,3.928695202E0,-8.953547478E-1
9.443645601E1,-5.060006306E-2,2.299906015E0,-5.651227832E-1
9.445635318E1,3.281014562E-1,5.539375171E-2,5.539375171E-2
9.447625034E1,4.106594622E-1,-8.980179429E-1,5.257080197E-1
9.449611698E1,2.221076339E-1,-1.379517466E-1,6.343649626E-1
9.451601415E1,-2.071939409E-1,7.355651259E-1,6.918892860E-1
9.453591131E1,-3.733751774E-1,1.002946496E0,6.588660479E-1
9.455577796E1,-2.205097377E-1,8.548747301E-1,6.396912932E-1
9.457567512E1,-1.230380461E-1,6.183860302E-1,5.816344023E-1
9.459557228E1,-1.480717659E-1,5.613943934E-1,4.649879336E-1
9.461543893E1,-1.331580579E-1,7.904262543E-1,3.685815036E-1
9.463533609E1,-1.214401498E-1,1.138235092E0,3.025351167E-1
9.465523325E1,-1.986718178E-1,1.247424722E0,2.439455539E-1
9.467513042E1,-2.929477394E-1,1.014131784E0,2.588592768E-1
9.469499706E1,-2.716424465E-1,7.147924304E-1,2.583266199E-1
9.471489422E1,-1.661812514E-1,7.515440583E-1,2.327602804E-1
9.473476087E1,-2.194444835E-1,8.980179429E-1,2.045307755E-1
9.475465803E1,-3.296993375E-1,9.321063757E-1,2.695119083E-1
9.477455520E1,-3.861583769E-1,9.954896569E-1,3.856257200E-1
9.479442184E1,-3.605920076E-1,1.078047633E0,2.290318608E-1
9.481431900E1,-4.085289240E-1,1.012533903E0,2.908172011E-1
9.483421617E1,-4.101268053E-1,7.089334726E-1,4.175836742E-1
9.485408281E1,-2.130528986E-1,3.254382908E-1,4.346278906E-1
9.487397998E1,-9.054748341E-3,1.012001261E-1,3.350256681E-1
9.489384662E1,-2.082591951E-1,-3.195793182E-2,-1.193096191E-1
9.491377430E1,-6.317018270E-1,4.191815555E-1,-6.418218613E-1
9.493364095E1,-1.123321414E0,1.156344533E0,-1.140365601E0
9.495353811E1,-1.426389098E0,1.767273784E0,-1.686846256E0
9.497349631E1,-1.479652286E0,2.206162691E0,-2.068210840E0
9.499339347E1,-1.295361519E0,2.328135490E0,-2.157160521E0
9.501332115E1,-1.134506702E0,2.344114542E0,-2.159291029E0
9.503324883E1,-8.692557812E-1,2.423476696E0,-2.076200485E0
9.505317651E1,-3.632551730E-1,2.040513992E0,-2.085255146E0
9.507307367E1,2.812298238E-1,1.659149408E0,-2.194444895E0
9.509297084E1,1.087102413E0,2.414421797E0,-2.455434561E0
9.511286800E1,2.775014043E-1,4.094876766E0,-3.243197680E0
9.513276516E1,2.199771106E-1,2.296710253E0,-3.682086706E0
9.515269284E1,4.383563101E-1,-4.016047120E-1,-3.525492668E0
9.517259000E1,-4.314320907E-2,-7.286409140E-1,-3.168629169E0
9.519248717E1,-9.161274135E-2,8.372978568E-1,-3.083407879E0
9.521238433E1,1.384843737E-1,9.859022498E-1,-2.963033199E0
9.523228149E1,9.214537591E-2,5.890912414E-1,-2.648780107E0
9.525220917E1,5.326322280E-3,3.414172530E-1,-2.375007153E0
9.527210633E1,1.347559541E-1,-2.940129936E-1,-2.066080332E0
9.529203402E1,2.253034264E-1,-8.783105612E-1,-1.640507221E0
9.531193118E1,1.629854590E-1,-1.018925428E0,-1.045557022E0
9.533182834E1,6.338323653E-2,-9.225190282E-1,-6.514092088E-1
9.535172550E1,-1.161138266E-1,-6.993461251E-1,-2.524676621E-1
9.537162267E1,-1.933455020E-1,-4.767058492E-1,1.810949594E-1
9.539155034E1,-2.024002373E-2,-2.029328793E-1,4.665858448E-1
9.541144751E1,3.456783295E-1,-1.166464612E-1,6.897587180E-1
9.543134467E1,4.868258536E-1,3.121224940E-1,9.704559445E-1
9.545124183E1,4.415521026E-1,1.107874990E0,1.190965652E0
9.547113900E1,4.708468914E-1,1.334776402E0,1.342233181E0
9.549103616E1,4.655205607E-1,7.520766854E-1,1.490837574E0
9.551093332E1,3.605920076E-1,2.024002373E-2,1.661812544E0
9.553086100E1,2.162486911E-1,-8.383631110E-1,1.729456902E0
9.555075816E1,-5.267732739E-1,2.679139972E-1,1.556884050E0
9.557065533E1,-6.231797114E-2,2.402171344E-1,1.467401743E0
9.559055249E1,6.215817928E-1,5.667206645E-1,1.418399572E0
9.561044965E1,4.937500656E-1,3.403519988E-1,9.406285286E-1
9.563034682E1,3.914846778E-1,-1.069525480E0,9.134642482E-1
9.565021346E1,8.628641814E-2,-2.141714096E0,8.958874345E-1
9.567011062E1,-2.306297570E-1,-2.621615887E0,1.059405446E0
9.569000779E1,-4.026699662E-1,-1.886583328E0,1.249555230E0
9.570990495E1,-3.403519988E-1,-3.147856593E-1,1.225054145E0
9.572977160E1,-6.444849819E-2,7.281082273E-1,1.192030907E0
9.574966876E1,1.299622655E-1,1.080710769E0,1.334243774E0
9.576956592E1,1.315601617E-1,9.741843343E-1,1.522262931E0
9.578943257E1,-1.155811921E-1,6.370281577E-1,1.530252337E0
9.580932973E1,-4.388889670E-1,-5.326322466E-2,1.432780743E0
9.582922689E1,-6.050702333E-1,-7.696535587E-1,1.394963861E0
9.584912406E1,-5.544701219E-1,-1.276719451E0,1.419997573E0
9.586902122E1,-2.966761589E-1,-1.753957868E0,1.497761846E0
9.588891838E1,-1.970739290E-2,-2.088983536E0,1.540904999E0
9.590881554E1,3.142530024E-1,-2.417084932E0,1.527589202E0
9.592868219E1,5.214469433E-1,-2.449043036E0,1.348092198E0
9.594857935E1,6.018744111E-1,-2.061286688E0,9.491506219E-1
9.596847652E1,4.452805519E-1,-1.234108925E0,5.763080716E-1
9.598837368E1,1.464738697E-1,-1.949433982E-1,3.334277868E-1
9.600827084E1,-9.427590668E-2,6.332997084E-1,1.731054783E-1
9.602813749E1,-1.374191195E-1,1.062601328E0,6.498113275E-2
9.604803465E1,3.036003746E-2,1.182443500E0,1.065264456E-2
9.606790130E1,3.201119602E-1,1.048220277E0,9.587380104E-3
9.608779846E1,5.347627401E-1,6.657902598E-1,2.822950855E-2
9.610769562E1,6.050702333E-1,2.487392575E-1,1.278317347E-2
9.612759278E1,5.869607329E-1,5.326322280E-3,-2.663161140E-3
9.614748995E1,4.191815555E-1,8.841694891E-2,1.262338310E-1
9.616735659E1,7.669904083E-2,-1.970739290E-2,2.269013226E-1
9.618725376E1,-2.290318534E-2,-3.275688291E-1,2.130528986E-1
9.620715092E1,9.161274135E-2,-5.384911895E-1,3.217098713E-1
9.622701756E1,1.384843737E-1,-3.765709996E-1,4.538026452E-1
9.624691473E1,6.870955974E-2,-1.491370238E-2,5.566006899E-1
9.626681189E1,-2.450108156E-2,6.231797114E-2,6.018744111E-1
9.628670905E1,-4.261057824E-3,3.302319720E-2,5.741775632E-1
9.630657570E1,6.817692518E-2,1.837581247E-1,4.900216460E-1
9.632647286E1,2.822950855E-2,2.551308274E-1,3.792341352E-1
9.634640054E1,-8.149272949E-2,3.462109566E-1,2.471413612E-1
9.636632822E1,-2.103897333E-1,4.836300611E-1,9.054747969E-2
9.638622538E1,-3.030677438E-1,5.960154533E-1,6.231797114E-2
9.640615306E1,-3.632551730E-1,6.828345060E-1,1.869539171E-1
9.642605023E1,-3.435477912E-1,6.892260909E-1,3.115898669E-1
9.644597791E1,-2.370213419E-1,4.799016416E-1,5.262406468E-1
9.646590559E1,-1.139832959E-1,-3.728425596E-3,6.620618701E-1
9.648580275E1,-7.563377917E-2,-4.111920893E-1,5.070658922E-1
9.650566939E1,-2.748382390E-1,-4.378236830E-1,1.299622655E-1
9.652556656E1,-5.576659441E-1,-3.057309091E-1,-2.498045117E-1
9.654546372E1,-7.925567627E-1,-2.306297570E-1,-6.604639888E-1
9.656542192E1,-9.571400881E-1,-1.560612470E-1,-1.103613973E0
9.658534960E1,-8.490157723E-1,-2.716424316E-2,-1.461010218E0
9.660524676E1,-5.933523178E-1,2.439455539E-1,-1.778991699E0
9.662514392E1,-4.239752591E-1,9.539443254E-1,-2.139050961E0
9.664504109E1,-3.355582952E-1,1.522795558E0,-2.426139832E0
9.666493825E1,-3.030677438E-1,1.076982379E0,-2.645584345E0
9.668480489E1,-2.295644879E-1,1.565938741E-1,-2.678607464E0
9.670470206E1,5.166532472E-2,-1.278317347E-2,-2.488990307E0
9.672459922E1,7.531419992E-1,2.370213509E0,-2.477805138E0
9.674446587E1,2.071939409E-1,2.986468792E0,-2.955043554E0
9.676436303E1,3.680488765E-1,3.462109342E-2,-2.915628910E0
9.678422967E1,4.127899706E-1,-2.381398678E0,-2.509763002E0
9.680415735E1,-1.432780623E-1,-1.027980208E0,-2.289253235E0
9.682402400E1,7.350324839E-2,9.283779860E-1,-2.255697489E0
9.684395168E1,3.797667921E-1,7.797735929E-1,-2.199238539E0
9.686384884E1,1.661812514E-1,4.948153496E-1,-2.147573233E0
9.688377652E1,1.129180342E-1,3.323625028E-1,-1.928128719E0
9.690367368E1,2.567287385E-1,-5.054680109E-1,-1.447694421E0
9.692354033E1,3.595267534E-1,-1.187237263E0,-8.878979087E-1
9.694343749E1,3.893541694E-1,-1.018925428E0,-3.281014562E-1
9.696333466E1,3.504720032E-1,-4.074636400E-1,3.675162420E-2
9.698323182E1,2.684466541E-1,8.042746782E-2,1.214401498E-1
9.700309847E1,1.065264493E-1,6.737797856E-1,2.167813182E-1
9.702302614E1,1.901497096E-1,9.161274433E-1,4.069310129E-1
9.704292331E1,4.500742257E-1,5.699164867E-1,6.151902080E-1
9.706285099E1,4.639226794E-1,4.548679292E-1,8.106662631E-1
9.708277867E1,4.186489284E-1,5.688512325E-1,1.077515006E0
9.710270635E1,3.701793849E-1,4.655205607E-1,1.352885842E0
9.712260351E1,1.810949594E-1,3.834952042E-2,1.474858642E0
9.714250067E1,-2.215750068E-1,-1.629854590E-1,1.372593284E0
9.716239784E1,-1.267664731E-1,-4.953479767E-2,1.428519607E0
9.718229500E1,3.595267534E-1,-1.880191714E-1,1.403485894E0
9.720219216E1,1.267664731E-1,-2.764361203E-1,1.137702465E0
9.722215036E1,1.161138266E-1,-2.913498282E-1,1.179780364E0
9.724204752E1,3.398193717E-1,-6.210491657E-1,1.410942793E0
9.726197520E1,1.677791476E-1,-9.459548593E-1,1.567003965E0
9.728193340E1,-2.503371425E-2,-1.150485635E0,1.541437626E0
9.730192211E1,-2.034655064E-1,-8.847021461E-1,1.477521777E0
9.732188031E1,-1.954760253E-1,-1.033306494E-1,1.371528029E0
9.734180799E1,4.740426689E-2,2.897519469E-1,1.425323844E0
9.736176619E1,1.842907518E-1,-6.977482140E-2,1.516403913E0
9.738172438E1,2.141181529E-1,-5.091964006E-1,1.490837574E0
9.740168258E1,2.434129268E-1,-7.563377619E-1,1.364071131E0
9.742157974E1,2.316950262E-1,-8.793758154E-1,1.275654197E0
9.744147691E1,2.119876295E-1,-9.470201135E-1,1.253283620E0
9.746137407E1,2.237055302E-1,-8.367652297E-1,1.271393180E0
9.748130175E1,2.407497615E-1,-6.908239722E-1,1.238369942E0
9.750116840E1,2.455434501E-1,-6.530070901E-1,1.135571957E0
9.752106556E1,2.354234457E-1,-7.563377619E-1,9.944243431E-1
9.754096272E1,2.487392575E-1,-8.948221207E-1,7.275756001E-1
9.756085988E1,2.391518652E-1,-9.651296139E-1,3.872236311E-1
9.758075705E1,1.123853996E-1,-1.077515006E0,1.438107044E-1
9.760065421E1,-3.462109342E-2,-1.046622276E0,6.072007492E-2
9.762058189E1,-2.050634027E-1,-6.482134461E-1,1.970739290E-2
9.764047905E1,-2.599245310E-1,1.533980817E-1,5.113269389E-2
9.766037621E1,-2.082591951E-1,1.001881242E0,9.534116834E-2
9.768024286E1,-7.616640627E-2,1.340635300E0,8.575379103E-2
9.770017054E1,1.299622655E-1,1.261273146E0,8.788431436E-2
9.772006770E1,3.648530841E-1,1.005609632E0,1.459412277E-1
9.773996487E1,6.157228351E-1,8.074704409E-1,2.998719513E-1
9.775989255E1,7.643272281E-1,9.086706042E-1,4.500742257E-1
9.777982023E1,-4.633900523E-2,1.158475041E0,4.511395097E-1
9.779971739E1,-5.273059011E-1,2.013349831E-1,4.703142643E-1
9.781967559E1,-1.640507281E-1,-4.346278906E-1,5.912217498E-1
9.783957275E1,1.864212751E-1,-5.235774517E-1,6.364955306E-1
9.785950043E1,1.454086006E-1,-4.394215941E-1,6.013417840E-1
9.787939759E1,-8.255799860E-2,-9.374327213E-2,4.660531878E-1
9.789929476E1,-1.507349163E-1,4.719121456E-1,2.711097896E-1
9.791919192E1,-1.427454352E-1,8.602010608E-1,1.912149638E-1
9.793911960E1,-1.837581247E-1,9.917612076E-1,2.221076339E-1
9.795901676E1,-2.290318608E-1,9.779127836E-1,3.568635881E-1
9.797894444E1,-1.906823367E-1,7.222493291E-1,5.603290796E-1
9.799884160E1,1.225054078E-2,2.822950780E-1,6.940197945E-1
9.801870825E1,2.061286718E-1,3.941478580E-2,6.396912932E-1
9.803860541E1,-1.059938148E-1,6.391586736E-3,2.854908705E-1
9.805847206E1,-5.102616549E-1,8.149272949E-2,8.522115648E-3
9.807836922E1,-6.439523697E-1,-1.166464612E-1,-1.139832959E-1
9.809826638E1,-6.727145314E-1,-6.886934638E-1,-2.908172011E-1
9.811816354E1,-5.997439027E-1,-9.171926975E-1,-5.608617067E-1
9.813803019E1,-4.703142643E-1,-5.874933600E-1,-9.219864011E-1
9.815792735E1,-3.563309610E-1,-1.597896591E-2,-1.369930148E0
9.817782452E1,-3.110572100E-1,5.257080197E-1,-1.709216833E0
9.819769116E1,-2.609897852E-1,8.570052385E-1,-2.117745638E0
9.821761884E1,-4.511395097E-1,5.901564956E-1,-2.361691236E0
9.823751600E1,-7.302387953E-1,6.535397172E-1,-2.304699659E0
9.825738265E1,-7.872304320E-1,1.873267531E0,-2.249838591E0
9.827727981E1,-3.776362538E-1,3.168629169E0,-2.495914698E0
9.829717698E1,1.027980223E-1,2.174737453E0,-2.638659954E0
9.831710466E1,1.230380461E-1,-2.002697140E-1,-2.532133579E0
9.833703234E1,-1.571265012E-1,-1.939846516E0,-2.288720608E0
9.835696002E1,-4.569984376E-1,-1.711347342E0,-2.150236368E0
9.837685718E1,-2.098570913E-1,8.948221803E-2,-2.031459332E0
9.839675434E1,1.821602285E-1,9.944243431E-1,-2.096440554E0
9.841665150E1,1.794970632E-1,1.015197039E0,-2.230131149E0
9.843651815E1,2.663161233E-2,6.119944453E-1,-2.245577574E0
9.845641531E1,-1.810949668E-2,4.000068009E-1,-2.102299452E0
9.847631248E1,2.316950262E-1,5.406216979E-1,-1.858353853E0
9.849617912E1,4.607268870E-1,6.178534031E-2,-1.431715488E0
9.851607628E1,4.942827225E-1,-4.974785149E-1,-8.665926456E-1
9.853594293E1,5.203816891E-1,-5.289037824E-1,-4.021373391E-1
9.855584009E1,4.841626883E-1,-1.384843737E-1,-1.502022892E-1
9.857573726E1,3.904194236E-1,3.403519988E-1,1.523328125E-1
9.859560390E1,3.643204570E-1,5.219795704E-1,4.905542731E-1
9.861550106E1,3.941478431E-1,4.127899706E-1,8.159925938E-1
9.863539823E1,4.330300093E-1,2.972087860E-1,1.182976127E0
9.865526487E1,2.700445354E-1,1.384843793E-2,1.609081984E0
9.867516204E1,1.075917110E-1,-8.628641963E-1,1.839179039E0
9.869502868E1,-3.834952042E-2,-6.258428693E-1,1.883387566E0
9.871492584E1,1.475391239E-1,7.744472623E-1,2.069808722E0
9.873482301E1,1.023186564E0,-2.977414131E-1,2.343049288E0
9.875468965E1,3.131877482E-1,7.547398806E-1,1.864212751E0
9.877458682E1,4.053331316E-1,-2.556634694E-2,1.452488065E0
9.879448398E1,3.600593805E-1,-4.857605994E-1,1.531317711E0
9.881435062E1,2.290318534E-2,-8.655273914E-1,1.655953646E0
9.883424779E1,-3.344930410E-1,-1.088700294E0,1.608549356E0
9.885414495E1,-4.809668958E-1,-6.892260909E-1,1.268197298E0
9.887401160E1,-2.338255495E-1,-3.259709179E-1,1.027447581E0
9.889390876E1,-3.408846259E-2,-3.861583769E-1,9.922938347E-1
9.891380592E1,-5.006742850E-2,-5.187838078E-1,1.076449752E0
9.893367257E1,-8.788431436E-2,-5.299690962E-1,1.373658538E0
9.895356973E1,-1.597896591E-2,-6.918892860E-1,1.528654456E0
9.897346689E1,1.038632840E-1,-8.703210354E-1,1.498294473E0
9.899345561E1,1.858886480E-1,-9.097358584E-1,1.413073301E0
9.901332225E1,1.885518134E-1,-8.021441102E-1,1.323591113E0
9.903321942E1,2.071939409E-1,-5.741775632E-1,1.173921466E0
9.905311658E1,2.247707993E-1,-4.490089715E-1,9.619337916E-1
9.907298322E1,2.050634027E-1,-3.781688809E-1,6.524744630E-1
9.909288039E1,1.645833552E-1,-1.832254827E-1,2.902845740E-1
9.911277755E1,7.403588295E-2,6.551376730E-2,-2.077265643E-2
9.913264419E1,-5.539375171E-2,2.668487430E-1,-2.311623842E-1
9.915254136E1,-1.432780623E-1,6.402239203E-1,-2.977414131E-1
9.917243852E1,-1.613875628E-1,1.108407617E0,-1.640507281E-1
9.919230517E1,-1.352885813E-1,1.483913422E0,1.283643693E-1
9.921220233E1,-9.480853379E-2,1.439704895E0,3.542004228E-1
9.923206897E1,4.474110901E-2,1.115331888E0,4.852279723E-1
9.925196614E1,3.424825370E-1,4.612595141E-1,8.111988902E-1
9.927186330E1,5.166532472E-2,-4.340952635E-1,1.241033077E0
9.929172995E1,1.384843793E-2,-8.612663150E-1,1.437574387E0
9.931165763E1,1.747033745E-1,-9.763149023E-1,1.580319762E0
9.933158530E1,2.066612989E-1,-6.066681147E-1,1.586711407E0
9.935148247E1,5.539375171E-2,-2.226402760E-1,1.283111095E0
9.937137963E1,-6.604639441E-2,-1.523328125E-1,8.266451955E-1
9.939127679E1,-5.752427876E-2,5.060006306E-2,4.681837261E-1
9.941117396E1,-7.350324839E-2,1.864212751E-1,5.805691332E-2
9.943104060E1,-1.677791476E-1,3.755057156E-1,-4.681837261E-1
9.945093776E1,-3.861583769E-1,5.001416802E-1,-7.041398287E-1
9.947086545E1,-5.443501472E-1,4.213120937E-1,-9.731190801E-1
9.949079313E1,-5.640575290E-1,3.733751774E-1,-1.260207891E0
9.951065977E1,-4.969458580E-1,3.243730366E-1,-1.669269443E0
9.953055693E1,-3.962783813E-1,4.202468395E-1,-2.202966928E0
9.955045410E1,-5.017395616E-1,2.050634027E-1,-2.733468533E0
9.957032074E1,-8.127967715E-1,-4.271710515E-1,-2.905508757E0
9.959021790E1,-1.057274938E0,-5.384911895E-1,-2.773948669E0
9.961011507E1,-7.153250575E-1,4.921521842E-1,-2.703108549E0
9.963001223E1,2.908172011E-1,1.756088495E0,-2.866626740E0
9.964987888E1,1.115864515E0,2.516154528E0,-2.802178144E0
9.966977604E1,2.008023560E-1,3.232544899E0,-2.662095785E0
9.968967320E1,-1.651159860E-2,1.098820329E0,-2.496447325E0
9.970953985E1,3.259709179E-1,-1.551025033E0,-2.129996300E0
9.972943701E1,1.992044598E-1,-2.185389996E0,-1.942509770E0
9.974933417E1,-2.668487430E-1,1.587243974E-1,-1.957956076E0
9.976923134E1,1.310275346E-1,1.487641811E0,-1.940379262E0
9.978909798E1,3.531351686E-1,1.236239433E0,-1.812547445E0
9.980899514E1,3.217098713E-1,2.407497615E-1,-1.406149030E0
9.982889231E1,2.284992188E-1,-7.137271762E-1,-8.831042051E-1
9.984875895E1,2.077265680E-1,-9.022790194E-1,-3.872236311E-1
9.986865612E1,3.014698327E-1,-7.169229984E-1,-1.203748807E-1
9.988855328E1,4.181163013E-1,-2.764361203E-1,8.362326026E-2
9.990841992E1,4.884237647E-1,3.211772442E-1,3.222424984E-1
9.992831709E1,3.824299276E-1,8.751147389E-1,5.640575290E-1
9.994821425E1,3.270362020E-1,1.181378245E0,7.275756001E-1
9.996808090E1,3.600593805E-1,1.197889924E0,1.095091820E0
9.998797806E1,4.255731404E-1,3.041329980E-1,1.560612440E0
1.000078752E2,4.048005044E-1,-1.380582690E0,1.982457161E0
1.000277419E2,-1.699096859E-1,-1.433313370E0,2.270078659E0
1.000476390E2,-2.093244642E-1,2.018676102E-1,2.512958765E0
1.000675362E2,6.466155052E-1,9.384979606E-1,2.371811390E0
1.000874334E2,5.613943934E-1,6.647250056E-1,1.544100881E0
1.001073000E2,1.970739216E-1,8.096009493E-2,1.227717280E0
1.001271972E2,-1.214401498E-1,-7.041398287E-1,1.333711147E0
1.001470943E2,-3.563309610E-1,-9.443569183E-1,1.341167927E0
1.001669915E2,-3.067961633E-1,-6.263754964E-1,1.238369942E0
1.001868887E2,-1.091896072E-1,-4.500742257E-1,1.180312991E0
1.002067858E2,1.384843793E-2,-6.285060048E-1,1.123321414E0
1.002266525E2,3.781688958E-2,-8.761799932E-1,1.015729666E0
1.002465496E2,-2.663161233E-2,-1.067927599E0,9.608685374E-1
1.002664468E2,-1.219727769E-1,-1.081243396E0,9.555422068E-1
1.002863440E2,-2.306297570E-1,-9.353021979E-1,9.970875382E-1
1.003062106E2,-2.966761589E-1,-7.046724558E-1,1.027447581E0
1.003261078E2,-2.753708661E-1,-3.499393761E-1,1.005609632E0
1.003460049E2,-8.415589482E-2,1.102548689E-1,9.693906307E-1
1.003659631E2,1.981391907E-1,4.042678475E-1,8.543421030E-1
1.003858603E2,4.367584288E-1,4.378236830E-1,6.812366247E-1
1.004058185E2,5.512743592E-1,3.403519988E-1,5.070658922E-1
1.004257156E2,5.672533512E-1,4.974785149E-1,2.993393242E-1
1.004456128E2,4.442152679E-1,9.965549111E-1,1.438107044E-1
1.004655100E2,2.018676102E-1,1.569667220E0,1.017327532E-1
1.004853766E2,-7.084008306E-2,1.830124378E0,8.362326026E-2
1.005053043E2,-2.572613657E-1,1.816808581E0,7.669904083E-2
1.005251709E2,-2.551308274E-1,1.621332526E0,7.563377917E-2
1.005450986E2,-1.267664731E-1,1.215999365E0,1.928128600E-1
1.005649958E2,-1.858886480E-1,8.117315173E-1,2.860234976E-1
1.005849540E2,-4.202468395E-1,7.036072016E-1,2.263686955E-1
1.006049122E2,-4.681837261E-1,8.175904751E-1,2.801645398E-1
1.006248704E2,-3.435477912E-1,9.289106131E-1,3.483414650E-1
1.006448591E2,-3.515372574E-1,8.687231541E-1,3.515372574E-1
1.006647868E2,-3.398193717E-1,5.555354357E-1,3.600593805E-1
1.006847144E2,-1.624528319E-1,1.528654546E-1,5.161206126E-1
1.007047642E2,-8.522115648E-3,3.621899337E-2,6.034722924E-1
1.007246614E2,-9.161274135E-2,1.272991002E-1,5.688512325E-1
1.007445585E2,-1.826928556E-1,3.648530841E-1,5.310343504E-1
1.007644557E2,-1.629854590E-1,8.687231541E-1,3.659183383E-1
1.007843528E2,-1.986718178E-1,1.350755334E0,2.833603323E-1
1.008042195E2,-2.631203234E-1,1.687911510E0,4.245078862E-1
1.008241167E2,-3.707120419E-1,1.551557660E0,6.215817928E-1
1.008440138E2,-5.049353242E-1,7.605988383E-1,7.936220169E-1
1.008639415E2,-3.850930929E-1,1.352885813E-1,8.820389509E-1
1.008838387E2,-3.973436356E-1,-5.432848632E-2,7.371630073E-1
1.009037358E2,-4.953479767E-1,-3.302319720E-2,4.703142643E-1
1.009236330E2,-5.209143162E-1,4.580637068E-2,2.050634027E-1
1.009435301E2,-4.825648069E-1,1.480717659E-1,-2.322276533E-1
1.009634273E2,-4.202468395E-1,3.073287904E-1,-7.968178391E-1
1.009833245E2,-3.925499618E-1,8.431568146E-1,-1.286839485E0
1.010031911E2,-3.653857112E-1,1.136104584E0,-1.670334697E0
1.010230883E2,-3.265035450E-1,1.184574127E0,-1.983522415E0
1.010429854E2,-3.334277868E-1,1.367799520E0,-2.094309807E0
1.010628826E2,-3.994741738E-1,1.682585239E0,-2.067145586E0
1.010827798E2,-3.094593287E-1,1.624528289E0,-1.936118126E0
1.011026464E2,-8.202536404E-2,9.965549111E-1,-1.727326274E0
1.011225436E2,3.515372798E-2,5.107942820E-1,-1.698564172E0
1.011424407E2,3.355583176E-2,6.210491657E-1,-1.782187462E0
1.011623074E2,-7.723167539E-2,1.208542466E0,-1.799764276E0
1.011822656E2,-3.802994192E-1,1.561677694E0,-1.672997832E0
1.012021933E2,-6.636597514E-1,1.343298435E0,-1.452488065E0
1.012220599E2,-7.206513882E-1,9.598032832E-1,-1.186172009E0
1.012419571E2,-7.254450917E-1,6.807039976E-1,-9.976201653E-1
1.012618542E2,-7.590008974E-1,8.287757635E-1,-9.938917160E-1
1.012817514E2,-7.611314654E-1,1.463673353E0,-1.032773852E0
1.013016486E2,-7.414240837E-1,1.806155920E0,-1.078580260E0
1.013215457E2,-7.659251690E-1,1.687378883E0,-1.116929770E0
1.013414429E2,-8.218515515E-1,1.415203810E0,-1.015197039E0
1.013613401E2,-8.287757635E-1,1.169127703E0,-8.511462808E-1
1.013812372E2,-7.494135499E-1,1.056742311E0,-7.057377100E-1
1.014011649E2,-6.838997602E-1,1.078047633E0,-4.793690145E-1
1.014210621E2,-6.370281577E-1,1.119060278E0,-2.125202566E-1
1.014409592E2,-5.944175720E-1,1.105211854E0,9.321063757E-2
1.014609174E2,-5.480785370E-1,1.066862345E0,4.261057973E-1
1.014808451E2,-4.511395097E-1,1.128647685E0,8.197209835E-1
1.015007728E2,-3.483414650E-1,1.172856212E0,1.098287702E0
1.015206699E2,-2.082591951E-1,1.159007788E0,1.424791217E0
1.015406281E2,2.716424316E-2,1.198422551E0,1.752892613E0
1.015605558E2,4.601942301E-1,1.202683568E0,2.138518333E0
1.015804530E2,6.551376581E-1,5.566006899E-1,2.513491392E0
1.016003501E2,5.235774517E-1,-1.222391009E0,2.942260504E0
1.016202473E2,7.957525253E-1,-2.163552046E0,3.000849962E0
1.016401445E2,1.432780743E0,-2.055960447E-1,2.944391012E0
1.016600416E2,1.488707066E0,8.239820600E-1,2.522013664E0
1.016799388E2,1.104146600E0,7.430219650E-1,1.649029374E0
1.016998360E2,5.422195792E-1,1.307079434E0,6.833671331E-1
1.017197331E2,-1.299622655E-1,1.222923636E0,-8.436894417E-1
1.017395998E2,-7.488809228E-1,2.160888910E0,-1.930791855E0
1.017595274E2,-1.724663138E0,4.048537731E0,-2.476739883E0
1.017794246E2,-2.029861450E0,2.539057732E0,-2.703641176E0
1.017993218E2,-5.225121975E-1,-4.458131790E-1,-2.721750736E0
1.018192189E2,2.476739883E-1,-2.725479126E0,-2.457565069E0
1.018391161E2,4.820321798E-1,-3.526557922E0,-2.057558298E0
1.018590438E2,6.082659960E-1,-3.202717543E0,-1.543035507E0
1.018790935E2,3.787015080E-1,-2.222674370E0,-9.310411215E-1
1.018990212E2,1.267664731E-1,-7.568703890E-1,-4.644553065E-1
1.019189184E2,-1.166464612E-1,1.072188616E0,7.616640627E-2
1.019388155E2,-2.173139453E-1,2.550775766E0,4.314320982E-1
1.019587127E2,-2.237055302E-1,2.924683571E0,4.095941782E-1
1.019786099E2,-6.924218964E-3,2.168345690E0,2.785666585E-1
1.019985070E2,4.117247164E-1,1.437041759E0,5.278385282E-1
1.020183737E2,5.688512325E-1,1.021588564E0,7.723167539E-1
1.020382708E2,3.909520507E-1,7.062703371E-1,8.474178910E-1
1.020581680E2,-1.225054078E-2,3.664509654E-1,9.337043166E-1
1.020780957E2,-3.062635362E-1,1.581917703E-1,1.015729666E0
1.020980539E2,-4.191815555E-1,4.825648069E-1,1.111603498E0
1.021179510E2,-3.233077526E-1,1.357146859E0,1.081243396E0
1.021378787E2,-6.354302764E-1,1.381115317E0,7.984157205E-1
1.021577759E2,-1.105744481E0,8.847021461E-1,6.567355394E-1
1.021776425E2,-1.293763638E0,3.834952116E-1,7.344998717E-1
1.021975702E2,-1.045024395E0,-3.302319720E-2,8.522115946E-1
1.022174979E2,-5.789712071E-1,8.575379103E-2,9.507485032E-1
1.022374256E2,-5.699164793E-2,6.572681665E-1,8.719189763E-1
1.022573227E2,3.243730366E-1,1.195759296E0,7.110640407E-1
1.022772199E2,5.262406468E-1,1.806688547E0,5.933523178E-1
1.022971170E2,6.609966159E-1,2.942793131E0,4.527373910E-1
1.023170142E2,4.799016416E-1,3.648530722E0,2.173139453E-1
1.023369114E2,-1.012001187E-2,3.345995665E0,-6.391586363E-2
1.023568085E2,-5.443501472E-1,2.680737972E0,-2.663161159E-1
1.023767057E2,-8.479505181E-1,2.075135231E0,-3.004045784E-1
1.023966029E2,-8.229168057E-1,1.275654197E0,-2.817624509E-1
1.024164695E2,-5.747101903E-1,3.733751774E-1,-3.728425503E-1
1.024363667E2,-2.583266199E-1,-1.826928556E-1,-6.492787004E-1
1.024562638E2,-1.917476021E-2,-1.805623323E-1,-1.001881242E0
1.024761305E2,-1.225054078E-2,3.515372574E-1,-1.330515265E0
1.024960276E2,-3.344930410E-1,1.295894265E0,-1.700694680E0
1.025158943E2,-1.189367771E0,4.505536079E0,-2.217347860E0
1.025357914E2,-2.691390753E0,8.146610260E0,-2.712163210E0
1.025556886E2,-3.200587034E0,9.618272781E0,-3.444532633E0
1.025755553E2,-1.946770787E0,1.264522171E1,-3.824831963E0
1.025954524E2,-1.266066790E0,6.685067177E0,-3.353985071E0
1.026153496E2,-5.246427655E-1,-5.411543250E-1,-3.385410547E0
1.026352162E2,-4.346278906E-1,-2.349973440E0,-3.080212116E0
1.026551134E2,-9.779127836E-1,-8.314388990E-1,-2.486859798E0
1.026750106E2,-1.117462397E0,7.898935676E-1,-2.281263828E0
1.026949077E2,-1.031708598E0,1.241033077E0,-2.077265739E0
1.027148049E2,-1.220793009E0,1.468466997E0,-1.964880347E0
1.027347020E2,-1.108940244E0,1.531317711E0,-2.062884569E0
1.027545992E2,-8.138620257E-1,1.124919295E0,-2.093777180E0
1.027745269E2,-9.017463326E-1,7.946872711E-1,-1.845038056E0
1.027945156E2,-8.575378656E-1,6.471481323E-1,-1.692705274E0
1.028144128E2,-5.395564437E-1,5.315669775E-1,-1.627191424E0
1.028343099E2,-3.265035450E-1,2.151834220E-1,-1.455683827E0
1.028542681E2,-4.026699662E-1,8.522115648E-2,-1.221858382E0
1.028741653E2,-5.368933082E-1,2.226402760E-1,-9.555422068E-1
1.028941540E2,-4.596616030E-1,5.273059011E-1,-7.547398806E-1
1.029141427E2,-2.721750736E-1,8.703210354E-1,-5.784385800E-1
1.029341009E2,-2.061286718E-1,1.085504532E0,-4.159857631E-1
1.029539981E2,-2.407497615E-1,8.607336879E-1,-3.366235793E-1
1.029738952E2,-2.775014043E-1,4.021373391E-1,-3.174487948E-1
1.029937619E2,-3.467435837E-1,1.890844405E-1,-1.661812514E-1
1.030136590E2,-3.238403797E-1,1.406149119E-1,-5.326322280E-4
1.030335562E2,-2.024002522E-1,6.870955974E-2,1.262338310E-1
1.030534534E2,-1.033306494E-1,-1.970739290E-2,1.960086524E-1
1.030733505E2,-4.420847446E-2,-1.374191195E-1,1.997370869E-1
1.030932477E2,-7.563377917E-2,-2.434129268E-1,2.274339646E-1
1.031131449E2,-6.551376730E-2,-2.093244642E-1,2.673813701E-1
1.031330725E2,7.510114461E-2,5.113269389E-2,2.524676621E-1
1.031529697E2,2.258360684E-1,3.099919558E-1,2.258360684E-1
1.031729584E2,3.296993375E-1,7.669904083E-2,2.609897852E-1
1.031928861E2,2.460760921E-1,3.195793368E-3,4.234426320E-1
1.032128443E2,3.296993375E-1,-2.759034932E-1,4.564658105E-1
1.032327109E2,4.788363874E-1,-5.209143162E-1,4.351605177E-1
1.032527302E2,4.814995229E-1,-4.143878818E-1,3.920173049E-1
1.032726884E2,4.447479248E-1,-4.474110603E-1,3.834952116E-1
1.032925855E2,4.538026452E-1,-4.404868484E-1,3.893541694E-1
1.033124827E2,3.403519988E-1,-3.552657068E-1,3.834952116E-1
1.033324104E2,2.135855258E-1,-5.842975378E-1,4.479437172E-1
1.033523075E2,2.290318534E-2,-9.076052904E-1,6.087986231E-1
1.033722047E2,3.952131271E-1,-5.289037824E-1,9.219864011E-1
1.033921324E2,5.544701219E-1,-1.114266634E0,1.317732096E0
1.034120295E2,3.259709179E-1,-1.049285531E0,1.535578728E0
1.034319572E2,4.197141826E-1,-8.372978568E-1,1.679389358E0
1.034518544E2,4.538026452E-1,-3.850930929E-1,1.569667220E0
1.034717515E2,2.849582434E-1,5.326322280E-3,1.031175971E0
1.034916792E2,3.046656251E-1,2.439455539E-1,8.458199501E-1
1.035115764E2,2.162486911E-1,4.010720551E-1,1.022121191E0
1.035315041E2,1.635181010E-1,4.314320982E-1,1.145159245E0
1.035514317E2,1.619201899E-1,2.711097896E-1,1.283643723E0
1.035713289E2,1.171790902E-2,2.322276533E-1,1.351287961E0
1.035912566E2,-9.480853379E-2,2.844256163E-1,1.294828892E0
1.036111538E2,-7.723167539E-2,3.648530841E-1,1.251685739E0
1.036310509E2,-6.018744037E-2,4.697816372E-1,1.235706806E0
1.036509481E2,-9.054748341E-3,5.123922229E-1,1.285774231E0
1.036708758E2,6.551376730E-2,4.447479248E-1,1.270327806E0
1.036907729E2,1.486043930E-1,2.471413612E-1,1.208542466E0
1.037107006E2,2.045307755E-1,1.970739290E-2,1.157942414E0
1.037305978E2,2.146507949E-1,-1.672465205E-1,1.113734007E0
1.037504949E2,1.869539171E-1,-2.466087192E-1,1.075917125E0
1.037704226E2,1.667138934E-1,-3.568635881E-2,9.693906307E-1
1.037903198E2,1.773665249E-1,2.428802997E-1,8.500810266E-1
1.038102169E2,2.013349831E-1,3.904194236E-1,7.105314136E-1
1.038301446E2,1.576591432E-1,3.856257200E-1,5.416869521E-1
1.038500418E2,2.130528912E-3,3.669835925E-1,3.398193717E-1
1.038699695E2,-1.741707325E-1,3.174487948E-1,1.933455020E-1
1.038898666E2,-3.355582952E-1,1.800296903E-1,3.781688958E-2
1.039097638E2,-4.447479248E-1,1.012001187E-2,-1.757686399E-2
1.039296609E2,-3.888215125E-1,1.177117229E-1,5.219795927E-2
1.039495276E2,-1.805623323E-1,6.125270724E-1,1.507349163E-1
1.039694858E2,-1.225054115E-1,1.026914954E0,2.897519469E-1
1.039893524E2,-1.560612470E-1,1.141963482E0,4.149205089E-1
1.040092496E2,-1.352885813E-1,1.162736177E0,5.752428174E-1
1.040291468E2,-7.723167539E-2,1.418399572E0,6.673882008E-1
1.040490439E2,-1.384843737E-1,1.524926066E0,6.061354876E-1
1.040689106E2,-2.434129268E-1,1.392300606E0,3.882888854E-1
1.040888382E2,-3.201119602E-1,1.304948926E0,9.853696078E-2
1.041087659E2,-3.605920076E-1,9.677927494E-1,7.297061384E-2
1.041286936E2,-2.913498282E-1,5.107942820E-1,2.902845740E-1
1.041486213E2,-1.496696621E-1,3.296993375E-1,5.992112756E-1
1.041685490E2,-9.054748341E-3,6.434197426E-1,7.558051348E-1
1.041884461E2,-1.065264456E-2,1.103081346E0,7.259777188E-1
1.042083738E2,-2.466087192E-1,1.177117229E0,6.045376062E-1
1.042282710E2,-4.964132309E-1,1.055144429E0,5.566006899E-1
1.042481987E2,-5.049353242E-1,7.653924823E-1,6.093312502E-1
1.042680958E2,-2.034655064E-1,9.214537591E-2,6.705839634E-1
1.042879930E2,5.858954508E-3,-5.193164349E-1,5.747101903E-1
1.043078901E2,-1.129180342E-1,-5.033374429E-1,1.992044598E-1
1.043277873E2,-3.249056637E-1,-5.060006306E-2,-3.185140789E-1
1.043476845E2,-4.165183902E-1,3.339604139E-1,-7.424893379E-1
1.043676121E2,-2.865561247E-1,5.123922229E-1,-1.048220277E0
1.043875398E2,-1.422128081E-1,5.299690962E-1,-1.336906910E0
1.044074675E2,-1.432780623E-1,4.234426320E-1,-1.645300984E0
1.044273647E2,-1.576591432E-1,2.993393242E-1,-1.875398040E0
1.044472313E2,-2.247707993E-1,4.021373391E-1,-1.982457161E0
1.044671590E2,-4.692489803E-1,1.144626617E0,-2.065015078E0
1.044870867E2,-9.342369437E-1,2.922020435E0,-2.237587929E0
1.045069533E2,-6.870955825E-1,3.411509514E0,-2.497512579E0
1.045268505E2,3.797667921E-1,1.854625463E0,-2.511893511E0
1.045467476E2,3.632551730E-1,-1.320927888E-1,-2.427205086E0
1.045666143E2,-2.593919039E-1,-1.186704636E0,-2.401638746E0
1.045865115E2,-5.960154533E-1,-1.049285531E0,-2.245577574E0
1.046064086E2,-3.307646215E-1,-3.041329980E-1,-2.061819315E0
1.046262753E2,1.549959779E-1,2.428802997E-1,-2.164084673E0
1.046461724E2,3.664509654E-1,7.030745149E-1,-2.335592270E0
1.046660696E2,3.552657068E-1,1.031175971E0,-2.323874474E0
1.046859362E2,2.833603323E-1,7.558051348E-1,-2.144910097E0
1.047058334E2,2.993393242E-1,-2.024002522E-1,-1.827993751E0
1.047257306E2,3.850930929E-1,-7.435545921E-1,-1.376854300E0
1.047456277E2,4.729774296E-1,-1.816275865E-1,-9.438242912E-1
1.047654944E2,6.173207760E-1,3.318298757E-1,-6.434197426E-1
1.047853915E2,6.354302764E-1,2.482066154E-1,-3.137203753E-1
1.048052582E2,5.667206645E-1,2.556634694E-2,-9.640643001E-2
1.048251553E2,5.438175201E-1,-1.241033077E-1,1.523328125E-1
1.048450525E2,5.715143681E-1,-1.411475390E-1,4.431500137E-1
1.048649191E2,6.620618701E-1,-1.853560209E-1,6.972155571E-1
1.048848163E2,7.137271762E-1,-1.001348570E-1,8.735168576E-1
1.049046830E2,4.655205607E-1,9.800432622E-2,1.198955178E0
1.049245801E2,1.539307088E-1,-3.643204570E-1,1.577656627E0
1.049444773E2,2.663161140E-3,-6.636597514E-1,1.825863242E0
1.049643744E2,1.624528319E-1,6.556702852E-1,1.984587669E0
1.049842716E2,5.177185535E-1,2.790992856E-1,2.124137402E0
1.050041688E2,4.910869002E-1,-8.090683818E-1,2.102832079E0
1.050241270E2,3.568635881E-2,-8.543421030E-1,1.825330615E0
1.050440852E2,2.561961114E-1,-1.168595076E0,1.911617041E0
1.050639823E2,1.491370201E-1,-8.474178910E-1,1.665008307E0
1.050838795E2,-1.225054115E-1,-4.282363057E-1,1.231445670E0
1.051037461E2,-1.613875628E-1,1.118527725E-2,1.203216195E0
1.051236738E2,-1.075917110E-1,1.864212751E-2,1.262338400E0
1.051435710E2,-6.018744037E-2,-4.564658105E-1,1.066862345E0
1.051634681E2,-1.789644361E-1,-9.800432920E-1,9.305084944E-1
1.051833653E2,-3.845604658E-1,-1.227184653E0,1.130245566E0
1.052032319E2,-4.351605177E-1,-1.300687909E0,1.418932199E0
1.052231291E2,-2.109223604E-1,-1.589907169E0,1.407747030E0
1.052430263E2,2.338255495E-1,-1.721467376E0,1.267132044E0
1.052629234E2,6.439523697E-1,-1.445031285E0,1.175519347E0
1.052827901E2,8.074704409E-1,-7.153250575E-1,1.157409787E0
1.053026872E2,7.611314654E-1,1.182443574E-1,1.047154903E0
1.053225844E2,5.741775632E-1,9.081379771E-1,7.611314654E-1
1.053424511E2,3.526025414E-1,1.789111614E0,3.749730885E-1
1.053623482E2,7.297061384E-2,2.416019678E0,8.841694891E-2
1.053822454E2,-2.327602804E-1,2.380866051E0,-3.994741663E-2
1.054021120E2,-3.802994192E-1,2.059688807E0,-6.338323653E-2
1.054220092E2,-3.259709179E-1,1.347559571E0,-2.822950855E-2
1.054419064E2,-1.928128600E-1,4.239752591E-1,1.038632840E-1
1.054617730E2,-6.338323653E-2,-3.515372574E-1,3.387540877E-1
1.054816702E2,1.006674916E-1,-6.876282096E-1,5.486112237E-1
1.055015673E2,2.077265680E-1,-5.800365210E-1,6.199839115E-1
1.055214340E2,1.288969964E-1,-1.992044598E-1,6.375607848E-1
1.055413311E2,-2.700445354E-1,4.404868484E-1,6.311691999E-1
1.055612283E2,-5.054680109E-1,5.715143681E-1,6.412891746E-1
1.055810949E2,-3.547330499E-1,5.747101903E-1,7.355651259E-1
1.056009921E2,-1.432780623E-1,5.608617067E-1,8.804410696E-1
1.056208893E2,-1.203748807E-1,3.952131271E-1,7.994809747E-1
1.056407559E2,-2.998719513E-1,2.013349831E-1,4.010720551E-1
1.056606531E2,-4.181163013E-1,7.456851006E-2,6.657902896E-2
1.056805502E2,-4.522047639E-1,-8.841694891E-2,8.841694891E-2
1.057004169E2,-2.604571581E-1,7.776430249E-2,1.331580579E-1
1.057203140E2,7.456851192E-3,1.068992853E0,-3.866910040E-1
1.057401807E2,-4.996090233E-1,1.716673613E0,-8.538094759E-1
1.057600779E2,-8.836368918E-1,1.732120037E0,-1.139832973E0
1.057799750E2,-6.727145314E-1,9.816411734E-1,-1.293763638E0
1.057999027E2,-2.364887148E-1,-6.178534031E-2,-1.521730304E0
1.058198609E2,7.350324839E-2,-5.347627401E-1,-1.871137023E0
1.058397581E2,-1.757686399E-2,-8.181231022E-1,-2.323341846E0
1.058596552E2,-7.504788041E-1,-1.960086524E-1,-2.786199093E0
1.058795524E2,-1.119592905E0,7.808388472E-1,-3.097789049E0
1.058994190E2,-4.522047639E-1,2.101234198E0,-3.397660971E0
1.059193162E2,7.648598552E-1,2.574744225E0,-3.558516026E0
1.059392134E2,4.340952635E-1,1.962749720E0,-2.889529943E0
1.059590800E2,3.941478580E-2,6.604639441E-2,-2.238653183E0
1.059789772E2,1.906823367E-1,-1.283643723E0,-1.815210581E0
1.059988743E2,2.737729549E-1,-7.669904232E-1,-1.637844086E0
1.060187410E2,1.214401498E-1,1.072721362E0,-1.694303155E0
1.060386381E2,2.913498282E-1,1.551025033E0,-1.820536971E0
1.060585658E2,4.191815555E-1,1.472195506E0,-1.918008685E0
1.060784630E2,4.804342687E-1,7.020092607E-1,-1.869006515E0
1.060983601E2,3.904194236E-1,-8.628641963E-1,-1.394963861E0
1.061182878E2,3.408846259E-1,-1.586178780E0,-8.809736967E-1
1.061382460E2,4.079962969E-1,-1.298024774E0,-5.097290277E-1
1.061581432E2,4.186489284E-1,-5.342301130E-1,-3.355582952E-1
1.061781014E2,3.083940744E-1,3.265035450E-1,-7.776430249E-2
1.061980596E2,3.675162494E-1,1.024784446E0,1.720402092E-1
1.062180483E2,5.683186054E-1,1.097222447E0,3.776362538E-1
1.062379455E2,6.146575809E-1,6.977482438E-1,6.370281577E-1
1.062578731E2,5.257080197E-1,1.518001854E-1,9.672601223E-1
1.062778618E2,4.293015897E-1,-3.382214606E-1,1.410942793E0
1.062978506E2,4.362258017E-1,-8.969526887E-1,1.646898866E0
1.063178393E2,5.326322317E-1,-1.186172009E0,1.579254508E0
1.063377975E2,3.291667104E-1,-4.133225977E-1,1.350755334E0
1.063577862E2,7.776430249E-2,2.780340314E-1,9.539443254E-1
1.063777139E2,1.555286050E-1,-7.930893898E-1,9.459548593E-1
1.063976415E2,3.621899337E-2,-4.282363057E-1,1.034371734E0
1.064176303E2,4.261057824E-2,-1.084439158E0,1.366201639E0
1.064375274E2,-7.989483327E-2,-1.780056953E0,1.781122208E0
1.064574246E2,-1.491370201E-1,-1.833320141E0,2.126267910E0
1.064773217E2,-5.326322466E-2,-1.815743208E0,2.117745638E0
1.064972189E2,-1.928128600E-1,-1.350755334E0,1.614408255E0
1.065171161E2,-3.062635362E-1,-5.038700700E-1,9.912285805E-1
1.065370438E2,-2.870887816E-1,2.657834888E-1,1.113734007E0
1.065570019E2,-6.391586363E-2,8.069378138E-1,1.556351423E0
1.065769296E2,1.667138934E-1,5.608617067E-1,1.629321933E0
1.065968878E2,2.391518652E-1,-3.430151641E-1,1.451422811E0
1.066168155E2,2.039981484E-1,-1.321993232E0,1.331580520E0
1.066366822E2,1.837581247E-1,-1.707086325E0,1.296426892E0
1.066565793E2,2.183792144E-1,-9.395632744E-1,1.247957349E0
1.066764765E2,2.050634027E-1,2.908172011E-1,1.177649856E0
1.066964042E2,1.475391239E-1,7.222493291E-1,1.094026566E0
1.067163318E2,1.683117896E-1,5.454154015E-1,1.010403395E0
1.067362900E2,3.009372056E-1,2.055960447E-1,7.558051348E-1
1.067561872E2,3.526025414E-1,-1.241033077E-1,5.049353242E-1
1.067760844E2,2.817624509E-1,-5.699164867E-1,2.950782478E-1
1.067959510E2,1.661812514E-1,-6.966829300E-1,2.631203234E-1
1.068158787E2,1.182443574E-1,-5.720469952E-1,4.601942301E-1
1.068357758E2,1.592570394E-1,-4.985437691E-1,7.866978049E-1
1.068557646E2,2.759034932E-1,-8.037420511E-1,9.118663669E-1
1.068757228E2,4.580637217E-1,-1.117995024E0,8.341020942E-1
1.068957115E2,6.796387434E-1,-9.187905788E-1,7.898935676E-1
1.069157307E2,6.428871155E-1,-2.631203234E-1,8.287757635E-1
1.069356584E2,3.030677438E-1,-1.864212751E-2,8.708537221E-1
1.069555555E2,1.640507281E-1,-2.130528912E-3,8.756473660E-1
1.069754527E2,2.375539690E-1,1.059938148E-1,9.603359103E-1
1.069953804E2,3.051982522E-1,-9.374327213E-2,1.145159245E0
1.070152776E2,3.446130455E-1,-2.396845073E-1,1.287904739E0
1.070352052E2,2.705771625E-1,-5.432848930E-1,1.255414128E0
1.070551939E2,2.061286718E-1,-1.234108925E0,9.358348250E-1
1.070751521E2,2.551308274E-1,-1.674595714E0,6.311691999E-1
1.070950493E2,2.561961114E-1,-1.784317970E0,3.025351167E-1
1.071149465E2,1.661812514E-1,-1.284176350E0,-3.813646734E-1
1.071348436E2,-3.414172530E-1,-6.013417840E-1,-1.352353215E0
1.071547103E2,-1.102548718E0,-3.941478580E-2,-2.031459332E0
1.071746380E2,-1.489772320E0,4.042678475E-1,-2.038383484E0
1.071945656E2,-1.452488065E0,1.384843737E-1,-1.918541312E0
1.072144628E2,-1.341700554E0,-4.772384763E-1,-2.039981365E0
1.072343600E2,-1.155811906E0,-1.171258211E0,-2.104429960E0
1.072542266E2,-9.134642482E-1,-1.462075472E0,-2.089516163E0
1.072741543E2,-8.261125684E-1,-9.038769007E-1,-2.231729031E0
1.072940515E2,-7.946872711E-1,3.680488765E-1,-2.393116713E0
1.073139486E2,-5.661880374E-1,1.420530200E0,-2.368615627E0
1.073339984E2,-1.672465205E-1,1.448759675E0,-2.051166773E0
1.073538955E2,3.504720032E-1,3.824299276E-1,-1.765675783E0
1.073738232E2,-3.621899337E-2,-4.841626883E-1,-1.749696851E0
1.073938119E2,-3.946804702E-1,-1.584580898E0,-1.790709496E0
1.074137701E2,-2.508697808E-1,-1.886050701E0,-1.762480021E0
1.074336978E2,-9.267801046E-2,-9.848369956E-1,-2.002697229E0
1.074536560E2,4.101268202E-2,-1.019990683E0,-2.069808722E0
1.074736752E2,-4.900216311E-2,-1.088700294E0,-1.854625463E0
1.074936945E2,-7.403588295E-2,-6.450176239E-1,-1.621865153E0
1.075135916E2,2.098570913E-1,-4.255731404E-1,-1.258610010E0
1.075335803E2,4.697816372E-1,-4.063983858E-1,-6.567355394E-1
1.075535690E2,5.267732739E-1,-4.644553065E-1,-1.246359423E-1
1.075735578E2,5.528722405E-1,-3.957457542E-1,1.810949594E-1
1.075935465E2,6.572681665E-1,-1.086569726E-1,3.984089196E-1
1.076135657E2,7.297061682E-1,3.483414650E-1,4.932174385E-1
1.076335544E2,7.584682703E-1,5.091964006E-1,4.953479767E-1
1.076534821E2,9.076052904E-1,1.597896684E-3,6.295713186E-1
1.076734098E2,1.059405446E0,-9.885654449E-1,1.051416039E0
1.076933985E2,8.953547478E-1,-1.359810114E0,1.361940622E0
1.077133262E2,7.515440583E-1,-9.843043685E-1,1.549427152E0
1.077332233E2,7.419567108E-1,-3.312972486E-1,1.552090287E0
1.077531205E2,1.155279279E0,4.351605177E-1,1.008272767E0
1.077730177E2,8.399610519E-1,9.219864011E-1,6.130596995E-1
1.077929148E2,5.720469952E-1,1.812014818E0,5.613943934E-1
1.078128425E2,8.111988902E-1,1.941444516E0,6.673882008E-1
1.078327397E2,5.954828262E-1,-1.235706806E-1,9.145295620E-1
1.078526368E2,3.051982522E-1,-1.848233819E0,1.063666582E0
1.078725035E2,3.392867148E-1,-2.746251822E0,9.667274952E-1
1.078924006E2,5.645901710E-2,-2.221609116E0,9.576727748E-1
1.079122978E2,-2.348908186E-1,-7.041398287E-1,7.398261428E-1
1.079321950E2,-1.320927888E-1,4.761732221E-1,6.711165905E-1
1.079520616E2,-3.728425503E-2,7.318366766E-1,9.976201653E-1
1.079719588E2,-3.462109342E-2,4.894890189E-1,1.331580520E0
1.079918254E2,9.960222989E-2,1.352885813E-1,1.414138556E0
1.080117226E2,3.510046303E-1,-6.221144199E-1,1.415203810E0
1.080316503E2,5.464806557E-1,-1.669269443E0,1.407747030E0
1.080515474E2,7.222493291E-1,-2.359028101E0,1.372060657E0
1.080714446E2,8.069378138E-1,-2.520948410E0,1.230913043E0
1.080913418E2,8.149272799E-1,-2.182194233E0,1.111603498E0
1.081112084E2,8.788431883E-1,-5.965480804E-1,9.725864530E-1
1.081311056E2,7.057377100E-1,1.390702724E0,7.637946010E-1
1.081509722E2,1.906823367E-1,1.861016989E0,4.255731404E-1
1.081708694E2,-2.838929892E-1,1.678856730E0,5.645901710E-2
1.081907665E2,-4.974785149E-1,1.782187462E0,-2.668487430E-1
1.082106332E2,-4.532700181E-1,2.181661606E0,-1.640507281E-1
1.082305303E2,-2.684466541E-1,2.558232546E0,2.897519469E-1
1.082504275E2,-4.261057824E-2,2.375539780E0,5.688512325E-1
1.082702942E2,2.327602804E-1,1.809351683E0,6.727145314E-1
1.082901913E2,5.411543250E-1,1.318797350E0,7.627293468E-1
1.083100885E2,8.452873230E-1,1.724663138E0,7.856325507E-1
1.083300162E2,2.119876295E-1,2.724413872E0,5.028048158E-1
1.083498828E2,-4.820321798E-1,1.714543104E0,2.748382390E-1
1.083697800E2,-2.572613657E-1,7.036072016E-1,1.794970632E-1
1.083896771E2,1.288969964E-1,1.145159304E-1,1.976065636E-1
1.084095743E2,1.166464612E-1,-1.677791476E-1,1.661812514E-1
1.084294409E2,-7.989482954E-3,-3.190467060E-1,2.087918371E-1
1.084493686E2,-2.077265643E-2,-2.865561247E-1,3.137203753E-1
1.084692963E2,8.255799860E-2,-2.396845073E-2,3.174487948E-1
1.084891935E2,8.096009493E-2,5.022721887E-1,2.503371537E-1
1.085090601E2,-7.989483327E-2,9.981527925E-1,1.336906850E-1
1.085289573E2,-3.121224940E-1,1.397094369E0,2.556634694E-2
1.085488544E2,-4.751079381E-1,1.554753423E0,4.314320907E-2
1.085687211E2,-4.665858448E-1,1.213336229E0,2.178465873E-1
1.085886182E2,-2.940129936E-1,3.552657068E-1,5.177185535E-1
1.086085154E2,-1.272991002E-1,-4.090615511E-1,7.009440064E-1
1.086283820E2,9.800432622E-2,-7.930893898E-1,6.290386319E-1
1.086482792E2,-1.384843737E-1,-1.496696621E-1,-7.030745596E-2
1.086681764E2,-7.616640925E-1,5.906891227E-1,-8.921589851E-1
1.086880735E2,-9.507485032E-1,8.953547478E-1,-1.280447841E0
1.087079402E2,-6.311691999E-1,3.595267534E-1,-1.600559831E0
1.087278373E2,-7.084008306E-2,-2.572613657E-1,-2.035187721E0
1.087477345E2,5.219795704E-1,1.022653878E-1,-2.508165121E0
1.087677232E2,6.178534031E-1,7.579356432E-1,-2.894856215E0
1.087876814E2,-5.086637735E-1,1.591505051E0,-3.237338781E0
1.088076396E2,-1.679922104E0,1.944640279E0,-3.454652548E0
1.088275368E2,-8.980179429E-1,3.588343382E0,-3.573429585E0
1.088474950E2,4.111920893E-1,3.683684587E0,-3.589941263E0
1.088674837E2,1.331580617E-2,1.126517177E0,-3.614442348E0
1.088875029E2,-1.709749401E-1,-1.644768357E0,-3.308178663E0
1.089074611E2,-7.696535587E-1,-1.581917763E0,-2.957706690E0
1.089274498E2,-1.032773852E0,7.291735411E-1,-2.834668636E0
1.089474691E2,-7.179882526E-1,1.511610270E0,-2.806439161E0
1.089673967E2,-6.327670813E-1,1.813612700E0,-2.876214027E0
1.089873549E2,-5.363606811E-1,7.941546440E-1,-2.611495733E0
1.090072826E2,-4.436826408E-1,-1.549427152E0,-2.052764654E0
1.090272713E2,-3.850930929E-1,-2.517752647E0,-1.294296265E0
1.090472600E2,-2.849582434E-1,-2.353169203E0,-3.941478431E-1
1.090672488E2,-9.587380290E-2,-1.539307117E0,2.966761589E-1
1.090871459E2,-9.853696078E-2,-2.380866110E-1,7.094660997E-1
1.091070431E2,-3.323625028E-1,1.008272767E0,1.063133955E0
1.091269402E2,-3.211772442E-1,1.557416677E0,1.437041759E0
1.091468374E2,8.042746782E-2,1.206944585E0,1.749164224E0
1.091667346E2,9.076052904E-1,-2.279665917E-1,1.767273784E0
1.091866623E2,1.171790957E0,4.852279723E-1,1.693770528E0
1.092065594E2,7.797735929E-1,2.487392575E-1,1.763545275E0
1.092264871E2,-9.150621891E-1,2.658900023E0,2.494316816E0
1.092464148E2,1.156344533E0,2.131594181E0,2.721218109E0
1.092663119E2,1.357146859E0,1.165399313E0,1.781654835E0
1.092862091E2,8.415589482E-2,7.590008974E-1,1.273523688E0
1.093061063E2,-6.668555737E-1,-4.655205607E-1,8.335694075E-1
1.093260034E2,-7.355651259E-1,-1.611212492E0,5.550028086E-1
1.093459006E2,-2.024002373E-2,-1.520665050E0,6.801713705E-1
1.093657978E2,4.191815555E-1,-9.081379771E-1,9.667274952E-1
1.093856949E2,3.121224940E-1,8.042746782E-2,1.096157074E0
1.094055921E2,1.214401498E-1,6.359629035E-1,1.038632870E0
1.094254892E2,-5.858954508E-3,1.037034988E0,1.013066530E0
1.094453559E2,-2.077265680E-1,2.116680384E0,9.848369956E-1
1.094652836E2,-3.595267534E-1,2.949717283E0,9.480853677E-1
1.094851502E2,-1.129180342E-1,2.993393183E0,8.900284767E-1
1.095050779E2,1.629854590E-1,2.218945980E0,7.504788041E-1
1.095249445E2,3.195793368E-3,1.023186564E0,5.123922229E-1
1.095448417E2,-2.689792812E-1,-9.640643001E-2,4.420847595E-1
1.095647389E2,-3.536677957E-1,-8.239820600E-1,7.392935157E-1
1.095846360E2,-1.800296903E-1,-1.030643344E0,1.040763378E0
1.096045332E2,7.563377917E-2,-8.096010089E-1,1.042893887E0
1.096244304E2,2.593919039E-1,-2.870887816E-1,8.245146871E-1
1.096442970E2,2.103897333E-1,4.069310129E-1,5.731122494E-1
1.096641942E2,-4.154531285E-2,1.132908702E0,3.813646734E-1
1.096840608E2,-3.105245829E-1,1.823732734E0,2.487392575E-1
1.097039580E2,-4.953479767E-1,2.256762743E0,7.936219871E-2
1.097238551E2,-5.017395616E-1,2.541188478E0,-2.205097377E-1
1.097437523E2,-4.708468914E-1,2.803776026E0,-3.249056637E-1
1.097636495E2,-5.134574771E-1,3.051450014E0,-1.880191714E-1
1.097835771E2,-6.210491657E-1,3.262372494E0,7.084008306E-2
1.098034438E2,-7.893609405E-1,2.994458437E0,2.034655064E-1
1.098233715E2,-9.816411734E-1,2.345712423E0,2.487392575E-1
1.098432991E2,-1.058340192E0,1.823732734E0,3.211772442E-1
1.098632268E2,-9.209211469E-1,1.238369942E0,3.978762627E-1
1.098831240E2,-5.001416802E-1,8.740494847E-1,3.920173049E-1
1.099030517E2,-2.609897964E-2,7.835019827E-1,4.261057973E-1
1.099230099E2,2.162486911E-1,7.515440583E-1,4.783037305E-1
1.099429070E2,2.061286718E-1,7.526093125E-1,5.150553584E-1
1.099628042E2,1.917476021E-2,8.394283652E-1,5.555354357E-1
1.099827014E2,-2.668487430E-1,8.969526887E-1,6.498113275E-1
1.100026596E2,-5.102616549E-1,8.314388990E-1,7.893609405E-1
1.100226483E2,-5.635249019E-1,7.302387953E-1,8.671252728E-1
1.100426370E2,-4.239752591E-1,8.612663150E-1,8.383631110E-1
1.100625341E2,-1.480717659E-1,1.283643723E0,6.423544884E-1
1.100824923E2,1.406149119E-1,1.874865413E0,1.645833552E-1
1.101024505E2,3.051982522E-1,2.386192322E0,-6.348975897E-1
1.101224393E2,3.952131271E-1,2.557699919E0,-1.516403913E0
1.101423669E2,6.194512844E-1,2.829342365E0,-2.457032442E0
1.101623251E2,-1.757686377E0,7.369499683E0,-2.894323587E0
1.101822223E2,-3.352919817E0,7.670969486E0,-3.703924417E0
1.102021195E2,-1.915878177E0,4.747351170E0,-4.485828400E0
1.102220166E2,-1.260207891E0,2.510828257E0,-4.174771309E0
1.102419443E2,-1.602690339E0,1.898833871E0,-3.781688929E0
1.102618415E2,-1.701759934E0,2.656236887E0,-3.592071772E0
1.102817386E2,-1.426389098E0,3.762514114E0,-3.330549240E0
1.103016358E2,-1.177117229E0,3.739610910E0,-2.586994648E0
1.103215024E2,-7.526093125E-1,2.102832079E0,-1.529187083E0
1.103413996E2,-4.138552547E-1,-1.054611802E-1,-6.412891746E-1
1.103612968E2,-5.832322836E-1,-1.117462397E0,-1.986718178E-1
1.103811634E2,-8.511462808E-1,-3.605920076E-1,3.781688958E-2
1.104010606E2,-8.399610519E-1,7.435545921E-1,6.018744037E-2
1.104209272E2,-6.247776151E-1,1.254348874E0,6.924218684E-2
1.104408244E2,-3.190467060E-1,1.328384757E0,2.396845073E-2
1.104607215E2,-1.949433982E-1,1.434911251E0,-1.017327532E-1
1.104805882E2,-3.174487948E-1,1.718271613E0,-6.125270575E-2
1.105004853E2,-5.480785370E-1,1.957956076E0,2.444781959E-1
1.105204130E2,-6.359629035E-1,1.787513733E0,7.499461770E-1
1.105403102E2,-5.374259353E-1,1.228249907E0,1.327319503E0
1.105602379E2,-2.929477394E-1,6.455502510E-1,1.812014818E0
1.105801350E2,5.113269389E-2,5.464806557E-1,2.110821486E0
1.106000627E2,4.053331316E-1,8.447546959E-1,2.268480778E0
1.106199904E2,5.342301130E-1,1.367799520E0,2.378735542E0
1.106399486E2,3.451456726E-1,1.259675264E0,2.404834509E0
1.106598763E2,1.826928556E-1,8.452873230E-1,2.265817404E0
1.106798345E2,2.455434501E-1,9.273127317E-1,2.030926704E0
1.106997621E2,4.282363057E-1,1.203748822E0,1.696433663E0
1.107197203E2,5.496764779E-1,1.518534541E0,1.134506702E0
1.107395870E2,4.990763962E-1,1.997370839E0,4.777711034E-1
1.107595147E2,1.837581247E-1,2.200836420E0,-4.079962969E-1
1.107795034E2,-2.567287385E-1,2.368083000E0,-1.462608099E0
1.107994311E2,-6.098638773E-1,3.161172390E0,-1.982457161E0
1.108194198E2,-1.651159972E-1,1.521197677E0,-2.427205086E0
1.108393475E2,1.448759735E-1,-1.352353215E0,-2.861832857E0
1.108592751E2,-4.729774296E-1,-5.283711553E-1,-2.914031029E0
1.108792028E2,-1.544633508E0,-1.191498280E0,-2.479935646E0
1.108991305E2,-2.001631975E0,-1.735848427E0,-1.822134852E0
1.109191192E2,-1.640507221E0,-1.132376075E0,-1.086037159E0
1.109391079E2,-7.707188129E-1,2.466087192E-1,-4.958806038E-1
1.109590356E2,-2.237055451E-2,1.233043551E0,8.628641814E-2
1.109789328E2,4.239752591E-1,1.472195506E0,4.149205089E-1
1.109988299E2,3.643204570E-1,1.155279279E0,3.201119602E-1
1.110187271E2,7.456851006E-2,9.614011645E-1,4.117247164E-1
1.110386243E2,-1.667138934E-1,8.058725595E-1,7.504788041E-1
1.110585824E2,-2.854908705E-1,3.478088379E-1,1.006674886E0
1.110785406E2,-1.198422536E-1,-1.336906850E-1,1.246892095E0
1.110984683E2,6.892260909E-1,5.832322836E-1,1.633050442E0
1.111183655E2,1.056209683E0,1.370995402E0,1.692705274E0
1.111382627E2,8.074704409E-1,1.380050063E0,1.504685998E0
1.111581598E2,2.881540358E-1,1.551025033E0,1.313471079E0
1.111781180E2,-1.310275346E-1,2.245044947E0,1.194161415E0
1.111980152E2,-4.527373910E-1,2.126800537E0,1.012533903E0
1.112179123E2,-4.639226794E-1,1.532382965E0,8.570052385E-1
1.112378400E2,-1.272991002E-1,1.201085687E0,6.514092088E-1
1.112577982E2,1.432780623E-1,9.992180467E-1,4.197141826E-1
1.112777869E2,1.533980817E-1,1.163268805E0,5.805691332E-2
1.112977451E2,-8.948221803E-2,1.290567875E0,-2.876214087E-1
1.113177033E2,-3.067961633E-1,1.459944963E0,-4.042678475E-1
1.113376005E2,-3.515372574E-1,1.309742689E0,-3.179814517E-1
1.113574977E2,-2.498045117E-1,7.675230503E-1,-1.406149119E-1
1.113773948E2,-9.001484513E-2,-2.024002373E-2,1.219727769E-1
1.113972920E2,7.190535218E-2,-5.267732739E-1,3.435477912E-1
1.114171586E2,1.443433315E-1,-5.102616549E-1,4.026699662E-1
1.114370863E2,2.556634694E-2,-2.077265680E-1,3.563309610E-1
1.114569835E2,-1.416801661E-1,1.917476058E-1,3.611246645E-1
1.114768806E2,-2.215750068E-1,3.515372574E-1,4.074636400E-1
1.114967778E2,-1.885518134E-1,3.334277868E-1,3.648530841E-1
1.115166444E2,-1.187769845E-1,3.462109566E-1,2.247707993E-1
1.115365416E2,-6.764429063E-2,5.651227832E-1,1.507349163E-1
1.115564388E2,-9.587380290E-2,8.378304839E-1,1.651159972E-1
1.115763359E2,-2.615224123E-1,1.094026566E0,1.278317273E-1
1.115962331E2,-5.273059011E-1,1.125984550E0,3.675162420E-2
1.116161608E2,-5.534048676E-1,1.065264463E0,7.776430249E-2
1.116360579E2,-4.165183902E-1,8.239820600E-1,1.944107562E-1
1.116559246E2,-2.764361203E-1,4.436826408E-1,2.956108749E-1
1.116758828E2,-1.480717659E-1,5.486112088E-2,4.335626364E-1
1.116957799E2,-3.728425503E-2,-1.864212751E-1,5.411543250E-1
1.117156466E2,2.130528912E-3,-2.146507949E-1,4.282363057E-1
1.117355437E2,-6.178534031E-2,-1.864212751E-1,2.636529505E-1
1.117554409E2,-2.375539690E-1,-1.997370869E-1,8.255799860E-2
1.117753686E2,-3.675162494E-1,-4.095941782E-1,-1.454086006E-1
1.117952352E2,-3.877562582E-1,-5.965480804E-1,-4.362258017E-1
1.118151324E2,-4.048005044E-1,-6.098638773E-1,-7.685883045E-1
1.118350906E2,-4.910869002E-1,-3.659183383E-1,-1.188302517E0
1.118550183E2,-5.661880374E-1,1.470064968E-1,-1.595233560E0
1.118749460E2,-6.008091569E-1,8.761799932E-1,-1.839711666E0
1.118948736E2,-5.667206645E-1,1.427986979E0,-2.003229856E0
1.119148013E2,-4.788363874E-1,1.879659176E0,-2.218945980E0
1.119346985E2,-3.211772442E-1,2.118278265E0,-2.400040865E0
1.119546262E2,-8.522115648E-2,1.809884310E0,-2.444782019E0
1.119745538E2,2.929477394E-1,1.204814076E0,-2.498577833E0
1.119944205E2,5.518069863E-1,1.013066530E0,-2.527339935E0
1.120143176E2,1.581917703E-1,1.171258211E0,-2.712163210E0
1.120342148E2,1.267664731E-1,7.494135499E-1,-2.998719454E0
1.120541120E2,2.375539690E-1,1.507349163E-1,-3.244262934E0
1.120739786E2,1.741707325E-1,-3.680488765E-1,-3.018426895E0
1.120939063E2,8.255799860E-2,-1.284176350E0,-2.629072666E0
1.121138035E2,-1.198422536E-1,-8.671252728E-1,-2.382463932E0
1.121337006E2,-3.515372798E-2,5.283711553E-1,-2.277535439E0
1.121535978E2,2.077265680E-1,5.352953672E-1,-2.123604774E0
1.121734949E2,1.070590764E-1,6.018744037E-2,-1.898301244E0
1.121933921E2,-2.290318534E-2,-3.568635881E-1,-1.616538763E0
1.122132588E2,-1.091896072E-1,-3.227751255E-1,-1.224521518E0
1.122331559E2,8.522115648E-2,-6.327670813E-1,-7.808388472E-1
1.122530531E2,3.126551211E-1,-1.451955438E0,-1.512675583E-1
1.122729502E2,3.238403797E-1,-1.310275316E0,2.295644879E-1
1.122928169E2,3.478088379E-1,-7.190535069E-1,3.312972486E-1
1.123127141E2,4.048005044E-1,3.265035450E-1,3.765709996E-1
1.123326112E2,4.522047639E-1,1.195226669E0,5.608617067E-1
1.123525084E2,2.727077007E-1,1.633050442E0,8.154599667E-1
1.123723750E2,2.284992188E-1,1.043426514E0,1.168595076E0
1.123922722E2,3.531351686E-1,-4.282363057E-1,1.666606188E0
1.124121693E2,3.536677957E-1,-1.626126170E0,2.115615129E0
1.124320665E2,-2.450108230E-1,3.296993375E-1,2.218413115E0
1.124519637E2,6.913566589E-1,1.352885813E-1,2.321211338E0
1.124718608E2,5.725796223E-1,-6.721818447E-1,2.136387825E0
1.124918190E2,6.444849819E-2,-2.077265643E-2,1.670334697E0
1.125117162E2,4.207794666E-1,6.823018789E-1,1.766741157E0
1.125316134E2,3.014698327E-1,3.781688809E-1,1.985652924E0
1.125515410E2,-1.267664731E-1,-4.980111420E-1,1.995240331E0
1.125714382E2,-5.262406468E-1,-1.148355126E0,1.392300606E0
1.125913659E2,-5.528722405E-1,-1.485511303E0,1.093493938E0
1.126113546E2,-3.430151641E-1,-1.551557660E0,1.323058486E0
1.126313128E2,-1.006674916E-1,-1.432780743E0,1.538241863E0
1.126512710E2,2.189118415E-1,-1.419997573E0,1.601625085E0
1.126711987E2,5.129248500E-1,-1.805090666E0,1.551025033E0
1.126911569E2,7.270429730E-1,-2.194444895E0,1.377386928E0
1.127111761E2,8.910937309E-1,-1.996305585E0,1.193628788E0
1.127312258E2,8.314388990E-1,-1.043959141E0,1.131843448E0
1.127512756E2,3.579288721E-1,1.629854590E-1,9.906959534E-1
1.127712643E2,-1.187769845E-1,5.624596477E-1,8.186557293E-1
1.127911615E2,-2.796319127E-1,6.082659960E-1,6.609966159E-1
1.128111197E2,-7.829693705E-2,7.840346098E-1,4.463458061E-1
1.128311389E2,1.763012707E-1,5.406216979E-1,2.535329461E-1
1.128511276E2,2.386192381E-1,-3.888215125E-2,1.736381054E-1
1.128711468E2,2.141181529E-1,-3.989415467E-1,1.518001854E-1
1.128911349E2,2.316950262E-1,-3.227751255E-1,2.892192900E-1
1.129111846E2,2.215750068E-1,-3.728425503E-2,5.544701219E-1
1.129312649E2,1.699096859E-1,1.123853996E-1,5.736449361E-1
1.129512536E2,1.842907518E-1,2.838929892E-1,5.203816891E-1
1.129711507E2,3.126551211E-1,8.111988902E-1,4.671184719E-1
1.129911089E2,1.565938741E-1,1.120125532E0,4.612595141E-1
1.130110976E2,-1.581917703E-1,7.222493291E-1,5.107942820E-1
1.130310863E2,-9.800432622E-2,1.976065636E-1,6.647250056E-1
1.130510140E2,1.235706806E-1,-2.157160491E-1,9.805759192E-1
1.130709111E2,2.125202566E-1,-4.575310946E-1,1.164334059E0
1.130908083E2,1.784317940E-1,-3.637878001E-1,1.113734007E0
1.131107359E2,6.338323653E-2,1.065264456E-3,9.257147908E-1
1.131306331E2,-4.207794741E-2,1.688444167E-1,7.222493291E-1
1.131506218E2,-6.072007492E-2,2.173139453E-1,5.938849449E-1
1.131705190E2,-9.906959534E-2,2.034655064E-1,5.347627401E-1
1.131904161E2,-1.448759735E-1,8.788431436E-2,4.277036786E-1
1.132103133E2,-6.817692518E-2,3.025351167E-1,8.575379103E-2
1.132302714E2,-2.370213419E-1,7.632619739E-1,-5.784385800E-1
1.132501991E2,-5.480785370E-1,5.704491138E-1,-1.007207513E0
1.132700963E2,-5.890912414E-1,1.608549356E-1,-9.944243431E-1
1.132900239E2,-4.426173866E-1,-3.296993375E-1,-9.065400362E-1
1.133099516E2,-4.548679292E-1,-8.671252728E-1,-1.232510924E0
1.133299098E2,-5.832322836E-1,-1.316134214E0,-1.753957868E0
1.133498680E2,-5.033374429E-1,-2.156095266E0,-2.320678711E0
1.133697651E2,-3.051982522E-1,-2.561960936E0,-2.744653940E0
1.133896928E2,-4.319647253E-1,-1.197889924E0,-2.903910875E0
1.134096510E2,-6.791061163E-1,1.650627255E0,-3.110572100E0
1.134295786E2,-6.407565475E-1,4.025634289E0,-3.372627258E0
1.134495063E2,-3.142530099E-2,4.788363934E0,-3.333212376E0
1.134695255E2,9.209211469E-1,4.049602985E0,-2.779274940E0
1.134895448E2,-3.408846259E-2,8.958874345E-1,-2.620018005E0
1.135095640E2,-2.039981484E-1,-1.383245945E0,-2.305764914E0
1.135295527E2,-3.621899337E-2,-1.806688547E0,-2.115082502E0
1.135495414E2,-2.663161233E-2,-7.637946010E-1,-2.071406841E0
1.135695911E2,-1.864212751E-1,7.376956344E-1,-2.098571062E0
1.135896103E2,-1.890844405E-1,1.337972164E0,-2.057558298E0
1.136096601E2,-2.024002373E-2,1.098287702E0,-1.676726222E0
1.136296488E2,2.253034264E-1,2.332929224E-1,-1.034371734E0
1.136495459E2,3.627225459E-1,-2.647182047E-1,-4.793690145E-1
1.136695041E2,4.170510471E-1,-1.283643693E-1,-1.864212751E-1
1.136894318E2,4.452805519E-1,2.556634545E-1,9.374327213E-2
1.137093595E2,4.181163013E-1,4.154531360E-1,4.223773479E-1
1.137292566E2,3.121224940E-1,3.147856593E-1,6.924219131E-1
1.137491538E2,3.046656251E-1,1.864212751E-1,9.747169614E-1
1.137690509E2,3.984089196E-1,-1.043959185E-1,1.374191165E0
1.137889786E2,3.957457542E-1,-9.065400362E-1,1.736913681E0
1.138089062E2,4.953479767E-2,-1.613875628E0,1.962217093E0
1.138288339E2,-5.933523178E-1,-4.308994710E-1,2.078330994E0
1.138487921E2,-6.870955974E-2,5.576659441E-1,2.256762743E0
1.138687503E2,6.082659960E-1,1.571265012E-1,2.551841021E0
1.138887085E2,1.864212751E-2,1.512675583E-1,2.315352201E0
1.139086667E2,1.198422536E-1,-3.946804702E-1,1.939313889E0
1.139285638E2,2.258360684E-1,-1.363538504E-1,1.776861072E0
1.139484610E2,-8.415589482E-2,-4.197141826E-1,1.676193595E0
1.139683886E2,-3.323625028E-1,-1.439704895E0,1.680454731E0
1.139883163E2,-3.030677438E-1,-1.886050701E0,1.370995402E0
1.140082440E2,-1.059938148E-1,-1.777393699E0,8.729842305E-1
1.140281411E2,2.929477207E-2,-1.515871286E0,7.446198463E-1
1.140480383E2,7.989483327E-2,-1.375789046E0,9.864348769E-1
1.140679659E2,2.253034264E-1,-1.165399313E0,1.142496109E0
1.140878936E2,4.026699662E-1,-8.431568146E-1,9.997506738E-1
1.141078518E2,5.193164349E-1,-4.356931746E-1,7.792409658E-1
1.141277795E2,3.866910040E-1,-2.716424465E-1,7.760451436E-1
1.141476766E2,1.709749401E-1,-5.113269389E-2,8.319715261E-1
1.141675738E2,5.752427876E-2,3.552657068E-1,8.159925938E-1
1.141874709E2,6.498113275E-2,6.876282096E-1,8.085356951E-1
1.142073986E2,9.906959534E-2,7.270429730E-1,7.707188129E-1
1.142272957E2,1.629854590E-1,7.131945491E-1,6.620618701E-1
1.142471929E2,2.300971150E-1,7.403587699E-1,5.496764779E-1
1.142671206E2,2.343581766E-1,5.928196907E-1,4.697816372E-1
1.142870787E2,2.087918371E-1,6.087986231E-1,4.655205607E-1
1.143070980E2,1.906823367E-1,8.074704409E-1,5.044026971E-1
1.143270562E2,8.894958347E-2,9.241169095E-1,5.294364095E-1
1.143471059E2,-1.720402092E-1,1.041296005E0,6.269081235E-1
1.143671861E2,-2.087918371E-1,1.009338021E0,7.558051348E-1
1.143872054E2,-7.350324839E-2,7.318366766E-1,9.976201653E-1
1.144071941E2,-5.805691332E-2,4.458131790E-1,1.213336229E0
1.144272133E2,-1.081243455E-1,7.297061384E-2,1.210673094E0
1.144472630E2,-4.740426689E-2,-5.976133347E-1,9.699232578E-1
1.144672517E2,1.065264493E-1,-9.725864530E-1,6.018744111E-1
1.144872099E2,2.434129268E-1,-8.351673484E-1,2.838929892E-1
1.145071681E2,1.960086524E-1,-2.881540358E-1,-3.302319720E-2
1.145270653E2,-1.576591432E-1,6.269081235E-1,-5.826996565E-1
1.145469929E2,-5.507417321E-1,1.168062449E0,-1.169127703E0
1.145669206E2,-5.629922748E-1,1.145159245E0,-1.463673353E0
1.145868483E2,-3.850930929E-1,6.285060048E-1,-1.693237901E0
1.146067454E2,-2.716424465E-1,3.744404614E-1,-1.918008685E0
1.146266120E2,-3.291667104E-1,4.777711034E-1,-2.280198574E0
1.146465092E2,-6.737797856E-1,2.231729031E-1,-2.653041124E0
1.146664063E2,-1.138235092E0,-3.472762108E-1,-2.862365484E0
1.146863340E2,-1.199487805E0,-2.641855776E-1,-2.857039213E0
1.147062617E2,-3.845604658E-1,5.555354357E-1,-2.908171892E0
1.147262504E2,7.014766335E-1,1.154214025E0,-3.094060659E0
1.147461170E2,1.339570045E0,1.995772958E0,-2.987001419E0
1.147660447E2,1.970739216E-1,3.290601969E0,-2.607767344E0
1.147859418E2,4.846953228E-2,7.392935157E-1,-2.324939728E0
1.148058695E2,1.725728363E-1,-1.315068960E0,-2.056493044E0
1.148257667E2,-1.384843793E-2,-5.028048158E-1,-1.948901296E0
1.148457248E2,2.077265680E-1,1.027980223E-1,-1.951031804E0
1.148656525E2,2.199771106E-1,2.444781959E-1,-1.717738986E0
1.148855497E2,2.066612989E-1,4.527373910E-1,-1.157409787E0
1.149054468E2,2.519350350E-1,-5.539375171E-2,-5.795038939E-1
1.149253440E2,1.826928556E-1,-9.006810784E-1,1.278317347E-2
1.149452716E2,1.949433982E-1,-1.343298435E0,4.404868484E-1
1.149652603E2,3.589941263E-1,-9.938917160E-1,6.578007936E-1
1.149852490E2,5.299690962E-1,-5.496764779E-1,8.522115946E-1
1.150052683E2,4.447479248E-1,-1.033306494E-1,1.152083516E0
1.150253180E2,1.821602285E-1,8.788431436E-2,1.462608099E0
1.150453372E2,2.561961114E-1,-3.968110085E-1,1.724663138E0
1.150652954E2,6.444849968E-1,-8.234494328E-1,1.923334956E0
1.150852536E2,-7.989483327E-2,7.925567627E-1,2.145442724E0
1.151052423E2,5.395564437E-1,4.942827225E-1,2.698847532E0
1.151252615E2,2.519350350E-1,9.629990458E-1,2.082059383E0
1.151453113E2,-1.805623323E-1,1.236239433E0,8.564726114E-1
1.151653610E2,9.054747969E-2,8.335694075E-1,8.990831971E-1
1.151852887E2,9.480853379E-2,2.450108156E-2,1.432780743E0
1.152052468E2,-2.130528912E-2,-1.314536333E0,1.664475679E0
1.152252356E2,-3.249056637E-1,-2.403236628E0,1.357146859E0
1.152451937E2,-5.049353242E-1,-2.594984293E0,1.021588564E0
1.152651214E2,-4.522047639E-1,-1.813080072E0,9.054747820E-1
1.152850186E2,-3.616572917E-1,-1.239435196E0,1.164866686E0
1.153049462E2,-1.565938741E-1,-1.104146600E0,1.394431114E0
1.153249044E2,1.454086006E-1,-1.209075212E0,1.329982638E0
1.153447710E2,4.324973822E-1,-1.389104843E0,1.155811906E0
1.153646682E2,5.811017752E-1,-1.492435455E0,1.004544377E0
1.153845654E2,6.428871155E-1,-1.243163586E0,7.835019827E-1
1.154044320E2,4.985437691E-1,-4.814995229E-1,6.173207760E-1
1.154243291E2,2.247707993E-1,1.960086524E-1,5.411543250E-1
1.154441958E2,9.906959534E-2,4.426173866E-1,4.500742257E-1
1.154640929E2,2.572613657E-1,5.811017752E-1,2.988066673E-1
1.154839901E2,5.081311464E-1,6.279733777E-1,1.491370201E-1
1.155038567E2,6.130596995E-1,5.757754445E-1,-9.054748341E-3
1.155237539E2,3.526025414E-1,9.305084944E-1,-8.149272949E-2
1.155436510E2,-3.089267015E-1,1.430117488E0,-2.929477207E-2
1.155635787E2,-3.344930410E-1,1.103613973E0,-8.096009493E-2
1.155835064E2,1.864212751E-2,5.342301130E-1,1.592570394E-1
1.156034035E2,2.540655732E-1,-1.672465205E-1,5.278385282E-1
1.156233312E2,1.928128600E-1,-6.253102422E-1,7.046724558E-1
1.156433199E2,7.616640627E-2,-4.729774296E-1,7.803062201E-1
1.156632170E2,-2.077265643E-2,-1.507349163E-1,8.468852639E-1
1.156832057E2,-4.793690145E-2,1.017327532E-1,8.426241875E-1
1.157032555E2,-1.012001187E-2,2.572613657E-1,7.605988383E-1
1.157232747E2,1.065264456E-2,2.439455539E-1,7.233145833E-1
1.157432329E2,3.941478580E-2,5.539375171E-2,6.620618701E-1
1.157632826E2,6.764429063E-2,-6.178534031E-2,4.820321798E-1
1.157833018E2,3.515372798E-2,7.723167539E-2,3.408846259E-1
1.158032600E2,-7.936219871E-2,1.688444167E-1,2.657834888E-1
1.158231572E2,-2.460760921E-1,4.335626364E-1,-1.065264456E-3
1.158430848E2,-4.580637217E-1,6.141249537E-1,-6.189186573E-1
1.158630125E2,-7.265103459E-1,5.874933600E-1,-1.063666582E0
1.158829097E2,-8.644620776E-1,5.811017752E-1,-1.337439537E0
1.159028068E2,-8.122641444E-1,5.060006380E-1,-1.596298814E0
1.159227040E2,-7.094660997E-1,4.431500137E-1,-1.842907548E0
1.159426011E2,-5.795038939E-1,5.992112756E-1,-2.052232027E0
1.159624677E2,-7.344998717E-1,1.057807565E0,-2.311091185E0
1.159823954E2,-1.022653818E0,1.637311459E0,-2.535329342E0
1.160022926E2,-9.582054019E-1,2.040513992E0,-2.644519091E0
1.160221592E2,-3.499393761E-1,2.212021589E0,-2.650910616E0
1.160420869E2,5.938849449E-1,1.933987617E0,-2.696717024E0
1.160619840E2,-2.237055451E-2,9.598032832E-1,-2.754773855E0
1.160818812E2,-3.408846259E-1,-3.153182864E-1,-2.630670547E0
1.161018088E2,-2.972087860E-1,-4.841626883E-1,-2.419215679E0
1.161217060E2,-7.882957160E-2,-2.972087860E-1,-2.272209167E0
1.161417557E2,-6.231797114E-2,-2.466087192E-1,-2.269013405E0
1.161617139E2,-3.227751255E-1,6.151902080E-1,-2.360625982E0
1.161817026E2,-3.105245829E-1,1.318797350E0,-2.282329082E0
1.162016303E2,-1.454086006E-1,7.984157205E-1,-2.022937298E0
1.162216190E2,-1.006674916E-1,-4.048005044E-1,-1.695901036E0
1.162416382E2,-1.470064968E-1,-1.142496109E0,-1.235706806E0
1.162616879E2,-1.459412277E-1,-8.420915604E-1,-6.482134461E-1
1.162817682E2,-5.592638254E-2,-2.482066154E-1,-1.981391907E-1
1.163018179E2,-6.924218964E-3,2.055960447E-1,7.563377917E-2
1.163218982E2,2.130528912E-3,5.832322836E-1,2.929477394E-1
1.163419784E2,1.464738697E-1,9.230516553E-1,5.784385800E-1
1.163620282E2,3.339604139E-1,9.193232059E-1,8.932242393E-1
1.163821084E2,3.382214606E-1,6.146575809E-1,1.324123740E0
1.164021582E2,2.034655064E-1,-6.231797114E-2,1.878593922E0
1.164221469E2,4.543353021E-1,-1.155811906E0,2.251436472E0
1.164421051E2,5.155879855E-1,-5.752428174E-1,2.478337765E0
1.164620938E2,3.435477912E-1,9.747169614E-1,2.797917128E0
1.164820214E2,7.946872711E-1,1.176051974E0,2.795786619E0
1.165019796E2,3.595267534E-1,5.342301130E-1,1.865810752E0
1.165219378E2,1.267664731E-1,-1.576591432E-1,1.448759675E0
1.165419570E2,1.757686287E-1,-4.426173866E-1,1.679389358E0
1.165620068E2,1.304948926E-1,-7.680556774E-1,1.596831441E0
1.165820565E2,-1.065264456E-3,-1.082841277E0,1.370462775E0
1.166021062E2,-5.965480953E-2,-1.249022603E0,1.063133955E0
1.166221560E2,-8.522115648E-2,-1.249555230E0,8.623315692E-1
1.166422362E2,-1.518001854E-1,-1.134506702E0,8.831042051E-1
1.166622860E2,2.716424316E-2,-6.929545403E-1,9.608685374E-1
1.166823662E2,2.551308274E-1,-7.408914566E-1,1.176584601E0
1.167024160E2,5.070658922E-1,-9.459548593E-1,1.318797350E0
1.167224352E2,7.233145833E-1,-9.582054019E-1,1.336374283E0
1.167425154E2,7.403587699E-1,-7.323693037E-1,1.161138296E0
1.167625041E2,4.447479248E-1,-5.214469433E-1,7.584682703E-1
1.167824928E2,6.391586736E-3,-1.731054783E-1,3.494067490E-1
1.168024510E2,-2.343581766E-1,3.163835406E-1,5.486112088E-2
1.168223787E2,-1.992044598E-1,9.305084944E-1,-4.633900523E-2
1.168424284E2,3.302319720E-2,1.548894525E0,2.822950855E-2
1.168624782E2,2.615224123E-1,1.887115955E0,1.475391239E-1
1.168825584E2,3.611246645E-1,1.866876006E0,1.187769845E-1
1.169025471E2,3.792341352E-1,1.647431493E0,-3.728425503E-2
1.169225663E2,3.062635362E-1,1.750229478E0,-1.565938741E-1
1.169424940E2,-6.146575809E-1,2.678074837E0,8.096009493E-2
1.169623912E2,-2.684466541E-1,1.822134852E0,2.343581766E-1
1.169822578E2,8.309062570E-2,1.102548689E-1,2.492718846E-1
1.170022160E2,-1.704423130E-1,-6.221144199E-1,1.901497096E-1
1.170221131E2,-1.949433982E-1,-1.320927888E-1,1.480717659E-1
1.170421018E2,-1.225054115E-1,5.235774517E-1,1.597896665E-1
1.170620600E2,-2.902845740E-1,8.005462289E-1,2.050634027E-1
1.170820182E2,-3.765709996E-1,8.277105093E-1,2.098570913E-1
1.171020069E2,-2.215750068E-1,3.978762627E-1,2.609897852E-1
1.171220261E2,-1.869539171E-1,6.072007492E-2,3.254382908E-1
1.171420148E2,-1.794970632E-1,1.672465205E-1,3.499393761E-1
1.171620646E2,-1.507349163E-1,3.515372574E-1,3.904194236E-1
1.171820228E2,-1.778991669E-1,5.054680109E-1,3.504720032E-1
1.172020115E2,-1.778991669E-1,5.075985193E-1,3.797667921E-1
1.172219086E2,-1.272991002E-1,5.683186054E-1,5.789712071E-1
1.172418973E2,4.474110901E-2,9.108011127E-1,1.035437107E0
1.172618250E2,-1.544633508E-2,1.026382327E0,1.434911251E0
1.172817527E2,-3.424825370E-1,3.446130455E-1,1.270860553E0
1.173017108E2,-2.812298238E-1,-4.388889670E-1,9.092032313E-1
1.173216690E2,-2.833603323E-1,-6.338323355E-1,7.313040495E-1
1.173416272E2,-2.684466541E-1,-2.205097377E-1,4.442152679E-1
1.173616464E2,-2.876214087E-1,4.735100567E-1,1.134506613E-1
1.173816351E2,-4.191815555E-1,1.134506702E0,-4.090615511E-1
1.174015628E2,-4.447479248E-1,1.635180950E0,-1.043426514E0
1.174215820E2,-2.567287385E-1,1.574460864E0,-1.527589202E0
1.174416012E2,-8.681905270E-2,1.397626996E0,-1.756088495E0
1.174615594E2,-2.647182047E-1,2.117745638E0,-1.965412974E0
1.174814871E2,-6.103965044E-1,3.051450014E0,-2.476739883E0
1.175014758E2,-1.171790902E-2,3.466903210E0,-2.771285534E0
1.175214645E2,1.629854590E-1,2.666889668E0,-2.644519091E0
1.175413922E2,-2.790992856E-1,1.352353215E0,-2.623213768E0
1.175614114E2,-7.360977530E-1,2.434129268E-1,-2.738262177E0
1.175813085E2,-9.582054019E-1,-5.315669775E-1,-2.581135750E0
1.176012667E2,-1.084971905E0,-3.568635881E-1,-2.120409012E0
1.176211944E2,-1.284708977E0,9.763149023E-1,-1.740109444E0
1.176410916E2,-1.354483724E0,2.582201004E0,-1.535578728E0
1.176609887E2,-1.340102673E0,2.771285534E0,-1.522262931E0
1.176808859E2,-1.265534163E0,2.483131409E0,-1.518534541E0
1.177008135E2,-1.455151200E0,1.784850597E0,-1.505751252E0
1.177207412E2,-1.644235730E0,7.845672965E-1,-1.320395350E0
1.177406383E2,-1.573928237E0,-1.038632840E-1,-9.475527406E-1
1.177605050E2,-1.416801691E0,-7.749798894E-1,-4.420847595E-1
1.177804021E2,-1.239435196E0,-1.170192957E0,8.096009493E-2
1.178002688E2,-1.039698124E0,-8.735168576E-1,5.118595958E-1
1.178201659E2,-8.042746782E-1,-4.687163606E-2,8.942894936E-1
1.178400631E2,-4.996090233E-1,6.455502510E-1,1.239435196E0
1.178599907E2,-2.167813182E-1,7.978830934E-1,1.484446049E0
1.178799184E2,2.183792181E-2,4.937500656E-1,1.745968461E0
1.178998461E2,3.984089196E-1,-3.834952042E-2,2.096973181E0
1.179198043E2,8.990831971E-1,-1.033306494E-1,2.484729290E0
1.179397319E2,1.185106754E0,7.430219650E-1,2.955576181E0
1.179595986E2,1.121723413E0,1.598429322E0,3.204848051E0
1.179795262E2,4.490089715E-1,3.276753426E0,3.066896439E0
1.179994539E2,-4.767058492E-1,4.542287827E0,2.289785862E0
1.180193511E2,-1.869539171E-1,5.232579231E0,1.498827100E0
1.180392787E2,8.932242393E-1,2.659965277E0,6.593986750E-1
1.180592064E2,8.633968234E-1,-9.587380290E-1,-1.965412945E-1
1.180791951E2,-5.661880374E-1,-1.997370839E0,-7.099987864E-1
1.180990922E2,-1.612277746E0,-1.473793387E0,-1.282578349E0
1.181189894E2,-1.242098331E0,-2.404834509E0,-1.963814974E0
1.181388866E2,-6.231797338E-1,-2.442118883E0,-2.009088755E0
1.181587532E2,-1.123853996E-1,-7.323693037E-1,-1.841842294E0
1.181787114E2,-3.249056637E-2,2.055960447E-1,-1.796568513E0
1.181986085E2,1.225054078E-2,5.858954787E-1,-1.580319762E0
1.182185362E2,1.672465205E-1,8.868326545E-1,-1.230380416E0
1.182384333E2,5.464806557E-1,1.056209683E0,-8.969526887E-1
1.182583305E2,8.303736448E-1,9.566074610E-1,-6.178534031E-1
1.182782276E2,7.627293468E-1,7.233145833E-1,-3.781688809E-1
1.182981248E2,2.508697808E-1,4.319647253E-1,-1.848233789E-1
1.183180525E2,-4.633900523E-2,5.049353242E-1,2.551308274E-1
1.183379801E2,-1.757686399E-2,9.294432402E-1,7.994809747E-1
1.183578773E2,4.154531285E-2,1.170192957E0,8.628641963E-1
1.183777744E2,1.081243455E-1,1.235706806E0,7.637946010E-1
1.183976716E2,1.139832959E-1,1.194694042E0,7.307714224E-1
1.184175687E2,4.687163606E-2,1.171790957E0,8.298410177E-1
1.184374659E2,2.609897964E-2,1.200020432E0,8.910937309E-1
1.184573630E2,1.049285457E-1,1.255414128E0,8.032094240E-1
1.184773212E2,1.885518134E-1,1.296959519E0,6.412891746E-1
1.184972489E2,1.992044598E-1,1.276719451E0,5.006743073E-1
1.185171461E2,1.219727769E-1,1.246892095E0,4.495415986E-1
1.185370432E2,-4.420847446E-2,1.304948926E0,3.952131271E-1
1.185569404E2,-2.247707993E-1,1.369930148E0,3.036003709E-1
1.185768375E2,-4.415521026E-1,1.543568254E0,2.269013226E-1
1.185967347E2,-5.283711553E-1,2.014947653E0,2.966761589E-1
1.186166928E2,-4.559331834E-1,2.481000900E0,2.988066673E-1
1.186365900E2,-2.167813182E-1,2.830940247E0,1.310275346E-1
1.186564871E2,3.408846259E-2,3.269829273E0,-8.894958347E-2
1.186763843E2,1.241033077E-1,3.592071772E0,-2.854908705E-1
1.186962815E2,8.042746782E-2,3.519101143E0,-3.829625845E-1
1.187161481E2,8.309062570E-2,3.234142780E0,-3.243730366E-1
1.187360452E2,1.800296903E-1,3.132410049E0,-2.279665917E-1
1.187559424E2,-8.149272949E-2,3.750796080E0,-2.519350350E-1
1.187759006E2,-9.070726633E-1,3.071157455E0,-2.631203234E-1
1.187957977E2,-7.435545921E-1,1.808286428E0,-2.071939409E-1
1.188156949E2,-1.486043930E-1,9.773801565E-1,4.846953228E-2
1.188356225E2,2.061286718E-1,7.073355913E-1,2.588592768E-1
1.188555197E2,1.486043930E-1,1.038100243E0,3.334277868E-1
1.188754474E2,-2.061286718E-1,1.584580898E0,1.773665249E-1
1.188953750E2,-4.127899706E-1,1.937183380E0,-3.089267015E-2
1.189153332E2,-4.394215941E-1,1.821602225E0,-2.418150306E-1
1.189353219E2,-3.691141307E-1,1.589907169E0,-3.099919558E-1
1.189553411E2,-2.828277051E-1,1.551557660E0,-2.279665917E-1
1.189753604E2,-2.647182047E-1,1.705488443E0,-1.155811921E-1
1.189952880E2,-3.563309610E-1,1.921204448E0,5.965480953E-2
1.190152767E2,-5.060006380E-1,1.637844086E0,3.776362538E-1
1.190352349E2,-3.872236311E-1,1.106809735E0,6.418218613E-1
1.190551321E2,-2.998719513E-1,7.174556255E-1,6.402239203E-1
1.190750292E2,-2.769687474E-1,6.034722924E-1,4.447479248E-1
1.190949264E2,-2.625876963E-1,5.864281058E-1,3.286340833E-1
1.191148235E2,-2.183792144E-1,4.255731404E-1,3.435477912E-1
1.191346902E2,4.846953228E-2,4.591289759E-1,5.395564437E-1
1.191545873E2,2.114549875E-1,7.755125165E-1,3.334277868E-1
1.191745455E2,-6.034722924E-1,1.634115696E0,-5.406216979E-1
1.191944427E2,-1.344363689E0,2.645051718E0,-1.044491768E0
1.192143398E2,-1.724130511E0,3.657585621E0,-1.657551527E0
1.192342980E2,-1.480717540E0,3.779558182E0,-2.084722519E0
1.192542257E2,-8.836368918E-1,2.867159367E0,-2.207227945E0
1.192742144E2,-5.075985193E-1,1.731587410E0,-2.120409012E0
1.192942336E2,-1.608549356E-1,1.352353215E0,-2.066612959E0
1.193142528E2,1.102548689E-1,1.798699021E0,-2.376605034E0
1.193343025E2,-1.667138934E-1,2.028263569E0,-2.895388842E0
1.193542302E2,-7.222493291E-1,2.116147757E0,-3.366768360E0
1.193741579E2,-3.153182864E-1,2.039448738E0,-3.550526381E0
1.193940550E2,4.298342168E-1,1.603222966E0,-3.476490498E0
1.194140132E2,3.675162494E-1,9.267801046E-1,-3.240534544E0
1.194340630E2,-1.331580617E-2,3.051982522E-1,-2.871420383E0
1.194539906E2,-8.894958347E-2,7.669904083E-2,-2.694053888E0
1.194739183E2,-6.924218964E-3,1.549959779E-1,-2.588059902E0
1.194938765E2,1.704423130E-2,-2.609897964E-2,-2.370213509E0
1.195137736E2,3.728425503E-2,-2.950782478E-1,-2.143311977E0
1.195336708E2,1.837581247E-1,-3.307646215E-1,-1.979261398E0
1.195535679E2,2.673813701E-1,1.171790883E-1,-1.818406463E0
1.195734651E2,3.190467060E-1,6.082659960E-1,-1.584048271E0
1.195933622E2,2.945456207E-1,4.431500137E-1,-1.000283360E0
1.196132594E2,2.178465873E-1,-2.034655064E-1,-4.527373910E-1
1.196331260E2,2.343581766E-1,-8.953547478E-1,-1.533980817E-1
1.196530232E2,2.865561247E-1,-9.486179948E-1,7.829693705E-2
1.196729814E2,3.813646734E-1,-6.087986231E-1,2.737729549E-1
1.196929395E2,4.000068009E-1,-2.514024079E-1,3.557983339E-1
1.197128977E2,2.109223604E-1,6.205165386E-1,4.431500137E-1
1.197328559E2,3.941478580E-2,1.221325755E0,7.360977530E-1
1.197528751E2,-1.864212751E-2,9.182579517E-1,1.049285531E0
1.197729249E2,-1.613875628E-1,7.510114461E-2,1.367266893E0
1.197928525E2,-4.468784332E-1,-6.087986231E-1,1.590972424E0
1.198127802E2,-4.809668958E-1,-8.697884083E-1,1.828526497E0
1.198327079E2,-7.403588295E-2,-1.123854041E0,2.077265739E0
1.198526050E2,1.629854590E-1,-1.526523948E0,2.082592010E0
1.198725327E2,-2.886866629E-1,6.199839115E-1,1.828526497E0
1.198924604E2,-1.033306494E-1,9.944243431E-1,2.029861450E0
1.199124491E2,3.792341352E-1,7.270429730E-1,1.900431752E0
1.199324073E2,5.198490620E-1,1.715075821E-1,1.636246204E0
1.199524265E2,1.715075821E-1,-4.085289240E-1,1.324656367E0
1.199724457E2,-4.106594622E-1,-8.484831452E-1,1.018392801E0
1.199924649E2,-7.451524734E-1,-1.082841277E0,9.198558331E-1
1.200124231E2,-7.483482957E-1,-8.665926456E-1,8.980179429E-1
1.200324728E2,-6.844323874E-1,-6.370281577E-1,9.656622410E-1
1.200524921E2,-6.237123609E-1,-6.961503029E-1,1.110005617E0
1.200725113E2,-4.474110603E-1,-8.724516034E-1,1.205879331E0
1.200925305E2,-1.065264493E-1,-1.217064619E0,1.230380416E0
1.201125802E2,3.073287904E-1,-1.559547186E0,1.170192957E0
1.201326300E2,6.258428693E-1,-1.753425241E0,1.157942414E0
1.201527102E2,8.053399324E-1,-1.617604017E0,1.184041500E0
1.201727600E2,8.612663150E-1,-1.274588943E0,1.039165497E0
1.201927792E2,8.815063238E-1,-4.591289759E-1,7.249124646E-1
1.202128594E2,9.736517072E-1,1.541437626E0,3.105245829E-1
1.202329397E2,5.597964525E-1,2.558232546E0,1.368864775E-1
1.202529894E2,-4.740426689E-2,2.258893251E0,-1.864212751E-2
1.202730697E2,-3.520699143E-1,1.914280176E0,-1.400822699E-1
1.202931194E2,-2.620550692E-1,1.924400210E0,-8.522115648E-2
1.203131997E2,-4.580637068E-2,1.539839745E0,2.450108230E-1
1.203332494E2,8.948221803E-2,4.069310129E-1,4.964132309E-1
1.203532686E2,3.062635362E-1,-5.944175720E-1,5.459480286E-1
1.203733489E2,4.793690145E-1,-5.454154015E-1,6.247776151E-1
1.203933986E2,2.998719513E-1,-7.137271762E-2,5.784385800E-1
1.204134484E2,-5.912217870E-2,3.302319720E-2,4.799016416E-1
1.204334981E2,-1.683117896E-1,6.551376730E-2,4.830974340E-1
1.204535478E2,-4.687163606E-2,2.972087860E-1,4.964132309E-1
1.204735976E2,2.396845073E-2,3.430151641E-1,4.905542731E-1
1.204936168E2,-5.113269389E-2,3.020024598E-1,5.006743073E-1
1.205136665E2,-1.709749401E-1,3.568635881E-1,4.617921412E-1
1.205336247E2,-1.954760253E-1,3.962783813E-1,3.808320463E-1
1.205536439E2,-1.544633508E-1,4.106594622E-1,3.818973005E-1
1.205736937E2,-9.534116834E-2,4.825648069E-1,4.878911078E-1
1.205937129E2,-6.391586363E-2,4.154531360E-1,6.487460732E-1
1.206137626E2,-1.720402092E-1,-4.314320907E-2,8.234494328E-1
1.206337208E2,-1.773665249E-1,-3.616572917E-1,8.117315173E-1
1.206537706E2,-2.135855258E-1,-2.956108749E-1,5.874933600E-1
1.206738203E2,-2.806971967E-1,-2.231729031E-1,1.757686287E-1
1.206939005E2,-3.446130455E-1,-2.870887816E-1,-3.147856593E-1
1.207139808E2,-3.749730885E-1,-3.099919558E-1,-7.451524734E-1
1.207340305E2,-3.765709996E-1,-1.214401498E-1,-1.111603498E0
1.207541108E2,-4.095941782E-1,2.130528912E-2,-1.491370201E0
1.207741910E2,-4.697816372E-1,5.060006306E-2,-1.735315800E0
1.207942713E2,-4.681837261E-1,4.218447208E-1,-1.867408633E0
1.208143210E2,-3.675162494E-1,8.356999755E-1,-2.165149927E0
1.208344013E2,-4.170510471E-1,8.356999755E-1,-2.517220020E0
1.208544815E2,-6.215817928E-1,4.804342687E-1,-2.661030531E0
1.208745313E2,-7.297061682E-1,2.237055451E-2,-2.649845362E0
1.208946115E2,-2.178465873E-1,-9.747169912E-2,-2.539590359E0
1.209146918E2,5.278385282E-1,-1.107875034E-1,-2.598180056E0
1.209347110E2,8.154599667E-1,8.117315173E-1,-2.691923380E0
1.209547302E2,-5.342301130E-1,2.518285275E0,-2.730805397E0
1.209747189E2,-3.222424984E-1,1.070590734E0,-2.457565069E0
1.209947382E2,7.350324839E-2,-6.317018270E-1,-2.155562639E0
1.210147879E2,-2.306297570E-1,3.020024598E-1,-2.145975351E0
1.210348376E2,-3.254382908E-1,1.320395350E0,-2.251969099E0
1.210548263E2,-2.258360684E-1,8.362326026E-1,-2.268480778E0
1.210749066E2,-2.620550692E-1,5.273059011E-2,-2.070874214E0
1.210948953E2,-1.832254827E-1,-2.663161159E-1,-1.597364068E0
1.211148230E2,2.130528912E-2,-2.988066673E-1,-1.123321414E0
1.211347811E2,1.874865443E-1,-3.392867148E-1,-5.278385282E-1
1.211547393E2,1.912149638E-1,-1.454086006E-1,5.858954415E-2
1.211746975E2,9.587380290E-2,3.179814517E-1,2.652508616E-1
1.211947473E2,1.043959185E-1,5.193164349E-1,4.479437172E-1
1.212147054E2,1.789644361E-1,5.587311983E-1,8.506136537E-1
1.212346331E2,2.269013226E-1,4.719121456E-1,1.298557401E0
1.212546523E2,1.257012039E-1,-3.211772442E-1,1.773132682E0
1.212747021E2,1.118527651E-1,-1.807221174E0,2.277002811E0
1.212947518E2,5.539375171E-2,-1.636778831E0,2.768622398E0
1.213147710E2,3.467435837E-1,7.808388472E-1,3.128681660E0
1.213347902E2,1.319329977E0,-1.352885813E-1,3.067961693E0
1.213548400E2,1.079112887E0,8.026767969E-1,2.150236368E0
1.213748897E2,5.017395616E-1,9.076052904E-1,1.391235352E0
1.213948174E2,4.223773479E-1,5.113269091E-1,1.581917763E0
1.214148061E2,2.902845740E-1,-4.021373391E-1,1.916410804E0
1.214347643E2,-1.789644361E-1,-1.308144808E0,1.707618952E0
1.214547835E2,-5.454154015E-1,-1.862614870E0,1.107342362E0
1.214747112E2,-5.885586143E-1,-1.794970632E0,7.004113793E-1
1.214946999E2,-4.724447727E-1,-1.374191165E0,6.897587180E-1
1.215146886E2,-4.793690145E-1,-1.030110717E0,1.024251819E0
1.215346773E2,-5.246427655E-1,-1.106809735E0,1.320927978E0
1.215546965E2,-4.394215941E-1,-1.540372372E0,1.274056315E0
1.215746852E2,-1.752360016E-1,-1.856223345E0,1.106809735E0
1.215946129E2,1.379517466E-1,-1.723597884E0,1.023719192E0
1.216146321E2,3.776362538E-1,-9.076052904E-1,9.853696227E-1
1.216346208E2,5.235774517E-1,5.006742850E-2,8.096010089E-1
1.216546095E2,5.544701219E-1,5.992112756E-1,6.242449880E-1
1.216745982E2,6.860303283E-1,9.954896569E-1,4.804342687E-1
1.216946479E2,9.827064872E-1,1.994175076E0,4.255731404E-1
1.217146977E2,7.712514400E-1,2.647182226E0,5.752428174E-1
1.217347474E2,-3.494067490E-1,2.424541950E0,6.103965044E-1
1.217547971E2,-6.072007418E-1,1.108407617E0,2.093244642E-1
1.217748469E2,4.314320907E-2,-3.355583176E-2,9.906959534E-2
1.217948661E2,4.149205089E-1,-1.004011750E0,3.813646734E-1
1.218148853E2,2.551308274E-1,-1.151018262E0,6.002765298E-1
1.218349351E2,6.338323653E-2,-8.724516034E-1,6.775081754E-1
1.218549543E2,1.155811921E-1,-6.455502510E-1,7.542072535E-1
1.218750040E2,1.533980817E-1,-4.069310129E-1,8.692557812E-1
1.218950538E2,-1.336906850E-1,3.456783295E-1,8.793758154E-1
1.219151035E2,-4.575310946E-1,1.236772060E0,5.715143681E-1
1.219351532E2,-3.941478431E-1,1.239435196E0,1.933455020E-1
1.219551724E2,-2.679139972E-1,5.944175720E-1,2.167813182E-1
1.219751917E2,-2.929477394E-1,-6.657902896E-2,4.207794666E-1
1.219952109E2,-2.743056118E-1,-6.913566589E-1,4.351605177E-1
1.220151691E2,-2.684466541E-1,-8.223841786E-1,3.265035450E-1
1.220351273E2,-4.569984376E-1,-1.773665249E-1,-1.081243455E-1
1.220550549E2,-6.199839115E-1,1.704423130E-1,-1.012533903E0
1.220749826E2,-5.044026971E-1,7.776430249E-2,-1.935052872E0
1.220950018E2,-4.032025933E-1,2.487392575E-1,-2.483131409E0
1.221149600E2,-5.352953672E-1,1.222923636E0,-2.898051977E0
1.221350097E2,-8.255799413E-1,1.438639641E0,-3.260774612E0
1.221549984E2,-1.063133955E0,9.571400881E-1,-3.380084038E0
1.221749871E2,-9.518138170E-1,9.507485032E-1,-3.152117491E0
1.221949453E2,1.763012707E-1,1.737446308E0,-2.931075096E0
1.222149035E2,1.657018900E0,2.213619471E0,-3.096723795E0
1.222348312E2,7.882957160E-2,1.457814455E0,-2.822418213E0
1.222547589E2,-8.202536404E-2,-2.368083000E0,-2.479403019E0
1.222747170E2,-7.456851192E-3,-3.738013029E0,-2.115082502E0
1.222946752E2,-1.235706806E-1,3.568635881E-1,-2.031459332E0
1.223146639E2,3.291667104E-1,1.451422811E0,-2.083657265E0
1.223346526E2,2.743056118E-1,9.651296139E-1,-2.010154009E0
1.223547024E2,3.249056637E-2,7.510114312E-1,-1.855158091E0
1.223746911E2,7.243798673E-2,6.956176758E-1,-1.503620744E0
1.223945882E2,2.572613657E-1,-3.515372574E-1,-1.089765549E0
1.224144854E2,2.647182047E-1,-1.663410425E0,-6.008091569E-1
1.224344130E2,2.822950780E-1,-1.563275576E0,-6.551376730E-2
1.224543407E2,3.776362538E-1,-6.977482438E-1,3.589941263E-1
1.224742379E2,4.580637217E-1,4.522047639E-1,5.310343504E-1
1.224941045E2,5.592638254E-1,1.308677435E0,6.727145314E-1
1.225140017E2,7.089334726E-1,1.623463035E0,1.038632870E0
1.225339598E2,6.956176758E-1,1.786448479E0,1.344896317E0
1.225539180E2,4.905542731E-1,8.628641963E-1,1.582983017E0
1.225738152E2,2.945456207E-1,-1.006674886E0,2.029861450E0
1.225938039E2,-3.733751774E-1,-7.989482954E-3,2.338255405E0
1.226137315E2,3.041329980E-1,9.134642482E-1,2.688194752E0
1.226336287E2,5.299690962E-1,2.311623842E-1,2.063949823E0
1.226535259E2,-1.118527725E-2,2.258360684E-1,1.033306479E0
1.226734230E2,1.432780623E-1,-4.021373391E-1,1.211738348E0
1.226933202E2,3.834952042E-2,-9.528790712E-1,1.555286050E0
1.227132173E2,-6.657902896E-2,-1.463140726E0,1.780589581E0
1.227331145E2,-1.411475390E-1,-1.865278006E0,1.757153749E0
1.227529811E2,-1.523328125E-1,-1.486576557E0,1.468999743E0
1.227728782E2,-7.882957160E-2,-7.334345579E-1,1.096157074E0
1.227927754E2,-3.621899337E-2,-4.506068528E-1,1.123854041E0
1.228126725E2,9.587380104E-3,-6.455502510E-1,1.313471079E0
1.228325697E2,2.221076339E-1,-9.603359103E-1,1.464738607E0
1.228524668E2,5.054680109E-1,-1.206944585E0,1.459944963E0
1.228724250E2,7.275756001E-1,-1.155279279E0,1.279382586E0
1.228923222E2,6.998787522E-1,-7.840346098E-1,1.034904361E0
1.229122193E2,4.010720551E-1,-1.342233270E-1,7.914915085E-1
1.229321165E2,6.870955974E-2,5.896238685E-1,6.476807594E-1
1.229521052E2,-6.072007492E-2,1.100950837E0,6.098638773E-1
1.229720634E2,5.432848632E-2,1.478587031E0,5.155879855E-1
1.229920216E2,2.354234457E-1,1.692172647E0,3.281014562E-1
1.230119492E2,2.636529505E-1,1.589907169E0,1.933455020E-1
1.230318464E2,1.592570394E-1,1.422128081E0,9.161274135E-2
1.230517435E2,-8.522115648E-2,1.393365860E0,8.255799860E-2
1.230716712E2,-3.435477912E-1,1.286839485E0,1.246359423E-1
1.230915684E2,-3.392867148E-1,9.763149023E-1,2.343581766E-1
1.231115265E2,-1.209075153E-1,6.934871674E-1,3.787015080E-1
1.231314237E2,6.924218684E-2,6.269081235E-1,5.134574771E-1
1.231513514E2,-8.628641814E-2,7.749798894E-1,6.194512844E-1
1.231712485E2,-3.430151641E-1,6.918892860E-1,7.179882526E-1
1.231911762E2,-3.728425503E-1,2.924150825E-1,8.016114831E-1
1.232111039E2,-2.354234457E-1,6.924218684E-2,8.474178910E-1
1.232310620E2,-1.395496428E-1,1.826928556E-1,8.261125684E-1
1.232509897E2,-2.343581766E-1,3.376888335E-1,6.972155571E-1
1.232709784E2,-3.542004228E-1,4.234426320E-1,5.257080197E-1
1.232908450E2,-3.589941263E-1,5.336974859E-1,5.278385282E-1
1.233107422E2,-3.025351167E-1,4.037352204E-1,5.603290796E-1
1.233306699E2,-2.460760921E-1,9.587380104E-3,5.049353242E-1
1.233505975E2,-1.933455020E-1,-1.736381054E-1,3.968110085E-1
1.233705252E2,-1.363538504E-1,-1.422128081E-1,3.408846259E-2
1.233904529E2,-3.344930410E-1,3.142530099E-2,-6.141249537E-1
1.234103805E2,-5.736449361E-1,1.763012707E-1,-1.262338400E0
1.234303387E2,-3.499393761E-1,1.443433315E-1,-1.859419107E0
1.234503274E2,7.829693705E-2,-5.326322280E-3,-2.409628153E0
1.234703161E2,4.735100567E-1,2.418150306E-1,-2.923618317E0
1.234903048E2,2.721750736E-1,3.382214606E-1,-3.401389360E0
1.235102020E2,-5.795038939E-1,5.858954508E-3,-3.576625347E0
1.235301297E2,-1.169660330E0,7.536746264E-1,-3.343865156E0
1.235501489E2,3.403519988E-1,4.127899647E0,-3.286340952E0
1.235700765E2,1.203216195E0,4.596616268E0,-3.248523951E0
1.235899737E2,2.418150306E-1,3.882888854E-1,-3.124953270E0
1.236099624E2,-1.027980223E-1,-2.355832338E0,-2.682335854E0
1.236299206E2,-5.965480804E-1,-5.219795927E-2,-2.514024019E0
1.236499703E2,-6.711166352E-2,6.562029123E-1,-2.577939987E0
1.236699285E2,1.438107044E-1,2.514024079E-1,-2.542786360E0
1.236899172E2,-1.704423130E-1,4.133225977E-1,-2.181128979E0
1.237099364E2,-3.781688809E-1,-2.071939409E-1,-1.499359727E0
1.237299557E2,-2.535329461E-1,-1.488707066E0,-9.624664187E-1
1.237499444E2,-4.633900523E-2,-2.024535179E0,-2.471413612E-1
1.237699025E2,3.126551211E-1,-1.389104843E0,4.074636400E-1
1.237897997E2,4.079962969E-1,-2.583266199E-1,8.122641444E-1
1.238097884E2,1.560612470E-1,9.081379771E-1,1.143561363E0
1.238297466E2,-1.944107562E-1,1.773132682E0,1.437574387E0
1.238497353E2,-3.808320463E-1,1.554220796E0,1.584580898E0
1.238696935E2,-2.178465873E-1,4.655205607E-1,1.785915852E0
1.238898036E2,2.561961114E-1,-5.230448246E-1,2.428270340E0
1.239097923E2,-2.002697140E-1,5.784385800E-1,3.119626999E0
1.239298421E2,-1.374191195E-1,6.407565475E-1,3.434412718E0
1.239498918E2,6.072007492E-2,1.292165756E0,2.777677059E0
1.239699721E2,-2.343581803E-2,1.683117867E0,1.560612440E0
1.239899303E2,1.821602285E-1,1.142496109E0,1.130245566E0
1.240099496E2,3.632551730E-1,5.352953672E-1,1.014131784E0
1.240299383E2,1.704423130E-1,-4.857605994E-1,1.097222447E0
1.240499270E2,-2.822950780E-1,-1.190965652E0,1.155279279E0
1.240698852E2,-5.496764779E-1,-1.443433285E0,8.809736967E-1
1.240898434E2,-6.636597514E-1,-1.189900398E0,5.890912414E-1
1.241098627E2,-7.329019308E-1,-4.399542212E-1,6.317018270E-1
1.241298514E2,-6.892260909E-1,2.402171344E-1,1.000283360E0
1.241498706E2,-4.106594622E-1,3.968110085E-1,1.212270975E0
1.241698899E2,-6.391586736E-3,7.829693705E-2,1.148355126E0
1.241898481E2,3.110572100E-1,-2.732403278E-1,9.566074610E-1
1.242099284E2,4.138552547E-1,-4.644553065E-1,7.659251690E-1
1.242299171E2,3.664509654E-1,-3.802994192E-1,6.657902598E-1
1.242498753E2,3.073287904E-1,1.858886480E-1,6.556702852E-1
1.242698640E2,3.169161677E-1,1.235706806E0,5.619270205E-1
1.242899443E2,1.683117896E-1,1.723597884E0,3.802994192E-1
1.243099941E2,-8.628641814E-2,1.784850597E0,1.507349163E-1
1.243300133E2,-3.744404614E-1,2.192846775E0,-6.924218964E-3
1.243500325E2,-5.608617067E-1,2.524676800E0,-7.456851192E-3
1.243700213E2,-5.006743073E-1,2.287122726E0,1.635181010E-1
1.243900100E2,-3.249056637E-1,1.221325755E0,4.788363874E-1
1.244100598E2,-2.588592768E-1,-2.609897964E-2,7.451524734E-1
1.244300790E2,-3.174487948E-1,-2.093244642E-1,9.342369437E-1
1.244501288E2,-1.145159304E-1,1.981391907E-1,1.100418210E0
1.244700870E2,9.214537591E-2,6.817692518E-2,1.237304688E0
1.244900757E2,5.486112088E-2,-4.479437172E-1,1.350755334E0
1.245100644E2,-4.474110603E-1,1.597896684E-3,1.261805773E0
1.245300226E2,-3.701793849E-1,-3.036003746E-2,1.015197039E0
1.245499808E2,-6.604639441E-2,-6.583334208E-1,9.747169614E-1
1.245699696E2,-7.989482954E-3,-7.211840153E-1,8.948221207E-1
1.245899888E2,-2.210423797E-1,7.616640627E-2,6.716492176E-1
1.246099775E2,-5.736449361E-1,1.178182483E0,3.392867148E-1
1.246299968E2,-1.251685739E0,2.058090925E0,1.059938148E-1
1.246499550E2,-1.301753163E0,2.810700178E0,2.364887148E-1
1.246698827E2,-9.209211469E-1,2.613626242E0,6.135923266E-1
1.246898409E2,-7.158577442E-1,1.265001535E0,6.375607848E-1
1.247097686E2,-3.691141307E-1,3.850930929E-1,6.807039976E-1
1.247296657E2,-4.580637068E-2,1.480717659E-1,8.788431883E-1
1.247495629E2,5.965480953E-2,-6.444849819E-2,5.885586143E-1
1.247694906E2,1.395496428E-1,1.810949668E-2,-5.592638254E-2
1.247894488E2,2.103897333E-1,1.235706806E-1,-8.021441102E-1
1.248093765E2,2.514024079E-1,9.534116834E-2,-1.404018521E0
1.248293042E2,2.231729031E-1,6.508765817E-1,-1.860484362E0
1.248492014E2,3.462109342E-2,1.695368409E0,-2.100701571E0
1.248690985E2,6.125270575E-2,2.323874474E0,-2.126267910E0
1.248890567E2,1.113201380E-1,1.643703103E0,-2.169411182E0
1.249089539E2,1.528654546E-1,7.329019308E-1,-2.232261658E0
1.249288511E2,3.211772442E-1,2.119876295E-1,-2.353169203E0
1.249487788E2,6.546050310E-1,5.219795927E-2,-2.306297541E0
1.249687065E2,4.852279723E-1,-4.793690052E-3,-2.098038435E0
1.249886036E2,-2.748382390E-1,7.068029642E-1,-1.907356024E0
1.250085313E2,-5.661880374E-1,1.507881880E0,-1.736381054E0
1.250284590E2,-6.290386319E-1,1.797633767E0,-1.382713318E0
1.250483562E2,-4.894890189E-1,1.215466738E0,-1.040230751E0
1.250682534E2,-1.752360016E-1,3.898867965E-1,-8.708537221E-1
1.250881505E2,2.279665917E-1,-5.326322280E-4,-8.309062719E-1
1.251080477E2,3.696467578E-1,1.417866945E0,-7.052050829E-1
1.251279754E2,5.805691332E-2,2.095375299E0,-6.620618701E-1
1.251478421E2,9.480853379E-2,1.145691872E0,-6.753776670E-1
1.251677392E2,1.241033077E-1,4.266384244E-1,-6.599313021E-1
1.251876364E2,4.580637068E-2,9.587380290E-2,-5.667206645E-1
1.252075031E2,3.355583176E-2,2.727077007E-1,-5.065332651E-1
1.252274002E2,9.800432622E-2,5.922870636E-1,-4.266384244E-1
1.252472669E2,1.022653878E-1,8.026767969E-1,-1.145159304E-1
1.252671641E2,1.976065636E-1,6.231797338E-1,1.549959779E-1
1.252870612E2,3.510046303E-1,2.316950262E-1,4.021373391E-1
1.253069584E2,5.411543250E-1,1.597896591E-2,7.259777188E-1
1.253268556E2,7.579356432E-1,1.384843737E-1,1.012001276E0
1.253467833E2,8.932242393E-1,4.261057973E-1,1.337439537E0
1.253667110E2,7.510114312E-1,3.201119602E-1,1.623995662E0
1.253866081E2,4.852279723E-1,-4.101268202E-2,1.748098969E0
1.254065969E2,3.877562582E-1,-4.298342168E-1,1.589374542E0
1.254264940E2,4.484763443E-1,-9.486179948E-1,1.280447841E0
1.254463912E2,7.334345579E-1,-1.530784965E0,8.122641444E-1
1.254663189E2,1.185106754E0,-1.300687909E0,3.856257200E-1
1.254862161E2,1.258610010E0,-1.359810114E0,2.945456207E-1
1.255061133E2,9.470201135E-1,-2.604038954E0,5.257080197E-1
1.255260104E2,5.347627401E-1,-2.883138180E0,8.431568146E-1
1.255459076E2,2.343581803E-2,-1.331580520E0,9.422264099E-1
1.255658048E2,-7.600662112E-1,1.447694421E0,-5.273059011E-2
1.255857019E2,-1.601625085E0,9.326390028E-1,-1.510545015E0
1.256055991E2,-1.954760253E-1,8.792693138E0,-2.808569670E0
1.256254963E2,2.648247480E0,8.315454483E0,-4.417651653E0
1.256453935E2,6.753776670E-1,2.764361203E-1,-3.825364590E0
1.256653212E2,-1.424791217E0,-3.400856733E0,-2.429868221E0
1.256852183E2,-1.612810373E0,-3.871703625E0,-8.538094759E-1
1.257051155E2,-1.548894525E0,-3.606985331E0,3.137203753E-1
1.257250432E2,-8.660600185E-1,-1.388572216E0,8.623315692E-1
1.257449404E2,-1.890844405E-1,8.452873230E-1,8.064051867E-1
1.257648681E2,7.233145833E-1,2.921487808E0,5.832322836E-1
1.257847958E2,1.051416039E0,3.125485897E0,5.528722405E-1
1.258047540E2,7.318366766E-1,1.662877798E0,6.583334208E-1
1.258247122E2,4.580637068E-2,-2.407497615E-1,9.177253246E-1
1.258446399E2,-5.139901042E-1,-1.410942793E0,1.229315162E0
1.258646286E2,-8.032094240E-1,-1.649029374E0,1.573928237E0
1.258845563E2,-6.348975897E-1,-1.014131784E0,1.943042397E0
1.259044840E2,3.403519988E-1,1.562742949E0,2.226402760E0
1.259243811E2,4.687163532E-1,2.086320400E0,1.873267531E0
1.259443088E2,1.027980223E-1,4.820321798E-1,1.340102673E0
1.259642060E2,-1.438107044E-1,-1.031708598E0,1.056742311E0
1.259840727E2,-5.592638254E-2,-1.404551148E0,9.305084944E-1
1.260039698E2,2.556634545E-1,-5.619270205E-1,8.037420511E-1
1.260238975E2,6.492787004E-1,1.336906910E0,5.571333170E-1
1.260438557E2,6.817692518E-1,3.056243658E0,5.326322466E-2
1.260637834E2,1.342233270E-1,3.164368153E0,-4.516721368E-1
1.260837111E2,-5.800365210E-1,2.591788530E0,-9.550095797E-1
1.261036083E2,-1.050350785E0,2.328135490E0,-1.176051974E0
1.261234749E2,-1.120125532E0,2.481533527E0,-1.129180312E0
1.261433721E2,-9.342369437E-1,2.800580263E0,-1.024251819E0
1.261632693E2,-7.584682703E-1,2.950249910E0,-9.113337398E-1
1.261831665E2,-5.922870636E-1,2.941727877E0,-7.547398806E-1
1.262030636E2,-3.451456726E-1,2.907639265E0,-5.289037824E-1
1.262229913E2,-9.214537591E-2,2.903378248E0,-3.323625028E-1
1.262429800E2,-5.645901710E-2,2.654639006E0,-2.050634027E-1
1.262629993E2,-2.636529505E-1,2.123072147E0,-3.515372798E-2
1.262829270E2,-5.363606811E-1,1.518001795E0,2.487392575E-1
1.263028242E2,-8.170578480E-1,7.877630591E-1,5.267732739E-1
1.263227518E2,-9.523464441E-1,8.415589482E-2,7.099987864E-1
1.263426185E2,-8.026767969E-1,-1.949433982E-1,6.700513363E-1
1.263625157E2,-4.761732221E-1,1.384843793E-2,1.816275865E-1
1.263824739E2,-2.657834888E-1,6.295713186E-1,-5.075985193E-1
1.264023711E2,-8.367652297E-1,6.129531860E0,-1.599494576E0
1.264222987E2,-3.284742832E0,8.437959671E0,-2.757436991E0
1.264422570E2,-3.077016354E0,6.796387196E0,-3.986752272E0
1.264622457E2,-1.047687650E0,5.743906021E0,-4.568919182E0
1.264821429E2,-1.098287702E0,3.302319765E0,-4.555603504E0
1.265020095E2,-1.538241863E0,1.623995662E0,-4.463990688E0
1.265219067E2,-1.723597884E0,1.586178780E0,-4.067712307E0
1.265418344E2,-1.809884310E0,2.175270081E0,-3.278883934E0
1.265617621E2,-1.549959779E0,2.412823915E0,-2.400040865E0
1.265816287E2,-1.286306858E0,1.504153371E0,-2.279133320E0
1.266015259E2,-1.391235352E0,4.261057973E-1,-2.475142002E0
1.266214231E2,-1.549427152E0,4.910869002E-1,-2.347310305E0
1.266413202E2,-1.439172268E0,1.026914954E0,-2.014415026E0
1.266612479E2,-1.127049804E0,1.635180950E0,-1.970206618E0
1.266811451E2,-9.725864530E-1,2.139583588E0,-2.376072407E0
1.267011033E2,-1.167529821E0,1.389637470E0,-2.226935387E0
1.267210005E2,-1.080710769E0,8.309062570E-2,-1.844505429E0
1.267409587E2,-8.676578999E-1,-5.145227313E-1,-1.417334318E0
1.267609474E2,-6.727145314E-1,-3.318298757E-1,-1.055677056E0
1.267809667E2,-5.145227313E-1,1.794970632E-1,-8.170578480E-1
1.268010164E2,-3.643204570E-1,6.077333689E-1,-6.535397172E-1
1.268209441E2,-2.050634027E-1,8.942894936E-1,-4.101268053E-1
1.268408413E2,-5.060006306E-2,9.145295620E-1,-2.157160491E-1
1.268607690E2,2.450108156E-2,1.037034988E0,-5.539375171E-2
1.268806661E2,1.129180342E-1,1.307079434E0,4.687163606E-2
1.269006244E2,1.731054783E-1,1.179247737E0,1.992044598E-1
1.269205826E2,1.118527651E-1,5.241101384E-1,3.483414650E-1
1.269405713E2,5.060006306E-2,-3.009372056E-1,3.424825370E-1
1.269604990E2,7.669904083E-2,-1.169660330E0,2.641855776E-1
1.269803962E2,1.507349163E-1,-1.307612062E0,3.030677438E-1
1.270002933E2,3.025351167E-1,-7.621967196E-1,3.281014562E-1
1.270201905E2,3.872236311E-1,-1.331580617E-2,3.265035450E-1
1.270400877E2,3.131877482E-1,3.328951299E-1,3.163835406E-1
1.270599543E2,1.965412945E-1,3.552657068E-1,2.972087860E-1
1.270798515E2,2.663161159E-1,2.423476577E-1,3.254382908E-1
1.270997182E2,3.962783813E-1,2.982740402E-1,3.989415467E-1
1.271196153E2,3.733751774E-1,9.267801046E-2,5.342301130E-1
1.271395430E2,3.307646215E-1,-2.492718846E-1,8.122641444E-1
1.271594402E2,1.933455020E-1,-4.234426320E-1,1.159007788E0
1.271793374E2,6.338323653E-2,-8.021441102E-1,1.390170097E0
1.271992651E2,2.114549875E-1,-7.350324839E-2,1.451955438E0
1.272191317E2,6.034722924E-1,7.052050829E-1,1.302285790E0
1.272390289E2,-5.858954508E-3,1.581917703E-1,1.240500450E0
1.272589261E2,1.310275346E-1,-6.072007492E-2,1.177649856E0
1.272788232E2,4.154531360E-1,-7.978830934E-1,1.674595714E0
1.272987204E2,1.049285457E-1,-9.012137055E-1,1.882322311E0
1.273186176E2,-1.704423130E-1,-4.569984376E-1,1.723065257E0
1.273385148E2,-2.024002522E-1,2.173139453E-1,1.631985188E0
1.273584119E2,-4.900216311E-2,4.713795185E-1,1.528121829E0
1.273783091E2,1.097222418E-1,5.486112237E-1,1.600027204E0
1.273981758E2,3.552657068E-1,2.300971150E-1,1.738511562E0
1.274180729E2,5.725796223E-1,-3.771036267E-1,1.799231648E0
1.274379701E2,5.422195792E-1,-5.874933600E-1,1.752359986E0
1.274578673E2,3.653857112E-1,-5.129248500E-1,1.656486273E0
1.274777645E2,2.785666585E-1,-3.829625845E-1,1.522795558E0
1.274976921E2,2.913498282E-1,-3.355583176E-2,1.372593284E0
1.275176198E2,3.504720032E-1,3.057309091E-1,1.265534163E0
1.275375475E2,3.781688809E-1,3.281014562E-1,1.189367771E0
1.275574447E2,3.861583769E-1,2.348908186E-1,1.077515006E0
1.275773419E2,3.312972486E-1,-1.283643693E-1,9.555422068E-1
1.275972696E2,2.844256163E-1,-5.075985193E-1,8.351673484E-1
1.276171667E2,2.748382390E-1,-9.102684855E-1,6.551376581E-1
1.276370639E2,2.881540358E-1,-1.008272767E0,5.651227832E-1
1.276569611E2,2.439455539E-1,-7.142598033E-1,5.544701219E-1
1.276768583E2,9.108011425E-2,-3.249056637E-1,4.996090233E-1
1.276967554E2,-8.202536404E-2,5.379585549E-2,3.595267534E-1
1.277166526E2,-1.352885813E-1,6.647250056E-1,2.439455539E-1
1.277365193E2,-1.209075153E-1,1.318797350E0,2.940129936E-1
1.277564164E2,-5.858954415E-2,1.657018900E0,4.330300093E-1
1.277763441E2,3.142530099E-2,1.530252337E0,6.391586661E-1
1.277963023E2,1.368864775E-1,1.374723792E0,8.958874345E-1
1.278161995E2,5.805691332E-2,1.503620744E0,1.046089649E0
1.278360662E2,-1.603222936E-1,1.276186824E0,1.061003447E0
1.278559633E2,-1.688444167E-1,9.155948162E-1,1.109472990E0
1.278758605E2,-2.130528912E-2,7.057377100E-1,1.157942414E0
1.278957272E2,1.065264456E-3,5.139901042E-1,1.070590734E0
1.279156243E2,-7.137271762E-2,4.793690145E-2,8.282431364E-1
1.279355215E2,-1.688444167E-1,-4.367584288E-1,5.512743592E-1
1.279554187E2,-1.454086006E-1,-1.885518134E-1,2.423476577E-1
1.279752853E2,-1.012001187E-2,9.720538259E-1,-6.487460732E-1
1.279952130E2,-6.492787004E-1,2.068743467E0,-1.707086325E0
1.280151102E2,-1.063666582E0,2.768089771E0,-1.584048271E0
1.280349769E2,-1.176584601E0,1.561145067E0,-1.080710769E0
1.280548740E2,-1.153148770E0,-1.239967823E0,-1.406149030E0
1.280747712E2,-3.941478431E-1,-4.442685604E0,-2.196575403E0
1.280946379E2,2.402171344E-1,-6.290919304E0,-2.828277111E0
1.281145656E2,3.552657068E-1,-5.242699146E0,-2.925216198E0
1.281344627E2,8.309062719E-1,8.415589333E-1,-3.302852392E0
1.281543599E2,6.045376062E-1,5.637912273E0,-3.581418991E0
1.281742571E2,1.885518134E-1,6.933273792E0,-3.922303677E0
1.281941543E2,1.635181010E-1,4.263720989E0,-4.004329205E0
1.282140514E2,2.934803665E-1,2.690858126E0,-3.415770531E0
1.282339181E2,4.074636400E-1,3.769970894E0,-2.507632494E0
1.282538153E2,7.169229984E-1,-7.760451436E-1,-2.021339417E0
1.282737429E2,3.589941263E-1,-2.734001160E0,-1.789644241E0
1.282936096E2,-2.982740477E-2,-1.523328185E0,-1.232510924E0
1.283135068E2,5.060006306E-2,-1.035437107E0,-5.123922229E-1
1.283334040E2,2.519350350E-1,-1.087635040E0,8.735168725E-2
1.283533011E2,4.117247164E-1,-1.049818158E0,5.837649107E-1
1.283731983E2,6.013417840E-1,-8.985505700E-1,1.029578090E0
1.283930955E2,5.555354357E-1,-5.725796223E-1,1.470064998E0
1.284129621E2,-2.508697808E-1,-5.060006306E-2,2.072472095E0
1.284328593E2,-5.038700700E-1,-5.736449361E-1,2.404834509E0
1.284527565E2,3.099919558E-1,-1.597364068E0,2.085255146E0
1.284726231E2,-3.781688809E-1,3.227751255E-1,1.959021330E0
1.284925203E2,3.573962152E-1,-1.480717659E-1,2.058623552E0
1.285124175E2,4.974785149E-1,8.873652816E-1,1.557416677E0
1.285323452E2,-3.238403797E-1,3.170227051E0,1.196824670E0
1.285522423E2,2.764361203E-1,2.416552305E0,1.290567875E0
1.285721395E2,7.398261428E-1,4.111920893E-1,1.335841656E0
1.285920367E2,-5.693838596E-1,-2.849582434E-1,1.589374542E0
1.286119033E2,-1.400290132E0,-2.009088755E0,1.212803602E0
1.286318005E2,-1.444498658E0,-2.963033199E0,6.562029123E-1
1.286516977E2,-9.443569183E-1,-2.271143913E0,8.250473142E-1
1.286715643E2,-3.765709996E-1,-1.652225137E0,1.250087857E0
1.286914615E2,-1.171790883E-1,-1.707086325E0,1.137702465E0
1.287113587E2,9.108011425E-2,-1.809884310E0,8.708537221E-1
1.287312559E2,1.906823367E-1,-1.725195765E0,6.918892860E-1
1.287511225E2,2.071939409E-1,-1.388039589E0,6.258428693E-1
1.287710197E2,1.778991669E-1,-7.265103459E-1,5.555354357E-1
1.287909169E2,1.613875628E-1,1.773665249E-1,4.404868484E-1
1.288107835E2,1.778991669E-1,1.032241225E0,3.462109566E-1
1.288306807E2,2.625876963E-1,1.504153371E0,3.723099232E-1
1.288505779E2,3.936152160E-1,1.549959779E0,4.340952635E-1
1.288704445E2,4.884237647E-1,1.311873198E0,4.554005563E-1
1.288903417E2,5.171858668E-1,9.177253246E-1,6.018744111E-1
1.289102389E2,4.617921412E-1,5.491438508E-1,9.257147908E-1
1.289301361E2,2.098570913E-1,-1.688444167E-1,1.123321414E0
1.289500027E2,1.805623323E-1,-9.081379771E-1,1.185106754E0
1.289698999E2,4.016047120E-1,-1.028512836E0,1.128115058E0
1.289897971E2,4.617921412E-1,-2.540655732E-1,1.064199209E0
1.290096637E2,2.039981484E-1,7.403587699E-1,1.063666582E0
1.290295609E2,-2.215750068E-1,1.174986720E0,1.030643344E0
1.290494581E2,-4.106594622E-1,1.021055937E0,9.715211987E-1
1.290693552E2,-2.854908705E-1,4.101268053E-1,9.645969868E-1
1.290892524E2,-1.800296903E-1,-3.733751774E-1,8.532768488E-1
1.291091191E2,-1.272991002E-1,-8.532768488E-1,4.825648069E-1
1.291290162E2,8.468852192E-2,-5.576659441E-1,3.675162420E-2
1.291489134E2,4.271710515E-1,1.070590764E-1,-2.732403278E-1
1.291687801E2,1.443433315E-1,6.892260909E-1,-6.061354876E-1
1.291886772E2,-4.932174385E-1,6.072007418E-1,-5.560680628E-1
1.292086049E2,-6.428871155E-1,9.587380104E-3,-1.251685768E-1
1.292285021E2,-5.789712071E-1,-8.346347213E-1,-9.108011425E-2
1.292483993E2,-5.496764779E-1,-1.961151838E0,-3.888215125E-1
1.292682965E2,-5.688512325E-1,-2.649312735E0,-8.447546959E-1
1.292881631E2,-5.273059011E-1,-2.434129238E0,-1.317199469E0
1.293080908E2,-3.041329980E-1,-2.038916111E0,-1.922269702E0
1.293280185E2,-7.456851192E-3,-1.144626617E0,-2.466087103E0
1.293479157E2,-3.515372798E-2,3.478088379E-1,-2.822418213E0
1.293678128E2,-5.006743073E-1,1.805090666E0,-2.934803486E0
1.293877100E2,-7.824367285E-1,3.962783813E0,-2.940662622E0
1.294076072E2,-3.536677957E-1,5.136172771E0,-2.846386671E0
1.294275044E2,1.299622655E0,2.098038435E0,-2.383529186E0
1.294474015E2,3.616572917E-1,-1.701227307E0,-2.477805138E0
1.294673597E2,-6.348975897E-1,-2.915628910E0,-2.613093615E0
1.294872569E2,-8.309062719E-1,-1.772600055E0,-2.487925053E0
1.295071541E2,-1.571265012E-1,2.934803665E-1,-2.302569151E0
1.295270513E2,4.277036786E-1,1.470597625E0,-2.274339676E0
1.295470095E2,4.324973822E-1,2.135855198E0,-2.308428049E0
1.295669066E2,8.362326026E-2,1.981924534E0,-2.332929134E0
1.295867733E2,1.624528319E-1,5.986786485E-1,-2.105495214E0
1.296066705E2,3.142530024E-1,-4.101268053E-1,-1.518534541E0
1.296265982E2,4.282363057E-1,-2.721750736E-1,-9.049421549E-1
1.296464953E2,5.475459099E-1,-1.432780623E-1,-5.086637735E-1
1.296663925E2,4.665858448E-1,-3.270362020E-1,-7.829693705E-2
1.296862897E2,2.348908186E-1,-4.324973822E-1,3.137203753E-1
1.297061563E2,1.661812514E-1,-4.468784332E-1,6.050702333E-1
1.297260535E2,2.231729031E-1,-4.378236830E-1,9.347695708E-1
1.297459507E2,2.689792812E-1,-9.161274135E-2,1.343298435E0
1.297658479E2,2.993393242E-1,-1.922802329E-1,1.722532630E0
1.297857145E2,3.936152160E-1,-9.363674521E-1,1.965945601E0
1.298056117E2,4.729774296E-1,-1.360342741E0,2.310025930E0
1.298255089E2,-2.615224123E-1,8.932242393E-1,2.577939987E0
1.298454060E2,1.752360016E-1,8.181231022E-1,2.913498402E0
1.298653337E2,6.625944972E-1,1.116929770E0,2.530535698E0
1.298852614E2,3.856257200E-1,1.528121829E0,1.695368409E0
1.299051586E2,-1.262338310E-1,1.090830803E0,1.399757504E0
1.299250558E2,-2.412824035E-1,-3.994741663E-2,1.245826840E0
1.299449529E2,-7.882957160E-2,-1.515338659E0,1.138235092E0
1.299648501E2,-2.796319127E-1,-2.398442984E0,9.150621891E-1
1.299847473E2,-4.937500656E-1,-2.396312475E0,7.036072016E-1
1.300046445E2,-4.788363874E-1,-1.780589581E0,7.078682184E-1
1.300245721E2,-3.499393761E-1,-1.105211854E0,1.027447581E0
1.300444998E2,-1.789644361E-1,-8.042746782E-1,1.338504791E0
1.300643970E2,2.716424316E-2,-7.408914566E-1,1.356614232E0
1.300842942E2,1.752360016E-1,-7.733820081E-1,1.295894265E0
1.301041608E2,2.561961114E-1,-8.080030680E-1,1.222923636E0
1.301240580E2,2.902845740E-1,-7.329019308E-1,1.128647685E0
1.301439552E2,3.089267015E-1,-4.639226794E-1,1.043426514E0
1.301638524E2,3.254382908E-1,-2.055960447E-1,9.464874864E-1
1.301837190E2,3.557983339E-1,-1.741707325E-1,8.005462289E-1
1.302036162E2,4.479437172E-1,-1.065264456E-3,5.779059529E-1
1.302235134E2,5.001416802E-1,2.657834888E-1,3.206445873E-1
1.302434105E2,4.250405133E-1,5.193164349E-1,8.735168725E-2
1.302632772E2,2.380866110E-1,7.962851524E-1,-9.747169912E-2
1.302831744E2,5.273059011E-2,1.292698383E0,-2.274339646E-1
1.303031021E2,-1.304948926E-1,1.575526118E0,-1.890844405E-1
1.303229992E2,-1.784317940E-1,1.448227048E0,-7.297061384E-2
1.303428659E2,-1.123853996E-1,1.286839485E0,5.645901710E-2
1.303627631E2,-3.941478580E-2,1.004544377E0,3.504720032E-1
1.303826297E2,-5.326322466E-2,4.937500656E-1,6.641923785E-1
1.304025269E2,-9.214537591E-2,2.929477207E-2,8.458199501E-1
1.304224546E2,-1.304948926E-1,-1.933455020E-1,9.491506219E-1
1.304423518E2,-1.166464612E-1,-7.882957160E-2,9.683253765E-1
1.304622489E2,-1.326254308E-1,1.571265012E-1,7.835019827E-1
1.304821461E2,-1.885518134E-1,4.053331316E-1,4.596616030E-1
1.305020433E2,-2.423476577E-1,7.233145833E-1,2.647182047E-1
1.305219099E2,-2.151834220E-1,8.617989421E-1,3.051982522E-1
1.305418071E2,-5.113269389E-2,8.575378656E-1,3.723099232E-1
1.305617043E2,-9.108011425E-2,7.984157205E-1,3.371562064E-1
1.305816015E2,-3.041329980E-1,2.551308274E-1,2.162486911E-1
1.306014986E2,-2.982740402E-1,-3.478088379E-1,5.752427876E-2
1.306213958E2,-1.699096859E-1,-7.850999236E-1,-2.290318608E-1
1.306412930E2,-1.528654546E-1,-1.102016091E0,-5.012069345E-1
1.306611596E2,-1.672465205E-1,-1.182443500E0,-8.005462289E-1
1.306810568E2,-9.800432622E-2,-9.379653335E-1,-1.173921466E0
1.307009540E2,-2.183792181E-2,-2.620550692E-1,-1.574460864E0
1.307208206E2,-5.326322280E-3,6.311691999E-1,-1.976065516E0
1.307407178E2,-2.316950262E-1,9.928264618E-1,-2.404301882E0
1.307606150E2,-7.318366766E-1,7.792409658E-1,-2.720685482E0
1.307804816E2,-1.074319243E0,5.033374429E-1,-2.744653940E0
1.308003788E2,-7.723167539E-1,6.082659960E-1,-2.641323328E0
1.308202760E2,2.689792812E-1,8.074704409E-1,-2.653041124E0
1.308401426E2,4.735100567E-1,1.423193336E0,-2.898051977E0
1.308600703E2,-5.246427655E-1,1.651159883E0,-3.075418472E0
1.308800591E2,-4.287689328E-1,3.962783813E-1,-2.814428806E0
1.309000478E2,-1.006674916E-1,-7.978830934E-1,-2.508697748E0
1.309200060E2,1.187769845E-1,-1.610679865E0,-2.223206997E0
1.309399642E2,-4.111920893E-1,4.154531360E-1,-2.304699659E0
1.309598919E2,-2.604571581E-1,1.795503259E0,-2.405367136E0
1.309797891E2,1.496696621E-1,1.630387306E0,-2.353169203E0
1.309997473E2,2.167813182E-1,9.283779860E-1,-2.003762484E0
1.310196444E2,2.796319127E-1,6.231797114E-2,-1.369397402E0
1.310396026E2,4.165183902E-1,-5.560680628E-1,-6.540724039E-1
1.310595303E2,4.335626364E-1,-6.487460732E-1,-2.503371425E-2
1.310794275E2,3.760383427E-1,-3.350256681E-1,4.186489284E-1
1.310993247E2,3.403519988E-1,5.326322280E-3,8.532768488E-1
1.311192219E2,4.830974340E-1,-4.367584363E-2,1.296959519E0
1.311391190E2,5.187838078E-1,-3.249056637E-1,1.678856730E0
1.311590467E2,3.307646215E-1,-1.021588564E0,2.049568892E0
1.311789439E2,4.261057824E-2,-1.250620484E0,2.182194233E0
1.311988411E2,-5.395564437E-1,1.116929770E0,2.240251064E0
1.312187077E2,8.394283652E-1,1.481250167E0,3.060504675E0
1.312386049E2,4.969458580E-1,1.052481294E0,3.104180574E0
1.312585021E2,3.941478580E-2,4.101268202E-2,1.661279917E0
1.312784298E2,-4.314320907E-2,-8.090683818E-1,1.128647685E0
1.312983880E2,-3.083940744E-1,-8.383631110E-1,1.474858642E0
1.313183767E2,-1.912149638E-1,-1.111603498E0,1.720934749E0
1.313382739E2,-3.675162420E-2,-1.547829270E0,1.322525859E0
1.313582016E2,-9.374327213E-2,-1.760882139E0,8.452873230E-1
1.313780987E2,-2.487392575E-1,-1.748098969E0,7.451524734E-1
1.313979959E2,-3.547330499E-1,-1.479652286E0,9.699232578E-1
1.314179846E2,-2.423476577E-1,-1.166997194E0,1.091363430E0
1.314379734E2,-2.130528912E-3,-9.864348769E-1,1.089232922E0
1.314578705E2,2.354234457E-1,-8.191883564E-1,1.078047633E0
1.314777677E2,3.909520507E-1,-5.400890708E-1,1.054611802E0
1.314976649E2,4.841626883E-1,-3.462109342E-2,9.129316211E-1
1.315175926E2,4.516721368E-1,4.410194755E-1,7.930893898E-1
1.315375203E2,3.824299276E-1,6.599313021E-1,7.254450917E-1
1.315574174E2,2.897519469E-1,8.458199501E-1,6.721818447E-1
1.315773146E2,2.577939928E-1,1.020523310E0,6.242449880E-1
1.315972118E2,2.205097377E-1,1.087102413E0,6.237123609E-1
1.316171090E2,1.278317273E-1,9.289106131E-1,5.693838596E-1
1.316370061E2,-1.315601617E-1,1.083906531E0,5.139901042E-1
1.316569338E2,-2.231729031E-1,4.772384763E-1,3.526025414E-1
1.316768615E2,-1.411475390E-1,-3.866910040E-1,3.126551211E-1
1.316967587E2,1.107875034E-1,-7.558051348E-1,3.387540877E-1
1.317167169E2,4.324973822E-1,-4.612595141E-1,5.049353242E-1
1.317366446E2,4.841626883E-1,4.458131790E-1,6.013417840E-1
1.317565418E2,-4.351605177E-1,2.034655094E0,5.555354357E-1
1.317764389E2,-6.679208279E-1,1.825863242E0,5.326322317E-1
1.317963361E2,-3.158509135E-1,1.657018900E0,6.508765817E-1
1.318162333E2,-2.407497615E-1,8.303736448E-1,8.495483994E-1
1.318361304E2,-2.982740402E-1,-8.468852192E-2,8.191883564E-1
1.318560276E2,-2.237055302E-1,-4.697816372E-1,8.037420511E-1
1.318759858E2,-1.874865443E-1,-3.616572917E-1,8.910937309E-1
1.318959440E2,-2.679139972E-1,3.440804183E-1,6.807039976E-1
1.319158717E2,-4.495415986E-1,1.104679227E0,-2.300971150E-1
1.319357689E2,-4.452805519E-1,1.369397402E0,-1.029045463E0
1.319557271E2,-1.597896665E-1,1.072188616E0,-1.519599795E0
1.319757158E2,2.396845073E-2,5.049353242E-1,-1.981924534E0
1.319957046E2,4.527373984E-2,3.440804183E-1,-2.482598782E0
1.320156322E2,-8.894958347E-2,2.902845740E-1,-2.879409790E0
1.320355599E2,-4.516721368E-1,-2.077265643E-2,-3.090332270E0
1.320555792E2,-8.085356951E-1,-6.391586363E-2,-3.249056578E0
1.320755069E2,-6.082659960E-1,1.438107044E-1,-3.322559834E0
1.320954346E2,5.731122494E-1,8.085356951E-1,-3.472762108E0
1.321153623E2,1.091896072E-1,1.796035886E0,-3.104713202E0
1.321353205E2,-4.010720551E-1,1.270860553E0,-2.703641176E0
1.321552787E2,-1.720402092E-1,-3.302319944E-1,-2.338255405E0
1.321752369E2,-7.403588295E-2,-1.068460226E0,-2.303634405E0
1.321952866E2,-7.435545921E-1,7.866978049E-1,-2.633866310E0
1.322153364E2,-6.785734296E-1,1.739576817E0,-2.820820332E0
1.322352946E2,-3.787015080E-1,1.594168305E0,-2.821885586E0
1.322552833E2,-2.173139453E-1,1.344896317E0,-2.741458178E0
1.322751805E2,-1.832254827E-1,4.484763443E-1,-2.321743965E0
1.322951387E2,-1.390170157E-1,-8.410263062E-1,-1.586178780E0
1.323151274E2,-1.102548689E-1,-1.516936541E0,-7.451524734E-1
1.323351467E2,-2.024002373E-2,-1.212270975E0,-9.108011425E-2
1.323551659E2,1.810949668E-2,-3.147856593E-1,2.514024079E-1
1.323751852E2,3.888215125E-2,4.580637217E-1,4.591289759E-1
1.323952044E2,1.944107562E-1,8.378304839E-1,8.021441102E-1
1.324151321E2,4.511395097E-1,8.633968234E-1,1.306014180E0
1.324350293E2,6.604639888E-1,4.969458580E-1,1.775795817E0
1.324549264E2,7.526093125E-1,-1.784317940E-1,2.057025671E0
1.324748236E2,-3.563309610E-1,9.592706561E-1,1.800296903E0
1.324947208E2,-2.221076339E-1,2.135855258E-1,1.672997832E0
1.325146485E2,2.295644879E-1,2.138518333E0,2.159823656E0
1.325345457E2,1.015729666E0,5.097290277E-1,2.045307636E0
1.325544123E2,1.091896072E-1,2.503371425E-2,1.393898487E0
1.325743400E2,-4.697816372E-1,-8.596684337E-1,9.427590370E-1
1.325942677E2,-7.030745149E-1,-9.331716895E-1,9.369000793E-1
1.326141649E2,-2.940129936E-1,-4.569984376E-1,1.095624447E0
1.326340620E2,2.029328793E-1,-4.676510990E-1,1.221325755E0
1.326539592E2,3.616572917E-1,-6.972155571E-1,1.211205721E0
1.326739479E2,2.008023560E-1,-5.001416802E-1,1.288437366E0
1.326939367E2,4.580637068E-2,-1.661812514E-1,1.192030907E0
1.327138644E2,3.675162420E-2,1.459412277E-1,9.267801046E-1
1.327337310E2,-1.544633508E-2,4.628573954E-1,8.255799413E-1
1.327536587E2,-9.853696078E-2,8.777779341E-1,8.356999755E-1
1.327735864E2,-7.403588295E-2,1.355548978E0,8.532768488E-1
1.327935141E2,1.012001187E-2,1.510012388E0,8.554073572E-1
1.328134113E2,6.072007492E-2,1.322525859E0,7.803062201E-1
1.328333695E2,5.539375171E-2,1.206944585E0,6.764429212E-1
1.328533582E2,-5.858954415E-2,1.182443500E0,6.274407506E-1
1.328733469E2,-2.242381722E-1,1.153148770E0,6.796387434E-1
1.328933356E2,-3.286340833E-1,9.773801565E-1,7.691209316E-1
1.329133244E2,-3.733751774E-1,7.723167539E-1,8.197209835E-1
1.329332521E2,-2.652508616E-1,5.704491138E-1,8.319715261E-1
1.329532408E2,-1.086569726E-1,2.886866629E-1,8.000136018E-1
1.329731990E2,-1.118527725E-2,6.178534031E-2,7.254450917E-1
1.329931267E2,1.384843793E-2,2.822950855E-2,6.631271243E-1
1.330130544E2,-6.924218964E-3,1.475391239E-1,5.880259871E-1
1.330330431E2,-6.178534031E-2,3.984089196E-1,4.889563918E-1
1.330529403E2,-1.315601617E-1,7.174556255E-1,3.595267534E-1
1.330728985E2,-2.178465873E-1,1.057807565E0,2.599245310E-1
1.330928262E2,-3.046656251E-1,1.397094369E0,1.731054783E-1
1.331127233E2,-3.552657068E-1,1.753957868E0,8.788431436E-2
1.331326510E2,-3.552657068E-1,2.042111874E0,1.597896591E-2
1.331526397E2,-3.073287904E-1,2.175802708E0,-4.633900523E-2
1.331726285E2,-2.753708661E-1,2.101766825E0,2.183792181E-2
1.331925562E2,-3.179814517E-1,1.814145327E0,2.098570913E-1
1.332124839E2,-3.845604658E-1,1.383778572E0,3.930825889E-1
1.332324115E2,-5.075985193E-1,7.590008974E-1,6.087986231E-1
1.332523087E2,-5.944175720E-1,1.981391907E-1,6.801713705E-1
1.332722364E2,-7.089334726E-1,-5.091964006E-1,5.954828262E-1
1.332921641E2,-7.344998717E-1,-1.231445670E0,5.454154015E-1
1.333120613E2,-5.438175201E-1,-1.611212492E0,7.414240837E-1
1.333319584E2,-1.928128600E-1,-1.174454093E0,8.149272799E-1
1.333519167E2,2.705771625E-1,-1.688444167E-1,3.153182864E-1
1.333718443E2,6.173207760E-1,1.148355126E0,-5.091964006E-1
1.333917415E2,6.838997602E-1,2.261556387E0,-1.348624825E0
1.334116082E2,4.580637217E-1,2.693521261E0,-1.916943431E0
1.334315359E2,1.033306494E-1,2.411226034E0,-2.137985706E0
1.334514330E2,1.134506613E-1,3.060504675E0,-2.163019419E0
1.334713912E2,-1.765675783E0,7.988950729E0,-2.225870132E0
1.334912884E2,-1.958488703E0,4.340952873E0,-2.378735542E0
1.335112161E2,-6.705839634E-1,2.870887816E-1,-2.642388582E0
1.335311438E2,-5.443501472E-1,-1.313471079E0,-2.774481297E0
1.335510410E2,-1.668736815E0,8.484831452E-1,-2.662628412E0
1.335709992E2,-2.183259487E0,2.844256163E0,-2.639725208E0
1.335908964E2,-2.212554216E0,3.185140610E0,-2.404834509E0
1.336108240E2,-1.920139194E0,2.599777937E0,-1.979261398E0
1.336307212E2,-1.511610270E0,1.832787514E0,-1.593103051E0
1.336505879E2,-9.843043685E-1,3.962783813E-1,-1.114799261E0
1.336704851E2,-5.986786485E-1,-5.320996046E-1,-7.467503548E-1
1.336903822E2,-4.335626364E-1,3.648530841E-1,-4.170510471E-1
1.337102489E2,-6.908239722E-1,1.362473249E0,-2.561961114E-1
1.337301461E2,-8.500810266E-1,1.632517815E0,-3.296993375E-1
1.337500432E2,-8.016114831E-1,1.596298814E0,-3.408846259E-1
1.337700014E2,-6.375607848E-1,1.360875368E0,-1.299622655E-1
1.337898986E2,-4.985437691E-1,9.800432920E-1,1.363538504E-1
1.338097958E2,-4.532700181E-1,6.040049195E-1,4.239752591E-1
1.338296930E2,-4.719121456E-1,9.480853379E-2,7.978830934E-1
1.338496206E2,-4.628573954E-1,-3.627225459E-1,1.141963482E0
1.338695483E2,-2.764361203E-1,-3.355582952E-1,1.387506962E0
1.338894455E2,-3.675162420E-2,2.146507949E-1,1.564340830E0
1.339093732E2,1.635181010E-1,1.006674886E0,1.747566342E0
1.339292704E2,1.576591432E-1,1.212270975E0,1.944640279E0
1.339491370E2,5.379585549E-2,9.800432920E-1,2.024002552E0
1.339690342E2,2.588592768E-1,1.141963482E0,1.957956076E0
1.339889924E2,6.482134461E-1,1.642637849E0,1.844505429E0
1.340088896E2,8.628641963E-1,2.397377729E0,1.594168305E0
1.340287868E2,6.072007418E-1,2.674346447E0,9.677927494E-1
1.340487144E2,6.178534031E-2,2.940662622E0,1.374191195E-1
1.340686421E2,-7.829693705E-2,2.729207516E0,-4.005394280E-1
1.340885393E2,5.352953672E-1,1.663943052E0,-8.016114831E-1
1.341085586E2,1.026914954E0,2.631203234E-1,-8.436894417E-1
1.341285473E2,-2.013349831E-1,3.217098713E-1,-6.668555737E-1
1.341484750E2,-1.082841277E0,-2.132126808E0,-9.970875382E-1
1.341684637E2,-9.134642482E-1,-4.351072788E0,-1.447694421E0
1.341884219E2,-6.418218613E-1,-4.614192963E0,-1.491370201E0
1.342083496E2,-3.451456726E-1,-3.601126432E0,-1.245294094E0
1.342282773E2,-1.352885813E-1,-2.216815233E0,-8.447546959E-1
1.342481745E2,1.187769845E-1,-5.651227832E-1,-4.261057973E-1
1.342681327E2,4.175836742E-1,7.259777188E-1,-1.411475390E-1
1.342880298E2,4.740426838E-1,1.617071390E0,1.731054783E-1
1.343079575E2,7.297061384E-2,1.599494576E0,1.027980223E-1
1.343278547E2,-5.054680109E-1,1.040763378E0,-3.888215125E-1
1.343477824E2,-8.388957381E-1,6.194512844E-1,-5.512743592E-1
1.343677406E2,-6.583334208E-1,6.556702852E-1,-1.672465205E-1
1.343876683E2,-2.668487430E-1,9.145295620E-1,1.123853996E-1
1.344075655E2,4.000068009E-1,1.675660968E0,2.567287385E-1
1.344274626E2,9.273127317E-1,2.535861969E0,4.026699662E-1
1.344473598E2,7.078682184E-1,2.295112371E0,4.016047120E-1
1.344672570E2,1.667138934E-1,1.650627255E0,3.627225459E-1
1.344871847E2,-1.640507281E-1,1.763545275E0,3.898867965E-1
1.345070819E2,-1.747033745E-1,2.440520763E0,4.069310129E-1
1.345269790E2,-2.551308274E-1,2.133192062E0,3.584614992E-1
1.345468762E2,-2.327602804E-1,1.628789306E0,3.430151641E-1
1.345667734E2,-4.740426689E-2,1.552622914E0,3.941478431E-1
1.345866705E2,7.403588295E-2,1.558481932E0,4.026699662E-1
1.346065677E2,7.084008306E-2,1.510012388E0,3.307646215E-1
1.346264344E2,7.616640627E-2,1.447694421E0,2.732403278E-1
1.346463316E2,6.178534031E-2,1.475923896E0,2.711097896E-1
1.346661982E2,-4.314320907E-2,1.837048531E0,2.897519469E-1
1.346861564E2,-2.561961114E-1,2.373941898E0,2.306297570E-1
1.347060536E2,-4.825648069E-1,2.648780107E0,-8.415589482E-2
1.347259508E2,-6.141249537E-1,2.526274681E0,-4.894890189E-1
1.347458479E2,-5.768406987E-1,2.224804878E0,-4.303668439E-1
1.347657451E2,-4.314320982E-1,1.767806411E0,-1.832254827E-1
1.347856118E2,-2.838929892E-1,1.080710769E0,-5.326322280E-3
1.348055395E2,-1.661812514E-1,6.194512844E-1,9.534116834E-2
1.348254671E2,-1.075917110E-1,6.290386319E-1,8.681905270E-2
1.348454254E2,-1.661812514E-1,8.394283652E-1,3.355583176E-2
1.348654141E2,-3.291667104E-1,1.189367771E0,-3.462109342E-2
1.348854028E2,-4.420847595E-1,1.471130252E0,-2.130528912E-3
1.349053306E2,-4.607268870E-1,1.622397780E0,6.072007492E-2
1.349252888E2,-4.367584288E-1,1.569667220E0,1.262338310E-1
1.349452775E2,-4.026699662E-1,1.317732096E0,2.428802997E-1
1.349652662E2,-3.462109566E-1,1.109472990E0,3.589941263E-1
1.349852854E2,-2.705771625E-1,1.071123362E0,3.941478431E-1
1.350053046E2,-1.848233789E-1,1.083906531E0,3.680488765E-1
1.350252628E2,-1.720402092E-1,7.574030161E-1,2.961435318E-1
1.350451600E2,-2.380866110E-1,2.135855258E-1,1.944107562E-1
1.350650876E2,-2.870887816E-1,2.024002522E-1,-2.450108156E-2
1.350850153E2,-4.527373910E-1,6.460828781E-1,-4.937500656E-1
1.351049125E2,-7.941546440E-1,1.212803602E0,-1.063666582E0
1.351248096E2,-1.152616143E0,1.745435834E0,-1.522795558E0
1.351447068E2,-1.276186824E0,2.183259487E0,-1.752359986E0
1.351646039E2,-1.151018262E0,2.125202656E0,-1.729989529E0
1.351845316E2,-9.837717414E-1,1.396561742E0,-1.350222707E0
1.352043982E2,-6.716492176E-1,4.415521026E-1,-1.097222447E0
1.352242954E2,-2.402171344E-1,-1.592570394E-1,-1.181378245E0
1.352441925E2,1.257012039E-1,-4.809668958E-1,-1.587244034E0
1.352640591E2,2.556634545E-1,-6.231797114E-2,-1.963814974E0
1.352839563E2,-1.864212751E-2,1.748631597E0,-2.185922623E0
1.353038229E2,-4.830974340E-1,2.569417953E0,-2.384594440E0
1.353237201E2,-4.889563918E-1,2.167280436E0,-2.419215679E0
1.353436172E2,3.888215125E-2,2.176867962E0,-2.282329082E0
1.353634839E2,1.081243455E-1,1.516936541E0,-2.628540039E0
1.353833810E2,-1.571265012E-1,-5.496764779E-1,-2.724946499E0
1.354032782E2,-3.717772961E-1,-2.045307636E0,-2.462358713E0
1.354231753E2,-3.526025414E-1,-2.010686636E0,-2.203499556E0
1.354430420E2,-2.253034264E-1,-8.788431883E-1,-2.082592010E0
1.354629391E2,-3.834952042E-2,4.985437691E-1,-2.053297281E0
1.354828363E2,1.235706806E-1,1.320395350E0,-2.045307636E0
1.355027334E2,1.230380461E-1,1.510545015E0,-1.771534801E0
1.355226306E2,2.556634545E-1,6.998787522E-1,-1.405616403E0
1.355425277E2,3.600593805E-1,-2.727077007E-1,-9.906959534E-1
1.355624249E2,2.077265680E-1,-4.564658105E-1,-5.826996565E-1
1.355823220E2,2.689792812E-1,-2.173139453E-1,-2.950782478E-1
1.356021887E2,4.447479248E-1,2.359560728E-1,-2.237055451E-2
1.356220858E2,5.619270205E-1,5.954828262E-1,2.514024079E-1
1.356419830E2,6.524744630E-1,5.368933082E-1,7.302387953E-1
1.356618496E2,6.253102422E-1,2.759034932E-1,1.038632870E0
1.356817467E2,4.969458580E-1,4.953479767E-2,1.404018521E0
1.357016439E2,4.032025933E-1,-5.496764779E-1,1.856223345E0
1.357215716E2,3.616572917E-1,-1.765143156E0,2.215217352E0
1.357414382E2,-8.468852192E-2,-1.715075731E0,2.446379900E0
1.357613659E2,-5.720469952E-1,3.083940744E-1,2.446912527E0
1.357812630E2,4.106594622E-1,6.780408025E-1,2.356897593E0
1.358011602E2,1.080178142E0,4.990763962E-1,1.999501348E0
1.358211184E2,4.277036786E-1,9.875001311E-1,1.329450011E0
1.358410765E2,3.419498801E-1,3.680488765E-1,1.371528029E0
1.358610347E2,2.178465873E-1,-5.219795704E-1,1.540904999E0
1.358809319E2,-1.454086006E-1,-1.516403913E0,1.576058745E0
1.359008901E2,-6.002765298E-1,-1.876463294E0,1.402420640E0
1.359208177E2,-6.796387434E-1,-1.386974335E0,1.080710769E0
1.359407454E2,-4.069310129E-1,-8.362326026E-1,1.050883412E0
1.359606731E2,-2.135855258E-1,-6.375607848E-1,1.296426892E0
1.359805702E2,-9.587380290E-2,-1.002946496E0,1.574993491E0
1.360004674E2,9.747169912E-2,-1.708151579E0,1.700162053E0
1.360203950E2,3.845604658E-1,-2.195510149E0,1.599494576E0
1.360403532E2,5.986786485E-1,-2.289785862E0,1.306546807E0
1.360603114E2,5.720469952E-1,-1.935052872E0,1.059405446E0
1.360802391E2,3.573962152E-1,-1.114266634E0,8.319715261E-1
1.361001973E2,1.480717659E-1,-4.676510990E-1,6.311691999E-1
1.361201555E2,-4.314320907E-2,3.419498801E-1,2.940129936E-1
1.361400526E2,-5.219795927E-2,1.098820329E0,-6.072007492E-2
1.361599498E2,4.953479767E-2,1.429052234E0,-3.536677957E-1
1.361798164E2,2.050634027E-1,1.368332148E0,-5.305017233E-1
1.361997135E2,3.696467578E-1,1.206411958E0,-5.384911895E-1
1.362196107E2,4.687163532E-1,1.116397142E0,-4.500742257E-1
1.362394773E2,3.089267015E-2,1.159007788E0,-1.043959185E-1
1.362593745E2,-2.753708661E-1,4.367584288E-1,2.604571581E-1
1.362792716E2,5.858954508E-3,-5.395564437E-1,6.301039457E-1
1.362991688E2,2.577939928E-1,-9.986854196E-1,9.832391143E-1
1.363190659E2,2.322276533E-1,-8.410263062E-1,1.021588564E0
1.363389631E2,3.462109342E-2,-4.394215941E-1,8.644620776E-1
1.363589213E2,-8.149272949E-2,-2.828277051E-1,7.861651778E-1
1.363788489E2,-9.960222989E-2,-1.491370201E-1,8.069378138E-1
1.363987766E2,-1.880191714E-1,2.588592768E-1,5.779059529E-1
1.364186432E2,-3.158509135E-1,6.562029123E-1,2.849582434E-1
1.364385404E2,-3.089267015E-1,8.458199501E-1,3.552657068E-1
1.364584375E2,-2.380866110E-1,7.185208797E-1,5.826996565E-1
1.364783347E2,-1.821602285E-1,2.348908186E-1,8.346347213E-1
1.364982318E2,-2.412824035E-1,-2.822950780E-1,9.315737486E-1
1.365181595E2,-3.462109566E-1,-3.307646215E-1,5.816344023E-1
1.365380262E2,-3.526025414E-1,-3.941478580E-2,-1.853560209E-1
1.365579538E2,-6.231797338E-1,3.004045784E-1,-7.558051348E-1
1.365778510E2,-9.305084944E-1,5.986786485E-1,-1.025317073E0
1.365977176E2,-9.933590889E-1,7.313040495E-1,-1.174454093E0
1.366176148E2,-7.685883045E-1,6.546050310E-1,-1.372593284E0
1.366375424E2,-6.061354876E-1,4.990763962E-1,-1.650094628E0
1.366574396E2,-4.980111420E-1,6.636597514E-1,-1.900431752E0
1.366773062E2,-5.454154015E-1,9.321063757E-1,-2.153432131E0
1.366972034E2,-1.153148770E0,1.758751631E0,-2.541721106E0
1.367171005E2,-1.631985188E0,2.283394337E0,-2.613626242E0
1.367369671E2,-8.868326545E-1,2.544916868E0,-2.465554476E0
1.367568643E2,2.503371537E-1,1.421595454E0,-2.473011494E0
1.367767615E2,1.241033077E-1,3.270362020E-1,-2.659432650E0
1.367966586E2,-3.195793331E-1,-3.499393761E-1,-2.670618057E0
1.368165558E2,-2.615224123E-1,-1.000815988E0,-2.314286947E0
1.368364224E2,1.906823367E-1,-1.947836041E0,-2.003229856E0
1.368563501E2,3.360909224E-1,-1.145691872E0,-2.008556128E0
1.368762472E2,-1.171790902E-2,1.454618573E0,-2.182726860E0
1.368961138E2,-1.278317347E-2,2.242914200E0,-2.237587929E0
1.369160720E2,2.450108156E-2,2.087918282E0,-2.120409012E0
1.369359692E2,3.312972486E-1,6.572681665E-1,-1.853027463E0
1.369558663E2,3.376888335E-1,-8.905611038E-1,-1.367799520E0
1.369757635E2,2.732403278E-1,-1.425856471E0,-8.964200616E-1
1.369956301E2,3.121224940E-1,-9.741843343E-1,-4.948153496E-1
1.370155273E2,4.058657587E-1,1.544633508E-2,-2.295644879E-1
1.370354244E2,5.006743073E-1,8.916263580E-1,2.556634694E-2
1.370553216E2,5.667206645E-1,1.290035248E0,4.037352204E-1
1.370752798E2,5.779059529E-1,1.320395350E0,8.878979087E-1
1.370952990E2,5.566006899E-1,1.038632870E0,1.257012010E0
1.371152572E2,4.617921412E-1,-8.149272949E-2,1.727858901E0
1.371352764E2,3.265035450E-1,-1.651159883E0,2.414954424E0
1.371552651E2,3.233077526E-1,-9.837717414E-1,3.048254251E0
1.371752233E2,7.888283134E-1,6.215817928E-1,3.320429325E0
1.371952425E2,1.183508754E0,-1.081243455E-1,2.829342365E0
1.372151702E2,1.342233270E-1,1.965412945E-1,1.540372372E0
1.372351283E2,1.326254308E-1,7.898935676E-1,1.122788787E0
1.372551476E2,4.138552547E-1,3.904194236E-1,1.339570045E0
1.372750447E2,1.853560209E-1,-7.872304320E-1,1.645300984E0
1.372950029E2,7.669904083E-2,-1.890311718E0,1.791774869E0
1.373149916E2,-1.288969964E-1,-2.079396248E0,1.502555490E0
1.373349498E2,-2.018676102E-1,-1.897768617E0,9.997506738E-1
1.373549690E2,-3.350256681E-1,-1.251153111E0,5.342301130E-1
1.373749882E2,-4.884237647E-1,-3.616572917E-1,8.788431883E-1
1.373950075E2,-2.263686955E-1,3.057309091E-1,1.603755593E0
1.374150267E2,3.573962152E-1,3.020024598E-1,1.778991699E0
1.374349849E2,8.623315692E-1,-1.326254308E-1,1.608016729E0
1.374550041E2,1.119592905E0,-5.842975378E-1,1.324123740E0
1.374749928E2,1.025849700E0,-5.784385800E-1,9.789780378E-1
1.374949204E2,2.444781959E-1,5.965480804E-1,6.647250056E-1
1.375149092E2,-3.046656251E-1,6.482134461E-1,4.106594622E-1
1.375348979E2,-3.462109566E-1,6.993461251E-1,3.600593805E-1
1.375548866E2,-5.219795927E-2,9.534116983E-1,3.776362538E-1
1.375749363E2,1.246359423E-1,7.744472623E-1,3.110572100E-1
1.375948640E2,1.193096191E-1,3.675162494E-1,1.603222936E-1
1.376148221E2,7.723167539E-2,2.460760921E-1,1.171790902E-2
1.376347498E2,8.522115648E-3,6.961503029E-1,-4.420847446E-2
1.376547385E2,-2.982740402E-1,1.249022603E0,4.314320907E-2
1.376746662E2,-4.772384763E-1,1.328384757E0,1.624528319E-1
1.376946854E2,-3.195793331E-1,1.131843448E0,3.467435837E-1
1.377147351E2,-1.560612470E-1,8.623315692E-1,6.524744630E-1
1.377347238E2,-2.034655064E-1,3.749730885E-1,9.283779860E-1
1.377547736E2,-3.105245829E-1,-2.396845073E-2,1.038100243E0
1.377748233E2,-2.476739883E-1,1.139832959E-1,1.150485635E0
1.377948731E2,-1.826928556E-1,1.443433315E-1,1.078047633E0
1.378148923E2,-2.087918371E-1,-1.789644361E-1,7.147924304E-1
1.378349725E2,-2.114549875E-1,-3.621899188E-1,3.632551730E-1
1.378549307E2,-1.464738697E-1,-1.454086006E-1,1.954760253E-1
1.378748889E2,-8.255799860E-2,4.101268053E-1,-1.230380461E-1
1.378948471E2,-3.376888335E-1,1.255946755E0,-6.471481323E-1
1.379147748E2,-6.801713705E-1,1.634648323E0,-9.331716895E-1
1.379347940E2,-6.029396653E-1,1.431715488E0,-1.168595076E0
1.379547827E2,-3.392867148E-1,7.243798375E-1,-1.393365860E0
1.379747409E2,-1.054611802E-1,2.865561247E-1,-1.807753801E0
1.379947906E2,-1.709749401E-1,-2.024002373E-2,-2.291383743E0
1.380147793E2,-5.411543250E-1,-3.296993375E-1,-2.644519091E0
1.380347985E2,-8.788431883E-1,-2.466087192E-1,-2.844256163E0
1.380547567E2,-8.229168057E-1,2.535329461E-1,-2.908171892E0
1.380747149E2,-4.580637068E-2,1.238902569E0,-3.107908964E0
1.380947341E2,1.227717280E0,2.074069977E0,-3.227218628E0
1.381147228E2,5.795038939E-1,3.257045984E0,-2.795253992E0
1.381347115E2,-3.834952042E-2,1.229847789E0,-2.431466103E0
1.381547002E2,2.087918371E-1,-1.516403913E0,-2.012817144E0
1.381746889E2,1.725728363E-1,-2.599245310E0,-1.858886480E0
1.381946471E2,-3.211772442E-1,-6.679208279E-1,-1.893507600E0
1.382146358E2,1.214401498E-1,7.344998717E-1,-1.853027463E0
1.382346856E2,7.978830934E-1,8.932242393E-1,-1.757153749E0
1.382546437E2,7.765777707E-1,1.126517177E0,-1.423725963E0
1.382746324E2,5.502091050E-1,7.206513882E-1,-8.415589333E-1
1.382945601E2,5.310343504E-1,-1.033306494E-1,-2.993393242E-1
1.383145183E2,5.528722405E-1,-7.424893379E-1,3.829625845E-1
1.383345070E2,6.008091569E-1,-9.161274433E-1,8.681905270E-1
1.383544652E2,5.613943934E-1,-6.274407506E-1,1.195226669E0
1.383744844E2,3.328951299E-1,-2.604571581E-1,1.601625085E0
1.383944426E2,6.498113275E-2,-2.210423797E-1,2.106027842E0
1.384144313E2,3.701793849E-1,-7.238472104E-1,2.179531097E0
1.384344200E2,-4.442152679E-1,1.104679227E0,2.123072147E0
1.384544392E2,5.571333170E-1,9.864348769E-1,2.508165121E0
1.384743669E2,7.201187611E-1,8.005462289E-1,2.366484880E0
1.384943251E2,1.864212751E-2,1.153681397E0,1.165931940E0
1.385142527E2,9.534116834E-2,3.856257200E-1,9.454222322E-1
1.385342414E2,7.723167539E-2,5.592638254E-2,1.231445670E0
1.385541386E2,-4.474110901E-2,-5.320996046E-1,1.679389358E0
1.385740357E2,-3.414172530E-1,-1.065264463E0,1.365136385E0
1.385939939E2,-5.608617067E-1,-1.302818418E0,7.542072535E-1
1.386139826E2,-6.237123609E-1,-1.431715488E0,4.346278906E-1
1.386339408E2,-6.359629035E-1,-1.166464567E0,5.672533512E-1
1.386539295E2,-5.997439027E-1,-7.691209316E-1,8.527442217E-1
1.386738267E2,-4.468784332E-1,-4.149205089E-1,9.768475294E-1
1.386937238E2,-1.826928556E-1,-3.888215125E-2,1.001881242E0
1.387136210E2,3.355583176E-2,4.623247683E-1,9.571400881E-1
1.387335181E2,1.054611802E-1,7.973504663E-1,8.958874345E-1
1.387534458E2,6.870955974E-2,7.147924304E-1,8.788431883E-1
1.387733429E2,7.723167539E-2,3.547330499E-1,8.697884083E-1
1.387933011E2,3.030677438E-1,2.711097896E-1,7.994809747E-1
1.388132288E2,7.669904232E-1,1.046089649E0,7.568703890E-1
1.388330954E2,7.946872711E-1,1.652225137E0,7.089334726E-1
1.388530231E2,2.455434501E-1,1.645300984E0,5.917543769E-1
1.388728897E2,-5.118595958E-1,1.594700933E0,5.864281058E-1
1.388928174E2,-6.609966159E-1,1.292698383E0,2.343581766E-1
1.389127451E2,-3.430151641E-1,1.104679227E0,-1.597896684E-3
1.389326422E2,-8.309062570E-2,9.278453588E-1,2.551308274E-1
1.389526004E2,-2.237055451E-2,7.621967196E-1,4.719121456E-1
1.389725891E2,-1.241033077E-1,8.703210354E-1,5.001416802E-1
1.389926389E2,-3.296993375E-1,7.845672965E-1,5.150553584E-1
1.390126581E2,-3.637878001E-1,2.343581766E-1,5.763080716E-1
1.390327078E2,-1.896170676E-1,5.858954508E-3,7.068029642E-1
1.390526965E2,-5.965480953E-2,1.821602285E-1,7.025418878E-1
1.390726242E2,-1.278317273E-1,8.255799860E-2,4.245078862E-1
1.390926129E2,-2.439455539E-1,2.045307755E-1,1.640507281E-1
1.391126016E2,-2.897519469E-1,5.640575290E-1,9.108011425E-2
1.391325293E2,-2.641855776E-1,7.643272281E-1,1.832254827E-1
1.391524569E2,-1.720402092E-1,9.273127317E-1,2.407497615E-1
1.391723541E2,-1.837581247E-1,8.032094240E-1,5.805691332E-2
1.391922817E2,-3.494067490E-1,3.036003746E-2,-1.203748807E-1
1.392122704E2,-3.259709179E-1,-5.251753926E-1,-2.364887148E-1
1.392321981E2,-1.992044598E-1,-1.004011750E0,-5.459480286E-1
1.392521868E2,-8.309062570E-2,-1.218129873E0,-1.007207513E0
1.392722366E2,1.065264456E-2,-1.198955178E0,-1.527056575E0
1.392922558E2,9.640643001E-2,-5.571333170E-1,-2.021872044E0
1.393122445E2,-1.272991002E-1,2.519350350E-1,-2.427737713E0
1.393322332E2,-7.829693556E-1,6.002765298E-1,-2.737196922E0
1.393521608E2,-1.284176350E0,4.862932265E-1,-2.950782537E0
1.393721496E2,-9.438242912E-1,7.419567108E-1,-3.056776285E0
1.393921383E2,8.277105093E-1,1.805623293E0,-3.155845881E0
1.394121270E2,1.236239433E0,2.973153114E0,-3.299656630E0
1.394321157E2,-2.567287385E-1,2.375539780E0,-3.308711290E0
1.394521349E2,-1.416801661E-1,-7.520766854E-1,-2.990730047E0
1.394720931E2,1.587243974E-1,-2.454901934E0,-2.576874733E0
1.394921123E2,-2.514024079E-1,-3.605920076E-1,-2.363821745E0
1.395121315E2,-2.354234457E-1,1.671399951E0,-2.411226034E0
1.395320592E2,8.415589482E-2,1.438107014E0,-2.333994389E0
1.395520174E2,0.000000000E0,8.751147389E-1,-1.919606566E0
1.395719145E2,-1.017327532E-1,9.587380290E-2,-1.272458434E0
1.395918727E2,7.989482954E-3,-7.360977530E-1,-6.551376581E-1
1.396117698E2,1.411475390E-1,-1.237304688E0,-1.283643693E-1
1.396316670E2,1.454086006E-1,-9.438242912E-1,3.238403797E-1
1.396516252E2,-5.858954508E-3,-1.709749401E-1,6.247776151E-1
1.396715834E2,-1.059938148E-1,3.520699143E-1,9.187905788E-1
1.396916026E2,7.936219871E-2,1.853560209E-1,1.318797350E0
1.397116218E2,2.008023560E-1,2.173139453E-1,1.801362157E0
1.397316715E2,-7.456851192E-3,6.641923785E-1,2.232261658E0
1.397517213E2,3.824299276E-1,4.287689328E-1,2.434661865E0
1.397717710E2,7.957525253E-1,1.661812514E-1,2.545982122E0
1.397918513E2,-4.420847595E-1,2.084722519E0,2.275937557E0
1.398119010E2,-7.339671850E-1,3.263970375E0,1.696966290E0
1.398319202E2,5.219795927E-2,2.901780367E0,1.734250546E0
1.398519089E2,-2.109223604E-1,1.421595454E0,1.767273784E0
1.398718671E2,-7.824367285E-1,-5.091964006E-1,1.463140726E0
1.398917643E2,-1.033306479E0,-2.245577574E0,1.058872819E0
1.399116614E2,-1.094026566E0,-2.890595198E0,7.755125165E-1
1.399316196E2,-1.034904361E0,-2.122006893E0,7.835019827E-1
1.399515168E2,-9.944243431E-1,-1.021055937E0,1.009870648E0
1.399714139E2,-7.952198982E-1,-6.338323653E-2,1.268729925E0
1.399913111E2,-2.258360684E-1,8.309062719E-1,1.258077264E0
1.400112082E2,3.222424984E-1,1.368332148E0,1.228249907E0
1.400312274E2,5.134574771E-1,1.288969994E0,1.308144808E0
1.400512161E2,4.783037305E-1,8.026767969E-1,1.347559571E0
1.400712048E2,3.973436356E-1,1.629854590E-1,1.239435196E0
1.400912546E2,4.330300093E-1,8.543421030E-1,9.353021979E-1
1.401112433E2,1.097222418E-1,4.540689945E0,5.901564956E-1
1.401312625E2,-5.352953672E-1,3.325755596E0,4.687163532E-1
1.401512817E2,-6.087986231E-1,1.827993751E0,3.755057156E-1
1.401713315E2,-1.853560209E-1,1.116929770E0,2.988066673E-1
1.401912896E2,-2.865561247E-1,-3.909520507E-1,2.242381722E-1
1.402112173E2,-3.510046303E-1,-1.425856471E0,8.255799860E-2
1.402311450E2,-2.748382390E-1,-1.202150941E0,2.343581803E-2
1.402510726E2,-8.575379103E-2,-1.097222418E-1,-1.597896684E-3
1.402710308E2,-9.480853379E-2,1.080710769E0,1.645833552E-1
1.402909280E2,-5.704491138E-1,1.846635938E0,3.462109566E-1
1.403108862E2,-9.571400881E-1,1.635180950E0,4.202468395E-1
1.403307833E2,-7.483482957E-1,9.864348769E-1,5.496764779E-1
1.403508025E2,-3.259709179E-1,-4.154531285E-2,8.223841786E-1
1.403708218E2,-3.211772442E-1,-8.836368918E-1,9.177253246E-1
1.403908715E2,-4.788363874E-1,-4.032025933E-1,8.729842305E-1
1.404108602E2,-5.880259871E-1,6.194512844E-1,7.840346098E-1
1.404307574E2,-6.514092088E-1,1.274056315E0,5.257080197E-1
1.404507155E2,-7.403587699E-1,1.047154903E0,3.808320463E-1
1.404706432E2,-7.712514400E-1,2.279665917E-1,8.271778226E-1
1.404905709E2,-7.025418878E-1,-3.797667921E-1,1.099885583E0
1.405104680E2,-6.498113275E-1,-5.102616549E-1,1.116929770E0
1.405303652E2,-4.735100567E-1,-2.295644879E-1,8.580704927E-1
1.405503539E2,-2.242381722E-1,1.134506613E-1,2.183792144E-1
1.405703121E2,3.941478580E-2,4.085289240E-1,-4.628573954E-1
1.405902397E2,2.077265680E-1,2.338255495E-1,-8.889631629E-1
1.406102590E2,2.221076339E-1,-3.275688291E-1,-1.055677056E0
1.406302782E2,2.370213419E-1,-6.791061163E-1,-1.326786876E0
1.406501753E2,5.379585624E-1,-5.273059011E-2,-1.709749460E0
1.406701640E2,9.784454107E-1,1.798166394E0,-2.052232027E0
1.406900917E2,-3.440804183E-1,3.918575287E0,-2.041046619E0
1.407099583E2,-4.522047639E-1,2.304699659E0,-2.013882399E0
1.407298555E2,1.773665249E-1,3.414172530E-1,-1.962217093E0
1.407497526E2,2.924150825E-1,-5.097290277E-1,-1.898301244E0
1.407696498E2,-3.036003746E-2,-3.153182864E-1,-1.766208410E0
1.407895164E2,-3.888215125E-1,4.511395097E-1,-1.559014559E0
1.408094136E2,-4.884237647E-1,8.372978568E-1,-1.402420640E0
1.408292802E2,-4.111920893E-1,6.215817928E-1,-1.233576298E0
1.408492079E2,-5.699164793E-2,6.077333689E-1,-1.155811906E0
1.408691050E2,3.563309610E-1,1.442368031E0,-1.135571957E0
1.408890022E2,2.806971967E-1,1.397094369E0,-1.259675264E0
1.409088993E2,1.704423130E-1,4.676510990E-1,-1.214401484E0
1.409287965E2,2.093244642E-1,-9.054748341E-3,-1.105211854E0
1.409486936E2,3.174487948E-1,3.941478580E-2,-9.422264099E-1
1.409685603E2,4.122573435E-1,4.442152679E-1,-6.609966159E-1
1.409884574E2,5.629922748E-1,9.496832490E-1,-2.769687474E-1
1.410083546E2,6.913566589E-1,1.265534163E0,1.155811921E-1
1.410282517E2,6.828345060E-1,1.306014180E0,4.655205607E-1
1.410481184E2,6.641923785E-1,1.087635040E0,8.111988902E-1
1.410680155E2,7.089334726E-1,7.222493291E-1,1.132908702E0
1.410879127E2,7.664577961E-1,4.575310946E-1,1.456749201E0
1.411077793E2,8.032094240E-1,2.466087192E-1,1.831722260E0
1.411276764E2,9.182579517E-1,-1.027980223E-1,2.278068066E0
1.411475736E2,9.118663669E-1,-8.287757635E-1,2.642921209E0
1.411674402E2,6.247776151E-1,-1.533448219E0,2.846386671E0
1.411873374E2,4.506068528E-1,-1.975000262E0,2.751578093E0
1.412072345E2,6.652576327E-1,-2.622148514E0,2.319613457E0
1.412271317E2,1.194161415E0,-2.998186827E0,1.825863242E0
1.412470288E2,1.692705274E0,-3.151052237E0,1.492435455E0
1.412669260E2,1.899366498E0,-2.520415783E0,8.921589851E-1
1.412868231E2,1.005609632E0,-9.065400362E-1,-2.173139453E-1
1.413067203E2,-1.114266634E0,1.948901296E0,-1.478587031E0
1.413266174E2,-3.586212873E0,1.391235352E0,-3.116431236E0
1.413465451E2,-3.134540558E0,7.519701958E0,-4.360660076E0
1.413665338E2,-1.674595714E0,7.771104336E0,-4.514590740E0
1.413865530E2,3.621899188E-1,3.895672083E0,-3.927097321E0
1.414065417E2,1.154214025E0,2.327602804E-1,-2.041046619E0
1.414264694E2,7.217166424E-1,-2.050101519E0,6.391586363E-2
1.414464276E2,1.491370238E-2,-1.924932837E0,1.339570045E0
1.414663247E2,-4.506068528E-1,-9.363674521E-1,1.368864775E0
1.414862524E2,-7.062703371E-1,-3.542004228E-1,7.792409658E-1
1.415061496E2,-4.117247164E-1,1.363538504E-1,3.531351686E-1
1.415260467E2,1.629854590E-1,3.989415467E-1,4.239752591E-1
1.415460354E2,8.463526368E-1,-2.551308274E-1,1.058872819E0
1.415660241E2,1.963814974E0,-2.004295111E0,1.425323844E0
1.415860128E2,1.077515006E0,-4.270112514E0,9.299758673E-1
1.416059710E2,-2.956108749E-1,-3.976099491E0,5.821670294E-1
1.416258987E2,-6.050702333E-1,-2.199771106E-1,1.074319243E0
1.416457958E2,-9.752495885E-1,1.718804240E0,1.453553319E0
1.416657235E2,-1.427986979E0,1.552090287E0,1.089765549E0
1.416856817E2,-1.417866945E0,8.394283652E-1,6.908239722E-1
1.417055788E2,-8.245146871E-1,5.379585549E-2,5.587311983E-1
1.417255675E2,-1.704423130E-2,-6.434197426E-1,6.247776151E-1
1.417454647E2,7.163903713E-1,-7.052050829E-1,6.865629554E-1
1.417653924E2,1.254881501E0,3.520699143E-1,6.482134461E-1
1.417853200E2,1.206411958E0,1.441835403E0,2.647182047E-1
1.418052172E2,6.135923266E-1,1.784317970E0,-2.727077007E-1
1.418250838E2,-1.794970632E-1,1.794970632E0,-6.098638773E-1
1.418450115E2,-7.376956344E-1,2.011219263E0,-7.504788041E-1
1.418648781E2,-9.177253246E-1,2.421878815E0,-8.756473660E-1
1.418848058E2,-8.271778226E-1,2.934803486E0,-9.353021979E-1
1.419047640E2,-6.370281577E-1,3.216033459E0,-7.712514400E-1
1.419246916E2,-4.287689328E-1,3.143062830E0,-4.404868484E-1
1.419447109E2,-2.103897333E-1,2.591255903E0,-1.858886480E-1
1.419646080E2,-3.302319720E-2,1.669269443E0,2.103897333E-1
1.419845357E2,1.384843793E-2,7.222493291E-1,5.374259353E-1
1.420044939E2,-9.587380290E-2,-1.331580617E-2,7.243798375E-1
1.420244215E2,-1.981391907E-1,-1.581917703E-1,9.310411215E-1
1.420444102E2,-1.976065636E-1,1.986718178E-1,1.064199209E0
1.420644905E2,-2.684466541E-1,3.291667104E-1,9.400959015E-1
1.420844792E2,-3.440804183E-1,9.853696078E-2,5.219795704E-1
1.421044679E2,-3.941478431E-1,-1.230380461E-1,-1.022653878E-1
1.421243956E2,-5.198490620E-1,-5.752427876E-2,-8.617989421E-1
1.421443232E2,-7.323693037E-1,8.586031795E-1,-1.830657005E0
1.421642204E2,-1.189367771E0,3.830158234E0,-2.542786360E0
1.421841481E2,-2.809634924E0,6.699980736E0,-3.266633511E0
1.422041368E2,-3.847202539E0,7.252320290E0,-4.247742176E0
1.422240339E2,-2.287655354E0,6.462959290E0,-4.682369709E0
1.422439311E2,-1.664475679E0,4.081560612E0,-4.528439045E0
1.422638892E2,-1.722000003E0,2.003762484E0,-3.996339560E0
1.422838169E2,-1.910551786E0,1.706553698E0,-3.115365982E0
1.423037141E2,-1.848233819E0,2.380333424E0,-2.092711926E0
1.423237028E2,-1.571265101E0,2.394181967E0,-1.033839107E0
1.423436304E2,-1.030110717E0,1.166464567E0,-2.663161159E-1
1.423635581E2,-6.098638773E-1,-1.187769845E-1,1.731054783E-1
1.423834553E2,-6.066681147E-1,-3.030677438E-1,2.146507949E-1
1.424034134E2,-6.934871674E-1,1.533980817E-1,9.853696078E-2
1.424233106E2,-6.519418359E-1,3.824299276E-1,1.193096191E-1
1.424432077E2,-3.531351686E-1,6.332997084E-1,3.046656251E-1
1.424631659E2,-1.912149638E-1,9.869675040E-1,4.559331834E-1
1.424831241E2,-1.235706806E-1,1.210140467E0,6.503439546E-1
1.425030518E2,3.834952042E-2,1.314003706E0,9.614011645E-1
1.425229489E2,2.668487430E-1,1.312938452E0,1.385909081E0
1.425428461E2,5.661880374E-1,1.213336229E0,1.898833871E0
1.425627738E2,1.011468649E0,1.305481553E0,2.474609375E0
1.425827930E2,1.380050063E0,1.537176609E0,2.835733891E0
1.426027206E2,1.250620484E0,1.156877160E0,3.025351048E0
1.426226483E2,7.680556774E-1,2.892192900E-1,3.335875750E0
1.426426065E2,5.352953672E-1,2.812298238E-1,3.572896957E0
1.426625342E2,3.355582952E-1,2.029328793E-1,3.538808584E0
1.426824618E2,1.826928556E-1,-1.159540415E0,3.073287964E0
1.427024200E2,6.657902598E-1,-9.512811303E-1,1.659682035E0
1.427223782E2,7.882956862E-1,2.047438383E0,-7.850999236E-1
1.427423669E2,-5.161206126E-1,2.557167292E0,-2.713761091E0
1.427623251E2,-1.307612062E0,1.961684465E0,-3.130279541E0
1.427822833E2,-7.036072016E-1,1.251685768E-1,-3.333745003E0
1.428022109E2,1.294296384E-1,-2.210956335E0,-3.247991323E0
1.428221691E2,1.603222936E-1,-3.603789568E0,-2.573146343E0
1.428420968E2,2.524676621E-1,-3.322027206E0,-1.770469546E0
1.428619940E2,6.759102941E-1,-2.201369047E0,-8.197209835E-1
1.428819216E2,1.114266634E0,-1.107342362E0,2.530003190E-1
1.429017883E2,9.896306992E-1,8.303736448E-1,6.961503029E-1
1.429216854E2,2.652508616E-1,2.108690977E0,4.378236830E-1
1.429415826E2,-5.352953672E-1,2.083657265E0,-4.964132309E-1
1.429614492E2,-6.077333689E-1,1.184574127E0,-5.933523178E-1
1.429813463E2,-6.210491657E-1,4.532700181E-1,-9.054748341E-3
1.430012435E2,-3.030677438E-1,-1.928128600E-1,5.795038939E-1
1.430211712E2,9.092032313E-1,-2.886866629E-1,1.421062827E0
1.430410988E2,5.976133347E-1,-4.852279723E-1,1.774730563E0
1.430609960E2,2.130528912E-3,-9.624664187E-1,1.527589202E0
1.430808931E2,-2.748382390E-1,-1.217064619E0,1.284708977E0
1.431007903E2,-1.826928556E-1,-4.356931746E-1,9.486179948E-1
1.431206874E2,-1.065264456E-2,8.436894417E-1,4.836300611E-1
1.431405846E2,1.981391907E-1,2.061819315E0,9.054748341E-3
1.431604817E2,3.206445873E-1,3.063168049E0,-2.258360684E-1
1.431804094E2,1.171790902E-2,3.992611170E0,-3.147856593E-1
1.432003371E2,-9.555422068E-1,3.108441591E0,-3.701793849E-1
1.432202647E2,-9.624664187E-1,1.322525859E0,-2.918824553E-1
1.432401619E2,-8.788431436E-2,1.134506613E-1,-8.309062570E-2
1.432601201E2,3.648530841E-1,-3.078614175E-1,9.640643001E-2
1.432801088E2,9.267801046E-2,4.846953228E-2,1.150485575E-1
1.433000670E2,-3.659183383E-1,6.317018270E-1,2.876213938E-2
1.433200557E2,-4.596616030E-1,9.816411734E-1,-3.941478580E-2
1.433400139E2,-3.557983339E-1,9.491506219E-1,0.000000000E0
1.433599110E2,-2.838929892E-1,7.749798894E-1,7.776430249E-2
1.433798082E2,-2.386192381E-1,6.546050310E-1,1.640507281E-1
1.433997664E2,-2.316950262E-1,5.688512325E-1,1.672465205E-1
1.434197551E2,-2.530003190E-1,5.981460214E-1,9.640643001E-2
1.434397743E2,-2.743056118E-1,7.382282615E-1,1.917476021E-2
1.434597630E2,-2.604571581E-1,8.990831971E-1,-3.728425596E-3
1.434797517E2,-2.332929224E-1,9.544769526E-1,6.498113275E-2
1.434996488E2,-2.508697808E-1,8.527442217E-1,1.432780623E-1
1.435196070E2,-2.450108230E-1,7.147924304E-1,2.018676102E-1
1.435395347E2,-2.157160491E-1,6.119944453E-1,2.508697808E-1
1.435594318E2,-2.476739883E-1,5.544701219E-1,2.615224123E-1
1.435793290E2,-2.950782478E-1,4.687163532E-1,2.924150825E-1
1.435992567E2,-3.089267015E-1,2.775014043E-1,3.057309091E-1
1.436191538E2,-3.494067490E-1,3.355583176E-2,2.226402760E-1
1.436391120E2,-4.410194755E-1,-1.395496428E-1,-9.587380290E-2
1.436590397E2,-4.868258536E-1,-2.002697140E-1,-5.507417321E-1
1.436789368E2,-5.320996046E-1,-6.018744037E-2,-8.958874345E-1
1.436988645E2,-6.657902598E-1,2.306297570E-1,-1.190965652E0
1.437187922E2,-9.544769526E-1,5.534048676E-1,-1.483913422E0
1.437387503E2,-1.237837315E0,8.570052385E-1,-1.760349512E0
1.437587390E2,-1.300155282E0,1.262871027E0,-1.777393699E0
1.437787583E2,-1.195759296E0,1.839179039E0,-1.567003965E0
1.437986859E2,-9.395632744E-1,1.668736815E0,-1.608016729E0
1.438186136E2,-5.805691481E-1,1.032773852E0,-1.788578987E0
1.438385413E2,-9.693906456E-2,2.881540358E-1,-1.889246464E0
1.438585910E2,2.039981484E-1,-1.150485575E-1,-1.976065516E0
1.438785797E2,3.675162420E-2,1.291100502E0,-2.124137402E0
1.438985074E2,-7.685883045E-1,3.451456785E0,-2.486327171E0
1.439184350E2,-4.346278906E-1,3.632019281E0,-2.700978041E0
1.439383932E2,3.627225459E-1,1.474326015E0,-2.698847532E0
1.439584124E2,-2.077265643E-2,-9.550095797E-1,-2.617354870E0
1.439784622E2,-1.107875034E-1,-1.622930408E0,-2.318548203E0
1.439984814E2,2.822950855E-2,-1.409877539E0,-2.201901674E0
1.440185006E2,1.597896591E-2,-7.856325507E-1,-2.247708082E0
1.440385809E2,-2.093244642E-1,9.054748341E-3,-2.208293200E0
1.440586306E2,-2.934803665E-1,3.637878001E-1,-2.060754061E0
1.440786498E2,5.539375171E-2,1.027980223E-1,-1.856755972E0
1.440987301E2,3.440804183E-1,-4.149205089E-1,-1.302285790E0
1.441187493E2,4.122573435E-1,-5.486112237E-1,-6.018744111E-1
1.441387685E2,3.669835925E-1,-2.274339646E-1,-3.078614175E-1
1.441587572E2,4.745753109E-1,1.800296903E-1,-2.412824035E-1
1.441787154E2,6.860303283E-1,4.474110603E-1,2.609897964E-2
1.441986736E2,7.254450917E-1,5.523396134E-1,3.126551211E-1
1.442186623E2,6.460828781E-1,3.547330499E-1,4.601942301E-1
1.442387426E2,6.684534550E-1,1.933455020E-1,6.700513363E-1
1.442587313E2,7.680556774E-1,-1.294296384E-1,8.937568665E-1
1.442786589E2,7.845672965E-1,-4.005394280E-1,1.073786616E0
1.442987087E2,7.105314136E-1,-4.186489284E-1,1.270327806E0
1.443186974E2,5.933523178E-1,-3.898867965E-1,1.405616403E0
1.443386250E2,1.512675583E-1,-4.271710515E-1,1.647431493E0
1.443585527E2,-1.597896591E-2,-6.157228351E-1,1.647431493E0
1.443785414E2,5.406216979E-1,1.315601617E-1,1.146224499E0
1.443985301E2,5.491438508E-1,7.946872711E-1,8.527442217E-1
1.444184578E2,4.048004746E-2,1.201085687E0,1.326254249E0
1.444384160E2,3.808320463E-1,9.369000793E-1,1.658084154E0
1.444583436E2,2.780340314E-1,-1.294296384E-1,1.620267272E0
1.444783018E2,-3.355582952E-1,-1.023186564E0,1.436509132E0
1.444982295E2,-7.616640925E-1,-1.294296265E0,1.282578349E0
1.445181572E2,-4.229099751E-1,-8.154599667E-1,1.196292043E0
1.445380848E2,-5.326322280E-3,-3.339604139E-1,1.366734266E0
1.445579820E2,1.443433315E-1,-3.137203753E-1,1.511610270E0
1.445779402E2,3.403519988E-1,-5.251753926E-1,1.560079813E0
1.445979289E2,5.065332651E-1,-9.608685374E-1,1.482848167E0
1.446178565E2,6.263754964E-1,-1.508947134E0,1.359810114E0
1.446377232E2,7.765777707E-1,-1.830657005E0,1.331047893E0
1.446577119E2,8.484831452E-1,-1.766741157E0,1.447161794E0
1.446776701E2,6.838997602E-1,-9.853696227E-1,1.576058745E0
1.446976893E2,2.215750068E-1,7.344998717E-1,1.472195506E0
1.447176169E2,-2.822950855E-2,1.275654197E0,1.237304688E0
1.447375446E2,3.302319720E-2,1.020523310E0,1.007740140E0
1.447574723E2,2.322276533E-1,4.522047639E-1,6.817692518E-1
1.447774305E2,3.653857112E-1,-2.322276533E-1,1.965412945E-1
1.447973581E2,3.579288721E-1,-7.302387953E-1,-1.278317273E-1
1.448172553E2,2.418150306E-1,-7.563377619E-1,-1.874865443E-1
1.448371524E2,1.699096859E-1,-2.647182047E-1,5.912217870E-2
1.448570801E2,9.374327213E-2,3.808320463E-1,4.362258017E-1
1.448770078E2,-3.408846259E-2,7.664577961E-1,4.713795185E-1
1.448969049E2,-9.853696078E-2,8.985505700E-1,2.428802997E-1
1.449168326E2,5.326322280E-4,1.052481294E0,1.107875034E-1
1.449368213E2,1.390170157E-1,1.210673094E0,2.247707993E-1
1.449568100E2,-3.888215125E-2,1.267132044E0,4.607268870E-1
1.449767682E2,-2.993393242E-1,8.511462808E-1,6.530070901E-1
1.449966959E2,-2.311623842E-1,3.946804702E-1,8.687231541E-1
1.450166846E2,-1.331580617E-2,3.547330499E-1,1.031175971E0
1.450367038E2,1.145159304E-1,2.498045117E-1,1.056209683E0
1.450566620E2,1.523328125E-1,6.657902896E-2,9.614011645E-1
1.450766202E2,1.438107044E-1,9.853696078E-2,7.978830934E-1
1.450966394E2,9.054747969E-2,7.989482954E-3,5.693838596E-1
1.451166281E2,-4.580637068E-2,-1.693770438E-1,3.685815036E-1
1.451366778E2,-1.821602285E-1,-1.928128600E-1,2.902845740E-1
1.451567275E2,-1.848233789E-1,-1.384843793E-2,7.456851006E-2
1.451767773E2,-1.241033077E-1,4.346278906E-1,-5.699164867E-1
1.451967965E2,-6.977482438E-1,8.074704409E-1,-8.287757635E-1
1.452167547E2,-1.168595076E0,8.490157723E-1,-1.004544377E0
1.452367434E2,-1.174986720E0,3.723099232E-1,-1.072188616E0
1.452567321E2,-9.278453588E-1,-5.629922748E-1,-1.239435196E0
1.452766598E2,-5.480785370E-1,-1.577656627E0,-1.539307117E0
1.452965569E2,-4.207794741E-2,-2.793123484E0,-1.921204448E0
1.453164541E2,1.555286050E-1,-2.470348358E0,-2.120941639E0
1.453364428E2,-2.125202566E-1,-3.712446690E-1,-2.345712423E0
1.453563399E2,-8.500810266E-1,1.534513474E0,-2.653041124E0
1.453762066E2,-1.015729666E0,1.939846516E0,-2.876746655E0
1.453961342E2,-6.775081754E-1,1.819471717E0,-3.021622658E0
1.454160009E2,1.858886480E-1,2.255697489E0,-2.809102297E0
1.454359285E2,4.223773479E-1,3.893541574E0,-2.513491392E0
1.454558257E2,1.043959185E-1,8.777779341E-1,-2.569417953E0
1.454757839E2,9.587380290E-2,-2.299906015E0,-2.552906275E0
1.454957726E2,-2.647182047E-1,-1.778458953E0,-2.448510408E0
1.455157308E2,-1.331580579E-1,2.013349831E-1,-2.280198574E0
1.455356584E2,1.970739216E-1,8.953547478E-1,-2.029328823E0
1.455555861E2,1.336906850E-1,9.342369437E-1,-1.561677694E0
1.455755443E2,2.253034264E-1,2.199771106E-1,-9.608685374E-1
1.455954414E2,3.792341352E-1,-5.842975378E-1,-6.167881489E-1
1.456153386E2,3.765709996E-1,-8.586031795E-1,-2.098570913E-1
1.456352662E2,4.074636400E-1,-5.693838596E-1,3.462109342E-2
1.456552855E2,4.282363057E-1,-2.418150306E-1,2.913498282E-1
1.456751826E2,3.962783813E-1,-8.788431436E-2,7.046724558E-1
1.456951103E2,3.941478431E-1,2.396845073E-1,1.061536074E0
1.457150685E2,4.431500137E-1,-1.597896684E-3,1.488707066E0
1.457350877E2,4.042678475E-1,-8.341020942E-1,1.769404292E0
1.457550154E2,-1.438106969E-2,-2.434129268E-1,1.837581158E0
1.457750346E2,2.913498282E-1,1.064199209E0,2.132659435E0
1.457950538E2,1.101483464E0,-3.834952042E-2,2.279133320E0
1.458150730E2,6.604639441E-2,1.357146859E0,1.548361897E0
1.458351228E2,2.716424465E-1,9.001484513E-1,1.151018262E0
1.458551420E2,1.661812514E-1,-9.693906456E-2,1.373658538E0
1.458751307E2,-2.173139453E-1,-1.016794920E0,1.636246204E0
1.458951194E2,-4.942827225E-1,-1.644235730E0,1.420530200E0
1.459151081E2,-4.793690145E-1,-1.784317970E0,1.141430855E0
1.459350663E2,-2.902845740E-1,-1.326786876E0,1.231445670E0
1.459549939E2,-2.290318534E-2,-9.422264099E-1,1.432248116E0
1.459749521E2,2.684466541E-1,-1.020523310E0,1.519599795E0
1.459949408E2,5.123922229E-1,-1.300687909E0,1.521197677E0
1.460149295E2,6.434197426E-1,-1.353418469E0,1.499892354E0
1.460349488E2,6.258428693E-1,-1.136637211E0,1.385909081E0
1.460549985E2,4.287689328E-1,-8.516789079E-1,1.239967823E0
1.460749872E2,1.704423130E-1,-6.764429212E-1,1.111603498E0
1.460950369E2,9.054748341E-3,-5.704491138E-1,1.049285531E0
1.461151172E2,3.355583176E-2,-4.538026452E-1,1.007207513E0
1.461351364E2,2.343581766E-1,-2.593919039E-1,8.250473142E-1
1.461551861E2,4.458131790E-1,-1.901497096E-1,5.225121975E-1
1.461751748E2,5.214469433E-1,-2.966761589E-1,2.668487430E-1
1.461950720E2,4.761732221E-1,-3.201119602E-1,1.214401498E-1
1.462150302E2,3.829625845E-1,-7.829693705E-2,8.788431436E-2
1.462350799E2,2.748382390E-1,2.471413612E-1,2.077265680E-1
1.462550991E2,1.672465205E-1,3.802994192E-1,3.046656251E-1
1.462750878E2,1.747033745E-1,3.920173049E-1,2.689792812E-1
1.462950460E2,2.748382390E-1,5.645901561E-1,2.657834888E-1
1.463150347E2,1.683117896E-1,5.443501472E-1,3.616572917E-1
1.463350539E2,6.391586363E-2,7.030745596E-2,4.479437172E-1
1.463551342E2,1.613875628E-1,-3.648530841E-1,5.864281058E-1
1.463751839E2,2.519350350E-1,-5.645901561E-1,7.829693556E-1
1.463951726E2,2.114549875E-1,-5.699164867E-1,8.655273914E-1
1.464151919E2,6.391586363E-2,-2.833603323E-1,7.824367285E-1
1.464352416E2,-2.093244642E-1,4.479437172E-1,5.741775632E-1
1.464552913E2,-3.195793331E-1,1.018925428E0,3.552657068E-1
1.464752800E2,-3.041329980E-1,1.075917125E0,2.993393242E-1
1.464952687E2,-2.535329461E-1,5.608617067E-1,3.898867965E-1
1.465151964E2,-1.960086524E-1,-9.427590668E-2,6.072007418E-1
1.465351546E2,-1.363538504E-1,-8.554073572E-1,8.804410696E-1
1.465550823E2,2.876213938E-2,-1.555818796E0,1.029045463E0
1.465750099E2,3.739078343E-1,-1.151550889E0,9.347695708E-1
1.465950292E2,1.571265012E-1,2.194444835E-1,2.588592768E-1
1.466149873E2,-8.799084425E-1,6.450176239E-1,-7.595335841E-1
1.466349455E2,-1.049285531E0,5.028048158E-1,-1.408279657E0
1.466549037E2,-6.072007418E-1,-1.075917110E-1,-1.724130511E0
1.466748009E2,-1.304948926E-1,-5.571333170E-1,-1.984587669E0
1.466946980E2,1.187769845E-1,-3.526025414E-1,-2.382996559E0
1.467146257E2,-9.747169912E-2,-8.255799860E-2,-2.651975870E0
1.467345839E2,-7.030745149E-1,-1.400822699E-1,-2.724946499E0
1.467545726E2,-1.080178142E0,-3.131877482E-1,-2.671683311E0
1.467745308E2,-8.740494847E-1,-6.689860821E-1,-2.700978041E0
1.467944889E2,-3.302319720E-2,-8.016114831E-1,-2.877279282E0
1.468144471E2,6.812366247E-1,-2.332929224E-1,-2.691923380E0
1.468343748E2,5.992112756E-1,1.563275576E0,-2.385127068E0
1.468544245E2,1.917476021E-2,2.376605034E0,-2.539057732E0
1.468744743E2,4.191815555E-1,1.203748807E-1,-2.553438902E0
1.468944935E2,4.554005563E-1,-1.992577195E0,-2.483131409E0
1.469145737E2,-1.544633508E-2,-7.052050829E-1,-2.467685223E0
1.469345930E2,3.296993375E-1,1.079112887E0,-2.334527016E0
1.469546122E2,6.886934638E-1,1.026382327E0,-2.070341587E0
1.469745704E2,8.298410177E-1,-1.049285457E-1,-1.233043551E0
1.469945591E2,9.331716895E-1,-9.022790194E-1,-5.816344023E-1
1.470145478E2,9.592706561E-1,-8.090683818E-1,9.800432622E-2
1.470344754E2,9.843043685E-1,-4.756405652E-1,5.198490620E-1
1.470544336E2,9.880327582E-1,-1.075917110E-1,8.074704409E-1
1.470743308E2,9.310411215E-1,2.130528912E-3,1.114266634E0
1.470942584E2,6.982808709E-1,-7.297061384E-2,1.475923896E0
1.471141556E2,4.186489284E-1,-7.382282615E-1,1.907888651E0
1.471341138E2,3.131877482E-1,-1.841309667E0,2.248773336E0
1.471540109E2,3.350256681E-1,-1.187237263E0,2.459695578E0
1.471738776E2,6.189186573E-1,-5.044026971E-1,2.627474785E0
1.471937747E2,6.146575809E-1,-9.193232059E-1,2.239718437E0
1.472136719E2,-1.816275865E-1,9.938917160E-1,1.344896317E0
1.472335690E2,1.986718178E-1,1.820004344E0,1.129180312E0
1.472534662E2,2.897519469E-1,1.678856730E0,1.265534163E0
1.472733633E2,7.084008306E-2,4.713795185E-1,1.700162053E0
1.472932910E2,-2.146507949E-1,-9.182579517E-1,1.833852768E0
1.473132187E2,-4.884237647E-1,-1.666073561E0,1.184574127E0
1.473331769E2,-4.825648069E-1,-1.858353853E0,9.486179948E-1
1.473531350E2,-3.451456726E-1,-1.742240071E0,1.255414128E0
1.473731848E2,1.810949668E-2,-1.482315540E0,1.454085946E0
1.473931735E2,5.044026971E-1,-1.464205980E0,1.530252337E0
1.474131622E2,9.054747820E-1,-1.594700933E0,1.526523948E0
1.474331814E2,1.068460226E0,-1.576058745E0,1.390170097E0
1.474531396E2,8.516789079E-1,-1.112136126E0,1.249555230E0
1.474731893E2,2.620550692E-1,-7.297061682E-1,1.055144429E0
1.474931475E2,-1.667138934E-1,-9.811085463E-1,8.474178910E-1
1.475130447E2,-2.258360684E-1,-1.010403395E0,7.611314654E-1
1.475329418E2,4.687163606E-2,-6.876282096E-1,6.721818447E-1
1.475529000E2,3.717772961E-1,-4.271710515E-1,4.990763962E-1
1.475727971E2,5.145227313E-1,-2.812298238E-1,3.265035450E-1
1.475927248E2,5.225121975E-1,5.486112088E-2,1.789644361E-1
1.476127135E2,5.028048158E-1,6.157228351E-1,1.310275346E-1
1.476327327E2,5.145227313E-1,1.086037159E0,1.976065636E-1
1.476527214E2,6.556702852E-1,1.432248116E0,3.051982522E-1
1.476727407E2,5.768406987E-1,1.858353853E0,4.330300093E-1
1.476926988E2,-3.557983339E-1,1.676726222E0,7.462177277E-1
1.477126265E2,1.033306494E-1,-1.661812514E-1,8.367652297E-1
1.477325237E2,7.147924304E-1,-1.560612440E0,1.043426514E0
1.477524819E2,7.360977530E-1,-1.665008307E0,1.003479123E0
1.477724706E2,3.302319944E-1,-1.263936281E0,9.560748339E-1
1.477924898E2,1.406149119E-1,-7.707188129E-1,1.108407617E0
1.478124174E2,9.001484513E-2,7.776430249E-2,8.293083906E-1
1.478323451E2,5.379585549E-2,5.001416802E-1,2.865561247E-1
1.478523033E2,2.024002373E-2,1.083373904E0,5.326322466E-2
1.478722615E2,5.326322280E-4,1.523328185E0,8.841694891E-2
1.478922197E2,-1.597896665E-1,1.434378624E0,8.149272949E-2
1.479121779E2,-3.696467578E-1,4.543353021E-1,1.715075821E-1
1.479320750E2,-3.462109566E-1,-1.117462397E0,6.151902080E-1
1.479520027E2,2.790992856E-1,-2.026665688E0,1.038632870E0
1.479718998E2,-3.728425503E-2,-1.522795558E0,4.340952635E-1
1.479918275E2,-9.001484513E-1,-4.170510471E-1,-7.520766854E-1
1.480117246E2,-1.031708598E0,1.012001261E-1,-1.351820588E0
1.480316218E2,-8.165252209E-1,-3.914846778E-1,-1.653823018E0
1.480515495E2,-6.641923785E-1,-9.384979606E-1,-1.894572854E0
1.480715687E2,-4.841626883E-1,-1.734783173E0,-2.192846775E0
1.480915269E2,-4.058657587E-1,-2.423476696E0,-2.457032442E0
1.481114240E2,-5.992112756E-1,-2.365419626E0,-2.718022346E0
1.481313212E2,-8.767126203E-1,-1.603755593E0,-2.963565826E0
1.481512488E2,-8.245146871E-1,-4.830974340E-1,-3.234675407E0
1.481712070E2,-2.743056118E-1,6.870955825E-1,-3.570233822E0
1.481911347E2,4.308994710E-1,1.497229218E0,-3.412574768E0
1.482110929E2,1.082841277E0,1.654355645E0,-3.030677319E0
1.482310206E2,1.276186824E0,1.786448479E0,-2.806971788E0
1.482509482E2,2.716424316E-2,2.838397026E0,-3.005110979E0
1.482708759E2,3.589941263E-1,6.380934119E-1,-2.989664793E0
1.482909256E2,5.720469952E-1,-1.470597625E0,-2.573678970E0
1.483109754E2,5.044026971E-1,-1.284708977E0,-2.228533268E0
1.483309946E2,4.426173866E-1,-1.869539171E-1,-1.742772698E0
1.483509528E2,4.468784332E-1,1.251685768E-1,-8.053399324E-1
1.483710025E2,6.396912932E-1,-1.539307088E-1,-2.024002522E-1
1.483910522E2,6.114618182E-1,-3.691141307E-1,2.476739883E-1
1.484111325E2,3.366235793E-1,-5.555354357E-1,7.584682703E-1
1.484312128E2,1.022653878E-1,-7.760451436E-1,1.190433025E0
1.484512930E2,6.178534031E-2,-8.708537221E-1,1.587244034E0
1.484713122E2,4.010720551E-1,-1.010936022E0,2.025600433E0
1.484912094E2,4.591289759E-1,-8.506136537E-1,2.425607204E0
1.485111981E2,2.679139972E-1,-1.384843793E-2,2.395247221E0
1.485311258E2,4.527373984E-2,1.617071390E0,2.623746395E0
1.485510839E2,1.363538504E-1,2.783003330E0,2.681270599E0
1.485709811E2,2.471413612E-1,3.759318352E0,1.931857109E0
1.485909393E2,4.101268053E-1,3.109506845E0,1.560612440E0
1.486108669E2,-1.555286050E-1,2.070341587E0,1.592037678E0
1.486307946E2,-6.029396653E-1,7.068029642E-1,1.247424722E0
1.486507833E2,-9.683253765E-1,-6.338323355E-1,5.992112756E-1
1.486707110E2,-1.138235092E0,-1.856755972E0,2.897519469E-1
1.486906386E2,-1.194694042E0,-2.243446827E0,3.632551730E-1
1.487105358E2,-1.120125532E0,-1.816275954E0,5.901564956E-1
1.487304330E2,-8.799084425E-1,-9.379653335E-1,7.994809747E-1
1.487503301E2,-3.957457542E-1,2.998719513E-1,8.617989421E-1
1.487702273E2,1.906823367E-1,1.868473887E0,8.649947643E-1
1.487900939E2,4.293015897E-1,2.630137920E0,9.709885716E-1
1.488099910E2,1.677791476E-1,2.189651012E0,9.358348250E-1
1.488298882E2,-1.672465205E-1,1.005609632E0,8.362326026E-1
1.488498464E2,-2.641855776E-1,1.241033077E-1,7.957525253E-1
1.488697740E2,-1.086569726E-1,6.338323653E-2,7.392935157E-1
1.488897017E2,1.656486243E-1,5.368933082E-1,7.238472104E-1
1.489095989E2,6.151902080E-1,1.629854560E0,7.595335841E-1
1.489295265E2,8.596684337E-1,3.210707188E0,8.916263580E-1
1.489494542E2,2.844256163E-1,4.035754204E0,8.495483994E-1
1.489693514E2,-6.530070901E-1,3.484480143E0,6.157228351E-1
1.489892790E2,-8.799084425E-1,2.410693407E0,2.295644879E-1
1.490092677E2,-7.073355913E-1,1.880191803E0,1.917476021E-2
1.490291954E2,-5.864281058E-1,1.402420640E0,1.992044598E-1
1.490490925E2,-4.303668439E-1,5.539374948E-1,4.633900523E-1
1.490689897E2,-1.816275865E-1,-2.418150306E-1,6.647250056E-1
1.490888868E2,4.207794741E-2,-7.776430249E-2,8.218515515E-1
1.491087840E2,-1.533980817E-1,1.675128341E0,7.478156686E-1
1.491286812E2,-6.274407506E-1,1.820004344E0,5.960154533E-1
1.491485783E2,-5.645901561E-1,1.514806032E0,5.992112756E-1
1.491684755E2,-2.263686955E-1,1.590972424E0,6.178534031E-1
1.491883726E2,-3.195793182E-2,1.089765549E0,7.510114312E-1
1.492082392E2,-1.118527651E-1,1.454086006E-1,1.092961311E0
1.492281974E2,-1.539307088E-1,1.363538504E-1,1.355016351E0
1.492480641E2,-1.938781291E-1,8.298410177E-1,1.251685739E0
1.492679612E2,-2.034655064E-1,1.140365601E0,7.717841268E-1
1.492878584E2,1.597896684E-3,1.085504532E0,2.620550692E-1
1.493077860E2,1.677791476E-1,1.171258211E0,-4.841626883E-1
1.493277747E2,4.522047639E-1,1.141963482E0,-1.185106754E0
1.493476719E2,7.483482957E-1,8.884305358E-1,-1.683650494E0
1.493676301E2,8.426241875E-1,4.713795185E-1,-2.217880487E0
1.493875272E2,4.277036786E-1,5.613943934E-1,-2.712695837E0
1.494074244E2,-3.408846259E-1,1.274056315E0,-3.212305069E0
1.494273520E2,-2.402171344E-1,1.964347601E0,-3.569168568E0
1.494472797E2,2.934803665E-1,2.438390255E0,-3.424825191E0
1.494672989E2,-2.354234457E-1,1.079112887E0,-3.026416302E0
1.494872876E2,-5.608617067E-1,3.462109566E-1,-2.995523691E0
1.495072458E2,-7.568703890E-1,8.282431364E-1,-2.959304571E0
1.495271735E2,-9.129316211E-1,1.603755593E0,-2.689792633E0
1.495470706E2,-1.126517177E0,2.673281193E0,-2.235457420E0
1.495669678E2,-1.253816247E0,2.779274940E0,-1.955825567E0
1.495868955E2,-1.021588564E0,1.672465205E0,-1.618136764E0
1.496068231E2,-6.226470470E-1,1.651159860E-2,-1.343298435E0
1.496267508E2,-7.552725077E-1,-9.225190282E-1,-1.474326015E0
1.496467700E2,-1.442368031E0,-9.374327213E-2,-1.779524326E0
1.496667587E2,-1.539839745E0,9.901633263E-1,-1.799764276E0
1.496866864E2,-1.402953267E0,1.380050063E0,-1.606951475E0
1.497065835E2,-1.300155282E0,1.805090666E0,-1.303351045E0
1.497265722E2,-1.324123740E0,2.323874474E0,-8.799084425E-1
1.497465304E2,-1.170192957E0,2.116147757E0,-5.001416802E-1
1.497664581E2,-8.692557812E-1,1.571797729E0,-4.740426689E-2
1.497864163E2,-6.918892860E-1,1.389104843E0,5.816344023E-1
1.498063440E2,-8.564726114E-1,1.533980846E0,1.397094369E0
1.498262716E2,-7.126619220E-1,1.365136385E0,2.089516163E0
1.498462603E2,-4.633900523E-2,4.671184719E-1,2.732935905E0
1.498662795E2,7.068029642E-1,-1.723597884E0,3.251719713E0
1.498862682E2,1.304948926E0,-3.451456785E0,3.152117491E0
1.499062264E2,1.622397780E0,-3.326288223E0,2.967294216E0
1.499261236E2,1.712412596E0,-1.159540415E0,3.108441591E0
1.499460207E2,1.537176609E0,2.569417953E0,2.665824413E0
1.499660705E2,2.205097377E-1,1.416269064E0,1.517469168E0
1.499859676E2,5.278385282E-1,8.399077415E0,-1.536111355E0
1.500058648E2,-4.442152679E-1,1.068300438E1,-3.626160145E0
1.500257619E2,1.242098331E0,2.198705912E0,-5.031243801E0
1.500456896E2,2.764361203E-1,-3.160106897E0,-4.606736183E0
1.500656478E2,-1.336374283E0,-4.924717426E0,-3.099386930E0
1.500856365E2,-2.339853287E0,-5.299158096E0,-1.744903207E0
1.501055642E2,-2.906574011E0,-4.187021732E0,-8.655273914E-1
1.501255529E2,-2.371278763E0,-6.013417840E-1,-3.962783813E-1
1.501455721E2,-3.797667921E-1,3.653856993E0,1.826928556E-1
1.501655303E2,1.180845618E0,5.880259991E0,9.246495366E-1
1.501855800E2,1.328917384E0,5.428587437E0,1.099885583E0
1.502055687E2,5.826996565E-1,3.662911892E0,1.055144429E0
1.502255574E2,-4.101268053E-1,1.726261020E0,9.960222840E-1
1.502455461E2,-1.219727755E0,-5.326322466E-2,1.089232922E0
1.502655348E2,-1.715075731E0,-1.439172268E0,1.859419107E0
1.502855845E2,-1.758219004E0,-2.327070236E0,2.971555233E0
1.503055732E2,-2.071939409E-1,-4.415521026E-1,4.068777561E0
1.503255925E2,8.793758154E-1,3.328951299E-1,3.824299335E0
1.503456117E2,7.930893898E-1,-1.945172906E0,2.858637094E0
1.503656004E2,6.657902598E-1,-3.851463556E0,1.658616781E0
1.503855586E2,7.057377100E-1,-4.418716908E0,8.042746782E-1
1.504055168E2,9.273127317E-1,-4.122573376E0,-4.016047120E-1
1.504254749E2,1.435976505E0,-2.066080332E0,-1.544100881E0
1.504454637E2,1.359810114E0,3.058906794E0,-1.583515644E0
1.504655134E2,2.689792812E-1,5.795571327E0,-9.768475294E-1
1.504854411E2,-7.898935676E-1,4.084223747E0,-9.491506219E-1
1.505053992E2,-2.009621382E0,2.345179796E0,-1.243163586E0
1.505253574E2,-2.625344276E0,3.005110979E0,-2.274339676E0
1.505452546E2,-2.483664036E0,4.331365108E0,-3.182477474E0
1.505652128E2,-2.022404671E0,4.565190792E0,-2.360625982E0
1.505852015E2,-1.421595454E0,3.949467897E0,-5.097290277E-1
1.506050986E2,-6.322344542E-1,2.874616146E0,7.190535069E-1
1.506251484E2,8.575379103E-2,1.405616403E0,9.182579517E-1
1.506451676E2,3.850930929E-1,-4.633900523E-1,9.012137055E-1
1.506651563E2,3.472762108E-1,-2.084722519E0,1.007207513E0
1.506851450E2,2.993393242E-1,-2.555569410E0,1.160073042E0
1.507051947E2,9.214537591E-2,-1.502022862E0,1.395496488E0
1.507251834E2,-5.166532397E-1,-7.728493810E-1,1.529719710E0
1.507452332E2,-9.416937828E-1,-1.386441708E0,1.176051974E0
1.507652829E2,-8.085356951E-1,-1.893507600E0,6.306365728E-1
1.507853326E2,-5.091964006E-1,-1.858886480E0,2.988066673E-1
1.508053824E2,-3.888215125E-1,-1.568069220E0,-2.396845073E-2
1.508254016E2,-4.335626364E-1,-7.723167539E-1,-3.424825370E-1
1.508454513E2,-5.347627401E-1,2.822950780E-1,-7.190535069E-1
1.508654095E2,-5.741775632E-1,1.208009839E0,-1.223456264E0
1.508853982E2,-6.498113275E-1,1.809884310E0,-1.905225515E0
1.509054174E2,-9.070726633E-1,2.073537350E0,-2.422944069E0
1.509254061E2,-1.355016351E0,1.834385395E0,-2.500708342E0
1.509453338E2,-1.636246204E0,1.623995662E0,-2.286057472E0
1.509652920E2,-1.051416039E0,2.653041124E0,-2.354234457E0
1.509853112E2,-1.816275865E-1,3.388606310E0,-2.207227945E0
1.510053609E2,3.371562064E-1,3.130279541E0,-1.603222966E0
1.510253802E2,7.217166424E-1,2.328135490E0,-1.033306479E0
1.510453384E2,1.124919295E0,1.531850338E0,-7.494135499E-1
1.510652355E2,1.408279657E0,1.415736437E0,-6.018744037E-2
1.510851937E2,1.261805773E0,2.124670029E0,6.934871674E-1
1.511051214E2,3.542004228E-1,1.766208410E0,8.372978568E-1
1.511250490E2,-5.273059011E-2,6.700513363E-1,1.025849700E0
1.511450072E2,-2.253034264E-1,3.105245829E-1,1.365136385E0
1.511650264E2,-3.126551211E-1,2.902845740E-1,1.792840123E0
1.511850151E2,-2.956108749E-1,2.146507949E-1,2.230131149E0
1.512049428E2,-3.275688291E-1,-1.519067168E0,2.555036783E0
1.512248705E2,3.515372798E-2,-4.156661987E0,2.773416042E0
1.512448287E2,1.241033077E0,-4.821386814E0,2.595516920E0
1.512647868E2,2.267947912E0,-4.632302284E0,2.122006893E0
1.512847755E2,2.760632753E0,-3.859985828E0,1.471130252E0
1.513047032E2,2.438390255E0,-2.006958246E0,9.699232578E-1
1.513247224E2,1.033306479E0,1.211738348E0,1.075917110E-1
1.513446806E2,-1.398692250E0,2.614158869E0,-9.187905788E-1
1.513646388E2,-3.482882023E0,3.470098972E0,-2.058090925E0
1.513845970E2,-3.989415407E0,2.451173544E0,-2.915096283E0
1.514046162E2,-2.669552803E0,2.909769773E0,-3.637345552E0
1.514246660E2,-1.571265101E0,2.284459591E0,-4.020840645E0
1.514447462E2,-5.736449361E-1,5.539374948E-1,-3.333745003E0
1.514648265E2,-3.185140789E-1,-5.917543769E-1,-1.539839745E0
1.514848457E2,-1.464738697E-1,-5.720469952E-1,3.355583176E-2
1.515048954E2,5.262406468E-1,9.821738005E-1,8.617989421E-1
1.515249146E2,1.160605669E0,2.542253733E0,1.100950837E0
1.515449339E2,1.158475041E0,2.890062571E0,8.319715261E-1
1.515649836E2,8.255799413E-1,2.168345690E0,4.420847595E-1
1.515849723E2,1.471130252E0,-1.316666842E0,9.187905788E-1
1.516050220E2,1.119592905E0,-4.924184799E0,1.118527651E0
1.516250413E2,5.683186054E-1,-4.942294598E0,1.070058107E0
1.516449689E2,3.067961633E-1,-3.853594065E0,8.942894936E-1
1.516649271E2,5.241101384E-1,8.484831452E-1,1.021055937E0
1.516848853E2,-1.624528319E-1,2.379268169E0,1.229315162E0
1.517049350E2,-1.114266634E0,1.861549616E0,1.281513095E0
1.517249542E2,-1.543035507E0,1.146224499E0,1.173921466E0
1.517450345E2,-1.341167927E0,8.096010089E-1,1.163268805E0
1.517650842E2,-6.940197945E-1,5.347627401E-1,1.300155282E0
1.517850119E2,4.048004746E-2,7.030745596E-2,1.463140726E0
1.518049396E2,5.731122494E-1,-5.081311464E-1,1.423193336E0
1.518248978E2,8.239820600E-1,-9.182579517E-1,1.188835144E0
1.518448559E2,9.070726633E-1,-6.870955825E-1,9.060074091E-1
1.518648141E2,8.964200616E-1,5.555354357E-1,6.231797338E-1
1.518847723E2,4.841626883E-1,1.767806411E0,2.700445354E-1
1.519047305E2,-1.459412277E-1,2.291916370E0,-1.097222418E-1
1.519246277E2,-5.816344023E-1,2.602973700E0,-3.542004228E-1
1.519445553E2,-8.127967715E-1,2.662628412E0,-3.520699143E-1
1.519645440E2,-9.614011645E-1,2.197108030E0,-1.411475390E-1
1.519845938E2,-9.651296139E-1,1.416801691E0,7.829693705E-2
1.520046130E2,-7.643272281E-1,6.274407506E-1,2.423476577E-1
1.520245407E2,-4.223773479E-1,1.805623323E-1,3.339604139E-1
1.520444988E2,-5.432848632E-2,2.924150825E-1,2.727077007E-1
1.520645181E2,1.794970632E-1,7.632619739E-1,1.134506613E-1
1.520844457E2,2.902845740E-1,1.194161415E0,-1.933455020E-1
1.521044039E2,4.884237647E-1,1.531317711E0,-6.876282096E-1
1.521243926E2,8.037420511E-1,2.155562639E0,-1.147289872E0
1.521443813E2,-1.965412945E-1,3.833354235E0,-1.234108925E0
1.521643395E2,-2.319080830E0,2.507099867E0,-1.228249907E0
1.521842672E2,-1.830657005E0,1.622930408E0,-1.441302776E0
1.522041948E2,-1.249555230E0,2.386192381E-1,-1.608016729E0
1.522240920E2,-9.065400362E-1,-2.231729031E-1,-1.869539142E0
1.522440197E2,-9.209211469E-1,5.688512325E-1,-2.213619471E0
1.522639168E2,-1.488707066E0,1.334776402E0,-2.619485378E0
1.522838140E2,-1.527589202E0,2.086853027E0,-2.939064741E0
1.523037111E2,-8.649947643E-1,2.663693666E0,-3.123888016E0
1.523235778E2,-1.235706806E-1,2.796319246E0,-2.677009583E0
1.523435054E2,-4.271710515E-1,1.773665309E0,-1.642637849E0
1.523634331E2,-5.097290277E-1,6.716492176E-1,-1.094026566E0
1.523834218E2,-4.261057824E-3,5.912217870E-2,-8.522115946E-1
1.524034410E2,2.380866110E-1,-3.137203753E-1,-8.309062719E-1
1.524234907E2,1.038632840E-1,-3.041329980E-1,-8.964200616E-1
1.524435405E2,-1.858886480E-1,3.307646215E-1,-8.580704927E-1
1.524635292E2,-2.972087860E-1,1.024251819E0,-7.126619220E-1
1.524834569E2,-2.972087860E-1,1.396029115E0,-6.418218613E-1
1.525034456E2,-3.131877482E-1,1.533448219E0,-6.002765298E-1
1.525234648E2,-2.439455539E-1,1.562742949E0,-4.745753109E-1
1.525434230E2,-1.278317273E-1,1.272991061E0,-1.651159972E-1
1.525634117E2,-4.953479767E-2,7.605988383E-1,2.561961114E-1
1.525833088E2,-3.195793182E-2,3.446130455E-1,6.961503029E-1
1.526032365E2,-1.491370238E-2,2.759034932E-1,1.047687650E0
1.526231642E2,-1.864212751E-2,2.663161159E-1,1.274056315E0
1.526431529E2,7.776430249E-2,2.279665917E-1,1.367799520E0
1.526630805E2,3.398193717E-1,3.893541694E-1,1.501490235E0
1.526830387E2,7.776430249E-1,6.178534031E-1,1.630387306E0
1.527030579E2,9.283779860E-1,2.982740477E-2,1.804025412E0
1.527230772E2,8.511462808E-1,-5.938849449E-1,2.237587929E0
1.527430353E2,1.092428684E0,7.142598033E-1,2.730805397E0
1.527629325E2,1.180845618E0,2.433063984E0,2.924683571E0
1.527828296E2,8.586031795E-1,2.320678711E0,2.405367136E0
1.528027268E2,5.848301649E-1,1.373125911E0,1.593103051E0
1.528226545E2,4.245078862E-1,7.835019827E-1,8.847021461E-1
1.528425516E2,1.613875628E-1,1.181910872E0,-4.639226794E-1
1.528624488E2,-5.645901561E-1,2.332929134E0,-1.856223345E0
1.528824375E2,-9.092032313E-1,-1.060470819E0,-2.868757248E0
1.529023651E2,-1.115331888E0,-5.006742954E0,-3.513774872E0
1.529223538E2,-3.387540877E-1,-3.555320024E0,-3.709250927E0
1.529423731E2,-5.198490620E-1,-2.062884569E0,-2.810167551E0
1.529623923E2,-6.801713705E-1,-9.150621891E-1,-1.280980468E0
1.529824420E2,-3.105245829E-1,2.748382390E-1,1.970739290E-2
1.530024307E2,5.752428174E-1,1.809884310E0,9.310411215E-1
1.530224499E2,1.165399313E0,2.376605034E0,1.339570045E0
1.530424692E2,7.659251690E-1,1.094559193E0,9.470201135E-1
1.530624884E2,-1.219727769E-1,-4.458131790E-1,2.849582434E-1
1.530825686E2,-6.583334208E-1,-9.986854196E-1,4.090615511E-1
1.531025268E2,-4.708468914E-1,-7.632619739E-1,9.544769526E-1
1.531225460E2,2.167813182E-1,-2.253034264E-1,1.433845997E0
1.531425347E2,1.165399313E0,5.858954787E-1,1.881257057E0
1.531625234E2,1.013066530E0,1.182443574E-1,1.560079813E0
1.531825427E2,5.251753926E-1,-2.833603323E-1,1.086037159E0
1.532025008E2,8.255799860E-2,2.615224123E-1,6.945524216E-1
1.532223980E2,-3.542004228E-1,4.138552547E-1,2.982740402E-1
1.532422952E2,-6.407565475E-1,2.759034932E-1,-2.556634694E-2
1.532623144E2,-5.555354357E-1,6.455502510E-1,-7.350324839E-2
1.532822420E2,-6.817692518E-2,1.305481553E0,6.285060197E-2
1.533021697E2,4.783037305E-1,1.914812803E0,1.017327532E-1
1.533220974E2,8.090683818E-1,2.193379402E0,-3.568635881E-2
1.533420250E2,9.390306473E-1,2.353701830E0,-9.693906456E-2
1.533619222E2,9.869675040E-1,2.996056318E0,-1.097222418E-1
1.533818499E2,-7.456851006E-2,3.707653046E0,-5.965480953E-2
1.534018080E2,-7.771103978E-1,1.964347601E0,-6.870955974E-2
1.534217662E2,-6.338323653E-2,3.382214606E-1,-1.012001187E-2
1.534417855E2,3.366235793E-1,-1.789644361E-1,5.113269389E-2
1.534618047E2,1.667138934E-1,5.219795704E-1,2.876213938E-2
1.534817934E2,-2.790992856E-1,1.335309029E0,-1.177117229E-1
1.535016905E2,-3.994741738E-1,1.405083776E0,-1.800296903E-1
1.535215877E2,-2.423476577E-1,1.050883412E0,-1.400822699E-1
1.535414848E2,-1.406149119E-1,6.940197945E-1,-1.544633508E-1
1.535614430E2,-2.306297570E-1,7.435545921E-1,-2.817624509E-1
1.535813707E2,-3.259709179E-1,9.155948162E-1,-4.085289240E-1
1.536012678E2,-3.712446690E-1,1.067394972E0,-4.532700181E-1
1.536211650E2,-3.755057156E-1,1.215999365E0,-3.536677957E-1
1.536410621E2,-4.149205089E-1,1.452488065E0,-1.544633508E-1
1.536609288E2,-4.346278906E-1,1.832787514E0,4.207794741E-2
1.536808259E2,-4.655205607E-1,2.075135231E0,2.269013226E-1
1.537007536E2,-5.001416802E-1,1.833320141E0,4.735100567E-1
1.537206202E2,-3.845604658E-1,1.349157453E0,7.344998717E-1
1.537405174E2,-2.098570913E-1,1.113734007E0,7.584682703E-1
1.537604145E2,-1.576591432E-1,1.082308650E0,5.155879855E-1
1.537803117E2,-2.514024079E-1,7.254450917E-1,2.519350350E-1
1.538002088E2,-2.833603323E-1,3.701793849E-1,2.183792144E-1
1.538201060E2,-1.725728363E-1,4.548679292E-1,4.223773479E-1
1.538399726E2,-1.107875034E-1,1.006142259E0,3.834952116E-1
1.538598698E2,-5.816344023E-1,1.506816626E0,-2.950782478E-1
1.538797669E2,-1.116397142E0,2.178998470E0,-1.150485635E0
1.538996336E2,-1.245826840E0,2.497512579E0,-1.610147238E0
1.539195307E2,-1.092428684E0,2.168878317E0,-1.989914060E0
1.539394279E2,-9.102684855E-1,1.779524326E0,-2.136387825E0
1.539593250E2,-6.466155052E-1,1.419464946E0,-2.234924793E0
1.539792222E2,-4.069310129E-1,1.154746652E0,-2.288720608E0
1.539990888E2,-3.941478431E-1,9.779127836E-1,-2.400040865E0
1.540189860E2,-5.688512325E-1,1.480184913E0,-2.542253733E0
1.540388831E2,-7.131945491E-1,1.829591751E0,-2.848517179E0
1.540587497E2,-1.928128600E-1,6.844323874E-1,-3.009904623E0
1.540786469E2,7.723167539E-2,-8.942894936E-1,-2.943325758E0
1.540985440E2,-3.978762627E-1,-1.295361519E0,-2.783535957E0
1.541184107E2,-7.435545921E-1,-3.243730366E-1,-2.590723038E0
1.541383383E2,-3.057309091E-1,8.404936790E-1,-2.588059902E0
1.541582355E2,-7.510114461E-2,2.098570913E-1,-2.738262177E0
1.541781326E2,-3.153182864E-1,-7.227819562E-1,-2.755839109E0
1.541980298E2,-5.134574771E-1,-1.129180342E-1,-2.630137920E0
1.542180185E2,-1.693770438E-1,8.383631110E-1,-2.470348358E0
1.542380682E2,1.549959779E-1,3.296993375E-1,-2.148638487E0
1.542579959E2,2.237055302E-1,-8.607336879E-1,-1.646366239E0
1.542779541E2,2.380866110E-1,-1.375789046E0,-1.110005617E0
1.542978512E2,3.355582952E-1,-1.085504532E0,-6.412891746E-1
1.543178094E2,4.596616030E-1,-5.944175720E-1,-3.020024598E-1
1.543378286E2,5.480785370E-1,-7.936219871E-2,-1.113201380E-1
1.543578479E2,6.450176239E-1,2.711097896E-1,1.081243455E-1
1.543778366E2,8.665926456E-1,1.443433315E-1,4.601942301E-1
1.543978863E2,9.028116465E-1,1.528654546E-1,8.277105093E-1
1.544178750E2,8.761799932E-1,1.123853996E-1,1.200553060E0
1.544378637E2,8.644620776E-1,-6.535397172E-1,1.570199847E0
1.544578829E2,6.444849968E-1,-1.698031545E0,1.984055042E0
1.544778716E2,1.187769845E-1,-1.439172268E0,2.139050961E0
1.544977993E2,4.660531878E-1,1.230380416E0,2.014415026E0
1.545177270E2,1.308677435E0,-7.201187611E-1,1.973935008E0
1.545377767E2,3.589941263E-1,-9.230516553E-1,1.679922104E0
1.545577654E2,-4.314320907E-2,3.089267015E-1,1.371528029E0
1.545777846E2,6.285060048E-1,2.769687586E-2,1.567536592E0
1.545977733E2,3.520699143E-1,-8.048073053E-1,1.834918022E0
1.546177620E2,-5.219795927E-2,-1.135571957E0,1.800296903E0
1.546377507E2,-2.604571581E-1,-1.260207891E0,1.386441708E0
1.546578310E2,-2.897519469E-1,-9.315737486E-1,1.228782535E0
1.546778502E2,-2.652508616E-1,-7.286409140E-1,1.479652286E0
1.546979000E2,-3.941478580E-2,-7.217166424E-1,1.692705274E0
1.547179192E2,3.925499618E-1,-9.049421549E-1,1.687378883E0
1.547379384E2,7.664577961E-1,-1.259675264E0,1.514806032E0
1.547578966E2,9.912285805E-1,-1.430117488E0,1.349157453E0
1.547779768E2,1.056209683E0,-1.037567616E0,1.365136385E0
1.547980571E2,8.394283652E-1,2.130528912E-3,1.366201639E0
1.548180763E2,4.628573954E-1,7.472830415E-1,1.160605669E0
1.548381566E2,2.551308274E-1,8.852347732E-1,1.036502361E0
1.548582368E2,3.547330499E-1,1.090830803E0,9.123989940E-1
1.548782866E2,5.384911895E-1,1.065797091E0,6.918892860E-1
1.548983058E2,3.787015080E-1,4.713795185E-1,6.242449880E-1
1.549183860E2,1.667138934E-1,-3.227751255E-1,6.684534550E-1
1.549384663E2,2.423476577E-1,-1.153148770E0,6.929545403E-1
1.549585160E2,5.038700700E-1,-1.626126170E0,6.897587180E-1
1.549785963E2,7.350324988E-1,-1.449824929E0,6.924219131E-1
1.549986460E2,7.797735929E-1,-5.581985712E-1,5.491438508E-1
1.550186957E2,3.600593805E-1,8.532768488E-1,4.761732221E-1
1.550387150E2,-2.444781959E-1,1.459412336E0,4.351605177E-1
1.550587342E2,-4.474110603E-1,1.427454352E0,4.287689328E-1
1.550787534E2,-2.796319127E-1,9.736517072E-1,5.832322836E-1
1.550988031E2,7.669904083E-2,1.619201899E-1,8.767126203E-1
1.551188224E2,2.024002522E-1,-4.601942301E-1,1.027980208E0
1.551388111E2,1.512675583E-1,-4.042678475E-1,9.139968753E-1
1.551587998E2,3.941478580E-2,-1.331580617E-2,6.631271243E-1
1.551787885E2,-6.870955974E-2,1.651159972E-1,4.074636400E-1
1.551988382E2,-1.331580579E-1,4.314320907E-2,2.801645398E-1
1.552188879E2,-1.272991002E-1,-3.531351686E-1,1.427454352E-1
1.552388766E2,-3.355583176E-2,-7.755125165E-1,-1.422128081E-1
1.552588653E2,7.882957160E-2,-8.399610519E-1,-5.566006899E-1
1.552788846E2,1.065264456E-3,-5.065332651E-1,-9.869675040E-1
1.552989038E2,-5.155879855E-1,-1.150485575E-1,-1.334243774E0
1.553188925E2,-8.447546959E-1,-3.408846259E-2,-1.489239693E0
1.553389117E2,-8.532768488E-1,-3.760383427E-1,-1.529719710E0
1.553589614E2,-7.073355913E-1,-9.965549111E-1,-1.788578987E0
1.553790112E2,-4.916195571E-1,-1.598961949E0,-2.210423708E0
1.553990609E2,-1.992044598E-1,-2.627474785E0,-2.454369307E0
1.554191412E2,-4.314320907E-2,-2.875681400E0,-2.316417456E0
1.554391909E2,-1.086569726E-1,-1.756088495E0,-1.967543483E0
1.554592101E2,-1.560612470E-1,2.386192381E-1,-2.091646671E0
1.554791988E2,4.474110901E-2,1.642105103E0,-2.411758661E0
1.554992181E2,5.677859783E-1,2.355832338E0,-2.575809479E0
1.555192068E2,8.468852639E-1,3.188336611E0,-2.290851116E0
1.555392565E2,4.095941782E-1,2.213619471E0,-2.161421537E0
1.555593062E2,3.504720032E-1,-1.445031285E0,-2.066612959E0
1.555793865E2,1.800296903E-1,-2.537992477E0,-1.974467635E0
1.555994362E2,3.009372056E-1,-1.345429063E0,-1.857288599E0
1.556194249E2,7.424893379E-1,-8.586031795E-1,-1.711347342E0
1.556393831E2,8.213189244E-1,-2.556634545E-1,-1.525991321E0
1.556593108E2,7.472830415E-1,-3.675162420E-2,-1.083906531E0
1.556792384E2,7.179882526E-1,-4.442152679E-1,-6.103965044E-1
1.556992272E2,7.616640925E-1,-1.074319243E0,-2.588592768E-1
1.557192464E2,7.137271762E-1,-1.182976127E0,-4.846953228E-2
1.557392961E2,6.359629035E-1,-9.448895454E-1,7.510114461E-2
1.557592848E2,6.050702333E-1,-7.611314654E-1,1.619201899E-1
1.557792735E2,5.672533512E-1,-5.139901042E-1,1.917476058E-1
1.557992012E2,6.524744630E-1,-3.291667104E-1,4.032025933E-1
1.558191899E2,8.287757635E-1,-4.442152679E-1,6.604639888E-1
1.558391481E2,7.909588814E-1,-8.703210354E-1,9.885654449E-1
1.558591978E2,4.554005563E-1,-6.679208279E-1,1.095624447E0
1.558791255E2,2.636529505E-1,2.045307755E-1,8.953547478E-1
1.558990531E2,1.821602285E-1,-1.129180342E-1,8.671252728E-1
1.559189808E2,1.922802329E-1,-8.229168057E-1,1.104146600E0
1.559389695E2,5.203816891E-1,4.793690052E-3,9.582054019E-1
1.559588972E2,8.692557812E-1,6.141249537E-1,1.025849700E0
1.559788859E2,3.179814517E-1,1.041296005E0,1.152616143E0
1.559988136E2,1.225054115E-1,4.554005563E-1,1.353418469E0
1.560188328E2,2.625876963E-1,-5.539375171E-2,1.622397780E0
1.560387604E2,1.310275346E-1,-2.551308274E-1,1.686846256E0
1.560586881E2,-1.384843793E-2,-6.040049195E-1,1.260740519E0
1.560787073E2,-2.306297570E-1,-3.877562582E-1,1.156344533E0
1.560986960E2,-1.368864775E-1,-1.992044598E-1,1.513208151E0
1.561186847E2,1.320927888E-1,-5.949501991E-1,1.603222966E0
1.561385819E2,2.087918371E-1,-1.192030907E0,1.424258590E0
1.561584790E2,8.522115648E-2,-1.430650115E0,1.215466738E0
1.561784372E2,-1.065264493E-1,-1.399757504E0,1.194694042E0
1.561984564E2,-3.339604139E-1,-1.281513095E0,1.223988891E0
1.562184452E2,-4.383563101E-1,-1.112668753E0,1.291100502E0
1.562384339E2,-2.487392575E-1,-8.511462808E-1,1.360342741E0
1.562583615E2,8.735168725E-2,-4.740426838E-1,1.335841656E0
1.562783197E2,5.065332651E-1,-5.113269389E-2,1.208542466E0
1.562982169E2,7.126619220E-1,7.030745596E-2,1.097755075E0
1.563181140E2,7.653924823E-1,8.415589482E-2,9.827064872E-1
1.563380417E2,6.668555737E-1,1.587243974E-1,8.612663150E-1
1.563579083E2,4.356931746E-1,3.936152160E-1,7.371630073E-1
1.563778665E2,1.518001854E-1,6.492787004E-1,6.327670813E-1
1.563977942E2,-4.207794741E-2,8.325041533E-1,5.624596477E-1
1.564177218E2,-7.190535218E-2,9.012137055E-1,3.776362538E-1
1.564376495E2,4.420847446E-2,9.017463326E-1,1.992044598E-1
1.564575161E2,2.370213419E-1,9.044095278E-1,1.214401498E-1
1.564774133E2,3.957457542E-1,8.586031795E-1,2.002697140E-1
1.564973104E2,4.825648069E-1,7.696535587E-1,3.611246645E-1
1.565172381E2,1.960086524E-1,8.591358066E-1,4.745753109E-1
1.565371353E2,-1.054611802E-1,-1.448759735E-1,4.346278906E-1
1.565570629E2,5.379585549E-2,-1.110005617E0,4.532700181E-1
1.565769601E2,3.462109566E-1,-1.042361259E0,5.938849449E-1
1.565968878E2,1.976065636E-1,-3.036003709E-1,7.446198463E-1
1.566167849E2,-1.342233270E-1,4.298342168E-1,7.094660997E-1
1.566367431E2,-2.748382390E-1,1.192030907E0,5.752428174E-1
1.566567318E2,-3.110572100E-1,1.310275316E0,6.056028605E-1
1.566766900E2,-3.275688291E-1,4.298342168E-1,6.263754964E-1
1.566966787E2,-1.262338310E-1,-6.641923785E-1,5.709817410E-1
1.567166674E2,1.294296384E-1,-1.374191165E0,5.262406468E-1
1.567366561E2,2.269013226E-1,-9.917612076E-1,4.633900523E-2
1.567565227E2,-1.502022892E-1,4.000068009E-1,-9.635316730E-1
1.567764199E2,-7.728493810E-1,1.430650115E0,-1.472728133E0
1.567963475E2,-8.612663150E-1,1.692172647E0,-1.597364068E0
1.568163057E2,-5.699164867E-1,9.661948681E-1,-1.470597625E0
1.568362334E2,-2.775014043E-1,2.609897964E-2,-1.541970253E0
1.568561611E2,-8.468852192E-2,-7.835019827E-1,-1.858353853E0
1.568761498E2,-6.604639441E-2,-1.809884310E0,-2.236522675E0
1.568960774E2,-3.185140789E-1,-1.848766446E0,-2.522546291E0
1.569160365E2,-8.154599667E-1,-1.672465205E-1,-2.821885586E0
1.569359336E2,-1.011468649E0,1.297492146E0,-3.055711031E0
1.569558613E2,-6.098638773E-1,2.700978041E0,-3.238404036E0
1.569758194E2,4.319647253E-1,2.573678970E0,-2.982740402E0
1.569957166E2,7.882956862E-1,1.634115696E0,-2.496979952E0
1.570156137E2,-1.246359423E-1,3.877562582E-1,-2.353169203E0
1.570355109E2,-2.173139453E-1,-9.752495885E-1,-2.199771166E0
1.570554080E2,-1.049285457E-1,-1.491902828E0,-2.061286688E0
1.570752746E2,-1.699096859E-1,-8.362326026E-1,-2.057025671E0
1.570951718E2,-1.640507281E-1,3.776362538E-1,-2.144910097E0
1.571150689E2,-1.065264456E-3,9.390306473E-1,-2.133724689E0
1.571349355E2,1.784317940E-1,8.793758154E-1,-1.815210581E0
1.571548327E2,3.989415467E-1,8.415589482E-2,-1.230913043E0
1.571747603E2,5.709817410E-1,-4.830974340E-1,-6.189186573E-1
1.571946575E2,6.301039457E-1,-5.113269091E-1,-2.300971150E-1
1.572145546E2,6.125270724E-1,-3.510046303E-1,1.272991002E-1
1.572344517E2,5.454154015E-1,-1.800296903E-1,5.720469952E-1
1.572543489E2,5.475459099E-1,-3.563309610E-1,1.037034988E0
1.572742765E2,5.075985193E-1,-6.823018789E-1,1.644235730E0
1.572941737E2,4.623247683E-1,-1.035969734E0,2.347842932E0
1.573141013E2,9.315737486E-1,-1.595233560E0,2.852778196E0
1.573340290E2,1.960086524E-1,1.361940622E0,2.889529943E0
1.573539567E2,8.138620257E-1,1.035969734E0,3.092995405E0
1.573739453E2,6.876282096E-1,-2.556634694E-2,2.671150684E0
1.573938730E2,-1.970739216E-1,1.083373904E0,1.462075472E0
1.574138617E2,2.146507949E-1,8.372978568E-1,1.314536333E0
1.574337588E2,1.507349163E-1,-8.628641814E-2,1.753425241E0
1.574536865E2,-1.954760253E-1,-1.592037678E0,1.903627634E0
1.574736142E2,-5.608617067E-1,-2.771818161E0,1.478587031E0
1.574935113E2,-8.191883564E-1,-2.975283623E0,8.602010608E-1
1.575134084E2,-9.598032832E-1,-2.438390255E0,5.640575290E-1
1.575332751E2,-9.901633263E-1,-1.807221174E0,7.808388472E-1
1.575531722E2,-6.769755483E-1,-1.029578090E0,1.342765808E0
1.575730693E2,-3.089267015E-2,-9.353021979E-1,1.693237901E0
1.575929360E2,6.311691999E-1,-1.228782535E0,1.676726222E0
1.576128331E2,1.131843448E0,-1.240500450E0,1.525458694E0
1.576327302E2,1.318797350E0,-1.100418210E0,1.327319503E0
1.576525969E2,1.210673094E0,-1.013599157E0,9.944243431E-1
1.576725245E2,1.045024395E0,4.846953154E-1,5.592638254E-1
1.576924522E2,5.619270205E-1,3.408313513E0,3.030677438E-1
1.577123493E2,-8.735168725E-2,3.124953270E0,1.091896072E-1
1.577322770E2,-3.355582952E-1,2.297775507E0,-1.459412277E-1
1.577521741E2,3.195793182E-2,2.023469925E0,-3.163835406E-1
1.577720713E2,4.442152679E-1,1.291100502E0,-2.945456207E-1
1.577919684E2,6.359629035E-1,2.540655732E-1,-2.700445354E-1
1.578118655E2,2.018676102E-1,-1.661812514E-1,-1.603222936E-1
1.578317627E2,-2.625876963E-1,-5.161206126E-1,-4.687163606E-2
1.578516293E2,-2.396845073E-1,-8.133293986E-1,2.103897333E-1
1.578715570E2,-7.669904083E-2,-8.399610519E-1,5.475459099E-1
1.578914541E2,8.894958347E-2,-6.593986750E-1,8.239820600E-1
1.579113512E2,1.565938741E-1,-5.693838596E-1,1.040763378E0
1.579312789E2,2.593919039E-1,-3.036003709E-1,1.075917125E0
1.579511760E2,2.652508616E-1,1.619201899E-1,9.534116983E-1
1.579710732E2,8.735168725E-2,3.286340833E-1,7.526093125E-1
1.579910008E2,2.876213938E-2,2.572613657E-1,4.585963488E-1
1.580109285E2,6.764429063E-2,1.560612470E-1,3.621899188E-1
1.580308256E2,7.936219871E-2,6.604639441E-2,4.079962969E-1
1.580507228E2,9.321063757E-2,-2.332929224E-1,4.772384763E-1
1.580705894E2,2.902845740E-1,-3.222424984E-1,5.645901561E-1
1.580904865E2,4.564658105E-1,-2.780340314E-1,3.877562582E-1
1.581103837E2,8.415589482E-2,-2.231729031E-1,-1.368864775E-1
1.581302808E2,-5.129248500E-1,-2.822950780E-1,-4.442152679E-1
1.581501780E2,-7.126619220E-1,-5.528722405E-1,-6.045376062E-1
1.581700751E2,-6.993461251E-1,-1.055677056E0,-8.602010608E-1
1.581900333E2,-6.684534550E-1,-1.354483724E0,-1.287904739E0
1.582099915E2,-7.467503548E-1,-1.271925807E0,-1.809351683E0
1.582298886E2,-9.347695708E-1,-9.827064872E-1,-2.241316319E0
1.582497857E2,-1.162203550E0,1.454086006E-1,-2.664226294E0
1.582696829E2,-1.153148770E0,1.096689701E0,-2.930009842E0
1.582895495E2,-9.054747820E-1,9.736517072E-1,-2.827211857E0
1.583094466E2,-3.829625845E-1,3.403519988E-1,-2.527339935E0
1.583293438E2,3.020024598E-1,-1.193096191E-1,-2.192314148E0
1.583492104E2,7.206513882E-1,-2.508697808E-1,-1.959021330E0
1.583691381E2,7.105314136E-1,1.506283998E0,-1.935052872E0
1.583890352E2,3.083940744E-1,2.619485378E0,-2.205097437E0
1.584089323E2,4.277036786E-1,6.146575809E-1,-2.370213509E0
1.584287990E2,2.833603323E-1,-9.901633263E-1,-2.360625982E0
1.584486961E2,1.667138934E-1,-8.852347732E-1,-2.275404930E0
1.584685932E2,2.673813701E-1,-4.101268202E-2,-2.012284517E0
1.584884904E2,3.882888854E-1,3.217098713E-1,-1.590972424E0
1.585083875E2,4.143878818E-1,-6.924218964E-3,-1.065797091E0
1.585282847E2,3.281014562E-1,-4.175836742E-1,-5.262406468E-1
1.585481818E2,2.631203234E-1,-5.661880374E-1,-2.508697808E-1
1.585680790E2,1.906823367E-1,-4.234426320E-1,-2.002697140E-1
1.585879761E2,1.949433982E-1,-2.151834220E-1,-6.231797114E-2
1.586078427E2,2.343581766E-1,-1.533980817E-1,1.816275865E-1
1.586277704E2,2.519350350E-1,-1.677791476E-1,5.704491138E-1
1.586476675E2,4.021373391E-1,-5.326322280E-3,9.619337916E-1
1.586675341E2,5.896238685E-1,-1.608549356E-1,1.170192957E0
1.586874313E2,5.411543250E-1,-2.663161159E-1,1.470597625E0
1.587073284E2,6.018744037E-2,2.412824035E-1,1.766741157E0
1.587271950E2,2.269013226E-1,-1.081243455E-1,1.884452820E0
1.587470922E2,6.844323874E-1,-3.408846259E-2,2.061286688E0
1.587670198E2,7.078682184E-1,3.728425596E-3,2.286057472E0
1.587870390E2,1.917476021E-2,3.813646734E-1,2.087918282E0
1.588069362E2,2.609897964E-2,1.617604017E0,1.954227686E0
1.588268333E2,6.988134980E-1,1.200553060E0,2.045840502E0
1.588467915E2,1.842907518E-1,4.282363057E-1,2.198705912E0
1.588667192E2,-3.041329980E-1,-1.179780364E0,1.913214922E0
1.588866773E2,-6.231797338E-1,-2.414954424E0,1.361940622E0
1.589066050E2,-8.271778226E-1,-2.689792633E0,7.691209316E-1
1.589265327E2,-8.447546959E-1,-2.258360624E0,3.989415467E-1
1.589464908E2,-7.478156686E-1,-1.651159883E0,3.925499618E-1
1.589664185E2,-5.209143162E-1,-1.237837315E0,6.183860302E-1
1.589863156E2,1.757686399E-2,-6.226470470E-1,6.924219131E-1
1.590062128E2,5.912217498E-1,5.310343504E-1,6.876282096E-1
1.590261099E2,8.548747301E-1,1.718804240E0,6.444849968E-1
1.590459765E2,6.796387434E-1,2.248773336E0,5.832322836E-1
1.590658737E2,2.545982003E-1,1.835983276E0,4.495415986E-1
1.590857708E2,-3.994741663E-2,1.087102413E0,4.756405652E-1
1.591056680E2,1.581917703E-1,7.957525253E-1,6.599313021E-1
1.591255651E2,9.976201653E-1,1.551557660E0,9.342369437E-1
1.591454622E2,1.243163586E0,1.441835403E0,9.118663669E-1
1.591653899E2,8.713863492E-1,8.053399324E-1,7.243798375E-1
1.591853176E2,1.411475390E-1,1.033839107E0,4.479437172E-1
1.592053062E2,-3.749730885E-1,1.333178520E0,7.084008306E-2
1.592252644E2,-3.366235793E-1,1.667671561E0,-9.108011425E-2
1.592451616E2,-8.575379103E-2,2.054362535E0,-1.523328125E-1
1.592650892E2,-9.161274135E-2,1.957956076E0,-3.099919558E-1
1.592850474E2,-2.844256163E-1,1.743837953E0,-3.818973005E-1
1.593049445E2,-3.073287904E-1,1.152616143E0,-3.557983339E-1
1.593249332E2,-1.954760253E-1,7.009440064E-1,-1.805623323E-1
1.593449219E2,-2.151834220E-1,5.928196907E-1,-3.728425503E-2
1.593649411E2,-1.981391907E-1,5.539374948E-1,1.230380461E-1
1.593849298E2,-1.656486243E-1,5.028048158E-1,3.946804702E-1
1.594050101E2,-6.125270575E-2,7.712514400E-1,6.263754964E-1
1.594250598E2,6.924218684E-2,1.121190786E0,6.476807594E-1
1.594450790E2,-1.810949668E-2,1.110538244E0,6.689860821E-1
1.594650677E2,-1.874865443E-1,1.070590734E0,7.600662112E-1
1.594851174E2,-1.954760253E-1,7.094660997E-1,8.101336360E-1
1.595051061E2,7.616640627E-2,2.423476577E-1,9.422264099E-1
1.595250032E2,3.009372056E-1,2.535329461E-1,9.454222322E-1
1.595449309E2,-2.146507949E-1,8.191883564E-1,7.520766854E-1
1.595648891E2,-6.061354876E-1,1.280447841E0,5.709817410E-1
1.595848473E2,-6.322344542E-1,1.644235730E0,3.557983339E-1
1.596047749E2,-5.795038939E-1,1.451422811E0,-4.633900523E-2
1.596246720E2,-4.271710515E-1,9.209211469E-1,-7.057377100E-1
1.596445692E2,-2.087918371E-1,5.406216979E-1,-1.377919555E0
1.596645274E2,5.060006306E-2,6.519418359E-1,-1.815743208E0
1.596844855E2,2.492718846E-1,8.538094759E-1,-2.108690977E0
1.597044437E2,1.565938741E-1,7.291735411E-1,-2.371278763E0
1.597243409E2,-4.996090233E-1,1.236772060E0,-2.720685482E0
1.597442990E2,-6.663229465E-1,2.177933216E0,-2.968359470E0
1.597642267E2,2.918824553E-1,2.184324741E0,-3.070624828E0
1.597841849E2,6.093312502E-1,1.141963482E0,-3.095125914E0
1.598040820E2,3.946804702E-1,3.344930410E-1,-3.003513098E0
1.598239791E2,-3.568635881E-2,3.696467578E-1,-2.601375818E0
1.598438763E2,-6.737797856E-1,9.768475294E-1,-2.186987877E0
1.598637734E2,-8.410263062E-1,1.042361259E0,-1.864745378E0
1.598836400E2,-8.660600185E-1,3.334277868E-1,-1.481782913E0
1.599036593E2,-1.373658538E0,1.480717659E-1,-1.266066790E0
1.599236174E2,-1.588841915E0,1.524926066E0,-1.280447841E0
1.599434841E2,-1.275121570E0,1.701759934E0,-1.516403913E0
1.599633812E2,-1.302818418E0,1.284176350E0,-1.589374542E0
1.599832783E2,-1.583515644E0,1.010936022E0,-1.306546807E0
1.600031755E2,-1.736381054E0,8.985505700E-1,-8.788431883E-1
1.600230726E2,-1.542502880E0,1.009338021E0,-5.347627401E-1
1.600429698E2,-1.306014180E0,1.088167667E0,-3.536677957E-1
1.600628669E2,-1.113734007E0,1.023719192E0,-6.231797114E-2
1.600827335E2,-1.074319243E0,9.390306473E-1,3.984089196E-1
1.601026307E2,-1.028512836E0,9.406285286E-1,9.400959015E-1
1.601225278E2,-9.251821637E-1,9.555422068E-1,1.463140726E0
1.601423944E2,-7.217166424E-1,9.763149023E-1,1.936118126E0
1.601622916E2,-6.109291911E-1,1.029578090E0,2.437325001E0
1.601821887E2,-3.627225459E-1,8.117315173E-1,2.969957352E0
1.602020553E2,4.143878818E-1,-3.302319944E-1,3.464240074E0
1.602219525E2,9.438242912E-1,-2.160888910E0,3.886617422E0
1.602418496E2,1.540904999E0,-3.978230000E0,3.497263193E0
1.602617162E2,2.483664036E0,-2.509230375E0,2.767024517E0
1.602816134E2,2.985936165E0,-4.101268053E-1,1.955292940E0
1.603015105E2,2.602973700E0,1.879126549E0,1.074851871E0
1.603213771E2,1.265534163E0,4.390487671E0,-1.928128600E-1
1.603413048E2,-1.026914954E0,6.536462784E0,-1.295894265E0
1.603611714E2,-2.837864399E0,6.075736046E0,-2.877279282E0
1.603810686E2,-2.177400589E0,6.437393188E0,-3.766242504E0
1.604009657E2,5.720469952E-1,4.397411823E0,-3.893008947E0
1.604208323E2,1.785915852E0,9.267801046E-2,-3.313505173E0
1.604407295E2,1.332645893E0,-2.473544121E0,-2.259425879E0
1.604606266E2,5.576659441E-1,-3.277818680E0,-1.546764016E0
1.604805237E2,1.326254308E-1,-2.108158350E0,-8.149272799E-1
1.605003904E2,-4.101268202E-2,-1.763012707E-1,-3.089267015E-2
1.605202875E2,-3.036003709E-1,1.662877798E0,3.392867148E-1
1.605401847E2,-7.259777188E-1,3.025351048E0,-1.171790902E-2
1.605600818E2,-7.004113793E-1,3.312439919E0,-4.463458061E-1
1.605800094E2,1.065264493E-1,3.036536217E0,-3.238403797E-1
1.605999066E2,6.961503029E-1,2.177933216E0,1.757686287E-1
1.606198037E2,4.149205089E-1,8.122641444E-1,4.420847595E-1
1.606397009E2,-2.913498282E-1,1.475391239E-1,5.938849449E-1
1.606595980E2,-1.095091820E0,-4.830974340E-1,7.478156686E-1
1.606795257E2,-1.604288220E0,-8.745821118E-1,9.704559445E-1
1.606994533E2,-1.605886221E0,-9.486179948E-1,1.211205721E0
1.607193810E2,-1.116397142E0,-6.141249537E-1,1.362473249E0
1.607393392E2,-4.383563101E-1,-1.544633508E-2,1.298557401E0
1.607593279E2,9.108011425E-2,7.664577961E-1,9.177253246E-1
1.607793165E2,2.508697808E-1,1.412008047E0,5.448827744E-1
1.607992137E2,1.267664731E-1,1.787513733E0,3.520699143E-1
1.608191413E2,-3.408846259E-2,1.941977143E0,3.446130455E-1
1.608390385E2,-4.261057824E-2,2.050101519E0,4.394215941E-1
1.608589356E2,3.403519988E-1,2.969957352E0,6.029396653E-1
1.608788938E2,5.597964525E-1,3.315103054E0,6.823018789E-1
1.608987909E2,4.021373391E-1,2.555569410E0,5.826996565E-1
1.609186881E2,2.444781959E-1,1.875398040E0,4.197141826E-1
1.609385547E2,3.350256681E-1,2.054362535E0,2.024002522E-1
1.609584518E2,4.095941782E-1,2.303101778E0,-1.107875034E-1
1.609783490E2,3.179814517E-1,2.127865791E0,-3.856257200E-1
1.609982156E2,2.561961114E-1,2.028796196E0,-6.636597514E-1
1.610181738E2,2.743056118E-1,2.193912029E0,-9.235842824E-1
1.610381014E2,2.567287385E-1,2.517220020E0,-1.070590734E0
1.610579986E2,1.784317940E-1,2.906041384E0,-1.204814076E0
1.610778957E2,-6.977482140E-2,2.933738232E0,-1.370995402E0
1.610977929E2,-6.370281577E-1,2.192846775E0,-1.554753423E0
1.611177510E2,-1.206944585E0,1.639974594E0,-1.973402381E0
1.611376787E2,-1.971804500E0,4.041613579E0,-2.982740402E0
1.611576369E2,-2.810700178E0,5.310875893E0,-4.111920834E0
1.611776561E2,-2.976881504E0,5.720469952E0,-4.827245712E0
1.611976753E2,-2.340918541E0,6.119411469E0,-5.306614876E0
1.612176029E2,-1.602157712E0,5.424326420E0,-5.117530346E0
1.612375001E2,-6.748450398E-1,3.754524469E0,-4.017112255E0
1.612573972E2,-6.940197945E-1,1.200553060E0,-2.696717024E0
1.612773554E2,-6.615292430E-1,-1.558481932E0,-2.237587929E0
1.612972525E2,-6.551376581E-1,-2.511893511E0,-2.270611286E0
1.613171497E2,-9.326390028E-1,-1.201618314E0,-2.600843191E0
1.613370468E2,-7.946872711E-1,1.619201899E-1,-2.576342106E0
1.613569440E2,-1.021588564E0,1.685781002E0,-2.415487051E0
1.613768716E2,-1.185639381E0,2.695651770E0,-2.564091444E0
1.613968298E2,-1.020523310E0,3.478621006E0,-2.589125156E0
1.614168185E2,-6.865629554E-1,4.062918663E0,-2.338255405E0
1.614367156E2,-1.683117896E-1,2.936933994E0,-1.993642449E0
1.614566128E2,1.683117896E-1,-2.689792812E-1,-1.597896695E0
1.614765099E2,-1.784317940E-1,-2.385127068E0,-1.226652026E0
1.614964376E2,-2.993393242E-1,-2.490588188E0,-9.369000793E-1
1.615163347E2,-1.320927888E-1,-1.870604396E0,-5.906891227E-1
1.615362318E2,3.888215125E-2,-1.078580260E0,-1.017327532E-1
1.615561290E2,3.089267015E-2,-1.672465205E-1,3.510046303E-1
1.615760261E2,-1.512675583E-1,4.143878818E-1,6.125270724E-1
1.615959233E2,-9.534116834E-2,4.756405652E-1,6.221144199E-1
1.616158204E2,2.636529505E-1,3.494067490E-1,5.656554103E-1
1.616357786E2,4.846953154E-1,1.629854590E-1,8.042746782E-1
1.616556757E2,5.107942820E-1,-2.769687586E-2,1.074851871E0
1.616756034E2,3.137203753E-1,7.989482954E-3,1.221858382E0
1.616955005E2,-6.231797114E-2,2.838929892E-1,1.538241863E0
1.617153977E2,1.704423130E-2,1.970739290E-2,1.680454731E0
1.617352948E2,1.864212751E-1,1.480717659E-1,1.622930408E0
1.617551919E2,3.233077526E-1,-4.522047639E-1,1.531317711E0
1.617750891E2,2.466087192E-1,-4.996090233E-1,1.341700554E0
1.617949557E2,-9.693906456E-2,7.616640627E-2,1.065264463E0
1.618148834E2,9.480853379E-2,1.246359423E-1,1.058340192E0
1.618347805E2,1.400822699E-1,-1.438106969E-2,1.358212233E0
1.618547692E2,6.924218684E-2,-4.926848114E-1,1.655953646E0
1.618746969E2,-7.882957160E-2,-8.804410696E-1,1.864745378E0
1.618946855E2,-4.990763962E-1,-5.161206126E-1,1.634115696E0
1.619146132E2,-5.012069345E-1,-2.604571581E-1,1.471130252E0
1.619344798E2,-5.539375171E-2,-1.763012707E-1,1.485511303E0
1.619543770E2,2.902845740E-1,-5.507417321E-1,1.550492406E0
1.619742741E2,4.708468914E-1,-1.143561363E0,1.490837574E0
1.619941713E2,5.528722405E-1,-1.562210321E0,1.451422811E0
1.620140684E2,4.980111420E-1,-1.442900658E0,1.495098710E0
1.620339350E2,2.759034932E-1,-6.327670813E-1,1.451955438E0
1.620538322E2,-1.278317347E-2,5.645901710E-2,1.446096539E0
1.620737293E2,-1.523328125E-1,3.797667921E-1,1.389637470E0
1.620935959E2,-4.900216311E-2,5.869607329E-1,1.201618314E0
1.621134931E2,1.906823367E-1,6.205165386E-1,1.009338021E0
1.621334207E2,3.707120419E-1,3.877562582E-1,7.914915085E-1
1.621532873E2,4.410194755E-1,2.348908186E-1,5.352953672E-1
1.621731845E2,3.131877482E-1,3.419498801E-1,4.154531360E-1
1.621930511E2,4.101268202E-2,5.097290277E-1,4.298342168E-1
1.622129788E2,-1.747033745E-1,6.530070901E-1,4.996090233E-1
1.622328759E2,-2.221076339E-1,7.920241356E-1,4.825648069E-1
1.622527730E2,-1.070590764E-1,7.760451436E-1,3.227751255E-1
1.622727007E2,5.379585549E-2,6.503439546E-1,2.162486911E-1
1.622926284E2,2.599245310E-1,7.739146352E-1,1.464738697E-1
1.623125560E2,4.063983858E-1,9.624664187E-1,9.853696078E-2
1.623324837E2,2.881540358E-1,1.178182483E0,7.669904083E-2
1.623524419E2,-1.272991002E-1,1.111070871E0,4.633900523E-2
1.623724305E2,-2.482066154E-1,6.199839115E-1,7.456851192E-3
1.623923887E2,-6.072007492E-2,3.046656251E-1,6.391586363E-2
1.624124079E2,5.752427876E-2,1.422128081E-1,1.651159972E-1
1.624323661E2,-4.527373984E-2,2.008023560E-1,2.343581766E-1
1.624523548E2,-1.981391907E-1,3.051982522E-1,2.636529505E-1
1.624723740E2,-2.849582434E-1,5.001416802E-1,3.174487948E-1
1.624923627E2,-2.636529505E-1,6.940197945E-1,4.191815555E-1
1.625123819E2,-2.434129268E-1,9.060074091E-1,5.571333170E-1
1.625323706E2,-2.998719513E-1,8.863000274E-1,6.530070901E-1
1.625522677E2,-3.643204570E-1,5.949501991E-1,6.972155571E-1
1.625721649E2,-3.312972486E-1,3.898867965E-1,7.664577961E-1
1.625920925E2,-2.151834220E-1,1.267664731E-1,8.261125684E-1
1.626119897E2,-2.716424316E-2,-2.838929892E-1,8.815063238E-1
1.626319478E2,5.752427876E-2,-3.994741738E-1,7.936220169E-1
1.626518755E2,-1.656486243E-1,-2.370213419E-1,1.683117896E-1
1.626717726E2,-5.954828262E-1,2.716424465E-1,-9.182579517E-1
1.626917308E2,-7.973504663E-1,1.020523310E0,-1.573395610E0
1.627116585E2,-6.679208279E-1,1.125451922E0,-1.817873836E0
1.627315861E2,-3.978762627E-1,4.591289759E-1,-2.019741297E0
1.627516359E2,8.362326026E-2,5.326322280E-4,-2.221609116E0
1.627716551E2,4.522047639E-1,-3.845604658E-1,-2.380333424E0
1.627916743E2,3.531351686E-1,-5.784385800E-1,-2.567820072E0
1.628117240E2,-2.024002373E-2,4.703142643E-1,-2.728142262E0
1.628316822E2,-2.790992856E-1,1.879126549E0,-2.851180315E0
1.628516709E2,1.624528319E-1,2.123072147E0,-3.068494320E0
1.628716596E2,2.332929224E-1,1.484978676E0,-3.013100624E0
1.628916177E2,-2.199771106E-1,2.151834220E-1,-2.694053888E0
1.629116370E2,-2.237055302E-1,-6.689860821E-1,-2.302036524E0
1.629315951E2,-7.989483327E-2,-9.390306473E-1,-2.082059383E0
1.629515533E2,-2.008023560E-1,-4.740426689E-2,-2.063949823E0
1.629714504E2,-2.673813701E-1,6.838997602E-1,-2.168878317E0
1.629913476E2,-3.526025414E-1,8.751147389E-1,-2.219478607E0
1.630113058E2,-3.850930929E-1,8.777779341E-1,-2.108158350E0
1.630312334E2,-1.805623323E-1,2.663161159E-1,-1.718271613E0
1.630511916E2,-1.342233270E-1,-6.087986231E-1,-1.024784446E0
1.630711803E2,-1.310275346E-1,-9.438242912E-1,-4.346278906E-1
1.630912300E2,-6.764429063E-2,-6.705839634E-1,-1.933455020E-1
1.631112187E2,-5.965480953E-2,9.214537591E-2,-9.427590668E-2
1.631311464E2,-1.411475390E-1,9.949570298E-1,4.793690145E-2
1.631510740E2,-1.209075153E-1,1.212270975E0,2.391518652E-1
1.631710322E2,1.619201899E-1,4.335626364E-1,7.052050829E-1
1.631909598E2,3.099919558E-1,-5.427522659E-1,1.340635300E0
1.632108875E2,1.139832959E-1,-9.661948681E-1,1.984587669E0
1.632308457E2,1.299622655E-1,-1.203216195E0,2.384594440E0
1.632507733E2,3.344930410E-1,-2.940129936E-1,2.452238798E0
1.632707925E2,3.701793849E-1,1.094559193E0,2.554504156E0
1.632908118E2,6.087986231E-1,9.001484513E-1,2.557167292E0
1.633108920E2,2.135855258E-1,1.159007788E0,2.232794285E0
1.633309417E2,2.487392575E-1,5.874933600E-1,1.832787514E0
1.633508999E2,1.704423130E-1,-1.672465205E-1,1.777926326E0
1.633709191E2,-3.728425503E-2,-9.672601223E-1,1.655421019E0
1.633909383E2,-3.078614175E-1,-1.987250805E0,1.349157453E0
1.634108660E2,-4.356931746E-1,-2.247708082E0,1.131310821E0
1.634307936E2,-2.540655732E-1,-1.822134852E0,1.053013921E0
1.634507213E2,-5.858954508E-3,-1.448759675E0,1.072188616E0
1.634706489E2,1.581917703E-1,-1.459412336E0,1.190965652E0
1.634906376E2,2.476739883E-1,-1.574993491E0,1.229315162E0
1.635106263E2,3.185140789E-1,-1.435976505E0,1.142496109E0
1.635306150E2,3.163835406E-1,-9.528790712E-1,1.089765549E0
1.635506037E2,2.279665917E-1,-5.198490620E-1,1.017860174E0
1.635705314E2,1.384843737E-1,-1.496696621E-1,8.831042051E-1
1.635905201E2,1.187769845E-1,1.763012707E-1,7.105314136E-1
1.636105088E2,1.400822699E-1,4.165183902E-1,5.289037824E-1
1.636304974E2,1.832254827E-1,5.193164349E-1,3.707120419E-1
1.636505472E2,2.412824035E-1,3.893541694E-1,2.471413612E-1
1.636705664E2,3.238403797E-1,1.518001854E-1,1.081243455E-1
1.636905246E2,3.962783813E-1,-9.640643001E-2,-3.941478580E-2
1.637105132E2,3.643204570E-1,-2.061286718E-1,-1.342233270E-1
1.637304714E2,2.428802997E-1,-6.604639441E-2,-1.113201380E-1
1.637503991E2,9.108011425E-2,2.380866110E-1,-2.130528912E-2
1.637702962E2,5.326322280E-3,5.960154533E-1,6.338323653E-2
1.637901934E2,3.515372798E-2,8.788431883E-1,1.688444167E-1
1.638100905E2,1.395496428E-1,9.123989940E-1,3.440804183E-1
1.638299876E2,3.126551211E-1,7.968178391E-1,5.949501991E-1
1.638498848E2,3.494067490E-1,7.057377100E-1,9.086706042E-1
1.638698124E2,-1.278317273E-1,7.723167539E-1,9.875001311E-1
1.638897096E2,-2.221076339E-1,2.780340314E-1,1.034371734E0
1.639096067E2,-4.740426689E-2,-9.374327213E-2,1.096689701E0
1.639294733E2,6.977482140E-2,-7.456851192E-3,1.039698124E0
1.639493705E2,2.929477207E-2,-1.917476021E-2,8.921589851E-1
1.639692676E2,-1.225054078E-2,-2.114549875E-1,7.590008974E-1
1.639891648E2,-1.651159860E-2,-2.759034932E-1,5.342301130E-1
1.640091229E2,-1.118527725E-2,3.659183383E-1,-4.846953228E-2
1.640290506E2,-3.350256681E-1,1.072721362E0,-7.845672965E-1
1.640489477E2,-7.621967196E-1,1.347026944E0,-9.992180467E-1
1.640688449E2,-8.191883564E-1,1.083906531E0,-9.906959534E-1
1.640887420E2,-6.982808709E-1,4.884237647E-1,-1.014131784E0
1.641086697E2,-4.548679292E-1,-3.781688809E-1,-1.183508754E0
1.641285668E2,-2.316950262E-1,-8.287757635E-1,-1.490304947E0
1.641484640E2,-2.604571581E-1,-8.868326545E-1,-1.911084414E0
1.641683611E2,-5.081311464E-1,-1.017327547E0,-2.279665947E0
1.641882277E2,-6.817692518E-1,-8.213189244E-1,-2.433596611E0
1.642081249E2,-5.118595958E-1,-1.070590764E-1,-2.432531357E0
1.642280220E2,-7.936219871E-2,4.308994710E-1,-2.458630323E0
1.642478886E2,4.404868484E-1,7.126619220E-1,-2.443184137E0
1.642677858E2,9.560748339E-1,1.493500710E0,-2.339853287E0
1.642876829E2,2.316950262E-1,3.913249016E0,-2.269546032E0
1.643075495E2,6.178534031E-2,2.394714594E0,-2.234924793E0
1.643274467E2,3.227751255E-1,-1.080710769E0,-1.927063346E0
1.643473438E2,2.428802997E-1,-3.146258593E0,-1.735315800E0
1.643672410E2,-2.593919039E-1,-1.872734904E0,-1.724663138E0
1.643871076E2,-7.669904083E-2,2.269013226E-1,-1.751827359E0
1.644070047E2,2.897519469E-1,6.476807594E-1,-1.688444138E0
1.644269019E2,1.944107562E-1,2.908172011E-1,-1.408812284E0
1.644467990E2,1.320927888E-1,-3.419498801E-1,-9.544769526E-1
1.644666961E2,2.577939928E-1,-8.985505700E-1,-4.921521842E-1
1.644865628E2,2.876214087E-1,-9.081379771E-1,-2.332929224E-1
1.645064904E2,3.265035450E-1,-3.105245829E-1,-2.087918371E-1
1.645263876E2,5.390238166E-1,2.455434501E-1,6.924218964E-3
1.645462847E2,6.498113275E-1,2.700445354E-1,4.873584807E-1
1.645661818E2,7.313040495E-1,-2.929477394E-1,8.239820600E-1
1.645860790E2,6.929545403E-1,-4.372910559E-1,1.190965652E0
1.646059761E2,5.166532397E-1,-3.771036267E-1,1.623463035E0
1.646258733E2,3.499393761E-1,-6.652576327E-1,2.009088755E0
1.646458314E2,5.091964006E-1,-1.043959141E0,2.176335335E0
1.646657591E2,4.884237647E-1,1.118527651E-1,2.226935387E0
1.646856562E2,6.615292430E-1,4.490089715E-1,2.401638746E0
1.647055839E2,8.554073572E-1,-5.086637735E-1,2.163019419E0
1.647254810E2,1.592570394E-1,1.223456264E0,1.357679605E0
1.647454087E2,5.400890708E-1,9.363674521E-1,1.350755334E0
1.647653058E2,2.343581766E-1,1.241033077E-1,1.596831441E0
1.647852640E2,-2.039981484E-1,-1.458347082E0,1.670867324E0
1.648051612E2,-5.933523178E-1,-2.362223864E0,1.146224499E0
1.648250278E2,-9.502158761E-1,-1.891377091E0,6.109291911E-1
1.648449859E2,-8.894958496E-1,-9.097358584E-1,6.370281577E-1
1.648649136E2,-7.669904232E-1,-4.314320982E-1,1.098820329E0
1.648848413E2,-5.065332651E-1,-6.876282096E-1,1.382180691E0
1.649048605E2,-1.331580617E-2,-1.604820848E0,1.362473249E0
1.649249407E2,5.384911895E-1,-2.629072666E0,1.237304688E0
1.649449599E2,9.880327582E-1,-2.980077267E0,1.147822499E0
1.649649486E2,1.305481553E0,-2.171009064E0,1.132908702E0
1.649849678E2,1.223456264E0,-8.580704927E-1,9.747169614E-1
1.650050176E2,7.669904232E-1,1.253816247E0,4.974785149E-1
1.650250673E2,3.462109342E-2,3.406715631E0,-1.544633508E-2
1.650450865E2,-4.767058492E-1,3.290601969E0,-3.776362538E-1
1.650650752E2,-6.029396653E-1,2.662628412E0,-4.282363057E-1
1.650850944E2,-3.424825370E-1,2.122539520E0,-2.274339646E-1
1.651050831E2,-2.130528912E-2,1.337972164E0,1.171790883E-1
1.651250107E2,1.422128081E-1,1.459412277E-1,4.335626364E-1
1.651449689E2,2.620550692E-1,-8.697884083E-1,5.795038939E-1
1.651649576E2,3.925499618E-1,-1.014664412E0,6.077333689E-1
1.651849463E2,2.455434501E-1,-4.138552547E-1,5.635249019E-1
1.652049655E2,-2.609897964E-2,2.290318534E-2,5.699164867E-1
1.652249847E2,-9.906959534E-2,2.290318608E-1,5.853627920E-1
1.652449734E2,-1.395496428E-1,5.257080197E-1,6.285060048E-1
1.652649316E2,-2.631203234E-1,6.620618701E-1,7.089334726E-1
1.652849203E2,-2.913498282E-1,5.725796223E-1,7.739146352E-1
1.653048174E2,-1.731054783E-1,4.799016416E-1,8.404936790E-1
1.653248061E2,-9.108011425E-2,2.380866110E-1,9.869675040E-1
1.653447948E2,-2.556634694E-2,-5.060006380E-1,1.026382327E0
1.653647835E2,8.735168725E-2,-6.199839115E-1,7.904262543E-1
1.653848027E2,5.219795927E-2,-2.077265643E-2,2.636529505E-1
1.654048524E2,-4.271710515E-1,5.512743592E-1,-5.752428174E-1
1.654249022E2,-8.841695189E-1,9.470201135E-1,-1.273523688E0
1.654449519E2,-8.420915604E-1,1.268729925E0,-1.495098710E0
1.654650016E2,-5.651227832E-1,1.119592905E0,-1.525991321E0
1.654850208E2,-2.460760921E-1,6.993461251E-1,-1.749164224E0
1.655049790E2,6.072007492E-2,3.771036267E-1,-2.186987877E0
1.655250592E2,-8.522115648E-2,-1.187769845E-1,-2.538525105E0
1.655451395E2,-6.780408025E-1,-5.001416802E-1,-2.780340195E0
1.655651892E2,-1.231445670E0,-2.024002522E-1,-2.910835028E0
1.655852389E2,-1.209075212E0,1.023186564E0,-3.010437250E0
1.656052581E2,-1.065264493E-1,3.368366241E0,-2.996588945E0
1.656251858E2,1.303883672E0,4.810201645E0,-2.673813820E0
1.656451134E2,1.592570394E-1,2.797384501E0,-2.812830687E0
1.656650106E2,1.262338310E-1,-1.153148770E0,-2.604038954E0
1.656849077E2,1.965412945E-1,-2.822950840E0,-2.318548203E0
1.657048354E2,-1.017327532E-1,-2.174204826E0,-2.120409012E0
1.657247020E2,-2.897519469E-1,8.042746782E-2,-2.188585758E0
1.657445992E2,-1.454086006E-1,9.816411734E-1,-2.189651012E0
1.657644963E2,-6.870955974E-2,1.061003447E0,-1.878593922E0
1.657843629E2,1.549959779E-1,4.340952635E-1,-1.365136385E0
1.658042601E2,4.463458061E-1,-5.161206126E-1,-7.004113793E-1
1.658241572E2,5.070658922E-1,-9.081379771E-1,-4.527373984E-2
1.658440543E2,5.326322317E-1,-6.396912932E-1,3.637878001E-1
1.658639515E2,5.800365210E-1,-8.948221803E-2,7.041398287E-1
1.658839707E2,4.569984376E-1,5.097290277E-1,1.110538244E0
1.659038678E2,3.020024598E-1,7.169229984E-1,1.578189254E0
1.659237955E2,2.444781959E-1,1.810949594E-1,2.006958246E0
1.659438452E2,4.468784332E-1,-1.154746652E0,2.452771425E0
1.659638949E2,4.106594622E-1,-6.593986750E-1,2.627474785E0
1.659839141E2,1.736381054E-1,1.076449752E0,2.728142262E0
1.660038723E2,6.274407506E-1,9.805759192E-1,2.786199093E0
1.660238305E2,8.735168725E-2,1.883387566E0,1.748098969E0
1.660438192E2,8.149272949E-2,1.268729925E0,1.166464567E0
1.660638689E2,-1.145159304E-1,3.131877482E-1,1.218662500E0
1.660839186E2,-2.135855258E-1,-1.046089649E0,1.468466997E0
1.661039378E2,-3.355582952E-1,-2.207227945E0,1.412008047E0
1.661239571E2,-4.404868484E-1,-2.431466103E0,1.051948667E0
1.661439457E2,-4.032025933E-1,-2.074069977E0,1.090298176E0
1.661639955E2,-2.082591951E-1,-2.075667858E0,1.413073301E0
1.661840147E2,2.295644879E-1,-2.522013664E0,1.552090287E0
1.662040644E2,8.048073053E-1,-2.798982382E0,1.476456523E0
1.662240836E2,1.259675264E0,-2.352103949E0,1.304416299E0
1.662440723E2,1.302285790E0,-9.901633263E-1,1.075917125E0
1.662640610E2,8.106662631E-1,1.005077004E0,7.329019308E-1
1.662840802E2,5.006742850E-2,1.696966290E0,2.556634545E-1
1.663040689E2,-4.463458061E-1,1.392300606E0,-1.699096859E-1
1.663240881E2,-5.161206126E-1,1.553688169E0,-4.069310129E-1
1.663440158E2,-2.428802997E-1,2.044242382E0,-3.627225459E-1
1.663639739E2,-6.178534031E-2,1.972869754E0,-6.870955974E-2
1.663839321E2,5.805691332E-2,1.449824929E0,5.858954415E-2
1.664039513E2,2.103897333E-1,7.920241356E-1,6.285060197E-2
1.664239400E2,3.680488765E-1,3.909520507E-1,2.609897852E-1
1.664438982E2,4.213120937E-1,2.524676621E-1,5.177185535E-1
1.664639479E2,-3.318298757E-1,6.285060048E-1,5.784385800E-1
1.664839976E2,-5.134574771E-1,4.777711034E-1,6.221144199E-1
1.665040474E2,-2.705771625E-1,2.769687586E-2,6.801713705E-1
1.665241276E2,-9.108011425E-2,-5.326322280E-4,6.657902598E-1
1.665441468E2,-3.302319720E-2,5.028048158E-1,5.374259353E-1
1.665641660E2,-8.628641814E-2,6.721818447E-1,4.500742257E-1
1.665841852E2,-6.711166352E-2,3.824299276E-1,4.671184719E-1
1.666042350E2,5.326322280E-4,-2.396845073E-2,5.347627401E-1
1.666242847E2,6.817692518E-2,-2.737729549E-1,6.476807594E-1
1.666443344E2,1.187769845E-1,-3.659183383E-1,8.271778226E-1
1.666643536E2,1.720402092E-1,-3.526025414E-1,9.603359103E-1
1.666844034E2,2.300971150E-1,-2.876214087E-1,8.431568146E-1
1.667044531E2,1.107875034E-1,-2.364887148E-1,4.926848114E-1
1.667244723E2,-6.072007492E-2,-2.615224123E-1,2.998719513E-1
1.667445220E2,-9.534116834E-2,-1.054611802E-1,6.178534031E-2
1.667646023E2,-3.025351167E-1,-2.876213938E-2,-3.456783295E-1
1.667846215E2,-5.768406987E-1,-7.989483327E-2,-9.342369437E-1
1.668046407E2,-6.354302764E-1,1.097222418E-1,-1.456749201E0
1.668246904E2,-4.905542731E-1,4.133225977E-1,-1.860484362E0
1.668446791E2,-4.074636400E-1,3.014698327E-1,-2.157160521E0
1.668647593E2,-5.864281058E-1,-2.545982003E-1,-2.394714594E0
1.668848091E2,-7.920241356E-1,-8.996158242E-1,-2.536394596E0
1.669048893E2,-8.154599667E-1,-5.890912414E-1,-2.574744225E0
1.669249390E2,-3.190467060E-1,8.756473660E-1,-2.790992975E0
1.669449888E2,3.627225459E-1,2.272741795E0,-3.192597628E0
1.669650385E2,-2.748382390E-1,3.346528292E0,-3.068494320E0
1.669851187E2,-5.890912414E-1,9.661948681E-1,-2.703108549E0
1.670051990E2,-1.928128600E-1,-1.981391907E0,-2.297242880E0
1.670252487E2,-4.522047639E-1,-2.463423967E0,-2.065015078E0
1.670452984E2,-9.155948162E-1,2.716424316E-2,-2.380866051E0
1.670653787E2,-4.814995229E-1,8.729842305E-1,-2.608832598E0
1.670854589E2,-3.259709179E-1,1.285774231E0,-2.704706430E0
1.671055392E2,-4.511395097E-1,1.682052612E0,-2.615756989E0
1.671256194E2,-2.998719513E-1,9.763149023E-1,-2.377670288E0
1.671456386E2,1.970739290E-2,-5.225121975E-1,-1.939846516E0
1.671657188E2,2.503371537E-1,-1.105211854E0,-1.256479383E0
1.671857991E2,3.957457542E-1,-6.663229465E-1,-6.998787522E-1
1.672058183E2,3.808320463E-1,-5.113269389E-2,-4.484763443E-1
1.672258680E2,2.386192381E-1,7.344998717E-1,-2.620550692E-1
1.672459483E2,1.858886480E-1,1.103081346E0,-4.048004746E-2
1.672659675E2,2.732403278E-1,8.181231022E-1,3.696467578E-1
1.672859562E2,4.442152679E-1,3.632551730E-1,8.777779341E-1
1.673059143E2,5.523396134E-1,-3.163835406E-1,1.405616403E0
1.673259336E2,5.246427655E-1,-1.348092198E0,1.869539142E0
1.673459833E2,3.169161677E-1,-1.832254887E0,2.326537609E0
1.673659720E2,-3.733751774E-1,6.487460732E-1,2.476739883E0
1.673860522E2,4.804342687E-1,1.496163964E0,2.025067806E0
1.674061325E2,7.733820081E-1,2.346245050E0,1.645833611E0
1.674261517E2,4.356931746E-1,1.049285457E-1,1.837581158E0
1.674462319E2,1.288969964E-1,-1.330515265E0,1.639441967E0
1.674662816E2,3.408846259E-2,-1.429052234E0,1.398692250E0
1.674863314E2,-2.151834220E-1,-8.388957381E-1,1.286839485E0
1.675064116E2,-2.359560728E-1,-4.703142643E-1,1.068992853E0
1.675264613E2,-8.948221803E-2,-2.066612989E-1,1.087635040E0
1.675465416E2,-4.953479767E-2,-1.422128081E-1,1.139832973E0
1.675666218E2,6.817692518E-2,-6.231797114E-2,1.317732096E0
1.675866715E2,1.874865443E-1,-3.515372798E-2,1.383245945E0
1.676067518E2,1.443433315E-1,-2.876214087E-1,1.258610010E0
1.676268015E2,1.230380461E-1,-4.058657587E-1,1.085504532E0
1.676468818E2,1.432780623E-1,4.058657587E-1,1.018392801E0
1.676669620E2,1.794970632E-1,3.781688809E-1,9.598032832E-1
1.676870422E2,4.372910559E-1,1.981391907E-1,8.607336879E-1
1.677071225E2,1.699096859E-1,1.068460226E0,7.451524734E-1
1.677272027E2,-2.482066154E-1,1.053013921E0,6.466155052E-1
1.677472830E2,-3.163835406E-1,1.225586772E0,5.917543769E-1
1.677673632E2,-2.082591951E-1,1.088700294E0,8.974853158E-1
1.677874435E2,-8.575379103E-2,5.651227832E-1,1.657551527E0
1.678075237E2,-2.572613657E-1,-4.442152679E-1,1.597896695E0
1.678276039E2,-5.395564437E-1,-7.259777188E-1,1.301753163E0
1.678476537E2,-5.171858668E-1,1.431715488E0,1.546764016E0
1.678677034E2,-1.025849700E0,3.661314011E0,1.446629167E0
1.678877836E2,5.826996565E-1,4.458664417E0,9.097358584E-1
1.679078639E2,1.252218366E0,2.808569670E0,7.547398806E-1
1.679278425E2,1.105744481E0,6.178534031E-1,8.250473142E-1
1.679478616E2,7.185208797E-1,-2.409628153E0,1.457281828E0
1.679678808E2,6.354302764E-1,-3.238404036E0,1.301220536E0
1.679878390E2,2.673813701E-1,-2.708967447E0,9.560748339E-1
1.680078582E2,-5.933523178E-1,-2.300971270E0,1.928128600E-1
1.680279079E2,-1.678856730E0,-1.345961690E0,-3.595267534E-1
1.680479576E2,-1.219727755E0,7.893609405E-1,-1.043959141E0
1.680680378E2,-9.283779860E-1,1.713477850E0,-1.316134214E0
1.680881181E2,-4.085289240E-1,1.595233560E0,-9.885654449E-1
1.681081983E2,9.315737486E-1,1.711879969E0,-9.795106649E-1
1.681282785E2,8.415589333E-1,4.037352204E-1,-1.572330356E0
1.681483588E2,7.163903713E-1,-1.740109444E0,-1.309742689E0
1.681684085E2,3.270362020E-1,-1.707618952E0,-7.419567108E-1
1.681884582E2,2.929477207E-2,7.004113793E-1,-1.992044598E-1
1.682085079E2,-7.627293468E-1,1.546231389E0,2.812298238E-1
1.682285881E2,-2.412824035E-1,1.004544377E0,5.209143162E-1
1.682486378E2,1.052481294E0,-7.568703890E-1,7.472830415E-1
1.682685350E2,2.835733891E0,-2.692988634E0,1.457281828E0
1.682884931E2,4.281297684E0,-3.119094372E0,1.482315540E0
1.683085428E2,1.707618952E0,6.631271243E-1,5.480785370E-1
1.683285010E2,9.427590370E-1,2.306830168E0,4.101268202E-2
1.683484592E2,3.978762627E-1,-7.989483327E-2,5.012069345E-1
1.683685089E2,5.731122494E-1,-1.200020432E0,1.002946496E0
1.683884975E2,8.314388990E-1,-1.860484362E0,9.645969868E-1
1.684084557E2,9.305084944E-1,-1.912149668E0,4.628573954E-1
1.684283833E2,3.957457542E-1,7.456851006E-2,-2.354234457E-1
1.684483415E2,6.008091569E-1,-5.283711553E-1,-9.422264099E-1
1.684682997E2,7.621967196E-1,-1.069525480E0,-1.582450390E0
1.684882883E2,5.070658922E-1,-1.331580579E-1,-1.838646412E0
1.685082160E2,4.213120937E-1,1.043959185E-1,-2.084189892E0
1.685281436E2,-1.917476021E-2,6.764429063E-2,-1.904160261E0
1.685481628E2,-3.850930929E-1,6.226470470E-1,-1.823732734E0
1.685680905E2,-2.093244642E-1,1.066862345E0,-1.993109822E0
1.685881402E2,3.589941263E-1,1.343831062E0,-2.023469925E0
1.686081899E2,6.780408025E-1,1.864212751E0,-2.041579247E0
1.686282091E2,9.166600704E-1,2.127333164E0,-1.851429582E0
1.686482588E2,1.014131784E0,1.753425241E0,-1.219727755E0
1.686683085E2,9.310411215E-1,1.482315540E0,-8.841695189E-1
1.686883582E2,8.660600185E-1,2.296710253E0,-8.181231022E-1
1.687084079E2,7.387608886E-1,2.882072926E0,-5.054680109E-1
1.687284576E2,2.956108749E-1,2.926814079E0,-1.049285457E-1
1.687485379E2,-4.356931746E-1,2.166215181E0,-1.858886480E-1
1.687686181E2,-9.411611557E-1,9.028116465E-1,-2.977414131E-1
1.687886678E2,-1.115331888E0,6.854977012E-1,-3.531351686E-1
1.688087480E2,-1.394963861E0,4.665858448E-1,-1.326254308E-1
1.688287977E2,-1.642637849E0,-4.378236830E-1,8.309062570E-2
1.688488475E2,-1.857821226E0,-5.235774517E-1,7.989482954E-3
1.688688972E2,-2.068210840E0,2.982740402E-1,-1.576591432E-1
1.688889774E2,-2.019208670E0,8.767126203E-1,-7.158577442E-1
1.689089966E2,-1.539307117E0,6.801713705E-1,-1.047687650E0
1.689290463E2,-5.832322836E-1,5.837649107E-1,-1.293763638E0
1.689491265E2,5.289037824E-1,6.194512844E-1,-1.933454990E0
1.689691762E2,1.621332526E0,6.593986750E-1,-2.523611546E0
1.689892565E2,2.800047636E0,7.616640925E-1,-2.376072407E0
1.690092757E2,3.650661230E0,9.629990458E-1,-2.057558298E0
1.690293559E2,4.050668240E0,1.260740519E0,-1.995772958E0
1.690494361E2,4.169445038E0,7.637946010E-1,-1.911617041E0
1.690695163E2,4.185956478E0,2.253034264E-1,-1.563275576E0
1.690895966E2,4.248274803E0,3.163835406E-1,-1.052481294E0
1.691096768E2,4.295146465E0,4.298342168E-1,-6.040049195E-1
1.691297570E2,4.452805519E0,6.599313021E-1,-1.821602285E-1
1.691498373E2,4.638161659E0,8.362326026E-1,3.046656251E-1
1.691699175E2,4.316984177E0,7.478156686E-1,8.958874345E-1
1.691900282E2,3.955327034E0,7.824367285E-1,9.395632744E-1
1.692101085E2,3.595267534E0,7.281082273E-1,1.087102413E0
1.692301887E2,3.153715372E0,1.352885813E-1,1.274588943E0
1.692502689E2,2.393116713E0,-5.326322280E-3,1.481782913E0
1.692703491E2,1.715075731E0,9.715211987E-1,1.537709236E0
1.692904294E2,1.453553319E0,2.176335335E0,9.880327582E-1
1.693105096E2,8.974853158E-1,1.616006136E0,2.817624509E-1
1.693305898E2,6.641923785E-1,8.511462808E-1,-1.503620744E0
1.693506701E2,1.022653878E-1,1.424258590E0,-2.616822243E0
1.693707503E2,-5.123922229E-1,2.441053391E0,-2.058090925E0
1.693908305E2,-5.683186054E-1,5.326322280E-4,3.856257200E-1
1.694109107E2,1.022653878E-1,1.677791476E-1,1.611745119E0
1.694309910E2,1.042361259E0,-3.115898669E-1,1.506283998E0
1.694510712E2,1.155279279E0,9.342369437E-1,1.725728363E-1
1.694711514E2,1.257012039E-1,2.045840502E0,-7.424893379E-1
1.694912317E2,-7.073355913E-1,2.016012907E0,-7.898935676E-1
1.695113119E2,-9.054747820E-1,1.440237522E0,-1.709749401E-1
1.695313921E2,-5.992112756E-1,8.490157723E-1,7.691209316E-1
1.695514723E2,1.225054115E-1,7.462177277E-1,1.238902569E0
1.695715526E2,9.752495885E-1,3.888215125E-1,1.245826840E0
1.695916328E2,1.212803602E0,4.106594622E-1,1.015729666E0
1.696117130E2,8.799084425E-1,5.811017752E-1,6.705839634E-1
1.696317933E2,3.408846259E-1,8.341020942E-1,5.571333170E-1
1.696518735E2,-7.350324839E-2,7.451524734E-1,6.167881489E-1
1.696719537E2,-2.647182047E-1,4.617921412E-1,8.836368918E-1
1.696920339E2,2.077265643E-2,-1.528654546E-1,1.315601587E0
1.697121142E2,3.259709179E-1,7.882957160E-2,1.363005877E0
1.697321944E2,5.523396134E-1,2.663161233E-2,1.452488065E0
1.697522746E2,5.693838596E-1,2.790992856E-1,1.550492406E0
1.697723243E2,3.712446690E-1,6.886934638E-1,1.277784705E0
1.697924046E2,2.274339646E-1,1.032241225E0,1.152083516E0
1.698124848E2,2.652508616E-1,9.539443254E-1,1.229847789E0
1.698325650E2,2.700445354E-1,7.776430249E-1,1.040763378E0
1.698526452E2,2.561961114E-1,5.837649107E-1,9.970875382E-1
1.698727255E2,2.743056118E-1,4.894890189E-1,1.165399313E0
1.698928057E2,2.391518652E-1,6.412891746E-1,1.232510924E0
1.699128859E2,2.844256163E-1,8.788431883E-1,1.192030907E0
1.699329662E2,4.058657587E-1,9.523464441E-1,1.115331888E0
1.699530464E2,5.091964006E-1,8.170578480E-1,1.048220277E0
1.699731266E2,5.102616549E-1,6.040049195E-1,1.007207513E0
1.699932068E2,4.830974340E-1,5.683186054E-1,9.347695708E-1
1.700132871E2,3.776362538E-1,5.305017233E-1,7.968178391E-1
1.700333673E2,1.645833552E-1,3.366235793E-1,6.929545403E-1
1.700534475E2,-5.326322466E-2,7.084008306E-2,6.380934119E-1
1.700734972E2,-1.038632840E-1,-1.129180342E-1,6.018744111E-1
1.700935775E2,-1.491370238E-2,-2.008023560E-1,5.198490620E-1
1.701136577E2,1.012001261E-1,-2.098570913E-1,5.033374429E-1
1.701337379E2,1.523328125E-1,-1.821602285E-1,5.390238166E-1
1.701538182E2,1.486043930E-1,-9.427590668E-2,5.672533512E-1
1.701738984E2,1.304948926E-1,-1.619201899E-1,6.338323355E-1
1.701939481E2,4.793690052E-3,-2.615224123E-1,6.125270724E-1
1.702140283E2,-3.195793331E-1,-2.924150825E-1,4.346278906E-1
1.702341086E2,-6.050702333E-1,-2.423476577E-1,2.902845740E-1
1.702541888E2,-7.094660997E-1,-2.103897333E-1,3.696467578E-1
1.702742385E2,-7.797735929E-1,-2.455434501E-1,4.804342687E-1
1.702943187E2,-7.584682703E-1,-1.747033745E-1,3.488741219E-1
1.703143989E2,-5.118595958E-1,-1.683117896E-1,3.126551211E-1
1.703344487E2,-1.608549356E-1,-1.528654546E-1,2.998719513E-1
1.703545289E2,1.150485575E-1,2.663161233E-2,1.326254308E-1
1.703746091E2,3.036003746E-2,1.896170676E-1,-8.681905270E-2
1.703946588E2,-2.631203234E-1,7.297061384E-2,-2.034655064E-1
1.704147391E2,-5.422195792E-1,2.151834220E-1,-2.098570913E-1
1.704348193E2,-3.563309610E-1,1.837581247E-1,-9.800432622E-2
1.704548995E2,-8.309062570E-2,-1.363538504E-1,1.320927888E-1
1.704749492E2,1.768338978E-1,-5.539375171E-2,1.597896665E-1
1.704950295E2,1.709749401E-1,2.556634694E-2,-3.195793182E-2
1.705151097E2,1.970739216E-1,2.668487430E-1,-1.560612470E-1
1.705351899E2,2.780340314E-1,2.359560728E-1,-1.794970632E-1
1.705552396E2,2.221076339E-1,2.034655064E-1,-9.161274135E-2
1.705753198E2,1.065264456E-2,1.438107044E-1,-3.781688958E-2
1.705954001E2,-1.315601617E-1,1.874865443E-1,2.450108156E-2
1.706154803E2,-1.720402092E-1,3.446130455E-1,8.255799860E-2
1.706355300E2,-1.438107044E-1,3.930825889E-1,7.243798673E-2
1.706556102E2,-1.278317347E-2,2.284992188E-1,2.167813182E-1
1.706756905E2,3.243730366E-1,3.728425503E-1,3.850930929E-1
1.706957707E2,5.123922229E-1,5.342301130E-1,4.442152679E-1
1.707158204E2,5.038700700E-1,6.428871155E-1,3.872236311E-1
1.707359006E2,3.483414650E-1,6.604639888E-1,2.737729549E-1
1.707559809E2,1.869539171E-1,5.821670294E-1,4.026699662E-1
1.707760611E2,1.704423130E-2,3.462109566E-1,5.933523178E-1
1.707961413E2,-1.363538504E-1,3.328951299E-1,5.560680628E-1
1.708161910E2,-1.794970632E-1,4.282363057E-1,4.095941782E-1
1.708362713E2,-2.146507949E-1,4.873584807E-1,3.206445873E-1
1.708563515E2,-2.471413612E-1,5.113269091E-1,3.334277868E-1
1.708764317E2,-1.038632840E-1,4.804342687E-1,4.980111420E-1
1.708965119E2,-2.024002373E-2,3.488741219E-1,6.950850487E-1
1.709165617E2,-1.773665249E-1,3.808320463E-1,5.976133347E-1
1.709366419E2,-2.881540358E-1,6.050702333E-1,4.335626364E-1
1.709567221E2,-3.020024598E-1,5.970807076E-1,4.628573954E-1
1.709768023E2,-1.171790883E-1,5.518069863E-1,6.828345060E-1
1.709968521E2,-5.858954508E-3,5.976133347E-1,7.984157205E-1
1.710169323E2,-8.948221803E-2,5.912217498E-1,7.190535069E-1
1.710370125E2,-2.705771625E-1,5.257080197E-1,5.848301649E-1
1.710570927E2,-4.788363874E-1,3.195793331E-1,5.182511806E-1
1.710771425E2,-6.402239203E-1,2.556634694E-2,4.713795185E-1
1.710972227E2,-7.153250575E-1,-1.869539171E-1,4.564658105E-1
1.711173029E2,-7.233145833E-1,-1.725728363E-1,4.713795185E-1
1.711373831E2,-6.530070901E-1,5.273059011E-2,5.954828262E-1
1.711574634E2,-5.448827744E-1,1.997370869E-1,7.824367285E-1
1.711775436E2,-3.818973005E-1,1.427454352E-1,7.850999236E-1
1.711976238E2,-2.444781959E-1,-7.243798673E-2,5.693838596E-1
1.712177040E2,-1.097222418E-1,-3.179814517E-1,2.514024079E-1
1.712377843E2,1.171790902E-2,-4.303668439E-1,1.054611802E-1
1.712578645E2,-2.609897964E-2,-2.311623842E-1,1.134506613E-1
1.712779447E2,-1.917476021E-2,3.041329980E-1,2.498045117E-1
1.712980250E2,7.723167539E-2,5.022721887E-1,2.673813701E-1
1.713181052E2,1.464738697E-1,5.022721887E-1,3.616572917E-1
1.713381854E2,6.072007492E-2,3.360909224E-1,3.978762627E-1
1.713582351E2,-9.587380290E-2,1.368864775E-1,3.984089196E-1
1.713783154E2,-2.162486911E-1,-2.769687586E-2,3.888215125E-1
1.713983956E2,-2.412824035E-1,-1.464738697E-1,3.850930929E-1
1.714184758E2,-1.193096191E-1,-2.103897333E-1,3.605920076E-1
1.714385255E2,1.155811921E-1,-1.597896665E-1,2.838929892E-1
1.714586058E2,2.886866629E-1,-5.858954415E-2,2.295644879E-1
1.714786860E2,2.886866629E-1,2.663161140E-3,1.784317940E-1
1.714987662E2,1.454086006E-1,-4.900216311E-2,1.070590764E-1
1.715188464E2,-9.054748341E-3,-1.587243974E-1,-1.810949668E-2
1.715389267E2,-7.510114461E-2,-2.002697140E-1,-1.491370201E-1
1.715590069E2,-3.302319720E-2,-2.151834220E-1,-1.890844405E-1
1.715790871E2,9.693906456E-2,-2.183792144E-1,-1.651159972E-1
1.715991674E2,2.530003190E-1,-1.507349163E-1,-2.024002522E-1
1.716192171E2,2.812298238E-1,-8.948221803E-2,-2.103897333E-1
1.716392973E2,2.237055302E-1,-1.384843737E-1,-2.599245310E-1
1.716593775E2,1.427454352E-1,-2.870887816E-1,-2.668487430E-1
1.716794578E2,6.231797114E-2,-4.282363057E-1,-2.865561247E-1
1.716995075E2,4.633900523E-2,-4.213120937E-1,-3.387540877E-1
1.717195877E2,6.444849819E-2,-3.414172530E-1,-3.685815036E-1
1.717396679E2,9.001484513E-2,-2.764361203E-1,-2.748382390E-1
1.717597481E2,8.788431436E-2,-1.704423130E-1,-1.805623323E-1
1.717797979E2,5.219795927E-2,-6.285060197E-2,-1.406149119E-1
1.717998781E2,3.994741663E-2,1.091896072E-1,-1.832254827E-1
1.718199583E2,9.427590668E-2,1.832254827E-1,-1.768338978E-1
1.718400385E2,2.269013226E-1,1.645833552E-1,-2.098570913E-1
1.718600883E2,4.149205089E-1,1.683117896E-1,-1.842907518E-1
1.718801685E2,5.086637735E-1,1.171790883E-1,-4.633900523E-2
1.719002487E2,3.163835406E-1,3.233077526E-1,-2.071939409E-1
1.719203289E2,1.134506613E-1,6.679208279E-1,-3.925499618E-1
1.719403786E2,2.327602804E-1,7.307714224E-1,-2.561961114E-1
1.719604589E2,4.601942301E-1,5.081311464E-1,1.555286050E-1
1.719805391E2,3.781688809E-1,1.624528319E-1,4.122573435E-1
1.720005888E2,2.109223604E-1,-1.155811921E-1,2.503371537E-1
1.720206690E2,3.105245829E-1,1.049285457E-1,-2.450108230E-1
1.720407493E2,5.118595958E-1,5.384911895E-1,-4.905542731E-1
1.720608295E2,7.398261428E-1,8.878979087E-1,-5.992112756E-1
1.720808792E2,9.949570298E-1,1.054079175E0,-9.534116834E-2
1.721009594E2,8.255799413E-1,8.783105612E-1,1.970739216E-1
1.721210397E2,4.905542731E-1,5.512743592E-1,4.154531285E-2
1.721411199E2,2.503371537E-1,1.832254827E-1,-2.242381722E-1
1.721611696E2,6.231797114E-2,-1.139832959E-1,-2.775014043E-1
1.721812498E2,-2.450108156E-2,-1.454086006E-1,-2.263686955E-1
1.722013301E2,9.906959534E-2,-1.065264456E-2,-7.297061384E-2
1.722214103E2,3.600593805E-1,1.747033745E-1,1.544633508E-2
1.722414905E2,5.566006899E-1,3.787015080E-1,-4.420847446E-2
1.722615402E2,5.784385800E-1,4.394215941E-1,-1.411475390E-1
1.722816205E2,-1.635181010E-1,-1.874865443E-1,-1.150485575E-1
1.723017007E2,-8.362326026E-2,-1.331580579E-1,-1.757686399E-2
1.723217504E2,-3.568635881E-2,-5.150553584E-1,-1.400822699E-1
1.723418306E2,-5.858954415E-2,-7.563377619E-1,-1.507349163E-1
1.723619109E2,-1.699096859E-1,-9.954896569E-1,-3.536677957E-1
1.723819911E2,-4.777711034E-1,-1.190433025E0,-3.616572917E-1
1.724020713E2,-6.791061163E-1,-1.227717280E0,-1.768338978E-1
1.724221515E2,-7.137271762E-1,-1.270327806E0,1.012001187E-2
1.724422318E2,-7.829693556E-1,-1.299090028E0,-3.355583176E-2
1.724622815E2,-8.889631629E-1,-1.266599417E0,-1.592570394E-1
1.724823617E2,-8.346347213E-1,-1.243696213E0,-9.693906456E-2
1.725024419E2,-7.270429730E-1,-1.149420381E0,-2.822950855E-2
1.725225222E2,-6.444849968E-1,-1.013066530E0,-3.142530099E-2
1.725426024E2,-5.725796223E-1,-8.042746782E-1,-1.597896684E-3
1.725626521E2,-4.516721368E-1,-5.464806557E-1,2.929477207E-2
1.725827323E2,-3.259709179E-1,-4.814995229E-1,4.527373984E-2
1.726028126E2,-1.619201899E-1,-1.874865443E-1,-4.793690052E-3
1.726228928E2,-3.675162420E-2,-8.415589482E-2,-1.549959779E-1
1.726429730E2,-3.195793182E-2,1.970739290E-2,-2.993393242E-1
1.726630532E2,-1.123853996E-1,1.113201380E-1,-3.648530841E-1
1.726831030E2,-1.432780623E-1,1.837581247E-1,-3.792341352E-1
1.727031832E2,-5.486112088E-2,2.524676621E-1,-3.936152160E-1
1.727232634E2,1.027980223E-1,2.609897852E-1,-3.462109566E-1
1.727433436E2,1.480717659E-1,2.588592768E-1,-2.828277051E-1
1.727634239E2,1.459412277E-1,2.572613657E-1,-1.331580579E-1
1.727835041E2,1.464738697E-1,2.753708661E-1,-6.018744037E-2
1.728035843E2,1.246359423E-1,3.435477912E-1,-1.043959185E-1
1.728236646E2,5.432848632E-2,3.850930929E-1,-1.635181010E-1
1.728437448E2,-3.568635881E-2,3.451456726E-1,-1.635181010E-1
1.728637945E2,-1.416801661E-1,2.343581766E-1,-1.470064968E-1
1.728838747E2,-1.773665249E-1,9.001484513E-2,-1.454086006E-1
1.729039550E2,-1.113201380E-1,1.651159860E-2,-1.736381054E-1
1.729240352E2,-5.379585549E-2,3.888215125E-2,-2.189118415E-1
1.729441154E2,1.384843793E-2,8.096009493E-2,-1.571265012E-1
1.729641956E2,6.711166352E-2,7.989483327E-2,-2.290318534E-2
1.729842759E2,1.107875034E-1,-7.456851192E-3,6.870955974E-2
1.730043561E2,1.006674916E-1,-1.118527651E-1,3.888215125E-2
1.730244363E2,2.609897964E-2,-2.114549875E-1,-7.989483327E-2
1.730444860E2,-8.575379103E-2,-2.716424465E-1,-2.119876295E-1
1.730645663E2,-2.119876295E-1,-2.609897852E-1,-9.960222989E-2
1.730846465E2,-2.423476577E-1,-2.173139453E-1,6.870955974E-2
1.731047267E2,-1.203748807E-1,-1.518001854E-1,1.896170676E-1
1.731248069E2,0.000000000E0,-1.544633508E-2,2.460760921E-1
1.731448872E2,1.315601617E-1,5.166532472E-2,1.539307088E-1
1.731649674E2,2.162486911E-1,1.454086006E-1,6.711166352E-2
1.731850171E2,1.677791476E-1,2.205097377E-1,6.870955974E-2
1.732050973E2,1.810949668E-2,2.748382390E-1,4.740426689E-2
1.732251776E2,-1.491370238E-2,3.398193717E-1,-5.060006306E-2
1.732452578E2,6.338323653E-2,3.802994192E-1,-6.551376730E-2
1.732653075E2,1.459412277E-1,3.989415467E-1,-6.072007492E-2
1.732853877E2,2.024002522E-1,3.941478431E-1,3.515372798E-2
1.733054680E2,1.928128600E-1,3.701793849E-1,1.448759735E-1
1.733255482E2,1.331580579E-1,3.249056637E-1,2.114549875E-1
1.733456284E2,-1.139832959E-1,2.993393242E-1,1.560612470E-1
1.733657087E2,-5.129248500E-1,7.403588295E-2,1.155811921E-1
1.733857584E2,-2.753708661E-1,-9.960222989E-2,7.350324839E-2
1.734058691E2,-1.033306494E-1,-2.199771106E-1,1.107875034E-1
