"Time (s)","Acceleration x (m/s^2)","Acceleration y (m/s^2)","Acceleration z (m/s^2)"
1.801553900E-2,-2.671586514E0,4.161118507E0,6.327819347E0
3.827236100E-2,-2.322234392E0,3.662813187E0,6.641279221E0
5.839027800E-2,-2.044667006E0,3.351746321E0,6.717849731E0
7.866444500E-2,-1.484148264E0,3.514458179E0,6.209972858E0
9.893809100E-2,-1.096511006E0,2.956332445E0,6.715456963E0
1.192111640E-1,-9.218349457E-1,1.914856315E0,7.194021225E0
1.394840280E-1,-7.830511928E-1,1.381256819E0,7.766504288E0
1.597564240E-1,-4.618147612E-1,1.307079315E0,8.669196129E0
1.800286640E-1,4.785645287E-3,1.400399446E0,9.183652878E0
2.003007470E-1,1.124626622E-1,1.520040631E0,8.913264275E0
2.205726740E-1,6.801598072E-1,6.580262184E-1,9.665208817E0
2.408444450E-1,1.716850281E0,-2.829512656E-1,1.038604641E1
2.611161640E-1,2.307877541E0,-5.533402562E-1,9.636494637E0
2.813878300E-1,3.323032379E0,-1.298106313E-1,1.005045319E1
3.016593930E-1,4.170690060E0,1.122832060E0,1.085982513E1
3.219309030E-1,4.012763500E0,1.055832982E0,9.904491425E0
3.422023090E-1,2.566900492E0,5.240281820E-1,8.798408508E0
3.624737680E-1,1.678565025E0,8.614161611E-1,8.614161491E0
3.827452260E-1,2.571686029E0,9.738788009E-1,9.476176262E0
4.030166320E-1,3.122035265E0,4.713860750E-1,1.022273636E1
4.232879860E-1,2.913859844E0,2.560320199E-1,1.090528965E1
4.435593410E-1,2.830111027E0,5.168496966E-1,1.181037426E1
4.638346010E-1,2.128415823E0,8.925228715E-1,1.114696407E1
4.841405910E-1,2.013560295E0,7.010970116E-1,9.681958199E0
5.043727780E-1,2.576471806E0,6.699903607E-1,8.779266357E0
5.246442360E-1,3.416950703E0,1.113260746E0,8.784051895E0
5.449156950E-1,4.242474556E0,9.690931439E-1,9.245866776E0
5.651870490E-1,4.491926193E0,2.392822653E-1,9.157332420E0
5.854584550E-1,3.950550079E0,-3.499503136E-1,8.874979019E0
6.057298090E-1,2.947359324E0,-4.504488707E-1,9.042476654E0
6.260011640E-1,3.536591768E0,-1.298106313E-1,1.001456070E1
6.464012160E-1,4.561318398E0,-3.379862010E-1,1.009113121E1
6.665438200E-1,4.439284325E0,-7.974081635E-1,9.961918831E0
6.868151220E-1,4.472783566E0,-1.104287624E0,1.050568771E1
7.070864760E-1,4.072584152E0,-1.176072359E0,1.046500969E1
7.273577780E-1,4.177868366E0,-7.591229677E-1,9.760921478E0
7.477577780E-1,4.386044025E0,-6.897311211E-1,9.190832138E0
7.679003820E-1,4.374079704E0,-6.418746710E-1,9.202795982E0
7.881716840E-1,5.039882660E0,8.853443712E-2,8.819944382E0
8.085482470E-1,4.884349346E0,1.962114573E-1,9.147761345E0
8.282184030E-1,3.395415306E0,-9.098708034E-1,9.399605751E0
8.486184030E-1,2.861217737E0,-1.070788145E0,9.921240807E0
8.690184030E-1,3.351746321E0,-9.984052777E-1,1.012941647E1
8.894184030E-1,4.376472473E0,-8.548358679E-1,8.903693199E0
9.097918930E-1,3.464807272E0,-1.494317770E0,8.946763992E0
9.300622050E-1,3.354139090E0,-3.969692707E0,1.137906837E1
9.504640800E-1,1.932204247E0,-2.655434847E0,1.029691410E1
9.706081430E-1,2.760719061E0,-1.697707653E0,1.106082249E1
9.908804860E-1,1.781456470E0,-1.841277003E0,9.729815483E0
1.011152674E0,2.796611547E0,-1.417747378E0,9.552745819E0
1.031423924E0,3.615555048E0,-8.931210637E-1,8.642875671E0
1.051824653E0,2.698505640E0,-6.107679605E-1,8.937192917E0
1.071967830E0,3.854837179E0,-1.257428288E0,8.963513374E0
1.092239549E0,5.983253002E0,-2.011167526E0,8.379665375E0
1.112511268E0,5.655436516E0,-1.640279889E0,7.024130821E0
1.132782830E0,5.188237667E0,-2.350948304E-1,7.541578770E0
1.153054341E0,4.144368649E0,2.321037948E-1,9.245866776E0
1.173325851E0,4.716851711E0,-8.673982322E-2,9.409176826E0
1.193597257E0,5.398806095E0,-8.524430394E-1,8.609375954E0
1.213868716E0,4.496711731E0,-1.293320656E0,6.909275532E0
1.234140122E0,4.611567497E0,-1.960918188E0,5.743372440E0
1.254411476E0,5.818148136E0,-2.404188633E0,7.182057381E0
1.274682830E0,5.985645771E0,-3.071786165E0,8.247461319E0
1.294954184E0,6.399604321E0,-2.708076954E0,8.568697929E0
1.315225486E0,7.791030407E0,2.886940479E0,8.072785378E0
1.335496789E0,8.422736168E0,5.161318302E0,3.478565931E0
1.355768143E0,8.248059273E0,3.978665829E0,2.075773716E0
1.376039497E0,6.291927338E0,1.610967875E0,5.590231895E0
1.396310799E0,2.248056889E0,3.681955814E0,1.028973579E1
1.416582049E0,4.908277512E0,6.221339107E-1,8.901300430E0
1.436982049E0,5.298307419E0,1.172483116E-1,8.580661774E0
1.457124705E0,5.995217323E0,6.053841114E-1,7.730611801E0
1.477396007E0,5.370092392E0,3.638885021E0,8.427521706E0
1.497667309E0,7.926225066E-1,8.666803360E0,6.346961975E0
1.517938611E0,9.028717995E0,1.761715651E0,1.831107497E0
1.538209914E0,5.281557560E0,4.689932466E-1,2.963510752E0
1.558609914E0,6.198606968E0,-9.888339639E-1,4.969892502E0
1.578752518E0,7.676175117E0,-9.050851464E-1,8.209176064E0
1.599023820E0,6.546164513E0,-1.015154958E0,8.120641708E0
1.619295174E0,4.211368084E0,-1.561316729E0,7.371688366E0
1.639566424E0,1.731207132E0,-1.202393413E0,6.969096184E0
1.659966424E0,1.094118118E0,-5.676971674E-1,7.357331276E0
1.680109080E0,1.261615753E0,1.507478207E-1,8.312665939E0
1.700380382E0,1.482353687E0,2.991028428E-1,8.338987350E0
1.720651684E0,1.590030670E0,3.589234054E-1,9.166903496E0
1.740922986E0,3.122035265E0,2.727817893E-1,9.488140106E0
1.761194289E0,3.550948858E0,-3.649054468E-2,9.746564865E0
1.781465643E0,3.565305710E0,1.818545163E-1,1.023709393E1
1.801736997E0,4.414757729E0,6.652047038E-1,9.792028427E0
1.822008299E0,5.516652584E0,1.252044439E0,8.386843681E0
1.842279601E0,6.464210510E0,1.244866014E0,7.412366390E0
1.862550903E0,7.110870838E0,1.328614831E0,7.900502205E0
1.882822257E0,7.980063438E0,1.016949654E0,7.924430370E0
1.903093559E0,8.408378601E0,8.901300430E-1,7.697112083E0
1.923364914E0,9.189037323E0,3.278166950E-1,7.527221680E0
1.943636216E0,1.066181946E1,4.785645287E-3,7.146164894E0
1.963907518E0,1.169791126E1,-1.752742529E-1,6.385247231E0
1.984178872E0,1.215314579E1,-5.916253924E-1,5.396413326E0
2.004450174E0,1.222732353E1,-6.586244106E-1,4.747360229E0
2.024721528E0,1.233260822E1,-7.782655358E-1,4.060021877E0
2.044992830E0,1.255035496E1,-7.926225066E-1,3.136392355E0
2.065264184E0,1.281655598E1,-1.027119160E0,1.979462504E0
2.085535539E0,1.306540966E1,-1.000798106E0,1.223330617E0
2.105935539E0,1.245224857E1,-9.601200819E-1,8.518448472E-1
2.126078195E0,1.161655617E1,-6.729813814E-1,4.235295951E-1
2.146349549E0,1.150887871E1,-5.126622319E-1,-4.552344978E-1
2.166620903E0,1.161176968E1,-5.557330847E-1,-1.386640668E0
2.186892257E0,1.151844978E1,-5.270192027E-1,-1.822134495E0
2.207163611E0,1.118584728E1,-4.289134443E-1,-2.313261271E0
2.227434966E0,1.070489025E1,-3.667000830E-1,-2.442473650E0
2.247834966E0,1.016351414E1,-7.716853172E-2,-2.452044964E0
2.267977674E0,9.579067230E0,-2.542374134E-1,-2.001596212E0
2.288377674E0,9.495318413E0,-4.193421602E-1,-1.477568030E0
2.308520382E0,9.845269203E0,-4.217349887E-1,-9.290133715E-1
2.328791736E0,9.854840279E0,-1.848455518E-1,-1.221535921E0
2.349191736E0,9.129216194E0,-8.434699476E-2,-1.982453585E0
2.369334497E0,8.743971825E0,1.411765367E-1,-2.641077995E0
2.389605851E0,8.801400185E0,1.555334777E-1,-2.873181820E0
2.409877257E0,9.138788223E0,1.722832322E-1,-3.187239647E0
2.430148611E0,9.078967094E0,1.507478207E-1,-2.880360365E0
2.450548611E0,8.966505051E0,2.368894368E-1,-2.121835470E0
2.470691372E0,9.620343208E0,2.057827413E-1,-1.441675663E0
2.490962778E0,1.001755238E1,2.871387303E-1,-8.476574421E-1
2.511234184E0,1.036211872E1,2.488535494E-1,-6.921239495E-1
2.531505486E0,1.043629551E1,3.254238665E-1,-7.710871100E-1
2.551905486E0,1.041715336E1,3.924229145E-1,-1.496710539E0
2.572048351E0,1.035494041E1,9.714859724E-1,-3.124428272E0
2.592319757E0,1.012044334E1,1.153938770E0,-3.093321562E0
2.612591164E0,9.952945709E0,1.067797065E0,-2.027917147E0
2.632862518E0,1.002233791E1,1.283151150E0,-2.109871387E0
2.653133924E0,9.521639824E0,1.335793257E0,-1.913061738E0
2.673405330E0,8.233702660E0,1.472184181E0,4.977070987E-1
2.693676789E0,5.712863922E0,2.114058733E0,1.402792215E0
2.713948247E0,6.425925255E0,2.214557409E0,-2.219941139E0
2.734219653E0,9.172286987E0,1.862214208E0,-4.408177376E0
2.754491059E0,8.997611046E0,1.709073544E0,-3.730410576E0
2.774762466E0,7.266404152E0,1.118046403E0,-1.987239242E0
2.795033924E0,4.554139614E0,1.792822361E0,-5.820540786E-1
2.815305330E0,4.089334011E0,1.381256819E0,-8.572286963E-1
2.835576736E0,5.602794170E0,1.417149186E0,-5.940182209E-1
2.855848195E0,6.692126751E0,9.643075466E-1,1.014556766E0
2.876119601E0,6.208178520E0,2.105683982E-1,-2.877967358E0
2.896391059E0,8.629117012E0,-1.149751306E0,-4.960919380E0
2.916662466E0,9.124430656E0,-1.056431174E0,-4.575675011E0
2.936933924E0,1.062772179E1,-2.205584288E0,6.915257573E-1
2.957205382E0,1.154716396E1,-2.995215654E0,4.744967461E0
2.977476841E0,1.146102238E1,-4.740779877E0,2.000998020E0
2.997748299E0,8.980861664E0,-7.060621262E0,1.268195957E-1
3.018019757E0,6.524629116E0,-7.118049145E0,-9.571290575E-3
3.038291216E0,4.321437836E0,-7.824530125E0,-9.433703423E-1
3.058562674E0,5.624329567E0,-8.154739380E0,-2.887538671E0
3.078834132E0,7.278368473E0,-1.314915848E1,-2.906681299E0
3.099105591E0,6.425925255E0,-1.356371498E1,-6.299105883E-1
3.119377049E0,7.944170952E0,-1.500957870E1,-2.767897606E0
3.139648559E0,5.355735302E0,-1.159561825E1,-4.053441525E0
3.159920018E0,4.333401680E0,-7.465606689E0,-1.085145116E0
3.180191528E0,5.578866005E0,-8.078168869E0,-1.515853167E0
3.200462986E0,5.429912567E0,-8.562117577E0,-2.080559254E0
3.220734497E0,4.467998028E0,-8.787042618E0,-1.948953986E0
3.241005955E0,3.859622955E0,-8.373085022E0,-1.520638824E0
3.261277466E0,3.900300980E0,-8.674580574E0,-1.592423439E0
3.281548976E0,4.165904045E0,-8.968897820E0,-1.532602906E0
3.301820486E0,4.342973232E0,-8.420941353E0,-1.793420553E0
3.322091945E0,4.352544308E0,-7.968099594E0,-1.408176184E0
3.342363455E0,4.791028976E0,-7.606783390E0,-1.444068432E0
3.362634966E0,4.714458942E0,-5.566901684E0,-1.183250785E0
3.382906528E0,5.145166874E0,-6.723233223E0,-6.418746710E-1
3.403178091E0,4.774279594E0,-9.393025398E0,-7.016952634E-1
3.423449601E0,3.390629768E0,-8.240880966E0,-1.726421595E0
3.443721111E0,2.758326292E0,-8.428119659E0,-2.150549412E0
3.463992622E0,2.387438774E0,-1.032383347E1,-1.683350682E0
3.484264184E0,3.409772158E0,-9.615557671E0,-1.365105271E0
3.504535695E0,2.406581402E0,-8.554939270E0,-2.528615236E0
3.524807257E0,9.122636318E-1,-9.141180992E0,-2.976073265E0
3.545078820E0,-9.984052777E-1,-9.742377281E0,-2.483151674E0
3.565350330E0,-2.755335331E0,-1.060917759E1,-1.192822099E0
3.585621893E0,-2.537588358E0,-1.127677536E1,-1.257428288E0
3.605893455E0,1.000798106E0,-1.105663490E1,-9.505487680E-1
3.626165018E0,1.731207132E0,-1.126002502E1,-1.195214868E0
3.646436528E0,4.504488707E-1,-1.070967579E1,-1.726421595E0
3.666708143E0,-1.627119333E-1,-1.025444126E1,-6.155536175E-1
3.686979705E0,-2.368894368E-1,-1.018265629E1,-3.930211067E-1
3.707251268E0,-3.661018610E-1,-1.007258701E1,-7.064808607E-1
3.727522830E0,-2.536391914E-1,-1.010608673E1,-8.524430394E-1
3.747922830E0,-2.488535494E-1,-1.019940662E1,-1.142572761E0
3.768066007E0,-4.929214716E-1,-1.012283611E1,-1.613958836E0
3.788337622E0,-6.460621357E-1,-9.713663101E0,-2.066202402E0
3.808581841E0,-1.986042857E-1,-8.173882484E0,-2.068595171E0
3.828578820E0,1.314856052E0,-7.891529083E0,-1.834098577E0
3.848978820E0,1.113260746E0,-9.462417603E0,-2.172084808E0
3.869393559E0,8.117650747E-1,-1.027119160E1,-1.381855130E0
3.889686372E0,7.417750359E-2,-1.056132126E1,-1.166501045E0
3.909959705E0,3.403790295E-1,-9.981659889E0,-2.044667006E0
3.930231216E0,3.810569942E-1,-9.577272415E0,-1.975275040E0
3.950632830E0,2.368894368E-1,-9.627521515E0,-1.482353687E0
3.970777257E0,7.896314561E-2,-9.694520950E0,-1.494317770E0
3.991049809E0,1.435693651E-1,-9.737591743E0,-1.424925923E0
4.011322205E0,2.368894368E-1,-9.773484230E0,-1.453639746E0
4.031593768E0,2.009970993E-1,-9.723235130E0,-1.484746456E0
4.051994445E0,1.172483116E-1,-9.696913719E0,-1.520638824E0
4.072138143E0,7.417750359E-2,-9.737591743E0,-1.618744493E0
4.092410174E0,4.307080805E-2,-9.713663101E0,-1.668993831E0
4.112682101E0,5.982056633E-2,-9.670592308E0,-1.688136339E0
4.132954028E0,1.124626622E-1,-9.680164337E0,-1.764706731E0
4.153225851E0,1.627119333E-1,-9.720842361E0,-1.855633974E0
4.173497570E0,1.674975902E-1,-9.704092026E0,-1.836491346E0
4.193769393E0,1.196411327E-1,-9.716055870E0,-1.834098577E0
4.214041111E0,8.374879509E-2,-9.754341125E0,-1.869990945E0
4.234312882E0,1.411765367E-1,-9.684949875E0,-1.910668850E0
4.254584497E0,2.536391914E-1,-9.653842926E0,-1.841277003E0
4.274856216E0,3.714857101E-1,-9.637093544E0,-1.791027784E0
4.295127882E0,4.600201547E-1,-9.596415520E0,-1.786242127E0
4.315399601E0,5.030909777E-1,-9.617950439E0,-1.779063582E0
4.335671320E0,5.294120312E-1,-9.663414001E0,-1.731207132E0
4.355942934E0,5.341976285E-1,-9.742377281E0,-1.647458434E0
4.376214601E0,5.126622319E-1,-9.708877563E0,-1.580459356E0
4.396486268E0,4.887340367E-1,-9.672985077E0,-1.590030670E0
4.416757934E0,5.676971674E-1,-9.577272415E0,-1.410568953E0
4.437029601E0,5.916253924E-1,-9.756733894E0,-1.503889084E0
4.457301268E0,5.557330847E-1,-9.751948357E0,-1.386640668E0
4.477572934E0,4.480560422E-1,-9.704092026E0,-1.448854089E0
4.497844549E0,5.341976285E-1,-9.706484795E0,-1.386640668E0
4.518116268E0,5.557330847E-1,-9.680164337E0,-1.343569875E0
4.538387934E0,6.251249313E-1,-9.754341125E0,-1.288534999E0
4.558659601E0,5.676971674E-1,-9.857233047E0,-1.326820135E0
4.578931268E0,5.341976285E-1,-9.761520386E0,-1.278963685E0
4.599202934E0,5.270192027E-1,-9.711270332E0,-1.243071318E0
4.619474601E0,4.983053207E-1,-9.756733894E0,-1.238285661E0
4.639746268E0,4.935196638E-1,-9.771091461E0,-1.192822099E0
4.660017934E0,4.504488707E-1,-9.780662537E0,-1.024726272E0
4.680289549E0,3.834498227E-1,-9.818947792E0,-1.046261668E0
4.700561216E0,3.140579760E-1,-9.833304405E0,-1.056431174E0
4.720832934E0,2.949153781E-1,-9.852447510E0,-1.051047325E0
4.741104601E0,2.662015259E-1,-9.785448074E0,-9.266205430E-1
4.761376268E0,2.105683982E-1,-9.749555588E0,-7.854440212E-1
4.781647934E0,2.368894368E-1,-9.696913719E0,-7.710871100E-1
4.801919601E0,4.360919297E-1,-9.723235130E0,-8.045865893E-1
4.822191268E0,7.256234884E-1,-9.809376717E0,-7.950153351E-1
4.842462934E0,7.591229677E-1,-9.840482712E0,-7.878368497E-1
4.862734601E0,6.897311211E-1,-9.806983948E0,-7.902296782E-1
4.883006268E0,6.227321029E-1,-9.802198410E0,-8.452646136E-1
4.903277986E0,5.605186820E-1,-9.806983948E0,-8.811569214E-1
4.923549653E0,5.174478889E-1,-9.864411354E0,-8.548358679E-1
4.943821320E0,5.820540786E-1,-9.785448074E0,-8.476574421E-1
4.964092986E0,5.198407173E-1,-9.785448074E0,-8.093722463E-1
4.984364653E0,5.318048596E-1,-9.852447510E0,-8.691928387E-1
5.004636320E0,5.724828243E-1,-9.895518303E0,-9.361918569E-1
5.024908039E0,5.174478889E-1,-9.816555023E0,-8.165507317E-1
5.045179705E0,4.743770957E-1,-9.845269203E0,-9.720842242E-1
5.065451372E0,4.576273263E-1,-9.797411919E0,-8.979067206E-1
5.085723039E0,3.762713671E-1,-9.835697174E0,-1.007976532E0
5.105994705E0,4.001995921E-1,-9.828518867E0,-9.792626500E-1
5.126266424E0,4.863412082E-1,-9.771091461E0,-1.041476011E0
5.146666424E0,6.107679605E-1,-9.675378799E0,-1.075573802E0
5.166809757E0,6.107679605E-1,-9.598808289E0,-1.039083242E0
5.187081424E0,6.179464459E-1,-9.637093544E0,-9.960124493E-1
5.207353143E0,6.275177598E-1,-9.728020668E0,-1.058824062E0
5.227624809E0,6.107679605E-1,-9.737591743E0,-1.036690354E0
5.248024809E0,5.246263742E-1,-9.763913155E0,-9.912267923E-1
5.268168195E0,4.504488707E-1,-9.732806206E0,-9.242277741E-1
5.288439861E0,4.289134443E-1,-9.735198975E0,-8.763712645E-1
5.308711528E0,4.313062727E-1,-9.780662537E0,-8.931210637E-1
5.328983195E0,4.576273263E-1,-9.763913155E0,-8.452646136E-1
5.349383195E0,4.384847581E-1,-9.809376717E0,-7.519445419E-1
5.369526580E0,4.456632137E-1,-9.814162254E0,-7.543373108E-1
5.389798247E0,3.786641955E-1,-9.811769485E0,-7.088736892E-1
5.410069914E0,3.595215976E-1,-9.790233612E0,-6.801598072E-1
5.430341632E0,4.145565331E-1,-9.871589661E0,-6.538388133E-1
5.450741632E0,4.145565331E-1,-9.840482712E0,-7.088736892E-1
5.470884966E0,4.265206456E-1,-9.828518867E0,-6.945167780E-1
5.491156684E0,4.289134443E-1,-9.826126099E0,-6.227321029E-1
5.511428351E0,5.246263742E-1,-9.876375198E0,-6.658028960E-1
5.531700018E0,5.294120312E-1,-9.804591179E0,-6.681957245E-1
5.551971684E0,6.011967063E-1,-9.754341125E0,-6.299105883E-1
5.572243403E0,6.059823632E-1,-9.804591179E0,-6.610172391E-1
5.592515070E0,6.418746710E-1,-9.790233612E0,-7.184450030E-1
5.612786736E0,7.040880919E-1,-9.823733330E0,-6.610172391E-1
5.633058403E0,6.729813814E-1,-9.912267685E0,-5.437689424E-1
5.653330070E0,6.011967063E-1,-9.845269203E0,-5.294120312E-1
5.673601789E0,5.676971674E-1,-9.783055305E0,-6.083751321E-1
5.693873455E0,6.299105883E-1,-9.775876999E0,-6.251249313E-1
5.714145122E0,6.275177598E-1,-9.852447510E0,-5.605186820E-1
5.734416789E0,5.772684813E-1,-9.888339996E0,-5.653043389E-1
5.754688455E0,5.724828243E-1,-9.804591179E0,-5.030909777E-1
5.774960174E0,5.318048596E-1,-9.773484230E0,-5.844469070E-1
5.795231841E0,6.346961856E-1,-9.692128181E0,-6.011967063E-1
5.815503507E0,6.753742099E-1,-9.749555588E0,-6.083751321E-1
5.835775174E0,6.418746710E-1,-9.816555023E0,-6.227321029E-1
5.856046841E0,5.916253924E-1,-9.876375198E0,-6.059823632E-1
5.876318559E0,5.629115105E-1,-9.833304405E0,-5.916253924E-1
5.896590226E0,5.485545993E-1,-9.826126099E0,-5.222335458E-1
5.916861893E0,5.461617708E-1,-9.838089943E0,-5.150550604E-1
5.937133559E0,4.695914388E-1,-9.857233047E0,-4.289134443E-1
5.957401268E0,3.954139352E-1,-9.859625816E0,-3.667000830E-1
5.977638403E0,3.499503136E-1,-9.864411354E0,-3.499503136E-1
5.997949236E0,3.355933726E-1,-9.905089378E0,-4.360919297E-1
6.018220747E0,3.332005441E-1,-9.862018585E0,-4.791627228E-1
6.038492309E0,3.499503136E-1,-9.811769485E0,-4.624129832E-1
6.058763872E0,3.427718580E-1,-9.806983948E0,-4.097708762E-1
6.079035486E0,2.973082066E-1,-9.838089943E0,-4.456632137E-1
6.099307153E0,3.332005441E-1,-9.857233047E0,-5.222335458E-1
6.119578768E0,3.978067636E-1,-9.895518303E0,-6.131607890E-1
6.139850382E0,4.049852192E-1,-9.873982430E0,-6.634100676E-1
6.160122049E0,4.097708762E-1,-9.773484230E0,-7.280163169E-1
6.180393664E0,5.318048596E-1,-9.768698692E0,-7.543373108E-1
6.200665278E0,6.490531564E-1,-9.802198410E0,-7.710871100E-1
6.220936945E0,5.868397355E-1,-9.833304405E0,-7.902296782E-1
6.241208611E0,5.485545993E-1,-9.785448074E0,-7.399803996E-1
6.261480278E0,6.370890141E-1,-9.775876999E0,-7.710871100E-1
6.281751893E0,7.495517135E-1,-9.816555023E0,-8.021938205E-1
6.302023507E0,8.189435601E-1,-9.787840843E0,-7.782655358E-1
6.322295174E0,8.955138922E-1,-9.696913719E0,-7.639086246E-1
6.342566841E0,9.218349457E-1,-9.720842361E0,-8.093722463E-1
6.362838507E0,8.835497499E-1,-9.735198975E0,-8.955138922E-1
6.383110122E0,9.577272534E-1,-9.771091461E0,-9.337990284E-1
6.403381789E0,8.787640929E-1,-9.799804688E0,-9.577272534E-1
6.423653403E0,7.878368497E-1,-9.795019150E0,-1.029511929E0
6.443925070E0,7.567301393E-1,-9.785448074E0,-1.066002488E0
6.464196684E0,6.897311211E-1,-9.780662537E0,-1.034297585E0
6.484468351E0,6.203392744E-1,-9.718449593E0,-9.337990284E-1
6.504739966E0,5.078766346E-1,-9.763913155E0,-8.452646136E-1
6.525011632E0,3.379862010E-1,-9.778269768E0,-8.356932998E-1
6.545283247E0,2.081755698E-1,-9.795019150E0,-8.668000102E-1
6.565554914E0,1.794617027E-1,-9.795019150E0,-9.074779749E-1
6.585826528E0,1.363908947E-1,-9.811769485E0,-9.002995491E-1
6.606098143E0,9.810572863E-2,-9.804591179E0,-9.122636318E-1
6.626365799E0,1.268195957E-1,-9.785448074E0,-9.266205430E-1
6.646602882E0,2.536391914E-1,-9.814162254E0,-9.505487680E-1
6.666913611E0,3.379862010E-1,-9.821340561E0,-9.792626500E-1
6.687185122E0,4.025924206E-1,-9.792626381E0,-9.457631707E-1
6.707456632E0,4.336991012E-1,-9.823733330E0,-9.649057388E-1
6.727728299E0,5.102694035E-1,-9.792626381E0,-1.012762189E0
6.748128195E0,5.581258535E-1,-9.761520386E0,-1.003190875E0
6.768271372E0,6.323033571E-1,-9.792626381E0,-9.840483069E-1
6.788542986E0,6.275177598E-1,-9.766305923E0,-9.984052777E-1
6.808806684E0,6.227321029E-1,-9.763913155E0,-1.058824062E0
6.828999757E0,6.945167780E-1,-9.763913155E0,-9.960124493E-1
6.849405226E0,7.136593461E-1,-9.725627899E0,-1.000798106E0
6.869627622E0,7.351947427E-1,-9.718449593E0,-1.015154958E0
6.889899497E0,7.112665176E-1,-9.701699257E0,-1.017547846E0
6.910171424E0,7.543373108E-1,-9.687342644E0,-1.054038405E0
6.930443039E0,7.710871100E-1,-9.716055870E0,-1.024726272E0
6.950843247E0,7.734799385E-1,-9.706484795E0,-9.888339639E-1
6.970986528E0,7.567301393E-1,-9.723235130E0,-9.960124493E-1
6.991258299E0,8.237292171E-1,-9.725627899E0,-1.003190875E0
7.011530070E0,8.476574421E-1,-9.773484230E0,-9.864411354E-1
7.031801684E0,8.428717852E-1,-9.759127617E0,-9.672985673E-1
7.052201736E0,8.093722463E-1,-9.754341125E0,-9.457631707E-1
7.072345018E0,8.045865893E-1,-9.732806206E0,-9.409775138E-1
7.092616632E0,7.902296782E-1,-9.749555588E0,-9.242277741E-1
7.112888247E0,7.734799385E-1,-9.763913155E0,-9.433703423E-1
7.133159861E0,7.830511928E-1,-9.744770050E0,-9.409775138E-1
7.153431476E0,7.663014531E-1,-9.739984512E0,-9.242277741E-1
7.173703039E0,7.304090858E-1,-9.754341125E0,-8.620143533E-1
7.193974705E0,6.346961856E-1,-9.785448074E0,-8.237292171E-1
7.214246268E0,5.389832854E-1,-9.809376717E0,-7.686942816E-1
7.234517830E0,4.719842672E-1,-9.830911636E0,-7.447660565E-1
7.254789393E0,4.097708762E-1,-9.814162254E0,-7.208378315E-1
7.275061059E0,3.810569942E-1,-9.771091461E0,-7.208378315E-1
7.295332622E0,4.313062727E-1,-9.756733894E0,-7.304090858E-1
7.315604184E0,5.174478889E-1,-9.773484230E0,-7.543373108E-1
7.335875747E0,5.389832854E-1,-9.747162819E0,-7.758727670E-1
7.356147309E0,5.078766346E-1,-9.833304405E0,-8.333004713E-1
7.376418872E0,5.102694035E-1,-9.862018585E0,-8.404789567E-1
7.396690434E0,4.576273263E-1,-9.883553505E0,-8.045865893E-1
7.416961997E0,4.193421602E-1,-9.859625816E0,-7.974081635E-1
7.437233507E0,3.930211067E-1,-9.866804123E0,-7.423732281E-1
7.457505070E0,4.552344978E-1,-9.804591179E0,-7.304090858E-1
7.477776632E0,5.318048596E-1,-9.759127617E0,-6.777670383E-1
7.498048195E0,5.078766346E-1,-9.744770050E0,-5.700899959E-1
7.518319757E0,5.437689424E-1,-9.768698692E0,-5.581258535E-1
7.538591216E0,5.533402562E-1,-9.797411919E0,-6.035895348E-1
7.558862830E0,5.437689424E-1,-9.809376717E0,-6.370890141E-1
7.579134393E0,5.150550604E-1,-9.821340561E0,-6.466603279E-1
7.599405851E0,5.222335458E-1,-9.854840279E0,-7.280163169E-1
7.619677466E0,5.437689424E-1,-9.890732765E0,-7.471588850E-1
7.639948976E0,5.054838061E-1,-9.854840279E0,-7.950153351E-1
7.660220486E0,5.557330847E-1,-9.830911636E0,-8.572286963E-1
7.680492049E0,5.940182209E-1,-9.821340561E0,-8.333004713E-1
7.700763559E0,5.844469070E-1,-9.780662537E0,-7.950153351E-1
7.721035070E0,6.035895348E-1,-9.759127617E0,-7.663014531E-1
7.741306580E0,5.868397355E-1,-9.759127617E0,-7.782655358E-1
7.761578091E0,5.605186820E-1,-9.766305923E0,-8.021938205E-1
7.781849653E0,5.724828243E-1,-9.754341125E0,-7.926225066E-1
7.802121164E0,5.940182209E-1,-9.754341125E0,-8.093722463E-1
7.822392674E0,6.323033571E-1,-9.754341125E0,-8.452646136E-1
7.842664184E0,6.514459848E-1,-9.809376717E0,-8.883354068E-1
7.862935643E0,6.466603279E-1,-9.795019150E0,-9.242277741E-1
7.883207101E0,6.442674994E-1,-9.778269768E0,-9.744769931E-1
7.903478611E0,6.945167780E-1,-9.756733894E0,-9.649057388E-1
7.923750122E0,7.064808607E-1,-9.747162819E0,-9.074779749E-1
7.944021632E0,7.040880919E-1,-9.732806206E0,-8.500502706E-1
7.964293143E0,6.849454641E-1,-9.742377281E0,-8.285148144E-1
7.984564601E0,6.299105883E-1,-9.749555588E0,-8.380861282E-1
8.004836111E0,5.676971674E-1,-9.761520386E0,-8.404789567E-1
8.025107622E0,5.748756528E-1,-9.775876999E0,-8.285148144E-1
8.045379080E0,6.059823632E-1,-9.795019150E0,-7.974081635E-1
8.065650591E0,6.299105883E-1,-9.816555023E0,-8.141579032E-1
8.085922049E0,6.227321029E-1,-9.792626381E0,-8.620143533E-1
8.106193507E0,6.107679605E-1,-9.783055305E0,-8.524430394E-1
8.126465018E0,5.796613097E-1,-9.802198410E0,-8.165507317E-1
8.146736476E0,5.892325640E-1,-9.809376717E0,-7.686942816E-1
8.167007986E0,5.533402562E-1,-9.854840279E0,-8.165507317E-1
8.187279445E0,5.318048596E-1,-9.862018585E0,-8.596215248E-1
8.207550903E0,4.983053207E-1,-9.854840279E0,-8.189435601E-1
8.227822361E0,4.935196638E-1,-9.818947792E0,-7.974081635E-1
8.248222361E0,4.576273263E-1,-9.814162254E0,-7.998009920E-1
8.268365278E0,4.528416991E-1,-9.845269203E0,-8.404789567E-1
8.288636736E0,4.983053207E-1,-9.766305923E0,-8.285148144E-1
8.308908195E0,4.695914388E-1,-9.768698692E0,-8.237292171E-1
8.329179653E0,4.384847581E-1,-9.783055305E0,-7.998009920E-1
8.349579653E0,3.954139352E-1,-9.804591179E0,-8.237292171E-1
8.369722570E0,4.408775866E-1,-9.799804688E0,-8.333004713E-1
8.389994028E0,5.102694035E-1,-9.780662537E0,-8.141579032E-1
8.410265434E0,4.648058116E-1,-9.785448074E0,-7.902296782E-1
8.430536893E0,4.456632137E-1,-9.816555023E0,-8.117650747E-1
8.450936893E0,4.743770957E-1,-9.811769485E0,-8.452646136E-1
8.471079757E0,4.959124923E-1,-9.814162254E0,-8.572286963E-1
8.491351164E0,5.174478889E-1,-9.830911636E0,-8.691928387E-1
8.511622622E0,6.346961856E-1,-9.732806206E0,-8.763712645E-1
8.531894028E0,7.160521746E-1,-9.718449593E0,-8.955138922E-1
8.552165434E0,7.615157962E-1,-9.723235130E0,-9.984052777E-1
8.572436893E0,8.524430394E-1,-9.728020668E0,-9.960124493E-1
8.592708299E0,7.806583643E-1,-9.749555588E0,-9.792626500E-1
8.612979705E0,7.328019142E-1,-9.823733330E0,-1.007976532E0
8.633251111E0,7.328019142E-1,-9.838089943E0,-1.058824062E0
8.653522518E0,5.700899959E-1,-9.787840843E0,-1.128215909E0
8.673793924E0,6.562315822E-1,-9.684949875E0,-1.017547846E0
8.694065382E0,7.926225066E-1,-9.677771568E0,-1.135394335E0
8.714336789E0,8.811569214E-1,-9.716055870E0,-1.209571838E0
8.734608143E0,8.356932998E-1,-9.716055870E0,-1.204786181E0
8.754879497E0,7.519445419E-1,-9.756733894E0,-1.281356573E0
8.775150903E0,7.423732281E-1,-9.828518867E0,-1.389033556E0
8.795422309E0,8.213363886E-1,-9.763913155E0,-1.362712502E0
8.815693716E0,8.333004713E-1,-9.649057388E0,-1.348355532E0
8.835965070E0,9.505487680E-1,-9.629914284E0,-1.336391449E0
8.856236476E0,1.082154036E0,-9.728020668E0,-1.448854089E0
8.876507882E0,1.156331539E0,-9.761520386E0,-1.597209096E0
8.896779236E0,1.043868899E0,-9.725627899E0,-1.609173179E0
8.917050643E0,8.691928387E-1,-9.677771568E0,-1.582852125E0
8.937321997E0,7.686942816E-1,-9.625128746E0,-1.659422517E0
8.957593351E0,7.399803996E-1,-9.639486313E0,-1.745564103E0
8.977864757E0,6.634100676E-1,-9.668199539E0,-1.759921074E0
8.998136111E0,6.107679605E-1,-9.665806770E0,-1.695314884E0
9.018407518E0,6.011967063E-1,-9.651450157E0,-1.695314884E0
9.038678872E0,5.892325640E-1,-9.699306488E0,-1.826920033E0
9.058950226E0,5.605186820E-1,-9.716055870E0,-1.948953986E0
9.079221580E0,6.658028960E-1,-9.641879082E0,-1.980060697E0
9.099492934E0,8.763712645E-1,-9.601201057E0,-1.944168448E0
9.119764289E0,9.888339639E-1,-9.610772133E0,-1.934597135E0
9.140035643E0,9.290133715E-1,-9.579665184E0,-1.901097536E0
9.160306997E0,6.945167780E-1,-9.644271851E0,-1.886740685E0
9.180578351E0,4.959124923E-1,-9.653842926E0,-1.932204247E0
9.200849705E0,3.978067636E-1,-9.692128181E0,-1.867598057E0
9.221121007E0,4.097708762E-1,-9.692128181E0,-1.783849239E0
9.241392361E0,4.313062727E-1,-9.675378799E0,-1.743171334E0
9.261663716E0,5.030909777E-1,-9.713663101E0,-1.726421595E0
9.281935018E0,4.959124923E-1,-9.661021233E0,-1.783849239E0
9.302206372E0,5.126622319E-1,-9.672985077E0,-1.881955028E0
9.322477674E0,5.581258535E-1,-9.608379364E0,-1.958525300E0
9.342749028E0,7.064808607E-1,-9.589237213E0,-2.015953064E0
9.363020330E0,8.165507317E-1,-9.594022751E0,-1.977667928E0
9.383291684E0,8.309076428E-1,-9.584450722E0,-2.006381750E0
9.403562986E0,8.021938205E-1,-9.534201622E0,-2.085345030E0
9.423834341E0,7.519445419E-1,-9.512666702E0,-2.126621008E0
9.444105643E0,7.950153351E-1,-9.584450722E0,-2.061416626E0
9.464376945E0,7.040880919E-1,-9.644271851E0,-1.977667928E0
9.484648247E0,5.892325640E-1,-9.610772133E0,-1.975275040E0
9.504919549E0,5.916253924E-1,-9.649057388E0,-1.910668850E0
9.525190851E0,6.370890141E-1,-9.680164337E0,-1.836491346E0
9.545462153E0,6.466603279E-1,-9.637093544E0,-1.786242127E0
9.565733455E0,7.040880919E-1,-9.637093544E0,-1.848455548E0
9.586004809E0,8.141579032E-1,-9.663414001E0,-1.898704767E0
9.606276007E0,8.811569214E-1,-9.632308006E0,-1.936989903E0
9.626547257E0,1.000798106E0,-9.613164902E0,-1.891526341E0
9.646937466E0,1.015154958E0,-9.656235695E0,-1.932204247E0
9.667089966E0,9.744769931E-1,-9.620343208E0,-1.963310957E0
9.687361268E0,9.744769931E-1,-9.684949875E0,-1.929811478E0
9.707632518E0,8.739784956E-1,-9.641879082E0,-1.917847395E0
9.727903768E0,6.538388133E-1,-9.570094109E0,-1.869990945E0
9.748303768E0,6.346961856E-1,-9.577272415E0,-1.898704767E0
9.768446320E0,7.567301393E-1,-9.558130264E0,-1.932204247E0
9.788717622E0,9.912267923E-1,-9.598808289E0,-1.953739643E0
9.808996841E0,9.960124493E-1,-9.672985077E0,-2.049452543E0
9.829353195E0,7.591229677E-1,-9.594022751E0,-2.133799553E0
9.849684809E0,7.064808607E-1,-9.672985077E0,-2.129014015E0
9.869799601E0,6.442674994E-1,-9.610772133E0,-2.059023857E0
9.890071476E0,7.040880919E-1,-9.577272415E0,-2.056631088E0
9.910343195E0,6.801598072E-1,-9.744770050E0,-2.117049932E0
9.930614497E0,6.418746710E-1,-9.744770050E0,-1.996810555E0
9.951014966E0,5.772684813E-1,-9.356534958E0,-1.908276081E0
9.971157778E0,5.700899959E-1,-9.069396019E0,-2.008774519E0
9.991429289E0,8.596215248E-1,-9.541379929E0,-2.023131609E0
1.001170075E1,8.883354068E-1,-9.900303841E0,-1.977667928E0
1.003197200E1,7.280163169E-1,-9.785448074E0,-1.898704767E0
1.005237215E1,5.126622319E-1,-9.888339996E0,-1.652244091E0
1.007251481E1,3.044866920E-1,-1.008933640E1,-1.379462242E0
1.009278616E1,1.076770201E-1,-1.013240719E1,-1.259821177E0
1.011305747E1,2.033899277E-1,-9.692128181E0,-1.578066587E0
1.013332877E1,6.035895348E-1,-9.287142754E0,-1.934597135E0
1.015360007E1,9.649057388E-1,-9.210572243E0,-2.119442701E0
1.017387137E1,1.295115232E0,-9.395418167E0,-2.253440619E0
1.019414267E1,1.381855130E0,-9.562915802E0,-2.499901533E0
1.021441387E1,1.201795220E0,-9.481559753E0,-2.688934565E0
1.023468512E1,1.055832982E0,-9.493523598E0,-2.715255499E0
1.025495632E1,9.936196208E-1,-9.546165466E0,-2.602792740E0
1.027522762E1,9.242277741E-1,-9.567701340E0,-2.459223509E0
1.029549887E1,8.548358679E-1,-9.560523033E0,-2.298904419E0
1.031577007E1,7.615157962E-1,-9.488738060E0,-2.112264156E0
1.033604127E1,7.040880919E-1,-9.464810371E0,-2.054238319E0
1.035631252E1,8.237292171E-1,-9.531808853E0,-2.075773716E0
1.037658372E1,8.931210637E-1,-9.577272415E0,-2.167299032E0
1.039685497E1,9.122636318E-1,-9.498309135E0,-2.279761791E0
1.041712616E1,1.051047325E0,-9.476774216E0,-2.370688915E0
1.043739741E1,1.134796143E0,-9.479166985E0,-2.418545485E0
1.045766861E1,1.216152072E0,-9.471988678E0,-2.447259426E0
1.047793981E1,1.156331539E0,-9.493523598E0,-2.435295343E0
1.049821106E1,1.024726272E0,-9.515059471E0,-2.375474691E0
1.051848226E1,9.529415965E-1,-9.527023315E0,-2.291725874E0
1.053875346E1,9.314061999E-1,-9.529416084E0,-2.222334146E0
1.055902465E1,9.290133715E-1,-9.534201622E0,-2.167299032E0
1.057929585E1,9.768698215E-1,-9.574879646E0,-2.117049932E0
1.059956700E1,9.601200819E-1,-9.598808289E0,-2.082952023E0
1.061983814E1,9.505487680E-1,-9.591629982E0,-2.112264156E0
1.064010934E1,9.601200819E-1,-9.560523033E0,-2.129014015E0
1.066038059E1,9.744769931E-1,-9.577272415E0,-2.145763636E0
1.068065174E1,9.768698215E-1,-9.586843491E0,-2.117049932E0
1.070092288E1,9.194421172E-1,-9.594022751E0,-2.129014015E0
1.072119408E1,9.409775138E-1,-9.574879646E0,-2.152942181E0
1.074146528E1,9.577272534E-1,-9.565308571E0,-2.198405743E0
1.076173642E1,9.409775138E-1,-9.567701340E0,-2.196012974E0
1.078200762E1,9.098708034E-1,-9.565308571E0,-2.169692039E0
1.080227877E1,9.242277741E-1,-9.567701340E0,-2.188834429E0
1.082254991E1,9.457631707E-1,-9.536594391E0,-2.203191519E0
1.084282111E1,9.122636318E-1,-9.546165466E0,-2.191227436E0
1.086309226E1,9.146564603E-1,-9.574879646E0,-2.184048891E0
1.088336340E1,8.979067206E-1,-9.574879646E0,-2.227119684E0
1.090363460E1,9.242277741E-1,-9.555737495E0,-2.236690998E0
1.092390575E1,9.266205430E-1,-9.555737495E0,-2.200798512E0
1.094417684E1,9.050851464E-1,-9.553344727E0,-2.196012974E0
1.096444804E1,9.218349457E-1,-9.553344727E0,-2.224726915E0
1.098471918E1,8.907282352E-1,-9.536594391E0,-2.229512453E0
1.100499038E1,9.026923180E-1,-9.567701340E0,-2.239083767E0
1.102526153E1,9.290133715E-1,-9.553344727E0,-2.231905222E0
1.104553267E1,9.074779749E-1,-9.550951958E0,-2.215155602E0
1.106580382E1,9.218349457E-1,-9.541379929E0,-2.229512453E0
1.108607491E1,9.170492887E-1,-9.543772697E0,-2.188834429E0
1.110634606E1,9.242277741E-1,-9.555737495E0,-2.179263115E0
1.112662517E1,9.122636318E-1,-9.558130264E0,-2.198405743E0
1.114696554E1,9.577272534E-1,-9.567701340E0,-2.231905222E0
1.116715830E1,9.936196208E-1,-9.560523033E0,-2.174477577E0
1.118742971E1,1.005583763E0,-9.546165466E0,-2.181656122E0
1.120770106E1,9.960124493E-1,-9.527023315E0,-2.222334146E0
1.122797210E1,9.744769931E-1,-9.550951958E0,-2.229512453E0
1.124837226E1,1.019940615E0,-9.555737495E0,-2.212762833E0
1.126851460E1,1.029511929E0,-9.562915802E0,-2.188834429E0
1.128878580E1,9.960124493E-1,-9.548559189E0,-2.181656122E0
1.130905700E1,1.005583763E0,-9.555737495E0,-2.198405743E0
1.132932814E1,1.003190875E0,-9.541379929E0,-2.191227436E0
1.134972820E1,1.003190875E0,-9.560523033E0,-2.188834429E0
1.136987049E1,9.816554785E-1,-9.560523033E0,-2.184048891E0
1.139014163E1,1.003190875E0,-9.543772697E0,-2.205584288E0
1.141041273E1,1.022333503E0,-9.527023315E0,-2.227119684E0
1.143068382E1,1.022333503E0,-9.531808853E0,-2.200798512E0
1.145108387E1,9.912267923E-1,-9.529416084E0,-2.229512453E0
1.147122601E1,9.984052777E-1,-9.555737495E0,-2.236690998E0
1.149149710E1,1.012762189E0,-9.550951958E0,-2.229512453E0
1.151176825E1,9.864411354E-1,-9.524630547E0,-2.222334146E0
1.153203934E1,9.768698215E-1,-9.529416084E0,-2.231905222E0
1.155243934E1,1.015154958E0,-9.527023315E0,-2.239083767E0
1.157258153E1,1.036690354E0,-9.512666702E0,-2.236690998E0
1.159285262E1,1.019940615E0,-9.541379929E0,-2.236690998E0
1.161312366E1,1.029511929E0,-9.555737495E0,-2.210369825E0
1.163339476E1,1.000798106E0,-9.553344727E0,-2.207977057E0
1.182083445E1,9.816554785E-1,-9.562915802E0,-2.229512453E0
1.184110549E1,1.029511929E0,-9.538987160E0,-2.253440619E0
1.186137653E1,1.019940615E0,-9.534201622E0,-2.253440619E0
1.188164762E1,1.005583763E0,-9.538987160E0,-2.258226395E0
1.190191866E1,1.019940615E0,-9.524630547E0,-2.286940336E0
1.192218971E1,9.960124493E-1,-9.505488396E0,-2.272583246E0
1.194258971E1,1.019940615E0,-9.529416084E0,-2.258226395E0
1.196273179E1,1.029511929E0,-9.538987160E0,-2.253440619E0
1.198300283E1,1.005583763E0,-9.529416084E0,-2.277369022E0
1.200327387E1,9.864411354E-1,-9.519845009E0,-2.248655081E0
1.202354491E1,9.720842242E-1,-9.553344727E0,-2.234298229E0
1.204394491E1,9.768698215E-1,-9.558130264E0,-2.248655081E0
1.206408700E1,9.768698215E-1,-9.524630547E0,-2.277369022E0
1.208435804E1,9.960124493E-1,-9.534201622E0,-2.277369022E0
1.210462903E1,1.024726272E0,-9.519845009E0,-2.258226395E0
1.212490007E1,1.043868899E0,-9.534201622E0,-2.263011932E0
1.214530007E1,1.048654556E0,-9.534201622E0,-2.263011932E0
1.216544210E1,9.912267923E-1,-9.524630547E0,-2.243869543E0
1.218571314E1,1.005583763E0,-9.553344727E0,-2.239083767E0
1.220598413E1,1.039083242E0,-9.553344727E0,-2.215155602E0
1.222625517E1,1.034297585E0,-9.543772697E0,-2.234298229E0
1.224665517E1,1.043868899E0,-9.553344727E0,-2.243869543E0
1.226679721E1,1.024726272E0,-9.562915802E0,-2.229512453E0
1.228706820E1,1.010369420E0,-9.529416084E0,-2.219941139E0
1.230733918E1,1.029511929E0,-9.529416084E0,-2.239083767E0
1.232761017E1,1.039083242E0,-9.534201622E0,-2.239083767E0
1.234788122E1,1.039083242E0,-9.553344727E0,-2.229512453E0
1.236815221E1,1.019940615E0,-9.553344727E0,-2.263011932E0
1.238842320E1,1.024726272E0,-9.534201622E0,-2.272583246E0
1.240869418E1,1.024726272E0,-9.529416084E0,-2.234298229E0
1.242896517E1,1.024726272E0,-9.519845009E0,-2.215155602E0
1.244936517E1,9.960124493E-1,-9.538987160E0,-2.229512453E0
1.246950814E1,9.768698215E-1,-9.538987160E0,-2.248655081E0
1.248977898E1,1.010369420E0,-9.529416084E0,-2.253440619E0
1.251004976E1,1.039083242E0,-9.548559189E0,-2.253440619E0
1.253032059E1,9.960124493E-1,-9.529416084E0,-2.248655081E0
1.255059148E1,9.864411354E-1,-9.529416084E0,-2.243869543E0
1.257086241E1,9.720842242E-1,-9.548559189E0,-2.215155602E0
1.259113325E1,9.912267923E-1,-9.553344727E0,-2.215155602E0
1.261140418E1,9.912267923E-1,-9.529416084E0,-2.253440619E0
1.263167512E1,9.816554785E-1,-9.519845009E0,-2.277369022E0
1.265194606E1,1.000798106E0,-9.538987160E0,-2.272583246E0
1.267221705E1,1.043868899E0,-9.538987160E0,-2.263011932E0
1.269248799E1,1.024726272E0,-9.519845009E0,-2.243869543E0
1.271275892E1,9.864411354E-1,-9.529416084E0,-2.205584288E0
1.273302991E1,9.672985673E-1,-9.548559189E0,-2.210369825E0
1.275330085E1,9.672985673E-1,-9.572486877E0,-2.205584288E0
1.277357174E1,9.912267923E-1,-9.572486877E0,-2.200798512E0
1.279384273E1,9.720842242E-1,-9.567701340E0,-2.196012974E0
1.281411366E1,9.529415965E-1,-9.567701340E0,-2.200798512E0
1.283438460E1,9.768698215E-1,-9.553344727E0,-2.205584288E0
1.285465559E1,9.768698215E-1,-9.553344727E0,-2.196012974E0
1.287492653E1,9.672985673E-1,-9.548559189E0,-2.200798512E0
1.289519747E1,9.768698215E-1,-9.548559189E0,-2.219941139E0
1.291546840E1,1.019940615E0,-9.553344727E0,-2.243869543E0
1.293573934E1,1.039083242E0,-9.543772697E0,-2.234298229E0
1.295601028E1,1.010369420E0,-9.538987160E0,-2.219941139E0
1.297628122E1,1.005583763E0,-9.529416084E0,-2.219941139E0
1.299655215E1,1.019940615E0,-9.538987160E0,-2.224726915E0
1.301682309E1,1.039083242E0,-9.553344727E0,-2.239083767E0
1.303709403E1,1.034297585E0,-9.553344727E0,-2.229512453E0
1.305736497E1,1.019940615E0,-9.543772697E0,-2.224726915E0
1.307763590E1,1.029511929E0,-9.538987160E0,-2.196012974E0
1.309790679E1,9.864411354E-1,-9.543772697E0,-2.200798512E0
1.311817773E1,9.577272534E-1,-9.538987160E0,-2.191227436E0
1.313844866E1,9.481559992E-1,-9.577272415E0,-2.200798512E0
1.315871955E1,9.529415965E-1,-9.567701340E0,-2.205584288E0
1.317899049E1,1.005583763E0,-9.515059471E0,-2.205584288E0
1.319926142E1,1.000798106E0,-9.510273933E0,-2.229512453E0
1.321953231E1,1.067797065E0,-9.543772697E0,-2.239083767E0
1.323980320E1,1.029511929E0,-9.553344727E0,-2.258226395E0
1.326007413E1,1.043868899E0,-9.534201622E0,-2.263011932E0
1.328034502E1,1.043868899E0,-9.534201622E0,-2.234298229E0
1.330061596E1,1.019940615E0,-9.524630547E0,-2.205584288E0
1.332088684E1,1.005583763E0,-9.543772697E0,-2.196012974E0
1.334115767E1,1.015154958E0,-9.558130264E0,-2.229512453E0
1.336142866E1,1.010369420E0,-9.562915802E0,-2.239083767E0
1.338169955E1,9.864411354E-1,-9.548559189E0,-2.243869543E0
1.340197043E1,9.672985673E-1,-9.534201622E0,-2.229512453E0
1.342224132E1,9.960124493E-1,-9.519845009E0,-2.215155602E0
1.344264132E1,1.005583763E0,-9.519845009E0,-2.224726915E0
1.346278309E1,1.034297585E0,-9.529416084E0,-2.224726915E0
1.348305403E1,1.019940615E0,-9.548559189E0,-2.224726915E0
1.350332486E1,1.048654556E0,-9.558130264E0,-2.234298229E0
1.352359580E1,1.053440213E0,-9.538987160E0,-2.234298229E0
1.354399580E1,1.058225870E0,-9.519845009E0,-2.234298229E0
1.356413747E1,1.000798106E0,-9.524630547E0,-2.258226395E0
1.358440840E1,1.034297585E0,-9.524630547E0,-2.258226395E0
1.360467929E1,1.029511929E0,-9.548559189E0,-2.224726915E0
1.362495017E1,1.043868899E0,-9.538987160E0,-2.239083767E0
1.364535017E1,1.029511929E0,-9.543772697E0,-2.243869543E0
1.366549195E1,1.019940615E0,-9.548559189E0,-2.234298229E0
1.368576278E1,9.912267923E-1,-9.553344727E0,-2.224726915E0
1.370603366E1,1.005583763E0,-9.543772697E0,-2.248655081E0
1.372630455E1,1.015154958E0,-9.529416084E0,-2.258226395E0
1.374670455E1,1.024726272E0,-9.538987160E0,-2.248655081E0
1.376684627E1,1.034297585E0,-9.543772697E0,-2.248655081E0
1.378711710E1,1.019940615E0,-9.538987160E0,-2.234298229E0
1.380738799E1,1.043868899E0,-9.553344727E0,-2.229512453E0
1.382765882E1,1.053440213E0,-9.524630547E0,-2.253440619E0
1.384792970E1,9.960124493E-1,-9.500701904E0,-2.296511650E0
1.386820054E1,1.048654556E0,-9.500701904E0,-2.286940336E0
1.388847137E1,1.106082320E0,-9.510273933E0,-2.267797709E0
1.390874226E1,1.072582722E0,-9.524630547E0,-2.277369022E0
1.392901309E1,1.058225870E0,-9.515059471E0,-2.277369022E0
1.394928392E1,1.039083242E0,-9.534201622E0,-2.263011932E0
1.396955476E1,1.005583763E0,-9.548559189E0,-2.224726915E0
1.398982564E1,1.024726272E0,-9.524630547E0,-2.215155602E0
1.401009648E1,1.010369420E0,-9.529416084E0,-2.224726915E0
1.403036731E1,1.019940615E0,-9.553344727E0,-2.229512453E0
1.405063814E1,1.000798106E0,-9.548559189E0,-2.258226395E0
1.407090898E1,1.005583763E0,-9.543772697E0,-2.253440619E0
1.409117981E1,9.960124493E-1,-9.524630547E0,-2.215155602E0
1.411145064E1,9.960124493E-1,-9.543772697E0,-2.205584288E0
1.413172148E1,1.019940615E0,-9.562915802E0,-2.224726915E0
1.415199226E1,1.039083242E0,-9.519845009E0,-2.267797709E0
1.417226314E1,1.067797065E0,-9.515059471E0,-2.272583246E0
1.419253392E1,1.086939692E0,-9.529416084E0,-2.277369022E0
1.421280476E1,1.086939692E0,-9.519845009E0,-2.291725874E0
1.423307559E1,1.072582722E0,-9.524630547E0,-2.296511650E0
1.425334697E1,1.053440213E0,-9.519845009E0,-2.296511650E0
1.427361775E1,1.039083242E0,-9.519845009E0,-2.286940336E0
1.429388859E1,1.029511929E0,-9.529416084E0,-2.248655081E0
1.431415942E1,9.960124493E-1,-9.543772697E0,-2.210369825E0
1.433443020E1,9.625129104E-1,-9.534201622E0,-2.229512453E0
1.435470098E1,1.005583763E0,-9.529416084E0,-2.243869543E0
1.437497182E1,1.024726272E0,-9.510273933E0,-2.234298229E0
1.439524265E1,1.034297585E0,-9.510273933E0,-2.263011932E0
1.441551338E1,1.091725349E0,-9.543772697E0,-2.310868502E0
1.443578426E1,1.091725349E0,-9.534201622E0,-2.325225353E0
1.445605505E1,1.072582722E0,-9.491130829E0,-2.315654039E0
1.447632588E1,1.144367456E0,-9.505488396E0,-2.310868502E0
1.449659666E1,1.115653515E0,-9.529416084E0,-2.282154560E0
1.451686744E1,1.072582722E0,-9.524630547E0,-2.296511650E0
1.453713822E1,1.048654556E0,-9.500701904E0,-2.282154560E0
1.455740906E1,9.960124493E-1,-9.524630547E0,-2.267797709E0
1.457767984E1,1.019940615E0,-9.529416084E0,-2.267797709E0
1.459795062E1,1.077368379E0,-9.534201622E0,-2.253440619E0
1.461822145E1,9.720842242E-1,-9.558130264E0,-2.234298229E0
1.463849223E1,9.385846853E-1,-9.538987160E0,-2.219941139E0
1.465876302E1,1.019940615E0,-9.553344727E0,-2.200798512E0
1.467903380E1,1.019940615E0,-9.553344727E0,-2.215155602E0
1.469930458E1,9.768698215E-1,-9.548559189E0,-2.191227436E0
1.471957536E1,1.000798106E0,-9.572486877E0,-2.176870346E0
1.473984614E1,9.960124493E-1,-9.572486877E0,-2.215155602E0
1.476011692E1,1.015154958E0,-9.548559189E0,-2.219941139E0
1.478038770E1,1.043868899E0,-9.543772697E0,-2.200798512E0
1.480065843E1,1.077368379E0,-9.515059471E0,-2.224726915E0
1.482092921E1,1.067797065E0,-9.529416084E0,-2.243869543E0
1.484119999E1,1.063011408E0,-9.543772697E0,-2.291725874E0
1.486147078E1,1.048654556E0,-9.534201622E0,-2.282154560E0
1.488174156E1,1.048654556E0,-9.519845009E0,-2.243869543E0
1.490201229E1,1.086939692E0,-9.500701904E0,-2.243869543E0
1.492228307E1,1.039083242E0,-9.519845009E0,-2.282154560E0
1.494268307E1,1.029511929E0,-9.534201622E0,-2.282154560E0
1.496282458E1,1.063011408E0,-9.524630547E0,-2.277369022E0
1.498309531E1,1.048654556E0,-9.519845009E0,-2.296511650E0
1.500336609E1,1.043868899E0,-9.529416084E0,-2.272583246E0
1.502363687E1,1.005583763E0,-9.534201622E0,-2.258226395E0
1.504403687E1,1.010369420E0,-9.515059471E0,-2.277369022E0
1.506417838E1,1.048654556E0,-9.538987160E0,-2.306082726E0
1.508444911E1,1.048654556E0,-9.529416084E0,-2.277369022E0
1.510471984E1,1.039083242E0,-9.515059471E0,-2.267797709E0
1.512499062E1,1.077368379E0,-9.500701904E0,-2.253440619E0
1.514539062E1,1.096511006E0,-9.510273933E0,-2.258226395E0
1.516553208E1,1.086939692E0,-9.519845009E0,-2.315654039E0
1.518580281E1,1.077368379E0,-9.534201622E0,-2.320439816E0
1.520607359E1,1.125224829E0,-9.519845009E0,-2.310868502E0
1.522634432E1,1.134796143E0,-9.524630547E0,-2.286940336E0
1.524674432E1,1.082154036E0,-9.515059471E0,-2.243869543E0
1.526688578E1,1.024726272E0,-9.524630547E0,-2.248655081E0
1.528715650E1,1.000798106E0,-9.534201622E0,-2.234298229E0
1.530742723E1,1.010369420E0,-9.553344727E0,-2.234298229E0
1.532769791E1,1.010369420E0,-9.553344727E0,-2.248655081E0
1.534796869E1,1.019940615E0,-9.524630547E0,-2.263011932E0
1.536823942E1,1.034297585E0,-9.543772697E0,-2.253440619E0
1.538851015E1,1.019940615E0,-9.548559189E0,-2.282154560E0
1.540878088E1,1.029511929E0,-9.505488396E0,-2.310868502E0
1.542905156E1,1.043868899E0,-9.510273933E0,-2.306082726E0
1.544932229E1,1.072582722E0,-9.519845009E0,-2.306082726E0
1.546959302E1,1.043868899E0,-9.524630547E0,-2.301297188E0
1.548986374E1,1.058225870E0,-9.515059471E0,-2.277369022E0
1.551013447E1,1.058225870E0,-9.515059471E0,-2.296511650E0
1.553040515E1,1.029511929E0,-9.524630547E0,-2.286940336E0
1.555067588E1,1.024726272E0,-9.510273933E0,-2.263011932E0
1.557094656E1,1.053440213E0,-9.505488396E0,-2.272583246E0
1.559121728E1,1.082154036E0,-9.510273933E0,-2.282154560E0
1.561148802E1,1.043868899E0,-9.524630547E0,-2.325225353E0
1.563175869E1,1.024726272E0,-9.538987160E0,-2.310868502E0
1.565202942E1,1.034297585E0,-9.529416084E0,-2.248655081E0
1.567230010E1,1.058225870E0,-9.524630547E0,-2.291725874E0
1.569257083E1,1.039083242E0,-9.534201622E0,-2.320439816E0
1.571284150E1,1.019940615E0,-9.505488396E0,-2.291725874E0
1.573311223E1,1.053440213E0,-9.505488396E0,-2.291725874E0
1.575338291E1,1.063011408E0,-9.515059471E0,-2.296511650E0
1.577365364E1,1.058225870E0,-9.486345291E0,-2.301297188E0
1.579392432E1,1.067797065E0,-9.491130829E0,-2.315654039E0
1.581419499E1,1.115653515E0,-9.534201622E0,-2.344367981E0
1.583446567E1,1.106082320E0,-9.548559189E0,-2.330011129E0
1.585473640E1,1.072582722E0,-9.524630547E0,-2.296511650E0
1.587500708E1,1.053440213E0,-9.505488396E0,-2.272583246E0
1.589527775E1,1.058225870E0,-9.524630547E0,-2.258226395E0
1.591554843E1,1.024726272E0,-9.548559189E0,-2.263011932E0
1.593581911E1,1.000798106E0,-9.548559189E0,-2.277369022E0
1.595608979E1,1.005583763E0,-9.538987160E0,-2.267797709E0
1.597636046E1,1.019940615E0,-9.519845009E0,-2.253440619E0
1.599663114E1,1.043868899E0,-9.538987160E0,-2.282154560E0
1.601690182E1,1.000798106E0,-9.548559189E0,-2.282154560E0
1.603717249E1,1.019940615E0,-9.524630547E0,-2.272583246E0
1.605744317E1,1.058225870E0,-9.524630547E0,-2.282154560E0
1.607771385E1,1.053440213E0,-9.524630547E0,-2.306082726E0
1.609798452E1,1.058225870E0,-9.510273933E0,-2.301297188E0
1.611825520E1,1.043868899E0,-9.510273933E0,-2.306082726E0
1.613852583E1,1.077368379E0,-9.524630547E0,-2.296511650E0
1.615879650E1,1.048654556E0,-9.524630547E0,-2.291725874E0
1.617906713E1,1.034297585E0,-9.519845009E0,-2.301297188E0
1.619933786E1,1.029511929E0,-9.524630547E0,-2.296511650E0
1.621960854E1,1.067797065E0,-9.515059471E0,-2.310868502E0
1.623987916E1,1.086939692E0,-9.515059471E0,-2.306082726E0
1.626014984E1,1.067797065E0,-9.524630547E0,-2.306082726E0
1.628042046E1,1.058225870E0,-9.524630547E0,-2.306082726E0
1.630069114E1,1.058225870E0,-9.524630547E0,-2.310868502E0
1.632096176E1,1.048654556E0,-9.510273933E0,-2.296511650E0
1.634123239E1,1.067797065E0,-9.495916367E0,-2.282154560E0
1.636150312E1,1.077368379E0,-9.524630547E0,-2.286940336E0
1.638177374E1,1.039083242E0,-9.524630547E0,-2.310868502E0
1.640204437E1,1.019940615E0,-9.534201622E0,-2.286940336E0
1.642231499E1,1.043868899E0,-9.562915802E0,-2.267797709E0
1.644271499E1,1.067797065E0,-9.529416084E0,-2.282154560E0
1.646285630E1,1.034297585E0,-9.476774216E0,-2.330011129E0
1.648312692E1,1.053440213E0,-9.467203140E0,-2.334796667E0
1.650339760E1,1.082154036E0,-9.476774216E0,-2.320439816E0
1.652366822E1,1.086939692E0,-9.476774216E0,-2.373081923E0
1.654406822E1,1.048654556E0,-9.424132347E0,-2.392224550E0
1.656420937E1,1.043868899E0,-9.337391853E0,-2.353939295E0
1.658448010E1,1.077368379E0,-9.270393372E0,-2.239083767E0
1.669096859E1,1.110867858E0,-9.409774780E0,-2.138585329E0
1.671123916E1,1.010369420E0,-9.416953087E0,-2.075773716E0
1.673150978E1,9.577272534E-1,-9.562915802E0,-2.093121529E0
1.675178041E1,9.744769931E-1,-9.661021233E0,-2.093121529E0
1.677205104E1,9.864411354E-1,-9.704092026E0,-2.102692842E0
1.679232166E1,9.816554785E-1,-9.601201057E0,-2.054238319E0
1.681259228E1,1.019940615E0,-9.579665184E0,-2.030309916E0
1.683286286E1,1.024726272E0,-9.582057953E0,-2.025524378E0
1.685313348E1,9.792626500E-1,-9.591629982E0,-2.047059774E0
1.687340411E1,9.409775138E-1,-9.584450722E0,-2.078166485E0
1.689367473E1,9.696913958E-1,-9.598808289E0,-2.095514536E0
1.691394531E1,1.017547846E0,-9.577272415E0,-2.100300074E0
1.693421593E1,1.012762189E0,-9.579665184E0,-2.112264156E0
1.695448656E1,1.017547846E0,-9.567701340E0,-2.164906263E0
1.697475713E1,9.744769931E-1,-9.548559189E0,-2.188834429E0
1.699502775E1,9.720842242E-1,-9.541379929E0,-2.152942181E0
1.701529828E1,9.553344250E-1,-9.577272415E0,-2.207977057E0
1.703556890E1,9.122636318E-1,-9.558130264E0,-2.188834429E0
1.705596890E1,9.146564603E-1,-9.529416084E0,-2.169692039E0
1.707611015E1,9.385846853E-1,-9.562915802E0,-2.212762833E0
1.709638072E1,9.002995491E-1,-9.577272415E0,-2.217548370E0
1.711665135E1,8.883354068E-1,-9.582057953E0,-2.196012974E0
1.713692192E1,9.026923180E-1,-9.546165466E0,-2.164906263E0
1.715719255E1,8.931210637E-1,-9.560523033E0,-2.148156643E0
1.717746312E1,8.763712645E-1,-9.543772697E0,-2.186441660E0
1.719773369E1,9.314061999E-1,-9.531808853E0,-2.188834429E0
1.721800426E1,1.012762189E0,-9.550951958E0,-2.217548370E0
1.723827489E1,1.012762189E0,-9.550951958E0,-2.210369825E0
1.725854546E1,1.019940615E0,-9.558130264E0,-2.179263115E0
1.727881604E1,1.031904817E0,-9.560523033E0,-2.186441660E0
1.729908661E1,1.003190875E0,-9.522237778E0,-2.162513494E0
1.731948661E1,1.000798106E0,-9.548559189E0,-2.157727718E0
1.733962781E1,9.888339639E-1,-9.579665184E0,-2.121835470E0
1.735989838E1,9.840483069E-1,-9.591629982E0,-2.114656925E0
1.738016895E1,1.027119160E0,-9.594022751E0,-2.109871387E0
1.740043952E1,9.744769931E-1,-9.577272415E0,-2.114656925E0
1.742071010E1,9.888339639E-1,-9.555737495E0,-2.124228239E0
1.744098062E1,9.960124493E-1,-9.536594391E0,-2.124228239E0
1.746125114E1,1.000798106E0,-9.560523033E0,-2.164906263E0
1.748152171E1,1.031904817E0,-9.570094109E0,-2.193620205E0
1.750179228E1,1.000798106E0,-9.546165466E0,-2.184048891E0
1.752206286E1,1.031904817E0,-9.546165466E0,-2.181656122E0
1.754233343E1,9.936196208E-1,-9.555737495E0,-2.196012974E0
1.756260400E1,1.007976532E0,-9.553344727E0,-2.188834429E0
1.758287458E1,9.768698215E-1,-9.555737495E0,-2.191227436E0
1.760314510E1,9.720842242E-1,-9.553344727E0,-2.200798512E0
1.762341567E1,9.744769931E-1,-9.548559189E0,-2.205584288E0
1.764368624E1,9.720842242E-1,-9.546165466E0,-2.198405743E0
1.766395682E1,9.720842242E-1,-9.560523033E0,-2.193620205E0
1.768422734E1,9.194421172E-1,-9.560523033E0,-2.217548370E0
1.770449786E1,9.457631707E-1,-9.567701340E0,-2.227119684E0
1.772476848E1,9.529415965E-1,-9.553344727E0,-2.236690998E0
1.774503900E1,9.601200819E-1,-9.536594391E0,-2.207977057E0
1.776530958E1,9.696913958E-1,-9.541379929E0,-2.207977057E0
1.778558010E1,9.696913958E-1,-9.555737495E0,-2.239083767E0
1.780585067E1,9.792626500E-1,-9.536594391E0,-2.222334146E0
1.782612119E1,9.744769931E-1,-9.538987160E0,-2.241476536E0
1.784652119E1,1.019940615E0,-9.524630547E0,-2.205584288E0
1.786666228E1,9.912267923E-1,-9.553344727E0,-2.251047850E0
1.788693286E1,1.007976532E0,-9.527023315E0,-2.274976015E0
1.790720338E1,1.039083242E0,-9.527023315E0,-2.248655081E0
1.792747390E1,1.027119160E0,-9.541379929E0,-2.246262312E0
1.794787390E1,1.051047325E0,-9.541379929E0,-2.248655081E0
1.796801499E1,1.022333503E0,-9.541379929E0,-2.255833626E0
1.798828552E1,1.034297585E0,-9.517452240E0,-2.229512453E0
1.800855609E1,9.936196208E-1,-9.517452240E0,-2.229512453E0
1.802882661E1,1.036690354E0,-9.562915802E0,-2.210369825E0
1.804923458E1,1.043868899E0,-9.574879646E0,-2.198405743E0
1.806951630E1,1.024726272E0,-9.536594391E0,-2.219941139E0
1.808963130E1,1.010369420E0,-9.524630547E0,-2.212762833E0
1.810990322E1,9.864411354E-1,-9.553344727E0,-2.227119684E0
1.813017364E1,1.046261668E0,-9.529416084E0,-2.229512453E0
1.815057484E1,1.029511929E0,-9.538987160E0,-2.265404940E0
1.817071682E1,1.036690354E0,-9.529416084E0,-2.258226395E0
1.819098796E1,1.039083242E0,-9.517452240E0,-2.277369022E0
1.821125906E1,1.055832982E0,-9.519845009E0,-2.306082726E0
1.823152953E1,1.046261668E0,-9.517452240E0,-2.308475733E0
1.825192999E1,1.058225870E0,-9.486345291E0,-2.270190477E0
1.827207145E1,1.082154036E0,-9.443274498E0,-2.265404940E0
1.829234228E1,1.079761267E0,-9.493523598E0,-2.263011932E0
1.831261307E1,1.048654556E0,-9.560523033E0,-2.282154560E0
1.833288374E1,1.036690354E0,-9.579665184E0,-2.356332064E0
1.835315442E1,9.792626500E-1,-9.565308571E0,-2.361117840E0
1.837342499E1,1.070189953E0,-9.527023315E0,-2.353939295E0
1.839369557E1,1.103689432E0,-9.510273933E0,-2.308475733E0
1.841396619E1,1.098903775E0,-9.500701904E0,-2.274976015E0
1.843423676E1,1.039083242E0,-9.512666702E0,-2.263011932E0
1.845450729E1,1.031904817E0,-9.503094673E0,-2.308475733E0
1.847477786E1,1.070189953E0,-9.560523033E0,-2.294118643E0
1.849504838E1,1.034297585E0,-9.570094109E0,-2.227119684E0
1.851531895E1,1.046261668E0,-9.507881165E0,-2.239083767E0
1.853558942E1,1.012762189E0,-9.546165466E0,-2.282154560E0
1.855585994E1,9.816554785E-1,-9.550951958E0,-2.196012974E0
1.857613046E1,9.266205430E-1,-9.531808853E0,-2.198405743E0
1.859640098E1,9.649057388E-1,-9.483952522E0,-2.272583246E0
1.861667150E1,1.072582722E0,-9.445667267E0,-2.353939295E0
1.863694197E1,1.096511006E0,-9.448060036E0,-2.404188633E0
1.865721249E1,1.115653515E0,-9.507881165E0,-2.461616278E0
1.867748296E1,1.122832060E0,-9.498309135E0,-2.497508526E0
1.869775348E1,1.139581800E0,-9.431310654E0,-2.511865616E0
1.871802400E1,1.153938770E0,-9.424132347E0,-2.528615236E0
1.873829452E1,1.132403374E0,-9.438488960E0,-2.473580360E0
1.875856499E1,1.077368379E0,-9.464810371E0,-2.385046005E0
1.877883546E1,1.060618639E0,-9.515059471E0,-2.330011129E0
1.879910598E1,1.034297585E0,-9.550951958E0,-2.286940336E0
1.881937645E1,9.625129104E-1,-9.558130264E0,-2.253440619E0
1.883964697E1,9.768698215E-1,-9.555737495E0,-2.217548370E0
1.885991744E1,9.840483069E-1,-9.548559189E0,-2.215155602E0
1.888018791E1,9.864411354E-1,-9.555737495E0,-2.200798512E0
1.890045838E1,9.888339639E-1,-9.586843491E0,-2.172084808E0
1.892072890E1,1.012762189E0,-9.567701340E0,-2.212762833E0
1.894099937E1,1.031904817E0,-9.565308571E0,-2.246262312E0
1.896126984E1,1.043868899E0,-9.541379929E0,-2.251047850E0
1.898154031E1,1.046261668E0,-9.553344727E0,-2.282154560E0
1.900181083E1,1.084546804E0,-9.546165466E0,-2.263011932E0
1.902208130E1,1.084546804E0,-9.527023315E0,-2.320439816E0
1.904235177E1,1.072582722E0,-9.481559753E0,-2.344367981E0
1.906262218E1,1.101296663E0,-9.457631111E0,-2.387438774E0
1.908289265E1,1.118046403E0,-9.479166985E0,-2.397010088E0
1.910316317E1,1.156331539E0,-9.469595909E0,-2.399402857E0
1.912343359E1,1.139581800E0,-9.443274498E0,-2.473580360E0
1.914370406E1,1.163509965E0,-9.488738060E0,-2.456830740E0
1.916397463E1,1.175474167E0,-9.467203140E0,-2.437688112E0
1.918424505E1,1.170688510E0,-9.440881729E0,-2.447259426E0
1.920451552E1,1.177866936E0,-9.452845573E0,-2.392224550E0
1.922478598E1,1.213759303E0,-9.433703423E0,-2.420938253E0
1.924505645E1,1.197009563E0,-9.479166985E0,-2.406581402E0
1.926532692E1,1.192223907E0,-9.503094673E0,-2.411366940E0
1.928559739E1,1.199402332E0,-9.455238342E0,-2.387438774E0
1.930586786E1,1.187438250E0,-9.457631111E0,-2.330011129E0
1.932613833E1,1.168295622E0,-9.479166985E0,-2.327618122E0
1.934640880E1,1.103689432E0,-9.517452240E0,-2.344367981E0
1.936667927E1,1.098903775E0,-9.527023315E0,-2.368296146E0
1.938694973E1,1.106082320E0,-9.512666702E0,-2.356332064E0
1.940722020E1,1.096511006E0,-9.505488396E0,-2.337189436E0
1.942749067E1,1.127617717E0,-9.488738060E0,-2.363510609E0
1.944789062E1,1.091725349E0,-9.469595909E0,-2.389831543E0
1.946803150E1,1.094118118E0,-9.505488396E0,-2.401795626E0
1.948830197E1,1.151545882E0,-9.519845009E0,-2.394617319E0
1.950857244E1,1.141974568E0,-9.503094673E0,-2.370688915E0
1.952884291E1,1.118046403E0,-9.505488396E0,-2.356332064E0
1.954924291E1,1.141974568E0,-9.471988678E0,-2.387438774E0
1.956938380E1,1.098903775E0,-9.495916367E0,-2.377867460E0
1.958965426E1,1.089332461E0,-9.493523598E0,-2.373081923E0
1.960992473E1,1.130010486E0,-9.486345291E0,-2.401795626E0
1.963019520E1,1.144367456E0,-9.498309135E0,-2.380260229E0
1.965059520E1,1.122832060E0,-9.469595909E0,-2.358724833E0
1.967073609E1,1.096511006E0,-9.491130829E0,-2.373081923E0
1.969100656E1,1.098903775E0,-9.479166985E0,-2.394617319E0
1.971127697E1,1.098903775E0,-9.479166985E0,-2.444866419E0
1.973154744E1,1.101296663E0,-9.488738060E0,-2.459223509E0
1.975194744E1,1.091725349E0,-9.476774216E0,-2.459223509E0
1.977208833E1,1.132403374E0,-9.486345291E0,-2.442473650E0
1.979235874E1,1.125224829E0,-9.505488396E0,-2.418545485E0
1.981262921E1,1.139581800E0,-9.512666702E0,-2.392224550E0
1.983289963E1,1.137188911E0,-9.467203140E0,-2.401795626E0
1.985317010E1,1.127617717E0,-9.471988678E0,-2.399402857E0
1.987344057E1,1.146760225E0,-9.474381447E0,-2.351546526E0
1.989371098E1,1.249651670E0,-9.381061554E0,-2.375474691E0
1.991398140E1,1.307677627E0,-9.356534958E0,-2.509472847E0
1.993425187E1,1.410568953E0,-9.457631111E0,-2.533401012E0
1.995452228E1,1.338784218E0,-9.617950439E0,-2.444866419E0
1.997479275E1,1.225723386E0,-9.615557671E0,-2.363510609E0
1.999506317E1,1.139581800E0,-9.546165466E0,-2.289333105E0
2.001533364E1,1.058225870E0,-9.515059471E0,-2.212762833E0
2.003560406E1,1.036690354E0,-9.522237778E0,-2.176870346E0
2.005587447E1,9.672985673E-1,-9.613164902E0,-2.176870346E0
2.007614489E1,9.290133715E-1,-9.610772133E0,-2.160120726E0
2.009641536E1,8.524430394E-1,-9.577272415E0,-2.217548370E0
2.011668578E1,8.500502706E-1,-9.467203140E0,-2.291725874E0
2.013695619E1,8.883354068E-1,-9.467203140E0,-2.334796667E0
2.015722676E1,9.194421172E-1,-9.471988678E0,-2.449652195E0
2.017749781E1,9.577272534E-1,-9.457631111E0,-2.578864574E0
2.019776749E1,1.041476011E0,-9.431310654E0,-2.681756020E0
2.021803791E1,1.089332461E0,-9.428917885E0,-2.667398930E0
2.023830833E1,1.118046403E0,-9.416953087E0,-2.609971285E0
2.025857874E1,1.118046403E0,-9.373882294E0,-2.576471806E0
2.027884921E1,1.146760225E0,-9.402596474E0,-2.617149830E0
2.029911963E1,1.115653515E0,-9.419346809E0,-2.552543640E0
2.031951963E1,1.161117196E0,-9.419346809E0,-2.466402054E0
2.033966046E1,1.211366415E0,-9.428917885E0,-2.447259426E0
2.035993088E1,1.268794179E0,-9.443274498E0,-2.464009047E0
2.038020130E1,1.232901812E0,-9.457631111E0,-2.497508526E0
2.040047171E1,1.235294700E0,-9.421739578E0,-2.487937450E0
2.042074213E1,1.259222865E0,-9.428917885E0,-2.507079840E0
2.044101255E1,1.302891970E0,-9.448060036E0,-2.487937450E0
2.046128296E1,1.314856052E0,-9.455238342E0,-2.495115757E0
2.048155338E1,1.310070395E0,-9.428917885E0,-2.523829699E0
2.050182380E1,1.331605792E0,-9.419346809E0,-2.499901533E0
2.052209421E1,1.369890928E0,-9.440881729E0,-2.480758905E0
2.054236463E1,1.348355532E0,-9.455238342E0,-2.485544443E0
2.056263505E1,1.345962763E0,-9.448060036E0,-2.483151674E0
2.058290546E1,1.360319614E0,-9.443274498E0,-2.483151674E0
2.060317588E1,1.338784218E0,-9.424132347E0,-2.492722988E0
2.062344630E1,1.307677627E0,-9.428917885E0,-2.499901533E0
2.064371671E1,1.314856052E0,-9.412167549E0,-2.526222467E0
2.066398708E1,1.285543919E0,-9.426525116E0,-2.533401012E0
2.068425749E1,1.275972724E0,-9.440881729E0,-2.502294302E0
2.070452791E1,1.216152072E0,-9.450452805E0,-2.521436930E0
2.072479833E1,1.211366415E0,-9.433703423E0,-2.511865616E0
2.074506874E1,1.206580877E0,-9.443274498E0,-2.554936409E0
2.076533911E1,1.201795220E0,-9.438488960E0,-2.521436930E0
2.078560952E1,1.177866936E0,-9.443274498E0,-2.507079840E0
2.080587994E1,1.189831018E0,-9.474381447E0,-2.531008244E0
2.082615036E1,1.161117196E0,-9.462417603E0,-2.535793781E0
2.084642072E1,1.163509965E0,-9.426525116E0,-2.535793781E0
2.086669114E1,1.173081279E0,-9.443274498E0,-2.523829699E0
2.088696156E1,1.156331539E0,-9.433703423E0,-2.509472847E0
2.090723197E1,1.168295622E0,-9.426525116E0,-2.490330219E0
2.092750239E1,1.170688510E0,-9.445667267E0,-2.511865616E0
2.094790239E1,1.156331539E0,-9.448060036E0,-2.509472847E0
2.096804317E1,1.168295622E0,-9.443274498E0,-2.499901533E0
2.098831359E1,1.182652593E0,-9.467203140E0,-2.509472847E0
2.100858395E1,1.168295622E0,-9.438488960E0,-2.523829699E0
2.102885437E1,1.177866936E0,-9.428917885E0,-2.502294302E0
2.104925437E1,1.170688510E0,-9.450452805E0,-2.495115757E0
2.106939515E1,1.192223907E0,-9.455238342E0,-2.490330219E0
2.108966557E1,1.204187989E0,-9.464810371E0,-2.514258385E0
2.110993593E1,1.185045362E0,-9.455238342E0,-2.538186550E0
2.113020635E1,1.197009563E0,-9.433703423E0,-2.542972326E0
2.115060635E1,1.230509043E0,-9.426525116E0,-2.528615236E0
2.117074713E1,1.216152072E0,-9.431310654E0,-2.528615236E0
2.134804541E1,1.115653515E0,-9.481559753E0,-2.464009047E0
2.145466218E1,1.132403374E0,-9.495916367E0,-2.456830740E0
2.147480302E1,1.139581800E0,-9.460023880E0,-2.413759947E0
2.149507338E1,1.180259824E0,-9.469595909E0,-2.459223509E0
2.151534374E1,1.165902853E0,-9.479166985E0,-2.466402054E0
2.153561416E1,1.144367456E0,-9.455238342E0,-2.492722988E0
2.155588447E1,1.177866936E0,-9.464810371E0,-2.473580360E0
2.157615484E1,1.187438250E0,-9.467203140E0,-2.461616278E0
2.159642531E1,1.161117196E0,-9.450452805E0,-2.468794823E0
2.161669567E1,1.163509965E0,-9.471988678E0,-2.509472847E0
2.163696604E1,1.153938770E0,-9.467203140E0,-2.516651154E0
2.165723640E1,1.137188911E0,-9.464810371E0,-2.483151674E0
2.167750676E1,1.170688510E0,-9.416953087E0,-2.509472847E0
2.169777713E1,1.165902853E0,-9.443274498E0,-2.509472847E0
2.171804755E1,1.141974568E0,-9.476774216E0,-2.480758905E0
2.173831791E1,1.110867858E0,-9.483952522E0,-2.475973129E0
2.175858828E1,1.077368379E0,-9.486345291E0,-2.468794823E0
2.177885864E1,1.094118118E0,-9.460023880E0,-2.468794823E0
2.179912900E1,1.168295622E0,-9.438488960E0,-2.483151674E0
2.181939937E1,1.194616675E0,-9.378668785E0,-2.571686029E0
2.183966973E1,1.240080357E0,-9.364311218E0,-2.614757061E0
2.185994010E1,1.287936807E0,-9.366703987E0,-2.655434847E0
2.188021046E1,1.290329576E0,-9.358927727E0,-2.712862730E0
2.190048083E1,1.343569875E0,-9.381061554E0,-2.674577475E0
2.192075124E1,1.322034478E0,-9.356534958E0,-2.645863533E0
2.194102161E1,1.324427366E0,-9.373882294E0,-2.595614433E0
2.196129197E1,1.268794179E0,-9.378668785E0,-2.576471806E0
2.198156234E1,1.256830096E0,-9.393025398E0,-2.531008244E0
2.200183270E1,1.290329576E0,-9.464810371E0,-2.487937450E0
2.202210307E1,1.290329576E0,-9.488738060E0,-2.435295343E0
2.204237338E1,1.287936807E0,-9.486345291E0,-2.423331022E0
2.206264369E1,1.273579836E0,-9.471988678E0,-2.435295343E0
2.208291406E1,1.256830096E0,-9.495916367E0,-2.411366940E0
2.210318442E1,1.204187989E0,-9.510273933E0,-2.377867460E0
2.212345478E1,1.192223907E0,-9.543772697E0,-2.344367981E0
2.214372515E1,1.137188911E0,-9.548559189E0,-2.330011129E0
2.216399552E1,1.113260746E0,-9.531808853E0,-2.356332064E0
2.218426583E1,1.077368379E0,-9.510273933E0,-2.392224550E0
2.220453619E1,1.070189953E0,-9.471988678E0,-2.377867460E0
2.222480656E1,1.058225870E0,-9.491130829E0,-2.435295343E0
2.224507692E1,1.039083242E0,-9.529416084E0,-2.459223509E0
2.226534723E1,9.840483069E-1,-9.522237778E0,-2.483151674E0
2.228561760E1,9.744769931E-1,-9.510273933E0,-2.499901533E0
2.230588796E1,9.242277741E-1,-9.517452240E0,-2.480758905E0
2.232615833E1,9.074779749E-1,-9.500701904E0,-2.495115757E0
2.234642864E1,9.577272534E-1,-9.481559753E0,-2.464009047E0
2.236669900E1,9.768698215E-1,-9.469595909E0,-2.478366137E0
2.238696937E1,1.007976532E0,-9.438488960E0,-2.485544443E0
2.240723968E1,1.015154958E0,-9.414560318E0,-2.499901533E0
2.242751005E1,1.084546804E0,-9.440881729E0,-2.550150633E0
2.244791005E1,1.170688510E0,-9.455238342E0,-2.552543640E0
2.246805072E1,1.230509043E0,-9.462417603E0,-2.552543640E0
2.248832109E1,1.256830096E0,-9.424132347E0,-2.519043922E0
2.250859140E1,1.211366415E0,-9.416953087E0,-2.499901533E0
2.252886177E1,1.173081279E0,-9.421739578E0,-2.511865616E0
2.254926176E1,1.127617717E0,-9.438488960E0,-2.528615236E0
2.256940244E1,1.146760225E0,-9.457631111E0,-2.514258385E0
2.258967275E1,1.161117196E0,-9.469595909E0,-2.499901533E0
2.260994312E1,1.206580877E0,-9.448060036E0,-2.490330219E0
2.263021343E1,1.163509965E0,-9.450452805E0,-2.459223509E0
2.265061343E1,1.134796143E0,-9.481559753E0,-2.499901533E0
2.267075411E1,1.125224829E0,-9.474381447E0,-2.526222467E0
2.269102442E1,1.118046403E0,-9.460023880E0,-2.511865616E0
2.271129478E1,1.180259824E0,-9.460023880E0,-2.480758905E0
2.273156510E1,1.158724308E0,-9.426525116E0,-2.507079840E0
2.275183546E1,1.153938770E0,-9.452845573E0,-2.499901533E0
2.277210578E1,1.149153113E0,-9.457631111E0,-2.504687071E0
2.279237609E1,1.158724308E0,-9.486345291E0,-2.497508526E0
2.281264640E1,1.153938770E0,-9.479166985E0,-2.531008244E0
2.283304640E1,1.146760225E0,-9.455238342E0,-2.497508526E0
2.285318708E1,1.132403374E0,-9.426525116E0,-2.538186550E0
2.287345739E1,1.132403374E0,-9.419346809E0,-2.533401012E0
2.289372770E1,1.110867858E0,-9.450452805E0,-2.554936409E0
2.291399807E1,1.125224829E0,-9.471988678E0,-2.552543640E0
2.293426838E1,1.120439172E0,-9.464810371E0,-2.552543640E0
2.295453869E1,1.144367456E0,-9.412167549E0,-2.542972326E0
2.297480900E1,1.146760225E0,-9.419346809E0,-2.538186550E0
2.299507932E1,1.144367456E0,-9.438488960E0,-2.507079840E0
2.301534968E1,1.158724308E0,-9.440881729E0,-2.540579557E0
2.303561999E1,1.182652593E0,-9.436096191E0,-2.586043119E0
2.305601999E1,1.208973646E0,-9.409774780E0,-2.557329178E0
2.307616062E1,1.244866014E0,-9.412167549E0,-2.595614433E0
2.309643093E1,1.278365493E0,-9.426525116E0,-2.586043119E0
2.311670124E1,1.247258782E0,-9.426525116E0,-2.581257343E0
2.313697156E1,1.192223907E0,-9.412167549E0,-2.552543640E0
2.315724187E1,1.146760225E0,-9.455238342E0,-2.511865616E0
2.317751218E1,1.141974568E0,-9.455238342E0,-2.514258385E0
2.319778249E1,1.144367456E0,-9.474381447E0,-2.504687071E0
2.321805281E1,1.132403374E0,-9.481559753E0,-2.487937450E0
2.323832312E1,1.122832060E0,-9.498309135E0,-2.487937450E0
2.325859343E1,1.091725349E0,-9.483952522E0,-2.461616278E0
2.327886369E1,1.067797065E0,-9.452845573E0,-2.478366137E0
2.329913406E1,1.101296663E0,-9.460023880E0,-2.485544443E0
2.331940437E1,1.130010486E0,-9.457631111E0,-2.507079840E0
2.333967468E1,1.165902853E0,-9.445667267E0,-2.533401012E0
2.335994494E1,1.180259824E0,-9.452845573E0,-2.588435888E0
2.338021525E1,1.165902853E0,-9.416953087E0,-2.593221426E0
2.340048557E1,1.156331539E0,-9.412167549E0,-2.562114954E0
2.342075588E1,1.170688510E0,-9.404989243E0,-2.564507723E0
2.344102619E1,1.165902853E0,-9.428917885E0,-2.581257343E0
2.346129650E1,1.149153113E0,-9.448060036E0,-2.571686029E0
2.348156676E1,1.161117196E0,-9.440881729E0,-2.562114954E0
2.350183708E1,1.151545882E0,-9.431310654E0,-2.554936409E0
2.352210739E1,1.156331539E0,-9.421739578E0,-2.531008244E0
2.354237770E1,1.165902853E0,-9.448060036E0,-2.535793781E0
2.356264796E1,1.173081279E0,-9.431310654E0,-2.564507723E0
2.358291828E1,1.211366415E0,-9.452845573E0,-2.535793781E0
2.360318859E1,1.208973646E0,-9.452845573E0,-2.519043922E0
2.362345885E1,1.223330617E0,-9.438488960E0,-2.547757864E0
2.364372916E1,1.165902853E0,-9.431310654E0,-2.581257343E0
2.366399942E1,1.185045362E0,-9.424132347E0,-2.571686029E0
2.368426973E1,1.187438250E0,-9.416953087E0,-2.586043119E0
2.370454005E1,1.211366415E0,-9.424132347E0,-2.574079037E0
2.372481036E1,1.201795220E0,-9.433703423E0,-2.574079037E0
2.374508062E1,1.170688510E0,-9.431310654E0,-2.576471806E0
2.376535093E1,1.146760225E0,-9.469595909E0,-2.559721947E0
2.378562119E1,1.137188911E0,-9.452845573E0,-2.519043922E0
2.380589150E1,1.165902853E0,-9.445667267E0,-2.511865616E0
2.382616182E1,1.151545882E0,-9.433703423E0,-2.562114954E0
2.384656182E1,1.208973646E0,-9.433703423E0,-2.547757864E0
2.386670239E1,1.185045362E0,-9.443274498E0,-2.526222467E0
2.388697265E1,1.173081279E0,-9.452845573E0,-2.547757864E0
2.390724296E1,1.197009563E0,-9.440881729E0,-2.566900492E0
2.392751322E1,1.177866936E0,-9.419346809E0,-2.559721947E0
2.394791322E1,1.208973646E0,-9.409774780E0,-2.540579557E0
2.396805380E1,1.199402332E0,-9.428917885E0,-2.545365095E0
2.398832411E1,1.194616675E0,-9.448060036E0,-2.552543640E0
2.400859437E1,1.141974568E0,-9.464810371E0,-2.538186550E0
2.402886463E1,1.110867858E0,-9.445667267E0,-2.545365095E0
2.404926463E1,1.141974568E0,-9.460023880E0,-2.535793781E0
2.406940520E1,1.122832060E0,-9.438488960E0,-2.492722988E0
2.408967546E1,1.130010486E0,-9.433703423E0,-2.507079840E0
2.410994578E1,1.149153113E0,-9.467203140E0,-2.540579557E0
2.413021604E1,1.139581800E0,-9.438488960E0,-2.538186550E0
2.415061604E1,1.137188911E0,-9.445667267E0,-2.547757864E0
2.417075656E1,1.158724308E0,-9.460023880E0,-2.552543640E0
2.419102687E1,1.182652593E0,-9.436096191E0,-2.542972326E0
2.421129713E1,1.180259824E0,-9.448060036E0,-2.554936409E0
2.423156739E1,1.173081279E0,-9.436096191E0,-2.535793781E0
2.425196739E1,1.165902853E0,-9.409774780E0,-2.538186550E0
2.427210791E1,1.144367456E0,-9.438488960E0,-2.590828657E0
2.429237817E1,1.201795220E0,-9.404989243E0,-2.600399971E0
2.431264848E1,1.261615753E0,-9.428917885E0,-2.581257343E0
2.433291874E1,1.237687469E0,-9.431310654E0,-2.588435888E0
2.435318900E1,1.208973646E0,-9.409774780E0,-2.583650351E0
2.437345926E1,1.197009563E0,-9.426525116E0,-2.566900492E0
2.439372952E1,1.194616675E0,-9.440881729E0,-2.552543640E0
2.441399978E1,1.180259824E0,-9.440881729E0,-2.559721947E0
2.443427005E1,1.206580877E0,-9.419346809E0,-2.542972326E0
2.445454031E1,1.194616675E0,-9.431310654E0,-2.516651154E0
2.447481057E1,1.185045362E0,-9.440881729E0,-2.557329178E0
2.449508083E1,1.199402332E0,-9.455238342E0,-2.574079037E0
2.451535109E1,1.208973646E0,-9.431310654E0,-2.571686029E0
2.453562135E1,1.199402332E0,-9.424132347E0,-2.542972326E0
2.455589161E1,1.228116274E0,-9.412167549E0,-2.554936409E0
2.457616187E1,1.211366415E0,-9.424132347E0,-2.574079037E0
2.459643213E1,1.252044439E0,-9.445667267E0,-2.609971285E0
2.461670239E1,1.232901812E0,-9.424132347E0,-2.617149830E0
2.463697265E1,1.235294700E0,-9.409774780E0,-2.562114954E0
2.465724291E1,1.232901812E0,-9.397810936E0,-2.554936409E0
2.467751317E1,1.213759303E0,-9.416953087E0,-2.595614433E0
2.469778338E1,1.199402332E0,-9.419346809E0,-2.612364054E0
2.471805359E1,1.223330617E0,-9.428917885E0,-2.586043119E0
2.473832385E1,1.216152072E0,-9.426525116E0,-2.586043119E0
2.475859411E1,1.232901812E0,-9.419346809E0,-2.578864574E0
2.477886437E1,1.187438250E0,-9.416953087E0,-2.574079037E0
2.479913463E1,1.168295622E0,-9.412167549E0,-2.614757061E0
2.481940484E1,1.180259824E0,-9.433703423E0,-2.586043119E0
2.483967510E1,1.197009563E0,-9.448060036E0,-2.566900492E0
2.485994536E1,1.206580877E0,-9.416953087E0,-2.583650351E0
2.488021562E1,1.199402332E0,-9.416953087E0,-2.583650351E0
2.490048583E1,1.194616675E0,-9.404989243E0,-2.562114954E0
2.492075609E1,1.192223907E0,-9.412167549E0,-2.583650351E0
2.494102635E1,1.197009563E0,-9.414560318E0,-2.605185747E0
2.496129661E1,1.223330617E0,-9.421739578E0,-2.617149830E0
2.498156682E1,1.235294700E0,-9.428917885E0,-2.600399971E0
2.500183708E1,1.237687469E0,-9.412167549E0,-2.581257343E0
2.502210734E1,1.199402332E0,-9.416953087E0,-2.595614433E0
2.504237760E1,1.187438250E0,-9.426525116E0,-2.586043119E0
2.506264781E1,1.206580877E0,-9.440881729E0,-2.581257343E0
2.508304781E1,1.216152072E0,-9.438488960E0,-2.576471806E0
2.510318828E1,1.206580877E0,-9.445667267E0,-2.569293261E0
2.528048536E1,1.206580877E0,-9.404989243E0,-2.593221426E0
2.530075557E1,1.220937729E0,-9.414560318E0,-2.607578516E0
2.532102583E1,1.220937729E0,-9.409774780E0,-2.598007202E0
2.534129604E1,1.211366415E0,-9.400203705E0,-2.626721144E0
2.536156630E1,1.249651670E0,-9.404989243E0,-2.641077995E0
2.538183650E1,1.244866014E0,-9.428917885E0,-2.612364054E0
2.540210677E1,1.230509043E0,-9.448060036E0,-2.598007202E0
2.542237697E1,1.201795220E0,-9.438488960E0,-2.602792740E0
2.544277697E1,1.173081279E0,-9.414560318E0,-2.578864574E0
2.546291744E1,1.139581800E0,-9.424132347E0,-2.569293261E0
2.548318770E1,1.168295622E0,-9.443274498E0,-2.593221426E0
2.550345791E1,1.168295622E0,-9.448060036E0,-2.602792740E0
2.552372812E1,1.163509965E0,-9.457631111E0,-2.569293261E0
2.554412812E1,1.158724308E0,-9.448060036E0,-2.583650351E0
2.556426859E1,1.163509965E0,-9.438488960E0,-2.602792740E0
2.558453885E1,1.192223907E0,-9.419346809E0,-2.583650351E0
2.560480906E1,1.158724308E0,-9.428917885E0,-2.593221426E0
2.562507926E1,1.153938770E0,-9.414560318E0,-2.636292458E0
2.564547927E1,1.230509043E0,-9.366703987E0,-2.655434847E0
2.566561973E1,1.302891970E0,-9.351749420E0,-2.641077995E0
2.568588994E1,1.317248821E0,-9.366703987E0,-2.636292458E0
2.570616020E1,1.283151150E0,-9.385847092E0,-2.655434847E0
2.572643041E1,1.268794179E0,-9.385847092E0,-2.688934565E0
2.574670062E1,1.268794179E0,-9.395418167E0,-2.736790895E0
2.576697088E1,1.283151150E0,-9.385847092E0,-2.717648268E0
2.578724109E1,1.292722464E0,-9.381061554E0,-2.698505640E0
2.580751130E1,1.297508121E0,-9.376275063E0,-2.688934565E0
2.582778150E1,1.302891970E0,-9.366703987E0,-2.703291416E0
2.584805171E1,1.302891970E0,-9.371489525E0,-2.736790895E0
2.586832197E1,1.331605792E0,-9.356534958E0,-2.741576433E0
2.588859218E1,1.336391449E0,-9.371489525E0,-2.698505640E0
2.590886239E1,1.355534077E0,-9.361918449E0,-2.679363251E0
2.592913260E1,1.369890928E0,-9.351749420E0,-2.708076954E0
2.594940281E1,1.341177106E0,-9.371489525E0,-2.688934565E0
2.596967302E1,1.369890928E0,-9.361918449E0,-2.703291416E0
2.598994328E1,1.355534077E0,-9.356534958E0,-2.722434044E0
2.601021348E1,1.317248821E0,-9.361918449E0,-2.708076954E0
2.603048369E1,1.317248821E0,-9.376275063E0,-2.712862730E0
2.605075390E1,1.326820135E0,-9.376275063E0,-2.712862730E0
2.607102411E1,1.317248821E0,-9.381061554E0,-2.727219582E0
2.609129432E1,1.297508121E0,-9.366703987E0,-2.732005358E0
2.611156453E1,1.273579836E0,-9.342177391E0,-2.712862730E0
2.613183473E1,1.307677627E0,-9.342177391E0,-2.703291416E0
2.615210494E1,1.322034478E0,-9.356534958E0,-2.732005358E0
2.617237515E1,1.287936807E0,-9.376275063E0,-2.736790895E0
2.619264536E1,1.302891970E0,-9.371489525E0,-2.732005358E0
2.621291557E1,1.331605792E0,-9.381061554E0,-2.717648268E0
2.623318578E1,1.322034478E0,-9.361918449E0,-2.693720102E0
2.625345598E1,1.287936807E0,-9.337391853E0,-2.717648268E0
2.627372619E1,1.268794179E0,-9.346963882E0,-2.751147747E0
2.629399640E1,1.326820135E0,-9.356534958E0,-2.751147747E0
2.631426661E1,1.322034478E0,-9.385847092E0,-2.760719061E0
2.633453682E1,1.336391449E0,-9.351749420E0,-2.751147747E0
2.635480703E1,1.287936807E0,-9.337391853E0,-2.746362209E0
2.637507723E1,1.230509043E0,-9.376275063E0,-2.732005358E0
2.639534744E1,1.244866014E0,-9.400203705E0,-2.717648268E0
2.641561765E1,1.259222865E0,-9.390632629E0,-2.698505640E0
2.643588786E1,1.273579836E0,-9.385847092E0,-2.655434847E0
2.645615802E1,1.254437327E0,-9.404989243E0,-2.617149830E0
2.647642822E1,1.254437327E0,-9.419346809E0,-2.598007202E0
2.649669843E1,1.259222865E0,-9.424132347E0,-2.650649309E0
2.651709843E1,1.259222865E0,-9.409774780E0,-2.674577475E0
2.653723885E1,1.302891970E0,-9.385847092E0,-2.665006161E0
2.655750906E1,1.287936807E0,-9.390632629E0,-2.665006161E0
2.657777921E1,1.278365493E0,-9.395418167E0,-2.665006161E0
2.659804942E1,1.259222865E0,-9.385847092E0,-2.698505640E0
2.661831963E1,1.254437327E0,-9.409774780E0,-2.703291416E0
2.663858984E1,1.249651670E0,-9.404989243E0,-2.679363251E0
2.665885999E1,1.249651670E0,-9.371489525E0,-2.655434847E0
2.667913020E1,1.249651670E0,-9.381061554E0,-2.669791937E0
2.669940041E1,1.264008522E0,-9.376275063E0,-2.669791937E0
2.671967057E1,1.268794179E0,-9.390632629E0,-2.679363251E0
2.673994078E1,1.249651670E0,-9.395418167E0,-2.708076954E0
2.676021098E1,1.254437327E0,-9.390632629E0,-2.679363251E0
2.678048119E1,1.273579836E0,-9.376275063E0,-2.712862730E0
2.680075130E1,1.240080357E0,-9.376275063E0,-2.717648268E0
2.682102156E1,1.220937729E0,-9.400203705E0,-2.684148788E0
2.684129176E1,1.225723386E0,-9.404989243E0,-2.641077995E0
2.686156192E1,1.201795220E0,-9.428917885E0,-2.612364054E0
2.688183213E1,1.139581800E0,-9.462417603E0,-2.593221426E0
2.690210234E1,1.120439172E0,-9.467203140E0,-2.593221426E0
2.692237244E1,1.115653515E0,-9.448060036E0,-2.607578516E0
2.694277244E1,1.110867858E0,-9.419346809E0,-2.607578516E0
2.696291291E1,1.173081279E0,-9.409774780E0,-2.607578516E0
2.698318312E1,1.220937729E0,-9.433703423E0,-2.598007202E0
2.700345328E1,1.192223907E0,-9.448060036E0,-2.607578516E0
2.702372348E1,1.163509965E0,-9.448060036E0,-2.636292458E0
2.704412348E1,1.139581800E0,-9.462417603E0,-2.626721144E0
2.706426385E1,1.139581800E0,-9.419346809E0,-2.621935368E0
2.708453406E1,1.192223907E0,-9.395418167E0,-2.636292458E0
2.710480421E1,1.187438250E0,-9.409774780E0,-2.631506681E0
2.712507437E1,1.187438250E0,-9.433703423E0,-2.655434847E0
2.714547437E1,1.182652593E0,-9.438488960E0,-2.645863533E0
2.716561479E1,1.168295622E0,-9.433703423E0,-2.660220623E0
2.718588499E1,1.197009563E0,-9.395418167E0,-2.665006161E0
2.720615515E1,1.216152072E0,-9.381061554E0,-2.641077995E0
2.722642536E1,1.249651670E0,-9.381061554E0,-2.631506681E0
2.724682536E1,1.254437327E0,-9.390632629E0,-2.669791937E0
2.726696567E1,1.264008522E0,-9.404989243E0,-2.684148788E0
2.728723588E1,1.273579836E0,-9.404989243E0,-2.679363251E0
2.730750604E1,1.273579836E0,-9.400203705E0,-2.669791937E0
2.732777624E1,1.278365493E0,-9.371489525E0,-2.660220623E0
2.734804640E1,1.273579836E0,-9.371489525E0,-2.688934565E0
2.736831661E1,1.273579836E0,-9.381061554E0,-2.693720102E0
2.738858677E1,1.292722464E0,-9.390632629E0,-2.669791937E0
2.740885692E1,1.283151150E0,-9.385847092E0,-2.688934565E0
2.742912713E1,1.259222865E0,-9.395418167E0,-2.665006161E0
2.744939729E1,1.259222865E0,-9.414560318E0,-2.660220623E0
2.746966749E1,1.244866014E0,-9.404989243E0,-2.650649309E0
2.748993765E1,1.216152072E0,-9.390632629E0,-2.631506681E0
2.751020781E1,1.249651670E0,-9.400203705E0,-2.655434847E0
2.753047802E1,1.240080357E0,-9.414560318E0,-2.674577475E0
2.755074817E1,1.230509043E0,-9.395418167E0,-2.693720102E0
2.757101833E1,1.259222865E0,-9.385847092E0,-2.665006161E0
2.759128843E1,1.268794179E0,-9.409774780E0,-2.641077995E0
2.761155869E1,1.225723386E0,-9.404989243E0,-2.650649309E0
2.763182885E1,1.187438250E0,-9.390632629E0,-2.698505640E0
2.765209900E1,1.230509043E0,-9.385847092E0,-2.712862730E0
2.767236916E1,1.249651670E0,-9.390632629E0,-2.708076954E0
2.769263937E1,1.278365493E0,-9.404989243E0,-2.698505640E0
2.771290952E1,1.249651670E0,-9.400203705E0,-2.669791937E0
2.773317968E1,1.211366415E0,-9.381061554E0,-2.660220623E0
2.775344989E1,1.197009563E0,-9.400203705E0,-2.669791937E0
2.777372005E1,1.192223907E0,-9.409774780E0,-2.669791937E0
2.779399020E1,1.201795220E0,-9.414560318E0,-2.674577475E0
2.781426036E1,1.230509043E0,-9.419346809E0,-2.645863533E0
2.783453052E1,1.235294700E0,-9.400203705E0,-2.641077995E0
2.785480067E1,1.187438250E0,-9.400203705E0,-2.650649309E0
2.787507088E1,1.182652593E0,-9.400203705E0,-2.669791937E0
2.789534104E1,1.201795220E0,-9.400203705E0,-2.674577475E0
2.791561119E1,1.240080357E0,-9.414560318E0,-2.655434847E0
2.793588135E1,1.259222865E0,-9.419346809E0,-2.650649309E0
2.795615150E1,1.235294700E0,-9.400203705E0,-2.645863533E0
2.797642166E1,1.220937729E0,-9.395418167E0,-2.665006161E0
2.799669187E1,1.230509043E0,-9.409774780E0,-2.679363251E0
2.801696202E1,1.225723386E0,-9.404989243E0,-2.679363251E0
2.803723218E1,1.259222865E0,-9.395418167E0,-2.655434847E0
2.805750234E1,1.264008522E0,-9.381061554E0,-2.641077995E0
2.807777249E1,1.254437327E0,-9.376275063E0,-2.650649309E0
2.809804265E1,1.249651670E0,-9.395418167E0,-2.669791937E0
2.811831286E1,1.235294700E0,-9.419346809E0,-2.688934565E0
2.813858302E1,1.240080357E0,-9.419346809E0,-2.679363251E0
2.815885317E1,1.249651670E0,-9.381061554E0,-2.674577475E0
2.817912333E1,1.249651670E0,-9.395418167E0,-2.674577475E0
2.819939348E1,1.249651670E0,-9.381061554E0,-2.660220623E0
2.821966364E1,1.235294700E0,-9.385847092E0,-2.679363251E0
2.823993385E1,1.235294700E0,-9.414560318E0,-2.669791937E0
2.826020400E1,1.254437327E0,-9.404989243E0,-2.660220623E0
2.828047416E1,1.287936807E0,-9.404989243E0,-2.645863533E0
2.830074432E1,1.254437327E0,-9.390632629E0,-2.641077995E0
2.832101453E1,1.220937729E0,-9.395418167E0,-2.645863533E0
2.834128468E1,1.211366415E0,-9.390632629E0,-2.660220623E0
2.836155484E1,1.220937729E0,-9.414560318E0,-2.645863533E0
2.838182499E1,1.244866014E0,-9.424132347E0,-2.617149830E0
2.840209520E1,1.230509043E0,-9.419346809E0,-2.641077995E0
2.842236536E1,1.206580877E0,-9.385847092E0,-2.688934565E0
2.844276536E1,1.216152072E0,-9.400203705E0,-2.674577475E0
2.846290567E1,1.240080357E0,-9.400203705E0,-2.665006161E0
2.848317583E1,1.254437327E0,-9.409774780E0,-2.641077995E0
2.850344604E1,1.225723386E0,-9.404989243E0,-2.636292458E0
2.852371619E1,1.201795220E0,-9.404989243E0,-2.621935368E0
2.854411619E1,1.197009563E0,-9.414560318E0,-2.626721144E0
2.856425650E1,1.201795220E0,-9.428917885E0,-2.621935368E0
2.858452666E1,1.201795220E0,-9.409774780E0,-2.607578516E0
2.860479687E1,1.173081279E0,-9.419346809E0,-2.636292458E0
2.862506703E1,1.187438250E0,-9.414560318E0,-2.645863533E0
2.864546703E1,1.206580877E0,-9.404989243E0,-2.645863533E0
2.866560734E1,1.216152072E0,-9.404989243E0,-2.645863533E0
2.868587755E1,1.230509043E0,-9.409774780E0,-2.665006161E0
2.870614770E1,1.244866014E0,-9.414560318E0,-2.684148788E0
2.872641786E1,1.240080357E0,-9.404989243E0,-2.698505640E0
2.874668802E1,1.230509043E0,-9.376275063E0,-2.665006161E0
2.876695817E1,1.235294700E0,-9.385847092E0,-2.641077995E0
2.878722838E1,1.259222865E0,-9.404989243E0,-2.641077995E0
2.880749854E1,1.235294700E0,-9.409774780E0,-2.636292458E0
2.882776869E1,1.240080357E0,-9.409774780E0,-2.660220623E0
2.884803885E1,1.220937729E0,-9.414560318E0,-2.660220623E0
2.886830900E1,1.211366415E0,-9.381061554E0,-2.631506681E0
2.888857921E1,1.244866014E0,-9.376275063E0,-2.650649309E0
2.890884937E1,1.206580877E0,-9.404989243E0,-2.655434847E0
2.892911952E1,1.216152072E0,-9.433703423E0,-2.660220623E0
2.894938973E1,1.225723386E0,-9.419346809E0,-2.636292458E0
2.896965989E1,1.206580877E0,-9.414560318E0,-2.636292458E0
2.898993005E1,1.206580877E0,-9.381061554E0,-2.650649309E0
2.901020020E1,1.220937729E0,-9.395418167E0,-2.650649309E0
2.903047041E1,1.216152072E0,-9.409774780E0,-2.674577475E0
2.905074057E1,1.230509043E0,-9.400203705E0,-2.660220623E0
2.907101072E1,1.220937729E0,-9.400203705E0,-2.655434847E0
2.909128088E1,1.225723386E0,-9.419346809E0,-2.650649309E0
2.911155109E1,1.206580877E0,-9.414560318E0,-2.650649309E0
2.913182124E1,1.216152072E0,-9.376275063E0,-2.669791937E0
2.915209140E1,1.225723386E0,-9.404989243E0,-2.645863533E0
2.917236161E1,1.225723386E0,-9.419346809E0,-2.636292458E0
2.919263176E1,1.206580877E0,-9.409774780E0,-2.645863533E0
2.921290192E1,1.211366415E0,-9.385847092E0,-2.693720102E0
2.923317208E1,1.244866014E0,-9.395418167E0,-2.665006161E0
2.925344229E1,1.249651670E0,-9.404989243E0,-2.641077995E0
2.927371244E1,1.240080357E0,-9.414560318E0,-2.660220623E0
2.929398260E1,1.220937729E0,-9.404989243E0,-2.660220623E0
2.931425275E1,1.201795220E0,-9.404989243E0,-2.617149830E0
2.933452296E1,1.206580877E0,-9.419346809E0,-2.612364054E0
2.935479312E1,1.216152072E0,-9.400203705E0,-2.626721144E0
2.937506333E1,1.240080357E0,-9.424132347E0,-2.650649309E0
2.939533348E1,1.244866014E0,-9.395418167E0,-2.631506681E0
2.941560364E1,1.201795220E0,-9.400203705E0,-2.641077995E0
2.943587385E1,1.177866936E0,-9.409774780E0,-2.641077995E0
2.945614400E1,1.225723386E0,-9.404989243E0,-2.674577475E0
2.947641416E1,1.254437327E0,-9.400203705E0,-2.698505640E0
2.949668437E1,1.273579836E0,-9.381061554E0,-2.708076954E0
2.951695453E1,1.287936807E0,-9.381061554E0,-2.717648268E0
2.953722468E1,1.268794179E0,-9.371489525E0,-2.684148788E0
2.955749489E1,1.264008522E0,-9.381061554E0,-2.679363251E0
2.957776505E1,1.254437327E0,-9.395418167E0,-2.717648268E0
2.959803520E1,1.259222865E0,-9.376275063E0,-2.698505640E0
2.961830541E1,1.254437327E0,-9.390632629E0,-2.674577475E0
2.963857557E1,1.264008522E0,-9.381061554E0,-2.655434847E0
2.965884572E1,1.230509043E0,-9.395418167E0,-2.650649309E0
2.967911593E1,1.249651670E0,-9.400203705E0,-2.636292458E0
2.969938609E1,1.249651670E0,-9.395418167E0,-2.650649309E0
2.971965630E1,1.254437327E0,-9.400203705E0,-2.650649309E0
2.973992645E1,1.254437327E0,-9.414560318E0,-2.679363251E0
2.976019666E1,1.240080357E0,-9.400203705E0,-2.674577475E0
2.978046682E1,1.268794179E0,-9.376275063E0,-2.674577475E0
2.980073697E1,1.254437327E0,-9.381061554E0,-2.679363251E0
2.982100713E1,1.225723386E0,-9.390632629E0,-2.665006161E0
2.984127734E1,1.211366415E0,-9.400203705E0,-2.674577475E0
2.986154755E1,1.216152072E0,-9.400203705E0,-2.688934565E0
2.988181770E1,1.244866014E0,-9.395418167E0,-2.679363251E0
2.990208786E1,1.259222865E0,-9.414560318E0,-2.645863533E0
2.992235807E1,1.230509043E0,-9.395418167E0,-2.631506681E0
2.994275807E1,1.225723386E0,-9.381061554E0,-2.693720102E0
2.996289843E1,1.235294700E0,-9.385847092E0,-2.722434044E0
2.998316859E1,1.240080357E0,-9.400203705E0,-2.688934565E0
3.000343880E1,1.292722464E0,-9.400203705E0,-2.708076954E0
3.002370900E1,1.287936807E0,-9.381061554E0,-2.693720102E0
3.004410900E1,1.254437327E0,-9.371489525E0,-2.660220623E0
3.006424932E1,1.254437327E0,-9.385847092E0,-2.669791937E0
3.008451952E1,1.244866014E0,-9.395418167E0,-2.669791937E0
3.010478968E1,1.244866014E0,-9.409774780E0,-2.650649309E0
3.012505989E1,1.240080357E0,-9.400203705E0,-2.669791937E0
3.014545989E1,1.240080357E0,-9.390632629E0,-2.684148788E0
3.016560025E1,1.235294700E0,-9.414560318E0,-2.688934565E0
3.018587041E1,1.240080357E0,-9.400203705E0,-2.684148788E0
3.020614062E1,1.244866014E0,-9.390632629E0,-2.693720102E0
3.022641083E1,1.254437327E0,-9.385847092E0,-2.698505640E0
3.024681083E1,1.249651670E0,-9.390632629E0,-2.684148788E0
3.026695119E1,1.240080357E0,-9.400203705E0,-2.722434044E0
3.028722135E1,1.235294700E0,-9.395418167E0,-2.674577475E0
3.030749156E1,1.254437327E0,-9.400203705E0,-2.660220623E0
3.032776176E1,1.244866014E0,-9.395418167E0,-2.684148788E0
3.034803192E1,1.225723386E0,-9.395418167E0,-2.665006161E0
3.036830213E1,1.235294700E0,-9.371489525E0,-2.679363251E0
3.038857229E1,1.235294700E0,-9.385847092E0,-2.693720102E0
3.040884249E1,1.230509043E0,-9.419346809E0,-2.693720102E0
3.042911260E1,1.240080357E0,-9.400203705E0,-2.688934565E0
3.044938286E1,1.220937729E0,-9.390632629E0,-2.655434847E0
3.046965302E1,1.182652593E0,-9.400203705E0,-2.660220623E0
3.048992322E1,1.201795220E0,-9.400203705E0,-2.669791937E0
3.051019343E1,1.211366415E0,-9.400203705E0,-2.669791937E0
3.053046359E1,1.211366415E0,-9.409774780E0,-2.693720102E0
3.055073380E1,1.220937729E0,-9.390632629E0,-2.698505640E0
3.057100395E1,1.235294700E0,-9.351749420E0,-2.674577475E0
3.059127416E1,1.235294700E0,-9.385847092E0,-2.665006161E0
3.061154437E1,1.211366415E0,-9.400203705E0,-2.655434847E0
3.063181453E1,1.230509043E0,-9.419346809E0,-2.698505640E0
3.065208473E1,1.264008522E0,-9.404989243E0,-2.698505640E0
3.067235489E1,1.244866014E0,-9.371489525E0,-2.688934565E0
3.069262510E1,1.220937729E0,-9.376275063E0,-2.693720102E0
3.071289525E1,1.273579836E0,-9.381061554E0,-2.684148788E0
3.073316546E1,1.268794179E0,-9.400203705E0,-2.712862730E0
3.075343567E1,1.273579836E0,-9.409774780E0,-2.722434044E0
3.077370583E1,1.283151150E0,-9.404989243E0,-2.703291416E0
3.079397604E1,1.240080357E0,-9.404989243E0,-2.660220623E0
3.081424624E1,1.225723386E0,-9.390632629E0,-2.636292458E0
3.083451640E1,1.216152072E0,-9.385847092E0,-2.645863533E0
3.085478661E1,1.211366415E0,-9.400203705E0,-2.674577475E0
3.087505677E1,1.225723386E0,-9.381061554E0,-2.665006161E0
3.089532697E1,1.244866014E0,-9.400203705E0,-2.669791937E0
3.091559713E1,1.259222865E0,-9.400203705E0,-2.703291416E0
3.093586734E1,1.235294700E0,-9.404989243E0,-2.712862730E0
3.095613755E1,1.225723386E0,-9.395418167E0,-2.712862730E0
3.097640775E1,1.216152072E0,-9.381061554E0,-2.703291416E0
3.099667791E1,1.240080357E0,-9.381061554E0,-2.708076954E0
3.101694812E1,1.254437327E0,-9.395418167E0,-2.693720102E0
3.103721828E1,1.225723386E0,-9.395418167E0,-2.693720102E0
3.105748848E1,1.225723386E0,-9.395418167E0,-2.693720102E0
3.107775869E1,1.230509043E0,-9.381061554E0,-2.684148788E0
3.109802885E1,1.240080357E0,-9.385847092E0,-2.688934565E0
3.111829906E1,1.225723386E0,-9.390632629E0,-2.698505640E0
3.113856921E1,1.240080357E0,-9.376275063E0,-2.698505640E0
3.115883942E1,1.254437327E0,-9.366703987E0,-2.693720102E0
3.117910963E1,1.240080357E0,-9.381061554E0,-2.684148788E0
3.119937978E1,1.230509043E0,-9.385847092E0,-2.688934565E0
3.121964999E1,1.244866014E0,-9.390632629E0,-2.703291416E0
3.123992015E1,1.264008522E0,-9.371489525E0,-2.703291416E0
3.126019036E1,1.259222865E0,-9.371489525E0,-2.698505640E0
3.128046052E1,1.235294700E0,-9.371489525E0,-2.722434044E0
3.130073067E1,1.249651670E0,-9.366703987E0,-2.746362209E0
3.132100088E1,1.240080357E0,-9.371489525E0,-2.712862730E0
3.134127109E1,1.264008522E0,-9.376275063E0,-2.708076954E0
3.136154130E1,1.244866014E0,-9.400203705E0,-2.712862730E0
3.138181145E1,1.235294700E0,-9.385847092E0,-2.717648268E0
3.140208166E1,1.244866014E0,-9.371489525E0,-2.698505640E0
3.142235182E1,1.254437327E0,-9.390632629E0,-2.679363251E0
3.144275182E1,1.240080357E0,-9.385847092E0,-2.679363251E0
3.146289218E1,1.225723386E0,-9.385847092E0,-2.703291416E0
3.148316234E1,1.264008522E0,-9.351749420E0,-2.736790895E0
3.150343255E1,1.297508121E0,-9.361918449E0,-2.732005358E0
3.152370270E1,1.283151150E0,-9.400203705E0,-2.708076954E0
3.154410270E1,1.278365493E0,-9.400203705E0,-2.722434044E0
3.156424307E1,1.244866014E0,-9.361918449E0,-2.722434044E0
3.158451328E1,1.244866014E0,-9.366703987E0,-2.708076954E0
3.160478343E1,1.220937729E0,-9.390632629E0,-2.688934565E0
3.162505359E1,1.211366415E0,-9.400203705E0,-2.679363251E0
3.164545359E1,1.254437327E0,-9.400203705E0,-2.698505640E0
3.166559395E1,1.244866014E0,-9.376275063E0,-2.684148788E0
3.168586416E1,1.220937729E0,-9.404989243E0,-2.698505640E0
3.170613432E1,1.225723386E0,-9.395418167E0,-2.712862730E0
3.172640447E1,1.230509043E0,-9.381061554E0,-2.688934565E0
3.174667468E1,1.268794179E0,-9.390632629E0,-2.693720102E0
3.176707468E1,1.273579836E0,-9.390632629E0,-2.708076954E0
3.178721505E1,1.268794179E0,-9.404989243E0,-2.727219582E0
3.180748520E1,1.254437327E0,-9.385847092E0,-2.698505640E0
3.182775536E1,1.230509043E0,-9.385847092E0,-2.688934565E0
3.184802557E1,1.230509043E0,-9.366703987E0,-2.674577475E0
3.186829572E1,1.259222865E0,-9.356534958E0,-2.684148788E0
3.188856588E1,1.259222865E0,-9.381061554E0,-2.708076954E0
3.190883609E1,1.264008522E0,-9.376275063E0,-2.722434044E0
3.192910624E1,1.259222865E0,-9.390632629E0,-2.722434044E0
3.194937640E1,1.259222865E0,-9.390632629E0,-2.688934565E0
3.196964661E1,1.268794179E0,-9.371489525E0,-2.698505640E0
3.198991676E1,1.225723386E0,-9.371489525E0,-2.703291416E0
3.201018692E1,1.225723386E0,-9.390632629E0,-2.698505640E0
3.203045708E1,1.240080357E0,-9.404989243E0,-2.674577475E0
3.205072723E1,1.240080357E0,-9.400203705E0,-2.688934565E0
3.207099744E1,1.249651670E0,-9.409774780E0,-2.669791937E0
3.209126760E1,1.254437327E0,-9.390632629E0,-2.669791937E0
3.211153781E1,1.235294700E0,-9.400203705E0,-2.698505640E0
3.213180796E1,1.240080357E0,-9.404989243E0,-2.688934565E0
3.215207812E1,1.264008522E0,-9.400203705E0,-2.684148788E0
3.217234833E1,1.283151150E0,-9.376275063E0,-2.684148788E0
3.219261848E1,1.249651670E0,-9.390632629E0,-2.684148788E0
3.221288864E1,1.254437327E0,-9.376275063E0,-2.679363251E0
3.223315880E1,1.273579836E0,-9.376275063E0,-2.732005358E0
3.225342895E1,1.254437327E0,-9.371489525E0,-2.751147747E0
3.227369916E1,1.302891970E0,-9.366703987E0,-2.717648268E0
3.229396932E1,1.312463164E0,-9.371489525E0,-2.688934565E0
3.231423947E1,1.287936807E0,-9.381061554E0,-2.693720102E0
3.233450963E1,1.264008522E0,-9.361918449E0,-2.727219582E0
3.235477979E1,1.220937729E0,-9.376275063E0,-2.722434044E0
3.237504999E1,1.249651670E0,-9.381061554E0,-2.717648268E0
3.239532015E1,1.249651670E0,-9.390632629E0,-2.679363251E0
3.241559031E1,1.240080357E0,-9.395418167E0,-2.641077995E0
3.243586046E1,1.216152072E0,-9.376275063E0,-2.660220623E0
3.245613062E1,1.201795220E0,-9.390632629E0,-2.708076954E0
3.247640078E1,1.206580877E0,-9.400203705E0,-2.708076954E0
3.249667098E1,1.254437327E0,-9.385847092E0,-2.679363251E0
3.251694114E1,1.278365493E0,-9.381061554E0,-2.703291416E0
3.253721130E1,1.249651670E0,-9.390632629E0,-2.712862730E0
3.255748145E1,1.254437327E0,-9.395418167E0,-2.708076954E0
3.257775161E1,1.268794179E0,-9.395418167E0,-2.698505640E0
3.259802176E1,1.230509043E0,-9.385847092E0,-2.703291416E0
3.261829192E1,1.225723386E0,-9.381061554E0,-2.703291416E0
3.263856213E1,1.249651670E0,-9.390632629E0,-2.693720102E0
3.265883228E1,1.244866014E0,-9.385847092E0,-2.688934565E0
3.267910244E1,1.235294700E0,-9.376275063E0,-2.688934565E0
3.269937260E1,1.220937729E0,-9.395418167E0,-2.693720102E0
3.271964275E1,1.206580877E0,-9.400203705E0,-2.708076954E0
3.273991291E1,1.230509043E0,-9.400203705E0,-2.708076954E0
3.276018302E1,1.240080357E0,-9.419346809E0,-2.708076954E0
3.278045322E1,1.259222865E0,-9.376275063E0,-2.669791937E0
3.280072333E1,1.230509043E0,-9.385847092E0,-2.688934565E0
3.282112333E1,1.235294700E0,-9.385847092E0,-2.708076954E0
3.284126364E1,1.264008522E0,-9.381061554E0,-2.693720102E0
3.286153380E1,1.230509043E0,-9.376275063E0,-2.698505640E0
3.288180395E1,1.244866014E0,-9.376275063E0,-2.708076954E0
3.290207411E1,1.249651670E0,-9.371489525E0,-2.679363251E0
3.292234426E1,1.220937729E0,-9.371489525E0,-2.698505640E0
3.294274426E1,1.240080357E0,-9.400203705E0,-2.708076954E0
3.296288458E1,1.240080357E0,-9.404989243E0,-2.722434044E0
3.298315473E1,1.216152072E0,-9.376275063E0,-2.741576433E0
3.300342484E1,1.249651670E0,-9.361918449E0,-2.727219582E0
3.302369499E1,1.254437327E0,-9.351749420E0,-2.693720102E0
3.304409499E1,1.268794179E0,-9.371489525E0,-2.698505640E0
3.306423531E1,1.249651670E0,-9.395418167E0,-2.741576433E0
3.308450541E1,1.225723386E0,-9.400203705E0,-2.717648268E0
3.310477557E1,1.225723386E0,-9.390632629E0,-2.684148788E0
3.312504572E1,1.225723386E0,-9.404989243E0,-2.674577475E0
3.314544572E1,1.220937729E0,-9.400203705E0,-2.665006161E0
3.316558604E1,1.216152072E0,-9.385847092E0,-2.684148788E0
3.318585614E1,1.220937729E0,-9.371489525E0,-2.679363251E0
3.320612630E1,1.225723386E0,-9.385847092E0,-2.669791937E0
3.322639645E1,1.235294700E0,-9.404989243E0,-2.698505640E0
3.324679645E1,1.249651670E0,-9.381061554E0,-2.712862730E0
3.326693671E1,1.244866014E0,-9.376275063E0,-2.727219582E0
3.328720682E1,1.254437327E0,-9.371489525E0,-2.732005358E0
3.330747697E1,1.283151150E0,-9.371489525E0,-2.712862730E0
3.332774713E1,1.268794179E0,-9.371489525E0,-2.698505640E0
3.334801723E1,1.254437327E0,-9.381061554E0,-2.684148788E0
3.336828739E1,1.287936807E0,-9.376275063E0,-2.684148788E0
3.338855755E1,1.283151150E0,-9.400203705E0,-2.693720102E0
3.340882765E1,1.249651670E0,-9.414560318E0,-2.645863533E0
3.342909781E1,1.249651670E0,-9.409774780E0,-2.669791937E0
3.344936791E1,1.249651670E0,-9.395418167E0,-2.684148788E0
3.346963807E1,1.220937729E0,-9.376275063E0,-2.679363251E0
3.348990812E1,1.240080357E0,-9.390632629E0,-2.641077995E0
3.351017828E1,1.244866014E0,-9.385847092E0,-2.665006161E0
3.353044843E1,1.259222865E0,-9.390632629E0,-2.674577475E0
3.355071854E1,1.235294700E0,-9.409774780E0,-2.660220623E0
3.357098869E1,1.206580877E0,-9.424132347E0,-2.684148788E0
3.359125880E1,1.240080357E0,-9.385847092E0,-2.698505640E0
3.361152895E1,1.264008522E0,-9.385847092E0,-2.693720102E0
3.363179906E1,1.268794179E0,-9.381061554E0,-2.641077995E0
3.365206916E1,1.254437327E0,-9.381061554E0,-2.645863533E0
3.367233932E1,1.235294700E0,-9.385847092E0,-2.698505640E0
3.369260942E1,1.240080357E0,-9.400203705E0,-2.736790895E0
3.371287953E1,1.264008522E0,-9.395418167E0,-2.703291416E0
3.373314968E1,1.287936807E0,-9.395418167E0,-2.674577475E0
3.375341979E1,1.254437327E0,-9.366703987E0,-2.684148788E0
3.377368989E1,1.220937729E0,-9.376275063E0,-2.650649309E0
3.379396005E1,1.206580877E0,-9.385847092E0,-2.650649309E0
3.381423015E1,1.230509043E0,-9.424132347E0,-2.650649309E0
3.383450025E1,1.211366415E0,-9.419346809E0,-2.645863533E0
3.385477036E1,1.249651670E0,-9.404989243E0,-2.645863533E0
3.387504052E1,1.240080357E0,-9.385847092E0,-2.650649309E0
3.389531062E1,1.211366415E0,-9.385847092E0,-2.665006161E0
3.391558072E1,1.216152072E0,-9.385847092E0,-2.669791937E0
3.393585083E1,1.249651670E0,-9.385847092E0,-2.645863533E0
3.395612098E1,1.268794179E0,-9.395418167E0,-2.660220623E0
3.397639109E1,1.264008522E0,-9.409774780E0,-2.655434847E0
3.399666119E1,1.249651670E0,-9.419346809E0,-2.641077995E0
3.401693130E1,1.254437327E0,-9.404989243E0,-2.669791937E0
3.403720140E1,1.216152072E0,-9.404989243E0,-2.660220623E0
3.405747150E1,1.235294700E0,-9.414560318E0,-2.636292458E0
3.407774161E1,1.244866014E0,-9.414560318E0,-2.636292458E0
3.409801171E1,1.254437327E0,-9.395418167E0,-2.626721144E0
3.411828182E1,1.240080357E0,-9.395418167E0,-2.636292458E0
3.413855192E1,1.244866014E0,-9.409774780E0,-2.631506681E0
3.415882202E1,1.216152072E0,-9.419346809E0,-2.636292458E0
3.417909213E1,1.244866014E0,-9.414560318E0,-2.645863533E0
3.419936223E1,1.230509043E0,-9.400203705E0,-2.655434847E0
3.421963234E1,1.230509043E0,-9.400203705E0,-2.636292458E0
3.423990239E1,1.220937729E0,-9.409774780E0,-2.636292458E0
3.426017255E1,1.216152072E0,-9.400203705E0,-2.631506681E0
3.428044265E1,1.192223907E0,-9.404989243E0,-2.674577475E0
3.430071275E1,1.197009563E0,-9.404989243E0,-2.698505640E0
3.432098286E1,1.235294700E0,-9.376275063E0,-2.665006161E0
3.434125296E1,1.244866014E0,-9.395418167E0,-2.655434847E0
3.436152302E1,1.220937729E0,-9.414560318E0,-2.650649309E0
3.438179312E1,1.182652593E0,-9.409774780E0,-2.626721144E0
3.440206322E1,1.187438250E0,-9.428917885E0,-2.621935368E0
3.442233333E1,1.197009563E0,-9.424132347E0,-2.588435888E0
3.444273333E1,1.211366415E0,-9.419346809E0,-2.583650351E0
3.446287348E1,1.216152072E0,-9.424132347E0,-2.621935368E0
3.448314359E1,1.201795220E0,-9.443274498E0,-2.612364054E0
3.450341369E1,1.201795220E0,-9.443274498E0,-2.593221426E0
3.452368380E1,1.177866936E0,-9.424132347E0,-2.607578516E0
3.454408380E1,1.216152072E0,-9.390632629E0,-2.650649309E0
3.456422395E1,1.230509043E0,-9.404989243E0,-2.641077995E0
3.458449406E1,1.240080357E0,-9.433703423E0,-2.631506681E0
3.460476416E1,1.220937729E0,-9.400203705E0,-2.645863533E0
3.462503421E1,1.230509043E0,-9.404989243E0,-2.655434847E0
3.464543421E1,1.230509043E0,-9.404989243E0,-2.665006161E0
3.466557437E1,1.268794179E0,-9.376275063E0,-2.674577475E0
3.468584447E1,1.264008522E0,-9.371489525E0,-2.645863533E0
3.470611458E1,1.259222865E0,-9.400203705E0,-2.631506681E0
3.472638463E1,1.264008522E0,-9.400203705E0,-2.645863533E0
3.474665473E1,1.235294700E0,-9.404989243E0,-2.665006161E0
3.476692478E1,1.225723386E0,-9.395418167E0,-2.679363251E0
3.478719489E1,1.220937729E0,-9.395418167E0,-2.669791937E0
3.480746494E1,1.201795220E0,-9.404989243E0,-2.621935368E0
3.482773499E1,1.225723386E0,-9.395418167E0,-2.626721144E0
3.484800510E1,1.201795220E0,-9.404989243E0,-2.645863533E0
3.486827515E1,1.187438250E0,-9.419346809E0,-2.617149830E0
3.488854525E1,1.211366415E0,-9.400203705E0,-2.660220623E0
3.490881531E1,1.220937729E0,-9.376275063E0,-2.650649309E0
3.492908541E1,1.240080357E0,-9.376275063E0,-2.645863533E0
3.494935546E1,1.297508121E0,-9.433703423E0,-2.655434847E0
3.496962552E1,1.264008522E0,-9.428917885E0,-2.650649309E0
3.498989562E1,1.249651670E0,-9.395418167E0,-2.665006161E0
3.501016567E1,1.240080357E0,-9.404989243E0,-2.669791937E0
3.503043578E1,1.225723386E0,-9.390632629E0,-2.617149830E0
3.505070583E1,1.220937729E0,-9.400203705E0,-2.626721144E0
3.507097588E1,1.216152072E0,-9.424132347E0,-2.641077995E0
3.509124593E1,1.220937729E0,-9.438488960E0,-2.645863533E0
3.511151604E1,1.240080357E0,-9.438488960E0,-2.660220623E0
3.513178609E1,1.220937729E0,-9.404989243E0,-2.636292458E0
3.515205614E1,1.216152072E0,-9.390632629E0,-2.636292458E0
3.517232624E1,1.220937729E0,-9.395418167E0,-2.650649309E0
3.519259630E1,1.220937729E0,-9.400203705E0,-2.660220623E0
3.521286635E1,1.240080357E0,-9.419346809E0,-2.665006161E0
3.523313640E1,1.273579836E0,-9.409774780E0,-2.669791937E0
3.525340650E1,1.259222865E0,-9.395418167E0,-2.645863533E0
3.527367656E1,1.240080357E0,-9.390632629E0,-2.641077995E0
3.529394661E1,1.264008522E0,-9.385847092E0,-2.650649309E0
3.531421666E1,1.259222865E0,-9.390632629E0,-2.660220623E0
3.533448671E1,1.259222865E0,-9.414560318E0,-2.674577475E0
3.535475677E1,1.254437327E0,-9.419346809E0,-2.669791937E0
3.537502682E1,1.225723386E0,-9.395418167E0,-2.665006161E0
3.539529687E1,1.211366415E0,-9.390632629E0,-2.669791937E0
3.541556692E1,1.235294700E0,-9.376275063E0,-2.645863533E0
3.543583703E1,1.211366415E0,-9.390632629E0,-2.650649309E0
3.545610708E1,1.216152072E0,-9.414560318E0,-2.669791937E0
3.547637713E1,1.220937729E0,-9.424132347E0,-2.665006161E0
3.549664713E1,1.220937729E0,-9.414560318E0,-2.645863533E0
3.551691723E1,1.206580877E0,-9.400203705E0,-2.665006161E0
3.553718723E1,1.182652593E0,-9.381061554E0,-2.693720102E0
3.555745729E1,1.230509043E0,-9.381061554E0,-2.665006161E0
3.557772734E1,1.278365493E0,-9.419346809E0,-2.660220623E0
3.559799744E1,1.273579836E0,-9.419346809E0,-2.660220623E0
3.561826744E1,1.259222865E0,-9.385847092E0,-2.669791937E0
3.563853749E1,1.230509043E0,-9.390632629E0,-2.636292458E0
3.565880755E1,1.197009563E0,-9.404989243E0,-2.660220623E0
3.567907760E1,1.206580877E0,-9.404989243E0,-2.650649309E0
3.569934765E1,1.220937729E0,-9.404989243E0,-2.669791937E0
3.571961770E1,1.240080357E0,-9.404989243E0,-2.665006161E0
3.573988775E1,1.220937729E0,-9.404989243E0,-2.636292458E0
3.576015781E1,1.197009563E0,-9.404989243E0,-2.665006161E0
3.578042781E1,1.197009563E0,-9.409774780E0,-2.703291416E0
3.580069786E1,1.197009563E0,-9.414560318E0,-2.698505640E0
3.582096791E1,1.216152072E0,-9.400203705E0,-2.669791937E0
3.584123796E1,1.273579836E0,-9.366703987E0,-2.636292458E0
3.586150802E1,1.283151150E0,-9.371489525E0,-2.636292458E0
3.588177807E1,1.259222865E0,-9.376275063E0,-2.684148788E0
3.590204807E1,1.244866014E0,-9.381061554E0,-2.708076954E0
3.592231812E1,1.249651670E0,-9.409774780E0,-2.688934565E0
3.594271812E1,1.259222865E0,-9.390632629E0,-2.665006161E0
3.596285822E1,1.254437327E0,-9.376275063E0,-2.674577475E0
3.598312822E1,1.220937729E0,-9.376275063E0,-2.693720102E0
3.600339828E1,1.211366415E0,-9.390632629E0,-2.684148788E0
3.602366833E1,1.206580877E0,-9.404989243E0,-2.669791937E0
3.604406833E1,1.197009563E0,-9.395418167E0,-2.665006161E0
3.606420838E1,1.201795220E0,-9.400203705E0,-2.665006161E0
3.608447838E1,1.211366415E0,-9.400203705E0,-2.665006161E0
3.610474843E1,1.220937729E0,-9.385847092E0,-2.655434847E0
3.612501843E1,1.216152072E0,-9.409774780E0,-2.660220623E0
3.614541843E1,1.240080357E0,-9.409774780E0,-2.636292458E0
3.616555854E1,1.225723386E0,-9.385847092E0,-2.665006161E0
3.618582854E1,1.244866014E0,-9.366703987E0,-2.688934565E0
3.620609859E1,1.249651670E0,-9.385847092E0,-2.679363251E0
3.622636859E1,1.264008522E0,-9.400203705E0,-2.665006161E0
3.624676859E1,1.254437327E0,-9.409774780E0,-2.665006161E0
3.626690864E1,1.230509043E0,-9.390632629E0,-2.674577475E0
3.628717869E1,1.211366415E0,-9.385847092E0,-2.655434847E0
3.630744869E1,1.206580877E0,-9.404989243E0,-2.650649309E0
3.632771874E1,1.216152072E0,-9.414560318E0,-2.626721144E0
3.634798874E1,1.230509043E0,-9.414560318E0,-2.607578516E0
3.636825880E1,1.230509043E0,-9.409774780E0,-2.621935368E0
3.638852880E1,1.216152072E0,-9.424132347E0,-2.641077995E0
3.640879880E1,1.220937729E0,-9.414560318E0,-2.641077995E0
3.642906885E1,1.244866014E0,-9.400203705E0,-2.645863533E0
3.644933885E1,1.244866014E0,-9.400203705E0,-2.617149830E0
3.646960890E1,1.225723386E0,-9.419346809E0,-2.617149830E0
3.648987890E1,1.216152072E0,-9.409774780E0,-2.645863533E0
3.651014895E1,1.225723386E0,-9.404989243E0,-2.621935368E0
3.653041895E1,1.201795220E0,-9.366703987E0,-2.612364054E0
3.655068895E1,1.216152072E0,-9.351749420E0,-2.588435888E0
3.657095895E1,1.177866936E0,-9.395418167E0,-2.665006161E0
3.659122900E1,1.177866936E0,-9.424132347E0,-2.679363251E0
3.661149900E1,1.244866014E0,-9.385847092E0,-2.669791937E0
3.663188781E1,1.201795220E0,-9.376275063E0,-2.641077995E0
3.665203900E1,1.225723386E0,-9.371489525E0,-2.645863533E0
3.667230906E1,1.249651670E0,-9.424132347E0,-2.669791937E0
3.669257906E1,1.182652593E0,-9.438488960E0,-2.645863533E0
3.671284906E1,1.177866936E0,-9.428917885E0,-2.598007202E0
3.673311906E1,1.197009563E0,-9.471988678E0,-2.583650351E0
3.675338911E1,1.187438250E0,-9.424132347E0,-2.540579557E0
3.677365906E1,1.139581800E0,-9.433703423E0,-2.545365095E0
3.679392911E1,1.134796143E0,-9.428917885E0,-2.535793781E0
3.681419911E1,1.173081279E0,-9.452845573E0,-2.511865616E0
3.683446911E1,1.201795220E0,-9.467203140E0,-2.550150633E0
3.685473911E1,1.230509043E0,-9.481559753E0,-2.564507723E0
3.687500911E1,1.201795220E0,-9.448060036E0,-2.531008244E0
3.689527911E1,1.153938770E0,-9.433703423E0,-2.507079840E0
3.691554911E1,1.158724308E0,-9.462417603E0,-2.521436930E0
3.693581911E1,1.158724308E0,-9.481559753E0,-2.526222467E0
3.695608911E1,1.130010486E0,-9.467203140E0,-2.492722988E0
3.697635911E1,1.139581800E0,-9.443274498E0,-2.487937450E0
3.699662911E1,1.139581800E0,-9.438488960E0,-2.511865616E0
3.701702911E1,1.120439172E0,-9.457631111E0,-2.535793781E0
3.703716911E1,1.120439172E0,-9.462417603E0,-2.559721947E0
3.705743911E1,1.173081279E0,-9.438488960E0,-2.559721947E0
3.707770911E1,1.182652593E0,-9.424132347E0,-2.574079037E0
3.709797911E1,1.158724308E0,-9.438488960E0,-2.578864574E0
3.711824911E1,1.134796143E0,-9.438488960E0,-2.569293261E0
3.713851911E1,1.168295622E0,-9.433703423E0,-2.564507723E0
3.715878911E1,1.182652593E0,-9.428917885E0,-2.569293261E0
3.717905911E1,1.177866936E0,-9.428917885E0,-2.550150633E0
3.719932911E1,1.134796143E0,-9.448060036E0,-2.540579557E0
3.721959906E1,1.163509965E0,-9.433703423E0,-2.535793781E0
3.723986906E1,1.187438250E0,-9.428917885E0,-2.574079037E0
3.726013906E1,1.187438250E0,-9.438488960E0,-2.531008244E0
3.728040906E1,1.153938770E0,-9.448060036E0,-2.535793781E0
3.730067906E1,1.149153113E0,-9.448060036E0,-2.550150633E0
3.732094906E1,1.192223907E0,-9.452845573E0,-2.559721947E0
3.734121900E1,1.149153113E0,-9.448060036E0,-2.569293261E0
3.736148900E1,1.158724308E0,-9.433703423E0,-2.531008244E0
3.738175900E1,1.177866936E0,-9.476774216E0,-2.521436930E0
3.740202900E1,1.177866936E0,-9.452845573E0,-2.531008244E0
3.742229895E1,1.144367456E0,-9.419346809E0,-2.554936409E0
3.744269895E1,1.153938770E0,-9.419346809E0,-2.574079037E0
3.746283895E1,1.230509043E0,-9.419346809E0,-2.564507723E0
3.748310890E1,1.249651670E0,-9.424132347E0,-2.564507723E0
3.750337890E1,1.206580877E0,-9.433703423E0,-2.531008244E0
3.752364885E1,1.163509965E0,-9.433703423E0,-2.569293261E0
3.754404885E1,1.168295622E0,-9.443274498E0,-2.593221426E0
3.756418885E1,1.173081279E0,-9.448060036E0,-2.554936409E0
3.758445880E1,1.177866936E0,-9.433703423E0,-2.540579557E0
3.760472880E1,1.182652593E0,-9.419346809E0,-2.531008244E0
3.762499880E1,1.187438250E0,-9.433703423E0,-2.569293261E0
3.764539880E1,1.168295622E0,-9.448060036E0,-2.569293261E0
3.766553874E1,1.168295622E0,-9.452845573E0,-2.574079037E0
3.768580869E1,1.201795220E0,-9.424132347E0,-2.564507723E0
3.770607869E1,1.173081279E0,-9.419346809E0,-2.550150633E0
3.772634864E1,1.177866936E0,-9.438488960E0,-2.564507723E0
3.774661864E1,1.192223907E0,-9.428917885E0,-2.554936409E0
3.776688859E1,1.177866936E0,-9.438488960E0,-2.578864574E0
3.778715859E1,1.177866936E0,-9.438488960E0,-2.559721947E0
3.780742854E1,1.144367456E0,-9.433703423E0,-2.545365095E0
3.782769854E1,1.158724308E0,-9.424132347E0,-2.531008244E0
3.784796848E1,1.168295622E0,-9.438488960E0,-2.545365095E0
3.786823848E1,1.158724308E0,-9.438488960E0,-2.554936409E0
3.788850843E1,1.149153113E0,-9.448060036E0,-2.574079037E0
3.790877843E1,1.153938770E0,-9.452845573E0,-2.564507723E0
3.792904838E1,1.163509965E0,-9.428917885E0,-2.540579557E0
3.794931833E1,1.173081279E0,-9.409774780E0,-2.550150633E0
3.796958833E1,1.168295622E0,-9.419346809E0,-2.564507723E0
3.798985828E1,1.158724308E0,-9.448060036E0,-2.574079037E0
3.801012828E1,1.153938770E0,-9.448060036E0,-2.559721947E0
3.803039822E1,1.168295622E0,-9.428917885E0,-2.583650351E0
3.805066817E1,1.168295622E0,-9.433703423E0,-2.569293261E0
3.807093817E1,1.182652593E0,-9.438488960E0,-2.559721947E0
3.809120812E1,1.182652593E0,-9.438488960E0,-2.550150633E0
3.811147807E1,1.163509965E0,-9.433703423E0,-2.564507723E0
3.813174807E1,1.139581800E0,-9.419346809E0,-2.554936409E0
3.815201802E1,1.177866936E0,-9.433703423E0,-2.559721947E0
3.817228796E1,1.163509965E0,-9.452845573E0,-2.583650351E0
3.819255791E1,1.182652593E0,-9.443274498E0,-2.554936409E0
3.821282791E1,1.182652593E0,-9.438488960E0,-2.559721947E0
3.823309786E1,1.182652593E0,-9.404989243E0,-2.598007202E0
3.825336781E1,1.211366415E0,-9.419346809E0,-2.607578516E0
3.827363775E1,1.201795220E0,-9.424132347E0,-2.607578516E0
3.829390775E1,1.216152072E0,-9.433703423E0,-2.564507723E0
3.831417770E1,1.206580877E0,-9.419346809E0,-2.554936409E0
3.833444765E1,1.168295622E0,-9.404989243E0,-2.535793781E0
3.835471760E1,1.139581800E0,-9.438488960E0,-2.554936409E0
3.837498755E1,1.144367456E0,-9.452845573E0,-2.583650351E0
3.839525755E1,1.163509965E0,-9.448060036E0,-2.564507723E0
3.841552749E1,1.149153113E0,-9.433703423E0,-2.554936409E0
3.843579744E1,1.163509965E0,-9.409774780E0,-2.554936409E0
3.845606739E1,1.177866936E0,-9.414560318E0,-2.574079037E0
3.847633734E1,1.168295622E0,-9.433703423E0,-2.612364054E0
3.849660728E1,1.187438250E0,-9.448060036E0,-2.574079037E0
3.851687723E1,1.206580877E0,-9.443274498E0,-2.564507723E0
3.853714718E1,1.192223907E0,-9.409774780E0,-2.550150633E0
3.855741713E1,1.177866936E0,-9.414560318E0,-2.559721947E0
3.857768708E1,1.163509965E0,-9.424132347E0,-2.588435888E0
3.859795702E1,1.153938770E0,-9.443274498E0,-2.583650351E0
3.861822697E1,1.163509965E0,-9.428917885E0,-2.612364054E0
3.863849692E1,1.168295622E0,-9.414560318E0,-2.650649309E0
3.865876687E1,1.168295622E0,-9.376275063E0,-2.641077995E0
3.867903682E1,1.163509965E0,-9.376275063E0,-2.617149830E0
3.869930682E1,1.144367456E0,-9.404989243E0,-2.612364054E0
3.871957671E1,1.158724308E0,-9.424132347E0,-2.607578516E0
3.873984666E1,1.153938770E0,-9.452845573E0,-2.574079037E0
3.876011661E1,1.130010486E0,-9.448060036E0,-2.569293261E0
3.878038656E1,1.173081279E0,-9.438488960E0,-2.554936409E0
3.880065650E1,1.173081279E0,-9.433703423E0,-2.550150633E0
3.882092645E1,1.168295622E0,-9.448060036E0,-2.554936409E0
3.884119640E1,1.182652593E0,-9.433703423E0,-2.569293261E0
3.886146635E1,1.177866936E0,-9.419346809E0,-2.574079037E0
3.888173630E1,1.187438250E0,-9.409774780E0,-2.578864574E0
3.890200624E1,1.187438250E0,-9.419346809E0,-2.593221426E0
3.892227619E1,1.182652593E0,-9.443274498E0,-2.588435888E0
3.894267619E1,1.206580877E0,-9.419346809E0,-2.574079037E0
3.896281604E1,1.192223907E0,-9.419346809E0,-2.540579557E0
3.898308598E1,1.168295622E0,-9.457631111E0,-2.564507723E0
3.900335593E1,1.173081279E0,-9.438488960E0,-2.578864574E0
3.902362588E1,1.197009563E0,-9.424132347E0,-2.626721144E0
3.904402588E1,1.244866014E0,-9.409774780E0,-2.626721144E0
3.906416578E1,1.220937729E0,-9.414560318E0,-2.612364054E0
3.908443567E1,1.182652593E0,-9.424132347E0,-2.621935368E0
3.910470562E1,1.173081279E0,-9.428917885E0,-2.617149830E0
3.912497557E1,1.134796143E0,-9.409774780E0,-2.593221426E0
3.914537557E1,1.115653515E0,-9.428917885E0,-2.574079037E0
3.916551546E1,1.115653515E0,-9.438488960E0,-2.569293261E0
3.918578541E1,1.096511006E0,-9.428917885E0,-2.559721947E0
3.920605531E1,1.115653515E0,-9.414560318E0,-2.574079037E0
3.922632520E1,1.182652593E0,-9.419346809E0,-2.617149830E0
3.924672520E1,1.168295622E0,-9.419346809E0,-2.626721144E0
3.926686515E1,1.168295622E0,-9.400203705E0,-2.631506681E0
3.928713505E1,1.211366415E0,-9.400203705E0,-2.617149830E0
3.930740499E1,1.244866014E0,-9.390632629E0,-2.598007202E0
3.932767494E1,1.225723386E0,-9.419346809E0,-2.621935368E0
3.934794484E1,1.240080357E0,-9.424132347E0,-2.607578516E0
3.936821478E1,1.220937729E0,-9.443274498E0,-2.612364054E0
3.938848473E1,1.230509043E0,-9.438488960E0,-2.583650351E0
3.940875468E1,1.206580877E0,-9.400203705E0,-2.574079037E0
3.942902458E1,1.153938770E0,-9.361918449E0,-2.588435888E0
3.944942458E1,1.163509965E0,-9.361918449E0,-2.617149830E0
3.946956447E1,1.225723386E0,-9.390632629E0,-2.650649309E0
3.948983442E1,1.230509043E0,-9.438488960E0,-2.631506681E0
3.951010437E1,1.177866936E0,-9.457631111E0,-2.583650351E0
3.953037426E1,1.153938770E0,-9.448060036E0,-2.593221426E0
3.955064421E1,1.139581800E0,-9.438488960E0,-2.583650351E0
3.957091416E1,1.110867858E0,-9.428917885E0,-2.545365095E0
3.959118411E1,1.120439172E0,-9.438488960E0,-2.535793781E0
3.961145400E1,1.125224829E0,-9.452845573E0,-2.526222467E0
3.963172395E1,1.120439172E0,-9.443274498E0,-2.559721947E0
3.965199390E1,1.149153113E0,-9.433703423E0,-2.554936409E0
3.967226385E1,1.173081279E0,-9.467203140E0,-2.569293261E0
3.969253380E1,1.206580877E0,-9.462417603E0,-2.588435888E0
3.971280374E1,1.220937729E0,-9.433703423E0,-2.588435888E0
3.973307369E1,1.240080357E0,-9.414560318E0,-2.569293261E0
3.975334364E1,1.268794179E0,-9.414560318E0,-2.593221426E0
3.977361359E1,1.244866014E0,-9.438488960E0,-2.593221426E0
3.979388348E1,1.225723386E0,-9.433703423E0,-2.588435888E0
3.981415343E1,1.211366415E0,-9.433703423E0,-2.598007202E0
3.983442338E1,1.197009563E0,-9.433703423E0,-2.578864574E0
3.985469333E1,1.173081279E0,-9.409774780E0,-2.564507723E0
3.987496328E1,1.158724308E0,-9.428917885E0,-2.569293261E0
3.989523322E1,1.163509965E0,-9.438488960E0,-2.602792740E0
3.991550317E1,1.153938770E0,-9.438488960E0,-2.602792740E0
3.993577312E1,1.163509965E0,-9.448060036E0,-2.564507723E0
3.995604307E1,1.168295622E0,-9.424132347E0,-2.550150633E0
3.997631302E1,1.206580877E0,-9.424132347E0,-2.574079037E0
3.999658296E1,1.168295622E0,-9.414560318E0,-2.602792740E0
4.001685291E1,1.163509965E0,-9.414560318E0,-2.578864574E0
4.003712286E1,1.134796143E0,-9.428917885E0,-2.593221426E0
4.005739281E1,1.182652593E0,-9.438488960E0,-2.598007202E0
4.007766275E1,1.182652593E0,-9.428917885E0,-2.617149830E0
4.009793270E1,1.149153113E0,-9.424132347E0,-2.626721144E0
4.011820265E1,1.149153113E0,-9.424132347E0,-2.598007202E0
4.013847260E1,1.130010486E0,-9.409774780E0,-2.593221426E0
4.015874260E1,1.149153113E0,-9.404989243E0,-2.626721144E0
4.017901255E1,1.163509965E0,-9.433703423E0,-2.641077995E0
4.019928249E1,1.177866936E0,-9.443274498E0,-2.626721144E0
4.021955244E1,1.182652593E0,-9.400203705E0,-2.593221426E0
4.023982239E1,1.187438250E0,-9.400203705E0,-2.583650351E0
4.026009234E1,1.163509965E0,-9.424132347E0,-2.617149830E0
4.028036228E1,1.153938770E0,-9.424132347E0,-2.621935368E0
4.030063223E1,1.187438250E0,-9.424132347E0,-2.631506681E0
4.032090218E1,1.197009563E0,-9.433703423E0,-2.617149830E0
4.034117218E1,1.192223907E0,-9.424132347E0,-2.578864574E0
4.036144213E1,1.134796143E0,-9.433703423E0,-2.612364054E0
4.038171208E1,1.120439172E0,-9.414560318E0,-2.602792740E0
4.040198202E1,1.173081279E0,-9.433703423E0,-2.612364054E0
4.042225197E1,1.197009563E0,-9.433703423E0,-2.636292458E0
4.044265197E1,1.220937729E0,-9.409774780E0,-2.636292458E0
4.046279192E1,1.211366415E0,-9.404989243E0,-2.626721144E0
4.048306187E1,1.163509965E0,-9.395418167E0,-2.598007202E0
4.050333182E1,1.168295622E0,-9.428917885E0,-2.617149830E0
4.052360182E1,1.177866936E0,-9.438488960E0,-2.660220623E0
4.054400182E1,1.182652593E0,-9.414560318E0,-2.645863533E0
4.056414171E1,1.187438250E0,-9.419346809E0,-2.607578516E0
4.058441171E1,1.177866936E0,-9.424132347E0,-2.574079037E0
4.060468166E1,1.139581800E0,-9.438488960E0,-2.578864574E0
4.062495166E1,1.139581800E0,-9.433703423E0,-2.583650351E0
4.064535166E1,1.173081279E0,-9.419346809E0,-2.598007202E0
4.066549156E1,1.197009563E0,-9.419346809E0,-2.593221426E0
4.068576156E1,1.230509043E0,-9.438488960E0,-2.593221426E0
4.070603145E1,1.216152072E0,-9.438488960E0,-2.593221426E0
4.072630145E1,1.216152072E0,-9.404989243E0,-2.636292458E0
4.074657145E1,1.230509043E0,-9.385847092E0,-2.636292458E0
4.076684140E1,1.216152072E0,-9.381061554E0,-2.598007202E0
4.078711140E1,1.230509043E0,-9.404989243E0,-2.645863533E0
4.080738135E1,1.182652593E0,-9.414560318E0,-2.641077995E0
4.082765135E1,1.182652593E0,-9.404989243E0,-2.631506681E0
4.084792130E1,1.197009563E0,-9.395418167E0,-2.636292458E0
4.086819130E1,1.192223907E0,-9.404989243E0,-2.607578516E0
4.088846124E1,1.206580877E0,-9.428917885E0,-2.607578516E0
4.090873124E1,1.206580877E0,-9.414560318E0,-2.631506681E0
4.092900119E1,1.177866936E0,-9.414560318E0,-2.626721144E0
4.094927119E1,1.177866936E0,-9.438488960E0,-2.602792740E0
4.096954119E1,1.187438250E0,-9.414560318E0,-2.612364054E0
4.098981114E1,1.211366415E0,-9.409774780E0,-2.626721144E0
4.101008114E1,1.177866936E0,-9.419346809E0,-2.588435888E0
4.103035114E1,1.168295622E0,-9.419346809E0,-2.621935368E0
4.105062109E1,1.168295622E0,-9.414560318E0,-2.641077995E0
4.107089109E1,1.211366415E0,-9.404989243E0,-2.631506681E0
4.109116109E1,1.264008522E0,-9.414560318E0,-2.641077995E0
4.111143104E1,1.230509043E0,-9.428917885E0,-2.607578516E0
4.113170104E1,1.206580877E0,-9.414560318E0,-2.607578516E0
4.115197104E1,1.168295622E0,-9.424132347E0,-2.602792740E0
4.117224104E1,1.158724308E0,-9.424132347E0,-2.598007202E0
4.119251104E1,1.201795220E0,-9.419346809E0,-2.554936409E0
4.121278098E1,1.173081279E0,-9.433703423E0,-2.564507723E0
4.123305098E1,1.177866936E0,-9.443274498E0,-2.612364054E0
4.125332098E1,1.177866936E0,-9.433703423E0,-2.645863533E0
4.127359098E1,1.177866936E0,-9.419346809E0,-2.612364054E0
4.129386098E1,1.177866936E0,-9.419346809E0,-2.593221426E0
4.131413098E1,1.197009563E0,-9.409774780E0,-2.593221426E0
4.133440098E1,1.201795220E0,-9.409774780E0,-2.617149830E0
4.135467093E1,1.177866936E0,-9.419346809E0,-2.626721144E0
4.137494098E1,1.187438250E0,-9.428917885E0,-2.626721144E0
4.139521098E1,1.220937729E0,-9.424132347E0,-2.602792740E0
4.141548098E1,1.187438250E0,-9.428917885E0,-2.578864574E0
4.143575098E1,1.177866936E0,-9.428917885E0,-2.588435888E0
4.145602098E1,1.149153113E0,-9.424132347E0,-2.607578516E0
4.147629098E1,1.163509965E0,-9.433703423E0,-2.607578516E0
4.149656098E1,1.182652593E0,-9.443274498E0,-2.583650351E0
4.151683098E1,1.177866936E0,-9.433703423E0,-2.583650351E0
4.153710098E1,1.153938770E0,-9.414560318E0,-2.593221426E0
4.155737098E1,1.163509965E0,-9.428917885E0,-2.612364054E0
4.157764098E1,1.149153113E0,-9.433703423E0,-2.602792740E0
4.159791098E1,1.177866936E0,-9.438488960E0,-2.583650351E0
4.161818098E1,1.187438250E0,-9.414560318E0,-2.602792740E0
4.163845104E1,1.182652593E0,-9.428917885E0,-2.607578516E0
4.165872104E1,1.201795220E0,-9.428917885E0,-2.598007202E0
4.167899104E1,1.182652593E0,-9.433703423E0,-2.621935368E0
4.169926104E1,1.201795220E0,-9.419346809E0,-2.621935368E0
4.171953109E1,1.187438250E0,-9.400203705E0,-2.588435888E0
4.173980109E1,1.201795220E0,-9.424132347E0,-2.583650351E0
4.176007104E1,1.230509043E0,-9.443274498E0,-2.574079037E0
4.178034109E1,1.134796143E0,-9.438488960E0,-2.578864574E0
4.180061109E1,1.101296663E0,-9.409774780E0,-2.641077995E0
4.182088114E1,1.173081279E0,-9.400203705E0,-2.612364054E0
4.184115114E1,1.187438250E0,-9.433703423E0,-2.602792740E0
4.186142109E1,1.201795220E0,-9.419346809E0,-2.583650351E0
4.188169119E1,1.182652593E0,-9.424132347E0,-2.602792740E0
4.190196119E1,1.120439172E0,-9.419346809E0,-2.598007202E0
4.192223119E1,1.134796143E0,-9.438488960E0,-2.588435888E0
4.194263119E1,1.134796143E0,-9.443274498E0,-2.593221426E0
4.196277124E1,1.149153113E0,-9.424132347E0,-2.593221426E0
4.198304130E1,1.187438250E0,-9.409774780E0,-2.574079037E0
4.200331130E1,1.168295622E0,-9.424132347E0,-2.588435888E0
4.202358130E1,1.153938770E0,-9.428917885E0,-2.593221426E0
4.204398130E1,1.158724308E0,-9.414560318E0,-2.612364054E0
4.206412135E1,1.173081279E0,-9.404989243E0,-2.621935368E0
4.208439140E1,1.187438250E0,-9.414560318E0,-2.602792740E0
4.210466140E1,1.201795220E0,-9.428917885E0,-2.598007202E0
4.212493145E1,1.182652593E0,-9.428917885E0,-2.602792740E0
4.214533145E1,1.168295622E0,-9.419346809E0,-2.612364054E0
4.216547145E1,1.187438250E0,-9.404989243E0,-2.602792740E0
4.218574150E1,1.187438250E0,-9.414560318E0,-2.569293261E0
4.220601150E1,1.182652593E0,-9.424132347E0,-2.559721947E0
4.222628156E1,1.197009563E0,-9.438488960E0,-2.583650351E0
4.224668156E1,1.182652593E0,-9.448060036E0,-2.641077995E0
4.226697952E1,1.216152072E0,-9.419346809E0,-2.636292458E0
4.228709223E1,1.206580877E0,-9.390632629E0,-2.574079037E0
4.230736213E1,1.182652593E0,-9.400203705E0,-2.559721947E0
4.232763202E1,1.192223907E0,-9.424132347E0,-2.569293261E0
4.234790202E1,1.163509965E0,-9.428917885E0,-2.617149830E0
4.236817197E1,1.201795220E0,-9.448060036E0,-2.650649309E0
4.238844192E1,1.201795220E0,-9.419346809E0,-2.598007202E0
4.240871197E1,1.139581800E0,-9.414560318E0,-2.569293261E0
4.242898192E1,1.134796143E0,-9.419346809E0,-2.540579557E0
4.244925197E1,1.153938770E0,-9.452845573E0,-2.574079037E0
4.246952197E1,1.177866936E0,-9.438488960E0,-2.607578516E0
4.248979202E1,1.158724308E0,-9.409774780E0,-2.612364054E0
4.251006202E1,1.168295622E0,-9.424132347E0,-2.578864574E0
4.253033197E1,1.168295622E0,-9.433703423E0,-2.574079037E0
4.255060208E1,1.173081279E0,-9.404989243E0,-2.621935368E0
4.257087213E1,1.182652593E0,-9.381061554E0,-2.607578516E0
4.259114213E1,1.197009563E0,-9.385847092E0,-2.617149830E0
4.261141218E1,1.235294700E0,-9.414560318E0,-2.574079037E0
4.263168218E1,1.187438250E0,-9.428917885E0,-2.593221426E0
4.265195218E1,1.168295622E0,-9.433703423E0,-2.617149830E0
4.267222218E1,1.182652593E0,-9.438488960E0,-2.583650351E0
4.269249223E1,1.163509965E0,-9.438488960E0,-2.535793781E0
4.271276223E1,1.130010486E0,-9.428917885E0,-2.550150633E0
4.273303228E1,1.139581800E0,-9.438488960E0,-2.540579557E0
4.275330234E1,1.173081279E0,-9.452845573E0,-2.545365095E0
4.277357234E1,1.139581800E0,-9.481559753E0,-2.521436930E0
4.279384239E1,1.139581800E0,-9.438488960E0,-2.559721947E0
4.281411244E1,1.177866936E0,-9.428917885E0,-2.593221426E0
4.283438244E1,1.173081279E0,-9.428917885E0,-2.531008244E0
4.285465249E1,1.153938770E0,-9.452845573E0,-2.526222467E0
4.287492249E1,1.144367456E0,-9.457631111E0,-2.578864574E0
4.289519255E1,1.173081279E0,-9.424132347E0,-2.578864574E0
4.291546255E1,1.144367456E0,-9.438488960E0,-2.574079037E0
4.293573260E1,1.158724308E0,-9.438488960E0,-2.574079037E0
4.295600265E1,1.163509965E0,-9.443274498E0,-2.578864574E0
4.297627265E1,1.144367456E0,-9.438488960E0,-2.564507723E0
4.299654270E1,1.139581800E0,-9.443274498E0,-2.569293261E0
4.301681275E1,1.168295622E0,-9.448060036E0,-2.574079037E0
4.303708275E1,1.130010486E0,-9.433703423E0,-2.574079037E0
4.305735281E1,1.125224829E0,-9.419346809E0,-2.559721947E0
4.307762281E1,1.144367456E0,-9.414560318E0,-2.574079037E0
4.309789286E1,1.173081279E0,-9.404989243E0,-2.598007202E0
4.311816286E1,1.182652593E0,-9.424132347E0,-2.588435888E0
4.313843291E1,1.153938770E0,-9.443274498E0,-2.583650351E0
4.315870296E1,1.168295622E0,-9.433703423E0,-2.598007202E0
4.317897296E1,1.173081279E0,-9.438488960E0,-2.578864574E0
4.319924302E1,1.173081279E0,-9.419346809E0,-2.540579557E0
4.321951307E1,1.173081279E0,-9.433703423E0,-2.531008244E0
4.323978307E1,1.139581800E0,-9.438488960E0,-2.588435888E0
4.326005312E1,1.168295622E0,-9.428917885E0,-2.607578516E0
4.328032312E1,1.206580877E0,-9.433703423E0,-2.593221426E0
4.330059317E1,1.206580877E0,-9.448060036E0,-2.583650351E0
4.332086322E1,1.216152072E0,-9.424132347E0,-2.554936409E0
4.334113322E1,1.168295622E0,-9.419346809E0,-2.526222467E0
4.336140328E1,1.134796143E0,-9.452845573E0,-2.540579557E0
4.338167328E1,1.130010486E0,-9.457631111E0,-2.550150633E0
4.340194333E1,1.153938770E0,-9.467203140E0,-2.550150633E0
4.342221333E1,1.158724308E0,-9.438488960E0,-2.550150633E0
4.344261333E1,1.149153113E0,-9.428917885E0,-2.550150633E0
4.346275343E1,1.158724308E0,-9.409774780E0,-2.550150633E0
4.348302343E1,1.115653515E0,-9.452845573E0,-2.602792740E0
4.350329348E1,1.144367456E0,-9.428917885E0,-2.598007202E0
4.352356348E1,1.173081279E0,-9.395418167E0,-2.583650351E0
4.354396348E1,1.197009563E0,-9.409774780E0,-2.602792740E0
4.356410354E1,1.197009563E0,-9.419346809E0,-2.626721144E0
4.358437359E1,1.153938770E0,-9.414560318E0,-2.607578516E0
4.360464364E1,1.173081279E0,-9.419346809E0,-2.569293261E0
4.362491364E1,1.177866936E0,-9.433703423E0,-2.574079037E0
4.364531364E1,1.158724308E0,-9.409774780E0,-2.588435888E0
4.366545369E1,1.158724308E0,-9.424132347E0,-2.588435888E0
4.368572374E1,1.163509965E0,-9.433703423E0,-2.535793781E0
4.370599374E1,1.144367456E0,-9.448060036E0,-2.540579557E0
4.372626380E1,1.153938770E0,-9.433703423E0,-2.569293261E0
4.374653385E1,1.168295622E0,-9.424132347E0,-2.554936409E0
4.376680385E1,1.177866936E0,-9.438488960E0,-2.526222467E0
4.378707385E1,1.192223907E0,-9.448060036E0,-2.516651154E0
4.380734390E1,1.177866936E0,-9.433703423E0,-2.554936409E0
4.382761390E1,1.158724308E0,-9.443274498E0,-2.578864574E0
4.384788395E1,1.153938770E0,-9.438488960E0,-2.564507723E0
4.386815395E1,1.187438250E0,-9.438488960E0,-2.550150633E0
4.388842400E1,1.197009563E0,-9.438488960E0,-2.521436930E0
4.390869400E1,1.173081279E0,-9.428917885E0,-2.521436930E0
4.392896406E1,1.168295622E0,-9.443274498E0,-2.511865616E0
4.394923406E1,1.153938770E0,-9.452845573E0,-2.550150633E0
4.396950411E1,1.149153113E0,-9.443274498E0,-2.535793781E0
4.398977411E1,1.187438250E0,-9.438488960E0,-2.559721947E0
4.401004411E1,1.187438250E0,-9.438488960E0,-2.540579557E0
4.403031416E1,1.168295622E0,-9.438488960E0,-2.540579557E0
4.405058416E1,1.139581800E0,-9.448060036E0,-2.545365095E0
4.407085416E1,1.125224829E0,-9.462417603E0,-2.521436930E0
4.409112421E1,1.110867858E0,-9.448060036E0,-2.526222467E0
4.411139421E1,1.101296663E0,-9.438488960E0,-2.511865616E0
4.413166427E1,1.082154036E0,-9.457631111E0,-2.483151674E0
4.415193426E1,1.082154036E0,-9.481559753E0,-2.492722988E0
4.417220427E1,1.082154036E0,-9.491130829E0,-2.487937450E0
4.419247432E1,1.067797065E0,-9.476774216E0,-2.487937450E0
4.421274432E1,1.072582722E0,-9.462417603E0,-2.502294302E0
4.423301432E1,1.067797065E0,-9.443274498E0,-2.492722988E0
4.425328437E1,1.063011408E0,-9.462417603E0,-2.468794823E0
4.427355437E1,1.106082320E0,-9.476774216E0,-2.473580360E0
4.429382437E1,1.130010486E0,-9.476774216E0,-2.487937450E0
4.431409442E1,1.110867858E0,-9.476774216E0,-2.478366137E0
4.433436442E1,1.106082320E0,-9.448060036E0,-2.487937450E0
4.435463447E1,1.106082320E0,-9.443274498E0,-2.487937450E0
4.437490447E1,1.106082320E0,-9.443274498E0,-2.502294302E0
4.439517447E1,1.144367456E0,-9.467203140E0,-2.502294302E0
4.441544453E1,1.139581800E0,-9.467203140E0,-2.492722988E0
4.443571452E1,1.115653515E0,-9.462417603E0,-2.487937450E0
4.445598453E1,1.120439172E0,-9.438488960E0,-2.492722988E0
4.447625458E1,1.144367456E0,-9.452845573E0,-2.454437733E0
4.449652458E1,1.134796143E0,-9.443274498E0,-2.464009047E0
4.451679458E1,1.158724308E0,-9.448060036E0,-2.464009047E0
4.453706458E1,1.144367456E0,-9.471988678E0,-2.454437733E0
4.455733458E1,1.144367456E0,-9.471988678E0,-2.492722988E0
4.457760463E1,1.177866936E0,-9.448060036E0,-2.473580360E0
4.459787463E1,1.163509965E0,-9.448060036E0,-2.473580360E0
4.461814463E1,1.134796143E0,-9.438488960E0,-2.454437733E0
4.463841463E1,1.158724308E0,-9.457631111E0,-2.440080881E0
4.465868468E1,1.153938770E0,-9.457631111E0,-2.468794823E0
4.467895468E1,1.182652593E0,-9.457631111E0,-2.473580360E0
4.469922468E1,1.201795220E0,-9.467203140E0,-2.454437733E0
4.471949468E1,1.206580877E0,-9.486345291E0,-2.416152716E0
4.473976468E1,1.163509965E0,-9.486345291E0,-2.377867460E0
4.476003473E1,1.120439172E0,-9.476774216E0,-2.377867460E0
4.478030473E1,1.120439172E0,-9.500701904E0,-2.401795626E0
4.480057473E1,1.120439172E0,-9.505488396E0,-2.382653236E0
4.482084473E1,1.115653515E0,-9.510273933E0,-2.349153519E0
4.484111473E1,1.106082320E0,-9.515059471E0,-2.339582443E0
4.486138473E1,1.106082320E0,-9.510273933E0,-2.330011129E0
4.488165473E1,1.086939692E0,-9.524630547E0,-2.315654039E0
4.490192479E1,1.063011408E0,-9.515059471E0,-2.325225353E0
4.492219478E1,1.048654556E0,-9.510273933E0,-2.330011129E0
4.494259479E1,1.077368379E0,-9.495916367E0,-2.344367981E0
4.496273478E1,1.086939692E0,-9.515059471E0,-2.358724833E0
4.498300479E1,1.086939692E0,-9.515059471E0,-2.377867460E0
4.500327478E1,1.096511006E0,-9.491130829E0,-2.377867460E0
4.502354479E1,1.077368379E0,-9.452845573E0,-2.377867460E0
4.504394478E1,1.067797065E0,-9.476774216E0,-2.416152716E0
4.506408479E1,1.048654556E0,-9.500701904E0,-2.401795626E0
4.508435478E1,1.043868899E0,-9.510273933E0,-2.416152716E0
4.510462484E1,1.058225870E0,-9.510273933E0,-2.392224550E0
4.512489484E1,1.053440213E0,-9.486345291E0,-2.387438774E0
4.514529484E1,1.029511929E0,-9.500701904E0,-2.358724833E0
4.516543484E1,1.005583763E0,-9.500701904E0,-2.339582443E0
4.518570484E1,1.005583763E0,-9.515059471E0,-2.344367981E0
4.520597484E1,1.005583763E0,-9.519845009E0,-2.344367981E0
4.522624484E1,1.005583763E0,-9.524630547E0,-2.363510609E0
4.524664484E1,9.960124493E-1,-9.534201622E0,-2.363510609E0
4.526678479E1,1.005583763E0,-9.505488396E0,-2.358724833E0
4.528705478E1,1.039083242E0,-9.476774216E0,-2.387438774E0
4.530732479E1,1.067797065E0,-9.500701904E0,-2.382653236E0
4.532759478E1,1.019940615E0,-9.515059471E0,-2.344367981E0
4.534786484E1,1.010369420E0,-9.495916367E0,-2.397010088E0
4.536813478E1,1.048654556E0,-9.481559753E0,-2.430509567E0
4.538840479E1,1.082154036E0,-9.462417603E0,-2.440080881E0
4.540867478E1,1.120439172E0,-9.471988678E0,-2.444866419E0
4.542894479E1,1.115653515E0,-9.491130829E0,-2.416152716E0
4.544921478E1,1.091725349E0,-9.457631111E0,-2.416152716E0
4.546948479E1,1.096511006E0,-9.467203140E0,-2.392224550E0
4.548975478E1,1.082154036E0,-9.505488396E0,-2.387438774E0
4.551002479E1,1.063011408E0,-9.505488396E0,-2.387438774E0
4.553029478E1,1.034297585E0,-9.486345291E0,-2.406581402E0
4.555056479E1,1.058225870E0,-9.486345291E0,-2.382653236E0
4.557083473E1,1.029511929E0,-9.505488396E0,-2.339582443E0
4.559110473E1,1.019940615E0,-9.495916367E0,-2.344367981E0
4.561137473E1,1.015154958E0,-9.500701904E0,-2.363510609E0
4.563164473E1,1.000798106E0,-9.519845009E0,-2.368296146E0
4.565191473E1,1.034297585E0,-9.500701904E0,-2.349153519E0
4.567218473E1,1.067797065E0,-9.500701904E0,-2.353939295E0
4.569245468E1,1.067797065E0,-9.491130829E0,-2.358724833E0
4.571272468E1,1.063011408E0,-9.500701904E0,-2.363510609E0
4.573299463E1,1.086939692E0,-9.505488396E0,-2.377867460E0
4.575326468E1,1.086939692E0,-9.515059471E0,-2.353939295E0
4.577353463E1,1.063011408E0,-9.505488396E0,-2.334796667E0
4.579380463E1,1.096511006E0,-9.486345291E0,-2.353939295E0
4.581407463E1,1.072582722E0,-9.491130829E0,-2.353939295E0
4.583434463E1,1.053440213E0,-9.510273933E0,-2.349153519E0
4.585461458E1,1.029511929E0,-9.519845009E0,-2.334796667E0
4.587488458E1,1.048654556E0,-9.515059471E0,-2.330011129E0
4.589515458E1,1.053440213E0,-9.515059471E0,-2.325225353E0
4.591542453E1,1.053440213E0,-9.534201622E0,-2.320439816E0
4.593569452E1,1.034297585E0,-9.515059471E0,-2.320439816E0
4.595596453E1,1.015154958E0,-9.505488396E0,-2.325225353E0
4.597623447E1,1.024726272E0,-9.519845009E0,-2.330011129E0
4.599650447E1,1.000798106E0,-9.510273933E0,-2.291725874E0
4.601677442E1,1.010369420E0,-9.515059471E0,-2.286940336E0
4.603704442E1,1.010369420E0,-9.515059471E0,-2.325225353E0
4.605731442E1,1.000798106E0,-9.515059471E0,-2.339582443E0
4.607758437E1,1.029511929E0,-9.524630547E0,-2.368296146E0
4.609785437E1,1.019940615E0,-9.519845009E0,-2.339582443E0
4.611812437E1,9.912267923E-1,-9.495916367E0,-2.325225353E0
4.613839432E1,9.577272534E-1,-9.491130829E0,-2.301297188E0
4.615866432E1,9.625129104E-1,-9.524630547E0,-2.291725874E0
4.617893426E1,9.912267923E-1,-9.558130264E0,-2.320439816E0
4.619920427E1,9.720842242E-1,-9.538987160E0,-2.334796667E0
4.621947421E1,9.625129104E-1,-9.519845009E0,-2.325225353E0
4.623974421E1,9.625129104E-1,-9.505488396E0,-2.310868502E0
4.626001416E1,9.625129104E-1,-9.515059471E0,-2.320439816E0
4.628028416E1,9.816554785E-1,-9.524630547E0,-2.330011129E0
4.630055411E1,9.864411354E-1,-9.519845009E0,-2.330011129E0
4.632082411E1,1.019940615E0,-9.524630547E0,-2.344367981E0
4.634109411E1,1.019940615E0,-9.524630547E0,-2.315654039E0
4.636136406E1,1.000798106E0,-9.515059471E0,-2.310868502E0
4.638163406E1,1.010369420E0,-9.524630547E0,-2.310868502E0
4.640190400E1,9.672985673E-1,-9.534201622E0,-2.291725874E0
4.642217400E1,9.672985673E-1,-9.505488396E0,-2.301297188E0
4.644257400E1,1.015154958E0,-9.495916367E0,-2.320439816E0
4.646271385E1,1.039083242E0,-9.524630547E0,-2.344367981E0
4.648298390E1,1.015154958E0,-9.543772697E0,-2.330011129E0
4.650325390E1,9.864411354E-1,-9.524630547E0,-2.325225353E0
4.652352385E1,9.672985673E-1,-9.491130829E0,-2.330011129E0
4.654392385E1,1.005583763E0,-9.486345291E0,-2.330011129E0
4.656406380E1,1.019940615E0,-9.510273933E0,-2.339582443E0
4.658433374E1,1.039083242E0,-9.515059471E0,-2.344367981E0
4.660460374E1,1.048654556E0,-9.524630547E0,-2.353939295E0
4.662487369E1,1.010369420E0,-9.495916367E0,-2.363510609E0
4.664527369E1,1.015154958E0,-9.476774216E0,-2.368296146E0
4.666541364E1,1.039083242E0,-9.505488396E0,-2.334796667E0
4.668568364E1,1.029511929E0,-9.515059471E0,-2.301297188E0
4.670595359E1,1.034297585E0,-9.534201622E0,-2.353939295E0
4.672622354E1,1.024726272E0,-9.515059471E0,-2.368296146E0
4.674649354E1,1.067797065E0,-9.500701904E0,-2.344367981E0
4.676676348E1,1.058225870E0,-9.519845009E0,-2.334796667E0
4.678703343E1,1.039083242E0,-9.515059471E0,-2.334796667E0
4.680730343E1,1.043868899E0,-9.500701904E0,-2.349153519E0
4.682757338E1,1.034297585E0,-9.505488396E0,-2.320439816E0
4.684784338E1,1.024726272E0,-9.524630547E0,-2.306082726E0
4.686811333E1,1.005583763E0,-9.524630547E0,-2.330011129E0
4.688838328E1,1.005583763E0,-9.510273933E0,-2.344367981E0
4.690865328E1,9.960124493E-1,-9.500701904E0,-2.330011129E0
4.692905328E1,1.010369420E0,-9.510273933E0,-2.325225353E0
4.694919317E1,1.024726272E0,-9.510273933E0,-2.334796667E0
4.696946317E1,1.034297585E0,-9.505488396E0,-2.358724833E0
4.698973312E1,1.058225870E0,-9.495916367E0,-2.368296146E0
4.701000307E1,1.058225870E0,-9.505488396E0,-2.377867460E0
4.703027307E1,1.067797065E0,-9.505488396E0,-2.349153519E0
4.705054302E1,1.053440213E0,-9.505488396E0,-2.353939295E0
4.707081296E1,1.043868899E0,-9.500701904E0,-2.368296146E0
4.709108291E1,1.039083242E0,-9.510273933E0,-2.363510609E0
4.711135291E1,1.039083242E0,-9.500701904E0,-2.358724833E0
4.713162286E1,1.053440213E0,-9.491130829E0,-2.349153519E0
4.715189281E1,1.048654556E0,-9.491130829E0,-2.344367981E0
4.717216275E1,1.043868899E0,-9.505488396E0,-2.363510609E0
4.719243275E1,1.029511929E0,-9.491130829E0,-2.387438774E0
4.721270270E1,1.048654556E0,-9.510273933E0,-2.377867460E0
4.723297265E1,1.039083242E0,-9.515059471E0,-2.358724833E0
4.725324260E1,1.024726272E0,-9.500701904E0,-2.334796667E0
4.727351260E1,1.072582722E0,-9.495916367E0,-2.363510609E0
4.729378255E1,1.063011408E0,-9.486345291E0,-2.382653236E0
4.731405249E1,1.043868899E0,-9.481559753E0,-2.353939295E0
4.733432244E1,1.067797065E0,-9.491130829E0,-2.373081923E0
4.735459239E1,1.072582722E0,-9.467203140E0,-2.425724030E0
4.737486234E1,1.053440213E0,-9.481559753E0,-2.425724030E0
4.739513234E1,1.053440213E0,-9.500701904E0,-2.358724833E0
4.741540229E1,1.048654556E0,-9.510273933E0,-2.353939295E0
4.743567223E1,1.000798106E0,-9.500701904E0,-2.401795626E0
4.745594218E1,1.039083242E0,-9.491130829E0,-2.401795626E0
4.747621213E1,1.072582722E0,-9.491130829E0,-2.387438774E0
4.749648213E1,1.039083242E0,-9.495916367E0,-2.353939295E0
4.751687088E1,1.058225870E0,-9.500701904E0,-2.330011129E0
4.753702203E1,1.058225870E0,-9.515059471E0,-2.353939295E0
4.755729197E1,1.029511929E0,-9.519845009E0,-2.353939295E0
4.757756192E1,1.039083242E0,-9.529416084E0,-2.349153519E0
4.759783187E1,1.039083242E0,-9.515059471E0,-2.353939295E0
4.761810182E1,1.048654556E0,-9.495916367E0,-2.358724833E0
4.763837176E1,1.043868899E0,-9.476774216E0,-2.358724833E0
4.765864171E1,1.024726272E0,-9.505488396E0,-2.344367981E0
4.767891166E1,1.053440213E0,-9.529416084E0,-2.392224550E0
4.769918166E1,1.058225870E0,-9.510273933E0,-2.406581402E0
4.771945161E1,1.067797065E0,-9.491130829E0,-2.392224550E0
4.773972156E1,1.077368379E0,-9.476774216E0,-2.382653236E0
4.775999150E1,1.063011408E0,-9.500701904E0,-2.377867460E0
4.778026145E1,1.077368379E0,-9.500701904E0,-2.392224550E0
4.780053140E1,1.096511006E0,-9.491130829E0,-2.363510609E0
4.782080135E1,1.082154036E0,-9.486345291E0,-2.368296146E0
4.784107130E1,1.048654556E0,-9.486345291E0,-2.392224550E0
4.786134119E1,1.053440213E0,-9.495916367E0,-2.392224550E0
4.788161114E1,1.053440213E0,-9.500701904E0,-2.406581402E0
4.790188109E1,1.072582722E0,-9.476774216E0,-2.387438774E0
4.792215104E1,1.067797065E0,-9.471988678E0,-2.387438774E0
4.794255104E1,1.058225870E0,-9.500701904E0,-2.387438774E0
4.796269093E1,1.039083242E0,-9.515059471E0,-2.392224550E0
4.798296088E1,1.053440213E0,-9.491130829E0,-2.377867460E0
4.800323083E1,1.082154036E0,-9.476774216E0,-2.387438774E0
4.802350078E1,1.082154036E0,-9.491130829E0,-2.397010088E0
4.804390078E1,1.091725349E0,-9.495916367E0,-2.420938253E0
4.806404062E1,1.091725349E0,-9.500701904E0,-2.420938253E0
4.808431057E1,1.091725349E0,-9.471988678E0,-2.397010088E0
4.810458052E1,1.096511006E0,-9.476774216E0,-2.397010088E0
4.812485046E1,1.077368379E0,-9.500701904E0,-2.387438774E0
4.814525046E1,1.106082320E0,-9.491130829E0,-2.353939295E0
4.816539036E1,1.067797065E0,-9.486345291E0,-2.397010088E0
4.818566031E1,1.077368379E0,-9.476774216E0,-2.406581402E0
4.820593020E1,1.110867858E0,-9.486345291E0,-2.420938253E0
4.822620015E1,1.115653515E0,-9.491130829E0,-2.387438774E0
4.824660015E1,1.115653515E0,-9.491130829E0,-2.368296146E0
4.826674005E1,1.091725349E0,-9.500701904E0,-2.353939295E0
4.828700999E1,1.058225870E0,-9.491130829E0,-2.392224550E0
4.830727989E1,1.039083242E0,-9.515059471E0,-2.382653236E0
4.832754984E1,1.067797065E0,-9.510273933E0,-2.353939295E0
4.834781979E1,1.072582722E0,-9.495916367E0,-2.353939295E0
4.836808973E1,1.058225870E0,-9.495916367E0,-2.373081923E0
4.838835963E1,1.039083242E0,-9.510273933E0,-2.382653236E0
4.840862958E1,1.048654556E0,-9.476774216E0,-2.387438774E0
4.842889953E1,1.053440213E0,-9.495916367E0,-2.401795626E0
4.844929952E1,1.067797065E0,-9.491130829E0,-2.397010088E0
4.846943937E1,1.091725349E0,-9.491130829E0,-2.377867460E0
4.848970932E1,1.091725349E0,-9.495916367E0,-2.401795626E0
4.850997921E1,1.067797065E0,-9.495916367E0,-2.397010088E0
4.853024916E1,1.048654556E0,-9.500701904E0,-2.392224550E0
4.855051911E1,1.067797065E0,-9.510273933E0,-2.387438774E0
4.857078900E1,1.072582722E0,-9.500701904E0,-2.382653236E0
4.859105895E1,1.048654556E0,-9.495916367E0,-2.377867460E0
4.861132885E1,1.019940615E0,-9.500701904E0,-2.401795626E0
4.863159880E1,1.019940615E0,-9.524630547E0,-2.377867460E0
4.865186869E1,1.048654556E0,-9.515059471E0,-2.353939295E0
4.867213864E1,1.063011408E0,-9.495916367E0,-2.353939295E0
4.869240854E1,1.058225870E0,-9.495916367E0,-2.377867460E0
4.871267848E1,1.072582722E0,-9.495916367E0,-2.387438774E0
4.873294843E1,1.058225870E0,-9.491130829E0,-2.368296146E0
4.875321833E1,1.053440213E0,-9.486345291E0,-2.373081923E0
4.877348828E1,1.067797065E0,-9.476774216E0,-2.377867460E0
4.879375817E1,1.082154036E0,-9.500701904E0,-2.377867460E0
4.881402812E1,1.067797065E0,-9.505488396E0,-2.392224550E0
4.883429802E1,1.058225870E0,-9.505488396E0,-2.392224550E0
4.885456796E1,1.034297585E0,-9.481559753E0,-2.425724030E0
4.887483786E1,1.086939692E0,-9.462417603E0,-2.420938253E0
4.889510781E1,1.106082320E0,-9.486345291E0,-2.387438774E0
4.891537770E1,1.082154036E0,-9.495916367E0,-2.363510609E0
4.893564765E1,1.082154036E0,-9.519845009E0,-2.392224550E0
4.895591755E1,1.058225870E0,-9.495916367E0,-2.392224550E0
4.897618749E1,1.043868899E0,-9.481559753E0,-2.358724833E0
4.899645734E1,1.067797065E0,-9.495916367E0,-2.358724833E0
4.901672734E1,1.063011408E0,-9.495916367E0,-2.392224550E0
4.903699723E1,1.082154036E0,-9.471988678E0,-2.377867460E0
4.905726718E1,1.082154036E0,-9.519845009E0,-2.387438774E0
4.907753708E1,1.039083242E0,-9.515059471E0,-2.397010088E0
4.909780697E1,1.053440213E0,-9.471988678E0,-2.382653236E0
4.911807692E1,1.067797065E0,-9.471988678E0,-2.397010088E0
4.913834682E1,1.067797065E0,-9.481559753E0,-2.387438774E0
4.915861671E1,1.091725349E0,-9.481559753E0,-2.401795626E0
4.917888666E1,1.096511006E0,-9.486345291E0,-2.411366940E0
4.919915656E1,1.096511006E0,-9.476774216E0,-2.397010088E0
4.921942645E1,1.072582722E0,-9.471988678E0,-2.401795626E0
4.923969640E1,1.043868899E0,-9.471988678E0,-2.425724030E0
4.925996630E1,1.077368379E0,-9.471988678E0,-2.440080881E0
4.928023624E1,1.096511006E0,-9.481559753E0,-2.449652195E0
4.930050614E1,1.106082320E0,-9.467203140E0,-2.425724030E0
4.932077604E1,1.120439172E0,-9.476774216E0,-2.411366940E0
4.934104598E1,1.072582722E0,-9.491130829E0,-2.397010088E0
4.936131588E1,1.029511929E0,-9.486345291E0,-2.387438774E0
4.938158578E1,1.053440213E0,-9.486345291E0,-2.397010088E0
4.940185567E1,1.091725349E0,-9.505488396E0,-2.382653236E0
4.942212562E1,1.082154036E0,-9.486345291E0,-2.373081923E0
4.944252562E1,1.086939692E0,-9.481559753E0,-2.382653236E0
4.946266536E1,1.077368379E0,-9.500701904E0,-2.392224550E0
4.948293536E1,1.067797065E0,-9.495916367E0,-2.382653236E0
4.950320525E1,1.091725349E0,-9.486345291E0,-2.401795626E0
4.952347515E1,1.110867858E0,-9.467203140E0,-2.406581402E0
4.954387515E1,1.120439172E0,-9.457631111E0,-2.416152716E0
4.956401499E1,1.130010486E0,-9.476774216E0,-2.435295343E0
4.958428489E1,1.139581800E0,-9.505488396E0,-2.406581402E0
4.960455479E1,1.110867858E0,-9.491130829E0,-2.397010088E0
4.962482468E1,1.120439172E0,-9.471988678E0,-2.373081923E0
4.964522468E1,1.096511006E0,-9.491130829E0,-2.368296146E0
4.966536452E1,1.101296663E0,-9.505488396E0,-2.401795626E0
4.968563442E1,1.096511006E0,-9.500701904E0,-2.397010088E0
4.970590432E1,1.106082320E0,-9.505488396E0,-2.416152716E0
4.972617421E1,1.086939692E0,-9.481559753E0,-2.382653236E0
4.974644406E1,1.082154036E0,-9.481559753E0,-2.382653236E0
4.976671400E1,1.096511006E0,-9.481559753E0,-2.416152716E0
4.978698390E1,1.106082320E0,-9.491130829E0,-2.454437733E0
4.980725374E1,1.115653515E0,-9.495916367E0,-2.440080881E0
4.982752374E1,1.115653515E0,-9.471988678E0,-2.382653236E0
4.984779364E1,1.120439172E0,-9.476774216E0,-2.397010088E0
4.986806354E1,1.072582722E0,-9.471988678E0,-2.373081923E0
4.988833343E1,1.063011408E0,-9.505488396E0,-2.377867460E0
4.990860333E1,1.072582722E0,-9.505488396E0,-2.430509567E0
4.992887322E1,1.115653515E0,-9.486345291E0,-2.416152716E0
4.994914312E1,1.101296663E0,-9.491130829E0,-2.368296146E0
4.996941307E1,1.096511006E0,-9.481559753E0,-2.382653236E0
4.998968296E1,1.043868899E0,-9.505488396E0,-2.401795626E0
5.000995286E1,1.039083242E0,-9.491130829E0,-2.377867460E0
5.003022275E1,1.091725349E0,-9.491130829E0,-2.392224550E0
5.005049265E1,1.106082320E0,-9.481559753E0,-2.406581402E0
5.007076255E1,1.077368379E0,-9.486345291E0,-2.392224550E0
5.009103244E1,1.072582722E0,-9.486345291E0,-2.382653236E0
5.011130234E1,1.063011408E0,-9.500701904E0,-2.406581402E0
5.013157223E1,1.072582722E0,-9.486345291E0,-2.397010088E0
5.015184213E1,1.091725349E0,-9.491130829E0,-2.382653236E0
5.017211203E1,1.082154036E0,-9.486345291E0,-2.425724030E0
5.019238192E1,1.096511006E0,-9.481559753E0,-2.449652195E0
5.021265182E1,1.139581800E0,-9.481559753E0,-2.430509567E0
5.023292171E1,1.101296663E0,-9.491130829E0,-2.406581402E0
5.025319161E1,1.072582722E0,-9.486345291E0,-2.377867460E0
5.027346150E1,1.063011408E0,-9.467203140E0,-2.392224550E0
5.029373140E1,1.063011408E0,-9.481559753E0,-2.411366940E0
5.031400130E1,1.053440213E0,-9.495916367E0,-2.382653236E0
5.033427119E1,1.072582722E0,-9.495916367E0,-2.392224550E0
5.035454109E1,1.096511006E0,-9.500701904E0,-2.406581402E0
5.037481098E1,1.077368379E0,-9.486345291E0,-2.397010088E0
5.039508088E1,1.043868899E0,-9.481559753E0,-2.397010088E0
5.041535078E1,1.063011408E0,-9.467203140E0,-2.416152716E0
5.043562067E1,1.082154036E0,-9.481559753E0,-2.397010088E0
5.045589057E1,1.106082320E0,-9.481559753E0,-2.387438774E0
5.047616046E1,1.096511006E0,-9.500701904E0,-2.406581402E0
5.049643036E1,1.115653515E0,-9.491130829E0,-2.401795626E0
5.051670020E1,1.086939692E0,-9.481559753E0,-2.416152716E0
5.053697010E1,1.091725349E0,-9.471988678E0,-2.420938253E0
5.055723999E1,1.091725349E0,-9.486345291E0,-2.406581402E0
5.057750989E1,1.106082320E0,-9.467203140E0,-2.382653236E0
5.059777978E1,1.130010486E0,-9.471988678E0,-2.382653236E0
5.061804968E1,1.082154036E0,-9.500701904E0,-2.411366940E0
5.063831958E1,1.086939692E0,-9.510273933E0,-2.397010088E0
5.065858947E1,1.101296663E0,-9.491130829E0,-2.387438774E0
5.067885932E1,1.091725349E0,-9.467203140E0,-2.406581402E0
5.069912921E1,1.120439172E0,-9.476774216E0,-2.401795626E0
5.071939911E1,1.086939692E0,-9.481559753E0,-2.387438774E0
5.073966900E1,1.086939692E0,-9.481559753E0,-2.377867460E0
5.075993890E1,1.125224829E0,-9.505488396E0,-2.420938253E0
5.078020880E1,1.120439172E0,-9.486345291E0,-2.420938253E0
5.080047864E1,1.086939692E0,-9.481559753E0,-2.401795626E0
5.082074854E1,1.110867858E0,-9.462417603E0,-2.411366940E0
5.084101843E1,1.125224829E0,-9.457631111E0,-2.406581402E0
5.086128833E1,1.096511006E0,-9.486345291E0,-2.435295343E0
5.088155817E1,1.096511006E0,-9.495916367E0,-2.420938253E0
5.090182807E1,1.082154036E0,-9.481559753E0,-2.397010088E0
5.092209796E1,1.058225870E0,-9.486345291E0,-2.397010088E0
5.094249796E1,1.072582722E0,-9.491130829E0,-2.368296146E0
5.096263770E1,1.082154036E0,-9.500701904E0,-2.353939295E0
5.098290760E1,1.048654556E0,-9.515059471E0,-2.368296146E0
5.100317749E1,1.063011408E0,-9.495916367E0,-2.363510609E0
5.102344734E1,1.053440213E0,-9.500701904E0,-2.339582443E0
5.104384734E1,1.029511929E0,-9.505488396E0,-2.353939295E0
5.106398713E1,1.067797065E0,-9.495916367E0,-2.373081923E0
5.108425697E1,1.072582722E0,-9.505488396E0,-2.358724833E0
5.110452682E1,1.063011408E0,-9.515059471E0,-2.377867460E0
5.112479677E1,1.067797065E0,-9.500701904E0,-2.377867460E0
5.114519676E1,1.039083242E0,-9.476774216E0,-2.373081923E0
5.116533650E1,1.072582722E0,-9.486345291E0,-2.387438774E0
5.118560640E1,1.053440213E0,-9.495916367E0,-2.392224550E0
5.120587624E1,1.067797065E0,-9.500701904E0,-2.373081923E0
5.122614614E1,1.053440213E0,-9.500701904E0,-2.416152716E0
5.124654614E1,1.043868899E0,-9.500701904E0,-2.411366940E0
5.126668588E1,1.053440213E0,-9.491130829E0,-2.373081923E0
5.128695578E1,1.053440213E0,-9.495916367E0,-2.344367981E0
5.130722562E1,1.043868899E0,-9.500701904E0,-2.363510609E0
5.132749552E1,1.024726272E0,-9.481559753E0,-2.392224550E0
5.134776541E1,1.043868899E0,-9.476774216E0,-2.406581402E0
5.136803525E1,1.082154036E0,-9.486345291E0,-2.420938253E0
5.138830515E1,1.101296663E0,-9.476774216E0,-2.397010088E0
5.140857499E1,1.101296663E0,-9.476774216E0,-2.397010088E0
5.142884489E1,1.072582722E0,-9.476774216E0,-2.430509567E0
5.144911473E1,1.091725349E0,-9.481559753E0,-2.406581402E0
5.146938463E1,1.115653515E0,-9.486345291E0,-2.416152716E0
5.148965447E1,1.134796143E0,-9.491130829E0,-2.368296146E0
5.150992437E1,1.106082320E0,-9.491130829E0,-2.344367981E0
5.153019427E1,1.072582722E0,-9.486345291E0,-2.358724833E0
5.155046411E1,1.072582722E0,-9.505488396E0,-2.368296146E0
5.157073400E1,1.043868899E0,-9.515059471E0,-2.363510609E0
5.159100380E1,1.053440213E0,-9.515059471E0,-2.397010088E0
5.161127374E1,1.077368379E0,-9.491130829E0,-2.397010088E0
5.163154359E1,1.106082320E0,-9.476774216E0,-2.368296146E0
5.165181348E1,1.063011408E0,-9.481559753E0,-2.392224550E0
5.167208333E1,1.010369420E0,-9.486345291E0,-2.416152716E0
5.169235322E1,1.048654556E0,-9.505488396E0,-2.416152716E0
5.171262307E1,1.101296663E0,-9.491130829E0,-2.411366940E0
5.173289296E1,1.125224829E0,-9.476774216E0,-2.401795626E0
5.175316281E1,1.125224829E0,-9.452845573E0,-2.425724030E0
5.177343270E1,1.082154036E0,-9.462417603E0,-2.435295343E0
5.179370255E1,1.072582722E0,-9.486345291E0,-2.435295343E0
5.181397239E1,1.115653515E0,-9.500701904E0,-2.416152716E0
5.183424228E1,1.120439172E0,-9.481559753E0,-2.397010088E0
5.185451213E1,1.120439172E0,-9.471988678E0,-2.406581402E0
5.187478202E1,1.082154036E0,-9.476774216E0,-2.411366940E0
5.189505187E1,1.034297585E0,-9.495916367E0,-2.416152716E0
5.191532176E1,1.048654556E0,-9.486345291E0,-2.401795626E0
5.193559161E1,1.077368379E0,-9.486345291E0,-2.411366940E0
5.195586150E1,1.120439172E0,-9.491130829E0,-2.382653236E0
5.197613135E1,1.125224829E0,-9.486345291E0,-2.392224550E0
5.199640119E1,1.110867858E0,-9.491130829E0,-2.397010088E0
5.201667109E1,1.120439172E0,-9.486345291E0,-2.373081923E0
5.203694093E1,1.106082320E0,-9.467203140E0,-2.406581402E0
5.205721078E1,1.149153113E0,-9.467203140E0,-2.425724030E0
5.207748067E1,1.168295622E0,-9.462417603E0,-2.406581402E0
5.209775052E1,1.134796143E0,-9.467203140E0,-2.411366940E0
5.211802041E1,1.125224829E0,-9.476774216E0,-2.430509567E0
5.213829025E1,1.077368379E0,-9.476774216E0,-2.449652195E0
5.215856010E1,1.053440213E0,-9.467203140E0,-2.425724030E0
5.217882994E1,1.072582722E0,-9.491130829E0,-2.397010088E0
5.219909984E1,1.077368379E0,-9.495916367E0,-2.377867460E0
5.221936968E1,1.091725349E0,-9.500701904E0,-2.397010088E0
5.223963952E1,1.096511006E0,-9.505488396E0,-2.406581402E0
5.225990942E1,1.120439172E0,-9.491130829E0,-2.392224550E0
5.228017926E1,1.110867858E0,-9.476774216E0,-2.392224550E0
5.230044911E1,1.110867858E0,-9.457631111E0,-2.397010088E0
5.232071895E1,1.120439172E0,-9.481559753E0,-2.392224550E0
5.234098885E1,1.101296663E0,-9.495916367E0,-2.401795626E0
5.236125869E1,1.106082320E0,-9.486345291E0,-2.411366940E0
5.238152854E1,1.101296663E0,-9.471988678E0,-2.420938253E0
5.240179838E1,1.077368379E0,-9.467203140E0,-2.416152716E0
5.242206822E1,1.063011408E0,-9.476774216E0,-2.397010088E0
5.244246822E1,1.072582722E0,-9.486345291E0,-2.406581402E0
5.246260796E1,1.115653515E0,-9.500701904E0,-2.401795626E0
5.248287781E1,1.106082320E0,-9.481559753E0,-2.397010088E0
5.250314760E1,1.063011408E0,-9.486345291E0,-2.416152716E0
5.252341749E1,1.082154036E0,-9.486345291E0,-2.416152716E0
5.254381749E1,1.110867858E0,-9.467203140E0,-2.401795626E0
5.256395723E1,1.139581800E0,-9.467203140E0,-2.387438774E0
5.258422708E1,1.177866936E0,-9.486345291E0,-2.406581402E0
5.260449692E1,1.134796143E0,-9.495916367E0,-2.425724030E0
5.262476677E1,1.115653515E0,-9.471988678E0,-2.435295343E0
5.264516677E1,1.130010486E0,-9.462417603E0,-2.425724030E0
5.266530645E1,1.115653515E0,-9.471988678E0,-2.416152716E0
5.268557630E1,1.139581800E0,-9.467203140E0,-2.387438774E0
5.270584619E1,1.120439172E0,-9.476774216E0,-2.401795626E0
5.272611604E1,1.082154036E0,-9.476774216E0,-2.440080881E0
5.274638588E1,1.091725349E0,-9.486345291E0,-2.459223509E0
5.276669505E1,1.106082320E0,-9.486345291E0,-2.420938253E0
5.278692562E1,1.106082320E0,-9.476774216E0,-2.382653236E0
5.280719546E1,1.082154036E0,-9.471988678E0,-2.382653236E0
5.282746531E1,1.063011408E0,-9.486345291E0,-2.387438774E0
5.284773515E1,1.039083242E0,-9.500701904E0,-2.406581402E0
5.286800499E1,1.024726272E0,-9.495916367E0,-2.416152716E0
5.288827484E1,1.072582722E0,-9.486345291E0,-2.401795626E0
5.290854468E1,1.086939692E0,-9.495916367E0,-2.401795626E0
5.292881447E1,1.053440213E0,-9.486345291E0,-2.416152716E0
5.294908437E1,1.043868899E0,-9.471988678E0,-2.425724030E0
5.296935416E1,1.077368379E0,-9.481559753E0,-2.401795626E0
5.298962395E1,1.101296663E0,-9.481559753E0,-2.420938253E0
5.300989380E1,1.091725349E0,-9.491130829E0,-2.435295343E0
5.303016364E1,1.139581800E0,-9.495916367E0,-2.444866419E0
5.305043348E1,1.125224829E0,-9.467203140E0,-2.449652195E0
5.307070333E1,1.110867858E0,-9.467203140E0,-2.406581402E0
5.309097317E1,1.130010486E0,-9.476774216E0,-2.401795626E0
5.311124302E1,1.125224829E0,-9.471988678E0,-2.411366940E0
5.313151286E1,1.106082320E0,-9.505488396E0,-2.420938253E0
5.315178270E1,1.082154036E0,-9.500701904E0,-2.420938253E0
5.317205249E1,1.086939692E0,-9.476774216E0,-2.416152716E0
5.319232234E1,1.082154036E0,-9.467203140E0,-2.392224550E0
5.321259218E1,1.082154036E0,-9.471988678E0,-2.392224550E0
5.323286202E1,1.101296663E0,-9.476774216E0,-2.411366940E0
5.325313187E1,1.082154036E0,-9.500701904E0,-2.425724030E0
5.327340166E1,1.091725349E0,-9.481559753E0,-2.416152716E0
5.329367150E1,1.091725349E0,-9.457631111E0,-2.430509567E0
5.331394135E1,1.120439172E0,-9.467203140E0,-2.440080881E0
5.333421114E1,1.134796143E0,-9.471988678E0,-2.430509567E0
5.335448098E1,1.110867858E0,-9.467203140E0,-2.440080881E0
5.337475083E1,1.096511006E0,-9.471988678E0,-2.483151674E0
5.339502067E1,1.130010486E0,-9.462417603E0,-2.483151674E0
5.341529052E1,1.149153113E0,-9.462417603E0,-2.449652195E0
5.343556031E1,1.134796143E0,-9.481559753E0,-2.425724030E0
5.345583015E1,1.125224829E0,-9.476774216E0,-2.411366940E0
5.347609999E1,1.101296663E0,-9.462417603E0,-2.392224550E0
5.349636984E1,1.086939692E0,-9.500701904E0,-2.406581402E0
5.351663963E1,1.082154036E0,-9.491130829E0,-2.392224550E0
5.353690947E1,1.106082320E0,-9.486345291E0,-2.420938253E0
5.355717932E1,1.134796143E0,-9.500701904E0,-2.430509567E0
5.357744911E1,1.106082320E0,-9.491130829E0,-2.401795626E0
5.359771895E1,1.096511006E0,-9.481559753E0,-2.411366940E0
5.361798880E1,1.086939692E0,-9.486345291E0,-2.425724030E0
5.363825859E1,1.101296663E0,-9.471988678E0,-2.435295343E0
5.365852843E1,1.134796143E0,-9.467203140E0,-2.435295343E0
5.367879828E1,1.144367456E0,-9.476774216E0,-2.454437733E0
5.369906807E1,1.153938770E0,-9.471988678E0,-2.454437733E0
5.371933791E1,1.115653515E0,-9.462417603E0,-2.449652195E0
5.373960770E1,1.077368379E0,-9.486345291E0,-2.454437733E0
5.375987755E1,1.072582722E0,-9.505488396E0,-2.420938253E0
5.378014739E1,1.058225870E0,-9.529416084E0,-2.416152716E0
5.380041718E1,1.058225870E0,-9.510273933E0,-2.416152716E0
5.382081718E1,1.082154036E0,-9.467203140E0,-2.397010088E0
5.384095682E1,1.058225870E0,-9.452845573E0,-2.425724030E0
5.386122666E1,1.091725349E0,-9.457631111E0,-2.430509567E0
5.388149645E1,1.110867858E0,-9.471988678E0,-2.449652195E0
5.390176630E1,1.120439172E0,-9.471988678E0,-2.449652195E0
5.392203609E1,1.139581800E0,-9.452845573E0,-2.454437733E0
5.394243609E1,1.120439172E0,-9.476774216E0,-2.473580360E0
5.396257572E1,1.120439172E0,-9.471988678E0,-2.440080881E0
5.398284557E1,1.086939692E0,-9.448060036E0,-2.430509567E0
5.400311536E1,1.101296663E0,-9.433703423E0,-2.454437733E0
5.402338520E1,1.139581800E0,-9.462417603E0,-2.444866419E0
5.404378520E1,1.101296663E0,-9.467203140E0,-2.468794823E0
5.406392484E1,1.139581800E0,-9.471988678E0,-2.483151674E0
5.408419463E1,1.158724308E0,-9.471988678E0,-2.444866419E0
5.410446447E1,1.110867858E0,-9.471988678E0,-2.435295343E0
5.412473426E1,1.058225870E0,-9.471988678E0,-2.425724030E0
5.414513426E1,1.086939692E0,-9.486345291E0,-2.420938253E0
5.416527390E1,1.086939692E0,-9.471988678E0,-2.411366940E0
5.418554369E1,1.053440213E0,-9.471988678E0,-2.406581402E0
5.420581343E1,1.086939692E0,-9.471988678E0,-2.449652195E0
5.422608333E1,1.106082320E0,-9.467203140E0,-2.478366137E0
5.424648333E1,1.115653515E0,-9.462417603E0,-2.478366137E0
5.426662296E1,1.101296663E0,-9.443274498E0,-2.464009047E0
5.428689275E1,1.110867858E0,-9.448060036E0,-2.464009047E0
5.430716255E1,1.130010486E0,-9.486345291E0,-2.492722988E0
5.432743239E1,1.139581800E0,-9.467203140E0,-2.487937450E0
5.434770218E1,1.144367456E0,-9.462417603E0,-2.444866419E0
5.436797197E1,1.110867858E0,-9.467203140E0,-2.425724030E0
5.438824177E1,1.096511006E0,-9.476774216E0,-2.392224550E0
5.440851161E1,1.058225870E0,-9.495916367E0,-2.416152716E0
5.442878140E1,1.072582722E0,-9.510273933E0,-2.440080881E0
5.444918140E1,1.086939692E0,-9.495916367E0,-2.425724030E0
5.446932104E1,1.096511006E0,-9.476774216E0,-2.416152716E0
5.448959083E1,1.072582722E0,-9.467203140E0,-2.425724030E0
5.450986062E1,1.058225870E0,-9.476774216E0,-2.464009047E0
5.453013041E1,1.106082320E0,-9.471988678E0,-2.440080881E0
5.455040025E1,1.082154036E0,-9.495916367E0,-2.449652195E0
5.457067005E1,1.101296663E0,-9.476774216E0,-2.454437733E0
5.459093984E1,1.110867858E0,-9.448060036E0,-2.459223509E0
5.461120958E1,1.086939692E0,-9.481559753E0,-2.459223509E0
5.463147947E1,1.115653515E0,-9.486345291E0,-2.449652195E0
5.465174927E1,1.106082320E0,-9.457631111E0,-2.473580360E0
5.467201900E1,1.110867858E0,-9.438488960E0,-2.468794823E0
5.469228885E1,1.168295622E0,-9.471988678E0,-2.440080881E0
5.471255864E1,1.149153113E0,-9.500701904E0,-2.444866419E0
5.473282848E1,1.110867858E0,-9.486345291E0,-2.449652195E0
5.475309828E1,1.091725349E0,-9.471988678E0,-2.425724030E0
5.477336807E1,1.082154036E0,-9.467203140E0,-2.411366940E0
5.479363786E1,1.082154036E0,-9.486345291E0,-2.420938253E0
5.481390765E1,1.101296663E0,-9.481559753E0,-2.425724030E0
5.483417744E1,1.091725349E0,-9.491130829E0,-2.435295343E0
5.485444723E1,1.125224829E0,-9.467203140E0,-2.444866419E0
5.487471708E1,1.130010486E0,-9.457631111E0,-2.449652195E0
5.489498682E1,1.115653515E0,-9.443274498E0,-2.444866419E0
5.491525666E1,1.115653515E0,-9.500701904E0,-2.444866419E0
5.493552645E1,1.115653515E0,-9.495916367E0,-2.420938253E0
5.495579624E1,1.120439172E0,-9.481559753E0,-2.473580360E0
5.497606604E1,1.115653515E0,-9.452845573E0,-2.459223509E0
5.499633583E1,1.110867858E0,-9.457631111E0,-2.416152716E0
5.501660562E1,1.096511006E0,-9.471988678E0,-2.444866419E0
5.503687541E1,1.086939692E0,-9.486345291E0,-2.454437733E0
5.505714520E1,1.106082320E0,-9.491130829E0,-2.464009047E0
5.507741499E1,1.120439172E0,-9.471988678E0,-2.454437733E0
5.509768479E1,1.110867858E0,-9.462417603E0,-2.449652195E0
5.511795458E1,1.115653515E0,-9.457631111E0,-2.459223509E0
5.513822437E1,1.130010486E0,-9.471988678E0,-2.454437733E0
5.515849416E1,1.106082320E0,-9.467203140E0,-2.440080881E0
5.517876395E1,1.115653515E0,-9.471988678E0,-2.444866419E0
5.519903374E1,1.120439172E0,-9.481559753E0,-2.449652195E0
5.521930354E1,1.125224829E0,-9.467203140E0,-2.459223509E0
5.523957322E1,1.125224829E0,-9.476774216E0,-2.454437733E0
5.525984307E1,1.125224829E0,-9.471988678E0,-2.454437733E0
5.528011286E1,1.134796143E0,-9.443274498E0,-2.435295343E0
5.530038265E1,1.115653515E0,-9.457631111E0,-2.435295343E0
5.532065244E1,1.120439172E0,-9.505488396E0,-2.440080881E0
5.534092223E1,1.130010486E0,-9.495916367E0,-2.444866419E0
5.536119202E1,1.086939692E0,-9.457631111E0,-2.497508526E0
5.538146182E1,1.139581800E0,-9.443274498E0,-2.487937450E0
5.540173161E1,1.192223907E0,-9.471988678E0,-2.468794823E0
5.542200140E1,1.158724308E0,-9.471988678E0,-2.430509567E0
5.544240140E1,1.101296663E0,-9.457631111E0,-2.449652195E0
5.546254093E1,1.086939692E0,-9.471988678E0,-2.468794823E0
5.548281072E1,1.115653515E0,-9.476774216E0,-2.459223509E0
5.550308052E1,1.120439172E0,-9.476774216E0,-2.444866419E0
5.552335025E1,1.125224829E0,-9.457631111E0,-2.435295343E0
5.554375025E1,1.120439172E0,-9.471988678E0,-2.435295343E0
5.556388984E1,1.139581800E0,-9.457631111E0,-2.444866419E0
5.558415963E1,1.110867858E0,-9.467203140E0,-2.444866419E0
5.560442942E1,1.115653515E0,-9.457631111E0,-2.468794823E0
5.562469921E1,1.149153113E0,-9.462417603E0,-2.468794823E0
5.564509921E1,1.163509965E0,-9.491130829E0,-2.444866419E0
5.566523874E1,1.153938770E0,-9.476774216E0,-2.464009047E0
5.568550854E1,1.120439172E0,-9.462417603E0,-2.478366137E0
5.570577833E1,1.125224829E0,-9.448060036E0,-2.459223509E0
5.572604807E1,1.158724308E0,-9.462417603E0,-2.459223509E0
5.574631786E1,1.125224829E0,-9.471988678E0,-2.435295343E0
5.576658765E1,1.134796143E0,-9.471988678E0,-2.464009047E0
5.578685744E1,1.120439172E0,-9.481559753E0,-2.478366137E0
5.580712718E1,1.091725349E0,-9.457631111E0,-2.444866419E0
5.582739697E1,1.120439172E0,-9.471988678E0,-2.449652195E0
5.584766677E1,1.106082320E0,-9.462417603E0,-2.444866419E0
5.586793656E1,1.106082320E0,-9.467203140E0,-2.440080881E0
5.588820630E1,1.106082320E0,-9.486345291E0,-2.449652195E0
5.590847609E1,1.067797065E0,-9.491130829E0,-2.444866419E0
5.592874583E1,1.101296663E0,-9.481559753E0,-2.454437733E0
5.594901562E1,1.106082320E0,-9.471988678E0,-2.459223509E0
5.596928541E1,1.106082320E0,-9.467203140E0,-2.454437733E0
5.598955515E1,1.130010486E0,-9.462417603E0,-2.425724030E0
5.600982494E1,1.125224829E0,-9.467203140E0,-2.459223509E0
5.603009468E1,1.096511006E0,-9.467203140E0,-2.468794823E0
5.605036442E1,1.130010486E0,-9.486345291E0,-2.459223509E0
5.607063421E1,1.139581800E0,-9.476774216E0,-2.435295343E0
5.609090400E1,1.134796143E0,-9.452845573E0,-2.420938253E0
5.611117380E1,1.091725349E0,-9.433703423E0,-2.478366137E0
5.613144354E1,1.139581800E0,-9.452845573E0,-2.483151674E0
5.615171333E1,1.144367456E0,-9.486345291E0,-2.492722988E0
5.617198307E1,1.158724308E0,-9.481559753E0,-2.468794823E0
5.619225286E1,1.153938770E0,-9.462417603E0,-2.444866419E0
5.621252260E1,1.096511006E0,-9.457631111E0,-2.449652195E0
5.623279239E1,1.091725349E0,-9.467203140E0,-2.435295343E0
5.625306218E1,1.110867858E0,-9.486345291E0,-2.454437733E0
5.627333192E1,1.120439172E0,-9.481559753E0,-2.420938253E0
5.629360166E1,1.130010486E0,-9.457631111E0,-2.420938253E0
5.631387145E1,1.115653515E0,-9.476774216E0,-2.454437733E0
5.633414124E1,1.086939692E0,-9.476774216E0,-2.440080881E0
5.635441098E1,1.091725349E0,-9.467203140E0,-2.459223509E0
5.637468072E1,1.120439172E0,-9.462417603E0,-2.430509567E0
5.639495052E1,1.130010486E0,-9.467203140E0,-2.420938253E0
5.641522025E1,1.139581800E0,-9.471988678E0,-2.454437733E0
5.643549005E1,1.110867858E0,-9.481559753E0,-2.449652195E0
5.645575979E1,1.120439172E0,-9.476774216E0,-2.440080881E0
5.647602958E1,1.115653515E0,-9.448060036E0,-2.440080881E0
5.649629932E1,1.110867858E0,-9.476774216E0,-2.444866419E0
5.651656911E1,1.125224829E0,-9.481559753E0,-2.440080881E0
5.653683885E1,1.106082320E0,-9.476774216E0,-2.449652195E0
5.655710864E1,1.082154036E0,-9.476774216E0,-2.444866419E0
5.657737838E1,1.101296663E0,-9.471988678E0,-2.435295343E0
5.659764812E1,1.115653515E0,-9.491130829E0,-2.444866419E0
5.661791786E1,1.086939692E0,-9.476774216E0,-2.444866419E0
5.663818765E1,1.072582722E0,-9.467203140E0,-2.401795626E0
5.665845739E1,1.086939692E0,-9.428917885E0,-2.387438774E0
5.667872718E1,1.096511006E0,-9.500701904E0,-2.430509567E0
5.669899692E1,1.130010486E0,-9.534201622E0,-2.420938253E0
5.671926666E1,1.053440213E0,-9.515059471E0,-2.435295343E0
5.673953645E1,1.010369420E0,-9.467203140E0,-2.435295343E0
5.675980619E1,1.082154036E0,-9.467203140E0,-2.401795626E0
5.678007593E1,1.120439172E0,-9.500701904E0,-2.382653236E0
5.680034572E1,1.101296663E0,-9.510273933E0,-2.425724030E0
5.682061546E1,1.039083242E0,-9.467203140E0,-2.483151674E0
5.684088525E1,1.067797065E0,-9.452845573E0,-2.464009047E0
5.686115499E1,1.158724308E0,-9.481559753E0,-2.425724030E0
5.688142473E1,1.158724308E0,-9.481559753E0,-2.430509567E0
5.690169452E1,1.110867858E0,-9.457631111E0,-2.430509567E0
5.692196427E1,1.101296663E0,-9.452845573E0,-2.430509567E0
5.694236426E1,1.082154036E0,-9.476774216E0,-2.425724030E0
5.696250380E1,1.115653515E0,-9.495916367E0,-2.425724030E0
5.698277354E1,1.106082320E0,-9.481559753E0,-2.406581402E0
5.700304328E1,1.077368379E0,-9.457631111E0,-2.401795626E0
5.702331307E1,1.115653515E0,-9.462417603E0,-2.430509567E0
5.704371307E1,1.110867858E0,-9.486345291E0,-2.430509567E0
5.706385255E1,1.082154036E0,-9.500701904E0,-2.440080881E0
5.708412229E1,1.115653515E0,-9.467203140E0,-2.444866419E0
5.710439208E1,1.139581800E0,-9.448060036E0,-2.444866419E0
5.712466182E1,1.149153113E0,-9.452845573E0,-2.430509567E0
5.714506182E1,1.115653515E0,-9.481559753E0,-2.435295343E0
5.716520130E1,1.115653515E0,-9.467203140E0,-2.459223509E0
5.718547109E1,1.106082320E0,-9.467203140E0,-2.464009047E0
5.720574083E1,1.110867858E0,-9.481559753E0,-2.444866419E0
5.722614083E1,1.120439172E0,-9.462417603E0,-2.416152716E0
5.724643833E1,1.106082320E0,-9.471988678E0,-2.420938253E0
5.726655072E1,1.101296663E0,-9.476774216E0,-2.449652195E0
5.728682036E1,1.101296663E0,-9.486345291E0,-2.459223509E0
5.730708999E1,1.110867858E0,-9.476774216E0,-2.440080881E0
5.732735963E1,1.110867858E0,-9.457631111E0,-2.449652195E0
5.734762937E1,1.110867858E0,-9.457631111E0,-2.459223509E0
5.736789906E1,1.125224829E0,-9.476774216E0,-2.425724030E0
5.738816874E1,1.120439172E0,-9.476774216E0,-2.464009047E0
5.740843843E1,1.101296663E0,-9.467203140E0,-2.444866419E0
5.742870817E1,1.072582722E0,-9.481559753E0,-2.444866419E0
5.744910817E1,1.144367456E0,-9.448060036E0,-2.459223509E0
5.746924770E1,1.120439172E0,-9.462417603E0,-2.440080881E0
5.748951744E1,1.134796143E0,-9.476774216E0,-2.440080881E0
5.750978718E1,1.139581800E0,-9.481559753E0,-2.425724030E0
5.753005687E1,1.077368379E0,-9.457631111E0,-2.430509567E0
5.755032661E1,1.091725349E0,-9.452845573E0,-2.464009047E0
5.757059635E1,1.163509965E0,-9.486345291E0,-2.468794823E0
5.759086609E1,1.168295622E0,-9.481559753E0,-2.420938253E0
5.761113588E1,1.144367456E0,-9.457631111E0,-2.449652195E0
5.763140562E1,1.106082320E0,-9.457631111E0,-2.435295343E0
5.765167536E1,1.096511006E0,-9.467203140E0,-2.435295343E0
5.767194510E1,1.130010486E0,-9.495916367E0,-2.430509567E0
5.769221484E1,1.130010486E0,-9.476774216E0,-2.435295343E0
5.771248458E1,1.101296663E0,-9.467203140E0,-2.444866419E0
5.773275432E1,1.101296663E0,-9.471988678E0,-2.435295343E0
5.775302400E1,1.086939692E0,-9.471988678E0,-2.411366940E0
5.777329380E1,1.101296663E0,-9.467203140E0,-2.425724030E0
5.779356354E1,1.101296663E0,-9.476774216E0,-2.459223509E0
5.781383328E1,1.134796143E0,-9.486345291E0,-2.435295343E0
5.783410302E1,1.120439172E0,-9.462417603E0,-2.435295343E0
5.785437275E1,1.101296663E0,-9.452845573E0,-2.464009047E0
5.787464249E1,1.130010486E0,-9.462417603E0,-2.473580360E0
5.789491223E1,1.120439172E0,-9.471988678E0,-2.464009047E0
5.791518197E1,1.110867858E0,-9.467203140E0,-2.425724030E0
5.793545171E1,1.134796143E0,-9.462417603E0,-2.444866419E0
5.795572145E1,1.130010486E0,-9.462417603E0,-2.449652195E0
5.797599119E1,1.139581800E0,-9.486345291E0,-2.449652195E0
5.799626098E1,1.106082320E0,-9.481559753E0,-2.449652195E0
5.801653072E1,1.082154036E0,-9.486345291E0,-2.425724030E0
5.803680046E1,1.082154036E0,-9.476774216E0,-2.411366940E0
5.805707020E1,1.125224829E0,-9.476774216E0,-2.449652195E0
5.807733994E1,1.130010486E0,-9.467203140E0,-2.440080881E0
5.809760968E1,1.139581800E0,-9.476774216E0,-2.444866419E0
5.811787947E1,1.134796143E0,-9.467203140E0,-2.440080881E0
5.813814921E1,1.139581800E0,-9.481559753E0,-2.459223509E0
5.815841895E1,1.139581800E0,-9.462417603E0,-2.454437733E0
5.817868869E1,1.130010486E0,-9.452845573E0,-2.440080881E0
5.819895843E1,1.134796143E0,-9.476774216E0,-2.425724030E0
5.821922817E1,1.125224829E0,-9.491130829E0,-2.430509567E0
5.823949786E1,1.101296663E0,-9.495916367E0,-2.440080881E0
5.825976765E1,1.086939692E0,-9.452845573E0,-2.468794823E0
5.828003744E1,1.115653515E0,-9.443274498E0,-2.440080881E0
5.830030718E1,1.163509965E0,-9.457631111E0,-2.449652195E0
5.832057692E1,1.149153113E0,-9.481559753E0,-2.435295343E0
5.834084666E1,1.130010486E0,-9.471988678E0,-2.459223509E0
5.836111645E1,1.120439172E0,-9.448060036E0,-2.464009047E0
5.838138619E1,1.115653515E0,-9.476774216E0,-2.420938253E0
5.840165593E1,1.120439172E0,-9.486345291E0,-2.420938253E0
5.842192567E1,1.106082320E0,-9.476774216E0,-2.411366940E0
5.844232567E1,1.077368379E0,-9.476774216E0,-2.440080881E0
5.846246515E1,1.110867858E0,-9.457631111E0,-2.459223509E0
5.848273489E1,1.110867858E0,-9.471988678E0,-2.440080881E0
5.850300468E1,1.115653515E0,-9.481559753E0,-2.435295343E0
5.852327442E1,1.110867858E0,-9.462417603E0,-2.411366940E0
5.854367442E1,1.134796143E0,-9.471988678E0,-2.459223509E0
5.856381390E1,1.153938770E0,-9.457631111E0,-2.483151674E0
5.858408364E1,1.130010486E0,-9.471988678E0,-2.459223509E0
5.860435338E1,1.144367456E0,-9.462417603E0,-2.449652195E0
5.862462312E1,1.177866936E0,-9.452845573E0,-2.449652195E0
5.864502312E1,1.153938770E0,-9.443274498E0,-2.468794823E0
5.866516265E1,1.120439172E0,-9.448060036E0,-2.464009047E0
5.868543234E1,1.120439172E0,-9.486345291E0,-2.473580360E0
5.870570213E1,1.130010486E0,-9.471988678E0,-2.468794823E0
5.872597187E1,1.139581800E0,-9.462417603E0,-2.449652195E0
5.874624161E1,1.110867858E0,-9.457631111E0,-2.435295343E0
5.876651135E1,1.077368379E0,-9.471988678E0,-2.435295343E0
5.878678114E1,1.086939692E0,-9.505488396E0,-2.464009047E0
5.880705088E1,1.106082320E0,-9.486345291E0,-2.473580360E0
5.882732062E1,1.101296663E0,-9.443274498E0,-2.454437733E0
5.884759036E1,1.120439172E0,-9.471988678E0,-2.454437733E0
5.886786010E1,1.120439172E0,-9.471988678E0,-2.425724030E0
5.888812984E1,1.106082320E0,-9.462417603E0,-2.449652195E0
5.890839958E1,1.106082320E0,-9.476774216E0,-2.478366137E0
5.892866932E1,1.144367456E0,-9.476774216E0,-2.464009047E0
5.894893911E1,1.144367456E0,-9.462417603E0,-2.420938253E0
5.896920885E1,1.125224829E0,-9.457631111E0,-2.420938253E0
5.898947859E1,1.125224829E0,-9.467203140E0,-2.468794823E0
5.900974833E1,1.106082320E0,-9.462417603E0,-2.487937450E0
5.903001807E1,1.120439172E0,-9.467203140E0,-2.468794823E0
5.905028781E1,1.144367456E0,-9.471988678E0,-2.468794823E0
5.907055755E1,1.144367456E0,-9.476774216E0,-2.435295343E0
5.909082734E1,1.130010486E0,-9.452845573E0,-2.411366940E0
5.911109708E1,1.096511006E0,-9.462417603E0,-2.444866419E0
5.913136682E1,1.096511006E0,-9.495916367E0,-2.459223509E0
5.915163656E1,1.101296663E0,-9.471988678E0,-2.435295343E0
5.917190630E1,1.120439172E0,-9.471988678E0,-2.435295343E0
5.919217604E1,1.110867858E0,-9.462417603E0,-2.397010088E0
5.921244578E1,1.091725349E0,-9.481559753E0,-2.411366940E0
5.923271557E1,1.077368379E0,-9.491130829E0,-2.454437733E0
5.925298531E1,1.072582722E0,-9.481559753E0,-2.464009047E0
5.927325505E1,1.110867858E0,-9.467203140E0,-2.440080881E0
5.929352478E1,1.144367456E0,-9.457631111E0,-2.420938253E0
5.931379453E1,1.139581800E0,-9.467203140E0,-2.430509567E0
5.933406426E1,1.110867858E0,-9.476774216E0,-2.440080881E0
5.935433406E1,1.106082320E0,-9.486345291E0,-2.444866419E0
5.937460380E1,1.110867858E0,-9.486345291E0,-2.459223509E0
5.939487354E1,1.115653515E0,-9.476774216E0,-2.416152716E0
5.941514328E1,1.101296663E0,-9.476774216E0,-2.416152716E0
5.943541302E1,1.096511006E0,-9.481559753E0,-2.411366940E0
5.945568275E1,1.077368379E0,-9.500701904E0,-2.411366940E0
5.947595255E1,1.086939692E0,-9.491130829E0,-2.440080881E0
5.949622228E1,1.096511006E0,-9.486345291E0,-2.430509567E0
5.951649203E1,1.120439172E0,-9.476774216E0,-2.420938253E0
5.953676176E1,1.096511006E0,-9.471988678E0,-2.416152716E0
5.955703150E1,1.086939692E0,-9.481559753E0,-2.411366940E0
5.957730130E1,1.101296663E0,-9.481559753E0,-2.440080881E0
5.959757104E1,1.101296663E0,-9.491130829E0,-2.454437733E0
5.961784078E1,1.125224829E0,-9.476774216E0,-2.459223509E0
5.963811052E1,1.115653515E0,-9.471988678E0,-2.430509567E0
5.965838031E1,1.101296663E0,-9.462417603E0,-2.397010088E0
5.967865005E1,1.082154036E0,-9.467203140E0,-2.459223509E0
5.969891978E1,1.096511006E0,-9.462417603E0,-2.468794823E0
5.971918958E1,1.134796143E0,-9.486345291E0,-2.454437733E0
5.973945932E1,1.134796143E0,-9.486345291E0,-2.440080881E0
5.975972900E1,1.134796143E0,-9.471988678E0,-2.425724030E0
5.977999880E1,1.115653515E0,-9.457631111E0,-2.420938253E0
5.980026859E1,1.086939692E0,-9.471988678E0,-2.401795626E0
5.982053833E1,1.106082320E0,-9.505488396E0,-2.416152716E0
5.984080807E1,1.106082320E0,-9.495916367E0,-2.411366940E0
5.986107781E1,1.125224829E0,-9.481559753E0,-2.420938253E0
5.988134760E1,1.096511006E0,-9.476774216E0,-2.435295343E0
5.990161734E1,1.063011408E0,-9.481559753E0,-2.401795626E0
5.992188708E1,1.072582722E0,-9.471988678E0,-2.416152716E0
5.994228708E1,1.110867858E0,-9.476774216E0,-2.464009047E0
5.996242661E1,1.115653515E0,-9.481559753E0,-2.459223509E0
5.998269635E1,1.120439172E0,-9.457631111E0,-2.444866419E0
6.000296609E1,1.125224829E0,-9.457631111E0,-2.435295343E0
6.002323583E1,1.115653515E0,-9.476774216E0,-2.435295343E0
6.004363583E1,1.110867858E0,-9.476774216E0,-2.440080881E0
6.006377536E1,1.134796143E0,-9.471988678E0,-2.425724030E0
6.008404510E1,1.106082320E0,-9.467203140E0,-2.416152716E0
6.010431489E1,1.110867858E0,-9.467203140E0,-2.425724030E0
6.012458463E1,1.120439172E0,-9.476774216E0,-2.430509567E0
6.014498463E1,1.115653515E0,-9.467203140E0,-2.459223509E0
6.016512416E1,1.106082320E0,-9.486345291E0,-2.454437733E0
6.018539390E1,1.120439172E0,-9.481559753E0,-2.444866419E0
6.020566364E1,1.115653515E0,-9.481559753E0,-2.416152716E0
6.022593343E1,1.120439172E0,-9.476774216E0,-2.420938253E0
6.024633343E1,1.115653515E0,-9.486345291E0,-2.435295343E0
6.026647296E1,1.115653515E0,-9.491130829E0,-2.444866419E0
6.028674270E1,1.130010486E0,-9.457631111E0,-2.459223509E0
6.030701244E1,1.125224829E0,-9.462417603E0,-2.435295343E0
6.032728223E1,1.134796143E0,-9.491130829E0,-2.425724030E0
6.034755197E1,1.115653515E0,-9.481559753E0,-2.430509567E0
6.036782171E1,1.077368379E0,-9.471988678E0,-2.468794823E0
6.038809150E1,1.096511006E0,-9.467203140E0,-2.454437733E0
6.040836119E1,1.130010486E0,-9.481559753E0,-2.449652195E0
6.042863098E1,1.134796143E0,-9.471988678E0,-2.435295343E0
6.044903098E1,1.163509965E0,-9.462417603E0,-2.430509567E0
6.046917052E1,1.106082320E0,-9.467203140E0,-2.440080881E0
6.048944031E1,1.082154036E0,-9.471988678E0,-2.416152716E0
6.050971005E1,1.110867858E0,-9.491130829E0,-2.425724030E0
6.052997978E1,1.110867858E0,-9.486345291E0,-2.425724030E0
6.055024958E1,1.130010486E0,-9.481559753E0,-2.425724030E0
6.057051932E1,1.110867858E0,-9.476774216E0,-2.459223509E0
6.059078911E1,1.096511006E0,-9.448060036E0,-2.444866419E0
6.061105885E1,1.115653515E0,-9.448060036E0,-2.449652195E0
6.063132864E1,1.139581800E0,-9.452845573E0,-2.440080881E0
6.065159838E1,1.134796143E0,-9.476774216E0,-2.464009047E0
6.067186817E1,1.153938770E0,-9.491130829E0,-2.459223509E0
6.069213791E1,1.153938770E0,-9.481559753E0,-2.468794823E0
6.071240770E1,1.144367456E0,-9.452845573E0,-2.449652195E0
6.073267744E1,1.139581800E0,-9.448060036E0,-2.416152716E0
6.075294718E1,1.134796143E0,-9.457631111E0,-2.425724030E0
6.077321697E1,1.163509965E0,-9.486345291E0,-2.444866419E0
6.079348671E1,1.125224829E0,-9.486345291E0,-2.449652195E0
6.081375650E1,1.120439172E0,-9.481559753E0,-2.444866419E0
6.083402624E1,1.115653515E0,-9.462417603E0,-2.435295343E0
6.085429604E1,1.082154036E0,-9.457631111E0,-2.420938253E0
6.087456578E1,1.101296663E0,-9.471988678E0,-2.411366940E0
6.089483557E1,1.077368379E0,-9.486345291E0,-2.440080881E0
6.091510531E1,1.106082320E0,-9.481559753E0,-2.464009047E0
6.093537510E1,1.130010486E0,-9.462417603E0,-2.444866419E0
6.095564484E1,1.120439172E0,-9.471988678E0,-2.454437733E0
6.097591463E1,1.139581800E0,-9.443274498E0,-2.449652195E0
6.099618442E1,1.125224829E0,-9.476774216E0,-2.473580360E0
6.101645416E1,1.125224829E0,-9.471988678E0,-2.473580360E0
6.103672395E1,1.139581800E0,-9.452845573E0,-2.440080881E0
6.105699369E1,1.144367456E0,-9.448060036E0,-2.478366137E0
6.107726348E1,1.134796143E0,-9.462417603E0,-2.473580360E0
6.109753322E1,1.144367456E0,-9.471988678E0,-2.473580360E0
6.111780302E1,1.144367456E0,-9.471988678E0,-2.468794823E0
6.113807281E1,1.125224829E0,-9.467203140E0,-2.440080881E0
6.115834255E1,1.106082320E0,-9.452845573E0,-2.420938253E0
6.117861234E1,1.115653515E0,-9.467203140E0,-2.430509567E0
6.119888208E1,1.091725349E0,-9.486345291E0,-2.454437733E0
6.121915187E1,1.110867858E0,-9.495916367E0,-2.454437733E0
6.123942166E1,1.130010486E0,-9.486345291E0,-2.435295343E0
6.125969140E1,1.120439172E0,-9.476774216E0,-2.454437733E0
6.127996119E1,1.086939692E0,-9.481559753E0,-2.459223509E0
6.130023098E1,1.086939692E0,-9.476774216E0,-2.449652195E0
6.132050072E1,1.134796143E0,-9.471988678E0,-2.435295343E0
6.134077052E1,1.134796143E0,-9.467203140E0,-2.468794823E0
6.136104025E1,1.130010486E0,-9.486345291E0,-2.468794823E0
6.138131005E1,1.149153113E0,-9.476774216E0,-2.464009047E0
6.140157978E1,1.120439172E0,-9.471988678E0,-2.430509567E0
6.142184958E1,1.115653515E0,-9.457631111E0,-2.430509567E0
6.144224958E1,1.110867858E0,-9.467203140E0,-2.449652195E0
6.146238911E1,1.134796143E0,-9.471988678E0,-2.459223509E0
6.148265890E1,1.144367456E0,-9.467203140E0,-2.473580360E0
6.150292869E1,1.125224829E0,-9.457631111E0,-2.454437733E0
6.152319843E1,1.101296663E0,-9.467203140E0,-2.444866419E0
6.154359843E1,1.106082320E0,-9.467203140E0,-2.454437733E0
6.156373796E1,1.120439172E0,-9.471988678E0,-2.468794823E0
6.158400775E1,1.096511006E0,-9.500701904E0,-2.459223509E0
6.160427755E1,1.115653515E0,-9.467203140E0,-2.440080881E0
6.162454729E1,1.106082320E0,-9.462417603E0,-2.435295343E0
6.164494728E1,1.125224829E0,-9.452845573E0,-2.468794823E0
6.166508682E1,1.134796143E0,-9.467203140E0,-2.478366137E0
6.168535661E1,1.130010486E0,-9.476774216E0,-2.454437733E0
6.170562635E1,1.106082320E0,-9.467203140E0,-2.440080881E0
6.172589614E1,1.120439172E0,-9.452845573E0,-2.478366137E0
6.174616593E1,1.144367456E0,-9.462417603E0,-2.454437733E0
6.176643567E1,1.115653515E0,-9.471988678E0,-2.454437733E0
6.178670546E1,1.139581800E0,-9.481559753E0,-2.449652195E0
6.180697520E1,1.130010486E0,-9.471988678E0,-2.406581402E0
6.182724499E1,1.110867858E0,-9.476774216E0,-2.401795626E0
6.184764499E1,1.125224829E0,-9.481559753E0,-2.430509567E0
6.186778453E1,1.120439172E0,-9.481559753E0,-2.440080881E0
6.188805426E1,1.115653515E0,-9.481559753E0,-2.459223509E0
6.190832406E1,1.130010486E0,-9.476774216E0,-2.440080881E0
6.192859385E1,1.125224829E0,-9.476774216E0,-2.411366940E0
6.194886359E1,1.086939692E0,-9.471988678E0,-2.416152716E0
6.196913338E1,1.096511006E0,-9.476774216E0,-2.425724030E0
6.198940317E1,1.106082320E0,-9.471988678E0,-2.440080881E0
6.200967291E1,1.115653515E0,-9.486345291E0,-2.430509567E0
6.202994270E1,1.106082320E0,-9.505488396E0,-2.430509567E0
6.205021244E1,1.110867858E0,-9.481559753E0,-2.440080881E0
6.207048223E1,1.082154036E0,-9.471988678E0,-2.449652195E0
6.209075202E1,1.106082320E0,-9.481559753E0,-2.435295343E0
6.211102177E1,1.120439172E0,-9.476774216E0,-2.430509567E0
6.213129156E1,1.086939692E0,-9.457631111E0,-2.425724030E0
6.215156135E1,1.101296663E0,-9.476774216E0,-2.444866419E0
6.217183109E1,1.115653515E0,-9.495916367E0,-2.416152716E0
6.219210088E1,1.086939692E0,-9.476774216E0,-2.425724030E0
6.221237067E1,1.096511006E0,-9.476774216E0,-2.435295343E0
6.223264041E1,1.110867858E0,-9.476774216E0,-2.440080881E0
6.225291020E1,1.101296663E0,-9.462417603E0,-2.454437733E0
6.227317999E1,1.106082320E0,-9.467203140E0,-2.425724030E0
6.229344973E1,1.096511006E0,-9.476774216E0,-2.420938253E0
6.231371952E1,1.110867858E0,-9.486345291E0,-2.444866419E0
6.233398932E1,1.091725349E0,-9.481559753E0,-2.468794823E0
6.235425906E1,1.120439172E0,-9.481559753E0,-2.464009047E0
6.237452885E1,1.153938770E0,-9.462417603E0,-2.435295343E0
6.239479864E1,1.139581800E0,-9.457631111E0,-2.440080881E0
6.241506838E1,1.125224829E0,-9.486345291E0,-2.420938253E0
6.243533817E1,1.091725349E0,-9.481559753E0,-2.449652195E0
6.245560796E1,1.077368379E0,-9.467203140E0,-2.459223509E0
6.247587770E1,1.106082320E0,-9.462417603E0,-2.420938253E0
6.249614749E1,1.082154036E0,-9.486345291E0,-2.401795626E0
6.251641723E1,1.067797065E0,-9.500701904E0,-2.425724030E0
6.253668703E1,1.096511006E0,-9.495916367E0,-2.444866419E0
6.255695682E1,1.086939692E0,-9.486345291E0,-2.444866419E0
6.257722661E1,1.115653515E0,-9.448060036E0,-2.440080881E0
6.259749635E1,1.158724308E0,-9.433703423E0,-2.444866419E0
6.261776614E1,1.182652593E0,-9.448060036E0,-2.449652195E0
6.263803588E1,1.182652593E0,-9.476774216E0,-2.473580360E0
6.265830567E1,1.168295622E0,-9.481559753E0,-2.473580360E0
6.267857541E1,1.168295622E0,-9.467203140E0,-2.459223509E0
6.269884520E1,1.144367456E0,-9.462417603E0,-2.449652195E0
6.271911499E1,1.115653515E0,-9.467203140E0,-2.449652195E0
6.273938473E1,1.120439172E0,-9.471988678E0,-2.420938253E0
6.275965452E1,1.077368379E0,-9.476774216E0,-2.411366940E0
6.277992432E1,1.110867858E0,-9.471988678E0,-2.416152716E0
6.280019406E1,1.139581800E0,-9.471988678E0,-2.440080881E0
6.282046385E1,1.115653515E0,-9.476774216E0,-2.468794823E0
6.284073359E1,1.120439172E0,-9.481559753E0,-2.454437733E0
6.286100338E1,1.096511006E0,-9.457631111E0,-2.468794823E0
6.288127317E1,1.130010486E0,-9.448060036E0,-2.473580360E0
6.290154291E1,1.120439172E0,-9.457631111E0,-2.468794823E0
6.292181270E1,1.130010486E0,-9.448060036E0,-2.430509567E0
6.294221270E1,1.130010486E0,-9.457631111E0,-2.468794823E0
6.296235223E1,1.149153113E0,-9.462417603E0,-2.516651154E0
6.298262203E1,1.225723386E0,-9.457631111E0,-2.492722988E0
6.300289176E1,1.220937729E0,-9.457631111E0,-2.468794823E0
6.302316156E1,1.158724308E0,-9.448060036E0,-2.440080881E0
6.304356156E1,1.163509965E0,-9.467203140E0,-2.444866419E0
6.306370109E1,1.139581800E0,-9.481559753E0,-2.435295343E0
6.308397083E1,1.149153113E0,-9.476774216E0,-2.416152716E0
6.310424062E1,1.158724308E0,-9.462417603E0,-2.435295343E0
6.312451036E1,1.144367456E0,-9.452845573E0,-2.435295343E0
6.314491036E1,1.158724308E0,-9.462417603E0,-2.449652195E0
6.316504989E1,1.153938770E0,-9.476774216E0,-2.464009047E0
6.318531968E1,1.149153113E0,-9.457631111E0,-2.454437733E0
6.320558947E1,1.158724308E0,-9.452845573E0,-2.459223509E0
6.322585921E1,1.173081279E0,-9.448060036E0,-2.464009047E0
6.324625921E1,1.187438250E0,-9.457631111E0,-2.487937450E0
6.326639874E1,1.168295622E0,-9.452845573E0,-2.478366137E0
6.328666854E1,1.173081279E0,-9.452845573E0,-2.454437733E0
6.330693828E1,1.144367456E0,-9.457631111E0,-2.473580360E0
6.332720807E1,1.163509965E0,-9.457631111E0,-2.497508526E0
6.334747781E1,1.134796143E0,-9.462417603E0,-2.449652195E0
6.336774755E1,1.149153113E0,-9.443274498E0,-2.454437733E0
6.338801734E1,1.144367456E0,-9.462417603E0,-2.483151674E0
6.340828708E1,1.134796143E0,-9.471988678E0,-2.473580360E0
6.342855687E1,1.120439172E0,-9.448060036E0,-2.492722988E0
6.344882661E1,1.134796143E0,-9.462417603E0,-2.468794823E0
6.346909635E1,1.149153113E0,-9.448060036E0,-2.464009047E0
6.348936614E1,1.149153113E0,-9.438488960E0,-2.468794823E0
6.350963588E1,1.158724308E0,-9.457631111E0,-2.468794823E0
6.352990557E1,1.177866936E0,-9.467203140E0,-2.478366137E0
6.355017541E1,1.173081279E0,-9.448060036E0,-2.468794823E0
6.357044515E1,1.168295622E0,-9.428917885E0,-2.502294302E0
6.359071489E1,1.173081279E0,-9.443274498E0,-2.507079840E0
6.361098468E1,1.182652593E0,-9.457631111E0,-2.473580360E0
6.363125442E1,1.168295622E0,-9.467203140E0,-2.440080881E0
6.365152416E1,1.149153113E0,-9.462417603E0,-2.444866419E0
6.367179395E1,1.144367456E0,-9.457631111E0,-2.454437733E0
6.369206369E1,1.134796143E0,-9.457631111E0,-2.459223509E0
6.371233343E1,1.125224829E0,-9.471988678E0,-2.468794823E0
6.373260322E1,1.130010486E0,-9.471988678E0,-2.468794823E0
6.375287296E1,1.149153113E0,-9.467203140E0,-2.468794823E0
6.377314270E1,1.158724308E0,-9.462417603E0,-2.468794823E0
6.379341249E1,1.130010486E0,-9.457631111E0,-2.473580360E0
6.381368223E1,1.125224829E0,-9.448060036E0,-2.502294302E0
6.383395197E1,1.125224829E0,-9.452845573E0,-2.487937450E0
6.385422177E1,1.168295622E0,-9.476774216E0,-2.478366137E0
6.387449150E1,1.149153113E0,-9.462417603E0,-2.473580360E0
6.389476124E1,1.139581800E0,-9.452845573E0,-2.483151674E0
6.391503098E1,1.130010486E0,-9.462417603E0,-2.478366137E0
6.393530072E1,1.101296663E0,-9.476774216E0,-2.459223509E0
6.395557052E1,1.115653515E0,-9.471988678E0,-2.473580360E0
6.397584025E1,1.149153113E0,-9.476774216E0,-2.473580360E0
6.399610999E1,1.139581800E0,-9.462417603E0,-2.468794823E0
6.401637973E1,1.144367456E0,-9.462417603E0,-2.468794823E0
6.403664952E1,1.125224829E0,-9.481559753E0,-2.473580360E0
6.405691926E1,1.125224829E0,-9.476774216E0,-2.478366137E0
6.407718900E1,1.125224829E0,-9.438488960E0,-2.454437733E0
6.409745874E1,1.130010486E0,-9.457631111E0,-2.459223509E0
6.411772848E1,1.130010486E0,-9.467203140E0,-2.468794823E0
6.413799822E1,1.139581800E0,-9.471988678E0,-2.478366137E0
6.415826796E1,1.130010486E0,-9.471988678E0,-2.473580360E0
6.417853770E1,1.125224829E0,-9.452845573E0,-2.468794823E0
6.419880749E1,1.139581800E0,-9.443274498E0,-2.478366137E0
6.421907723E1,1.153938770E0,-9.452845573E0,-2.464009047E0
6.423934697E1,1.173081279E0,-9.452845573E0,-2.478366137E0
6.425961671E1,1.163509965E0,-9.467203140E0,-2.492722988E0
6.427988645E1,1.134796143E0,-9.462417603E0,-2.473580360E0
6.430015619E1,1.153938770E0,-9.443274498E0,-2.444866419E0
6.432042593E1,1.134796143E0,-9.452845573E0,-2.440080881E0
6.434069567E1,1.115653515E0,-9.486345291E0,-2.478366137E0
6.436096541E1,1.120439172E0,-9.476774216E0,-2.473580360E0
6.438123515E1,1.130010486E0,-9.467203140E0,-2.478366137E0
6.440150494E1,1.153938770E0,-9.471988678E0,-2.449652195E0
6.442177463E1,1.115653515E0,-9.462417603E0,-2.440080881E0
6.444217463E1,1.110867858E0,-9.467203140E0,-2.468794823E0
6.446231416E1,1.110867858E0,-9.467203140E0,-2.487937450E0
6.448258390E1,1.134796143E0,-9.476774216E0,-2.468794823E0
6.450285364E1,1.139581800E0,-9.462417603E0,-2.473580360E0
6.452312338E1,1.149153113E0,-9.462417603E0,-2.454437733E0
6.454352338E1,1.134796143E0,-9.471988678E0,-2.454437733E0
6.456366286E1,1.125224829E0,-9.476774216E0,-2.440080881E0
6.458393260E1,1.106082320E0,-9.467203140E0,-2.430509567E0
6.460420234E1,1.120439172E0,-9.486345291E0,-2.435295343E0
6.462447208E1,1.139581800E0,-9.481559753E0,-2.420938253E0
6.464487208E1,1.125224829E0,-9.481559753E0,-2.430509567E0
6.466501156E1,1.082154036E0,-9.471988678E0,-2.454437733E0
6.468528130E1,1.091725349E0,-9.481559753E0,-2.487937450E0
6.470555104E1,1.101296663E0,-9.471988678E0,-2.468794823E0
6.472582078E1,1.115653515E0,-9.433703423E0,-2.435295343E0
6.474601192E1,1.139581800E0,-9.448060036E0,-2.459223509E0
6.476636015E1,1.134796143E0,-9.481559753E0,-2.454437733E0
6.478662994E1,1.091725349E0,-9.476774216E0,-2.473580360E0
6.480689968E1,1.125224829E0,-9.452845573E0,-2.459223509E0
6.482716942E1,1.139581800E0,-9.433703423E0,-2.454437733E0
6.484756942E1,1.153938770E0,-9.448060036E0,-2.473580360E0
6.486770895E1,1.144367456E0,-9.486345291E0,-2.454437733E0
6.488797869E1,1.110867858E0,-9.500701904E0,-2.468794823E0
6.490824843E1,1.096511006E0,-9.467203140E0,-2.435295343E0
6.492851817E1,1.091725349E0,-9.471988678E0,-2.435295343E0
6.494878791E1,1.110867858E0,-9.481559753E0,-2.416152716E0
6.496905765E1,1.115653515E0,-9.491130829E0,-2.416152716E0
6.498932739E1,1.110867858E0,-9.481559753E0,-2.464009047E0
6.500959708E1,1.106082320E0,-9.486345291E0,-2.440080881E0
6.502986682E1,1.125224829E0,-9.476774216E0,-2.425724030E0
6.505013656E1,1.130010486E0,-9.457631111E0,-2.444866419E0
6.507040630E1,1.120439172E0,-9.481559753E0,-2.468794823E0
6.509067604E1,1.134796143E0,-9.467203140E0,-2.478366137E0
6.511094578E1,1.144367456E0,-9.462417603E0,-2.454437733E0
6.513121552E1,1.158724308E0,-9.448060036E0,-2.425724030E0
6.515148525E1,1.144367456E0,-9.457631111E0,-2.459223509E0
6.517175494E1,1.125224829E0,-9.467203140E0,-2.459223509E0
6.519215494E1,1.101296663E0,-9.481559753E0,-2.454437733E0
6.521229442E1,1.120439172E0,-9.476774216E0,-2.454437733E0
6.523256416E1,1.130010486E0,-9.452845573E0,-2.459223509E0
6.525283385E1,1.134796143E0,-9.462417603E0,-2.459223509E0
6.527310359E1,1.120439172E0,-9.491130829E0,-2.468794823E0
6.529337333E1,1.091725349E0,-9.476774216E0,-2.473580360E0
6.531364307E1,1.115653515E0,-9.457631111E0,-2.464009047E0
6.533391281E1,1.134796143E0,-9.448060036E0,-2.459223509E0
6.535418249E1,1.144367456E0,-9.471988678E0,-2.454437733E0
6.537445223E1,1.139581800E0,-9.467203140E0,-2.449652195E0
6.539472197E1,1.101296663E0,-9.462417603E0,-2.478366137E0
6.541499171E1,1.144367456E0,-9.462417603E0,-2.492722988E0
6.543526140E1,1.177866936E0,-9.457631111E0,-2.478366137E0
6.545553114E1,1.158724308E0,-9.471988678E0,-2.449652195E0
6.547580083E1,1.163509965E0,-9.476774216E0,-2.440080881E0
6.549607057E1,1.130010486E0,-9.457631111E0,-2.435295343E0
6.551634031E1,1.106082320E0,-9.452845573E0,-2.449652195E0
6.553661005E1,1.115653515E0,-9.481559753E0,-2.459223509E0
6.555687973E1,1.120439172E0,-9.491130829E0,-2.444866419E0
6.557714947E1,1.134796143E0,-9.467203140E0,-2.473580360E0
6.559741921E1,1.168295622E0,-9.452845573E0,-2.473580360E0
6.561768890E1,1.144367456E0,-9.457631111E0,-2.473580360E0
6.563795864E1,1.139581800E0,-9.448060036E0,-2.492722988E0
6.565822838E1,1.158724308E0,-9.448060036E0,-2.502294302E0
6.567849812E1,1.144367456E0,-9.471988678E0,-2.492722988E0
6.569876781E1,1.168295622E0,-9.481559753E0,-2.478366137E0
6.571903755E1,1.158724308E0,-9.471988678E0,-2.464009047E0
6.573930729E1,1.130010486E0,-9.467203140E0,-2.459223509E0
6.575957697E1,1.115653515E0,-9.452845573E0,-2.478366137E0
6.577984671E1,1.096511006E0,-9.471988678E0,-2.454437733E0
6.580011640E1,1.115653515E0,-9.467203140E0,-2.444866419E0
6.582038614E1,1.153938770E0,-9.462417603E0,-2.449652195E0
6.584065588E1,1.139581800E0,-9.467203140E0,-2.468794823E0
6.586092557E1,1.149153113E0,-9.471988678E0,-2.483151674E0
6.588119531E1,1.125224829E0,-9.448060036E0,-2.468794823E0
6.590146505E1,1.106082320E0,-9.481559753E0,-2.487937450E0
6.592173473E1,1.163509965E0,-9.462417603E0,-2.464009047E0
6.594213473E1,1.182652593E0,-9.433703423E0,-2.464009047E0
6.596227421E1,1.153938770E0,-9.462417603E0,-2.459223509E0
6.598254390E1,1.158724308E0,-9.481559753E0,-2.459223509E0
6.600281364E1,1.106082320E0,-9.481559753E0,-2.483151674E0
6.602308333E1,1.139581800E0,-9.448060036E0,-2.468794823E0
6.604348333E1,1.168295622E0,-9.457631111E0,-2.502294302E0
6.606362275E1,1.173081279E0,-9.481559753E0,-2.478366137E0
6.608389249E1,1.153938770E0,-9.486345291E0,-2.444866419E0
6.610416218E1,1.120439172E0,-9.462417603E0,-2.468794823E0
6.612443192E1,1.106082320E0,-9.467203140E0,-2.449652195E0
6.614483192E1,1.149153113E0,-9.471988678E0,-2.440080881E0
6.616497135E1,1.139581800E0,-9.467203140E0,-2.435295343E0
6.618524104E1,1.106082320E0,-9.471988678E0,-2.468794823E0
6.620551078E1,1.120439172E0,-9.471988678E0,-2.464009047E0
6.622578046E1,1.120439172E0,-9.481559753E0,-2.464009047E0
6.624618046E1,1.134796143E0,-9.452845573E0,-2.483151674E0
6.626631989E1,1.134796143E0,-9.438488960E0,-2.487937450E0
6.628658958E1,1.149153113E0,-9.462417603E0,-2.492722988E0
6.630685932E1,1.168295622E0,-9.467203140E0,-2.473580360E0
6.632712900E1,1.149153113E0,-9.471988678E0,-2.468794823E0
6.634739874E1,1.177866936E0,-9.462417603E0,-2.487937450E0
6.636766843E1,1.144367456E0,-9.457631111E0,-2.468794823E0
6.638793817E1,1.130010486E0,-9.471988678E0,-2.464009047E0
6.640820786E1,1.134796143E0,-9.448060036E0,-2.464009047E0
6.642847755E1,1.134796143E0,-9.452845573E0,-2.473580360E0
6.644874729E1,1.134796143E0,-9.462417603E0,-2.468794823E0
6.646901697E1,1.120439172E0,-9.491130829E0,-2.468794823E0
6.648928671E1,1.125224829E0,-9.491130829E0,-2.464009047E0
6.650955640E1,1.115653515E0,-9.471988678E0,-2.473580360E0
6.652982609E1,1.110867858E0,-9.462417603E0,-2.473580360E0
6.655009583E1,1.144367456E0,-9.462417603E0,-2.435295343E0
6.657036552E1,1.134796143E0,-9.481559753E0,-2.459223509E0
6.659063520E1,1.149153113E0,-9.457631111E0,-2.483151674E0
6.661090484E1,1.144367456E0,-9.467203140E0,-2.492722988E0
6.663130484E1,1.125224829E0,-9.476774216E0,-2.449652195E0
6.665144536E1,1.130010486E0,-9.457631111E0,-2.454437733E0
6.667171484E1,1.110867858E0,-9.443274498E0,-2.502294302E0
6.669198442E1,1.125224829E0,-9.452845573E0,-2.511865616E0
6.671225395E1,1.158724308E0,-9.452845573E0,-2.483151674E0
6.673252354E1,1.158724308E0,-9.467203140E0,-2.468794823E0
6.675279317E1,1.115653515E0,-9.448060036E0,-2.449652195E0
6.677306281E1,1.115653515E0,-9.452845573E0,-2.464009047E0
6.679333244E1,1.115653515E0,-9.481559753E0,-2.483151674E0
6.681360208E1,1.106082320E0,-9.491130829E0,-2.464009047E0
6.683387176E1,1.144367456E0,-9.457631111E0,-2.454437733E0
6.685414145E1,1.139581800E0,-9.457631111E0,-2.468794823E0
6.687441114E1,1.101296663E0,-9.452845573E0,-2.464009047E0
6.689468083E1,1.110867858E0,-9.471988678E0,-2.473580360E0
6.691495057E1,1.134796143E0,-9.462417603E0,-2.468794823E0
6.693522020E1,1.149153113E0,-9.457631111E0,-2.473580360E0
6.695548989E1,1.139581800E0,-9.448060036E0,-2.464009047E0
6.697575963E1,1.125224829E0,-9.457631111E0,-2.444866419E0
6.699602932E1,1.125224829E0,-9.462417603E0,-2.459223509E0
6.701629900E1,1.139581800E0,-9.471988678E0,-2.473580360E0
6.703656869E1,1.149153113E0,-9.462417603E0,-2.444866419E0
6.705683843E1,1.125224829E0,-9.457631111E0,-2.449652195E0
6.707710812E1,1.134796143E0,-9.452845573E0,-2.464009047E0
6.709737781E1,1.101296663E0,-9.481559753E0,-2.468794823E0
6.711764755E1,1.120439172E0,-9.471988678E0,-2.468794823E0
6.713791723E1,1.144367456E0,-9.471988678E0,-2.464009047E0
6.715818692E1,1.120439172E0,-9.462417603E0,-2.464009047E0
6.717845661E1,1.125224829E0,-9.452845573E0,-2.440080881E0
6.719872630E1,1.115653515E0,-9.486345291E0,-2.440080881E0
6.721899598E1,1.110867858E0,-9.471988678E0,-2.435295343E0
6.723926567E1,1.125224829E0,-9.481559753E0,-2.459223509E0
6.725953536E1,1.149153113E0,-9.495916367E0,-2.444866419E0
6.727980505E1,1.110867858E0,-9.481559753E0,-2.420938253E0
6.730007478E1,1.086939692E0,-9.462417603E0,-2.483151674E0
6.732034447E1,1.125224829E0,-9.452845573E0,-2.497508526E0
6.734061416E1,1.144367456E0,-9.476774216E0,-2.483151674E0
6.736088390E1,1.168295622E0,-9.462417603E0,-2.459223509E0
6.738115359E1,1.120439172E0,-9.457631111E0,-2.440080881E0
6.740142328E1,1.120439172E0,-9.457631111E0,-2.435295343E0
6.742169296E1,1.096511006E0,-9.476774216E0,-2.444866419E0
6.744209296E1,1.106082320E0,-9.491130829E0,-2.449652195E0
6.746223239E1,1.125224829E0,-9.462417603E0,-2.420938253E0
6.748250208E1,1.130010486E0,-9.457631111E0,-2.444866419E0
6.750277176E1,1.115653515E0,-9.467203140E0,-2.425724030E0
6.752304145E1,1.096511006E0,-9.476774216E0,-2.454437733E0
6.754344145E1,1.077368379E0,-9.467203140E0,-2.468794823E0
6.756358088E1,1.115653515E0,-9.462417603E0,-2.454437733E0
6.758385057E1,1.144367456E0,-9.467203140E0,-2.444866419E0
6.760412025E1,1.168295622E0,-9.467203140E0,-2.464009047E0
6.762438999E1,1.149153113E0,-9.462417603E0,-2.464009047E0
6.764478999E1,1.120439172E0,-9.462417603E0,-2.454437733E0
6.766492937E1,1.086939692E0,-9.457631111E0,-2.454437733E0
6.768519906E1,1.115653515E0,-9.471988678E0,-2.444866419E0
6.770546874E1,1.168295622E0,-9.510273933E0,-2.440080881E0
6.772573848E1,1.115653515E0,-9.529416084E0,-2.425724030E0
6.774613848E1,1.048654556E0,-9.500701904E0,-2.435295343E0
6.776627786E1,1.077368379E0,-9.438488960E0,-2.487937450E0
6.778654755E1,1.235294700E0,-9.346963882E0,-2.511865616E0
6.780681729E1,1.489532113E0,-9.361918449E0,-2.487937450E0
6.782708697E1,1.551745534E0,-9.457631111E0,-2.511865616E0
6.784748697E1,1.532602906E0,-9.558130264E0,-2.535793781E0
6.786762635E1,1.422533035E0,-9.491130829E0,-2.521436930E0
6.788789604E1,1.331605792E0,-9.419346809E0,-2.478366137E0
6.790816572E1,1.220937729E0,-9.462417603E0,-2.507079840E0
6.792856572E1,1.125224829E0,-9.448060036E0,-2.569293261E0
6.794886354E1,9.577272534E-1,-9.452845573E0,-2.554936409E0
6.796897588E1,8.620143533E-1,-9.419346809E0,-2.507079840E0
6.798924536E1,8.859425783E-1,-9.400203705E0,-2.449652195E0
6.800951489E1,7.615157962E-1,-9.467203140E0,-2.440080881E0
6.802978437E1,6.227321029E-1,-9.529416084E0,-2.430509567E0
6.805005400E1,5.892325640E-1,-9.548559189E0,-2.420938253E0
6.807032359E1,7.902296782E-1,-9.625128746E0,-2.420938253E0
6.809059322E1,9.816554785E-1,-9.639486313E0,-2.449652195E0
6.811086291E1,1.019940615E0,-9.524630547E0,-2.392224550E0
6.813113249E1,1.053440213E0,-9.529416084E0,-2.392224550E0
6.815140218E1,1.182652593E0,-9.491130829E0,-2.363510609E0
6.817167187E1,1.197009563E0,-9.452845573E0,-2.344367981E0
6.819194156E1,1.158724308E0,-9.409774780E0,-2.416152716E0
6.821221124E1,1.192223907E0,-9.342177391E0,-2.578864574E0
6.823248093E1,1.322034478E0,-9.313464165E0,-2.765504837E0
6.825275057E1,1.408176184E0,-9.313464165E0,-2.842075109E0
6.827302025E1,1.408176184E0,-9.284749985E0,-2.923431158E0
6.829328994E1,1.350748420E0,-9.279964447E0,-2.980858803E0
6.831355963E1,1.153938770E0,-9.366703987E0,-2.976073265E0
6.833382937E1,6.035895348E-1,-9.629914284E0,-2.722434044E0
6.835409906E1,7.280163169E-1,-9.787840843E0,-2.487937450E0
6.837436874E1,1.163509965E0,-9.145966530E0,-2.526222467E0
6.839463843E1,6.370890141E-1,-9.400203705E0,-2.846860647E0
6.841490812E1,1.110867858E0,-9.428917885E0,-2.674577475E0
6.843517781E1,4.648058116E-1,-9.419346809E0,-2.066202402E0
6.845544749E1,5.796613097E-1,-9.610772133E0,-2.234298229E0
6.847571718E1,1.134796143E0,-9.150752068E0,-2.751147747E0
6.849598687E1,5.605186820E-1,-9.917053223E0,-2.554936409E0
6.851625650E1,1.302891970E0,-9.279964447E0,-2.693720102E0
6.853652619E1,8.476574421E-1,-9.376275063E0,-2.075773716E0
6.855679588E1,1.144367456E0,-9.692128181E0,-2.746362209E0
6.857706557E1,1.091725349E0,-9.400203705E0,-2.583650351E0
6.859733525E1,8.763712645E-1,-9.381061554E0,-2.487937450E0
6.861760494E1,9.050851464E-1,-9.045467377E0,-2.511865616E0
6.863787463E1,8.045865893E-1,-9.615557671E0,-2.588435888E0
6.865814432E1,1.015154958E0,-1.012762165E1,-2.827718258E0
6.867841406E1,9.960124493E-1,-9.122037888E0,-2.416152716E0
6.869868369E1,8.620143533E-1,-9.385847092E0,-2.751147747E0
6.871895343E1,1.058225870E0,-9.381061554E0,-2.497508526E0
6.873922302E1,7.040880919E-1,-8.940183640E0,-2.760719061E0
6.875949275E1,9.242277741E-1,-8.739186287E0,-2.770290375E0
6.877976244E1,1.197009563E0,-9.692128181E0,-2.765504837E0
6.880003213E1,1.618744493E0,-9.940981865E0,-2.631506681E0
6.882030182E1,1.767099500E0,-9.438488960E0,-2.856431961E0
6.884057150E1,1.733600020E0,-9.122037888E0,-2.822932482E0
6.886084119E1,1.977667928E0,-9.462417603E0,-2.880360365E0
6.888111088E1,1.254437327E0,-9.203393936E0,-2.803789854E0
6.890138057E1,1.254437327E0,-8.949754715E0,-2.956930637E0
6.892165025E1,6.945167780E-1,-9.529416084E0,-3.134597778E0
6.894205025E1,9.912267923E-1,-9.845269203E0,-3.278167009E0
6.896218963E1,1.470389485E0,-8.959325790E0,-2.918645382E0
6.898245932E1,9.337990284E-1,-8.978468895E0,-2.267797709E0
6.900272900E1,7.663014531E-1,-9.510273933E0,-1.989632010E0
6.902299869E1,3.882354796E-1,-1.016590691E1,-2.325225353E0
6.904339869E1,7.854440212E-1,-9.064610481E0,-2.042274237E0
6.906353807E1,5.174478889E-1,-1.005105114E1,4.091726840E-1
6.908380775E1,5.318048596E-1,-9.897911072E0,-3.206382275E0
6.910407744E1,1.680957913E0,-8.332406998E0,-6.945765972E0
6.912434713E1,1.546959877E0,-8.801400185E0,-1.759921074E0
6.914474713E1,2.584248483E-1,-9.601201057E0,-1.274178028E-1
6.916488645E1,1.063011408E0,-9.222537041E0,-2.794218540E0
6.918515614E1,1.896311998E0,-9.184251785E0,-3.584448338E0
6.920542583E1,1.417747378E0,-9.706484795E0,-3.110071182E0
6.922569552E1,8.572286963E-1,-9.864411354E0,-2.626721144E0
6.924609552E1,1.039083242E0,-9.351749420E0,-2.320439816E0
6.926623484E1,4.073780477E-1,-1.004148006E1,-2.406581402E0
6.928650452E1,1.483550072E-1,-9.620343208E0,-2.693720102E0
6.930677421E1,5.988038778E-1,-8.748757362E0,-2.373081923E0
6.932704390E1,5.365904570E-1,-8.973683357E0,-2.070987940E0
6.934731359E1,9.625129104E-1,-7.843672752E0,-1.951346874E0
6.936758328E1,1.034297585E0,-8.638688087E0,-3.019144058E0
6.938785296E1,-7.178468257E-2,-1.046800041E1,-2.459223509E0
6.940812265E1,-2.632105052E-1,-1.063071251E1,-2.047059774E0
6.942839228E1,3.828516230E-2,-1.050628567E1,-2.789433002E0
6.944879229E1,4.839483798E-1,-1.090349483E1,-2.559721947E0
6.946893166E1,4.791627228E-1,-9.284749985E0,-2.205584288E0
6.948920135E1,6.993024349E-1,-8.633902550E0,-2.368296146E0
6.950947104E1,3.308077157E-1,-9.217751503E0,-1.970489502E0
6.952974072E1,3.643072546E-1,-9.505488396E0,-2.066202402E0
6.955001041E1,7.280163169E-1,-1.002712345E1,-2.267797709E0
6.957028010E1,6.610172391E-1,-9.878767967E0,-2.320439816E0
6.959054979E1,4.307080805E-2,-9.806983948E0,-2.215155602E0
6.961081947E1,9.571290761E-2,-9.481559753E0,-2.133799553E0
6.963108916E1,3.834498227E-1,-9.653842926E0,-1.946561217E0
6.965135885E1,3.547359705E-1,-9.720842361E0,-2.075773716E0
6.967162854E1,2.009970993E-1,-9.634700775E0,-2.286940336E0
6.969189822E1,1.531406492E-1,-9.577272415E0,-2.167299032E0
6.971216786E1,1.435693540E-2,-9.821340561E0,-2.032702923E0
6.973243760E1,6.658028960E-1,-1.013240719E1,-1.956132531E0
6.975270723E1,1.905883193E0,-1.032861900E1,-2.080559254E0
6.977297697E1,1.436890006E0,-1.034776115E1,-2.301297188E0
6.987946025E1,1.920240164E0,-1.027836990E1,-2.294118643E0
6.989972994E1,1.666600943E0,-1.024008465E1,-2.150549412E0
6.991999963E1,1.012762189E0,-1.178943729E1,-2.562114954E0
6.994026932E1,1.630708575E0,-1.184925747E1,-2.291725874E0
6.996053900E1,2.133201361E0,-9.428917885E0,-1.724028707E0
6.998080869E1,1.989632010E0,-8.128418922E0,-7.040880919E-1
7.000107843E1,2.779861689E0,-8.401798248E0,-1.688136339E0
7.002134812E1,3.148356438E0,-7.970492363E0,-1.932204247E0
7.004161781E1,3.716053486E0,-1.164108181E1,-2.306082726E0
7.006188755E1,4.237689018E0,-1.425763416E1,-2.404188633E0
7.008215729E1,4.218546391E0,-1.083170986E1,-2.274976015E0
7.010242697E1,3.337389469E0,-9.110074043E0,-1.838884234E0
7.012269661E1,2.363510609E0,-9.744770050E0,-7.184450030E-1
7.014296635E1,3.251247883E0,-8.992825508E0,-1.946561217E0
7.016323604E1,3.579662561E0,-7.230511665E0,5.862415433E-1
7.018350578E1,3.122035265E0,-8.056633949E0,-3.188436031E-1
7.020377546E1,3.019144058E0,-8.992825508E0,8.733802438E-1
7.022404515E1,2.569293261E0,-8.293522835E0,1.840678811E0
7.024431478E1,2.233700037E0,-7.575676441E0,-2.227119684E0
7.026458458E1,3.464807272E0,-6.610770702E0,-2.574079037E0
7.028485426E1,3.720839262E0,-7.503891945E0,-2.030309916E0
7.030512400E1,3.605983734E0,-8.717651367E0,7.178468257E-2
7.032539369E1,3.632304668E0,-8.691329956E0,2.855833769E0
7.034566343E1,3.677768469E0,-8.621937752E0,5.195415974E0
7.036593312E1,3.438486099E0,-9.136395454E0,6.650850773E0
7.038620286E1,3.507878065E0,-8.913862228E0,8.434700012E0
7.040647255E1,3.744767427E0,-8.732007980E0,9.119047165E0
7.042674228E1,4.000799656E0,-7.817351341E0,9.272188187E0
7.044714228E1,3.792623997E0,-7.403393269E0,9.064012527E0
7.046728171E1,3.375674486E0,-7.319644451E0,8.731410027E0
7.048755145E1,6.921239495E-1,-6.799803734E0,5.079962254E0
7.050782114E1,-4.187439442E0,-5.063810825E0,6.164509296E0
7.052809088E1,-1.127617717E0,-3.768695593E0,4.398007870E0
7.054849088E1,5.748756528E-1,-5.032704353E0,4.833501816E0
7.056863036E1,1.901097536E0,-5.815755367E0,2.252842426E0
7.058890005E1,6.011967063E-1,-5.097310543E0,6.200401783E0
7.060916978E1,6.993024349E-1,-5.748756409E0,9.385248184E0
7.062943953E1,-1.019940615E0,-6.503093719E0,1.156869888E1
7.064983952E1,9.074779749E-1,-6.491129398E0,1.244447231E1
7.066997895E1,1.232901812E0,-5.607579708E0,8.575876236E0
7.069024869E1,-6.436693072E-1,-5.497509956E0,8.358129501E0
7.071051843E1,1.649851203E0,-6.584449768E0,1.026102161E1
7.073078817E1,2.487937450E0,-7.482356548E0,1.033519936E1
7.075118817E1,2.662613392E0,-7.750352383E0,5.769693375E0
7.077132765E1,2.590828657E0,-7.345965385E0,5.556732178E0
7.079159734E1,2.581257343E0,-6.443273067E0,5.965905190E0
7.081186713E1,2.712862730E0,-5.700900078E0,6.054439545E0
7.083213692E1,2.899502754E0,-5.121238708E0,6.085546017E0
7.085253687E1,3.011965513E0,-4.472783566E0,6.468996048E0
7.087267630E1,2.724826813E0,-4.331607342E0,7.271189690E0
7.089294604E1,1.499103427E0,-4.345963955E0,8.549555779E0
7.091321578E1,-1.939741707E1,-1.848455548E0,1.698186302E1
7.093348552E1,1.551745534E0,-4.146761417E0,9.679565430E0
7.095375525E1,2.662015259E-1,-5.406582832E0,1.045783138E1
7.097402499E1,4.566103935E0,-4.618745804E0,7.900502205E0
7.099429473E1,5.519045353E0,-4.743172646E0,8.331808090E0
7.101456447E1,2.799004316E0,-6.524629116E0,1.279920864E1
7.103483421E1,2.039881229E0,-7.427321434E0,1.085982513E1
7.105510400E1,8.572286963E-1,-6.706483841E0,1.013659477E1
7.107537374E1,1.070189953E0,-3.464807272E0,1.173619652E1
7.109564348E1,1.070189953E0,-1.542174220E0,1.096510983E1
7.111591328E1,7.567301393E-1,5.982056856E-1,1.109671497E1
7.113618302E1,-1.387837082E-1,1.390828133E0,1.158544922E1
7.115645275E1,1.259222865E0,-1.010967568E-1,1.213340569E1
7.117672249E1,2.877967358E0,3.230310678E-1,1.243011570E1
7.119699223E1,3.047857761E0,4.713860750E-1,1.326580906E1
7.121726197E1,2.365903378E0,6.340979934E-1,1.413021564E1
7.123753171E1,8.165507317E-1,-3.882354796E-1,1.396271801E1
7.125780145E1,-6.987041831E-1,-7.615157962E-1,1.183191013E1
7.127807119E1,-8.045865893E-1,-1.800599098E-1,9.600603104E0
7.129834093E1,-6.891329288E-1,-7.088736892E-1,8.736195564E0
7.131861067E1,4.504488707E-1,4.546362907E-2,9.440283775E0
7.133888041E1,1.082154036E0,4.307080805E-2,9.911669731E0
7.135915020E1,-1.735394597E0,-5.629115105E-1,9.784850121E0
7.137941994E1,-3.272783279E0,-3.858426511E-1,9.445069313E0
7.139968968E1,-1.532004714E0,6.149554253E-1,8.240283012E0
7.141995942E1,-3.924229145E-1,1.716252089E0,7.071987152E0
7.144022916E1,-5.694918036E-1,2.760120869E0,6.349354744E0
7.146049895E1,-5.551348329E-1,2.956332445E0,5.894120216E0
7.148076869E1,-8.931210637E-1,3.104687452E0,5.690730572E0
7.150103843E1,-1.139581800E0,3.756133318E0,5.379663467E0
7.152130817E1,-2.488535494E-1,4.462614059E0,5.149354458E0
7.154157796E1,8.069794178E-1,5.264808178E0,5.125426292E0
7.156184770E1,1.115653515E0,5.319842815E0,5.506483078E0
7.158211744E1,2.336591244E0,5.688337803E0,6.239284992E0
7.160238723E1,1.925025821E0,6.784848690E0,6.576673031E0
7.162265692E1,3.689732552E0,7.938787460E0,6.973881721E0
7.164292671E1,2.980858803E0,7.613363266E0,7.469794273E0
7.166319650E1,-2.895315289E-1,4.898108006E0,6.808776855E0
7.168346624E1,-1.072582722E0,4.687539577E0,5.784050465E0
7.170373598E1,-8.135596663E-2,4.213760853E0,6.787241459E0
7.172400578E1,5.126622319E-1,4.414757729E0,7.431509018E0
7.174427552E1,-1.076770201E-1,4.433900356E0,7.148557663E0
7.176454525E1,-3.110669553E-1,4.728217602E0,7.122236729E0
7.178481505E1,-1.196411345E-2,5.358128071E0,7.366902828E0
7.180508478E1,-5.503492057E-2,5.439484119E0,7.453044415E0
7.182535453E1,1.770688742E-1,5.283950806E0,7.606184959E0
7.184562432E1,1.651047617E-1,5.170889854E0,8.075178146E0
7.186589406E1,-8.374879509E-2,5.200201988E0,7.859824181E0
7.188616385E1,5.264209956E-2,5.504090309E0,7.493722439E0
7.190643359E1,4.456632137E-1,5.484947681E0,7.381259441E0
7.192670333E1,7.064808607E-1,5.652445316E0,7.716254711E0
7.194710333E1,1.518245935E0,5.855835438E0,7.594220638E0
7.196724286E1,1.017547846E0,5.941977024E0,6.811169624E0
7.198751265E1,1.722832322E-1,5.824728489E0,7.311867714E0
7.200778239E1,4.743770957E-1,5.819942951E0,8.266604424E0
7.202805218E1,7.208378315E-1,4.996213913E0,9.516854286E0
7.204845218E1,-2.536391914E-1,4.979464054E0,8.748159409E0
7.206859171E1,2.949153781E-1,5.022534847E0,7.938787460E0
7.208886150E1,6.945167780E-1,5.525625706E0,8.001000404E0
7.210913124E1,7.902296782E-1,5.683551788E0,7.802396297E0
7.212940104E1,5.820540786E-1,5.578267574E0,8.408378601E0
7.214980104E1,5.341976285E-1,5.456233978E0,9.054440498E0
7.216994057E1,4.791627228E-1,5.511268616E0,9.006584167E0
7.219021036E1,9.792626500E-1,5.800800323E0,8.700303078E0
7.221048015E1,9.840483069E-1,5.829514027E0,9.178867340E0
7.223074989E1,1.962114573E-1,5.748157978E0,9.921240807E0
7.225114989E1,1.674975827E-2,6.119045734E0,1.011505985E1
7.227128947E1,4.624129832E-1,6.366104603E0,9.674779892E0
7.229155921E1,7.615157962E-1,7.295117855E0,8.757730484E0
7.231182900E1,6.131607890E-1,7.926823139E0,8.367700577E0
7.233209880E1,-5.742774159E-2,7.984251022E0,7.484150887E0
7.235236859E1,-1.091725349E0,8.233104706E0,6.351747513E0
7.237263838E1,-1.625324726E0,8.142177582E0,5.829514027E0
7.239290817E1,-1.500898004E0,7.632505894E0,5.127819061E0
7.241317796E1,-1.058225870E0,7.057630539E0,5.370092392E0
7.243344775E1,-7.226324677E-1,7.033702374E0,4.730610371E0
7.245371755E1,-4.929214716E-1,7.563114166E0,3.902095556E0
7.247398734E1,-4.043870270E-1,7.871788502E0,3.401995659E0
7.249425713E1,-4.713860750E-1,7.807182312E0,2.913261652E0
7.251452692E1,-3.541377485E-1,7.910073280E0,2.628515720E0
7.253479671E1,-1.316052526E-1,8.029714584E0,2.281556368E0
7.255506656E1,-1.316052526E-1,7.945965767E0,1.809572101E0
7.257533635E1,-1.507478207E-1,8.015357971E0,2.463410854E0
7.259560614E1,4.528416991E-1,7.826324463E0,2.865405083E0
7.261587593E1,1.074975610E0,7.381259441E0,3.270390272E0
7.263614578E1,3.044866920E-1,7.222734928E0,3.641277790E0
7.265641557E1,-2.273181528E-1,8.003393173E0,5.343770981E0
7.267668541E1,-7.537391186E-1,7.668398380E0,6.397211552E0
7.269695520E1,-7.657032609E-1,6.689135551E0,5.202594757E0
7.271722505E1,-2.238485575E0,7.433901787E0,5.985047817E0
7.273749484E1,-2.405983210E0,8.343772888E0,6.500102520E0
7.275776468E1,-1.551147223E0,8.235497475E0,6.394818306E0
7.277803453E1,-1.474576950E0,8.434700012E0,5.563910961E0
7.279830437E1,-1.673181176E0,8.302495956E0,5.127819061E0
7.281857416E1,-9.170492887E-1,8.130212784E0,5.568696499E0
7.283884400E1,-1.043868899E0,8.044071198E0,5.774479389E0
7.285911385E1,-1.594218135E0,8.070392609E0,5.678766251E0
7.287938369E1,-1.613360643E0,8.084749222E0,4.821537495E0
7.289965354E1,-2.331805706E0,8.070392609E0,4.515256405E0
7.291992338E1,-2.405983210E0,8.268997192E0,4.095914364E0
7.294019322E1,-1.941775560E0,8.695517540E0,4.979464054E0
7.296046312E1,-1.630110383E0,8.056035995E0,6.863811970E0
7.298073302E1,-2.697907448E0,8.065607071E0,6.209972858E0
