"Time (s)","Acceleration x (m/s^2)","Acceleration y (m/s^2)","Acceleration z (m/s^2)"
2.376163400E-2,-3.915118217E0,-5.096058369E0,7.566874504E0
4.384257200E-2,-4.255095005E0,-5.055356979E0,8.033743858E0
6.392778000E-2,-4.063559055E0,-5.055356979E0,8.069656372E0
8.402121700E-2,-4.082712650E0,-4.916493416E0,8.000225067E0
1.041263220E-1,-4.070741653E0,-4.708197594E0,7.674613476E0
1.242459050E-1,-3.819350243E0,-4.449624062E0,7.569268703E0
1.443821550E-1,-3.424306870E0,-4.140771866E0,7.337030888E0
1.645365300E-1,-3.462614298E0,-4.150348663E0,7.016208172E0
1.847096550E-1,-3.764283657E0,-4.279635429E0,7.061697960E0
2.049014260E-1,-3.953425646E0,-4.382586002E0,7.432799339E0
2.251109050E-1,-4.178480625E0,-4.401739597E0,7.614758492E0
2.453365300E-1,-4.216787815E0,-4.394556999E0,7.509413719E0
2.655762170E-1,-4.398746967E0,-4.444835663E0,7.238868713E0
2.858273630E-1,-4.563947201E0,-4.521450043E0,7.341819286E0
3.060869470E-1,-3.970185041E0,-4.274847031E0,7.439981937E0
3.263517380E-1,-3.728370667E0,-3.640383720E0,7.140706539E0
3.466185090E-1,-4.460996151E0,-3.863044500E0,6.956353188E0
3.668556970E-1,-5.974131584E0,-4.171896458E0,7.159860134E0
3.870440300E-1,-5.950189590E0,-5.378573895E0,7.344213486E0
4.072269470E-1,-6.407482147E0,-4.981136799E0,7.633912086E0
4.274102800E-1,-6.077082634E0,-4.368220806E0,7.277175903E0
4.475941340E-1,-5.899911404E0,-4.107253075E0,6.625953197E0
4.677787170E-1,-6.069900036E0,-3.860650301E0,5.977124691E0
4.879641340E-1,-6.445789337E0,-3.733757496E0,5.158307552E0
5.081504880E-1,-7.053916931E0,-3.439270735E0,4.705803394E0
5.283377800E-1,-7.056311131E0,-3.772064686E0,4.801571369E0
5.485260090E-1,-6.900687695E0,-3.202244759E0,4.911705017E0
5.687151760E-1,-7.075464725E0,-3.451241732E0,5.165490150E0
5.889051760E-1,-8.126519203E0,-3.118447781E0,4.418499470E0
6.090959050E-1,-5.593453884E0,-3.755305290E0,3.690661907E0
6.292872590E-1,-5.409100056E0,-2.744952202E0,4.068945885E0
6.494791340E-1,-5.387552261E0,-2.591723442E0,3.676296711E0
6.696713220E-1,-6.211157799E0,-3.927687883E0,2.941276789E0
6.898637170E-1,-6.366780758E0,-5.505466938E0,3.760093689E0
7.100669470E-1,-5.990890980E0,-6.676231384E0,3.829525709E0
7.302454880E-1,-5.715558052E0,-7.538144112E0,2.948459387E0
7.504243420E-1,-5.569511890E0,-7.858967304E0,3.063380957E0
7.706039260E-1,-4.798578739E0,-6.364984989E0,2.914940596E0
7.907845510E-1,-4.298190594E0,-5.155913353E0,1.124077678E0
8.109664260E-1,-5.837662220E0,-5.184643745E0,-1.927332431E-1
8.311497590E-1,-8.610147476E0,-5.033809185E0,3.890577853E-1
8.513347590E-1,-9.589376450E0,-5.196614742E0,-9.109937549E-1
8.715214260E-1,-7.865550995E0,-6.092046261E0,1.033097982E0
8.917097590E-1,-6.730699539E0,-7.325059891E0,3.866635859E-1
9.118997590E-1,-5.418676853E0,-7.949946880E0,-2.038662672E0
9.320912170E-1,-3.654150248E0,-7.765593052E0,2.382230759E-1
9.522840300E-1,-2.528875589E0,-6.877344608E0,1.152808070E0
9.724778840E-1,-1.066018343E0,-6.527791023E0,1.373074651E0
9.926725720E-1,-7.068880796E-1,-6.388927460E0,1.703474522E0
1.012867780E0,-3.693056107E-1,-6.839036942E0,9.852139950E-1
1.033063197E0,5.955576897E-1,-6.168660641E0,8.990227580E-1
1.053258509E0,1.263539910E0,-4.940435410E0,4.010287821E-1
1.073446738E0,9.259575009E-1,-5.663484097E0,3.986345828E-1
1.093629551E0,1.965041041E0,-1.487158394E1,-5.542576909E-1
1.113812780E0,6.169259071E0,-3.078105354E1,-2.127248287E0
1.133996634E0,1.186925530E0,-3.227743149E1,1.495178938E0
1.154181217E0,-1.219247222E0,-1.773504829E1,3.187879562E0
1.174366634E0,3.992331326E-1,-1.004726696E1,9.085995555E-1
1.194552988E0,4.279635549E-1,-5.905298710E0,3.100491166E-1
1.214740280E0,5.500678420E-1,-4.021061897E0,6.069301367E-1
1.234928509E0,1.237203717E0,-5.682637691E0,-1.041477770E-1
1.255117676E0,1.048061848E0,-8.684967041E0,-3.124433160E-1
1.275307676E0,3.130418658E-1,-1.045428181E1,-1.735796183E-1
1.295498405E0,-3.573346138E-1,-1.138802052E1,5.351040959E-1
1.315689759E0,-7.691373229E-1,-1.099297714E1,1.420958757E0
1.335881634E0,-8.433575630E-1,-9.877279282E0,1.590947032E0
1.356073822E0,-8.074445128E-1,-9.290699959E0,9.876081944E-1
1.376266217E0,-5.704185367E-1,-9.369708061E0,8.738835901E-2
1.396469447E0,-4.770447016E-1,-9.518148422E0,-6.835445762E-1
1.416648092E0,-5.799953341E-1,-9.724050522E0,-8.511387110E-1
1.436827051E0,-5.201402903E-1,-9.917980194E0,-6.883329749E-1
1.457006738E0,-2.759317458E-1,-9.728838921E0,-6.931213737E-1
1.477187467E0,-3.286041915E-1,-9.288305283E0,-9.469067454E-1
1.497369447E0,-4.770447016E-1,-8.814253807E0,-1.377863050E0
1.517552884E0,-4.938040972E-1,-8.833407402E0,-1.904587507E0
1.537737884E0,-4.147954583E-1,-9.295488358E0,-2.177526474E0
1.557924551E0,-2.998737693E-1,-9.719262123E0,-2.038662672E0
1.578112884E0,-1.753752679E-1,-9.867702484E0,-1.291671872E0
1.598302780E0,4.010287672E-2,-1.005205631E1,-3.579331636E-1
1.618494134E0,2.340332121E-1,-1.038484955E1,2.549824715E-1
1.638686842E0,3.992331326E-1,-1.070567322E1,3.339911401E-1
1.658902207E0,4.758476019E-1,-1.077031612E1,-1.328781992E-1
1.679096009E0,4.303577542E-1,-1.053568459E1,-9.540894032E-1
1.699281634E0,2.340332121E-1,-1.009515190E1,-1.667561531E0
1.719464759E0,-7.481880486E-2,-9.628282547E0,-2.091335297E0
1.739648353E0,-3.669114113E-1,-9.345766068E0,-2.349909067E0
1.759832572E0,-6.374561787E-1,-9.192537308E0,-2.488772631E0
1.780017572E0,-8.768763542E-1,-9.271546364E0,-2.452859640E0
1.800203457E0,-9.415197968E-1,-9.558850288E0,-2.144007683E0
1.820390280E0,-6.613982320E-1,-9.738415718E0,-1.741781712E0
1.840578040E0,-3.980360329E-1,-9.731232643E0,-1.306037068E0
1.860766738E0,-3.238157928E-1,-9.917980194E0,-9.660604000E-1
1.880956322E0,-3.070563674E-1,-1.006642151E1,-8.894459605E-1
1.901146686E0,-2.950853705E-1,-9.949105263E0,-1.112106681E0
1.921337728E0,-3.405751884E-1,-9.759963036E0,-1.480813742E0
1.941529342E0,-3.836708367E-1,-9.554061890E0,-1.760935307E0
1.961721374E0,-3.740940094E-1,-9.362525940E0,-1.902193308E0
1.981913613E0,-2.783259451E-1,-9.257181168E0,-1.962048292E0
2.002111322E0,-2.400187254E-1,-9.192537308E0,-1.945288897E0
2.022302103E0,-2.855085433E-1,-9.297882080E0,-1.823184609E0
2.042480697E0,-3.142389655E-1,-9.455899239E0,-1.607706428E0
2.062659811E0,-3.693056107E-1,-9.635464668E0,-1.322796464E0
2.082839811E0,-4.339490533E-1,-9.862914085E0,-1.090558887E0
2.103021009E0,-4.507084787E-1,-1.000656605E1,-1.013944387E0
2.123203613E0,-3.405751884E-1,-1.007120991E1,-1.018732786E0
2.143387780E0,-1.083376259E-1,-1.005445004E1,-1.037886381E0
2.163573613E0,7.122749835E-2,-9.889249802E0,-1.042674899E0
2.183761113E0,1.137245819E-2,-9.678560257E0,-1.088164687E0
2.203950280E0,-2.280477136E-1,-9.544485092E0,-1.358709455E0
2.224141061E0,-4.387374520E-1,-9.410409927E0,-1.739387512E0
2.244333301E0,-4.411316514E-1,-9.352949142E0,-1.926135302E0
2.264526738E0,-3.573346138E-1,-9.453505516E0,-1.751358509E0
2.284721113E0,-4.411316514E-1,-9.546878815E0,-1.413776159E0
2.304916165E0,-6.685808301E-1,-9.685743332E0,-1.159990668E0
2.325111582E0,-7.930793166E-1,-9.688137054E0,-1.112106681E0
2.345306686E0,-7.667431235E-1,-9.769539833E0,-1.174355984E0
2.365498197E0,-6.063315868E-1,-9.903614998E0,-1.195903778E0
2.385683822E0,-2.974795699E-1,-9.891644478E0,-1.155202270E0
2.405866947E0,-3.411737457E-2,-9.810241699E0,-1.064222693E0
2.426050540E0,7.362170517E-2,-9.589975357E0,-1.057040095E0
2.446234759E0,-2.693476900E-2,-9.479841232E0,-1.159990668E0
2.466419759E0,-3.118447661E-1,-9.554061890E0,-1.382651448E0
2.486605645E0,-4.985924959E-1,-9.556455612E0,-1.583764434E0
2.506792467E0,-5.081692934E-1,-9.503783226E0,-1.559822440E0
2.526980228E0,-3.836708367E-1,-9.470264435E0,-1.353921056E0
2.547168926E0,-2.711433470E-1,-9.578003883E0,-1.104924083E0
2.567358509E0,-2.376245260E-1,-9.683348656E0,-9.708487988E-1
2.587548874E0,-2.567781210E-1,-9.712079048E0,-1.030703783E0
2.607739915E0,-2.950853705E-1,-9.862914085E0,-1.207874775E0
2.627931530E0,-2.495955229E-1,-9.846154213E0,-1.399410844E0
2.648144967E0,-1.466448605E-1,-9.724050522E0,-1.401805043E0
2.668322572E0,-9.397241473E-2,-9.791088104E0,-1.375468850E0
2.688500592E0,-1.131260321E-1,-9.779116631E0,-1.547851443E0
2.708679342E0,-2.519897223E-1,-9.542090416E0,-1.684320927E0
2.728859238E0,-5.081692934E-1,-9.336189270E0,-1.593341231E0
2.749040592E0,-7.380126715E-1,-9.496601105E0,-1.454477549E0
2.769223613E0,-7.930793166E-1,-9.803058624E0,-1.416170359E0
2.789408405E0,-7.068880796E-1,-9.831789017E0,-1.480813742E0
2.809595072E0,-6.278793812E-1,-9.767146111E0,-1.456871748E0
2.829783613E0,-6.566098332E-1,-9.731232643E0,-1.413776159E0
2.849973926E0,-6.494272351E-1,-9.513360023E0,-1.471236944E0
2.870165801E0,-5.416881442E-1,-9.376891136E0,-1.617283225E0
2.890359030E0,-3.860650361E-1,-9.498994827E0,-1.748964310E0
2.910553405E0,-1.562216580E-1,-9.635464668E0,-1.708262920E0
2.930748613E0,4.728548229E-2,-9.716867447E0,-1.557428241E0
2.950944342E0,1.574187577E-1,-9.716867447E0,-1.444900751E0
2.971140280E0,1.215057373E-1,-9.747992516E0,-1.444900751E0
2.991335176E0,-1.035492271E-1,-9.747992516E0,-1.567005038E0
3.011523405E0,-3.716998100E-1,-9.645041466E0,-1.686715126E0
3.031722467E0,-5.847837925E-1,-9.628282547E0,-1.787271619E0
3.051899967E0,-6.925228238E-1,-9.599552155E0,-1.866280198E0
3.072077884E0,-6.757634282E-1,-9.544485092E0,-1.823184609E0
3.092256530E0,-5.799953341E-1,-9.592369080E0,-1.653196216E0
3.112436322E0,-4.746504724E-1,-9.601945877E0,-1.487996340E0
3.132617572E0,-3.980360329E-1,-9.554061890E0,-1.423352957E0
3.152800488E0,-3.812766075E-1,-9.534908295E0,-1.516726732E0
3.172985176E0,-4.028244317E-1,-9.673771858E0,-1.598129630E0
3.193171738E0,-4.004302323E-1,-9.791088104E0,-1.547851443E0
3.213360176E0,-4.004302323E-1,-9.752780914E0,-1.425747156E0
3.233550384E0,-3.884592354E-1,-9.604340553E0,-1.382651448E0
3.253742259E0,-3.716998100E-1,-9.498994827E0,-1.519120932E0
3.273935592E0,-4.411316514E-1,-9.578003883E0,-1.717839718E0
3.294130072E0,-4.938040972E-1,-9.671378136E0,-1.832761407E0
3.314325384E0,-5.057750940E-1,-9.704896927E0,-1.753752708E0
3.334521217E0,-4.794389009E-1,-9.652224541E0,-1.557428241E0
3.354717259E0,-4.818331003E-1,-9.542090416E0,-1.459265947E0
3.374912467E0,-4.842272997E-1,-9.556455612E0,-1.533486247E0
3.395100801E0,-4.650736749E-1,-9.716867447E0,-1.660378933E0
3.415289030E0,-4.315548539E-1,-9.724050522E0,-1.681926727E0
3.435471842E0,-4.363432527E-1,-9.628282547E0,-1.564610839E0
3.455655072E0,-4.818331003E-1,-9.580398560E0,-1.483207941E0
3.475838926E0,-5.201402903E-1,-9.589975357E0,-1.538274646E0
3.496023509E0,-5.416881442E-1,-9.604340553E0,-1.617283225E0
3.516208926E0,-5.584475398E-1,-9.570821762E0,-1.648407817E0
3.536395280E0,-5.368997455E-1,-9.575610161E0,-1.662773132E0
3.556582572E0,-4.507084787E-1,-9.616311073E0,-1.669955730E0
3.576770801E0,-3.573346138E-1,-9.685743332E0,-1.586158633E0
3.596959967E0,-3.262099922E-1,-9.740809441E0,-1.499967337E0
3.617149967E0,-3.573346138E-1,-9.695320129E0,-1.509544134E0
3.637340697E0,-4.100070298E-1,-9.659406662E0,-1.595735431E0
3.657551217E0,-4.219780564E-1,-9.661801338E0,-1.696291924E0
3.677733926E0,-4.100070298E-1,-9.649829865E0,-1.727416515E0
3.697916947E0,-4.052186310E-1,-9.578003883E0,-1.698686123E0
3.718100436E0,-4.435258508E-1,-9.491812706E0,-1.691503525E0
3.738284551E0,-4.650736749E-1,-9.510966301E0,-1.756146908E0
3.758469447E0,-4.243722558E-1,-9.542090416E0,-1.820790410E0
3.778655228E0,-3.693056107E-1,-9.582792282E0,-1.746570110E0
3.798841947E0,-3.477577865E-1,-9.635464668E0,-1.614889026E0
3.819029603E0,-4.243722558E-1,-9.659406662E0,-1.540668845E0
3.839218197E0,-4.674678743E-1,-9.719262123E0,-1.559822440E0
3.859407728E0,-4.171896577E-1,-9.740809441E0,-1.547851443E0
3.879598092E0,-3.525462151E-1,-9.680954933E0,-1.535880446E0
3.899789134E0,-3.597288132E-1,-9.597157478E0,-1.574187636E0
3.919980749E0,-4.195838571E-1,-9.566033363E0,-1.648407817E0
3.940172780E0,-4.746504724E-1,-9.654618263E0,-1.679532528E0
3.960365072E0,-4.554968774E-1,-9.697713852E0,-1.643619418E0
3.980562884E0,-4.602852762E-1,-9.609128952E0,-1.571793437E0
4.000753770E0,-4.770447016E-1,-9.561244011E0,-1.562216640E0
4.020932467E0,-4.411316514E-1,-9.628282547E0,-1.643619418E0
4.041111686E0,-3.716998100E-1,-9.659406662E0,-1.701080322E0
4.061291790E0,-3.381809890E-1,-9.652224541E0,-1.624465823E0
4.081473040E0,-4.411316514E-1,-9.618705750E0,-1.511938334E0
4.101655645E0,-5.560533404E-1,-9.599552155E0,-1.487996340E0
4.121839811E0,-6.087257862E-1,-9.628282547E0,-1.564610839E0
4.142025645E0,-5.776011348E-1,-9.685743332E0,-1.629254222E0
4.162213145E0,-4.578910768E-1,-9.683348656E0,-1.674744129E0
4.182402311E0,-3.980360329E-1,-9.589975357E0,-1.634042621E0
4.202593040E0,-4.435258508E-1,-9.578003883E0,-1.610100627E0
4.222785124E0,-5.368997455E-1,-9.587580681E0,-1.665167332E0
4.242978353E0,-5.297171474E-1,-9.606734276E0,-1.701080322E0
4.263172520E0,-4.554968774E-1,-9.611522675E0,-1.679532528E0
4.283367363E0,-4.052186310E-1,-9.601945877E0,-1.631648421E0
4.303562572E0,-4.267664552E-1,-9.630676270E0,-1.624465823E0
4.323757780E0,-4.363432527E-1,-9.676166534E0,-1.648407817E0
4.343949447E0,-4.195838571E-1,-9.680954933E0,-1.626860023E0
4.364134967E0,-4.028244317E-1,-9.633070946E0,-1.602918029E0
4.384317988E0,-3.860650361E-1,-9.599552155E0,-1.607706428E0
4.404501478E0,-4.028244317E-1,-9.601945877E0,-1.665167332E0
4.424685592E0,-4.124012291E-1,-9.637859344E0,-1.710657120E0
4.444870488E0,-3.980360329E-1,-9.637859344E0,-1.703474522E0
4.465056270E0,-4.147954583E-1,-9.616311073E0,-1.655590534E0
4.485242988E0,-4.435258508E-1,-9.606734276E0,-1.600523829E0
4.505430645E0,-4.746504724E-1,-9.604340553E0,-1.567005038E0
4.525619238E0,-4.770447016E-1,-9.580398560E0,-1.590947032E0
4.545808717E0,-4.554968774E-1,-9.635464668E0,-1.617283225E0
4.565999030E0,-4.124012291E-1,-9.666589737E0,-1.598129630E0
4.586190072E0,-4.052186310E-1,-9.630676270E0,-1.540668845E0
4.606381686E0,-4.243722558E-1,-9.599552155E0,-1.507149935E0
4.626573717E0,-4.411316514E-1,-9.611522675E0,-1.499967337E0
4.646792103E0,-4.842272997E-1,-9.647436142E0,-1.502361536E0
4.666961582E0,-5.009866953E-1,-9.668983459E0,-1.480813742E0
4.687131790E0,-4.722562730E-1,-9.685743332E0,-1.461660147E0
4.707303353E0,-3.860650361E-1,-9.671378136E0,-1.464054346E0
4.727476895E0,-3.238157928E-1,-9.647436142E0,-1.483207941E0
4.747652936E0,-3.453635871E-1,-9.635464668E0,-1.528697729E0
4.767831895E0,-4.267664552E-1,-9.609128952E0,-1.581370234E0
4.788013978E0,-5.177460909E-1,-9.599552155E0,-1.574187636E0
4.808199395E0,-5.440823436E-1,-9.623494148E0,-1.545457244E0
4.828388040E0,-4.914098978E-1,-9.664195061E0,-1.485602140E0
4.848579811E0,-3.860650361E-1,-9.666589737E0,-1.437718153E0
4.868774395E0,-3.309983909E-1,-9.640253067E0,-1.394622445E0
4.888971478E0,-4.124012291E-1,-9.628282547E0,-1.387439847E0
4.909170645E0,-4.866214991E-1,-9.628282547E0,-1.430535555E0
4.929371374E0,-4.985924959E-1,-9.652224541E0,-1.466448545E0
4.949573040E0,-4.794389009E-1,-9.664195061E0,-1.452083349E0
4.969775124E0,-4.387374520E-1,-9.692925453E0,-1.420958757E0
4.989973561E0,-4.076128304E-1,-9.702502251E0,-1.425747156E0
5.010161895E0,-3.860650361E-1,-9.683348656E0,-1.466448545E0
5.030350124E0,-3.884592354E-1,-9.649829865E0,-1.547851443E0
5.050549186E0,-4.004302323E-1,-9.621099472E0,-1.605312228E0
5.070726686E0,-3.956418335E-1,-9.580398560E0,-1.619677424E0
5.090904603E0,-3.980360329E-1,-9.599552155E0,-1.550245643E0
5.111083249E0,-4.171896577E-1,-9.606734276E0,-1.478419542E0
5.131263040E0,-4.267664552E-1,-9.625887871E0,-1.471236944E0
5.151444290E0,-4.339490533E-1,-9.642647743E0,-1.473631144E0
5.171627207E0,-4.291606545E-1,-9.668983459E0,-1.478419542E0
5.191811895E0,-4.339490533E-1,-9.628282547E0,-1.456871748E0
5.211998457E0,-4.339490533E-1,-9.616311073E0,-1.454477549E0
5.232186895E0,-4.076128304E-1,-9.676166534E0,-1.440112352E0
5.252377103E0,-3.860650361E-1,-9.678560257E0,-1.471236944E0
5.272568978E0,-4.100070298E-1,-9.659406662E0,-1.487996340E0
5.292762311E0,-3.956418335E-1,-9.688137054E0,-1.447294950E0
5.312956790E0,-3.645172119E-1,-9.692925453E0,-1.440112352E0
5.333152103E0,-3.214215636E-1,-9.668983459E0,-1.478419542E0
5.353347936E0,-3.214215636E-1,-9.633070946E0,-1.487996340E0
5.373543978E0,-3.764882088E-1,-9.642647743E0,-1.487996340E0
5.393738561E0,-4.243722558E-1,-9.654618263E0,-1.487996340E0
5.413926790E0,-4.459200799E-1,-9.630676270E0,-1.495178938E0
5.434109603E0,-4.554968774E-1,-9.613917351E0,-1.483207941E0
5.454292832E0,-4.626794755E-1,-9.616311073E0,-1.461660147E0
5.474476582E0,-4.650736749E-1,-9.657012939E0,-1.440112352E0
5.494661061E0,-4.626794755E-1,-9.676166534E0,-1.423352957E0
5.514846374E0,-4.483142793E-1,-9.673771858E0,-1.401805043E0
5.535032624E0,-4.818331003E-1,-9.647436142E0,-1.368286252E0
5.555219811E0,-5.249287486E-1,-9.642647743E0,-1.375468850E0
5.575407936E0,-5.464765429E-1,-9.652224541E0,-1.430535555E0
5.595596999E0,-5.153518915E-1,-9.664195061E0,-1.471236944E0
5.615786895E0,-4.602852762E-1,-9.664195061E0,-1.452083349E0
5.635977520E0,-4.004302323E-1,-9.647436142E0,-1.425747156E0
5.656190592E0,-3.980360329E-1,-9.606734276E0,-1.423352957E0
5.676369186E0,-4.124012291E-1,-9.606734276E0,-1.456871748E0
5.696548301E0,-4.100070298E-1,-9.630676270E0,-1.476025343E0
5.716728301E0,-3.836708367E-1,-9.671378136E0,-1.423352957E0
5.736909447E0,-3.812766075E-1,-9.697713852E0,-1.356315255E0
5.757091947E0,-3.740940094E-1,-9.704896927E0,-1.349132657E0
5.777276009E0,-3.429693878E-1,-9.719262123E0,-1.377863050E0
5.797461738E0,-3.214215636E-1,-9.680954933E0,-1.430535555E0
5.817649134E0,-3.118447661E-1,-9.647436142E0,-1.456871748E0
5.837838197E0,-3.788824081E-1,-9.628282547E0,-1.428141356E0
5.858028874E0,-4.746504724E-1,-9.618705750E0,-1.377863050E0
5.878221009E0,-5.273229480E-1,-9.633070946E0,-1.368286252E0
5.898414342E0,-4.938040972E-1,-9.668983459E0,-1.385045648E0
5.918608613E0,-4.004302323E-1,-9.697713852E0,-1.377863050E0
5.938803561E0,-3.357867897E-1,-9.688137054E0,-1.341950059E0
5.958998874E0,-3.669114113E-1,-9.676166534E0,-1.308431268E0
5.979194134E0,-4.770447016E-1,-9.645041466E0,-1.346738458E0
5.999385801E0,-5.632359385E-1,-9.616311073E0,-1.437718153E0
6.019579447E0,-5.345055461E-1,-9.621099472E0,-1.485602140E0
6.039767676E0,-4.291606545E-1,-9.635464668E0,-1.413776159E0
6.059945280E0,-3.453635871E-1,-9.642647743E0,-1.313219666E0
6.080123509E0,-3.429693878E-1,-9.657012939E0,-1.286883354E0
6.100302728E0,-4.052186310E-1,-9.645041466E0,-1.351526856E0
6.120483249E0,-4.794389009E-1,-9.666589737E0,-1.408987641E0
6.140665332E0,-5.033808947E-1,-9.688137054E0,-1.404199243E0
6.160849134E0,-4.746504724E-1,-9.695320129E0,-1.332373261E0
6.181034759E0,-4.219780564E-1,-9.678560257E0,-1.291671872E0
6.201222259E0,-4.076128304E-1,-9.654618263E0,-1.310825467E0
6.221411582E0,-4.483142793E-1,-9.640253067E0,-1.363497853E0
6.241602624E0,-4.890156984E-1,-9.640253067E0,-1.394622445E0
6.261795228E0,-4.961982965E-1,-9.645041466E0,-1.389834046E0
6.281989134E0,-4.698620737E-1,-9.676166534E0,-1.334767461E0
6.302184030E0,-4.243722558E-1,-9.688137054E0,-1.294066072E0
6.322379603E0,-3.980360329E-1,-9.673771858E0,-1.325190663E0
6.342575540E0,-3.980360329E-1,-9.692925453E0,-1.399410844E0
6.362770801E0,-4.028244317E-1,-9.678560257E0,-1.464054346E0
6.382962155E0,-4.147954583E-1,-9.635464668E0,-1.490390539E0
6.403147676E0,-4.076128304E-1,-9.628282547E0,-1.456871748E0
6.423330697E0,-3.908534348E-1,-9.635464668E0,-1.394622445E0
6.443514186E0,-4.387374520E-1,-9.645041466E0,-1.368286252E0
6.463698301E0,-4.914098978E-1,-9.680954933E0,-1.351526856E0
6.483883197E0,-4.961982965E-1,-9.678560257E0,-1.344344258E0
6.504068978E0,-4.938040972E-1,-9.673771858E0,-1.334767461E0
6.524255697E0,-5.129576921E-1,-9.637859344E0,-1.318008065E0
6.544443353E0,-5.033808947E-1,-9.625887871E0,-1.313219666E0
6.564631947E0,-4.291606545E-1,-9.652224541E0,-1.327584863E0
6.584821426E0,-3.501519859E-1,-9.676166534E0,-1.375468850E0
6.605011686E0,-2.663549483E-1,-9.657012939E0,-1.459265947E0
6.625202624E0,-2.424129248E-1,-9.642647743E0,-1.499967337E0
6.645424603E0,-3.070563674E-1,-9.628282547E0,-1.454477549E0
6.665597311E0,-4.578910768E-1,-9.678560257E0,-1.370680451E0
6.685770540E0,-6.446388364E-1,-9.692925453E0,-1.277306557E0
6.705944915E0,-7.787141204E-1,-9.676166534E0,-1.167173386E0
6.726120957E0,-7.571662664E-1,-9.678560257E0,-1.133654475E0
6.746299082E0,-6.039373875E-1,-9.666589737E0,-1.224634171E0
6.766479603E0,-4.267664552E-1,-9.692925453E0,-1.334767461E0
6.786692103E0,-2.831143439E-1,-9.680954933E0,-1.420958757E0
6.806903770E0,-1.897404790E-1,-9.623494148E0,-1.511938334E0
6.827103040E0,-1.227028370E-1,-9.582792282E0,-1.540668845E0
6.847296582E0,-1.322796494E-1,-9.633070946E0,-1.543063045E0
6.867484811E0,-2.376245260E-1,-9.671378136E0,-1.533486247E0
6.887662520E0,-3.980360329E-1,-9.683348656E0,-1.423352957E0
6.907840801E0,-5.177460909E-1,-9.719262123E0,-1.282094955E0
6.928020020E0,-5.560533404E-1,-9.721655846E0,-1.174355984E0
6.948200540E0,-5.081692934E-1,-9.704896927E0,-1.162384868E0
6.968382624E0,-4.626794755E-1,-9.702502251E0,-1.243787766E0
6.988566426E0,-4.076128304E-1,-9.668983459E0,-1.370680451E0
7.008752051E0,-3.740940094E-1,-9.652224541E0,-1.466448545E0
7.028939551E0,-3.429693878E-1,-9.556455612E0,-1.550245643E0
7.049128874E0,-3.166331649E-1,-9.551667213E0,-1.595735431E0
7.069319863E0,-3.070563674E-1,-9.508571625E0,-1.662773132E0
7.089512363E0,-3.166331649E-1,-9.472659111E0,-1.681926727E0
7.109706165E0,-3.333925903E-1,-9.527725220E0,-1.626860023E0
7.129900957E0,-4.076128304E-1,-9.625887871E0,-1.523909330E0
7.150111790E0,-4.650736749E-1,-9.700108528E0,-1.361103654E0
7.170302728E0,-5.177460909E-1,-9.817423820E0,-1.212663174E0
7.190490957E0,-5.321113467E-1,-9.807847023E0,-1.097741485E0
7.210679082E0,-5.081692934E-1,-9.755174637E0,-1.078587890E0
7.230861790E0,-4.339490533E-1,-9.745597839E0,-1.215057373E0
7.251044915E0,-4.100070298E-1,-9.683348656E0,-1.392228246E0
7.271228665E0,-4.243722558E-1,-9.690531731E0,-1.497573137E0
7.291413145E0,-4.698620737E-1,-9.704896927E0,-1.540668845E0
7.311598457E0,-4.435258508E-1,-9.654618263E0,-1.564610839E0
7.331784707E0,-3.573346138E-1,-9.659406662E0,-1.590947032E0
7.351971895E0,-3.022679687E-1,-9.683348656E0,-1.593341231E0
7.372160020E0,-2.998737693E-1,-9.628282547E0,-1.595735431E0
7.392349082E0,-3.286041915E-1,-9.616311073E0,-1.607706428E0
7.412538978E0,-3.932476342E-1,-9.580398560E0,-1.636436820E0
7.432729603E0,-4.602852762E-1,-9.582792282E0,-1.631648421E0
7.452920853E0,-4.554968774E-1,-9.652224541E0,-1.559822440E0
7.473112624E0,-4.171896577E-1,-9.690531731E0,-1.540668845E0
7.493304707E0,-3.812766075E-1,-9.642647743E0,-1.605312228E0
7.513496999E0,-4.076128304E-1,-9.542090416E0,-1.636436820E0
7.533700124E0,-4.459200799E-1,-9.558850288E0,-1.629254222E0
7.553878665E0,-4.818331003E-1,-9.635464668E0,-1.590947032E0
7.574057520E0,-4.794389009E-1,-9.609128952E0,-1.564610839E0
7.594237103E0,-4.674678743E-1,-9.657012939E0,-1.509544134E0
7.614417728E0,-4.674678743E-1,-9.642647743E0,-1.492784739E0
7.634599603E0,-4.938040972E-1,-9.630676270E0,-1.468842745E0
7.654782936E0,-4.674678743E-1,-9.676166534E0,-1.526303530E0
7.674967832E0,-4.171896577E-1,-9.657012939E0,-1.583764434E0
7.695154395E0,-4.028244317E-1,-9.609128952E0,-1.533486247E0
7.715342624E0,-4.626794755E-1,-9.637859344E0,-1.471236944E0
7.735532520E0,-5.297171474E-1,-9.635464668E0,-1.437718153E0
7.755723874E0,-5.105634928E-1,-9.712079048E0,-1.442506552E0
7.775916478E0,-4.171896577E-1,-9.731232643E0,-1.471236944E0
7.796110124E0,-3.453635871E-1,-9.719262123E0,-1.363497853E0
7.816304603E0,-2.017114908E-1,-9.724050522E0,-1.241393566E0
7.836499603E0,-2.454056777E-2,-9.731232643E0,-1.452083349E0
7.856694811E0,-7.481880486E-2,-9.630676270E0,-1.741781712E0
7.876889915E0,-3.573346138E-1,-9.611522675E0,-1.720233917E0
7.897078040E0,-5.297171474E-1,-9.575610161E0,-1.598129630E0
7.917260749E0,-4.387374520E-1,-9.613917351E0,-1.588552833E0
7.937443874E0,-3.238157928E-1,-9.659406662E0,-1.600523829E0
7.957627624E0,-2.902969420E-1,-9.573215485E0,-1.588552833E0
7.977812103E0,-2.879027426E-1,-9.580398560E0,-1.555034041E0
7.997997415E0,-3.716998100E-1,-9.637859344E0,-1.526303530E0
8.018183665E0,-4.890156984E-1,-9.635464668E0,-1.507149935E0
8.038370853E0,-5.201402903E-1,-9.649829865E0,-1.476025343E0
8.058558978E0,-4.794389009E-1,-9.671378136E0,-1.466448545E0
8.078748040E0,-4.124012291E-1,-9.685743332E0,-1.497573137E0
8.098937936E0,-3.573346138E-1,-9.695320129E0,-1.538274646E0
8.119128561E0,-3.669114113E-1,-9.625887871E0,-1.555034041E0
8.139319811E0,-4.602852762E-1,-9.582792282E0,-1.471236944E0
8.159526582E0,-5.225345492E-1,-9.592369080E0,-1.425747156E0
8.179710905E0,-5.560533404E-1,-9.604340553E0,-1.471236944E0
8.199895384E0,-5.129576921E-1,-9.676166534E0,-1.490390539E0
8.220080176E0,-4.147954583E-1,-9.743204117E0,-1.464054346E0
8.240265436E0,-3.884592354E-1,-9.709685326E0,-1.399410844E0
8.260451270E0,-3.956418335E-1,-9.671378136E0,-1.408987641E0
8.280637728E0,-4.339490533E-1,-9.668983459E0,-1.468842745E0
8.300824863E0,-4.818331003E-1,-9.616311073E0,-1.514332533E0
8.321012676E0,-5.632359385E-1,-9.585186958E0,-1.519120932E0
8.341201113E0,-6.159083843E-1,-9.609128952E0,-1.535880446E0
8.361390176E0,-5.799953341E-1,-9.645041466E0,-1.550245643E0
8.381579811E0,-5.153518915E-1,-9.621099472E0,-1.476025343E0
8.401769915E0,-4.674678743E-1,-9.678560257E0,-1.380257249E0
8.421960384E0,-4.363432527E-1,-9.716867447E0,-1.325190663E0
8.442151113E0,-4.578910768E-1,-9.642647743E0,-1.337161660E0
8.462341999E0,-4.746504724E-1,-9.645041466E0,-1.392228246E0
8.482538353E0,-5.177460909E-1,-9.637859344E0,-1.490390539E0
8.502728613E0,-4.794389009E-1,-9.616311073E0,-1.588552833E0
8.522907520E0,-3.812766075E-1,-9.635464668E0,-1.538274646E0
8.543086947E0,-3.405751884E-1,-9.635464668E0,-1.456871748E0
8.563267207E0,-3.669114113E-1,-9.616311073E0,-1.437718153E0
8.583448561E0,-4.100070298E-1,-9.635464668E0,-1.471236944E0
8.603631270E0,-4.626794755E-1,-9.618705750E0,-1.502361536E0
8.623815488E0,-4.985924959E-1,-9.683348656E0,-1.406593442E0
8.644001322E0,-4.746504724E-1,-9.747992516E0,-1.313219666E0
8.664188822E0,-4.363432527E-1,-9.740809441E0,-1.291671872E0
8.684377936E0,-4.100070298E-1,-9.692925453E0,-1.349132657E0
8.704568561E0,-4.602852762E-1,-9.633070946E0,-1.425747156E0
8.724760540E0,-5.033808947E-1,-9.585186958E0,-1.444900751E0
8.744953665E0,-4.961982965E-1,-9.599552155E0,-1.468842745E0
8.765147676E0,-4.554968774E-1,-9.630676270E0,-1.473631144E0
8.785342311E0,-4.195838571E-1,-9.659406662E0,-1.423352957E0
8.805537311E0,-4.219780564E-1,-9.664195061E0,-1.397016644E0
8.825731895E0,-4.219780564E-1,-9.657012939E0,-1.425747156E0
8.845922988E0,-3.908534348E-1,-9.676166534E0,-1.425747156E0
8.866108405E0,-3.693056107E-1,-9.685743332E0,-1.392228246E0
8.886291322E0,-3.884592354E-1,-9.685743332E0,-1.387439847E0
8.906474759E0,-4.243722558E-1,-9.678560257E0,-1.399410844E0
8.926658874E0,-4.339490533E-1,-9.652224541E0,-1.408987641E0
8.946843770E0,-4.219780564E-1,-9.645041466E0,-1.401805043E0
8.967029551E0,-4.147954583E-1,-9.647436142E0,-1.375468850E0
8.987216270E0,-4.124012291E-1,-9.623494148E0,-1.368286252E0
9.007403926E0,-4.626794755E-1,-9.628282547E0,-1.377863050E0
9.027592520E0,-5.081692934E-1,-9.668983459E0,-1.406593442E0
9.047781999E0,-4.578910768E-1,-9.671378136E0,-1.428141356E0
9.067972259E0,-4.076128304E-1,-9.647436142E0,-1.377863050E0
9.088163197E0,-3.812766075E-1,-9.659406662E0,-1.320402265E0
9.108354707E0,-3.740940094E-1,-9.688137054E0,-1.322796464E0
9.128546634E0,-3.429693878E-1,-9.678560257E0,-1.337161660E0
9.148759967E0,-3.549404144E-1,-9.678560257E0,-1.296460271E0
9.168933822E0,-4.052186310E-1,-9.678560257E0,-1.255758762E0
9.189108197E0,-4.554968774E-1,-9.659406662E0,-1.270123959E0
9.209283613E0,-4.674678743E-1,-9.661801338E0,-1.329979062E0
9.229460592E0,-4.411316514E-1,-9.671378136E0,-1.339555860E0
9.249639447E0,-4.219780564E-1,-9.642647743E0,-1.320402265E0
9.269820488E0,-4.363432527E-1,-9.652224541E0,-1.260547161E0
9.290003926E0,-4.171896577E-1,-9.695320129E0,-1.246181965E0
9.310189863E0,-4.028244317E-1,-9.688137054E0,-1.289277673E0
9.330378301E0,-4.291606545E-1,-9.683348656E0,-1.301248670E0
9.350569134E0,-4.195838571E-1,-9.719262123E0,-1.282094955E0
9.370762155E0,-3.836708367E-1,-9.678560257E0,-1.289277673E0
9.390957051E0,-3.956418335E-1,-9.666589737E0,-1.279700756E0
9.411153509E0,-4.626794755E-1,-9.678560257E0,-1.282094955E0
9.431351113E0,-4.890156984E-1,-9.654618263E0,-1.298854470E0
9.451549447E0,-4.435258508E-1,-9.685743332E0,-1.303642869E0
9.471748092E0,-3.932476342E-1,-9.688137054E0,-1.327584863E0
9.491944551E0,-3.549404144E-1,-9.647436142E0,-1.334767461E0
9.512132780E0,-3.381809890E-1,-9.657012939E0,-1.344344258E0
9.532320905E0,-3.740940094E-1,-9.676166534E0,-1.382651448E0
9.552519863E0,-4.363432527E-1,-9.673771858E0,-1.413776159E0
9.572697259E0,-4.914098978E-1,-9.690531731E0,-1.447294950E0
9.592875072E0,-4.578910768E-1,-9.649829865E0,-1.490390539E0
9.613053613E0,-3.908534348E-1,-9.604340553E0,-1.468842745E0
9.633233301E0,-3.573346138E-1,-9.652224541E0,-1.413776159E0
9.653414447E0,-3.549404144E-1,-9.726444244E0,-1.332373261E0
9.673597259E0,-3.429693878E-1,-9.776722908E0,-1.272518158E0
9.693781842E0,-3.453635871E-1,-9.721655846E0,-1.243787766E0
9.713968301E0,-3.908534348E-1,-9.645041466E0,-1.231816769E0
9.734156634E0,-3.764882088E-1,-9.609128952E0,-1.277306557E0
9.754346738E0,-3.621230125E-1,-9.575610161E0,-1.392228246E0
9.774538509E0,-3.716998100E-1,-9.613917351E0,-1.478419542E0
9.794731975E0,-4.124012291E-1,-9.645041466E0,-1.464054346E0
9.814926350E0,-4.602852762E-1,-9.654618263E0,-1.394622445E0
9.835121559E0,-4.794389009E-1,-9.697713852E0,-1.325190663E0
9.855317288E0,-4.507084787E-1,-9.695320129E0,-1.315613866E0
9.875513225E0,-4.124012291E-1,-9.664195061E0,-1.327584863E0
9.895708121E0,-3.669114113E-1,-9.692925453E0,-1.322796464E0
9.915896246E0,-3.645172119E-1,-9.678560257E0,-1.291671872E0
9.936078954E0,-3.908534348E-1,-9.625887871E0,-1.277306557E0
9.956262079E0,-4.626794755E-1,-9.613917351E0,-1.298854470E0
9.976445725E0,-5.560533404E-1,-9.606734276E0,-1.341950059E0
9.996630100E0,-5.656301379E-1,-9.637859344E0,-1.377863050E0
1.001681531E1,-4.411316514E-1,-9.661801338E0,-1.353921056E0
1.003700145E1,-2.783259451E-1,-9.690531731E0,-1.313219666E0
1.005718854E1,-1.897404790E-1,-9.700108528E0,-1.308431268E0
1.007737656E1,-2.328361124E-1,-9.700108528E0,-1.313219666E0
1.009756552E1,-3.238157928E-1,-9.671378136E0,-1.332373261E0
1.011775531E1,-3.812766075E-1,-9.647436142E0,-1.368286252E0
1.013794593E1,-4.052186310E-1,-9.652224541E0,-1.411381960E0
1.015815661E1,-4.219780564E-1,-9.645041466E0,-1.416170359E0
1.017834000E1,-4.219780564E-1,-9.613917351E0,-1.358709455E0
1.019852359E1,-4.243722558E-1,-9.611522675E0,-1.315613866E0
1.021870760E1,-4.483142793E-1,-9.683348656E0,-1.286883354E0
1.023889218E1,-4.674678743E-1,-9.726444244E0,-1.262941360E0
1.025907744E1,-4.794389009E-1,-9.767146111E0,-1.227028370E0
1.027926349E1,-4.339490533E-1,-9.759963036E0,-1.231816769E0
1.029945036E1,-3.645172119E-1,-9.755174637E0,-1.313219666E0
1.031963807E1,-3.070563674E-1,-9.719262123E0,-1.452083349E0
1.033982661E1,-2.950853705E-1,-9.613917351E0,-1.600523829E0
1.036001593E1,-3.094505668E-1,-9.566033363E0,-1.650802016E0
1.038020593E1,-2.831143439E-1,-9.609128952E0,-1.602918029E0
1.040039651E1,-2.663549483E-1,-9.628282547E0,-1.543063045E0
1.042058755E1,-2.950853705E-1,-9.659406662E0,-1.504755735E0
1.044077895E1,-3.405751884E-1,-9.683348656E0,-1.452083349E0
1.046097057E1,-3.621230125E-1,-9.683348656E0,-1.432929754E0
1.048116765E1,-3.716998100E-1,-9.668983459E0,-1.430535555E0
1.050135786E1,-3.956418335E-1,-9.657012939E0,-1.430535555E0
1.052153593E1,-4.602852762E-1,-9.649829865E0,-1.430535555E0
1.054171453E1,-5.033808947E-1,-9.654618263E0,-1.471236944E0
1.056189401E1,-4.746504724E-1,-9.633070946E0,-1.480813742E0
1.058207468E1,-4.387374520E-1,-9.613917351E0,-1.437718153E0
1.060225682E1,-4.291606545E-1,-9.654618263E0,-1.411381960E0
1.062244062E1,-4.195838571E-1,-9.697713852E0,-1.423352957E0
1.064262619E1,-3.788824081E-1,-9.724050522E0,-1.437718153E0
1.066281354E1,-3.333925903E-1,-9.676166534E0,-1.466448545E0
1.068300265E1,-3.309983909E-1,-9.618705750E0,-1.487996340E0
1.070319343E1,-3.764882088E-1,-9.597157478E0,-1.483207941E0
1.072338567E1,-4.243722558E-1,-9.604340553E0,-1.464054346E0
1.074357916E1,-4.507084787E-1,-9.616311073E0,-1.442506552E0
1.076377364E1,-4.554968774E-1,-9.671378136E0,-1.382651448E0
1.078396880E1,-4.195838571E-1,-9.704896927E0,-1.341950059E0
1.080416432E1,-3.429693878E-1,-9.692925453E0,-1.337161660E0
1.082435968E1,-3.190273643E-1,-9.700108528E0,-1.346738458E0
1.084455130E1,-3.980360329E-1,-9.724050522E0,-1.337161660E0
1.086473672E1,-4.770447016E-1,-9.676166534E0,-1.382651448E0
1.088491963E1,-5.009866953E-1,-9.623494148E0,-1.425747156E0
1.090510302E1,-4.722562730E-1,-9.640253067E0,-1.420958757E0
1.092528703E1,-4.459200799E-1,-9.649829865E0,-1.392228246E0
1.094547182E1,-4.387374520E-1,-9.637859344E0,-1.353921056E0
1.096565750E1,-4.076128304E-1,-9.680954933E0,-1.332373261E0
1.098584411E1,-3.980360329E-1,-9.692925453E0,-1.351526856E0
1.100603166E1,-4.004302323E-1,-9.625887871E0,-1.392228246E0
1.102622015E1,-4.315548539E-1,-9.661801338E0,-1.408987641E0
1.104640953E1,-4.674678743E-1,-9.690531731E0,-1.418564558E0
1.106659968E1,-4.794389009E-1,-9.668983459E0,-1.413776159E0
1.108679052E1,-4.483142793E-1,-9.649829865E0,-1.406593442E0
1.110698192E1,-4.052186310E-1,-9.659406662E0,-1.397016644E0
1.112717375E1,-3.764882088E-1,-9.659406662E0,-1.392228246E0
1.114739156E1,-4.219780564E-1,-9.642647743E0,-1.370680451E0
1.116756156E1,-5.129576921E-1,-9.606734276E0,-1.337161660E0
1.118773218E1,-5.776011348E-1,-9.539696693E0,-1.315613866E0
1.120790416E1,-5.416881442E-1,-9.582792282E0,-1.358709455E0
1.122807812E1,-4.267664552E-1,-9.647436142E0,-1.411381960E0
1.124825448E1,-3.501519859E-1,-9.671378136E0,-1.387439847E0
1.126843364E1,-3.238157928E-1,-9.707290649E0,-1.349132657E0
1.128861583E1,-2.807201445E-1,-9.716867447E0,-1.361103654E0
1.130880114E1,-2.232593149E-1,-9.757569313E0,-1.327584863E0
1.132898958E1,-1.705868691E-1,-9.791088104E0,-1.294066072E0
1.134918104E1,-1.921346933E-1,-9.774328232E0,-1.301248670E0
1.136937531E1,-3.094505668E-1,-9.716867447E0,-1.308431268E0
1.138957198E1,-4.435258508E-1,-9.685743332E0,-1.294066072E0
1.140977062E1,-5.177460909E-1,-9.589975357E0,-1.279700756E0
1.142997072E1,-5.249287486E-1,-9.585186958E0,-1.296460271E0
1.145017177E1,-5.728127360E-1,-9.611522675E0,-1.306037068E0
1.147037323E1,-6.637924314E-1,-9.597157478E0,-1.265335560E0
1.149057166E1,-6.326677799E-1,-9.637859344E0,-1.191115379E0
1.151075979E1,-4.722562730E-1,-9.664195061E0,-1.231816769E0
1.153095875E1,-3.501519859E-1,-9.647436142E0,-1.327584863E0
1.155113604E1,-3.166331649E-1,-9.664195061E0,-1.387439847E0
1.157131375E1,-3.669114113E-1,-9.666589737E0,-1.404199243E0
1.159149229E1,-4.004302323E-1,-9.616311073E0,-1.404199243E0
1.161167198E1,-3.214215636E-1,-9.692925453E0,-1.411381960E0
1.163185312E1,-1.969230920E-1,-9.783905029E0,-1.428141356E0
1.165203593E1,-1.274912357E-1,-9.812635422E0,-1.363497853E0
1.167222052E1,-1.705868691E-1,-9.764751434E0,-1.277306557E0
1.169240698E1,-3.022679687E-1,-9.697713852E0,-1.274912357E0
1.171259531E1,-4.076128304E-1,-9.633070946E0,-1.353921056E0
1.173278541E1,-4.483142793E-1,-9.637859344E0,-1.449689150E0
1.175297718E1,-4.459200799E-1,-9.630676270E0,-1.497573137E0
1.177317041E1,-4.483142793E-1,-9.625887871E0,-1.442506552E0
1.179336479E1,-4.650736749E-1,-9.604340553E0,-1.356315255E0
1.181356000E1,-4.770447016E-1,-9.599552155E0,-1.329979062E0
1.183375573E1,-4.363432527E-1,-9.652224541E0,-1.344344258E0
1.185395166E1,-4.004302323E-1,-9.709685326E0,-1.377863050E0
1.187414604E1,-3.573346138E-1,-9.731232643E0,-1.423352957E0
1.189433427E1,-3.453635871E-1,-9.704896927E0,-1.397016644E0
1.191452239E1,-3.453635871E-1,-9.678560257E0,-1.325190663E0
1.193470510E1,-3.286041915E-1,-9.625887871E0,-1.329979062E0
1.195488823E1,-2.639607489E-1,-9.633070946E0,-1.432929754E0
1.197507187E1,-2.160767019E-1,-9.666589737E0,-1.533486247E0
1.199525625E1,-2.448071241E-1,-9.649829865E0,-1.559822440E0
1.201544145E1,-3.477577865E-1,-9.618705750E0,-1.526303530E0
1.203562760E1,-4.387374520E-1,-9.668983459E0,-1.466448545E0
1.205581468E1,-3.932476342E-1,-9.702502251E0,-1.406593442E0
1.207600270E1,-2.879027426E-1,-9.716867447E0,-1.377863050E0
1.209619166E1,-2.376245260E-1,-9.676166534E0,-1.392228246E0
1.211638145E1,-2.831143439E-1,-9.676166534E0,-1.428141356E0
1.213657198E1,-3.262099922E-1,-9.676166534E0,-1.497573137E0
1.215678458E1,-3.166331649E-1,-9.671378136E0,-1.509544134E0
1.217696338E1,-2.974795699E-1,-9.704896927E0,-1.459265947E0
1.219714270E1,-2.855085433E-1,-9.678560257E0,-1.408987641E0
1.221732291E1,-2.950853705E-1,-9.635464668E0,-1.387439847E0
1.223750427E1,-3.022679687E-1,-9.623494148E0,-1.361103654E0
1.225768698E1,-2.974795699E-1,-9.652224541E0,-1.361103654E0
1.227787119E1,-3.070563674E-1,-9.625887871E0,-1.356315255E0
1.229805703E1,-3.453635871E-1,-9.611522675E0,-1.332373261E0
1.231824453E1,-4.124012291E-1,-9.649829865E0,-1.279700756E0
1.233843364E1,-4.650736749E-1,-9.704896927E0,-1.229422569E0
1.235862427E1,-4.459200799E-1,-9.726444244E0,-1.207874775E0
1.237881625E1,-4.147954583E-1,-9.719262123E0,-1.203086376E0
1.239900937E1,-3.932476342E-1,-9.731232643E0,-1.203086376E0
1.241920338E1,-3.381809890E-1,-9.709685326E0,-1.215057373E0
1.243939797E1,-2.663549483E-1,-9.668983459E0,-1.234210968E0
1.245959286E1,-2.472013235E-1,-9.659406662E0,-1.241393566E0
1.247978708E1,-3.046621680E-1,-9.661801338E0,-1.246181965E0
1.249997786E1,-3.621230125E-1,-9.642647743E0,-1.255758762E0
1.252017140E1,-3.621230125E-1,-9.645041466E0,-1.236605167E0
1.254035953E1,-3.645172119E-1,-9.642647743E0,-1.207874775E0
1.256053703E1,-4.339490533E-1,-9.666589737E0,-1.164779186E0
1.258071515E1,-4.722562730E-1,-9.688137054E0,-1.128866076E0
1.260089427E1,-4.746504724E-1,-9.683348656E0,-1.116895080E0
1.262107468E1,-3.980360329E-1,-9.712079048E0,-1.124077678E0
1.264125666E1,-2.783259451E-1,-9.726444244E0,-1.148019671E0
1.266144036E1,-2.136825025E-1,-9.692925453E0,-1.176750183E0
1.268162588E1,-2.424129248E-1,-9.676166534E0,-1.200692177E0
1.270181328E1,-3.142389655E-1,-9.657012939E0,-1.224634171E0
1.272200250E1,-3.333925903E-1,-9.664195061E0,-1.258152962E0
1.274219343E1,-3.429693878E-1,-9.676166534E0,-1.246181965E0
1.276238588E1,-3.477577865E-1,-9.661801338E0,-1.200692177E0
1.278257958E1,-3.573346138E-1,-9.661801338E0,-1.181538582E0
1.280277427E1,-3.908534348E-1,-9.661801338E0,-1.162384868E0
1.282296963E1,-4.124012291E-1,-9.688137054E0,-1.157596469E0
1.284316536E1,-3.788824081E-1,-9.728838921E0,-1.157596469E0
1.286336062E1,-2.998737693E-1,-9.724050522E0,-1.183932781E0
1.288355203E1,-2.136825025E-1,-9.685743332E0,-1.224634171E0
1.290373744E1,-2.160767019E-1,-9.661801338E0,-1.234210968E0
1.292392036E1,-3.309983909E-1,-9.633070946E0,-1.215057373E0
1.294410375E1,-4.626794755E-1,-9.673771858E0,-1.186326981E0
1.296428776E1,-5.057750940E-1,-9.719262123E0,-1.186326981E0
1.298447255E1,-4.483142793E-1,-9.726444244E0,-1.181538582E0
1.300465822E1,-3.477577865E-1,-9.709685326E0,-1.186326981E0
1.302484484E1,-2.759317458E-1,-9.700108528E0,-1.195903778E0
1.304503239E1,-2.639607489E-1,-9.637859344E0,-1.253364563E0
1.306522088E1,-2.902969420E-1,-9.606734276E0,-1.296460271E0
1.308541026E1,-3.429693878E-1,-9.666589737E0,-1.289277673E0
1.310560041E1,-4.004302323E-1,-9.709685326E0,-1.282094955E0
1.312579125E1,-3.812766075E-1,-9.728838921E0,-1.298854470E0
1.314601270E1,-2.879027426E-1,-9.714473724E0,-1.294066072E0
1.316618562E1,-2.160767019E-1,-9.676166534E0,-1.286883354E0
1.318635906E1,-1.921346933E-1,-9.676166534E0,-1.284489155E0
1.320653364E1,-2.064998895E-1,-9.690531731E0,-1.286883354E0
1.322670989E1,-2.472013235E-1,-9.692925453E0,-1.301248670E0
1.324688812E1,-2.950853705E-1,-9.690531731E0,-1.320402265E0
1.326706864E1,-3.381809890E-1,-9.702502251E0,-1.298854470E0
1.328725177E1,-3.812766075E-1,-9.716867447E0,-1.279700756E0
1.330743750E1,-3.860650361E-1,-9.704896927E0,-1.258152962E0
1.332762583E1,-3.501519859E-1,-9.678560257E0,-1.265335560E0
1.334781666E1,-3.070563674E-1,-9.668983459E0,-1.289277673E0
1.336800979E1,-2.831143439E-1,-9.673771858E0,-1.325190663E0
1.338820489E1,-2.663549483E-1,-9.671378136E0,-1.322796464E0
1.340840166E1,-2.998737693E-1,-9.714473724E0,-1.270123959E0
1.342859968E1,-4.124012291E-1,-9.867702484E0,-1.140837073E0
1.344879854E1,-5.297171474E-1,-9.798270226E0,-1.004367590E0
1.346899770E1,-6.039373875E-1,-9.573215485E0,-9.062053561E-1
1.348919531E1,-4.938040972E-1,-9.561244011E0,-1.023521185E0
1.350938343E1,-2.735375464E-1,-9.561244011E0,-1.329979062E0
1.352957145E1,-1.897404790E-1,-9.539696693E0,-1.468842745E0
1.354977031E1,-2.639607489E-1,-9.731232643E0,-1.327584863E0
1.356994770E1,-3.884592354E-1,-9.721655846E0,-1.164779186E0
1.359012552E1,-5.249287486E-1,-9.618705750E0,-1.114500880E0
1.361030406E1,-5.201402903E-1,-9.683348656E0,-1.207874775E0
1.363048375E1,-3.262099922E-1,-9.750386238E0,-1.392228246E0
1.365066489E1,-1.155202314E-1,-9.769539833E0,-1.447294950E0
1.367084770E1,-6.524199992E-2,-9.726444244E0,-1.325190663E0
1.369103229E1,-2.112883031E-1,-9.680954933E0,-1.169567585E0
1.371121875E1,-4.004302323E-1,-9.673771858E0,-1.126471877E0
1.373140708E1,-5.057750940E-1,-9.654618263E0,-1.215057373E0
1.375159718E1,-4.914098978E-1,-9.697713852E0,-1.334767461E0
1.377178885E1,-3.980360329E-1,-9.707290649E0,-1.337161660E0
1.379198187E1,-3.309983909E-1,-9.668983459E0,-1.272518158E0
1.381217604E1,-2.974795699E-1,-9.633070946E0,-1.248576164E0
1.383237104E1,-2.759317458E-1,-9.649829865E0,-1.267729759E0
1.385256656E1,-2.974795699E-1,-9.683348656E0,-1.296460271E0
1.387276229E1,-3.286041915E-1,-9.680954933E0,-1.325190663E0
1.389295729E1,-3.309983909E-1,-9.659406662E0,-1.322796464E0
1.391314541E1,-2.950853705E-1,-9.661801338E0,-1.329979062E0
1.393332812E1,-2.256535143E-1,-9.657012939E0,-1.339555860E0
1.395351125E1,-1.897404790E-1,-9.692925453E0,-1.320402265E0
1.397369489E1,-2.328361124E-1,-9.724050522E0,-1.265335560E0
1.399387927E1,-3.142389655E-1,-9.702502251E0,-1.224634171E0
1.401406448E1,-3.501519859E-1,-9.676166534E0,-1.200692177E0
1.403425062E1,-3.214215636E-1,-9.688137054E0,-1.215057373E0
1.405443770E1,-3.142389655E-1,-9.678560257E0,-1.229422569E0
1.407462572E1,-3.190273643E-1,-9.690531731E0,-1.250970364E0
1.409481468E1,-3.238157928E-1,-9.666589737E0,-1.262941360E0
1.411500448E1,-3.309983909E-1,-9.676166534E0,-1.236605167E0
1.413519500E1,-3.190273643E-1,-9.726444244E0,-1.246181965E0
1.415540979E1,-2.998737693E-1,-9.712079048E0,-1.296460271E0
1.417558369E1,-3.309983909E-1,-9.678560257E0,-1.329979062E0
1.419575838E1,-3.286041915E-1,-9.683348656E0,-1.337161660E0
1.421593437E1,-2.807201445E-1,-9.628282547E0,-1.356315255E0
1.423611213E1,-2.160767019E-1,-9.659406662E0,-1.349132657E0
1.425629198E1,-2.160767019E-1,-9.680954933E0,-1.325190663E0
1.427647411E1,-2.831143439E-1,-9.630676270E0,-1.279700756E0
1.429665869E1,-3.333925903E-1,-9.630676270E0,-1.241393566E0
1.431684578E1,-3.453635871E-1,-9.666589737E0,-1.253364563E0
1.433703531E1,-3.357867897E-1,-9.678560257E0,-1.272518158E0
1.435722713E1,-3.022679687E-1,-9.688137054E0,-1.294066072E0
1.437742099E1,-3.118447661E-1,-9.692925453E0,-1.301248670E0
1.439761656E1,-3.238157928E-1,-9.671378136E0,-1.313219666E0
1.441781349E1,-3.262099922E-1,-9.680954933E0,-1.327584863E0
1.443801135E1,-3.333925903E-1,-9.671378136E0,-1.363497853E0
1.445820974E1,-3.357867897E-1,-9.666589737E0,-1.365892053E0
1.447840755E1,-3.238157928E-1,-9.654618263E0,-1.373074651E0
1.449860010E1,-3.070563674E-1,-9.649829865E0,-1.370680451E0
1.451879354E1,-2.879027426E-1,-9.707290649E0,-1.387439847E0
1.453898166E1,-2.950853705E-1,-9.688137054E0,-1.385045648E0
1.455915927E1,-3.645172119E-1,-9.673771858E0,-1.385045648E0
1.457933744E1,-4.100070298E-1,-9.707290649E0,-1.387439847E0
1.459951656E1,-3.693056107E-1,-9.695320129E0,-1.394622445E0
1.461969698E1,-3.070563674E-1,-9.668983459E0,-1.344344258E0
1.463987895E1,-2.807201445E-1,-9.678560257E0,-1.289277673E0
1.466006265E1,-2.926911712E-1,-9.666589737E0,-1.289277673E0
1.468024817E1,-3.453635871E-1,-9.640253067E0,-1.349132657E0
1.470043557E1,-4.028244317E-1,-9.630676270E0,-1.406593442E0
1.472062479E1,-4.411316514E-1,-9.640253067E0,-1.408987641E0
1.474081567E1,-4.291606545E-1,-9.692925453E0,-1.363497853E0
1.476100802E1,-3.932476342E-1,-9.714473724E0,-1.282094955E0
1.478120161E1,-3.764882088E-1,-9.716867447E0,-1.241393566E0
1.480139619E1,-3.693056107E-1,-9.714473724E0,-1.265335560E0
1.482159145E1,-3.788824081E-1,-9.659406662E0,-1.318008065E0
1.484178708E1,-3.573346138E-1,-9.647436142E0,-1.337161660E0
1.486198234E1,-3.525462151E-1,-9.666589737E0,-1.322796464E0
1.488217375E1,-3.956418335E-1,-9.645041466E0,-1.301248670E0
1.490235906E1,-4.507084787E-1,-9.685743332E0,-1.289277673E0
1.492254187E1,-5.081692934E-1,-9.680954933E0,-1.284489155E0
1.494272520E1,-4.866214991E-1,-9.678560257E0,-1.279700756E0
1.496290922E1,-3.716998100E-1,-9.731232643E0,-1.298854470E0
1.498309401E1,-2.567781210E-1,-9.704896927E0,-1.306037068E0
1.500327968E1,-1.897404790E-1,-9.724050522E0,-1.291671872E0
1.502346630E1,-2.519897223E-1,-9.700108528E0,-1.286883354E0
1.504365385E1,-3.980360329E-1,-9.623494148E0,-1.310825467E0
1.506384234E1,-4.818331003E-1,-9.633070946E0,-1.353921056E0
1.508403172E1,-4.650736749E-1,-9.633070946E0,-1.382651448E0
1.510422187E1,-4.124012291E-1,-9.613917351E0,-1.351526856E0
1.512441270E1,-3.621230125E-1,-9.664195061E0,-1.282094955E0
1.514460411E1,-3.693056107E-1,-9.680954933E0,-1.270123959E0
1.516479593E1,-3.956418335E-1,-9.676166534E0,-1.224634171E0
1.518498797E1,-4.028244317E-1,-9.714473724E0,-1.195903778E0
1.520518547E1,-3.812766075E-1,-9.719262123E0,-1.191115379E0
1.522537604E1,-3.645172119E-1,-9.673771858E0,-1.200692177E0
1.524555442E1,-3.860650361E-1,-9.695320129E0,-1.217451572E0
1.526573333E1,-4.291606545E-1,-9.680954933E0,-1.250970364E0
1.528591312E1,-3.884592354E-1,-9.678560257E0,-1.277306557E0
1.530609411E1,-2.998737693E-1,-9.676166534E0,-1.294066072E0
1.532627651E1,-2.448071241E-1,-9.657012939E0,-1.277306557E0
1.534646047E1,-2.328361124E-1,-9.676166534E0,-1.217451572E0
1.536664609E1,-2.998737693E-1,-9.673771858E0,-1.200692177E0
1.538683338E1,-3.884592354E-1,-9.671378136E0,-1.222239971E0
1.540702234E1,-4.267664552E-1,-9.680954933E0,-1.212663174E0
1.542721286E1,-4.339490533E-1,-9.712079048E0,-1.212663174E0
1.544740479E1,-4.171896577E-1,-9.724050522E0,-1.227028370E0
1.546759791E1,-3.860650361E-1,-9.690531731E0,-1.217451572E0
1.548779198E1,-3.453635871E-1,-9.661801338E0,-1.195903778E0
1.550798672E1,-3.477577865E-1,-9.668983459E0,-1.195903778E0
1.552818182E1,-3.693056107E-1,-9.633070946E0,-1.248576164E0
1.554837692E1,-3.477577865E-1,-9.613917351E0,-1.282094955E0
1.556856849E1,-3.333925903E-1,-9.625887871E0,-1.250970364E0
1.558875656E1,-3.429693878E-1,-9.685743332E0,-1.203086376E0
1.560894187E1,-3.597288132E-1,-9.707290649E0,-1.169567585E0
1.562912468E1,-4.028244317E-1,-9.728838921E0,-1.164779186E0
1.564932703E1,-4.267664552E-1,-9.707290649E0,-1.164779186E0
1.566950890E1,-4.124012291E-1,-9.692925453E0,-1.169567585E0
1.568969099E1,-3.908534348E-1,-9.690531731E0,-1.174355984E0
1.570987349E1,-3.764882088E-1,-9.709685326E0,-1.205480576E0
1.573005661E1,-3.381809890E-1,-9.700108528E0,-1.246181965E0
1.575024057E1,-3.142389655E-1,-9.683348656E0,-1.253364563E0
1.577042546E1,-3.070563674E-1,-9.649829865E0,-1.229422569E0
1.579061140E1,-3.357867897E-1,-9.637859344E0,-1.229422569E0
1.581079838E1,-3.836708367E-1,-9.673771858E0,-1.250970364E0
1.583098640E1,-3.884592354E-1,-9.683348656E0,-1.294066072E0
1.585117546E1,-3.669114113E-1,-9.692925453E0,-1.306037068E0
1.587136546E1,-3.333925903E-1,-9.724050522E0,-1.260547161E0
1.589155630E1,-2.735375464E-1,-9.726444244E0,-1.215057373E0
1.591174786E1,-2.424129248E-1,-9.704896927E0,-1.231816769E0
1.593193994E1,-2.639607489E-1,-9.690531731E0,-1.301248670E0
1.595213234E1,-3.238157928E-1,-9.671378136E0,-1.339555860E0
1.597232494E1,-3.716998100E-1,-9.645041466E0,-1.361103654E0
1.599252838E1,-3.621230125E-1,-9.654618263E0,-1.404199243E0
1.601270619E1,-3.142389655E-1,-9.659406662E0,-1.389834046E0
1.603288432E1,-2.495955229E-1,-9.661801338E0,-1.358709455E0
1.605306317E1,-2.136825025E-1,-9.659406662E0,-1.346738458E0
1.607324307E1,-2.424129248E-1,-9.664195061E0,-1.339555860E0
1.609342432E1,-2.902969420E-1,-9.666589737E0,-1.341950059E0
1.611360713E1,-3.238157928E-1,-9.664195061E0,-1.337161660E0
1.613379172E1,-3.094505668E-1,-9.673771858E0,-1.320402265E0
1.615397807E1,-2.950853705E-1,-9.692925453E0,-1.315613866E0
1.617416619E1,-3.046621680E-1,-9.685743332E0,-1.318008065E0
1.619435609E1,-2.974795699E-1,-9.683348656E0,-1.320402265E0
1.621454755E1,-2.950853705E-1,-9.666589737E0,-1.349132657E0
1.623474036E1,-2.759317458E-1,-9.676166534E0,-1.380257249E0
1.625493432E1,-2.950853705E-1,-9.692925453E0,-1.387439847E0
1.627512911E1,-3.238157928E-1,-9.657012939E0,-1.385045648E0
1.629532442E1,-3.477577865E-1,-9.635464668E0,-1.399410844E0
1.631551994E1,-3.381809890E-1,-9.637859344E0,-1.418564558E0
1.633571536E1,-3.477577865E-1,-9.633070946E0,-1.420958757E0
1.635590349E1,-3.453635871E-1,-9.678560257E0,-1.373074651E0
1.637609151E1,-3.166331649E-1,-9.702502251E0,-1.329979062E0
1.639627411E1,-2.879027426E-1,-9.690531731E0,-1.310825467E0
1.641645713E1,-2.783259451E-1,-9.707290649E0,-1.291671872E0
1.643664078E1,-3.094505668E-1,-9.685743332E0,-1.289277673E0
1.645682515E1,-3.477577865E-1,-9.637859344E0,-1.322796464E0
1.647701036E1,-3.501519859E-1,-9.657012939E0,-1.373074651E0
1.649719651E1,-3.046621680E-1,-9.664195061E0,-1.413776159E0
1.651738359E1,-3.046621680E-1,-9.668983459E0,-1.380257249E0
1.653757161E1,-3.022679687E-1,-9.683348656E0,-1.327584863E0
1.655776057E1,-3.142389655E-1,-9.685743332E0,-1.332373261E0
1.657795036E1,-3.070563674E-1,-9.700108528E0,-1.373074651E0
1.659814088E1,-3.238157928E-1,-9.647436142E0,-1.430535555E0
1.661833203E1,-3.429693878E-1,-9.625887871E0,-1.444900751E0
1.663852369E1,-3.501519859E-1,-9.649829865E0,-1.423352957E0
1.665872994E1,-3.645172119E-1,-9.668983459E0,-1.377863050E0
1.667890755E1,-3.429693878E-1,-9.659406662E0,-1.368286252E0
1.669908572E1,-2.879027426E-1,-9.685743332E0,-1.356315255E0
1.671926484E1,-2.950853705E-1,-9.673771858E0,-1.353921056E0
1.673944526E1,-3.190273643E-1,-9.668983459E0,-1.382651448E0
1.675962724E1,-3.118447661E-1,-9.738415718E0,-1.444900751E0
1.677981093E1,-2.879027426E-1,-9.642647743E0,-1.480813742E0
1.679999645E1,-2.831143439E-1,-9.606734276E0,-1.449689150E0
1.682018385E1,-3.070563674E-1,-9.659406662E0,-1.401805043E0
1.684037307E1,-3.501519859E-1,-9.628282547E0,-1.399410844E0
1.686056395E1,-3.142389655E-1,-9.647436142E0,-1.418564558E0
1.688075630E1,-3.142389655E-1,-9.673771858E0,-1.418564558E0
1.690094989E1,-3.669114113E-1,-9.673771858E0,-1.368286252E0
1.692114448E1,-3.693056107E-1,-9.685743332E0,-1.322796464E0
1.694133974E1,-3.333925903E-1,-9.688137054E0,-1.358709455E0
1.696153536E1,-3.286041915E-1,-9.652224541E0,-1.392228246E0
1.698173047E1,-3.645172119E-1,-9.683348656E0,-1.420958757E0
1.700192177E1,-3.836708367E-1,-9.668983459E0,-1.437718153E0
1.702210984E1,-3.573346138E-1,-9.666589737E0,-1.435323954E0
1.704230328E1,-3.166331649E-1,-9.673771858E0,-1.428141356E0
1.706249135E1,-3.166331649E-1,-9.640253067E0,-1.416170359E0
1.708266885E1,-2.950853705E-1,-9.637859344E0,-1.425747156E0
1.710284692E1,-2.687491477E-1,-9.649829865E0,-1.459265947E0
1.712302593E1,-2.855085433E-1,-9.613917351E0,-1.478419542E0
1.714320625E1,-3.357867897E-1,-9.645041466E0,-1.461660147E0
1.716338812E1,-3.908534348E-1,-9.661801338E0,-1.454477549E0
1.718357172E1,-4.171896577E-1,-9.661801338E0,-1.449689150E0
1.720375713E1,-3.669114113E-1,-9.668983459E0,-1.437718153E0
1.722394442E1,-3.118447661E-1,-9.673771858E0,-1.401805043E0
1.724413354E1,-2.831143439E-1,-9.661801338E0,-1.370680451E0
1.726432437E1,-3.142389655E-1,-9.652224541E0,-1.375468850E0
1.728451677E1,-3.908534348E-1,-9.645041466E0,-1.418564558E0
1.730471046E1,-4.076128304E-1,-9.661801338E0,-1.428141356E0
1.732490515E1,-3.740940094E-1,-9.668983459E0,-1.394622445E0
1.734510052E1,-3.429693878E-1,-9.676166534E0,-1.344344258E0
1.736529625E1,-3.333925903E-1,-9.697713852E0,-1.327584863E0
1.738549166E1,-3.453635871E-1,-9.714473724E0,-1.368286252E0
1.740568317E1,-3.453635871E-1,-9.673771858E0,-1.404199243E0
1.742586849E1,-3.046621680E-1,-9.630676270E0,-1.399410844E0
1.744605130E1,-2.855085433E-1,-9.640253067E0,-1.373074651E0
1.746623458E1,-3.333925903E-1,-9.664195061E0,-1.351526856E0
1.748641849E1,-4.100070298E-1,-9.645041466E0,-1.399410844E0
1.750660317E1,-4.124012291E-1,-9.657012939E0,-1.464054346E0
1.752678875E1,-3.286041915E-1,-9.618705750E0,-1.425747156E0
1.754697526E1,-2.783259451E-1,-9.633070946E0,-1.337161660E0
1.756716270E1,-3.166331649E-1,-9.666589737E0,-1.289277673E0
1.758735109E1,-3.884592354E-1,-9.690531731E0,-1.267729759E0
1.760754041E1,-4.147954583E-1,-9.695320129E0,-1.286883354E0
1.762773062E1,-3.980360329E-1,-9.680954933E0,-1.294066072E0
1.764794567E1,-3.884592354E-1,-9.664195061E0,-1.260547161E0
1.766812796E1,-3.980360329E-1,-9.697713852E0,-1.250970364E0
1.768831046E1,-4.147954583E-1,-9.724050522E0,-1.282094955E0
1.770849338E1,-4.100070298E-1,-9.747992516E0,-1.303642869E0
1.772867692E1,-3.190273643E-1,-9.795876503E0,-1.306037068E0
1.774886119E1,-1.681926697E-1,-9.798270226E0,-1.397016644E0
1.776904630E1,-1.610100716E-1,-9.759963036E0,-1.478419542E0
1.778923234E1,-3.286041915E-1,-9.757569313E0,-1.411381960E0
1.780941942E1,-4.387374520E-1,-9.736021042E0,-1.332373261E0
1.782960744E1,-3.812766075E-1,-9.645041466E0,-1.358709455E0
1.784979640E1,-2.687491477E-1,-9.539696693E0,-1.430535555E0
1.786998619E1,-1.777694821E-1,-9.431957245E0,-1.514332533E0
1.789017672E1,-1.538274586E-1,-9.453505516E0,-1.574187636E0
1.791036786E1,-2.112883031E-1,-9.539696693E0,-1.511938334E0
1.793055953E1,-3.884592354E-1,-9.580398560E0,-1.373074651E0
1.795075151E1,-5.536591411E-1,-9.613917351E0,-1.227028370E0
1.797094369E1,-5.991489887E-1,-9.642647743E0,-1.112106681E0
1.799114672E1,-5.033808947E-1,-9.728838921E0,-1.054645896E0
1.801132505E1,-3.836708367E-1,-9.812635422E0,-1.042674899E0
1.803150369E1,-3.669114113E-1,-9.817423820E0,-1.028309584E0
1.805168307E1,-4.435258508E-1,-9.791088104E0,-1.037886381E0
1.807186349E1,-5.225345492E-1,-9.759963036E0,-1.059434295E0
1.809204515E1,-5.033808947E-1,-9.721655846E0,-1.121683478E0
1.811222828E1,-3.884592354E-1,-9.709685326E0,-1.215057373E0
1.813241307E1,-2.543839216E-1,-9.666589737E0,-1.308431268E0
1.815259953E1,-2.017114908E-1,-9.606734276E0,-1.394622445E0
1.817278765E1,-2.687491477E-1,-9.613917351E0,-1.428141356E0
1.819297744E1,-3.597288132E-1,-9.613917351E0,-1.382651448E0
1.821316869E1,-4.435258508E-1,-9.609128952E0,-1.310825467E0
1.823336119E1,-4.818331003E-1,-9.652224541E0,-1.260547161E0
1.825355474E1,-4.674678743E-1,-9.704896927E0,-1.246181965E0
1.827374911E1,-4.578910768E-1,-9.712079048E0,-1.236605167E0
1.829394401E1,-4.267664552E-1,-9.740809441E0,-1.224634171E0
1.831413911E1,-3.836708367E-1,-9.738415718E0,-1.215057373E0
1.833433390E1,-3.405751884E-1,-9.688137054E0,-1.212663174E0
1.835452203E1,-3.381809890E-1,-9.659406662E0,-1.217451572E0
1.837471005E1,-3.405751884E-1,-9.683348656E0,-1.272518158E0
1.839489265E1,-3.645172119E-1,-9.649829865E0,-1.325190663E0
1.841507567E1,-3.980360329E-1,-9.640253067E0,-1.310825467E0
1.843525922E1,-4.076128304E-1,-9.654618263E0,-1.277306557E0
1.845544349E1,-4.124012291E-1,-9.680954933E0,-1.255758762E0
1.847562859E1,-4.052186310E-1,-9.716867447E0,-1.248576164E0
1.849581463E1,-3.812766075E-1,-9.702502251E0,-1.248576164E0
1.851600161E1,-3.573346138E-1,-9.680954933E0,-1.234210968E0
1.853618953E1,-3.501519859E-1,-9.685743332E0,-1.250970364E0
1.855637838E1,-3.669114113E-1,-9.676166534E0,-1.255758762E0
1.857656807E1,-3.956418335E-1,-9.666589737E0,-1.253364563E0
1.859675859E1,-3.980360329E-1,-9.657012939E0,-1.255758762E0
1.861694974E1,-3.956418335E-1,-9.666589737E0,-1.243787766E0
1.863714140E1,-3.740940094E-1,-9.709685326E0,-1.231816769E0
1.865735083E1,-3.405751884E-1,-9.700108528E0,-1.234210968E0
1.867752291E1,-3.429693878E-1,-9.642647743E0,-1.238999367E0
1.869769593E1,-3.716998100E-1,-9.640253067E0,-1.217451572E0
1.871787046E1,-4.243722558E-1,-9.716867447E0,-1.186326981E0
1.873804698E1,-4.698620737E-1,-9.738415718E0,-1.188721180E0
1.875822583E1,-4.794389009E-1,-9.692925453E0,-1.195903778E0
1.877840729E1,-4.483142793E-1,-9.676166534E0,-1.193509579E0
1.879859151E1,-3.956418335E-1,-9.647436142E0,-1.188721180E0
1.881877854E1,-3.286041915E-1,-9.649829865E0,-1.195903778E0
1.883896833E1,-2.974795699E-1,-9.668983459E0,-1.205480576E0
1.885916067E1,-3.453635871E-1,-9.676166534E0,-1.227028370E0
1.887935526E1,-4.219780564E-1,-9.664195061E0,-1.238999367E0
1.889955177E1,-4.243722558E-1,-9.704896927E0,-1.217451572E0
1.891974979E1,-3.621230125E-1,-9.724050522E0,-1.207874775E0
1.893994885E1,-3.118447661E-1,-9.697713852E0,-1.229422569E0
1.896014849E1,-2.831143439E-1,-9.709685326E0,-1.270123959E0
1.898034698E1,-3.286041915E-1,-9.692925453E0,-1.260547161E0
1.900053958E1,-4.052186310E-1,-9.664195061E0,-1.191115379E0
1.902073302E1,-4.602852762E-1,-9.680954933E0,-1.138442874E0
1.904092109E1,-5.297171474E-1,-9.666589737E0,-1.157596469E0
1.906109859E1,-5.608417392E-1,-9.668983459E0,-1.174355984E0
1.908127666E1,-5.201402903E-1,-9.692925453E0,-1.186326981E0
1.910145567E1,-4.483142793E-1,-9.673771858E0,-1.210268974E0
1.912163599E1,-3.884592354E-1,-9.678560257E0,-1.229422569E0
1.914181786E1,-3.453635871E-1,-9.685743332E0,-1.246181965E0
1.916200145E1,-3.908534348E-1,-9.666589737E0,-1.234210968E0
1.918218687E1,-4.219780564E-1,-9.683348656E0,-1.210268974E0
1.920237416E1,-4.219780564E-1,-9.695320129E0,-1.215057373E0
1.922256328E1,-4.004302323E-1,-9.661801338E0,-1.219845772E0
1.924275411E1,-3.645172119E-1,-9.688137054E0,-1.236605167E0
1.926294651E1,-3.884592354E-1,-9.712079048E0,-1.258152962E0
1.928314020E1,-4.291606545E-1,-9.671378136E0,-1.241393566E0
1.930333489E1,-4.746504724E-1,-9.659406662E0,-1.222239971E0
1.932353026E1,-4.650736749E-1,-9.683348656E0,-1.234210968E0
1.934372599E1,-4.124012291E-1,-9.697713852E0,-1.255758762E0
1.936392114E1,-3.381809890E-1,-9.709685326E0,-1.250970364E0
1.938411239E1,-2.926911712E-1,-9.673771858E0,-1.262941360E0
1.940429770E1,-3.262099922E-1,-9.664195061E0,-1.270123959E0
1.942448052E1,-3.932476342E-1,-9.678560257E0,-1.282094955E0
1.944466380E1,-4.411316514E-1,-9.652224541E0,-1.313219666E0
1.946484770E1,-4.483142793E-1,-9.666589737E0,-1.322796464E0
1.948503239E1,-4.028244317E-1,-9.685743332E0,-1.301248670E0
1.950521796E1,-3.908534348E-1,-9.671378136E0,-1.224634171E0
1.952540448E1,-4.028244317E-1,-9.688137054E0,-1.186326981E0
1.954559192E1,-4.363432527E-1,-9.688137054E0,-1.183932781E0
1.956578031E1,-4.483142793E-1,-9.695320129E0,-1.195903778E0
1.958596958E1,-4.554968774E-1,-9.692925453E0,-1.215057373E0
1.960615963E1,-4.363432527E-1,-9.690531731E0,-1.241393566E0
1.962635036E1,-4.171896577E-1,-9.671378136E0,-1.255758762E0
1.964657156E1,-4.100070298E-1,-9.635464668E0,-1.255758762E0
1.966674500E1,-3.908534348E-1,-9.673771858E0,-1.253364563E0
1.968691895E1,-4.052186310E-1,-9.680954933E0,-1.258152962E0
1.970709395E1,-4.243722558E-1,-9.664195061E0,-1.258152962E0
1.972727052E1,-4.291606545E-1,-9.702502251E0,-1.248576164E0
1.974744906E1,-4.315548539E-1,-9.697713852E0,-1.260547161E0
1.976762989E1,-4.052186310E-1,-9.664195061E0,-1.250970364E0
1.978781322E1,-3.693056107E-1,-9.678560257E0,-1.236605167E0
1.980799906E1,-3.980360329E-1,-9.678560257E0,-1.234210968E0
1.982818739E1,-4.339490533E-1,-9.678560257E0,-1.253364563E0
1.984837812E1,-4.291606545E-1,-9.692925453E0,-1.286883354E0
1.986857104E1,-4.052186310E-1,-9.664195061E0,-1.298854470E0
1.988876593E1,-3.764882088E-1,-9.654618263E0,-1.274912357E0
1.990896239E1,-3.525462151E-1,-9.685743332E0,-1.277306557E0
1.992916000E1,-3.932476342E-1,-9.680954933E0,-1.289277673E0
1.994935833E1,-4.411316514E-1,-9.700108528E0,-1.274912357E0
1.996955698E1,-4.554968774E-1,-9.688137054E0,-1.286883354E0
1.998975354E1,-4.363432527E-1,-9.668983459E0,-1.274912357E0
2.000994156E1,-4.076128304E-1,-9.685743332E0,-1.243787766E0
2.003014041E1,-3.956418335E-1,-9.680954933E0,-1.246181965E0
2.005031770E1,-3.621230125E-1,-9.652224541E0,-1.289277673E0
2.007049541E1,-3.501519859E-1,-9.702502251E0,-1.313219666E0
2.009067385E1,-3.956418335E-1,-9.688137054E0,-1.308431268E0
2.011085343E1,-4.411316514E-1,-9.664195061E0,-1.301248670E0
2.013103448E1,-4.435258508E-1,-9.664195061E0,-1.310825467E0
2.015121718E1,-4.124012291E-1,-9.654618263E0,-1.308431268E0
2.017140166E1,-3.932476342E-1,-9.666589737E0,-1.294066072E0
2.019158802E1,-3.764882088E-1,-9.661801338E0,-1.272518158E0
2.021177625E1,-4.052186310E-1,-9.654618263E0,-1.234210968E0
2.023196625E1,-4.650736749E-1,-9.664195061E0,-1.219845772E0
2.025215791E1,-4.842272997E-1,-9.666589737E0,-1.241393566E0
2.027235104E1,-4.674678743E-1,-9.668983459E0,-1.236605167E0
2.029254531E1,-4.459200799E-1,-9.704896927E0,-1.200692177E0
2.031274041E1,-4.147954583E-1,-9.673771858E0,-1.179144382E0
2.033293604E1,-3.980360329E-1,-9.664195061E0,-1.181538582E0
2.035313187E1,-3.740940094E-1,-9.697713852E0,-1.224634171E0
2.037332625E1,-3.980360329E-1,-9.692925453E0,-1.255758762E0
2.039351427E1,-4.219780564E-1,-9.692925453E0,-1.246181965E0
2.041369687E1,-3.956418335E-1,-9.678560257E0,-1.229422569E0
2.043387989E1,-3.429693878E-1,-9.652224541E0,-1.212663174E0
2.045406343E1,-3.333925903E-1,-9.704896927E0,-1.219845772E0
2.047424770E1,-3.932476342E-1,-9.690531731E0,-1.229422569E0
2.049443281E1,-4.028244317E-1,-9.700108528E0,-1.227028370E0
2.051461885E1,-4.076128304E-1,-9.728838921E0,-1.212663174E0
2.053480583E1,-4.315548539E-1,-9.690531731E0,-1.186326981E0
2.055499375E1,-4.147954583E-1,-9.666589737E0,-1.183932781E0
2.057518260E1,-3.525462151E-1,-9.661801338E0,-1.241393566E0
2.059537229E1,-3.453635871E-1,-9.630676270E0,-1.286883354E0
2.061556270E1,-3.836708367E-1,-9.666589737E0,-1.260547161E0
2.063575375E1,-4.483142793E-1,-9.685743332E0,-1.207874775E0
2.065596713E1,-4.435258508E-1,-9.692925453E0,-1.174355984E0
2.067613838E1,-3.956418335E-1,-9.736021042E0,-1.193509579E0
2.069631057E1,-3.429693878E-1,-9.724050522E0,-1.250970364E0
2.071648432E1,-3.525462151E-1,-9.654618263E0,-1.262941360E0
2.073666015E1,-3.621230125E-1,-9.647436142E0,-1.282094955E0
2.075683843E1,-3.884592354E-1,-9.635464668E0,-1.274912357E0
2.077701948E1,-4.171896577E-1,-9.649829865E0,-1.227028370E0
2.079720349E1,-4.650736749E-1,-9.690531731E0,-1.195903778E0
2.081739047E1,-4.722562730E-1,-9.690531731E0,-1.183932781E0
2.083758031E1,-4.100070298E-1,-9.704896927E0,-1.176750183E0
2.085777286E1,-3.525462151E-1,-9.709685326E0,-1.198297977E0
2.087796786E1,-3.405751884E-1,-9.695320129E0,-1.227028370E0
2.089816494E1,-3.932476342E-1,-9.695320129E0,-1.231816769E0
2.091836364E1,-4.531026781E-1,-9.654618263E0,-1.238999367E0
2.093856343E1,-4.770447016E-1,-9.659406662E0,-1.229422569E0
2.095876380E1,-4.291606545E-1,-9.664195061E0,-1.241393566E0
2.097896255E1,-3.693056107E-1,-9.668983459E0,-1.238999367E0
2.099915505E1,-3.405751884E-1,-9.690531731E0,-1.200692177E0
2.101934849E1,-3.669114113E-1,-9.702502251E0,-1.183932781E0
2.103953651E1,-4.100070298E-1,-9.676166534E0,-1.167173386E0
2.105971390E1,-4.267664552E-1,-9.666589737E0,-1.198297977E0
2.107989192E1,-4.100070298E-1,-9.678560257E0,-1.248576164E0
2.110007093E1,-3.764882088E-1,-9.702502251E0,-1.277306557E0
2.112025125E1,-3.908534348E-1,-9.685743332E0,-1.241393566E0
2.114043312E1,-4.219780564E-1,-9.680954933E0,-1.169567585E0
2.116061672E1,-4.339490533E-1,-9.683348656E0,-1.148019671E0
2.118080213E1,-4.219780564E-1,-9.709685326E0,-1.167173386E0
2.120098942E1,-4.195838571E-1,-9.700108528E0,-1.215057373E0
2.122117854E1,-4.291606545E-1,-9.666589737E0,-1.207874775E0
2.124136937E1,-4.243722558E-1,-9.649829865E0,-1.198297977E0
2.126156177E1,-4.100070298E-1,-9.676166534E0,-1.212663174E0
2.128175546E1,-4.267664552E-1,-9.671378136E0,-1.234210968E0
2.130195015E1,-4.219780564E-1,-9.709685326E0,-1.222239971E0
2.132214552E1,-4.076128304E-1,-9.688137054E0,-1.222239971E0
2.134234125E1,-3.836708367E-1,-9.640253067E0,-1.238999367E0
2.136253630E1,-3.309983909E-1,-9.673771858E0,-1.238999367E0
2.138272744E1,-3.357867897E-1,-9.683348656E0,-1.200692177E0
2.140291276E1,-4.315548539E-1,-9.712079048E0,-1.145625472E0
2.142309557E1,-5.440823436E-1,-9.685743332E0,-1.126471877E0
2.144327885E1,-5.632359385E-1,-9.688137054E0,-1.169567585E0
2.146346276E1,-4.866214991E-1,-9.724050522E0,-1.193509579E0
2.148364744E1,-3.764882088E-1,-9.719262123E0,-1.162384868E0
2.150383302E1,-3.357867897E-1,-9.697713852E0,-1.107318282E0
2.152401953E1,-3.860650361E-1,-9.668983459E0,-1.148019671E0
2.154420698E1,-4.650736749E-1,-9.642647743E0,-1.246181965E0
2.156439536E1,-4.602852762E-1,-9.652224541E0,-1.308431268E0
2.158458463E1,-3.812766075E-1,-9.685743332E0,-1.270123959E0
2.160477468E1,-3.238157928E-1,-9.704896927E0,-1.188721180E0
2.162496541E1,-3.716998100E-1,-9.692925453E0,-1.128866076E0
2.164515672E1,-4.674678743E-1,-9.700108528E0,-1.121683478E0
2.166534843E1,-5.009866953E-1,-9.673771858E0,-1.174355984E0
2.168554041E1,-4.914098978E-1,-9.676166534E0,-1.224634171E0
2.170573791E1,-4.363432527E-1,-9.690531731E0,-1.217451572E0
2.172592859E1,-3.573346138E-1,-9.695320129E0,-1.179144382E0
2.174610718E1,-3.286041915E-1,-9.688137054E0,-1.159990668E0
2.176628630E1,-3.405751884E-1,-9.695320129E0,-1.174355984E0
2.178646630E1,-3.884592354E-1,-9.702502251E0,-1.198297977E0
2.180664744E1,-4.028244317E-1,-9.731232643E0,-1.234210968E0
2.182682994E1,-3.956418335E-1,-9.762357712E0,-1.236605167E0
2.184701395E1,-3.740940094E-1,-9.702502251E0,-1.164779186E0
2.186719958E1,-3.980360329E-1,-9.688137054E0,-1.112106681E0
2.188738687E1,-4.387374520E-1,-9.692925453E0,-1.188721180E0
2.190757578E1,-4.722562730E-1,-9.714473724E0,-1.260547161E0
2.192776619E1,-4.531026781E-1,-9.697713852E0,-1.270123959E0
2.194795796E1,-4.052186310E-1,-9.637859344E0,-1.234210968E0
2.196815088E1,-3.716998100E-1,-9.637859344E0,-1.181538582E0
2.198834474E1,-4.147954583E-1,-9.664195061E0,-1.152808070E0
2.200853927E1,-5.033808947E-1,-9.676166534E0,-1.155202270E0
2.202873416E1,-6.111199856E-1,-9.688137054E0,-1.138442874E0
2.204892885E1,-6.470330358E-1,-9.683348656E0,-1.128866076E0
2.206912005E1,-5.752069354E-1,-9.678560257E0,-1.152808070E0
2.208930536E1,-4.387374520E-1,-9.688137054E0,-1.143231273E0
2.210948817E1,-3.525462151E-1,-9.661801338E0,-1.109712481E0
2.212967145E1,-3.597288132E-1,-9.688137054E0,-1.097741485E0
2.214987401E1,-4.531026781E-1,-9.664195061E0,-1.133654475E0
2.217006015E1,-5.345055461E-1,-9.702502251E0,-1.150413871E0
2.219025713E1,-5.584475398E-1,-9.709685326E0,-1.159990668E0
2.221043619E1,-4.531026781E-1,-9.709685326E0,-1.138442874E0
2.223061557E1,-3.286041915E-1,-9.752780914E0,-1.102529883E0
2.225079557E1,-3.309983909E-1,-9.704896927E0,-1.095347285E0
2.227097651E1,-3.788824081E-1,-9.647436142E0,-1.143231273E0
2.229115859E1,-4.267664552E-1,-9.707290649E0,-1.203086376E0
2.231134203E1,-4.794389009E-1,-9.671378136E0,-1.224634171E0
2.233152692E1,-4.722562730E-1,-9.683348656E0,-1.174355984E0
2.235171338E1,-4.219780564E-1,-9.726444244E0,-1.152808070E0
2.237190140E1,-3.956418335E-1,-9.661801338E0,-1.167173386E0
2.239209088E1,-3.956418335E-1,-9.673771858E0,-1.162384868E0
2.241228172E1,-4.315548539E-1,-9.680954933E0,-1.181538582E0
2.243247380E1,-4.890156984E-1,-9.637859344E0,-1.174355984E0
2.245266692E1,-4.842272997E-1,-9.680954933E0,-1.152808070E0
2.247286078E1,-4.722562730E-1,-9.683348656E0,-1.138442874E0
2.249305515E1,-4.554968774E-1,-9.690531731E0,-1.097741485E0
2.251324974E1,-4.387374520E-1,-9.745597839E0,-1.088164687E0
2.253343890E1,-4.243722558E-1,-9.688137054E0,-1.162384868E0
2.255362817E1,-3.788824081E-1,-9.690531731E0,-1.164779186E0
2.257381755E1,-3.525462151E-1,-9.719262123E0,-1.145625472E0
2.259401776E1,-3.932476342E-1,-9.666589737E0,-1.150413871E0
2.261419630E1,-4.363432527E-1,-9.671378136E0,-1.136048675E0
2.263437515E1,-4.531026781E-1,-9.704896927E0,-1.174355984E0
2.265455474E1,-4.315548539E-1,-9.676166534E0,-1.186326981E0
2.267473536E1,-3.740940094E-1,-9.709685326E0,-1.150413871E0
2.269491724E1,-3.453635871E-1,-9.726444244E0,-1.112106681E0
2.271510057E1,-3.932476342E-1,-9.692925453E0,-1.059434295E0
2.273528546E1,-4.507084787E-1,-9.685743332E0,-1.114500880E0
2.275547203E1,-4.554968774E-1,-9.680954933E0,-1.210268974E0
2.277566026E1,-4.124012291E-1,-9.645041466E0,-1.207874775E0
2.279585005E1,-3.597288132E-1,-9.673771858E0,-1.157596469E0
2.281604130E1,-3.812766075E-1,-9.664195061E0,-1.152808070E0
2.283623380E1,-4.195838571E-1,-9.676166534E0,-1.131260276E0
2.285642734E1,-4.435258508E-1,-9.676166534E0,-1.136048675E0
2.287662161E1,-4.124012291E-1,-9.752780914E0,-1.148019671E0
2.289681630E1,-3.884592354E-1,-9.738415718E0,-1.174355984E0
2.291701119E1,-3.788824081E-1,-9.654618263E0,-1.207874775E0
2.293720442E1,-3.453635871E-1,-9.683348656E0,-1.164779186E0
2.295739244E1,-3.381809890E-1,-9.714473724E0,-1.157596469E0
2.297758036E1,-3.669114113E-1,-9.645041466E0,-1.215057373E0
2.299776286E1,-3.740940094E-1,-9.678560257E0,-1.198297977E0
2.301794578E1,-4.147954583E-1,-9.728838921E0,-1.174355984E0
2.303812932E1,-4.076128304E-1,-9.697713852E0,-1.179144382E0
2.305831359E1,-3.501519859E-1,-9.728838921E0,-1.179144382E0
2.307849869E1,-3.429693878E-1,-9.721655846E0,-1.203086376E0
2.309868474E1,-3.788824081E-1,-9.671378136E0,-1.210268974E0
2.311887172E1,-3.764882088E-1,-9.671378136E0,-1.229422569E0
2.313905963E1,-3.286041915E-1,-9.654618263E0,-1.241393566E0
2.315927067E1,-3.477577865E-1,-9.616311073E0,-1.200692177E0
2.317946036E1,-4.339490533E-1,-9.688137054E0,-1.198297977E0
2.319965380E1,-4.914098978E-1,-9.688137054E0,-1.191115379E0
2.321984182E1,-4.363432527E-1,-9.695320129E0,-1.181538582E0
2.324001922E1,-3.286041915E-1,-9.755174637E0,-1.186326981E0
2.326019718E1,-2.974795699E-1,-9.709685326E0,-1.164779186E0
2.328037609E1,-3.405751884E-1,-9.676166534E0,-1.131260276E0
2.330055630E1,-4.195838571E-1,-9.688137054E0,-1.155202270E0
2.332073807E1,-4.866214991E-1,-9.673771858E0,-1.222239971E0
2.334092156E1,-4.554968774E-1,-9.702502251E0,-1.265335560E0
2.336110687E1,-3.669114113E-1,-9.683348656E0,-1.243787766E0
2.338129406E1,-3.166331649E-1,-9.659406662E0,-1.181538582E0
2.340148307E1,-3.238157928E-1,-9.673771858E0,-1.191115379E0
2.342167380E1,-3.716998100E-1,-9.647436142E0,-1.250970364E0
2.344186609E1,-3.980360329E-1,-9.709685326E0,-1.262941360E0
2.346205968E1,-4.339490533E-1,-9.709685326E0,-1.229422569E0
2.348225432E1,-4.171896577E-1,-9.659406662E0,-1.169567585E0
2.350244968E1,-3.812766075E-1,-9.719262123E0,-1.164779186E0
2.352264541E1,-3.884592354E-1,-9.700108528E0,-1.212663174E0
2.354284083E1,-3.716998100E-1,-9.642647743E0,-1.236605167E0
2.356303234E1,-3.597288132E-1,-9.700108528E0,-1.243787766E0
2.358321765E1,-3.956418335E-1,-9.661801338E0,-1.231816769E0
2.360340046E1,-4.243722558E-1,-9.647436142E0,-1.195903778E0
2.362358375E1,-4.219780564E-1,-9.709685326E0,-1.224634171E0
2.364376765E1,-4.147954583E-1,-9.683348656E0,-1.243787766E0
2.366395234E1,-3.669114113E-1,-9.709685326E0,-1.222239971E0
2.368413791E1,-3.453635871E-1,-9.724050522E0,-1.229422569E0
2.370432442E1,-3.764882088E-1,-9.661801338E0,-1.207874775E0
2.372451187E1,-3.740940094E-1,-9.657012939E0,-1.210268974E0
2.374470026E1,-3.980360329E-1,-9.690531731E0,-1.243787766E0
2.376488953E1,-4.004302323E-1,-9.666589737E0,-1.222239971E0
2.378507958E1,-4.100070298E-1,-9.688137054E0,-1.179144382E0
2.380527031E1,-4.004302323E-1,-9.724050522E0,-1.191115379E0
2.382546161E1,-4.004302323E-1,-9.668983459E0,-1.203086376E0
2.384565333E1,-3.262099922E-1,-9.695320129E0,-1.203086376E0
2.386584531E1,-2.902969420E-1,-9.712079048E0,-1.243787766E0
2.388604281E1,-3.669114113E-1,-9.666589737E0,-1.241393566E0
2.390623328E1,-3.932476342E-1,-9.668983459E0,-1.222239971E0
2.392641145E1,-3.908534348E-1,-9.680954933E0,-1.243787766E0
2.394659015E1,-3.549404144E-1,-9.659406662E0,-1.255758762E0
2.396676974E1,-2.998737693E-1,-9.692925453E0,-1.229422569E0
2.398695052E1,-2.926911712E-1,-9.700108528E0,-1.224634171E0
2.400713276E1,-3.812766075E-1,-9.659406662E0,-1.193509579E0
2.402731661E1,-4.435258508E-1,-9.688137054E0,-1.195903778E0
2.404750218E1,-4.363432527E-1,-9.666589737E0,-1.236605167E0
2.406768953E1,-3.812766075E-1,-9.666589737E0,-1.222239971E0
2.408787859E1,-3.381809890E-1,-9.726444244E0,-1.198297977E0
2.410806922E1,-3.597288132E-1,-9.709685326E0,-1.200692177E0
2.412826125E1,-3.549404144E-1,-9.736021042E0,-1.203086376E0
2.414847770E1,-3.357867897E-1,-9.774328232E0,-1.246181965E0
2.416867218E1,-3.693056107E-1,-9.690531731E0,-1.274912357E0
2.418886020E1,-3.932476342E-1,-9.652224541E0,-1.284489155E0
2.420904281E1,-4.028244317E-1,-9.668983459E0,-1.322796464E0
2.422922583E1,-3.669114113E-1,-9.606734276E0,-1.370680451E0
2.424940937E1,-3.166331649E-1,-9.625887871E0,-1.399410844E0
2.426959364E1,-3.190273643E-1,-9.688137054E0,-1.382651448E0
2.428977875E1,-3.764882088E-1,-9.688137054E0,-1.310825467E0
2.430996479E1,-3.884592354E-1,-9.704896927E0,-1.277306557E0
2.433015177E1,-3.812766075E-1,-9.668983459E0,-1.320402265E0
2.435033968E1,-3.693056107E-1,-9.633070946E0,-1.308431268E0
2.437052854E1,-3.716998100E-1,-9.676166534E0,-1.253364563E0
2.439071822E1,-4.147954583E-1,-9.688137054E0,-1.241393566E0
2.441090864E1,-4.076128304E-1,-9.671378136E0,-1.219845772E0
2.443109968E1,-4.147954583E-1,-9.692925453E0,-1.195903778E0
2.445129125E1,-4.243722558E-1,-9.712079048E0,-1.193509579E0
2.447148312E1,-3.908534348E-1,-9.707290649E0,-1.171961784E0
2.449167510E1,-3.597288132E-1,-9.721655846E0,-1.179144382E0
2.451187791E1,-3.669114113E-1,-9.688137054E0,-1.174355984E0
2.453205604E1,-4.076128304E-1,-9.671378136E0,-1.164779186E0
2.455223448E1,-4.124012291E-1,-9.666589737E0,-1.198297977E0
2.457241364E1,-4.219780564E-1,-9.618705750E0,-1.205480576E0
2.459259385E1,-4.004302323E-1,-9.652224541E0,-1.167173386E0
2.461277541E1,-3.836708367E-1,-9.685743332E0,-1.136048675E0
2.463295843E1,-3.932476342E-1,-9.685743332E0,-1.116895080E0
2.465314312E1,-3.381809890E-1,-9.745597839E0,-1.116895080E0
2.467332948E1,-2.974795699E-1,-9.736021042E0,-1.104924083E0
2.469351750E1,-2.783259451E-1,-9.724050522E0,-1.112106681E0
2.471370718E1,-3.070563674E-1,-9.709685326E0,-1.159990668E0
2.473389833E1,-3.453635871E-1,-9.659406662E0,-1.229422569E0
2.475409083E1,-4.028244317E-1,-9.668983459E0,-1.231816769E0
2.477428437E1,-4.291606545E-1,-9.688137054E0,-1.195903778E0
2.479447875E1,-3.836708367E-1,-9.666589737E0,-1.171961784E0
2.481467364E1,-3.142389655E-1,-9.673771858E0,-1.152808070E0
2.483486875E1,-3.238157928E-1,-9.657012939E0,-1.162384868E0
2.485506375E1,-3.740940094E-1,-9.695320129E0,-1.162384868E0
2.487525177E1,-4.195838571E-1,-9.719262123E0,-1.181538582E0
2.489543968E1,-4.052186310E-1,-9.671378136E0,-1.210268974E0
2.491562218E1,-3.549404144E-1,-9.678560257E0,-1.167173386E0
2.493580510E1,-3.429693878E-1,-9.712079048E0,-1.164779186E0
2.495598864E1,-3.693056107E-1,-9.642647743E0,-1.198297977E0
2.497617291E1,-3.477577865E-1,-9.683348656E0,-1.200692177E0
2.499635802E1,-3.764882088E-1,-9.700108528E0,-1.229422569E0
2.501654406E1,-4.076128304E-1,-9.688137054E0,-1.224634171E0
2.503673104E1,-4.052186310E-1,-9.719262123E0,-1.200692177E0
2.505691895E1,-3.693056107E-1,-9.700108528E0,-1.200692177E0
2.507710781E1,-3.429693878E-1,-9.707290649E0,-1.205480576E0
2.509729750E1,-3.286041915E-1,-9.743204117E0,-1.246181965E0
2.511748791E1,-3.286041915E-1,-9.702502251E0,-1.313219666E0
2.513767895E1,-3.142389655E-1,-9.680954933E0,-1.344344258E0
2.515788895E1,-2.998737693E-1,-9.652224541E0,-1.361103654E0
2.517806614E1,-3.022679687E-1,-9.563638687E0,-1.337161660E0
2.519824395E1,-3.118447661E-1,-9.589975357E0,-1.277306557E0
2.521842276E1,-3.477577865E-1,-9.645041466E0,-1.224634171E0
2.523860286E1,-4.243722558E-1,-9.745597839E0,-1.157596469E0
2.525878453E1,-5.057750940E-1,-9.695320129E0,-1.080982089E0
2.527896797E1,-5.368997455E-1,-9.726444244E0,-1.047463298E0
2.529915328E1,-4.531026781E-1,-9.719262123E0,-1.071405292E0
2.531934047E1,-3.764882088E-1,-9.709685326E0,-1.102529883E0
2.533952948E1,-3.788824081E-1,-9.661801338E0,-1.162384868E0
2.535972020E1,-4.531026781E-1,-9.671378136E0,-1.222239971E0
2.537991250E1,-5.105634928E-1,-9.688137054E0,-1.210268974E0
2.540010614E1,-4.554968774E-1,-9.680954933E0,-1.167173386E0
2.542030088E1,-3.357867897E-1,-9.716867447E0,-1.145625472E0
2.544049635E1,-2.519897223E-1,-9.733627319E0,-1.148019671E0
2.546069218E1,-2.495955229E-1,-9.726444244E0,-1.210268974E0
2.548088765E1,-3.118447661E-1,-9.657012939E0,-1.298854470E0
2.550107916E1,-3.812766075E-1,-9.630676270E0,-1.308431268E0
2.552126713E1,-4.147954583E-1,-9.664195061E0,-1.246181965E0
2.554146046E1,-4.171896577E-1,-9.695320129E0,-1.186326981E0
2.556164843E1,-4.052186310E-1,-9.688137054E0,-1.167173386E0
2.558182583E1,-4.052186310E-1,-9.690531731E0,-1.183932781E0
2.560200380E1,-3.980360329E-1,-9.685743332E0,-1.203086376E0
2.562218270E1,-3.764882088E-1,-9.692925453E0,-1.200692177E0
2.564236291E1,-3.716998100E-1,-9.668983459E0,-1.210268974E0
2.566254468E1,-3.812766075E-1,-9.623494148E0,-1.250970364E0
2.568272817E1,-3.669114113E-1,-9.762357712E0,-1.274912357E0
2.570291349E1,-3.716998100E-1,-9.604340553E0,-1.296460271E0
2.572310067E1,-3.046621680E-1,-9.649829865E0,-1.250970364E0
2.574328968E1,-2.687491477E-1,-9.747992516E0,-1.210268974E0
2.576348041E1,-3.477577865E-1,-9.664195061E0,-1.148019671E0
2.578367270E1,-3.549404144E-1,-9.688137054E0,-1.119289279E0
2.580386630E1,-3.597288132E-1,-9.762357712E0,-1.186326981E0
2.582406088E1,-4.147954583E-1,-9.680954933E0,-1.162384868E0
2.584425614E1,-4.076128304E-1,-9.690531731E0,-1.092953086E0
2.586445177E1,-3.764882088E-1,-9.707290649E0,-1.143231273E0
2.588464713E1,-4.076128304E-1,-9.637859344E0,-1.171961784E0
2.590483864E1,-4.076128304E-1,-9.707290649E0,-1.186326981E0
2.592502661E1,-4.195838571E-1,-9.721655846E0,-1.222239971E0
2.594521182E1,-4.291606545E-1,-9.647436142E0,-1.181538582E0
2.596539453E1,-4.052186310E-1,-9.700108528E0,-1.152808070E0
2.598557776E1,-3.956418335E-1,-9.678560257E0,-1.155202270E0
2.600576166E1,-3.740940094E-1,-9.697713852E0,-1.140837073E0
2.602594635E1,-3.597288132E-1,-9.714473724E0,-1.193509579E0
2.604613192E1,-3.908534348E-1,-9.652224541E0,-1.198297977E0
2.606631843E1,-4.076128304E-1,-9.721655846E0,-1.162384868E0
2.608650588E1,-4.219780564E-1,-9.692925453E0,-1.169567585E0
2.610669427E1,-3.980360329E-1,-9.645041466E0,-1.179144382E0
2.612688354E1,-3.812766075E-1,-9.704896927E0,-1.176750183E0
2.614710172E1,-4.195838571E-1,-9.676166534E0,-1.176750183E0
2.616728224E1,-4.626794755E-1,-9.661801338E0,-1.138442874E0
2.618746296E1,-4.746504724E-1,-9.726444244E0,-1.121683478E0
2.620764422E1,-4.650736749E-1,-9.673771858E0,-1.150413871E0
2.622782619E1,-4.243722558E-1,-9.688137054E0,-1.157596469E0
2.624800911E1,-3.716998100E-1,-9.731232643E0,-1.157596469E0
2.626819317E1,-3.764882088E-1,-9.697713852E0,-1.133654475E0
2.628837849E1,-4.147954583E-1,-9.695320129E0,-1.116895080E0
2.630856515E1,-4.554968774E-1,-9.676166534E0,-1.140837073E0
2.632875317E1,-4.650736749E-1,-9.642647743E0,-1.186326981E0
2.634894244E1,-4.507084787E-1,-9.678560257E0,-1.183932781E0
2.636913286E1,-4.459200799E-1,-9.688137054E0,-1.193509579E0
2.638932432E1,-4.483142793E-1,-9.671378136E0,-1.181538582E0
2.640951661E1,-4.602852762E-1,-9.695320129E0,-1.143231273E0
2.642970953E1,-4.626794755E-1,-9.712079048E0,-1.157596469E0
2.644990286E1,-4.483142793E-1,-9.697713852E0,-1.171961784E0
2.647009640E1,-4.147954583E-1,-9.707290649E0,-1.181538582E0
2.649028974E1,-4.076128304E-1,-9.673771858E0,-1.215057373E0
2.651047765E1,-4.171896577E-1,-9.642647743E0,-1.198297977E0
2.653067640E1,-4.243722558E-1,-9.688137054E0,-1.188721180E0
2.655085359E1,-4.315548539E-1,-9.683348656E0,-1.205480576E0
2.657103119E1,-4.315548539E-1,-9.664195061E0,-1.203086376E0
2.659120953E1,-4.195838571E-1,-9.683348656E0,-1.174355984E0
2.661138901E1,-4.219780564E-1,-9.716867447E0,-1.155202270E0
2.663156994E1,-4.100070298E-1,-9.709685326E0,-1.171961784E0
2.665175255E1,-3.908534348E-1,-9.678560257E0,-1.205480576E0
2.667193692E1,-3.836708367E-1,-9.671378136E0,-1.186326981E0
2.669212317E1,-4.028244317E-1,-9.685743332E0,-1.164779186E0
2.671231130E1,-4.124012291E-1,-9.676166534E0,-1.181538582E0
2.673250119E1,-4.100070298E-1,-9.678560257E0,-1.217451572E0
2.675269276E1,-4.171896577E-1,-9.676166534E0,-1.191115379E0
2.677288578E1,-4.411316514E-1,-9.683348656E0,-1.157596469E0
2.679307994E1,-4.483142793E-1,-9.685743332E0,-1.138442874E0
2.681327494E1,-4.100070298E-1,-9.700108528E0,-1.155202270E0
2.683347046E1,-3.956418335E-1,-9.690531731E0,-1.162384868E0
2.685366619E1,-4.195838571E-1,-9.671378136E0,-1.150413871E0
2.687386109E1,-4.674678743E-1,-9.697713852E0,-1.143231273E0
2.689404901E1,-4.961982965E-1,-9.709685326E0,-1.169567585E0
2.691423151E1,-4.339490533E-1,-9.702502251E0,-1.203086376E0
2.693441442E1,-3.716998100E-1,-9.680954933E0,-1.224634171E0
2.695459796E1,-3.573346138E-1,-9.657012939E0,-1.229422569E0
2.697478224E1,-3.477577865E-1,-9.666589737E0,-1.224634171E0
2.699496734E1,-3.812766075E-1,-9.690531731E0,-1.217451572E0
2.701515338E1,-4.195838571E-1,-9.673771858E0,-1.217451572E0
2.703534036E1,-4.459200799E-1,-9.664195061E0,-1.212663174E0
2.705552828E1,-4.507084787E-1,-9.676166534E0,-1.215057373E0
2.707571713E1,-4.387374520E-1,-9.680954933E0,-1.207874775E0
2.709590682E1,-4.291606545E-1,-9.695320129E0,-1.186326981E0
2.711609724E1,-4.124012291E-1,-9.692925453E0,-1.164779186E0
2.713628828E1,-4.219780564E-1,-9.685743332E0,-1.124077678E0
2.715650046E1,-4.578910768E-1,-9.690531731E0,-1.104924083E0
2.717667286E1,-4.818331003E-1,-9.671378136E0,-1.131260276E0
2.719684614E1,-4.650736749E-1,-9.688137054E0,-1.162384868E0
2.721702083E1,-4.459200799E-1,-9.690531731E0,-1.150413871E0
2.723719739E1,-4.363432527E-1,-9.709685326E0,-1.131260276E0
2.725737625E1,-4.267664552E-1,-9.719262123E0,-1.121683478E0
2.727755770E1,-4.028244317E-1,-9.697713852E0,-1.150413871E0
2.729774192E1,-4.004302323E-1,-9.685743332E0,-1.167173386E0
2.731792890E1,-4.291606545E-1,-9.676166534E0,-1.191115379E0
2.733811854E1,-4.363432527E-1,-9.666589737E0,-1.219845772E0
2.735831067E1,-4.004302323E-1,-9.668983459E0,-1.229422569E0
2.737850505E1,-3.860650361E-1,-9.688137054E0,-1.193509579E0
2.739870130E1,-4.171896577E-1,-9.719262123E0,-1.145625472E0
2.741889901E1,-4.674678743E-1,-9.719262123E0,-1.131260276E0
2.743909776E1,-5.033808947E-1,-9.695320129E0,-1.138442874E0
2.745929708E1,-4.890156984E-1,-9.671378136E0,-1.152808070E0
2.747949536E1,-4.435258508E-1,-9.668983459E0,-1.195903778E0
2.749968791E1,-4.076128304E-1,-9.690531731E0,-1.231816769E0
2.751987588E1,-4.100070298E-1,-9.685743332E0,-1.229422569E0
2.754006922E1,-4.004302323E-1,-9.680954933E0,-1.238999367E0
2.756025718E1,-3.836708367E-1,-9.635464668E0,-1.274912357E0
2.758043458E1,-3.932476342E-1,-9.625887871E0,-1.310825467E0
2.760061255E1,-4.052186310E-1,-9.664195061E0,-1.294066072E0
2.762079145E1,-4.052186310E-1,-9.671378136E0,-1.265335560E0
2.764097166E1,-4.171896577E-1,-9.678560257E0,-1.238999367E0
2.766115343E1,-4.076128304E-1,-9.702502251E0,-1.229422569E0
2.768133692E1,-3.836708367E-1,-9.673771858E0,-1.229422569E0
2.770152224E1,-3.669114113E-1,-9.697713852E0,-1.231816769E0
2.772170942E1,-3.788824081E-1,-9.704896927E0,-1.188721180E0
2.774189843E1,-4.650736749E-1,-9.683348656E0,-1.155202270E0
2.776208916E1,-5.440823436E-1,-9.695320129E0,-1.174355984E0
2.778228145E1,-5.009866953E-1,-9.690531731E0,-1.205480576E0
2.780247505E1,-3.980360329E-1,-9.692925453E0,-1.224634171E0
2.782266963E1,-3.286041915E-1,-9.676166534E0,-1.241393566E0
2.784286489E1,-2.926911712E-1,-9.671378136E0,-1.279700756E0
2.786306052E1,-2.567781210E-1,-9.661801338E0,-1.339555860E0
2.788325578E1,-2.376245260E-1,-9.666589737E0,-1.420958757E0
2.790344713E1,-2.687491477E-1,-9.673771858E0,-1.435323954E0
2.792363234E1,-3.286041915E-1,-9.673771858E0,-1.368286252E0
2.794381505E1,-3.980360329E-1,-9.661801338E0,-1.303642869E0
2.796399822E1,-4.578910768E-1,-9.673771858E0,-1.260547161E0
2.798418203E1,-4.746504724E-1,-9.668983459E0,-1.238999367E0
2.800436661E1,-4.626794755E-1,-9.678560257E0,-1.231816769E0
2.802455208E1,-4.315548539E-1,-9.666589737E0,-1.215057373E0
2.804473849E1,-4.507084787E-1,-9.688137054E0,-1.210268974E0
2.806492583E1,-5.033808947E-1,-9.692925453E0,-1.250970364E0
2.808511411E1,-4.890156984E-1,-9.690531731E0,-1.265335560E0
2.810530333E1,-4.435258508E-1,-9.712079048E0,-1.238999367E0
2.812549338E1,-3.860650361E-1,-9.702502251E0,-1.229422569E0
2.814559140E1,-3.645172119E-1,-9.702502251E0,-1.267729759E0
2.816560468E1,-3.693056107E-1,-9.678560257E0,-1.325190663E0
2.818563630E1,-3.908534348E-1,-9.647436142E0,-1.375468850E0
2.820569177E1,-3.740940094E-1,-9.623494148E0,-1.382651448E0
2.822577546E1,-3.669114113E-1,-9.628282547E0,-1.358709455E0
2.824589047E1,-4.243722558E-1,-9.647436142E0,-1.289277673E0
2.826603843E1,-4.866214991E-1,-9.680954933E0,-1.234210968E0
2.828621963E1,-5.249287486E-1,-9.692925453E0,-1.212663174E0
2.830643302E1,-4.938040972E-1,-9.702502251E0,-1.229422569E0
2.832667630E1,-4.315548539E-1,-9.692925453E0,-1.248576164E0
2.834694604E1,-3.908534348E-1,-9.678560257E0,-1.241393566E0
2.836723791E1,-3.908534348E-1,-9.666589737E0,-1.260547161E0
2.838754687E1,-4.219780564E-1,-9.654618263E0,-1.289277673E0
2.840786739E1,-4.554968774E-1,-9.652224541E0,-1.286883354E0
2.842819375E1,-4.435258508E-1,-9.664195061E0,-1.277306557E0
2.844848682E1,-4.291606545E-1,-9.704896927E0,-1.272518158E0
2.846870994E1,-4.052186310E-1,-9.697713852E0,-1.250970364E0
2.848890328E1,-4.076128304E-1,-9.680954933E0,-1.238999367E0
2.850909125E1,-3.908534348E-1,-9.690531731E0,-1.260547161E0
2.852926864E1,-4.100070298E-1,-9.678560257E0,-1.301248670E0
2.854944661E1,-4.387374520E-1,-9.657012939E0,-1.341950059E0
2.856962552E1,-4.363432527E-1,-9.642647743E0,-1.332373261E0
2.858980572E1,-3.956418335E-1,-9.652224541E0,-1.303642869E0
2.860998750E1,-3.884592354E-1,-9.671378136E0,-1.282094955E0
2.863017099E1,-3.812766075E-1,-9.678560257E0,-1.279700756E0
2.865037323E1,-3.860650361E-1,-9.683348656E0,-1.277306557E0
2.867058948E1,-4.124012291E-1,-9.676166534E0,-1.284489155E0
2.869077739E1,-4.411316514E-1,-9.690531731E0,-1.289277673E0
2.871095989E1,-4.554968774E-1,-9.664195061E0,-1.270123959E0
2.873114281E1,-4.890156984E-1,-9.673771858E0,-1.227028370E0
2.875132625E1,-4.961982965E-1,-9.666589737E0,-1.188721180E0
2.877151041E1,-4.602852762E-1,-9.659406662E0,-1.198297977E0
2.879169541E1,-4.243722558E-1,-9.721655846E0,-1.191115379E0
2.881188135E1,-4.028244317E-1,-9.738415718E0,-1.179144382E0
2.883206822E1,-3.764882088E-1,-9.692925453E0,-1.215057373E0
2.885225604E1,-3.788824081E-1,-9.661801338E0,-1.284489155E0
2.887244479E1,-4.052186310E-1,-9.628282547E0,-1.334767461E0
2.889263448E1,-4.100070298E-1,-9.642647743E0,-1.337161660E0
2.891282489E1,-3.812766075E-1,-9.666589737E0,-1.320402265E0
2.893301593E1,-3.381809890E-1,-9.654618263E0,-1.294066072E0
2.895320750E1,-3.501519859E-1,-9.671378136E0,-1.255758762E0
2.897339937E1,-4.219780564E-1,-9.702502251E0,-1.227028370E0
2.899359145E1,-4.507084787E-1,-9.702502251E0,-1.272518158E0
2.901379437E1,-4.267664552E-1,-9.676166534E0,-1.296460271E0
2.903397260E1,-3.740940094E-1,-9.676166534E0,-1.282094955E0
2.905415114E1,-3.573346138E-1,-9.692925453E0,-1.248576164E0
2.907433041E1,-3.597288132E-1,-9.657012939E0,-1.265335560E0
2.909451073E1,-3.788824081E-1,-9.647436142E0,-1.286883354E0
2.911469229E1,-3.836708367E-1,-9.678560257E0,-1.294066072E0
2.913487531E1,-3.669114113E-1,-9.688137054E0,-1.289277673E0
2.915506000E1,-3.549404144E-1,-9.702502251E0,-1.274912357E0
2.917524635E1,-3.333925903E-1,-9.676166534E0,-1.279700756E0
2.919543437E1,-3.094505668E-1,-9.671378136E0,-1.274912357E0
2.921562406E1,-3.166331649E-1,-9.704896927E0,-1.279700756E0
2.923581520E1,-3.286041915E-1,-9.685743332E0,-1.329979062E0
2.925600760E1,-3.333925903E-1,-9.657012939E0,-1.365892053E0
2.927620104E1,-3.669114113E-1,-9.642647743E0,-1.298854470E0
2.929639531E1,-4.076128304E-1,-9.661801338E0,-1.236605167E0
2.931659010E1,-4.195838571E-1,-9.668983459E0,-1.243787766E0
2.933678510E1,-4.124012291E-1,-9.692925453E0,-1.286883354E0
2.935697989E1,-4.004302323E-1,-9.702502251E0,-1.291671872E0
2.937716781E1,-3.812766075E-1,-9.695320129E0,-1.310825467E0
2.939735031E1,-3.549404144E-1,-9.683348656E0,-1.298854470E0
2.941753323E1,-3.309983909E-1,-9.678560257E0,-1.260547161E0
2.943771666E1,-3.190273643E-1,-9.649829865E0,-1.277306557E0
2.945790083E1,-3.309983909E-1,-9.654618263E0,-1.339555860E0
2.947808583E1,-3.908534348E-1,-9.678560257E0,-1.385045648E0
2.949827177E1,-4.435258508E-1,-9.676166534E0,-1.397016644E0
2.951845864E1,-4.483142793E-1,-9.657012939E0,-1.337161660E0
2.953864645E1,-4.698620737E-1,-9.661801338E0,-1.217451572E0
2.955883520E1,-4.147954583E-1,-9.659406662E0,-1.167173386E0
2.957902479E1,-3.980360329E-1,-9.683348656E0,-1.217451572E0
2.959921520E1,-4.267664552E-1,-9.702502251E0,-1.315613866E0
2.961940625E1,-4.411316514E-1,-9.697713852E0,-1.339555860E0
2.963959781E1,-3.980360329E-1,-9.680954933E0,-1.253364563E0
2.965980354E1,-3.621230125E-1,-9.690531731E0,-1.186326981E0
2.967998286E1,-3.716998100E-1,-9.685743332E0,-1.219845772E0
2.970016265E1,-3.908534348E-1,-9.688137054E0,-1.294066072E0
2.972034322E1,-3.956418335E-1,-9.666589737E0,-1.344344258E0
2.974052484E1,-4.004302323E-1,-9.666589737E0,-1.320402265E0
2.976070770E1,-4.004302323E-1,-9.654618263E0,-1.272518158E0
2.978089198E1,-4.171896577E-1,-9.700108528E0,-1.267729759E0
2.980107776E1,-4.531026781E-1,-9.697713852E0,-1.318008065E0
2.982126510E1,-4.914098978E-1,-9.668983459E0,-1.358709455E0
2.984145395E1,-4.602852762E-1,-9.714473724E0,-1.365892053E0
2.986164422E1,-3.501519859E-1,-9.685743332E0,-1.344344258E0
2.988183573E1,-2.448071241E-1,-9.611522675E0,-1.332373261E0
2.990202828E1,-2.519897223E-1,-9.558850288E0,-1.408987641E0
2.992222166E1,-2.998737693E-1,-9.578003883E0,-1.528697729E0
2.994241562E1,-3.190273643E-1,-9.676166534E0,-1.478419542E0
2.996260989E1,-3.070563674E-1,-9.736021042E0,-1.274912357E0
2.998280369E1,-3.262099922E-1,-9.762357712E0,-1.085770488E0
3.000299427E1,-3.812766075E-1,-9.795876503E0,-1.033097982E0
3.002318760E1,-4.602852762E-1,-9.769539833E0,-1.095347285E0
3.004337557E1,-5.033808947E-1,-9.702502251E0,-1.258152962E0
3.006355297E1,-4.602852762E-1,-9.582792282E0,-1.430535555E0
3.008373093E1,-3.884592354E-1,-9.520543098E0,-1.478419542E0
3.010390984E1,-3.549404144E-1,-9.582792282E0,-1.413776159E0
3.012409005E1,-3.429693878E-1,-9.640253067E0,-1.310825467E0
3.014427182E1,-3.908534348E-1,-9.673771858E0,-1.174355984E0
3.016445531E1,-4.794389009E-1,-9.798270226E0,-1.073799491E0
3.018464062E1,-5.392939448E-1,-9.812635422E0,-1.083376288E0
3.020482781E1,-5.416881442E-1,-9.688137054E0,-1.133654475E0
3.022501682E1,-5.129576921E-1,-9.611522675E0,-1.188721180E0
3.024520755E1,-4.938040972E-1,-9.580398560E0,-1.277306557E0
3.026539984E1,-4.985924959E-1,-9.604340553E0,-1.327584863E0
3.028559343E1,-4.531026781E-1,-9.664195061E0,-1.327584863E0
3.030578802E1,-3.597288132E-1,-9.719262123E0,-1.291671872E0
3.032598328E1,-2.879027426E-1,-9.750386238E0,-1.212663174E0
3.034617890E1,-2.591723204E-1,-9.719262123E0,-1.183932781E0
3.036637401E1,-2.855085433E-1,-9.688137054E0,-1.241393566E0
3.038656520E1,-3.118447661E-1,-9.692925453E0,-1.353921056E0
3.040675041E1,-3.645172119E-1,-9.690531731E0,-1.385045648E0
3.042693312E1,-4.076128304E-1,-9.640253067E0,-1.303642869E0
3.044711630E1,-4.507084787E-1,-9.654618263E0,-1.198297977E0
3.046730010E1,-4.938040972E-1,-9.666589737E0,-1.174355984E0
3.048748468E1,-5.368997455E-1,-9.697713852E0,-1.222239971E0
3.050767015E1,-5.297171474E-1,-9.714473724E0,-1.227028370E0
3.052785656E1,-4.938040972E-1,-9.714473724E0,-1.195903778E0
3.054804390E1,-4.698620737E-1,-9.666589737E0,-1.207874775E0
3.056823218E1,-4.746504724E-1,-9.654618263E0,-1.229422569E0
3.058842135E1,-4.938040972E-1,-9.659406662E0,-1.260547161E0
3.060861135E1,-5.057750940E-1,-9.657012939E0,-1.284489155E0
3.062880208E1,-4.794389009E-1,-9.676166534E0,-1.279700756E0
3.064901656E1,-4.195838571E-1,-9.695320129E0,-1.241393566E0
3.066919635E1,-3.453635871E-1,-9.688137054E0,-1.222239971E0
3.068937645E1,-3.046621680E-1,-9.680954933E0,-1.258152962E0
3.070955718E1,-3.453635871E-1,-9.673771858E0,-1.320402265E0
3.072973875E1,-3.884592354E-1,-9.661801338E0,-1.377863050E0
3.074992135E1,-4.243722558E-1,-9.664195061E0,-1.339555860E0
3.077010520E1,-4.483142793E-1,-9.676166534E0,-1.253364563E0
3.079029041E1,-4.674678743E-1,-9.676166534E0,-1.198297977E0
3.081047698E1,-4.770447016E-1,-9.673771858E0,-1.212663174E0
3.083066489E1,-4.554968774E-1,-9.712079048E0,-1.248576164E0
3.085085416E1,-4.387374520E-1,-9.697713852E0,-1.267729759E0
3.087104468E1,-4.147954583E-1,-9.659406662E0,-1.255758762E0
3.089123625E1,-4.291606545E-1,-9.680954933E0,-1.246181965E0
3.091142875E1,-4.531026781E-1,-9.683348656E0,-1.265335560E0
3.093162198E1,-4.602852762E-1,-9.678560257E0,-1.279700756E0
3.095181562E1,-4.363432527E-1,-9.695320129E0,-1.270123959E0
3.097200948E1,-4.100070298E-1,-9.704896927E0,-1.267729759E0
3.099221416E1,-4.052186310E-1,-9.671378136E0,-1.255758762E0
3.101239135E1,-3.980360329E-1,-9.671378136E0,-1.236605167E0
3.103256895E1,-4.171896577E-1,-9.680954933E0,-1.238999367E0
3.105274729E1,-4.626794755E-1,-9.671378136E0,-1.274912357E0
3.107292677E1,-4.961982965E-1,-9.654618263E0,-1.301248670E0
3.109310770E1,-5.129576921E-1,-9.640253067E0,-1.267729759E0
3.111329031E1,-4.961982965E-1,-9.642647743E0,-1.207874775E0
3.113347468E1,-4.483142793E-1,-9.652224541E0,-1.167173386E0
3.115366093E1,-4.315548539E-1,-9.695320129E0,-1.136048675E0
3.117384906E1,-4.554968774E-1,-9.736021042E0,-1.092953086E0
3.119403895E1,-5.081692934E-1,-9.733627319E0,-1.107318282E0
3.121423052E1,-5.297171474E-1,-9.700108528E0,-1.191115379E0
3.123442354E1,-4.842272997E-1,-9.659406662E0,-1.289277673E0
3.125461770E1,-4.483142793E-1,-9.616311073E0,-1.349132657E0
3.127481270E1,-4.626794755E-1,-9.601945877E0,-1.349132657E0
3.129500823E1,-4.554968774E-1,-9.659406662E0,-1.318008065E0
3.131520395E1,-4.291606545E-1,-9.676166534E0,-1.274912357E0
3.133539843E1,-3.836708367E-1,-9.683348656E0,-1.236605167E0
3.135558635E1,-3.357867897E-1,-9.724050522E0,-1.207874775E0
3.137576885E1,-3.549404144E-1,-9.712079048E0,-1.195903778E0
3.139595177E1,-3.980360329E-1,-9.688137054E0,-1.179144382E0
3.141613520E1,-4.315548539E-1,-9.661801338E0,-1.217451572E0
3.143631937E1,-4.100070298E-1,-9.645041466E0,-1.265335560E0
3.145650437E1,-3.621230125E-1,-9.676166534E0,-1.236605167E0
3.147669031E1,-3.262099922E-1,-9.690531731E0,-1.174355984E0
3.149687718E1,-3.621230125E-1,-9.695320129E0,-1.121683478E0
3.151706500E1,-4.100070298E-1,-9.733627319E0,-1.097741485E0
3.153725375E1,-4.315548539E-1,-9.757569313E0,-1.088164687E0
3.155744333E1,-4.674678743E-1,-9.716867447E0,-1.138442874E0
3.157763364E1,-4.914098978E-1,-9.659406662E0,-1.241393566E0
3.159782458E1,-4.698620737E-1,-9.633070946E0,-1.327584863E0
3.161801604E1,-4.219780564E-1,-9.640253067E0,-1.380257249E0
3.163820781E1,-4.076128304E-1,-9.635464668E0,-1.370680451E0
3.165841448E1,-4.219780564E-1,-9.668983459E0,-1.303642869E0
3.167858468E1,-3.932476342E-1,-9.702502251E0,-1.255758762E0
3.169875588E1,-3.477577865E-1,-9.719262123E0,-1.284489155E0
3.171892875E1,-3.309983909E-1,-9.678560257E0,-1.334767461E0
3.173910380E1,-3.405751884E-1,-9.668983459E0,-1.332373261E0
3.175928145E1,-3.956418335E-1,-9.637859344E0,-1.284489155E0
3.177946203E1,-4.602852762E-1,-9.630676270E0,-1.260547161E0
3.179964567E1,-4.722562730E-1,-9.630676270E0,-1.262941360E0
3.181983244E1,-4.818331003E-1,-9.635464668E0,-1.260547161E0
3.184002229E1,-4.650736749E-1,-9.673771858E0,-1.210268974E0
3.186021500E1,-4.459200799E-1,-9.731232643E0,-1.131260276E0
3.188041026E1,-4.554968774E-1,-9.779116631E0,-1.059434295E0
3.190060770E1,-4.794389009E-1,-9.700108528E0,-1.052251697E0
3.192080687E1,-5.057750940E-1,-9.661801338E0,-1.102529883E0
3.194100724E1,-4.938040972E-1,-9.671378136E0,-1.229422569E0
3.196120823E1,-4.818331003E-1,-9.633070946E0,-1.337161660E0
3.198140760E1,-4.866214991E-1,-9.700108528E0,-1.320402265E0
3.200160036E1,-4.770447016E-1,-9.697713852E0,-1.255758762E0
3.202179369E1,-4.602852762E-1,-9.685743332E0,-1.219845772E0
3.204198161E1,-3.549404144E-1,-9.676166534E0,-1.258152962E0
3.206215890E1,-2.663549483E-1,-9.657012939E0,-1.296460271E0
3.208233682E1,-2.950853705E-1,-9.680954933E0,-1.291671872E0
3.210251572E1,-3.788824081E-1,-9.685743332E0,-1.313219666E0
3.212269593E1,-4.483142793E-1,-9.589975357E0,-1.327584863E0
3.214287770E1,-4.459200799E-1,-9.692925453E0,-1.327584863E0
3.216306119E1,-4.243722558E-1,-9.728838921E0,-1.322796464E0
3.218324651E1,-4.124012291E-1,-9.673771858E0,-1.329979062E0
3.220343369E1,-3.549404144E-1,-9.688137054E0,-1.346738458E0
3.222362270E1,-3.142389655E-1,-9.702502251E0,-1.370680451E0
3.224381343E1,-3.166331649E-1,-9.683348656E0,-1.346738458E0
3.226400573E1,-3.525462151E-1,-9.688137054E0,-1.318008065E0
3.228419932E1,-3.860650361E-1,-9.652224541E0,-1.377863050E0
3.230439390E1,-4.052186310E-1,-9.628282547E0,-1.420958757E0
3.232458916E1,-3.908534348E-1,-9.637859344E0,-1.399410844E0
3.234478479E1,-3.525462151E-1,-9.637859344E0,-1.346738458E0
3.236497989E1,-3.453635871E-1,-9.664195061E0,-1.306037068E0
3.238517114E1,-3.932476342E-1,-9.685743332E0,-1.325190663E0
3.240535911E1,-4.195838571E-1,-9.637859344E0,-1.356315255E0
3.242554432E1,-3.932476342E-1,-9.657012939E0,-1.341950059E0
3.244572703E1,-3.142389655E-1,-9.697713852E0,-1.318008065E0
3.246591020E1,-3.022679687E-1,-9.690531731E0,-1.303642869E0
3.248609401E1,-3.525462151E-1,-9.692925453E0,-1.313219666E0
3.250627859E1,-4.124012291E-1,-9.683348656E0,-1.332373261E0
3.252646406E1,-4.004302323E-1,-9.654618263E0,-1.353921056E0
3.254665046E1,-3.549404144E-1,-9.657012939E0,-1.385045648E0
3.256683781E1,-3.262099922E-1,-9.683348656E0,-1.408987641E0
3.258702609E1,-3.693056107E-1,-9.642647743E0,-1.404199243E0
3.260721526E1,-3.836708367E-1,-9.635464668E0,-1.387439847E0
3.262740520E1,-3.740940094E-1,-9.649829865E0,-1.397016644E0
3.264762364E1,-3.932476342E-1,-9.659406662E0,-1.389834046E0
3.266780229E1,-3.716998100E-1,-9.680954933E0,-1.385045648E0
3.268798125E1,-3.381809890E-1,-9.695320129E0,-1.365892053E0
3.270816083E1,-3.166331649E-1,-9.647436142E0,-1.325190663E0
3.272834135E1,-3.525462151E-1,-9.640253067E0,-1.315613866E0
3.274852312E1,-3.956418335E-1,-9.659406662E0,-1.313219666E0
3.276870635E1,-4.219780564E-1,-9.712079048E0,-1.308431268E0
3.278889114E1,-4.052186310E-1,-9.747992516E0,-1.334767461E0
3.280907760E1,-3.956418335E-1,-9.704896927E0,-1.361103654E0
3.282926572E1,-3.693056107E-1,-9.683348656E0,-1.358709455E0
3.284945541E1,-3.549404144E-1,-9.671378136E0,-1.370680451E0
3.286964656E1,-3.621230125E-1,-9.616311073E0,-1.401805043E0
3.288983895E1,-3.549404144E-1,-9.613917351E0,-1.425747156E0
3.291003239E1,-3.286041915E-1,-9.649829865E0,-1.408987641E0
3.293022656E1,-3.166331649E-1,-9.654618263E0,-1.356315255E0
3.295042114E1,-3.549404144E-1,-9.683348656E0,-1.286883354E0
3.297061593E1,-4.219780564E-1,-9.700108528E0,-1.291671872E0
3.299080916E1,-4.363432527E-1,-9.678560257E0,-1.310825467E0
3.301099718E1,-4.171896577E-1,-9.690531731E0,-1.320402265E0
3.303118510E1,-3.597288132E-1,-9.671378136E0,-1.329979062E0
3.305138385E1,-3.309983909E-1,-9.642647743E0,-1.356315255E0
3.307156093E1,-3.238157928E-1,-9.659406662E0,-1.341950059E0
3.309173843E1,-3.429693878E-1,-9.664195061E0,-1.337161660E0
3.311191677E1,-3.597288132E-1,-9.664195061E0,-1.361103654E0
3.313209625E1,-3.597288132E-1,-9.692925453E0,-1.380257249E0
3.315227718E1,-3.453635871E-1,-9.680954933E0,-1.370680451E0
3.317245979E1,-3.214215636E-1,-9.678560257E0,-1.341950059E0
3.319264416E1,-3.333925903E-1,-9.702502251E0,-1.353921056E0
3.321283041E1,-3.597288132E-1,-9.657012939E0,-1.363497853E0
3.323301854E1,-3.812766075E-1,-9.628282547E0,-1.373074651E0
3.325320843E1,-4.076128304E-1,-9.642647743E0,-1.368286252E0
3.327340000E1,-4.435258508E-1,-9.635464668E0,-1.334767461E0
3.329359302E1,-4.554968774E-1,-9.652224541E0,-1.298854470E0
3.331378718E1,-4.267664552E-1,-9.657012939E0,-1.272518158E0
3.333398218E1,-3.740940094E-1,-9.692925453E0,-1.248576164E0
3.335417770E1,-3.453635871E-1,-9.738415718E0,-1.265335560E0
3.337437343E1,-3.788824081E-1,-9.707290649E0,-1.294066072E0
3.339456791E1,-3.812766075E-1,-9.683348656E0,-1.308431268E0
3.341475583E1,-3.286041915E-1,-9.680954933E0,-1.301248670E0
3.343493833E1,-3.238157928E-1,-9.645041466E0,-1.284489155E0
3.345512125E1,-3.693056107E-1,-9.640253067E0,-1.286883354E0
3.347530468E1,-4.411316514E-1,-9.671378136E0,-1.327584863E0
3.349548885E1,-4.698620737E-1,-9.671378136E0,-1.370680451E0
3.351567385E1,-4.219780564E-1,-9.680954933E0,-1.353921056E0
3.353585979E1,-3.525462151E-1,-9.673771858E0,-1.286883354E0
3.355604666E1,-3.453635871E-1,-9.671378136E0,-1.236605167E0
3.357623448E1,-4.339490533E-1,-9.683348656E0,-1.243787766E0
3.359642322E1,-5.129576921E-1,-9.668983459E0,-1.301248670E0
3.361661281E1,-5.177460909E-1,-9.666589737E0,-1.332373261E0
3.363680312E1,-4.674678743E-1,-9.661801338E0,-1.308431268E0
3.365707109E1,-3.860650361E-1,-9.642647743E0,-1.284489155E0
3.367719890E1,-3.238157928E-1,-9.692925453E0,-1.286883354E0
3.369732911E1,-3.262099922E-1,-9.702502251E0,-1.310825467E0
3.371746390E1,-3.860650361E-1,-9.676166534E0,-1.334767461E0
3.373760526E1,-4.267664552E-1,-9.659406662E0,-1.320402265E0
3.375775474E1,-4.052186310E-1,-9.668983459E0,-1.308431268E0
3.377791359E1,-3.453635871E-1,-9.652224541E0,-1.339555860E0
3.379808255E1,-3.238157928E-1,-9.659406662E0,-1.356315255E0
3.381826192E1,-3.621230125E-1,-9.673771858E0,-1.318008065E0
3.383845172E1,-4.243722558E-1,-9.637859344E0,-1.301248670E0
3.385865140E1,-4.818331003E-1,-9.640253067E0,-1.291671872E0
3.387886015E1,-4.794389009E-1,-9.671378136E0,-1.284489155E0
3.389907672E1,-4.076128304E-1,-9.716867447E0,-1.274912357E0
3.391929963E1,-3.357867897E-1,-9.714473724E0,-1.236605167E0
3.393952724E1,-3.525462151E-1,-9.709685326E0,-1.200692177E0
3.395975776E1,-4.315548539E-1,-9.700108528E0,-1.207874775E0
3.397998942E1,-4.818331003E-1,-9.671378136E0,-1.296460271E0
3.400020588E1,-4.483142793E-1,-9.659406662E0,-1.373074651E0
3.402039380E1,-3.716998100E-1,-9.666589737E0,-1.363497853E0
3.404059255E1,-3.501519859E-1,-9.633070946E0,-1.279700756E0
3.406076963E1,-3.908534348E-1,-9.707290649E0,-1.217451572E0
3.408094713E1,-4.147954583E-1,-9.661801338E0,-1.291671872E0
3.410112546E1,-3.908534348E-1,-9.645041466E0,-1.349132657E0
3.412130494E1,-3.573346138E-1,-9.745597839E0,-1.318008065E0
3.414148588E1,-3.716998100E-1,-9.683348656E0,-1.267729759E0
3.416166849E1,-3.573346138E-1,-9.657012939E0,-1.210268974E0
3.418185286E1,-3.980360329E-1,-9.690531731E0,-1.236605167E0
3.420203911E1,-4.650736749E-1,-9.621099472E0,-1.294066072E0
3.422222724E1,-4.674678743E-1,-9.657012939E0,-1.294066072E0
3.424241713E1,-4.315548539E-1,-9.695320129E0,-1.272518158E0
3.426260869E1,-4.459200799E-1,-9.642647743E0,-1.219845772E0
3.428280172E1,-4.291606545E-1,-9.671378136E0,-1.222239971E0
3.430299588E1,-4.219780564E-1,-9.695320129E0,-1.291671872E0
3.432319088E1,-4.100070298E-1,-9.697713852E0,-1.258152962E0
3.434338640E1,-3.764882088E-1,-9.695320129E0,-1.250970364E0
3.436358213E1,-3.812766075E-1,-9.647436142E0,-1.286883354E0
3.438377651E1,-3.980360329E-1,-9.623494148E0,-1.238999367E0
3.440396442E1,-4.531026781E-1,-9.666589737E0,-1.241393566E0
3.442414692E1,-5.081692934E-1,-9.645041466E0,-1.255758762E0
3.444432984E1,-4.794389009E-1,-9.664195061E0,-1.222239971E0
3.446451328E1,-4.004302323E-1,-9.697713852E0,-1.200692177E0
3.448469744E1,-3.573346138E-1,-9.683348656E0,-1.191115379E0
3.450488244E1,-3.357867897E-1,-9.704896927E0,-1.183932781E0
3.452506838E1,-3.477577865E-1,-9.709685326E0,-1.205480576E0
3.454525526E1,-3.860650361E-1,-9.654618263E0,-1.227028370E0
3.456544307E1,-3.788824081E-1,-9.657012939E0,-1.243787766E0
3.458563182E1,-3.980360329E-1,-9.695320129E0,-1.260547161E0
3.460582140E1,-3.884592354E-1,-9.688137054E0,-1.262941360E0
3.462601172E1,-3.812766075E-1,-9.724050522E0,-1.255758762E0
3.464620265E1,-4.004302323E-1,-9.695320129E0,-1.248576164E0
3.466639411E1,-4.435258508E-1,-9.642647743E0,-1.224634171E0
3.468658588E1,-4.363432527E-1,-9.654618263E0,-1.241393566E0
3.470677786E1,-4.243722558E-1,-9.654618263E0,-1.289277673E0
3.472698067E1,-4.195838571E-1,-9.661801338E0,-1.255758762E0
3.474715922E1,-4.315548539E-1,-9.697713852E0,-1.183932781E0
3.476733807E1,-4.842272997E-1,-9.707290649E0,-1.119289279E0
3.478751765E1,-5.584475398E-1,-9.721655846E0,-1.069011092E0
3.480769817E1,-6.183025837E-1,-9.721655846E0,-1.104924083E0
3.482787994E1,-5.847837925E-1,-9.721655846E0,-1.246181965E0
3.484806317E1,-4.243722558E-1,-9.659406662E0,-1.389834046E0
3.486824796E1,-2.879027426E-1,-9.609128952E0,-1.452083349E0
3.488843442E1,-2.519897223E-1,-9.573215485E0,-1.476025343E0
3.490862255E1,-2.519897223E-1,-9.558850288E0,-1.519120932E0
3.492881224E1,-2.280477136E-1,-9.551667213E0,-1.504755735E0
3.494900338E1,-2.687491477E-1,-9.637859344E0,-1.368286252E0
3.496919578E1,-3.645172119E-1,-9.719262123E0,-1.205480576E0
3.498938922E1,-4.195838571E-1,-9.815030098E0,-1.085770488E0
3.500958338E1,-4.171896577E-1,-9.836577415E0,-1.025915384E0
3.502977796E1,-3.693056107E-1,-9.731232643E0,-1.114500880E0
3.504997276E1,-2.926911712E-1,-9.755174637E0,-1.248576164E0
3.507016619E1,-3.501519859E-1,-9.649829865E0,-1.274912357E0
3.509035411E1,-4.219780564E-1,-9.556455612E0,-1.222239971E0
3.511053661E1,-4.578910768E-1,-9.673771858E0,-1.138442874E0
3.513071953E1,-5.680243373E-1,-9.752780914E0,-1.045069098E0
3.515090296E1,-6.398503780E-1,-9.721655846E0,-1.004367590E0
3.517108713E1,-5.895721912E-1,-9.745597839E0,-1.078587890E0
3.519127213E1,-4.770447016E-1,-9.688137054E0,-1.215057373E0
3.521145807E1,-3.932476342E-1,-9.635464668E0,-1.282094955E0
3.523164494E1,-4.100070298E-1,-9.685743332E0,-1.234210968E0
3.525183276E1,-5.488707423E-1,-9.587580681E0,-1.169567585E0
3.527202151E1,-6.398503780E-1,-9.642647743E0,-1.109712481E0
3.529221109E1,-6.542156339E-1,-9.757569313E0,-1.116895080E0
3.531240151E1,-5.728127360E-1,-9.728838921E0,-1.145625472E0
3.533259255E1,-4.267664552E-1,-9.676166534E0,-1.186326981E0
3.535278411E1,-3.477577865E-1,-9.623494148E0,-1.212663174E0
3.537297599E1,-4.028244317E-1,-9.568427086E0,-1.267729759E0
3.539316807E1,-5.033808947E-1,-9.673771858E0,-1.313219666E0
3.541337099E1,-5.057750940E-1,-9.678560257E0,-1.296460271E0
3.543354911E1,-3.764882088E-1,-9.664195061E0,-1.234210968E0
3.545372755E1,-2.807201445E-1,-9.764751434E0,-1.150413871E0
3.547390672E1,-2.831143439E-1,-9.752780914E0,-1.131260276E0
3.549408692E1,-3.022679687E-1,-9.652224541E0,-1.193509579E0
3.551426838E1,-2.855085433E-1,-9.680954933E0,-1.356315255E0
3.553445130E1,-2.855085433E-1,-9.680954933E0,-1.473631144E0
3.555463588E1,-3.333925903E-1,-9.623494148E0,-1.416170359E0
3.557482224E1,-3.693056107E-1,-9.628282547E0,-1.238999367E0
3.559501026E1,-4.052186310E-1,-9.692925453E0,-1.167173386E0
3.561519994E1,-4.602852762E-1,-9.769539833E0,-1.162384868E0
3.563539109E1,-4.243722558E-1,-9.764751434E0,-1.195903778E0
3.565558359E1,-3.621230125E-1,-9.716867447E0,-1.272518158E0
3.567577713E1,-3.597288132E-1,-9.654618263E0,-1.296460271E0
3.569597151E1,-3.956418335E-1,-9.601945877E0,-1.320402265E0
3.571616640E1,-3.860650361E-1,-9.563638687E0,-1.368286252E0
3.573636151E1,-3.932476342E-1,-9.558850288E0,-1.382651448E0
3.575655619E1,-4.028244317E-1,-9.652224541E0,-1.349132657E0
3.577674411E1,-3.860650361E-1,-9.707290649E0,-1.284489155E0
3.579692661E1,-3.549404144E-1,-9.721655846E0,-1.198297977E0
3.581710953E1,-2.926911712E-1,-9.740809441E0,-1.174355984E0
3.583729296E1,-2.615665495E-1,-9.714473724E0,-1.193509579E0
3.585747713E1,-2.902969420E-1,-9.690531731E0,-1.222239971E0
3.587766213E1,-3.381809890E-1,-9.704896927E0,-1.267729759E0
3.589784807E1,-4.100070298E-1,-9.676166534E0,-1.284489155E0
3.591803494E1,-4.315548539E-1,-9.666589737E0,-1.267729759E0
3.593822276E1,-4.291606545E-1,-9.652224541E0,-1.265335560E0
3.595841151E1,-4.028244317E-1,-9.657012939E0,-1.284489155E0
3.597860109E1,-3.118447661E-1,-9.733627319E0,-1.361103654E0
3.599879151E1,-2.879027426E-1,-9.659406662E0,-1.375468850E0
3.601898255E1,-3.621230125E-1,-9.668983459E0,-1.294066072E0
3.603917411E1,-4.052186310E-1,-9.683348656E0,-1.296460271E0
3.605936599E1,-4.339490533E-1,-9.661801338E0,-1.308431268E0
3.607955807E1,-3.788824081E-1,-9.680954933E0,-1.308431268E0
3.609976099E1,-3.190273643E-1,-9.680954933E0,-1.306037068E0
3.611993932E1,-3.429693878E-1,-9.685743332E0,-1.291671872E0
3.614011796E1,-4.052186310E-1,-9.659406662E0,-1.258152962E0
3.616029734E1,-4.267664552E-1,-9.688137054E0,-1.229422569E0
3.618047776E1,-4.243722558E-1,-9.685743332E0,-1.231816769E0
3.620065942E1,-4.004302323E-1,-9.659406662E0,-1.255758762E0
3.622084255E1,-3.693056107E-1,-9.673771858E0,-1.286883354E0
3.624102724E1,-3.788824081E-1,-9.647436142E0,-1.289277673E0
3.626121359E1,-4.291606545E-1,-9.649829865E0,-1.274912357E0
3.628140161E1,-4.842272997E-1,-9.676166534E0,-1.241393566E0
3.630159119E1,-4.866214991E-1,-9.685743332E0,-1.191115379E0
3.632178224E1,-4.387374520E-1,-9.697713852E0,-1.176750183E0
3.634197453E1,-3.884592354E-1,-9.702502251E0,-1.195903778E0
3.636216786E1,-3.740940094E-1,-9.676166534E0,-1.210268974E0
3.638236203E1,-3.860650361E-1,-9.714473724E0,-1.236605167E0
3.640255672E1,-4.219780564E-1,-9.666589737E0,-1.289277673E0
3.642275161E1,-4.219780564E-1,-9.616311073E0,-1.296460271E0
3.644294109E1,-3.932476342E-1,-9.683348656E0,-1.274912357E0
3.646313067E1,-4.171896577E-1,-9.683348656E0,-1.284489155E0
3.648333109E1,-3.932476342E-1,-9.661801338E0,-1.279700756E0
3.650351036E1,-3.309983909E-1,-9.721655846E0,-1.274912357E0
3.652368994E1,-3.453635871E-1,-9.685743332E0,-1.274912357E0
3.654387015E1,-3.764882088E-1,-9.709685326E0,-1.229422569E0
3.656405130E1,-4.004302323E-1,-9.709685326E0,-1.272518158E0
3.658423359E1,-4.531026781E-1,-9.604340553E0,-1.303642869E0
3.660441724E1,-4.387374520E-1,-9.642647743E0,-1.267729759E0
3.662460234E1,-4.100070298E-1,-9.702502251E0,-1.262941360E0
3.664478890E1,-3.908534348E-1,-9.676166534E0,-1.229422569E0
3.666497692E1,-3.788824081E-1,-9.714473724E0,-1.193509579E0
3.668516640E1,-4.052186310E-1,-9.714473724E0,-1.203086376E0
3.670535724E1,-4.076128304E-1,-9.673771858E0,-1.231816769E0
3.672554922E1,-3.836708367E-1,-9.726444244E0,-1.274912357E0
3.674574213E1,-4.004302323E-1,-9.692925453E0,-1.274912357E0
3.676593578E1,-4.339490533E-1,-9.640253067E0,-1.241393566E0
3.678612984E1,-4.052186310E-1,-9.673771858E0,-1.291671872E0
3.680632411E1,-3.812766075E-1,-9.633070946E0,-1.349132657E0
3.682651755E1,-4.028244317E-1,-9.661801338E0,-1.339555860E0
3.684670557E1,-4.507084787E-1,-9.728838921E0,-1.322796464E0
3.686689349E1,-4.770447016E-1,-9.671378136E0,-1.262941360E0
3.688707599E1,-4.650736749E-1,-9.685743332E0,-1.200692177E0
3.690725890E1,-4.028244317E-1,-9.668983459E0,-1.236605167E0
3.692744234E1,-3.693056107E-1,-9.637859344E0,-1.267729759E0
3.694762651E1,-3.884592354E-1,-9.668983459E0,-1.289277673E0
3.696781151E1,-4.267664552E-1,-9.657012939E0,-1.282094955E0
3.698799744E1,-4.291606545E-1,-9.664195061E0,-1.222239971E0
3.700818432E1,-4.028244317E-1,-9.707290649E0,-1.195903778E0
3.702837213E1,-3.884592354E-1,-9.692925453E0,-1.203086376E0
3.704856088E1,-3.860650361E-1,-9.690531731E0,-1.224634171E0
3.706875046E1,-3.836708367E-1,-9.726444244E0,-1.236605167E0
3.708894088E1,-4.124012291E-1,-9.688137054E0,-1.210268974E0
3.710913192E1,-4.602852762E-1,-9.664195061E0,-1.203086376E0
3.712932349E1,-5.153518915E-1,-9.680954933E0,-1.229422569E0
3.714951536E1,-5.297171474E-1,-9.673771858E0,-1.227028370E0
3.716970744E1,-4.411316514E-1,-9.671378136E0,-1.210268974E0
3.718991036E1,-3.477577865E-1,-9.654618263E0,-1.171961784E0
3.721008869E1,-3.501519859E-1,-9.652224541E0,-1.148019671E0
3.723026734E1,-4.147954583E-1,-9.695320129E0,-1.198297977E0
3.725044672E1,-4.794389009E-1,-9.712079048E0,-1.258152962E0
3.727062713E1,-4.507084787E-1,-9.690531731E0,-1.258152962E0
3.729080880E1,-3.525462151E-1,-9.688137054E0,-1.236605167E0
3.731099192E1,-3.166331649E-1,-9.659406662E0,-1.215057373E0
3.733117661E1,-3.621230125E-1,-9.673771858E0,-1.193509579E0
3.735136296E1,-4.411316514E-1,-9.676166534E0,-1.191115379E0
3.737155099E1,-5.009866953E-1,-9.666589737E0,-1.207874775E0
3.739174057E1,-4.985924959E-1,-9.671378136E0,-1.217451572E0
3.741193161E1,-4.291606545E-1,-9.697713852E0,-1.200692177E0
3.743212390E1,-3.693056107E-1,-9.685743332E0,-1.186326981E0
3.745231724E1,-3.764882088E-1,-9.671378136E0,-1.198297977E0
3.747251140E1,-4.435258508E-1,-9.678560257E0,-1.215057373E0
3.749270609E1,-4.626794755E-1,-9.659406662E0,-1.243787766E0
3.751290099E1,-4.171896577E-1,-9.666589737E0,-1.236605167E0
3.753309578E1,-3.812766075E-1,-9.668983459E0,-1.224634171E0
3.755328369E1,-3.884592354E-1,-9.671378136E0,-1.205480576E0
3.757346619E1,-4.195838571E-1,-9.690531731E0,-1.207874775E0
3.759364911E1,-4.435258508E-1,-9.695320129E0,-1.227028370E0
3.761383255E1,-4.435258508E-1,-9.695320129E0,-1.217451572E0
3.763401672E1,-4.028244317E-1,-9.709685326E0,-1.203086376E0
3.765420172E1,-3.693056107E-1,-9.707290649E0,-1.217451572E0
3.767438765E1,-3.309983909E-1,-9.606734276E0,-1.260547161E0
3.769457453E1,-3.118447661E-1,-9.659406662E0,-1.301248670E0
3.771476234E1,-3.716998100E-1,-9.726444244E0,-1.318008065E0
3.773495109E1,-4.243722558E-1,-9.678560257E0,-1.308431268E0
3.775514067E1,-3.645172119E-1,-9.678560257E0,-1.277306557E0
3.777533109E1,-3.429693878E-1,-9.642647743E0,-1.231816769E0
3.779552213E1,-4.076128304E-1,-9.635464668E0,-1.219845772E0
3.781571369E1,-4.650736749E-1,-9.690531731E0,-1.246181965E0
3.783590557E1,-4.938040972E-1,-9.714473724E0,-1.243787766E0
3.785609765E1,-4.626794755E-1,-9.733627319E0,-1.203086376E0
3.787630057E1,-3.764882088E-1,-9.733627319E0,-1.195903778E0
3.789647880E1,-3.549404144E-1,-9.692925453E0,-1.215057373E0
3.791665734E1,-4.028244317E-1,-9.666589737E0,-1.262941360E0
3.793683661E1,-4.698620737E-1,-9.647436142E0,-1.358709455E0
3.795701692E1,-4.698620737E-1,-9.625887871E0,-1.416170359E0
3.797719849E1,-3.908534348E-1,-9.640253067E0,-1.425747156E0
3.799738151E1,-3.046621680E-1,-9.649829865E0,-1.432929754E0
3.801756619E1,-2.950853705E-1,-9.601945877E0,-1.399410844E0
3.803775255E1,-3.477577865E-1,-9.616311073E0,-1.322796464E0
3.805794057E1,-4.243722558E-1,-9.642647743E0,-1.238999367E0
3.807813026E1,-4.794389009E-1,-9.697713852E0,-1.145625472E0
3.809832140E1,-4.770447016E-1,-9.728838921E0,-1.054645896E0
3.811851380E1,-4.602852762E-1,-9.716867447E0,-1.025915384E0
3.813870724E1,-4.028244317E-1,-9.733627319E0,-1.073799491E0
3.815890151E1,-3.573346138E-1,-9.750386238E0,-1.107318282E0
3.817909630E1,-3.908534348E-1,-9.724050522E0,-1.085770488E0
3.819929130E1,-4.507084787E-1,-9.690531731E0,-1.088164687E0
3.821948588E1,-4.363432527E-1,-9.645041466E0,-1.159990668E0
3.823967380E1,-3.860650361E-1,-9.623494148E0,-1.260547161E0
3.825985630E1,-3.693056107E-1,-9.683348656E0,-1.329979062E0
3.828003922E1,-3.405751884E-1,-9.719262123E0,-1.334767461E0
3.830022265E1,-2.591723204E-1,-9.719262123E0,-1.291671872E0
3.832040682E1,-1.897404790E-1,-9.700108528E0,-1.229422569E0
3.834059182E1,-2.783259451E-1,-9.659406662E0,-1.188721180E0
3.836077776E1,-4.746504724E-1,-9.630676270E0,-1.152808070E0
3.838096463E1,-6.230909824E-1,-9.688137054E0,-1.107318282E0
3.840115244E1,-6.446388364E-1,-9.769539833E0,-1.049857497E0
3.842134119E1,-5.273229480E-1,-9.779116631E0,-1.052251697E0
3.844153078E1,-3.956418335E-1,-9.740809441E0,-1.131260276E0
3.846172109E1,-3.477577865E-1,-9.671378136E0,-1.198297977E0
3.848191203E1,-3.980360329E-1,-9.654618263E0,-1.234210968E0
3.850210349E1,-4.866214991E-1,-9.628282547E0,-1.282094955E0
3.852229526E1,-5.225345492E-1,-9.597157478E0,-1.375468850E0
3.854248724E1,-4.674678743E-1,-9.611522675E0,-1.442506552E0
3.856269005E1,-3.573346138E-1,-9.611522675E0,-1.473631144E0
3.858286869E1,-3.166331649E-1,-9.635464668E0,-1.392228246E0
3.860304765E1,-3.453635871E-1,-9.683348656E0,-1.274912357E0
3.862322724E1,-4.147954583E-1,-9.664195061E0,-1.253364563E0
3.864340776E1,-4.459200799E-1,-9.647436142E0,-1.253364563E0
3.866358953E1,-4.770447016E-1,-9.733627319E0,-1.227028370E0
3.868377276E1,-5.273229480E-1,-9.736021042E0,-1.198297977E0
3.870395755E1,-5.368997455E-1,-9.690531731E0,-1.164779186E0
3.872414401E1,-4.818331003E-1,-9.695320129E0,-1.200692177E0
3.874433213E1,-4.507084787E-1,-9.661801338E0,-1.274912357E0
3.876452182E1,-4.507084787E-1,-9.661801338E0,-1.298854470E0
3.878471297E1,-4.195838571E-1,-9.654618263E0,-1.308431268E0
3.880490536E1,-4.052186310E-1,-9.637859344E0,-1.294066072E0
3.882509880E1,-4.147954583E-1,-9.649829865E0,-1.282094955E0
3.884529297E1,-4.554968774E-1,-9.671378136E0,-1.315613866E0
3.886548755E1,-4.626794755E-1,-9.664195061E0,-1.339555860E0
3.888568234E1,-4.315548539E-1,-9.688137054E0,-1.296460271E0
3.890587557E1,-4.195838571E-1,-9.685743332E0,-1.260547161E0
3.892606359E1,-4.243722558E-1,-9.661801338E0,-1.243787766E0
3.894625151E1,-4.124012291E-1,-9.668983459E0,-1.229422569E0
3.896643401E1,-3.908534348E-1,-9.661801338E0,-1.253364563E0
3.898661692E1,-3.956418335E-1,-9.716867447E0,-1.291671872E0
3.900680036E1,-4.219780564E-1,-9.642647743E0,-1.320402265E0
3.902698453E1,-3.908534348E-1,-9.704896927E0,-1.248576164E0
3.904716953E1,-3.884592354E-1,-9.707290649E0,-1.219845772E0
3.906735547E1,-4.363432527E-1,-9.654618263E0,-1.250970364E0
3.908754234E1,-4.267664552E-1,-9.654618263E0,-1.265335560E0
3.910773015E1,-4.124012291E-1,-9.654618263E0,-1.279700756E0
3.912791890E1,-4.052186310E-1,-9.645041466E0,-1.253364563E0
3.914810849E1,-3.621230125E-1,-9.702502251E0,-1.238999367E0
3.916829880E1,-3.286041915E-1,-9.740809441E0,-1.282094955E0
3.918848974E1,-3.333925903E-1,-9.695320129E0,-1.294066072E0
3.920868119E1,-3.357867897E-1,-9.692925453E0,-1.301248670E0
3.922887296E1,-3.286041915E-1,-9.676166534E0,-1.315613866E0
3.924906494E1,-3.286041915E-1,-9.633070946E0,-1.313219666E0
3.926926776E1,-3.884592354E-1,-9.664195061E0,-1.320402265E0
3.928944630E1,-4.746504724E-1,-9.647436142E0,-1.308431268E0
3.930962515E1,-5.153518915E-1,-9.652224541E0,-1.274912357E0
3.932980463E1,-4.914098978E-1,-9.692925453E0,-1.248576164E0
3.934998505E1,-4.531026781E-1,-9.668983459E0,-1.231816769E0
3.937016672E1,-4.004302323E-1,-9.685743332E0,-1.246181965E0
3.939034984E1,-3.860650361E-1,-9.692925453E0,-1.282094955E0
3.941053453E1,-4.076128304E-1,-9.657012939E0,-1.322796464E0
3.943072088E1,-4.171896577E-1,-9.671378136E0,-1.329979062E0
3.945090890E1,-3.932476342E-1,-9.668983459E0,-1.325190663E0
3.947109849E1,-3.956418335E-1,-9.652224541E0,-1.301248670E0
3.949128953E1,-4.267664552E-1,-9.685743332E0,-1.301248670E0
3.951148182E1,-4.124012291E-1,-9.690531731E0,-1.318008065E0
3.953167515E1,-3.932476342E-1,-9.683348656E0,-1.308431268E0
3.955186932E1,-3.621230125E-1,-9.676166534E0,-1.322796464E0
3.957206401E1,-3.956418335E-1,-9.666589737E0,-1.320402265E0
3.959225890E1,-4.435258508E-1,-9.664195061E0,-1.291671872E0
3.961245307E1,-4.339490533E-1,-9.664195061E0,-1.277306557E0
3.963264099E1,-4.100070298E-1,-9.676166534E0,-1.260547161E0
3.965282349E1,-4.052186310E-1,-9.702502251E0,-1.250970364E0
3.967300640E1,-4.076128304E-1,-9.707290649E0,-1.250970364E0
3.969318984E1,-4.339490533E-1,-9.659406662E0,-1.241393566E0
3.971337401E1,-4.435258508E-1,-9.654618263E0,-1.267729759E0
3.973355901E1,-4.650736749E-1,-9.673771858E0,-1.286883354E0
3.975374494E1,-4.770447016E-1,-9.685743332E0,-1.277306557E0
3.977393182E1,-4.507084787E-1,-9.695320129E0,-1.246181965E0
3.979411963E1,-4.387374520E-1,-9.707290649E0,-1.238999367E0
3.981430838E1,-4.147954583E-1,-9.702502251E0,-1.255758762E0
3.983449797E1,-3.884592354E-1,-9.690531731E0,-1.274912357E0
3.985468828E1,-3.836708367E-1,-9.657012939E0,-1.291671872E0
3.987487922E1,-4.100070298E-1,-9.645041466E0,-1.282094955E0
3.989507067E1,-4.315548539E-1,-9.668983459E0,-1.294066072E0
3.991526244E1,-4.531026781E-1,-9.683348656E0,-1.301248670E0
3.993545442E1,-4.411316514E-1,-9.683348656E0,-1.286883354E0
3.995565724E1,-3.956418335E-1,-9.712079048E0,-1.267729759E0
3.997583557E1,-3.836708367E-1,-9.664195061E0,-1.258152962E0
3.999601422E1,-3.716998100E-1,-9.645041466E0,-1.277306557E0
4.001619359E1,-3.573346138E-1,-9.661801338E0,-1.286883354E0
4.003637401E1,-4.195838571E-1,-9.635464668E0,-1.253364563E0
4.005655567E1,-5.009866953E-1,-9.664195061E0,-1.215057373E0
4.007673880E1,-5.033808947E-1,-9.719262123E0,-1.207874775E0
4.009692349E1,-4.267664552E-1,-9.690531731E0,-1.200692177E0
4.011710984E1,-3.453635871E-1,-9.700108528E0,-1.203086376E0
4.013729786E1,-3.453635871E-1,-9.697713852E0,-1.215057373E0
4.015748744E1,-4.195838571E-1,-9.668983459E0,-1.193509579E0
4.017767849E1,-4.770447016E-1,-9.652224541E0,-1.222239971E0
4.019787078E1,-4.866214991E-1,-9.645041466E0,-1.284489155E0
4.021806411E1,-4.315548539E-1,-9.661801338E0,-1.284489155E0
4.023825828E1,-3.908534348E-1,-9.697713852E0,-1.243787766E0
4.025845297E1,-3.812766075E-1,-9.714473724E0,-1.193509579E0
4.027864786E1,-4.100070298E-1,-9.704896927E0,-1.167173386E0
4.029884224E1,-4.459200799E-1,-9.680954933E0,-1.191115379E0
4.031903015E1,-4.626794755E-1,-9.666589737E0,-1.224634171E0
4.033921265E1,-4.578910768E-1,-9.683348656E0,-1.241393566E0
4.035939557E1,-4.507084787E-1,-9.676166534E0,-1.219845772E0
4.037957901E1,-4.554968774E-1,-9.657012939E0,-1.183932781E0
4.039976317E1,-4.554968774E-1,-9.654618263E0,-1.186326981E0
4.041994817E1,-4.291606545E-1,-9.714473724E0,-1.222239971E0
4.044013411E1,-4.219780564E-1,-9.688137054E0,-1.210268974E0
4.046032099E1,-4.315548539E-1,-9.683348656E0,-1.167173386E0
4.048050880E1,-4.435258508E-1,-9.671378136E0,-1.176750183E0
4.050069755E1,-4.435258508E-1,-9.625887871E0,-1.181538582E0
4.052088713E1,-4.435258508E-1,-9.704896927E0,-1.195903778E0
4.054107744E1,-4.459200799E-1,-9.704896927E0,-1.219845772E0
4.056126838E1,-4.315548539E-1,-9.688137054E0,-1.205480576E0
4.058145984E1,-3.956418335E-1,-9.724050522E0,-1.140837073E0
4.060165161E1,-3.812766075E-1,-9.726444244E0,-1.136048675E0
4.062184359E1,-3.812766075E-1,-9.714473724E0,-1.210268974E0
4.064204640E1,-4.004302323E-1,-9.697713852E0,-1.262941360E0
4.066222463E1,-4.267664552E-1,-9.661801338E0,-1.270123959E0
4.068240317E1,-4.171896577E-1,-9.661801338E0,-1.270123959E0
4.070258244E1,-4.124012291E-1,-9.657012939E0,-1.284489155E0
4.072276276E1,-4.363432527E-1,-9.661801338E0,-1.250970364E0
4.074294432E1,-4.411316514E-1,-9.683348656E0,-1.219845772E0
4.076312734E1,-4.387374520E-1,-9.685743332E0,-1.258152962E0
4.078331203E1,-4.195838571E-1,-9.661801338E0,-1.270123959E0
4.080349838E1,-4.147954583E-1,-9.664195061E0,-1.267729759E0
4.082368640E1,-4.387374520E-1,-9.666589737E0,-1.262941360E0
4.084387599E1,-4.435258508E-1,-9.666589737E0,-1.260547161E0
4.086406703E1,-4.147954583E-1,-9.695320129E0,-1.246181965E0
4.088425932E1,-4.147954583E-1,-9.702502251E0,-1.224634171E0
4.090445265E1,-4.411316514E-1,-9.702502251E0,-1.183932781E0
4.092464682E1,-4.722562730E-1,-9.692925453E0,-1.174355984E0
4.094484151E1,-4.698620737E-1,-9.676166534E0,-1.212663174E0
4.096503640E1,-4.363432527E-1,-9.680954933E0,-1.270123959E0
4.098523119E1,-4.028244317E-1,-9.652224541E0,-1.265335560E0
4.100541911E1,-4.100070298E-1,-9.661801338E0,-1.203086376E0
4.102560161E1,-4.339490533E-1,-9.685743332E0,-1.157596469E0
4.104578453E1,-4.602852762E-1,-9.673771858E0,-1.155202270E0
4.106596797E1,-4.602852762E-1,-9.673771858E0,-1.179144382E0
4.108615213E1,-4.602852762E-1,-9.724050522E0,-1.191115379E0
4.110633713E1,-4.602852762E-1,-9.700108528E0,-1.203086376E0
4.112652307E1,-4.267664552E-1,-9.680954933E0,-1.207874775E0
4.114670994E1,-3.980360329E-1,-9.664195061E0,-1.193509579E0
4.116689776E1,-4.171896577E-1,-9.645041466E0,-1.186326981E0
4.118708651E1,-4.650736749E-1,-9.664195061E0,-1.191115379E0
4.120727609E1,-4.722562730E-1,-9.688137054E0,-1.186326981E0
4.122746640E1,-4.387374520E-1,-9.712079048E0,-1.162384868E0
4.124765734E1,-4.100070298E-1,-9.721655846E0,-1.133654475E0
4.126784880E1,-3.908534348E-1,-9.709685326E0,-1.131260276E0
4.128804057E1,-3.836708367E-1,-9.695320129E0,-1.183932781E0
4.130823255E1,-3.836708367E-1,-9.704896927E0,-1.262941360E0
4.132843536E1,-4.052186310E-1,-9.657012939E0,-1.277306557E0
4.134861349E1,-4.315548539E-1,-9.640253067E0,-1.238999367E0
4.136879192E1,-4.100070298E-1,-9.654618263E0,-1.195903778E0
4.138897109E1,-3.932476342E-1,-9.685743332E0,-1.171961784E0
4.140915130E1,-4.195838571E-1,-9.719262123E0,-1.148019671E0
4.142933276E1,-4.387374520E-1,-9.743204117E0,-1.164779186E0
4.144951567E1,-4.267664552E-1,-9.714473724E0,-1.169567585E0
4.146970026E1,-3.908534348E-1,-9.695320129E0,-1.176750183E0
4.148988651E1,-3.932476342E-1,-9.673771858E0,-1.198297977E0
4.151007442E1,-4.387374520E-1,-9.659406662E0,-1.222239971E0
4.153026401E1,-4.602852762E-1,-9.647436142E0,-1.222239971E0
4.155045505E1,-4.315548539E-1,-9.668983459E0,-1.193509579E0
4.157064744E1,-4.028244317E-1,-9.695320129E0,-1.119289279E0
4.159084088E1,-3.932476342E-1,-9.700108528E0,-1.078587890E0
4.161103515E1,-3.980360329E-1,-9.688137054E0,-1.078587890E0
4.163122994E1,-4.267664552E-1,-9.678560257E0,-1.107318282E0
4.165142494E1,-4.483142793E-1,-9.714473724E0,-1.155202270E0
4.167161984E1,-3.836708367E-1,-9.704896927E0,-1.181538582E0
4.169180776E1,-2.926911712E-1,-9.680954933E0,-1.171961784E0
4.171199026E1,-3.142389655E-1,-9.654618263E0,-1.138442874E0
4.173217317E1,-3.836708367E-1,-9.673771858E0,-1.136048675E0
4.175235661E1,-4.291606545E-1,-9.666589737E0,-1.181538582E0
4.177254078E1,-4.363432527E-1,-9.685743332E0,-1.186326981E0
4.179272578E1,-4.219780564E-1,-9.726444244E0,-1.148019671E0
4.181291172E1,-3.884592354E-1,-9.733627319E0,-1.116895080E0
4.183309859E1,-3.645172119E-1,-9.745597839E0,-1.102529883E0
4.185328640E1,-3.740940094E-1,-9.707290649E0,-1.114500880E0
4.187347515E1,-3.908534348E-1,-9.666589737E0,-1.131260276E0
4.189366474E1,-4.004302323E-1,-9.647436142E0,-1.174355984E0
4.191385505E1,-4.219780564E-1,-9.673771858E0,-1.222239971E0
4.193404599E1,-4.124012291E-1,-9.685743332E0,-1.217451572E0
4.195423744E1,-3.716998100E-1,-9.673771858E0,-1.183932781E0
4.197442922E1,-3.453635871E-1,-9.688137054E0,-1.152808070E0
4.199462119E1,-3.477577865E-1,-9.702502251E0,-1.181538582E0
4.201482401E1,-3.812766075E-1,-9.704896927E0,-1.219845772E0
4.203500203E1,-4.124012291E-1,-9.704896927E0,-1.215057373E0
4.205518036E1,-4.267664552E-1,-9.664195061E0,-1.215057373E0
4.207535942E1,-4.315548539E-1,-9.659406662E0,-1.236605167E0
4.209553953E1,-4.171896577E-1,-9.666589737E0,-1.262941360E0
4.211572099E1,-3.932476342E-1,-9.678560257E0,-1.262941360E0
4.213590401E1,-3.932476342E-1,-9.707290649E0,-1.241393566E0
4.215608869E1,-4.100070298E-1,-9.692925453E0,-1.231816769E0
4.217627505E1,-4.195838571E-1,-9.668983459E0,-1.215057373E0
4.219646307E1,-4.147954583E-1,-9.676166534E0,-1.231816769E0
4.221665276E1,-4.171896577E-1,-9.673771858E0,-1.262941360E0
4.223684390E1,-4.267664552E-1,-9.671378136E0,-1.250970364E0
4.225703630E1,-4.315548539E-1,-9.688137054E0,-1.217451572E0
4.227722974E1,-4.267664552E-1,-9.680954933E0,-1.207874775E0
4.229742401E1,-4.195838571E-1,-9.685743332E0,-1.217451572E0
4.231761880E1,-4.076128304E-1,-9.688137054E0,-1.200692177E0
4.233781380E1,-4.052186310E-1,-9.692925453E0,-1.179144382E0
4.235800828E1,-4.124012291E-1,-9.709685326E0,-1.174355984E0
4.237819619E1,-4.219780564E-1,-9.714473724E0,-1.176750183E0
4.239837869E1,-4.147954583E-1,-9.700108528E0,-1.148019671E0
4.241856161E1,-4.171896577E-1,-9.680954933E0,-1.152808070E0
4.243874505E1,-4.243722558E-1,-9.690531731E0,-1.203086376E0
4.245892922E1,-4.339490533E-1,-9.685743332E0,-1.258152962E0
4.247911422E1,-4.267664552E-1,-9.666589737E0,-1.255758762E0
4.249930015E1,-4.100070298E-1,-9.642647743E0,-1.236605167E0
4.251948703E1,-3.573346138E-1,-9.664195061E0,-1.219845772E0
4.253967484E1,-3.453635871E-1,-9.707290649E0,-1.227028370E0
4.255986359E1,-3.956418335E-1,-9.680954933E0,-1.238999367E0
4.258005317E1,-4.171896577E-1,-9.688137054E0,-1.215057373E0
4.260024349E1,-4.004302323E-1,-9.704896927E0,-1.186326981E0
4.262043442E1,-4.004302323E-1,-9.695320129E0,-1.162384868E0
4.264062588E1,-4.076128304E-1,-9.709685326E0,-1.143231273E0
4.266081765E1,-4.411316514E-1,-9.697713852E0,-1.169567585E0
4.268100953E1,-4.578910768E-1,-9.668983459E0,-1.217451572E0
4.270121224E1,-4.100070298E-1,-9.700108528E0,-1.234210968E0
4.272139036E1,-3.716998100E-1,-9.697713852E0,-1.222239971E0
4.274156880E1,-3.453635871E-1,-9.680954933E0,-1.234210968E0
4.276174797E1,-3.669114113E-1,-9.697713852E0,-1.246181965E0
4.278192817E1,-4.171896577E-1,-9.697713852E0,-1.243787766E0
4.280210963E1,-4.291606545E-1,-9.676166534E0,-1.205480576E0
4.282229255E1,-4.243722558E-1,-9.707290649E0,-1.181538582E0
4.284247713E1,-4.267664552E-1,-9.714473724E0,-1.203086376E0
4.286266338E1,-4.100070298E-1,-9.688137054E0,-1.198297977E0
4.288285130E1,-4.291606545E-1,-9.685743332E0,-1.193509579E0
4.290304088E1,-3.956418335E-1,-9.659406662E0,-1.241393566E0
4.292323192E1,-3.429693878E-1,-9.664195061E0,-1.284489155E0
4.294342432E1,-2.807201445E-1,-9.668983459E0,-1.243787766E0
4.296361776E1,-3.190273643E-1,-9.661801338E0,-1.162384868E0
4.298381203E1,-4.578910768E-1,-9.657012939E0,-1.174355984E0
4.300400682E1,-5.416881442E-1,-9.664195061E0,-1.260547161E0
4.302420182E1,-4.818331003E-1,-9.702502251E0,-1.241393566E0
4.304439651E1,-3.645172119E-1,-9.726444244E0,-1.140837073E0
4.306458442E1,-3.022679687E-1,-9.724050522E0,-1.088164687E0
4.308476692E1,-3.621230125E-1,-9.692925453E0,-1.174355984E0
4.310494984E1,-4.746504724E-1,-9.673771858E0,-1.258152962E0
4.312513328E1,-5.105634928E-1,-9.654618263E0,-1.284489155E0
4.314531744E1,-4.243722558E-1,-9.661801338E0,-1.284489155E0
4.316550244E1,-3.262099922E-1,-9.657012939E0,-1.274912357E0
4.318568838E1,-2.831143439E-1,-9.654618263E0,-1.246181965E0
4.320587526E1,-3.381809890E-1,-9.673771858E0,-1.215057373E0
4.322606307E1,-4.267664552E-1,-9.683348656E0,-1.210268974E0
4.324625182E1,-4.770447016E-1,-9.688137054E0,-1.212663174E0
4.326644140E1,-4.650736749E-1,-9.716867447E0,-1.174355984E0
4.328663172E1,-3.980360329E-1,-9.726444244E0,-1.131260276E0
4.330682265E1,-3.740940094E-1,-9.707290649E0,-1.143231273E0
4.332701411E1,-4.028244317E-1,-9.676166534E0,-1.181538582E0
4.334720588E1,-4.435258508E-1,-9.647436142E0,-1.224634171E0
4.336739776E1,-4.602852762E-1,-9.657012939E0,-1.219845772E0
4.338760047E1,-4.339490533E-1,-9.683348656E0,-1.205480576E0
4.340777849E1,-4.052186310E-1,-9.680954933E0,-1.200692177E0
4.342795682E1,-3.812766075E-1,-9.688137054E0,-1.205480576E0
4.344813588E1,-4.124012291E-1,-9.695320129E0,-1.203086376E0
4.346831599E1,-4.650736749E-1,-9.695320129E0,-1.179144382E0
4.348849744E1,-4.674678743E-1,-9.685743332E0,-1.148019671E0
4.350868036E1,-4.195838571E-1,-9.676166534E0,-1.148019671E0
4.352886494E1,-3.932476342E-1,-9.668983459E0,-1.162384868E0
4.354905119E1,-4.147954583E-1,-9.704896927E0,-1.164779186E0
4.356923911E1,-4.363432527E-1,-9.690531731E0,-1.169567585E0
4.358942869E1,-4.531026781E-1,-9.678560257E0,-1.186326981E0
4.360961974E1,-4.411316514E-1,-9.683348656E0,-1.131260276E0
4.362981213E1,-4.531026781E-1,-9.668983459E0,-1.112106681E0
4.365000557E1,-4.698620737E-1,-9.673771858E0,-1.162384868E0
4.367019984E1,-4.483142793E-1,-9.683348656E0,-1.205480576E0
4.369039463E1,-3.908534348E-1,-9.678560257E0,-1.203086376E0
4.371058963E1,-3.884592354E-1,-9.690531731E0,-1.169567585E0
4.373078453E1,-4.339490533E-1,-9.688137054E0,-1.164779186E0
4.375097244E1,-4.722562730E-1,-9.676166534E0,-1.183932781E0
4.377115494E1,-4.674678743E-1,-9.690531731E0,-1.181538582E0
4.379133786E1,-4.387374520E-1,-9.678560257E0,-1.205480576E0
4.381152130E1,-4.052186310E-1,-9.676166534E0,-1.210268974E0
4.383170547E1,-3.812766075E-1,-9.657012939E0,-1.186326981E0
4.385189047E1,-4.267664552E-1,-9.637859344E0,-1.169567585E0
4.387207640E1,-4.554968774E-1,-9.719262123E0,-1.179144382E0
4.389226328E1,-4.531026781E-1,-9.716867447E0,-1.169567585E0
4.391245109E1,-4.507084787E-1,-9.719262123E0,-1.107318282E0
4.393263984E1,-4.507084787E-1,-9.683348656E0,-1.104924083E0
4.395282942E1,-4.363432527E-1,-9.685743332E0,-1.164779186E0
4.397301974E1,-4.387374520E-1,-9.683348656E0,-1.248576164E0
4.399321067E1,-4.554968774E-1,-9.637859344E0,-1.238999367E0
4.401340213E1,-4.674678743E-1,-9.671378136E0,-1.174355984E0
4.403359390E1,-4.842272997E-1,-9.676166534E0,-1.150413871E0
4.405378578E1,-4.818331003E-1,-9.673771858E0,-1.143231273E0
4.407398849E1,-4.387374520E-1,-9.719262123E0,-1.143231273E0
4.409416619E1,-4.028244317E-1,-9.736021042E0,-1.136048675E0
4.411434422E1,-4.076128304E-1,-9.707290649E0,-1.102529883E0
4.413452296E1,-4.459200799E-1,-9.678560257E0,-1.116895080E0
4.415470276E1,-4.818331003E-1,-9.647436142E0,-1.164779186E0
4.417488390E1,-4.961982965E-1,-9.673771858E0,-1.186326981E0
4.419506661E1,-4.842272997E-1,-9.697713852E0,-1.169567585E0
4.421525109E1,-4.291606545E-1,-9.680954933E0,-1.138442874E0
4.423543734E1,-3.884592354E-1,-9.709685326E0,-1.090558887E0
4.425562536E1,-4.076128304E-1,-9.700108528E0,-1.073799491E0
4.427581505E1,-4.435258508E-1,-9.688137054E0,-1.102529883E0
4.429600630E1,-4.770447016E-1,-9.692925453E0,-1.171961784E0
4.431619890E1,-4.746504724E-1,-9.707290649E0,-1.198297977E0
4.433639265E1,-4.363432527E-1,-9.695320129E0,-1.169567585E0
4.435658724E1,-4.004302323E-1,-9.692925453E0,-1.148019671E0
4.437678234E1,-3.884592354E-1,-9.664195061E0,-1.155202270E0
4.439697765E1,-4.028244317E-1,-9.697713852E0,-1.152808070E0
4.441717244E1,-4.363432527E-1,-9.690531731E0,-1.169567585E0
4.443736026E1,-4.578910768E-1,-9.666589737E0,-1.212663174E0
4.445754265E1,-4.387374520E-1,-9.683348656E0,-1.241393566E0
4.447772547E1,-4.219780564E-1,-9.678560257E0,-1.222239971E0
4.449790890E1,-4.171896577E-1,-9.685743332E0,-1.169567585E0
4.451809307E1,-4.267664552E-1,-9.685743332E0,-1.140837073E0
4.453827807E1,-4.435258508E-1,-9.688137054E0,-1.157596469E0
4.455846401E1,-4.578910768E-1,-9.709685326E0,-1.164779186E0
4.457865088E1,-4.291606545E-1,-9.704896927E0,-1.164779186E0
4.459883869E1,-3.956418335E-1,-9.683348656E0,-1.150413871E0
4.461902744E1,-4.004302323E-1,-9.673771858E0,-1.148019671E0
4.463921703E1,-4.219780564E-1,-9.680954933E0,-1.162384868E0
4.465940734E1,-4.339490533E-1,-9.695320129E0,-1.167173386E0
4.467959828E1,-4.243722558E-1,-9.707290649E0,-1.169567585E0
4.469978974E1,-4.291606545E-1,-9.695320129E0,-1.143231273E0
4.471998151E1,-4.315548539E-1,-9.688137054E0,-1.114500880E0
4.474017338E1,-4.219780564E-1,-9.695320129E0,-1.155202270E0
4.476037609E1,-4.267664552E-1,-9.690531731E0,-1.215057373E0
4.478055411E1,-4.387374520E-1,-9.683348656E0,-1.243787766E0
4.480073244E1,-4.531026781E-1,-9.671378136E0,-1.241393566E0
4.482091151E1,-4.698620737E-1,-9.676166534E0,-1.205480576E0
4.484109161E1,-4.387374520E-1,-9.709685326E0,-1.174355984E0
4.486127307E1,-4.195838571E-1,-9.685743332E0,-1.212663174E0
4.488145599E1,-4.171896577E-1,-9.637859344E0,-1.222239971E0
4.490164057E1,-4.171896577E-1,-9.676166534E0,-1.203086376E0
4.492182682E1,-4.267664552E-1,-9.692925453E0,-1.195903778E0
4.494201474E1,-4.435258508E-1,-9.697713852E0,-1.171961784E0
4.496220432E1,-4.531026781E-1,-9.709685326E0,-1.155202270E0
4.498239536E1,-4.339490533E-1,-9.690531731E0,-1.174355984E0
4.500258776E1,-4.363432527E-1,-9.695320129E0,-1.183932781E0
4.502278119E1,-4.435258508E-1,-9.685743332E0,-1.212663174E0
4.504297547E1,-4.363432527E-1,-9.676166534E0,-1.224634171E0
4.506317026E1,-4.171896577E-1,-9.673771858E0,-1.224634171E0
4.508336526E1,-4.219780564E-1,-9.652224541E0,-1.246181965E0
4.510356005E1,-4.315548539E-1,-9.661801338E0,-1.255758762E0
4.512374796E1,-4.267664552E-1,-9.654618263E0,-1.250970364E0
4.514393578E1,-4.291606545E-1,-9.671378136E0,-1.241393566E0
4.516411817E1,-4.507084787E-1,-9.690531731E0,-1.231816769E0
4.518430099E1,-4.459200799E-1,-9.697713852E0,-1.200692177E0
4.520448442E1,-4.219780564E-1,-9.702502251E0,-1.181538582E0
4.522466859E1,-4.147954583E-1,-9.683348656E0,-1.179144382E0
4.524485359E1,-4.363432527E-1,-9.695320129E0,-1.219845772E0
4.526503953E1,-4.818331003E-1,-9.702502251E0,-1.267729759E0
4.528522640E1,-4.770447016E-1,-9.654618263E0,-1.308431268E0
4.530541422E1,-4.459200799E-1,-9.657012939E0,-1.286883354E0
4.532560296E1,-4.291606545E-1,-9.654618263E0,-1.203086376E0
4.534579255E1,-4.219780564E-1,-9.714473724E0,-1.121683478E0
4.536598286E1,-4.507084787E-1,-9.690531731E0,-1.138442874E0
4.538617380E1,-4.507084787E-1,-9.659406662E0,-1.171961784E0
4.540636526E1,-4.339490533E-1,-9.647436142E0,-1.203086376E0
4.542655703E1,-4.124012291E-1,-9.673771858E0,-1.272518158E0
4.544674890E1,-3.836708367E-1,-9.678560257E0,-1.313219666E0
4.546695161E1,-3.525462151E-1,-9.680954933E0,-1.248576164E0
4.548712953E1,-3.693056107E-1,-9.700108528E0,-1.128866076E0
4.550730776E1,-4.243722558E-1,-9.707290649E0,-1.102529883E0
4.552748672E1,-4.483142793E-1,-9.733627319E0,-1.188721180E0
4.554766672E1,-4.411316514E-1,-9.700108528E0,-1.286883354E0
4.556784807E1,-4.219780564E-1,-9.597157478E0,-1.329979062E0
4.558803099E1,-4.602852762E-1,-9.563638687E0,-1.313219666E0
4.560821557E1,-4.866214991E-1,-9.637859344E0,-1.291671872E0
4.562840192E1,-4.195838571E-1,-9.668983459E0,-1.325190663E0
4.564859005E1,-3.333925903E-1,-9.750386238E0,-1.267729759E0
4.566877984E1,-3.549404144E-1,-9.736021042E0,-1.138442874E0
4.568897109E1,-4.578910768E-1,-9.721655846E0,-1.037886381E0
4.570916359E1,-4.938040972E-1,-9.752780914E0,-1.049857497E0
4.572935713E1,-4.626794755E-1,-9.676166534E0,-1.241393566E0
4.574955151E1,-4.195838571E-1,-9.578003883E0,-1.418564558E0
4.576974640E1,-4.267664552E-1,-9.585186958E0,-1.432929754E0
4.578994151E1,-3.980360329E-1,-9.623494148E0,-1.370680451E0
4.581013546E1,-3.357867897E-1,-9.683348656E0,-1.313219666E0
4.583032328E1,-3.070563674E-1,-9.707290649E0,-1.253364563E0
4.585050567E1,-3.357867897E-1,-9.747992516E0,-1.188721180E0
4.587068849E1,-3.908534348E-1,-9.719262123E0,-1.171961784E0
4.589087192E1,-4.219780564E-1,-9.654618263E0,-1.258152962E0
4.591105609E1,-4.124012291E-1,-9.618705750E0,-1.344344258E0
4.593124109E1,-4.028244317E-1,-9.637859344E0,-1.329979062E0
4.595142703E1,-4.243722558E-1,-9.659406662E0,-1.238999367E0
4.597161390E1,-4.483142793E-1,-9.714473724E0,-1.181538582E0
4.599180172E1,-4.794389009E-1,-9.736021042E0,-1.207874775E0
4.601199047E1,-4.770447016E-1,-9.688137054E0,-1.260547161E0
4.603218005E1,-3.932476342E-1,-9.704896927E0,-1.277306557E0
4.605237036E1,-3.070563674E-1,-9.695320129E0,-1.282094955E0
4.607256130E1,-3.142389655E-1,-9.688137054E0,-1.325190663E0
4.609275276E1,-4.076128304E-1,-9.635464668E0,-1.389834046E0
4.611294453E1,-4.961982965E-1,-9.592369080E0,-1.452083349E0
4.613313640E1,-5.560533404E-1,-9.525331497E0,-1.514332533E0
4.615333911E1,-5.823895931E-1,-9.561244011E0,-1.605312228E0
4.617351703E1,-5.105634928E-1,-9.676166534E0,-1.590947032E0
4.619369526E1,-3.573346138E-1,-9.731232643E0,-1.423352957E0
4.621387422E1,-2.735375464E-1,-9.700108528E0,-1.229422569E0
4.623405422E1,-3.166331649E-1,-9.666589737E0,-1.124077678E0
4.625423557E1,-4.291606545E-1,-9.666589737E0,-1.191115379E0
4.627441849E1,-5.273229480E-1,-9.654618263E0,-1.306037068E0
4.629460307E1,-5.704185367E-1,-9.683348656E0,-1.306037068E0
4.631478942E1,-5.488707423E-1,-9.697713852E0,-1.234210968E0
4.633497744E1,-4.914098978E-1,-9.697713852E0,-1.191115379E0
4.635516713E1,-4.267664552E-1,-9.692925453E0,-1.227028370E0
4.637535828E1,-3.597288132E-1,-9.724050522E0,-1.303642869E0
4.639555078E1,-2.974795699E-1,-9.740809441E0,-1.356315255E0
4.641574432E1,-2.950853705E-1,-9.700108528E0,-1.356315255E0
4.643593869E1,-3.405751884E-1,-9.642647743E0,-1.315613866E0
4.645613359E1,-3.908534348E-1,-9.616311073E0,-1.294066072E0
4.647632869E1,-4.052186310E-1,-9.633070946E0,-1.344344258E0
4.649652276E1,-3.980360329E-1,-9.664195061E0,-1.363497853E0
4.651671067E1,-3.884592354E-1,-9.671378136E0,-1.308431268E0
4.653689849E1,-4.052186310E-1,-9.728838921E0,-1.217451572E0
4.655708088E1,-4.339490533E-1,-9.671378136E0,-1.179144382E0
4.657726369E1,-4.028244317E-1,-9.685743332E0,-1.195903778E0
4.659744713E1,-3.597288132E-1,-9.728838921E0,-1.262941360E0
4.661763130E1,-3.812766075E-1,-9.657012939E0,-1.298854470E0
4.663781630E1,-3.836708367E-1,-9.654618263E0,-1.277306557E0
4.665800224E1,-4.100070298E-1,-9.678560257E0,-1.286883354E0
4.667818911E1,-4.243722558E-1,-9.633070946E0,-1.318008065E0
4.669837692E1,-3.788824081E-1,-9.659406662E0,-1.315613866E0
4.671856567E1,-3.645172119E-1,-9.690531731E0,-1.294066072E0
4.673875526E1,-3.764882088E-1,-9.666589737E0,-1.246181965E0
4.675894557E1,-3.645172119E-1,-9.709685326E0,-1.207874775E0
4.677913651E1,-3.836708367E-1,-9.680954933E0,-1.229422569E0
4.679932796E1,-4.243722558E-1,-9.668983459E0,-1.243787766E0
4.681951974E1,-4.291606545E-1,-9.719262123E0,-1.270123959E0
4.683971161E1,-3.884592354E-1,-9.664195061E0,-1.296460271E0
4.685991432E1,-3.453635871E-1,-9.649829865E0,-1.258152962E0
4.688009224E1,-3.357867897E-1,-9.688137054E0,-1.227028370E0
4.690027047E1,-3.693056107E-1,-9.633070946E0,-1.227028370E0
4.692044942E1,-3.908534348E-1,-9.700108528E0,-1.198297977E0
4.694062942E1,-4.171896577E-1,-9.716867447E0,-1.186326981E0
4.696081078E1,-3.860650361E-1,-9.642647743E0,-1.150413871E0
4.698099369E1,-3.645172119E-1,-9.714473724E0,-1.121683478E0
4.700117828E1,-4.507084787E-1,-9.733627319E0,-1.150413871E0
4.702136463E1,-4.914098978E-1,-9.637859344E0,-1.200692177E0
4.704155265E1,-4.195838571E-1,-9.714473724E0,-1.210268974E0
4.706174234E1,-3.669114113E-1,-9.700108528E0,-1.205480576E0
4.708193349E1,-3.381809890E-1,-9.625887871E0,-1.124077678E0
4.710212599E1,-3.501519859E-1,-9.702502251E0,-1.080982089E0
4.712231953E1,-4.363432527E-1,-9.633070946E0,-1.131260276E0
4.714251390E1,-4.961982965E-1,-9.649829865E0,-1.167173386E0
4.716270880E1,-4.842272997E-1,-9.755174637E0,-1.217451572E0
4.718290390E1,-4.890156984E-1,-9.680954933E0,-1.169567585E0
4.720309797E1,-4.411316514E-1,-9.709685326E0,-1.076193690E0
4.722328588E1,-4.267664552E-1,-9.757569313E0,-1.080982089E0
4.724347369E1,-4.483142793E-1,-9.714473724E0,-1.078587890E0
4.726365609E1,-4.291606545E-1,-9.709685326E0,-1.080982089E0
4.728383890E1,-4.147954583E-1,-9.661801338E0,-1.143231273E0
4.730402234E1,-4.339490533E-1,-9.582792282E0,-1.179144382E0
4.732420651E1,-4.267664552E-1,-9.640253067E0,-1.227028370E0
4.734439151E1,-4.004302323E-1,-9.690531731E0,-1.284489155E0
4.736457744E1,-3.549404144E-1,-9.673771858E0,-1.248576164E0
4.738476432E1,-3.238157928E-1,-9.714473724E0,-1.205480576E0
4.740495213E1,-3.262099922E-1,-9.709685326E0,-1.162384868E0
4.742514088E1,-3.309983909E-1,-9.738415718E0,-1.131260276E0
4.744533047E1,-3.693056107E-1,-9.762357712E0,-1.169567585E0
4.746552078E1,-4.554968774E-1,-9.678560257E0,-1.179144382E0
4.748571172E1,-5.512649417E-1,-9.695320129E0,-1.131260276E0
4.750590317E1,-6.039373875E-1,-9.704896927E0,-1.131260276E0
4.752609494E1,-5.847837925E-1,-9.652224541E0,-1.155202270E0
4.754628682E1,-5.057750940E-1,-9.726444244E0,-1.131260276E0
4.756648953E1,-4.219780564E-1,-9.752780914E0,-1.102529883E0
4.758666744E1,-3.932476342E-1,-9.716867447E0,-1.078587890E0
4.760684567E1,-4.698620737E-1,-9.652224541E0,-1.090558887E0
4.762702463E1,-5.560533404E-1,-9.549273491E0,-1.145625472E0
4.764720463E1,-6.159083843E-1,-9.575610161E0,-1.176750183E0
4.766738599E1,-5.895721912E-1,-9.695320129E0,-1.207874775E0
4.768756890E1,-4.794389009E-1,-9.704896927E0,-1.186326981E0
4.770775349E1,-3.262099922E-1,-9.779116631E0,-1.090558887E0
4.772793984E1,-3.046621680E-1,-9.779116631E0,-1.073799491E0
4.774812786E1,-4.339490533E-1,-9.688137054E0,-1.085770488E0
4.776831755E1,-5.488707423E-1,-9.671378136E0,-1.114500880E0
4.778850869E1,-6.446388364E-1,-9.668983459E0,-1.148019671E0
4.780870119E1,-6.781576276E-1,-9.664195061E0,-1.112106681E0
4.782889474E1,-5.368997455E-1,-9.702502251E0,-1.085770488E0
4.784908911E1,-3.525462151E-1,-9.685743332E0,-1.109712481E0
4.786928401E1,-2.472013235E-1,-9.685743332E0,-1.133654475E0
4.788947911E1,-2.472013235E-1,-9.709685326E0,-1.200692177E0
4.790967317E1,-3.238157928E-1,-9.683348656E0,-1.250970364E0
4.792986109E1,-4.411316514E-1,-9.704896927E0,-1.181538582E0
4.795004890E1,-5.321113467E-1,-9.719262123E0,-1.069011092E0
4.797023130E1,-5.919663906E-1,-9.649829865E0,-1.001973391E0
4.799041411E1,-5.632359385E-1,-9.762357712E0,-1.011550188E0
4.801059744E1,-5.416881442E-1,-9.771934509E0,-1.097741485E0
4.803078151E1,-5.225345492E-1,-9.671378136E0,-1.126471877E0
4.805096640E1,-4.578910768E-1,-9.630676270E0,-1.095347285E0
4.807115224E1,-4.028244317E-1,-9.654618263E0,-1.069011092E0
4.809133901E1,-4.674678743E-1,-9.702502251E0,-1.097741485E0
4.811152682E1,-5.345055461E-1,-9.704896927E0,-1.138442874E0
4.813171557E1,-5.057750940E-1,-9.716867447E0,-1.140837073E0
4.815190515E1,-4.363432527E-1,-9.695320129E0,-1.128866076E0
4.817209547E1,-3.932476342E-1,-9.697713852E0,-1.121683478E0
4.819228640E1,-4.531026781E-1,-9.700108528E0,-1.148019671E0
4.821247786E1,-5.297171474E-1,-9.649829865E0,-1.155202270E0
4.823266963E1,-5.225345492E-1,-9.649829865E0,-1.126471877E0
4.825286161E1,-4.363432527E-1,-9.695320129E0,-1.143231273E0
4.827306442E1,-4.124012291E-1,-9.695320129E0,-1.162384868E0
4.829324255E1,-4.243722558E-1,-9.709685326E0,-1.176750183E0
4.831342099E1,-4.674678743E-1,-9.688137054E0,-1.179144382E0
4.833360015E1,-4.722562730E-1,-9.664195061E0,-1.150413871E0
4.835378036E1,-4.554968774E-1,-9.690531731E0,-1.145625472E0
4.837396182E1,-4.363432527E-1,-9.642647743E0,-1.183932781E0
4.839414474E1,-4.195838571E-1,-9.652224541E0,-1.210268974E0
4.841432932E1,-4.339490533E-1,-9.685743332E0,-1.215057373E0
4.843451557E1,-4.650736749E-1,-9.642647743E0,-1.179144382E0
4.845470349E1,-4.387374520E-1,-9.685743332E0,-1.124077678E0
4.847489307E1,-4.531026781E-1,-9.719262123E0,-1.090558887E0
4.849508411E1,-4.722562730E-1,-9.707290649E0,-1.088164687E0
4.851527640E1,-4.339490533E-1,-9.740809441E0,-1.128866076E0
4.853546974E1,-4.339490533E-1,-9.676166534E0,-1.164779186E0
4.855566390E1,-5.009866953E-1,-9.661801338E0,-1.136048675E0
4.857585859E1,-5.560533404E-1,-9.690531731E0,-1.155202270E0
4.859605349E1,-5.440823436E-1,-9.668983459E0,-1.241393566E0
4.861624828E1,-5.033808947E-1,-9.637859344E0,-1.217451572E0
4.863643609E1,-4.770447016E-1,-9.645041466E0,-1.121683478E0
4.865661849E1,-4.961982965E-1,-9.640253067E0,-1.080982089E0
4.867680130E1,-4.554968774E-1,-9.709685326E0,-1.049857497E0
4.869698463E1,-4.147954583E-1,-9.767146111E0,-1.030703783E0
4.871716869E1,-4.052186310E-1,-9.733627319E0,-1.013944387E0
4.873735359E1,-4.459200799E-1,-9.731232643E0,-1.028309584E0
4.875753942E1,-5.249287486E-1,-9.709685326E0,-1.052251697E0
4.877772619E1,-5.512649417E-1,-9.728838921E0,-1.040280581E0
4.879791390E1,-4.794389009E-1,-9.726444244E0,-1.054645896E0
4.881810255E1,-3.932476342E-1,-9.668983459E0,-1.119289279E0
4.883829213E1,-3.597288132E-1,-9.654618263E0,-1.169567585E0
4.885848255E1,-3.884592354E-1,-9.700108528E0,-1.229422569E0
4.887867359E1,-4.626794755E-1,-9.688137054E0,-1.236605167E0
4.889886515E1,-4.459200799E-1,-9.695320129E0,-1.227028370E0
4.891905703E1,-4.267664552E-1,-9.719262123E0,-1.210268974E0
4.893924901E1,-4.459200799E-1,-9.630676270E0,-1.186326981E0
4.895945182E1,-4.315548539E-1,-9.652224541E0,-1.188721180E0
4.897962963E1,-4.411316514E-1,-9.714473724E0,-1.262941360E0
4.899980776E1,-4.507084787E-1,-9.649829865E0,-1.265335560E0
4.901998661E1,-4.387374520E-1,-9.666589737E0,-1.164779186E0
4.904016651E1,-4.578910768E-1,-9.724050522E0,-1.085770488E0
4.906034776E1,-4.554968774E-1,-9.719262123E0,-1.100135684E0
4.908053057E1,-4.219780564E-1,-9.724050522E0,-1.143231273E0
4.910071505E1,-4.147954583E-1,-9.712079048E0,-1.183932781E0
4.912090130E1,-4.315548539E-1,-9.709685326E0,-1.207874775E0
4.914108932E1,-4.315548539E-1,-9.657012939E0,-1.255758762E0
4.916127901E1,-4.387374520E-1,-9.604340553E0,-1.250970364E0
4.918147026E1,-4.626794755E-1,-9.640253067E0,-1.205480576E0
4.920166286E1,-5.105634928E-1,-9.668983459E0,-1.195903778E0
4.922185651E1,-5.273229480E-1,-9.678560257E0,-1.176750183E0
4.924205099E1,-4.722562730E-1,-9.721655846E0,-1.140837073E0
4.926224599E1,-4.387374520E-1,-9.757569313E0,-1.126471877E0
4.928244119E1,-4.554968774E-1,-9.747992516E0,-1.128866076E0
4.930263526E1,-4.770447016E-1,-9.721655846E0,-1.140837073E0
4.932282317E1,-4.746504724E-1,-9.613917351E0,-1.205480576E0
4.934301099E1,-4.459200799E-1,-9.585186958E0,-1.246181965E0
4.936319338E1,-4.363432527E-1,-9.657012939E0,-1.267729759E0
4.938337619E1,-4.243722558E-1,-9.678560257E0,-1.229422569E0
4.940355953E1,-4.243722558E-1,-9.704896927E0,-1.124077678E0
4.942374359E1,-4.435258508E-1,-9.712079048E0,-1.066616893E0
4.944392849E1,-4.507084787E-1,-9.683348656E0,-1.069011092E0
4.946411432E1,-4.267664552E-1,-9.697713852E0,-1.128866076E0
4.948430109E1,-4.339490533E-1,-9.697713852E0,-1.179144382E0
4.950448880E1,-5.033808947E-1,-9.683348656E0,-1.131260276E0
4.952467744E1,-5.560533404E-1,-9.685743332E0,-1.054645896E0
4.954486703E1,-5.249287486E-1,-9.680954933E0,-1.035492182E0
4.956505734E1,-4.483142793E-1,-9.716867447E0,-1.059434295E0
4.958524828E1,-4.243722558E-1,-9.815030098E0,-1.045069098E0
4.960543974E1,-3.693056107E-1,-9.810241699E0,-1.028309584E0
4.962563151E1,-2.400187254E-1,-9.685743332E0,-1.114500880E0
4.964582349E1,-2.711433470E-1,-9.661801338E0,-1.272518158E0
4.966602630E1,-5.153518915E-1,-9.688137054E0,-1.243787766E0
4.968620453E1,-6.422445774E-1,-9.671378136E0,-1.102529883E0
4.970638307E1,-5.632359385E-1,-9.625887871E0,-1.030703783E0
4.972656234E1,-4.818331003E-1,-9.623494148E0,-9.756371975E-1
4.974674265E1,-5.823895931E-1,-9.647436142E0,-9.325415492E-1
4.976692422E1,-6.997054219E-1,-9.633070946E0,-9.038111567E-1
4.978710724E1,-6.326677799E-1,-9.601945877E0,-9.445125461E-1
4.980729182E1,-4.842272997E-1,-9.673771858E0,-1.059434295E0
4.982747807E1,-3.812766075E-1,-9.736021042E0,-1.107318282E0
4.984766599E1,-3.333925903E-1,-9.704896927E0,-1.011550188E0
4.986785547E1,-3.716998100E-1,-9.719262123E0,-9.493009448E-1
4.988804640E1,-4.195838571E-1,-9.733627319E0,-1.025915384E0
4.990823859E1,-3.884592354E-1,-9.709685326E0,-1.140837073E0
4.992843182E1,-3.214215636E-1,-9.697713852E0,-1.183932781E0
4.994862588E1,-3.142389655E-1,-9.709685326E0,-1.097741485E0
4.996882046E1,-3.788824081E-1,-9.714473724E0,-1.028309584E0
4.998901526E1,-4.483142793E-1,-9.702502251E0,-1.042674899E0
5.000920463E1,-4.483142793E-1,-9.657012939E0,-1.083376288E0
5.002939411E1,-4.339490533E-1,-9.692925453E0,-1.112106681E0
5.004959442E1,-4.387374520E-1,-9.747992516E0,-1.133654475E0
5.006977369E1,-3.956418335E-1,-9.757569313E0,-1.114500880E0
5.008995328E1,-3.645172119E-1,-9.738415718E0,-1.085770488E0
5.011013349E1,-3.501519859E-1,-9.676166534E0,-1.131260276E0
5.013031463E1,-3.716998100E-1,-9.654618263E0,-1.217451572E0
5.015049692E1,-4.052186310E-1,-9.649829865E0,-1.262941360E0
5.017068047E1,-4.100070298E-1,-9.685743332E0,-1.253364563E0
5.019086546E1,-4.195838571E-1,-9.724050522E0,-1.191115379E0
5.021105192E1,-4.339490533E-1,-9.733627319E0,-1.124077678E0
5.023123984E1,-4.746504724E-1,-9.671378136E0,-1.102529883E0
5.025142922E1,-4.985924959E-1,-9.613917351E0,-1.128866076E0
5.027161984E1,-4.842272997E-1,-9.633070946E0,-1.191115379E0
5.029181161E1,-4.626794755E-1,-9.657012939E0,-1.227028370E0
5.031200432E1,-4.459200799E-1,-9.688137054E0,-1.195903778E0
5.033219776E1,-4.171896577E-1,-9.731232643E0,-1.128866076E0
5.035239161E1,-3.669114113E-1,-9.745597839E0,-1.119289279E0
5.037258567E1,-3.190273643E-1,-9.712079048E0,-1.167173386E0
5.039277932E1,-3.022679687E-1,-9.666589737E0,-1.241393566E0
5.041296713E1,-3.669114113E-1,-9.652224541E0,-1.253364563E0
5.043314953E1,-4.483142793E-1,-9.671378136E0,-1.212663174E0
5.045333234E1,-4.698620737E-1,-9.676166534E0,-1.174355984E0
5.047351567E1,-4.363432527E-1,-9.671378136E0,-1.155202270E0
5.049369974E1,-3.908534348E-1,-9.700108528E0,-1.157596469E0
5.051388463E1,-3.812766075E-1,-9.707290649E0,-1.162384868E0
5.053407047E1,-4.076128304E-1,-9.731232643E0,-1.119289279E0
5.055425724E1,-4.411316514E-1,-9.726444244E0,-1.064222693E0
5.057444494E1,-4.698620737E-1,-9.678560257E0,-1.057040095E0
5.059463359E1,-4.626794755E-1,-9.692925453E0,-1.119289279E0
5.061482307E1,-4.171896577E-1,-9.697713852E0,-1.186326981E0
5.063501338E1,-4.339490533E-1,-9.683348656E0,-1.193509579E0
5.065520432E1,-4.291606545E-1,-9.671378136E0,-1.169567585E0
5.067539578E1,-4.052186310E-1,-9.666589737E0,-1.157596469E0
5.069558755E1,-3.597288132E-1,-9.657012939E0,-1.159990668E0
5.071577953E1,-3.357867897E-1,-9.680954933E0,-1.152808070E0
5.073598234E1,-3.716998100E-1,-9.697713852E0,-1.162384868E0
5.075616057E1,-3.980360329E-1,-9.702502251E0,-1.176750183E0
5.077633911E1,-4.243722558E-1,-9.726444244E0,-1.159990668E0
5.079651838E1,-4.435258508E-1,-9.752780914E0,-1.136048675E0
5.081669869E1,-4.531026781E-1,-9.724050522E0,-1.155202270E0
5.083688026E1,-4.291606545E-1,-9.671378136E0,-1.181538582E0
5.085706328E1,-4.195838571E-1,-9.640253067E0,-1.183932781E0
5.087724786E1,-4.531026781E-1,-9.633070946E0,-1.169567585E0
5.089743411E1,-4.961982965E-1,-9.652224541E0,-1.143231273E0
5.091762203E1,-4.890156984E-1,-9.697713852E0,-1.107318282E0
5.093781151E1,-4.578910768E-1,-9.736021042E0,-1.066616893E0
5.095800244E1,-4.363432527E-1,-9.740809441E0,-1.037886381E0
5.097819463E1,-4.267664552E-1,-9.714473724E0,-1.052251697E0
5.099838786E1,-4.219780564E-1,-9.700108528E0,-1.104924083E0
5.101858192E1,-4.219780564E-1,-9.678560257E0,-1.157596469E0
5.103877651E1,-4.411316514E-1,-9.668983459E0,-1.181538582E0
5.105897130E1,-4.459200799E-1,-9.657012939E0,-1.169567585E0
5.107916067E1,-4.459200799E-1,-9.709685326E0,-1.138442874E0
5.109935015E1,-4.507084787E-1,-9.728838921E0,-1.126471877E0
5.111955046E1,-4.650736749E-1,-9.704896927E0,-1.114500880E0
5.113972963E1,-4.578910768E-1,-9.695320129E0,-1.119289279E0
5.115990911E1,-4.531026781E-1,-9.688137054E0,-1.150413871E0
5.118008922E1,-4.387374520E-1,-9.680954933E0,-1.195903778E0
5.120027026E1,-4.459200799E-1,-9.659406662E0,-1.203086376E0
5.122045244E1,-4.746504724E-1,-9.657012939E0,-1.167173386E0
5.124063599E1,-4.770447016E-1,-9.678560257E0,-1.133654475E0
5.126082099E1,-4.554968774E-1,-9.700108528E0,-1.140837073E0
5.128100744E1,-4.219780564E-1,-9.709685326E0,-1.140837073E0
5.130119536E1,-4.076128304E-1,-9.700108528E0,-1.121683478E0
5.132138474E1,-4.483142793E-1,-9.709685326E0,-1.126471877E0
5.134157547E1,-4.842272997E-1,-9.712079048E0,-1.145625472E0
5.136176734E1,-4.411316514E-1,-9.719262123E0,-1.167173386E0
5.138196015E1,-4.028244317E-1,-9.724050522E0,-1.176750183E0
5.140215369E1,-3.956418335E-1,-9.692925453E0,-1.203086376E0
5.142234765E1,-3.956418335E-1,-9.630676270E0,-1.253364563E0
5.144254182E1,-3.812766075E-1,-9.606734276E0,-1.315613866E0
5.146273515E1,-3.980360329E-1,-9.633070946E0,-1.301248670E0
5.148292296E1,-4.411316514E-1,-9.671378136E0,-1.195903778E0
5.150310536E1,-5.033808947E-1,-9.716867447E0,-1.100135684E0
5.152328817E1,-5.201402903E-1,-9.728838921E0,-1.066616893E0
5.154347151E1,-4.890156984E-1,-9.716867447E0,-1.092953086E0
5.156365557E1,-4.219780564E-1,-9.700108528E0,-1.116895080E0
5.158384046E1,-3.956418335E-1,-9.664195061E0,-1.128866076E0
5.160402630E1,-4.650736749E-1,-9.688137054E0,-1.159990668E0
5.162421307E1,-5.249287486E-1,-9.728838921E0,-1.162384868E0
5.164440078E1,-4.842272997E-1,-9.757569313E0,-1.155202270E0
5.166458942E1,-3.525462151E-1,-9.719262123E0,-1.195903778E0
5.168477890E1,-2.902969420E-1,-9.609128952E0,-1.210268974E0
5.170496922E1,-3.477577865E-1,-9.575610161E0,-1.207874775E0
5.172516015E1,-4.578910768E-1,-9.606734276E0,-1.212663174E0
5.174535161E1,-5.704185367E-1,-9.678560257E0,-1.198297977E0
5.176554338E1,-5.991489887E-1,-9.690531731E0,-1.171961784E0
5.178573536E1,-5.129576921E-1,-9.712079048E0,-1.076193690E0
5.180593817E1,-3.860650361E-1,-9.709685326E0,-9.828197956E-1
5.182611630E1,-3.309983909E-1,-9.726444244E0,-9.708487988E-1
5.184629474E1,-3.812766075E-1,-9.712079048E0,-1.042674899E0
5.186647390E1,-4.985924959E-1,-9.683348656E0,-1.104924083E0
5.188665411E1,-5.871779919E-1,-9.676166534E0,-1.083376288E0
5.190683557E1,-5.584475398E-1,-9.692925453E0,-1.069011092E0
5.192701849E1,-4.459200799E-1,-9.697713852E0,-1.131260276E0
5.194720307E1,-3.621230125E-1,-9.683348656E0,-1.217451572E0
5.196738932E1,-3.669114113E-1,-9.673771858E0,-1.265335560E0
5.198757724E1,-3.932476342E-1,-9.673771858E0,-1.301248670E0
5.200776682E1,-3.836708367E-1,-9.637859344E0,-1.315613866E0
5.202795786E1,-3.693056107E-1,-9.642647743E0,-1.315613866E0
5.204815015E1,-3.549404144E-1,-9.731232643E0,-1.313219666E0
5.206834349E1,-3.381809890E-1,-9.738415718E0,-1.284489155E0
5.208853765E1,-4.147954583E-1,-9.680954933E0,-1.188721180E0
5.210873234E1,-4.914098978E-1,-9.709685326E0,-1.088164687E0
5.212892724E1,-5.895721912E-1,-9.745597839E0,-1.088164687E0
5.214912182E1,-6.326677799E-1,-9.690531731E0,-1.128866076E0
5.216930963E1,-6.422445774E-1,-9.613917351E0,-1.069011092E0
5.218949203E1,-6.063315868E-1,-9.635464668E0,-1.040280581E0
5.220967484E1,-5.799953341E-1,-9.688137054E0,-1.148019671E0
5.222985817E1,-5.129576921E-1,-9.733627319E0,-1.262941360E0
5.225004224E1,-4.147954583E-1,-9.747992516E0,-1.274912357E0
5.227022713E1,-3.453635871E-1,-9.719262123E0,-1.219845772E0
5.229041296E1,-3.501519859E-1,-9.697713852E0,-1.219845772E0
5.231059974E1,-4.387374520E-1,-9.637859344E0,-1.260547161E0
5.233078744E1,-5.536591411E-1,-9.601945877E0,-1.241393566E0
5.235097609E1,-6.398503780E-1,-9.637859344E0,-1.171961784E0
5.237116557E1,-6.709750295E-1,-9.680954933E0,-1.076193690E0
5.239135588E1,-6.661866307E-1,-9.695320129E0,-9.564836025E-1
5.241154682E1,-6.853402257E-1,-9.733627319E0,-9.062053561E-1
5.243173828E1,-7.092822790E-1,-9.738415718E0,-9.971849918E-1
5.245193005E1,-6.853402257E-1,-9.719262123E0,-1.131260276E0
5.247212203E1,-6.374561787E-1,-9.613917351E0,-1.224634171E0
5.249232484E1,-5.392939448E-1,-9.652224541E0,-1.234210968E0
5.251250296E1,-3.597288132E-1,-9.707290649E0,-1.301248670E0
5.253268140E1,-2.663549483E-1,-9.673771858E0,-1.365892053E0
5.255286057E1,-2.711433470E-1,-9.649829865E0,-1.318008065E0
5.257304078E1,-3.501519859E-1,-9.623494148E0,-1.176750183E0
5.259322224E1,-4.459200799E-1,-9.640253067E0,-1.083376288E0
5.261340515E1,-5.249287486E-1,-9.709685326E0,-1.080982089E0
5.263358974E1,-5.536591411E-1,-9.707290649E0,-1.143231273E0
5.265377599E1,-4.985924959E-1,-9.721655846E0,-1.212663174E0
5.267396390E1,-3.764882088E-1,-9.767146111E0,-1.250970364E0
5.269415349E1,-2.831143439E-1,-9.764751434E0,-1.246181965E0
5.271434453E1,-3.405751884E-1,-9.733627319E0,-1.210268974E0
5.273453682E1,-4.746504724E-1,-9.680954933E0,-1.241393566E0
5.275473015E1,-5.752069354E-1,-9.623494148E0,-1.363497853E0
5.277492432E1,-4.914098978E-1,-9.575610161E0,-1.444900751E0
5.279511901E1,-3.046621680E-1,-9.594763756E0,-1.387439847E0
5.281531390E1,-1.610100716E-1,-9.630676270E0,-1.373074651E0
5.283550838E1,-1.298854351E-1,-9.654618263E0,-1.377863050E0
5.285569619E1,-1.993172914E-1,-9.690531731E0,-1.318008065E0
5.287587859E1,-2.759317458E-1,-9.712079048E0,-1.253364563E0
5.289606140E1,-3.190273643E-1,-9.702502251E0,-1.255758762E0
5.291624474E1,-3.046621680E-1,-9.716867447E0,-1.282094955E0
5.293642880E1,-2.376245260E-1,-9.759963036E0,-1.248576164E0
5.295661369E1,-1.777694821E-1,-9.786299706E0,-1.126471877E0
5.297679953E1,-1.562216580E-1,-9.764751434E0,-1.011550188E0
5.299698630E1,-1.873462796E-1,-9.707290649E0,-9.852139950E-1
5.301717401E1,-2.687491477E-1,-9.676166534E0,-1.059434295E0
5.303736265E1,-3.549404144E-1,-9.676166534E0,-1.183932781E0
5.305755213E1,-4.315548539E-1,-9.659406662E0,-1.291671872E0
5.307774244E1,-4.507084787E-1,-9.657012939E0,-1.329979062E0
5.309793338E1,-3.740940094E-1,-9.671378136E0,-1.282094955E0
5.311812484E1,-2.400187254E-1,-9.676166534E0,-1.212663174E0
5.313831661E1,-1.322796494E-1,-9.657012939E0,-1.174355984E0
5.315850859E1,-1.729810685E-1,-9.652224541E0,-1.183932781E0
5.317871140E1,-3.118447661E-1,-9.623494148E0,-1.222239971E0
5.319888942E1,-4.531026781E-1,-9.628282547E0,-1.234210968E0
5.321906776E1,-5.177460909E-1,-9.685743332E0,-1.210268974E0
5.323924682E1,-5.321113467E-1,-9.724050522E0,-1.162384868E0
5.325942692E1,-4.938040972E-1,-9.726444244E0,-1.138442874E0
5.327960828E1,-4.531026781E-1,-9.728838921E0,-1.104924083E0
5.329979119E1,-4.052186310E-1,-9.733627319E0,-1.104924083E0
5.331997578E1,-3.238157928E-1,-9.738415718E0,-1.176750183E0
5.334016203E1,-2.807201445E-1,-9.704896927E0,-1.207874775E0
5.336034994E1,-3.405751884E-1,-9.654618263E0,-1.215057373E0
5.338053953E1,-4.147954583E-1,-9.657012939E0,-1.246181965E0
5.340073057E1,-4.387374520E-1,-9.659406662E0,-1.270123959E0
5.342092296E1,-4.076128304E-1,-9.664195061E0,-1.291671872E0
5.344111640E1,-3.932476342E-1,-9.700108528E0,-1.294066072E0
5.346131067E1,-3.836708367E-1,-9.702502251E0,-1.277306557E0
5.348150547E1,-3.980360329E-1,-9.695320129E0,-1.234210968E0
5.350170047E1,-3.693056107E-1,-9.671378136E0,-1.183932781E0
5.352189484E1,-3.166331649E-1,-9.673771858E0,-1.210268974E0
5.354208265E1,-3.477577865E-1,-9.680954933E0,-1.250970364E0
5.356226505E1,-4.483142793E-1,-9.666589737E0,-1.253364563E0
5.358244786E1,-5.512649417E-1,-9.661801338E0,-1.224634171E0
5.360263119E1,-5.632359385E-1,-9.664195061E0,-1.217451572E0
5.362281526E1,-4.578910768E-1,-9.690531731E0,-1.234210968E0
5.364300015E1,-3.525462151E-1,-9.716867447E0,-1.234210968E0
5.366318599E1,-3.214215636E-1,-9.726444244E0,-1.219845772E0
5.368337276E1,-3.477577865E-1,-9.716867447E0,-1.210268974E0
5.370356046E1,-4.004302323E-1,-9.657012939E0,-1.231816769E0
5.372374911E1,-4.363432527E-1,-9.623494148E0,-1.243787766E0
5.374393859E1,-4.746504724E-1,-9.613917351E0,-1.265335560E0
5.376412890E1,-4.961982965E-1,-9.635464668E0,-1.296460271E0
5.378431984E1,-4.794389009E-1,-9.676166534E0,-1.289277673E0
5.380451130E1,-4.531026781E-1,-9.712079048E0,-1.229422569E0
5.382470307E1,-4.052186310E-1,-9.712079048E0,-1.162384868E0
5.384489505E1,-3.812766075E-1,-9.692925453E0,-1.167173386E0
5.386509786E1,-3.884592354E-1,-9.680954933E0,-1.217451572E0
5.388527588E1,-4.052186310E-1,-9.685743332E0,-1.267729759E0
5.390545422E1,-4.052186310E-1,-9.664195061E0,-1.294066072E0
5.392563328E1,-3.908534348E-1,-9.661801338E0,-1.265335560E0
5.394581338E1,-4.052186310E-1,-9.692925453E0,-1.205480576E0
5.396599474E1,-4.650736749E-1,-9.719262123E0,-1.210268974E0
5.398617755E1,-4.626794755E-1,-9.719262123E0,-1.234210968E0
5.400636203E1,-4.124012291E-1,-9.680954933E0,-1.248576164E0
5.402654817E1,-3.573346138E-1,-9.673771858E0,-1.258152962E0
5.404673609E1,-3.477577865E-1,-9.657012939E0,-1.289277673E0
5.406692567E1,-4.171896577E-1,-9.649829865E0,-1.274912357E0
5.408711672E1,-5.009866953E-1,-9.676166534E0,-1.231816769E0
5.410730911E1,-5.033808947E-1,-9.673771858E0,-1.210268974E0
5.412750255E1,-4.243722558E-1,-9.678560257E0,-1.234210968E0
5.414769682E1,-3.597288132E-1,-9.700108528E0,-1.253364563E0
5.416789161E1,-3.405751884E-1,-9.683348656E0,-1.227028370E0
5.418808661E1,-3.740940094E-1,-9.668983459E0,-1.219845772E0
5.420828119E1,-4.291606545E-1,-9.654618263E0,-1.236605167E0
5.422846901E1,-4.650736749E-1,-9.659406662E0,-1.227028370E0
5.424865140E1,-4.866214991E-1,-9.700108528E0,-1.203086376E0
5.426883422E1,-4.483142793E-1,-9.683348656E0,-1.188721180E0
5.428901755E1,-3.932476342E-1,-9.692925453E0,-1.174355984E0
5.430920161E1,-3.597288132E-1,-9.685743332E0,-1.183932781E0
5.432938651E1,-3.884592354E-1,-9.676166534E0,-1.200692177E0
5.434957234E1,-4.578910768E-1,-9.659406662E0,-1.207874775E0
5.436975911E1,-5.033808947E-1,-9.668983459E0,-1.219845772E0
5.438994682E1,-4.770447016E-1,-9.695320129E0,-1.227028370E0
5.441013546E1,-4.243722558E-1,-9.690531731E0,-1.229422569E0
5.443032494E1,-3.932476342E-1,-9.661801338E0,-1.227028370E0
5.445051515E1,-3.836708367E-1,-9.649829865E0,-1.243787766E0
5.447070599E1,-4.004302323E-1,-9.678560257E0,-1.236605167E0
5.449089734E1,-3.932476342E-1,-9.709685326E0,-1.207874775E0
5.451108901E1,-3.932476342E-1,-9.688137054E0,-1.205480576E0
5.453128088E1,-3.980360329E-1,-9.664195061E0,-1.205480576E0
5.455148359E1,-4.291606545E-1,-9.661801338E0,-1.193509579E0
5.457166213E1,-4.626794755E-1,-9.659406662E0,-1.212663174E0
5.459184099E1,-4.483142793E-1,-9.673771858E0,-1.229422569E0
5.461202046E1,-3.932476342E-1,-9.690531731E0,-1.195903778E0
5.463220088E1,-3.716998100E-1,-9.700108528E0,-1.143231273E0
5.465238255E1,-4.267664552E-1,-9.716867447E0,-1.136048675E0
5.467256567E1,-4.531026781E-1,-9.714473724E0,-1.174355984E0
5.469275036E1,-4.459200799E-1,-9.709685326E0,-1.176750183E0
5.471293672E1,-4.076128304E-1,-9.690531731E0,-1.150413871E0
5.473312474E1,-3.788824081E-1,-9.688137054E0,-1.174355984E0
5.475331432E1,-3.740940094E-1,-9.668983459E0,-1.207874775E0
5.477350536E1,-4.028244317E-1,-9.664195061E0,-1.215057373E0
5.479369765E1,-4.531026781E-1,-9.673771858E0,-1.193509579E0
5.481389099E1,-4.578910768E-1,-9.695320129E0,-1.179144382E0
5.483408505E1,-4.291606545E-1,-9.716867447E0,-1.179144382E0
5.485427953E1,-3.956418335E-1,-9.700108528E0,-1.191115379E0
5.487447422E1,-3.693056107E-1,-9.697713852E0,-1.198297977E0
5.489466734E1,-3.740940094E-1,-9.673771858E0,-1.219845772E0
5.491485515E1,-4.052186310E-1,-9.652224541E0,-1.234210968E0
5.493503755E1,-4.339490533E-1,-9.640253067E0,-1.248576164E0
5.495522036E1,-4.387374520E-1,-9.645041466E0,-1.253364563E0
5.497540369E1,-4.291606545E-1,-9.678560257E0,-1.212663174E0
5.499558776E1,-4.339490533E-1,-9.692925453E0,-1.159990668E0
5.501577265E1,-4.650736749E-1,-9.685743332E0,-1.124077678E0
5.503595849E1,-4.914098978E-1,-9.683348656E0,-1.143231273E0
5.505614526E1,-4.578910768E-1,-9.738415718E0,-1.183932781E0
5.507633297E1,-3.932476342E-1,-9.712079048E0,-1.181538582E0
5.509652161E1,-3.621230125E-1,-9.721655846E0,-1.116895080E0
5.511671109E1,-4.147954583E-1,-9.673771858E0,-1.138442874E0
5.513690130E1,-4.626794755E-1,-9.633070946E0,-1.238999367E0
5.515709213E1,-4.626794755E-1,-9.652224541E0,-1.301248670E0
5.517728349E1,-4.339490533E-1,-9.609128952E0,-1.322796464E0
5.519747515E1,-4.028244317E-1,-9.633070946E0,-1.310825467E0
5.521766703E1,-4.171896577E-1,-9.628282547E0,-1.234210968E0
5.523786974E1,-5.129576921E-1,-9.676166534E0,-1.150413871E0
5.525804828E1,-6.829460263E-1,-9.683348656E0,-1.128866076E0
5.527822713E1,-8.122329116E-1,-9.740809441E0,-1.100135684E0
5.529840661E1,-7.523778677E-1,-9.838972092E0,-1.102529883E0
5.531858703E1,-6.350619793E-1,-9.803058624E0,-1.104924083E0
5.533876869E1,-5.440823436E-1,-9.659406662E0,-1.112106681E0
5.535895182E1,-4.914098978E-1,-9.599552155E0,-1.222239971E0
5.537913651E1,-3.836708367E-1,-9.594763756E0,-1.361103654E0
5.539932286E1,-2.711433470E-1,-9.625887871E0,-1.358709455E0
5.541951078E1,-2.352303118E-1,-9.664195061E0,-1.219845772E0
5.543970026E1,-2.926911712E-1,-9.680954933E0,-1.100135684E0
5.545989119E1,-3.836708367E-1,-9.688137054E0,-1.109712481E0
5.548008338E1,-3.669114113E-1,-9.630676270E0,-1.140837073E0
5.550027661E1,-2.855085433E-1,-9.747992516E0,-1.088164687E0
5.552047057E1,-1.490390599E-1,-9.800664902E0,-1.191115379E0
5.554066505E1,-7.781155407E-3,-9.642647743E0,-1.286883354E0
5.556085974E1,-6.524199992E-2,-9.719262123E0,-1.198297977E0
5.558105338E1,-2.495955229E-1,-9.609128952E0,-1.215057373E0
5.560124119E1,-3.453635871E-1,-9.712079048E0,-1.191115379E0
5.562142359E1,-2.519897223E-1,-9.745597839E0,-1.205480576E0
5.564160640E1,-2.543839216E-1,-9.609128952E0,-1.157596469E0
5.566178974E1,-3.357867897E-1,-9.673771858E0,-1.136048675E0
5.568197380E1,-3.884592354E-1,-9.659406662E0,-1.234210968E0
5.570215869E1,-4.219780564E-1,-9.697713852E0,-1.222239971E0
5.572234453E1,-3.573346138E-1,-9.767146111E0,-1.152808070E0
5.574253130E1,-2.232593149E-1,-9.793481827E0,-1.140837073E0
5.576271901E1,-1.059434265E-1,-9.728838921E0,-1.169567585E0
5.578290765E1,-9.636662155E-2,-9.659406662E0,-1.198297977E0
5.580309713E1,-2.136825025E-1,-9.599552155E0,-1.231816769E0
5.582328734E1,-4.076128304E-1,-9.649829865E0,-1.248576164E0
5.584347817E1,-5.416881442E-1,-9.774328232E0,-1.227028370E0
5.586366953E1,-5.752069354E-1,-9.910798073E0,-1.116895080E0
5.588386119E1,-5.129576921E-1,-1.003529644E1,-9.205705523E-1
5.590405307E1,-3.740940094E-1,-1.003529644E1,-8.559271097E-1
5.592425578E1,-3.046621680E-1,-9.771934509E0,-1.049857497E0
5.594443422E1,-4.698620737E-1,-9.520543098E0,-1.243787766E0
5.596461296E1,-7.380126715E-1,-9.372102737E0,-1.363497853E0
5.598479234E1,-8.529343605E-1,-9.326612473E0,-1.567005038E0
5.600497265E1,-8.050503135E-1,-9.381679535E0,-1.787271619E0
5.602515422E1,-7.068880796E-1,-9.412803650E0,-1.794454217E0
5.604533724E1,-5.799953341E-1,-9.410409927E0,-1.564610839E0
5.606552182E1,-5.153518915E-1,-9.525331497E0,-1.183932781E0
5.608570807E1,-4.650736749E-1,-9.747992516E0,-8.774749041E-1
5.610589599E1,-2.711433470E-1,-9.906009674E0,-8.774749041E-1
5.612608546E1,-2.992752008E-3,-9.903614998E0,-8.870517015E-1
5.614627640E1,2.388216257E-1,-9.865307808E0,-8.918401599E-1
5.616646859E1,3.345896900E-1,-9.913191795E0,-8.583213091E-1
5.618666182E1,1.789665818E-1,-9.812635422E0,-8.559271097E-1
5.620685588E1,-5.566519126E-2,-9.692925453E0,-9.445125461E-1
5.622705047E1,-3.357867897E-1,-9.613917351E0,-1.004367590E0
5.624724526E1,-5.680243373E-1,-9.578003883E0,-9.708487988E-1
5.626743932E1,-6.781576276E-1,-9.642647743E0,-8.583213091E-1
5.628762713E1,-6.590040326E-1,-9.771934509E0,-7.410054207E-1
5.630780953E1,-4.028244317E-1,-9.894038200E0,-7.386112213E-1
5.632799234E1,-2.879027426E-1,-9.714473724E0,-6.141127348E-1
5.634817567E1,-1.729810685E-1,-9.769539833E0,-6.931213737E-1
5.636835974E1,-2.567781210E-1,-9.810241699E0,-7.026981711E-1
5.638856854E1,-3.812766075E-1,-9.793481827E0,-6.356605291E-1
5.640875192E1,-4.938040972E-1,-9.597157478E0,-7.218518257E-1
5.642893552E1,-5.536591411E-1,-9.556455612E0,-8.918401599E-1
5.644911948E1,-5.153518915E-1,-9.853337288E0,-9.205705523E-1
5.646930395E1,-5.392939448E-1,-9.783905029E0,-8.631097078E-1
5.648948906E1,-4.124012291E-1,-9.762357712E0,-7.266402245E-1
5.650967484E1,-4.052186310E-1,-9.791088104E0,-6.500257850E-1
5.652986140E1,-4.938040972E-1,-9.680954933E0,-7.793126702E-1
5.655004880E1,-5.536591411E-1,-9.666589737E0,-1.033097982E0
5.657023698E1,-5.201402903E-1,-9.606734276E0,-1.169567585E0
5.659042588E1,-5.249287486E-1,-9.477447510E0,-1.133654475E0
5.661061546E1,-3.645172119E-1,-9.800664902E0,-1.057040095E0
5.663080562E1,-2.232593149E-1,-9.831789017E0,-1.064222693E0
5.665099625E1,-2.256535143E-1,-9.544485092E0,-1.052251697E0
5.667118718E1,-2.663549483E-1,-9.623494148E0,-1.033097982E0
5.669137828E1,-3.190273643E-1,-9.798270226E0,-1.028309584E0
5.671157484E1,-4.100070298E-1,-9.654618263E0,-9.971849918E-1
5.673176442E1,-4.291606545E-1,-9.599552155E0,-9.660604000E-1
5.675194182E1,3.292027488E-2,-1.002571964E1,-1.124077678E0
5.677211979E1,-2.088941038E-1,-9.791088104E0,-1.066616893E0
5.679229869E1,-3.477577865E-1,-9.594763756E0,-9.349357486E-1
5.681247885E1,-3.429693878E-1,-9.589975357E0,-1.013944387E0
5.683266052E1,-5.153518915E-1,-9.668983459E0,-9.995791912E-1
5.685284390E1,-7.643488646E-1,-9.822212219E0,-8.032546639E-1
5.687302911E1,-8.840589523E-1,-9.673771858E0,-7.864952683E-1
5.689321619E1,-6.135141850E-1,-9.623494148E0,-1.025915384E0
5.691340510E1,-2.567781210E-1,-9.673771858E0,-1.167173386E0
5.693359567E1,1.095347255E-1,-9.812635422E0,-1.128866076E0
5.695378770E1,2.890998423E-1,-9.925163269E0,-9.756371975E-1
5.697398099E1,1.574187577E-1,-9.925163269E0,-7.553706169E-1
5.699417526E1,-1.250970364E-1,-9.786299706E0,-6.356605291E-1
5.701437020E1,-4.076128304E-1,-9.654618263E0,-6.859387755E-1
5.703456552E1,-5.680243373E-1,-9.680954933E0,-8.631097078E-1
5.705476067E1,-4.626794755E-1,-9.676166534E0,-1.059434295E0
5.707495203E1,-4.722562730E-1,-9.719262123E0,-1.140837073E0
5.709513713E1,-3.980360329E-1,-9.769539833E0,-1.064222693E0
5.711531974E1,-3.764882088E-1,-9.831789017E0,-8.248024583E-1
5.713550281E1,-5.177460909E-1,-9.659406662E0,-5.470750928E-1
5.715568651E1,-4.985924959E-1,-9.688137054E0,-5.470750928E-1
5.717587099E1,-3.477577865E-1,-9.961075783E0,-8.032546639E-1
5.719605635E1,-1.729810685E-1,-1.019331360E1,-1.009155989E0
5.721624265E1,-7.721300423E-2,-1.011191082E1,-9.852139950E-1
5.723642989E1,4.489128292E-2,-1.011191082E1,-7.841010690E-1
5.725661807E1,1.286883354E-1,-1.031781197E1,-5.518634915E-1
5.727680713E1,4.489128292E-2,-1.026035118E1,-3.675099611E-1
5.729699698E1,-2.041056901E-1,-9.477447510E0,-2.693476975E-1
5.731718750E1,-3.262099922E-1,-9.087192535E0,-3.579331636E-1
5.733737859E1,-2.376245260E-1,-9.506177902E0,-5.925649405E-1
5.735757010E1,-2.184709013E-1,-9.884461403E0,-7.146692276E-1
5.737776187E1,-2.543839216E-1,-1.001135445E1,-6.189011335E-1
5.739795916E1,-4.794389009E-1,-9.451110840E0,-1.568202078E-1
5.741814963E1,-7.428010702E-1,-8.792705536E0,4.201824069E-1
5.743832802E1,-7.044938207E-1,-9.127894402E0,3.100491166E-1
5.745850692E1,1.909375787E-1,-1.007120991E1,-1.045069098E0
5.747868672E1,-1.993172914E-1,-1.032020664E1,-1.496376097E-1
5.749886765E1,-4.004302323E-1,-1.064102936E1,6.859387755E-1
5.751904994E1,-9.630676508E-1,-9.542090416E0,1.097741485E0
5.753923375E1,-8.433575630E-1,-8.519766808E0,-1.041477770E-1
5.755941916E1,-7.715315223E-1,-8.165425301E0,4.106055796E-1
5.757960625E1,-2.831143439E-1,-9.278728485E0,7.649474144E-1
5.759979494E1,-6.230909824E-1,-9.724050522E0,6.787561774E-1
5.761998515E1,-7.571662664E-1,-1.028189945E1,1.687912196E-1
5.764017672E1,-7.667431235E-1,-1.034654236E1,-1.759738177E-1
5.766036942E1,-5.919663906E-1,-1.061948204E1,-2.932897210E-1
5.768056307E1,-1.192911029E0,-1.068651962E1,7.062894851E-2
5.770075739E1,-8.601169586E-1,-1.084932518E1,7.984662652E-1
5.772095208E1,-1.227028370E-1,-1.113662910E1,9.421183467E-1
5.774114661E1,3.226186931E-1,-1.089242077E1,7.864952683E-1
5.776133765E1,-3.669114113E-1,-1.045428181E1,1.298854470E0
5.778152276E1,-7.691373229E-1,-9.740809441E0,1.851915002E0
5.780170536E1,-1.568800688E0,-9.252392769E0,1.614889026E0
5.782188843E1,-2.627037764E0,-9.034520149E0,1.277306557E0
5.784207213E1,-4.149750233E0,-9.582792282E0,1.432929754E0
5.786225661E1,-3.086724520E0,-9.695320129E0,1.234210968E0
5.788244198E1,-2.385223389E0,-8.629899979E0,1.906981707E0
5.790262828E1,-2.485780001E0,-8.397662163E0,1.452083349E0
5.792281552E1,-3.196857929E0,-8.950722694E0,7.960720658E-1
5.794300369E1,-2.837727547E0,-1.000656605E1,8.056488633E-1
5.796319276E1,-2.945466757E0,-1.015500641E1,8.511387110E-1
5.798338260E1,-3.187281132E0,-9.139864922E0,5.327098966E-1
5.800357312E1,-3.160944700E0,-7.851784706E0,5.614402890E-1
5.802376422E1,-2.976591349E0,-6.934805393E0,8.678981066E-1
5.804395573E1,-1.676539779E0,-7.380126953E0,8.200140595E-1
5.806414750E1,-2.782660961E0,-7.911639690E0,1.215057373E0
5.808434479E1,-4.609436989E0,-8.069656372E0,4.872200489E-1
5.810453526E1,-4.039616585E0,-8.783128738E0,4.537012279E-1
5.812471364E1,-3.113060713E0,-9.999382973E0,7.146692276E-1
5.814489255E1,-2.301426411E0,-1.064102936E1,8.678981066E-1
5.816507234E1,-2.550423384E0,-9.427168846E0,6.811503768E-1
5.818525328E1,-3.034052134E0,-8.127118111E0,9.253589511E-1
5.820543557E1,-3.488950491E0,-7.890091896E0,1.557428241E0
5.822561937E1,-3.663727045E0,-8.586804390E0,1.464054346E0
5.824580479E1,-3.663727045E0,-9.884461403E0,1.097741485E0
5.826599187E1,-3.153762102E0,-1.023880386E1,7.984662652E-1
5.828618057E1,-3.184886694E0,-1.017416000E1,5.734112859E-1
5.830637078E1,-3.366846085E0,-1.011191082E1,8.798691034E-1
5.832656234E1,-3.816956043E0,-1.010712242E1,1.174355984E0
5.834675505E1,-3.939060450E0,-9.996989250E0,1.159990668E0
5.836694869E1,-3.850474834E0,-9.913191795E0,9.876081944E-1
5.838714302E1,-3.544017076E0,-1.064102936E1,1.291671872E0
5.840733770E1,-3.122637510E0,-1.208233929E1,1.715445518E0
5.842753224E1,-3.160944700E0,-1.233851814E1,1.729810715E0
5.844772328E1,-3.443460703E0,-1.022683239E1,1.353921056E0
5.846791104E1,-1.262342811E0,-1.028429317E1,2.086546898E0
5.848809604E1,-1.947084546E0,-5.917269707E0,2.620453835E0
5.850827854E1,-3.285443306E0,-6.661866188E0,-2.980781198E-1
5.852846156E1,-3.139396906E0,-3.824737310E0,1.741781712E0
5.854864526E1,-4.082712650E0,-6.283582211E0,2.680308819E0
5.856882974E1,-2.014122248E0,-1.042555141E1,1.883039594E0
5.858901510E1,-1.889623642E0,-1.008557510E1,2.737769604E0
5.860920140E1,-1.892017841E0,-1.082059479E1,2.649184227E0
5.862938864E1,-1.846528053E0,-1.102410126E1,2.263717651E0
5.864957682E1,-2.188898802E0,-1.143111610E1,1.918952703E0
5.866976588E1,-1.575983286E0,-1.107437992E1,2.742558002E0
5.868995573E1,-1.408389091E0,-9.475052834E0,4.440047264E0
5.871014625E1,-2.306214809E0,-7.243657112E0,4.009090900E0
5.873033734E1,-6.007650852E0,-1.268088913E1,2.673126221E0
5.875052885E1,-6.366780758E0,-1.468004799E1,2.785653591E0
5.877072062E1,-4.516062737E0,-1.093551636E1,8.631097078E-1
5.879091791E1,-2.507327795E0,-9.961075783E0,1.717839718E0
5.881110849E1,-7.260416746E-1,-8.847772598E0,6.189011335E-1
5.883128708E1,-5.042787552E0,-6.961141586E0,2.400187254E0
5.885146614E1,-7.899069786E0,-7.143100739E0,4.143166065E0
5.887164599E1,-6.354809761E0,-9.929951668E0,2.297236443E0
5.889182692E1,-5.512050629E0,-8.093599319E0,1.485602140E0
5.891200922E1,-2.119467020E0,-1.018613148E1,2.993949175E0
5.893219302E1,-2.849698544E0,-6.159083843E0,5.744886875E0
5.895237843E1,-4.219182014E0,-5.917269707E0,4.701014996E0
5.897256552E1,-4.848856926E0,-6.408081055E0,5.256469727E0
5.899275422E1,-5.684433460E0,-5.553350925E0,6.815094948E0
5.901294442E1,-4.973355293E0,-4.765658379E0,6.113594055E0
5.903313599E1,-5.095459938E0,-4.662707806E0,5.737704277E0
5.905332869E1,-6.613383770E0,-3.695450306E0,7.001842976E0
5.907352229E1,-8.851962090E0,-3.125630379E0,7.516596317E0
5.909371651E1,-9.948506355E0,-3.326743364E0,8.526948929E0
5.911391109E1,-1.008258152E1,-3.305195332E0,8.567650795E0
5.913410557E1,-9.618106842E0,-3.716998100E0,8.012195587E0
5.915429661E1,-9.754576683E0,-4.624400616E0,7.310694695E0
5.917448172E1,-8.672396660E0,-4.519055843E0,6.647500992E0
5.919466432E1,-6.721122742E0,-4.590881824E0,6.661866188E0
5.921484739E1,-5.787384033E0,-5.165490150E0,7.133523941E0
5.923503109E1,-5.399523258E0,-5.670666695E0,7.552509308E0
5.925521557E1,-4.018068790E0,-5.167884350E0,7.564480305E0
5.927540093E1,-1.609502077E0,-5.452794552E0,8.237251282E0
5.929558724E1,-2.476203203E0,-4.344278812E0,7.942764282E0
5.931577448E1,-2.406771183E0,-4.399345398E0,7.760804653E0
5.933596265E1,-3.110666513E0,-3.060986757E0,6.089652061E0
5.935615172E1,-3.098695517E0,-2.835932016E0,6.494272232E0
5.937634156E1,-3.860650361E-1,-4.171896458E0,1.081101799E1
5.939653208E1,3.384802580E0,-6.441599846E0,9.329007149E0
5.941672317E1,3.497330189E0,-5.108029366E0,6.582857609E0
5.943691468E1,-3.397970676E0,2.187103271E0,7.681796074E0
5.945710645E1,-4.956595898E0,2.310404629E-1,1.059314537E1
5.947730375E1,-2.926911712E-1,-3.262099743E0,9.374496460E0
5.949749416E1,1.660977483E0,-3.661931515E0,7.813477039E0
5.951767244E1,1.783081770E0,-2.287659645E0,8.493430138E0
5.953785125E1,-1.252766013E0,5.865794048E-2,9.690531731E0
5.955803093E1,-1.719635367E0,1.215057373E0,9.489418030E0
5.957821177E1,-7.475894690E-1,8.726865053E-1,8.761581421E0
5.959839395E1,3.298012912E-1,4.129997790E-1,8.816647530E0
5.961857770E1,2.364274114E-1,8.702923059E-1,9.360131264E0
5.963876312E1,-3.190273643E-1,1.461660147E0,9.376891136E0
5.965895020E1,-5.368997455E-1,1.559822440E0,8.692149162E0
5.967913890E1,-2.639607489E-1,8.439561129E-1,9.716867447E0
5.969932911E1,2.795230448E-1,3.914519846E-1,8.589199066E0
5.971952067E1,4.926069975E-1,7.266402245E-1,9.091980934E0
5.973971338E1,2.460042238E-1,1.090558887E0,9.441534042E0
5.975990703E1,-2.376245260E-1,1.499967337E0,9.235632896E0
5.978010135E1,-1.017535757E-2,1.734599113E0,8.814253807E0
5.980029604E1,-2.088941038E-1,1.746570110E0,8.785523415E0
5.982049078E1,-1.781884670E0,2.721010208E0,9.685743332E0
5.984068203E1,-1.750759959E0,3.590105534E0,9.487024307E0
5.986086713E1,-7.020996213E-1,2.524685621E0,9.187748909E0
5.988104974E1,-5.536591411E-1,2.108094692E0,8.850166321E0
5.990123281E1,-5.201402903E-1,2.155978680E0,8.491036415E0
5.992141651E1,-2.879027426E-1,1.751358509E0,8.878896713E0
5.994160099E1,-1.107318252E-1,1.310825467E0,9.142259598E0
5.996178635E1,-2.543839216E-1,1.344344258E0,9.585186958E0
5.998197265E1,-4.028244317E-1,1.600523829E0,9.891644478E0
6.000215989E1,-6.350619793E-1,1.816002011E0,9.647436142E0
6.002234807E1,-8.170213103E-1,2.232593060E0,9.477447510E0
6.004253713E1,-6.039373875E-1,2.275688648E0,9.266757965E0
6.006272698E1,-4.770447016E-1,2.136825085E0,9.034520149E0
6.008291750E1,-5.967547894E-1,2.187103271E0,9.525331497E0
6.010310859E1,-6.446388364E-1,1.887827992E0,9.891644478E0
6.012330010E1,-6.111199856E-1,1.827973008E0,9.743204117E0
6.014349187E1,-5.440823436E-1,1.863885999E0,9.357737541E0
6.016368916E1,-8.098387122E-1,2.266111851E0,8.184578896E0
6.018387958E1,-1.623867273E0,2.479195833E0,1.118451309E1
6.020405786E1,-1.645415068E0,2.234987259E0,1.183813000E1
