"Time (s)","Gyroscope x (rad/s)","Gyroscope y (rad/s)","Gyroscope z (rad/s)"
4.169309400E-2,-4.275701940E-1,-5.709813237E-1,-7.283740491E-2
6.196226000E-2,-2.805638015E-1,-6.407560706E-1,-2.097237855E-1
8.223142700E-2,-2.033322006E-1,-5.715139508E-1,-1.676458716E-1
1.025005940E-1,-1.687111259E-1,-4.954807460E-1,-8.082687855E-2
1.227698640E-1,-1.063932031E-1,-4.347607195E-1,-9.094688296E-2
1.430391350E-1,-3.289001435E-2,-4.928175807E-1,-1.127847880E-1
1.633084060E-1,1.771000773E-2,-6.348971128E-1,-5.366265774E-2
1.835777290E-1,3.315633163E-2,-8.138614297E-1,8.122635074E-3
2.038470520E-1,4.860265180E-2,-9.326383471E-1,-3.395527974E-2
2.241163750E-1,-7.443529367E-2,-9.805752039E-1,-5.419528857E-2
2.443856460E-1,-3.024017215E-1,-9.603351951E-1,-3.448791057E-2
2.646550210E-1,-3.588607013E-1,-9.294425249E-1,-8.775109053E-2
2.849243960E-1,-2.283658981E-1,-1.048752069E0,-1.197090000E-1
3.051937710E-1,-1.719069183E-1,-1.396960139E0,4.061317816E-2
3.254630940E-1,-4.664523304E-1,-2.115347385E0,2.487390637E-1
3.457324170E-1,-1.152215838E0,-3.102580309E0,4.559328258E-1
3.660017920E-1,-1.700160742E0,-3.833617449E0,5.214465261E-1
3.862711140E-1,-2.027729273E0,-4.346941471E0,7.663240433E-1
4.065404890E-1,-1.792306066E0,-3.995004892E0,9.042756557E-1
4.268098120E-1,-1.259807467E0,-2.549309015E0,7.865640521E-1
4.470791870E-1,-9.643298984E-1,-1.207343221E0,8.366314173E-1
4.673485620E-1,-9.062730670E-1,-1.141296864E0,1.010802031E0
4.876178850E-1,-8.306393027E-1,-1.432646394E0,1.015063047E0
5.078872600E-1,-5.115928650E-1,-1.302684307E0,1.053412557E0
5.281565830E-1,5.339634046E-2,-1.203082085E0,1.204147339E0
5.484259580E-1,3.419496417E-1,-1.436374903E0,1.616271257E0
5.686952810E-1,7.882951200E-2,-2.031723976E0,1.818671346E0
5.889646560E-1,-4.637891650E-1,-2.090313673E0,1.730254412E0
6.092339790E-1,-7.225150466E-1,-1.646098614E0,1.444763780E0
6.295033540E-1,-3.615238369E-1,-1.521063328E0,1.606151223E0
6.499033540E-1,4.319643974E-1,-2.288851976E0,2.106159449E0
6.700420000E-1,1.287637472E0,-2.971552849E0,2.241980553E0
6.903113230E-1,1.315866947E0,-2.592984915E0,1.155677915E0
7.105806980E-1,6.395576596E-1,-2.339984655E0,-3.062632866E-3
7.308500210E-1,4.101265073E-1,-2.862895966E0,2.412822098E-1
7.511193440E-1,8.914924860E-1,-4.314983368E0,1.058206320E0
7.713886670E-1,1.366466880E0,-5.290631771E0,1.853691936E0
7.916580420E-1,1.346226931E0,-5.635643959E0,1.994306684E0
8.119273640E-1,9.133304358E-1,-5.006206512E0,1.708416581E0
8.321966870E-1,2.327601016E-1,-3.947600842E0,1.274454832E0
8.525966870E-1,-4.573975801E-1,-3.805387974E0,1.352618456E0
8.727353330E-1,-6.894918680E-1,-5.400753498E0,1.771799803E0
8.930047080E-1,-4.780370593E-1,-7.199051857E0,1.740374446E0
9.132740310E-1,-1.287637353E-1,-6.762426853E0,1.124785304E0
9.335433540E-1,1.842906028E-1,-5.548825264E0,5.374255180E-1
9.539433540E-1,5.358276367E-1,-5.387970448E0,6.354297400E-1
9.740820000E-1,8.510124683E-1,-5.057339191E0,9.298419952E-1
9.943513230E-1,1.228515267E0,-4.120706081E0,1.084305286E0
1.014620646E0,1.622662783E0,-3.335207224E0,1.521995425E0
1.034889969E0,2.110420465E0,-3.204313040E0,1.869670868E0
1.055289969E0,2.531599045E0,-2.925746679E0,1.566736460E0
1.075428614E0,2.707900286E0,-3.018424511E0,1.227583170E0
1.095697937E0,2.774346113E0,-3.198986769E0,1.357412219E0
1.115967260E0,2.802575588E0,-2.799512863E0,1.536909103E0
1.136236583E0,2.901112318E0,-1.822399735E0,1.325454235E0
1.156636583E0,2.987931252E0,-1.674328089E0,9.127978086E-1
1.176775281E0,3.063032389E0,-1.874597669E0,5.890907645E-1
1.197044604E0,3.142927170E0,-1.766473413E0,6.897581816E-1
1.217313927E0,3.136003017E0,-1.554086447E0,8.739156723E-1
1.237583250E0,2.963963032E0,-1.786713481E0,7.392929792E-1
1.257852573E0,2.557698011E0,-1.963547230E0,2.455432713E-1
1.278121896E0,2.156759501E0,-1.718536615E0,-8.988162130E-2
1.298391271E0,1.898432970E0,-1.571663380E0,1.545963883E-1
1.318660594E0,1.642370224E0,-1.213202119E0,4.985433817E-1
1.338929917E0,1.297224760E0,-8.319709301E-1,6.061350107E-1
1.359199239E0,9.655283093E-1,-7.046719193E-1,4.969455004E-1
1.379468562E0,8.174566627E-1,-8.777772188E-1,2.609896064E-1
1.399737937E0,8.717851043E-1,-1.184972644E0,8.535424620E-2
1.420007260E0,1.010802031E0,-1.398025393E0,-1.637842879E-2
1.440276583E0,9.655283093E-1,-1.040229917E0,2.037316747E-2
1.460676583E0,7.791072130E-1,-7.696529627E-1,-8.189214021E-2
1.480973198E0,5.512739420E-1,-7.712509036E-1,-4.620580971E-1
1.501085229E0,3.584612012E-1,-8.538088202E-1,-7.699192762E-1
1.521354448E0,1.917474568E-1,-5.253081322E-1,-7.251782417E-1
1.541623667E0,-2.969422378E-2,-1.045289934E-1,-5.499423742E-1
1.561892937E0,-3.519364893E-1,3.619233072E-1,-5.179844499E-1
1.582162208E0,-7.209171653E-1,5.982787013E-1,-4.423507154E-1
1.602431531E0,-8.743151426E-1,5.913544893E-1,-3.704454303E-1
1.622700854E0,-7.965508699E-1,5.360939503E-1,-3.374222517E-1
1.642970125E0,-7.432876825E-1,6.456829309E-1,-2.049300969E-1
1.663239500E0,-7.076013684E-1,8.358324766E-1,-1.904158667E-2
1.683508875E0,-7.038729787E-1,7.394261360E-1,9.281109273E-2
1.703778198E0,-6.005423665E-1,1.786979735E-1,-4.833633825E-2
1.724047573E0,-2.704437971E-1,-3.319627941E-1,-3.215764761E-1
1.744316896E0,1.134505793E-1,-4.629902244E-1,-4.359591305E-1
1.764586219E0,2.524674833E-1,-2.312953621E-1,-4.002728164E-1
1.784855594E0,1.336905807E-1,1.984053552E-1,-2.981406748E-1
1.805124969E0,-6.697845459E-2,3.150517344E-1,-3.029343486E-1
1.825394344E0,-1.191763729E-1,1.366200596E-1,-4.993423223E-1
1.845663719E0,1.193095297E-1,1.041295230E-1,-6.937529445E-1
1.865933094E0,4.729770422E-1,6.205160543E-2,-7.177214026E-1
1.886202469E0,8.664588332E-1,-1.322258562E-1,-7.853656411E-1
1.906471844E0,1.313203812E0,-3.378217220E-1,-8.752472401E-1
1.926741219E0,1.895769835E0,6.737792492E-2,-1.435442805E0
1.947010594E0,4.046004295E0,6.115944982E-1,-3.643734217E0
1.967279969E0,4.649875641E0,-1.226517916E0,2.167811543E-1
1.987549344E0,4.963462830E0,1.327851176E0,1.290433764E0
2.007818719E0,4.605134487E0,3.429616213E0,8.499472141E-1
2.028088094E0,2.470346451E0,-2.904174924E-1,-1.334375858E0
2.048357469E0,7.801724672E-1,-1.646098614E0,-1.553686976E0
2.068626844E0,-8.056056499E-1,-3.564638495E-1,6.138581783E-2
2.088896219E0,-2.737461329E0,5.592633970E-3,5.126581341E-2
2.109296219E0,-1.914811373E0,8.582029939E-1,6.524739787E-3
2.129435021E0,1.475390196E-1,6.776408553E-1,-4.812328517E-1
2.149704396E0,1.039564133E0,-2.744385600E-1,-1.006274700E0
2.169973771E0,4.532696903E-1,-1.210405827E-1,-8.151929975E-1
2.190243198E0,-5.728455186E-1,1.014663652E-1,-5.962813497E-1
2.210512573E0,-1.323190570E0,-1.984053478E-2,-5.755086541E-1
2.230781948E0,-1.447826505E0,-4.214449227E-1,-3.757717609E-1
2.251051375E0,-7.811045647E-1,-9.129309654E-1,-1.676458716E-1
2.271320750E0,1.832253486E-1,-1.499225378E0,2.269011587E-1
2.291590125E0,7.263766527E-1,-1.839976668E0,7.785745859E-1
2.311859552E0,6.045371294E-1,-1.870869279E0,1.087501049E0
2.332128927E0,1.800295562E-1,-2.187119484E0,1.058738947E0
2.352528927E0,1.272990108E-1,-2.615355492E0,9.026777744E-1
2.372667729E0,7.530082464E-1,-2.464087963E0,1.031042099E0
2.392937156E0,1.225852132E0,-1.986983061E0,1.034237862E0
2.413206531E0,1.083772540E0,-1.696166039E0,1.234507442E0
2.433475958E0,7.609977126E-1,-1.512541175E0,1.522528052E0
2.453875958E0,9.463536143E-1,-1.733450294E0,1.494831204E0
2.474014760E0,1.250353217E0,-1.865010262E0,8.946883082E-1
2.494284187E0,1.358211190E-1,-1.743037701E-1,4.032022953E-1
2.514553614E0,-5.328981280E-1,1.330514312E0,4.569981098E-1
2.534822989E0,-4.036017656E-1,1.079112053E0,4.495412707E-1
2.555222989E0,5.446160212E-2,8.282424510E-2,5.193160176E-1
2.575361792E0,3.840275407E-1,-2.904174924E-1,5.965476632E-1
2.595631219E0,4.649875760E-1,-1.375521719E-1,5.454149842E-1
2.615900646E0,5.640571117E-1,4.767054692E-2,6.535392404E-1
2.636170073E0,7.684545517E-1,-2.946785688E-1,5.049349666E-1
2.656439448E0,9.197220206E-1,-6.977477074E-1,5.139896870E-1
2.676708875E0,8.089345694E-1,-5.992107987E-1,6.279729009E-1
2.696978250E0,4.554001987E-1,-7.387603521E-1,6.423539519E-1
2.717247677E0,4.442149401E-1,-8.857667446E-1,4.303665161E-1
2.737517104E0,4.167843983E-2,-4.262386262E-1,5.251749754E-1
2.757786479E0,-5.344960093E-1,-1.908153445E-1,4.916191697E-1
2.778055906E0,-6.761760712E-1,-4.800344408E-1,2.657832801E-1
2.798325333E0,-6.990792751E-1,-1.007206798E0,3.528685868E-2
2.818594708E0,-8.173235059E-1,-4.912196994E-1,-2.102564126E-1
2.838864135E0,-1.015329361E0,4.615254700E-1,-1.015995219E-1
2.859133562E0,-1.198022127E0,8.001461625E-1,1.717737690E-2
2.879402989E0,-1.842373490E0,8.395609260E-1,1.407479644E-1
2.899672364E0,-2.131459475E0,1.962748319E-1,3.155843541E-2
2.919941792E0,-1.851428151E0,-9.187898636E-1,-5.792371184E-2
2.940211219E0,-1.615472317E0,-1.106675744E0,-1.740374416E-1
2.960480594E0,-2.245442629E0,6.307692528E-1,-2.523343265E-1
2.980750021E0,-2.146373034E0,1.561676502E0,2.615222335E-1
3.001019448E0,-1.039830446E0,5.764408112E-1,4.271707237E-1
3.021288875E0,-6.442182064E-1,-2.579269707E-1,4.095938802E-1
3.041558250E0,-1.623994470E0,4.034686089E-1,4.399538934E-1
3.061827677E0,-1.177249432E0,1.139299512E0,4.649875760E-1
3.082097104E0,-8.013445735E-1,6.653903127E-1,1.385641694E0
3.102366479E0,-7.323687430E-3,-4.672512710E-1,1.565671206E0
3.122635906E0,4.245075583E-1,3.145190775E-1,1.123719931E0
3.142905333E0,3.675159514E-1,3.384875357E-1,1.183374763E0
3.163174760E0,7.151913643E-1,4.679170549E-1,6.519413590E-1
3.183444135E0,6.454166174E-1,3.347590864E-1,1.934785098E-1
3.203713562E0,2.849580348E-1,5.615270734E-1,-1.447426975E-1
3.223982989E0,8.415582776E-2,9.210535884E-1,-2.198437899E-1
3.244252417E0,1.230379492E-1,1.063798904E0,-1.458079666E-1
3.264521792E0,1.294295341E-1,8.896282911E-1,2.482064217E-1
3.284791219E0,1.565937549E-1,5.779055133E-2,4.708465338E-1
3.305060646E0,6.245107949E-2,-5.499423668E-2,4.799012840E-1
3.325330073E0,-2.688459158E-1,-5.534044504E-1,1.812279820E-1
3.345599500E0,-3.348922431E-1,-1.199753210E-1,-7.856319658E-3
3.365868927E0,-3.210438192E-1,3.169159219E-2,3.155843541E-2
3.386138302E0,-1.921469271E-1,6.125265732E-3,-3.075948730E-2
3.406407729E0,-1.015995219E-1,1.328916401E-1,-6.426202655E-1
3.426677156E0,6.138581783E-2,1.605884880E-1,-1.647430182E0
3.446946583E0,4.458128214E-1,-3.528685868E-2,-2.329598427E0
3.467216010E0,3.025348783E-1,-6.450171471E-1,-1.834383965E0
3.487485385E0,-4.233091474E-1,-4.773712754E-1,-1.520131230E0
3.507754812E0,-6.191844940E-1,-4.619249403E-1,-9.839041233E-1
3.528024239E0,-1.452753246E-1,-6.881603003E-1,-1.371526904E-2
3.548293667E0,2.189116776E-1,-4.273038805E-1,3.850927949E-1
3.568563042E0,3.611243665E-1,-2.009353489E-1,5.741770864E-1
3.588832469E0,3.102580272E-2,2.016011477E-1,9.660609365E-1
3.609101896E0,5.339634046E-2,4.934833944E-1,1.725993395E0
3.629371323E0,-9.105340838E-1,-5.605949834E-2,2.187119484E0
3.649640750E0,-1.249154806E0,-2.573943138E-1,1.910683513E0
3.669910125E0,-8.562056422E-1,-7.286403179E-1,1.589107037E0
3.690179552E0,-5.344960093E-1,-8.570045829E-1,1.190831542E0
3.710448927E0,-1.996037811E-1,-5.499423668E-2,9.655283093E-1
3.730718406E0,1.438105851E-1,-7.504782081E-1,8.004124761E-1
3.750987781E0,2.844253778E-1,-1.215732098E-1,9.298419952E-1
3.771387781E0,3.201117218E-1,9.187898785E-2,8.605998755E-1
3.791684552E0,2.996053919E-2,1.877527237E-1,4.910865426E-1
3.811796635E0,-1.015995219E-1,-9.014793485E-2,1.278715849E0
3.832065906E0,-1.117195264E-1,-1.127981067E0,1.480450153E0
3.852465906E0,3.866907060E-1,-1.937448263E0,6.886929274E-1
3.872604656E0,2.530001104E-1,-1.103479981E0,1.886848211E-1
3.892873927E0,-2.475406379E-1,-3.948133290E-1,1.045289934E-1
3.913143302E0,-7.390266657E-2,-4.970786572E-1,6.990792602E-2
3.933412625E0,1.800295562E-1,-5.199818015E-1,2.370211631E-1
3.953812625E0,8.149266988E-2,-2.989396155E-1,4.074633420E-1
3.973951427E0,5.978792161E-2,-1.205079481E-1,2.487390637E-1
3.994220802E0,1.518000662E-1,5.406212807E-2,5.659212917E-2
4.014490177E0,1.896169335E-1,3.587275445E-1,-1.095889956E-1
4.034759604E0,2.114548385E-1,4.359591305E-1,-1.905490309E-1
4.055159604E0,1.608548164E-1,4.727107286E-1,-2.805638015E-1
4.075298406E0,1.454084814E-1,5.339633822E-1,-3.885549009E-1
4.095567781E0,2.050632536E-1,5.163865685E-1,-6.420876384E-1
4.115837156E0,-4.301001877E-2,4.599275887E-1,-1.857553422E-1
4.136106531E0,-1.318263728E-2,3.954791129E-1,-2.970753908E-1
4.156506531E0,-3.768370301E-2,1.792306006E-1,-1.692437679E-1
4.176645333E0,-4.194475710E-2,2.564622164E-1,-3.093259335E-1
4.196914760E0,1.131842658E-2,3.795001805E-1,-4.625907242E-1
4.217184135E0,-1.372858584E-1,1.568600684E-1,1.238369010E-2
4.237453562E0,-1.447426975E-1,5.992107838E-2,-3.874896467E-2
4.257722937E0,-1.420795321E-1,1.038632076E-2,-1.346226931E-1
4.277992312E0,-1.591237634E-1,1.962748319E-1,-6.090644598E-1
4.298261739E0,-2.384859025E-1,9.321057238E-3,-9.893636405E-2
4.318531114E0,-1.814942956E-1,-2.030658871E-1,2.343579978E-1
4.338800542E0,-4.567318037E-2,-1.253016293E-1,1.716406047E-1
4.359200542E0,7.297056168E-2,7.856319100E-2,4.167843983E-2
4.379339292E0,1.400821656E-1,2.862896025E-1,1.078579482E-2
4.399608667E0,2.567285299E-1,6.424871087E-1,9.334372729E-2
4.419878094E0,2.024000883E-1,9.418262243E-1,2.471411675E-1
4.440147469E0,-8.082687855E-2,8.752472401E-1,-3.390201628E-1
4.460416844E0,-2.129195631E-1,2.388853729E-1,-3.273022473E-1
4.480686271E0,-3.595264861E-3,-2.728406489E-1,2.516685426E-2
4.500955646E0,8.894951642E-2,-4.693817794E-1,1.087900475E-1
4.521225021E0,3.155843541E-2,-2.685796022E-1,5.552686751E-2
4.541494448E0,-3.502054140E-2,-5.978792161E-2,-5.193160381E-3
4.561763823E0,-4.460791498E-2,-3.049317189E-2,2.263685223E-3
4.582033198E0,-5.685844645E-2,-6.831002980E-2,3.049317189E-2
4.602302573E0,-6.271740049E-2,-6.831002980E-2,4.008054361E-2
4.622572000E0,-4.780370742E-2,-5.978792161E-2,3.528685868E-2
4.642841375E0,-3.448791057E-2,-6.191844866E-2,2.197106183E-2
4.663110750E0,-3.448791057E-2,-6.724476814E-2,9.720530361E-3
4.683380125E0,-4.354264960E-2,-6.245107949E-2,7.590003312E-3
4.703649500E0,-5.153212696E-2,-5.446160212E-2,1.557948068E-2
4.723918875E0,-6.325002760E-2,-4.700475931E-2,1.984053478E-2
4.744188250E0,-7.283740491E-2,-5.819002539E-2,2.569948509E-2
4.764457677E0,-8.508793265E-2,-9.547425061E-2,1.717737690E-2
4.784727052E0,-1.026647836E-1,-1.444763839E-1,-7.856319658E-3
4.804996427E0,-1.479384899E-1,-1.625858694E-1,-4.354264960E-2
4.825265802E0,-2.379532605E-1,-1.263668984E-1,-8.775109053E-2
4.845535177E0,-3.327617347E-1,-1.029310971E-1,-1.415469050E-1
4.865804552E0,-4.281028211E-1,-6.617950648E-2,-2.075932473E-1
4.886073927E0,-5.392897129E-1,1.145158429E-2,-2.976080179E-1
4.906343302E0,-6.218476295E-1,1.158474237E-1,-4.013380706E-1
4.926612677E0,-6.964160800E-1,4.050664902E-1,-5.217128396E-1
4.946882052E0,-6.596645117E-1,5.913544893E-1,-6.223802567E-1
4.967151375E0,-5.664539337E-1,4.082622826E-1,-6.633929610E-1
4.987420802E0,-6.340981722E-1,4.641886353E-1,-7.363634706E-1
5.007690177E0,-7.193192840E-1,3.523359597E-1,-7.262434959E-1
5.027959552E0,-7.608645558E-1,-1.886848211E-1,-6.697844863E-1
5.048228927E0,-8.977509141E-1,-2.973417044E-1,-5.744433999E-1
5.068498302E0,-8.290414214E-1,-4.960133731E-1,-3.832286000E-1
5.088767625E0,-5.281044245E-1,-3.032006621E-1,-3.960117698E-1
5.109037000E0,-3.466101587E-1,3.123885691E-1,-4.913528562E-1
5.129306375E0,-3.258375227E-1,3.997401893E-1,-5.201149583E-1
5.149706375E0,-3.029343486E-1,4.018706977E-1,-4.364917874E-1
5.169845125E0,-2.384859025E-1,4.636560082E-1,-3.443464637E-1
5.190114500E0,-1.980058849E-1,5.371592045E-1,-2.981406748E-1
5.210383875E0,-2.118543088E-1,5.227781534E-1,-2.768353820E-1
5.230653250E0,-2.278332561E-1,5.313002467E-1,-2.677806616E-1
5.250922625E0,-2.027995586E-1,5.689839721E-1,-2.491385341E-1
5.271191948E0,-1.964079887E-1,5.604618192E-1,-2.288985252E-1
5.291461323E0,-1.745700836E-1,4.929507375E-1,-2.059953511E-1
5.311861323E0,-1.585911214E-1,3.608580530E-1,-1.703090221E-1
5.332157989E0,-1.468732208E-1,2.175800949E-1,-1.697763950E-1
5.352427417E0,-1.090563685E-1,9.507478029E-2,-1.964079887E-1
5.372539500E0,-2.490053698E-2,-4.860265180E-2,-2.273006290E-1
5.392808719E0,1.097221524E-1,-2.323606312E-1,-2.027995586E-1
5.413077989E0,2.636527419E-1,-4.012049139E-1,-1.479384899E-1
5.433347260E0,4.048001766E-1,-5.534044504E-1,-6.697845459E-2
5.453747260E0,4.921517968E-1,-5.885581374E-1,2.569948509E-2
5.473885958E0,4.719117880E-1,-3.303648829E-1,1.727058738E-1
5.494155229E0,1.486042738E-1,2.660495937E-1,2.428801060E-1
5.514424552E0,-4.366249442E-1,7.293061018E-1,-5.259739235E-2
5.534693875E0,-3.721764982E-1,1.155811071E0,-3.603254259E-1
5.555093875E0,-3.791007102E-1,-4.795017838E-1,7.590003312E-3
5.575232573E0,4.143875539E-1,-4.860265180E-2,6.785729527E-1
5.595501948E0,1.258875251E0,1.230379462E0,1.336639524E0
5.615771323E0,1.609879732E0,9.583377838E-1,1.337704778E0
5.636040698E0,1.849430799E0,1.049950480E0,9.474188685E-1
5.656310073E0,1.516669154E0,1.230379462E0,7.089329362E-1
5.676579396E0,1.249287963E0,7.767103314E-1,4.921517968E-1
5.696848771E0,1.236504793E0,4.966791868E-1,3.494064808E-1
5.717118146E0,1.338770032E0,6.339650154E-1,3.020022511E-1
5.737387521E0,1.449024916E0,7.953524590E-1,3.105243444E-1
5.757656896E0,1.470330119E0,1.419463754E0,3.637875319E-1
5.777926271E0,1.452753305E0,1.725593925E0,3.499391079E-1
5.798195646E0,1.518267035E0,1.449823856E0,3.542001545E-1
5.818465021E0,1.581117511E0,1.213867903E0,4.783033729E-1
5.838734396E0,1.547561765E0,1.385375381E0,6.018739343E-1
5.859003771E0,1.301485896E0,1.677124500E0,6.998782158E-1
5.879273146E0,1.100816846E0,1.614273906E0,6.993455887E-1
5.899542521E0,9.538104534E-1,1.524392247E0,6.540718675E-1
5.919811896E0,8.211851120E-1,1.122787833E0,5.587307811E-1
5.940081271E0,7.588672042E-1,7.660577297E-1,5.528718233E-1
5.960350646E0,8.062714338E-1,4.641886353E-1,5.768402815E-1
5.980620021E0,7.269092798E-1,3.134538233E-1,6.796382070E-1
6.000889396E0,4.761728346E-1,2.846917212E-1,5.890907645E-1
6.021158771E0,2.412822098E-1,2.324937880E-1,4.607265294E-1
6.041428146E0,2.250369452E-2,1.424790174E-1,4.106591344E-1
6.061697521E0,-1.751027107E-1,1.808284968E-1,3.984085917E-1
6.081966896E0,-2.938795984E-1,3.342264593E-1,3.600591123E-1
6.102236323E0,-4.030691385E-1,4.508728385E-1,1.572595388E-1
6.122505698E0,-7.550055981E-1,6.510092616E-1,2.516685426E-2
6.142775073E0,-2.041045189E0,3.374222517E-1,3.315633163E-2
6.163044448E0,-2.949448824E0,-6.498108506E-1,-4.029359818E-1
6.183313823E0,-2.798713923E0,-1.194426864E-1,-1.189499974E0
6.203583198E0,-2.877543449E0,8.832367063E-1,-1.139432669E0
6.223852573E0,-2.619350195E0,1.588840723E0,-8.960198760E-1
6.244121948E0,-2.444114208E0,2.338520050E0,-6.202497482E-1
6.264391323E0,-2.444646835E0,1.660612822E0,-5.611276031E-1
6.284660594E0,-2.100566626E0,-5.290365815E-1,-8.178561330E-1
6.304930073E0,-1.862613440E0,-9.566067457E-1,-1.290700078E0
6.325199448E0,-2.036251545E0,-3.639206886E-1,-1.753956556E0
6.345468823E0,-2.288585663E0,-6.391581893E-1,-1.853558779E0
6.365738198E0,-2.455832243E0,-4.848281145E-1,-1.714009166E0
6.386007573E0,-2.259290934E0,-4.896217883E-1,-1.730520844E0
6.406277000E0,-1.953693509E0,-1.102947354E0,-2.004693031E0
6.426546375E0,-1.764076591E0,-1.459810615E0,-2.280063629E0
6.446815750E0,-1.565404892E0,-1.153547406E0,-2.112284660E0
6.467085125E0,-1.229979992E0,-7.893603444E-1,-1.658082843E0
6.487354500E0,-6.974813938E-1,-5.608612895E-1,-1.130377889E0
6.507623875E0,-1.884185076E-1,-4.901544452E-1,-7.970834970E-1
6.527893250E0,2.801643312E-1,-5.736444592E-1,-5.174518228E-1
6.548162573E0,6.257092357E-1,-5.279712677E-1,-1.633848101E-1
6.568432000E0,1.025183082E0,-2.318280041E-1,1.450090110E-1
6.588701375E0,1.565138578E0,4.396875799E-1,4.569981098E-1
6.608970802E0,1.430382729E0,1.458878517E0,7.243793011E-1
6.629240177E0,9.735178351E-1,1.403484821E0,2.801643312E-1
6.649640177E0,1.985784531E0,1.060603142E0,5.507413149E-1
6.669936844E0,3.627222776E-1,-8.660593629E-1,9.990841150E-1
6.690048875E0,1.293496370E0,4.535360038E-1,9.436904192E-1
6.710318146E0,1.881388783E0,1.124918461E0,1.060336828E0
6.730587417E0,1.898432970E0,1.300154328E0,1.268063188E0
6.750856687E0,2.195641518E0,1.251152158E0,1.407479644E0
6.771126010E0,1.930923462E0,9.380977750E-1,1.298290014E0
6.791395385E0,1.463938594E0,5.142560005E-1,1.128513694E0
6.811664708E0,1.374989033E0,2.330264151E-1,1.059804201E0
6.831934031E0,1.400555372E0,1.334242672E-1,9.138630629E-1
6.852334031E0,1.521995425E0,3.368896246E-1,8.643282652E-1
6.872472781E0,1.628521800E0,6.563355327E-1,9.005472660E-1
6.892742156E0,1.622130156E0,1.057940006E0,9.415599108E-1
6.913011531E0,1.619467020E0,1.059537888E0,8.659262061E-1
6.933280906E0,1.617336512E0,8.038745522E-1,7.052045465E-1
6.953680906E0,1.590172291E0,7.495461106E-1,6.492781639E-1
6.973819604E0,1.536376476E0,7.058703303E-1,6.253097653E-1
6.994088979E0,1.500157475E0,6.510092616E-1,6.817687154E-1
7.014358354E0,1.339302659E0,5.460807681E-1,6.609960794E-1
7.034627729E0,1.090696812E0,4.199801981E-1,6.972150803E-1
7.055027729E0,8.909598589E-1,2.207758874E-1,7.009434700E-1
7.075166427E0,7.546061277E-1,1.163800508E-1,6.689855456E-1
7.095435802E0,6.811029315E-1,3.416832983E-1,7.451519370E-1
7.115705229E0,5.635244846E-1,3.960117698E-1,7.982819676E-1
7.135974552E0,4.495412707E-1,4.061317742E-1,7.743135095E-1
7.156374552E0,3.382211924E-1,2.133190483E-1,6.519413590E-1
7.176513302E0,1.571263820E-1,-1.444763839E-1,4.426170290E-1
7.196782677E0,-1.175784767E-1,-5.103944540E-1,3.499391079E-1
7.217052052E0,-4.158523083E-1,-1.008804679E0,1.876195520E-1
7.237321427E0,-7.107971907E-1,-1.017326832E0,7.203845680E-2
7.257721427E0,-1.089365244E0,-7.307708859E-1,7.150582224E-2
7.278018094E0,-1.380714893E0,-8.309056163E-1,-5.472791940E-2
7.298130125E0,-1.704421878E0,-7.696529627E-1,-1.213068962E-1
7.318399396E0,-2.328000546E0,-4.167843983E-2,-1.378184855E-1
7.338668667E0,-2.780604362E0,7.095987201E-1,-4.050664902E-1
7.358937937E0,-2.957970858E0,7.783082724E-1,-8.992156982E-1
7.379207260E0,-2.945720196E0,7.037398219E-1,-1.347159028E0
7.399476531E0,-2.813627481E0,9.119988084E-1,-1.637310266E0
7.419745854E0,-2.503236294E0,1.230912089E0,-1.648495436E0
7.440015177E0,-2.056491375E0,9.354346395E-1,-1.562209129E0
7.460284552E0,-1.696432352E0,-4.214449227E-1,-1.683649182E0
7.480553927E0,-1.939845085E0,-1.215865254E0,-1.759815574E0
7.500823250E0,-2.379133224E0,-1.361806393E0,-1.702291250E0
7.521092677E0,-2.433994293E0,-1.130111575E0,-1.794969201E0
7.541361948E0,-2.210289001E0,-1.335174799E0,-2.032389879E0
7.561631323E0,-2.054893494E0,-1.400688529E0,-1.938114047E0
7.581900698E0,-1.854624033E0,-1.153547406E0,-1.652223945E0
7.602170073E0,-1.527721167E0,-1.191364169E0,-1.497228026E0
7.622439448E0,-1.187369466E0,-1.212136865E0,-1.314135909E0
7.642708823E0,-7.534077168E-1,-1.290433764E0,-1.090430498E0
7.662978146E0,-1.516669095E-1,-1.349555850E0,-8.556730151E-1
7.683247521E0,5.912213326E-1,-1.251019001E0,-6.420876384E-1
7.703516896E0,1.357944846E0,-7.254445553E-1,-2.933469713E-1
7.723786271E0,2.137052059E0,2.740390599E-1,2.354232669E-1
7.744055646E0,1.650892377E0,1.656884432E0,9.154609442E-1
7.764324969E0,9.207872748E-1,2.359825373E0,8.653935790E-1
7.784594344E0,3.695665836E0,2.307627439E0,5.171855092E-1
7.804863719E0,2.173137814E-1,5.546028614E-1,7.105308771E-1
7.825133042E0,2.822948694E-1,-1.276585340E0,7.467498183E-1
7.845402417E0,1.433578491E0,3.731085956E-1,8.158587813E-1
7.865671792E0,2.001763582E0,1.495097518E0,9.655283093E-1
7.885941114E0,2.295643091E0,1.328916430E0,1.129578948E0
7.906210489E0,2.463422060E0,1.462074399E0,1.289368510E0
7.926479760E0,1.887780309E0,9.855020046E-1,1.194027424E0
7.946749187E0,1.477787018E0,5.993439555E-1,8.510124683E-1
7.967018562E0,1.324388981E0,2.314285189E-1,5.715139508E-1
7.987287885E0,1.295094252E0,2.191779912E-1,5.406212807E-1
8.007557260E0,1.311605811E0,3.155843616E-1,7.371624112E-1
8.027826583E0,1.356879592E0,4.450138807E-1,9.293093681E-1
8.048095958E0,1.409077525E0,4.716454744E-1,8.941556811E-1
8.068365281E0,1.423458576E0,5.190497041E-1,7.588672042E-1
8.088634656E0,1.465536475E0,6.558029056E-1,6.748445034E-1
8.108903979E0,1.486309052E0,5.764408112E-1,6.018739343E-1
8.129173354E0,1.442633271E0,4.040012360E-1,6.482129097E-1
8.149442677E0,1.287637472E0,9.560741484E-2,6.322339773E-1
8.169712052E0,1.105610490E0,-9.227846563E-2,7.004108429E-1
8.189981375E0,8.984166980E-1,-1.557948068E-2,6.562023759E-1
8.210250698E0,8.637956381E-1,7.270424068E-2,6.199834347E-1
8.230520073E0,8.227829933E-1,1.089232042E-1,7.025413513E-1
8.250789396E0,6.827008128E-1,1.664474458E-1,7.174550891E-1
8.271058719E0,5.581981540E-1,1.499358565E-1,6.498108506E-1
8.291328094E0,3.968107104E-1,1.952095628E-1,7.254445553E-1
8.311597417E0,3.057306707E-1,1.201084778E-1,7.961513996E-1
8.331866739E0,3.094590902E-1,-7.789740711E-2,5.933518410E-1
8.352266739E0,3.286338449E-1,-2.137185186E-1,4.511391521E-1
8.372405437E0,2.455432713E-1,-5.056007504E-1,3.147853911E-1
8.392674760E0,1.182442605E-1,-7.723161578E-1,2.327601016E-1
8.412944083E0,-1.916143000E-1,-6.966823936E-1,3.014696240E-1
8.433213406E0,-6.133255363E-1,-8.580698371E-1,2.407495826E-1
8.453613406E0,-1.004277349E0,-6.354297400E-1,2.263685223E-3
8.473752104E0,-1.466468573E0,-3.410175145E-1,-2.965427637E-1
8.494021427E0,-1.939312458E0,-1.189100519E-1,-5.339633822E-1
8.514290750E0,-2.369545698E0,9.400951862E-2,-7.805719376E-1
8.534560073E0,-2.691654921E0,2.058621943E-1,-1.151683211E0
8.554960073E0,-2.953177214E0,3.693801761E-1,-1.482314348E0
8.575098719E0,-3.029343367E0,7.346324325E-1,-1.521196485E0
8.595368042E0,-2.821617126E0,8.827040792E-1,-1.294428468E0
8.615637364E0,-2.528270006E0,9.956220388E-1,-1.137302041E0
8.635906687E0,-2.058621883E0,7.261103392E-1,-1.200685263E0
8.656176010E0,-1.663941860E0,2.956106514E-2,-1.403484821E0
8.676445333E0,-1.853026152E0,-7.789740711E-2,-1.507348061E0
8.696714656E0,-2.239583731E0,-1.860216707E-1,-1.627190232E0
8.716983979E0,-2.403634310E0,-4.550007284E-1,-1.633581758E0
8.737253302E0,-2.222539425E0,-6.295707822E-1,-1.713476539E0
8.757522573E0,-1.948899865E0,-1.171656847E0,-1.842906117E0
8.777791896E0,-1.810415506E0,-1.263269544E0,-1.801893473E0
8.798061167E0,-1.681518674E0,-1.460875869E0,-1.692703962E0
8.818330542E0,-1.519731760E0,-1.646098614E0,-1.512674332E0
8.838599864E0,-1.152748466E0,-1.692437649E0,-1.256611586E0
8.858999864E0,-5.909550190E-1,-1.546097040E0,-1.022786260E0
8.879138458E0,6.138581783E-2,-1.065796256E0,-7.848330140E-1
8.899407781E0,6.704503298E-1,-5.013396740E-1,-4.700475931E-1
8.919677104E0,1.168860555E0,7.962846011E-2,-7.709845901E-2
8.939946375E0,1.600824952E0,6.195839643E-1,2.322274745E-1
8.960215698E0,1.719468713E0,1.224520564E0,6.993455887E-1
8.980485021E0,5.326318145E-1,1.755421281E0,1.006008387E0
9.000754292E0,2.297240973E0,1.521729112E0,5.667202473E-1
9.021023614E0,7.929556370E-1,-5.821665525E-1,8.909598589E-1
9.041292937E0,8.628635854E-2,-1.025316238E0,8.137282729E-1
9.061562208E0,1.605618596E0,5.673860312E-1,9.420925379E-1
9.081831531E0,1.823864460E0,1.259141564E0,1.058206320E0
9.102100802E0,2.248771429E0,1.405082703E0,1.116795778E0
9.122370125E0,2.432529449E0,1.633448601E0,1.045955777E0
9.142639396E0,1.879790902E0,1.348623753E0,8.925577998E-1
9.162908719E0,1.484711170E0,8.374303579E-1,6.684529185E-1
9.183177989E0,1.397359610E0,3.028011918E-1,4.154528081E-1
9.203447312E0,1.354749084E0,2.458095849E-1,4.415517747E-1
9.223716583E0,1.381913304E0,2.490053773E-1,6.615287066E-1
9.243985854E0,1.443165898E0,4.098601937E-1,7.940208912E-1
9.264255177E0,1.387772202E0,8.161250949E-1,9.394294024E-1
9.284524448E0,1.353683829E0,6.318345070E-1,9.229177833E-1
9.304793719E0,1.538506985E0,4.695149362E-1,7.844334841E-1
9.325063094E0,1.648229122E0,6.589987278E-1,6.354297400E-1
9.345332312E0,1.658881783E0,7.724493146E-1,5.581981540E-1
9.365601583E0,1.541702747E0,6.909566522E-1,6.077328920E-1
9.385870854E0,1.468199611E0,3.422159553E-1,6.274402738E-1
9.406140125E0,1.454351187E0,2.016011477E-1,6.375603080E-1
9.426409344E0,1.302551150E0,2.026664019E-1,6.130592227E-1
9.446678667E0,1.115730524E0,1.131842583E-1,5.949497223E-1
9.466947937E0,9.649956822E-1,-2.796316985E-3,6.876276731E-1
9.487217260E0,9.271788597E-1,1.624527015E-2,8.089345694E-1
9.507486479E0,7.775092721E-1,3.488738462E-2,8.259788156E-1
9.527755802E0,4.511391521E-1,2.537990510E-1,7.908250690E-1
9.548025073E0,1.651158631E-1,4.082622826E-1,6.801708341E-1
9.568294344E0,3.581948951E-2,2.261022031E-1,5.416865349E-1
9.588563562E0,-4.514054582E-2,1.009337306E-1,4.111917615E-1
9.608832833E0,-1.969406158E-1,9.880319983E-2,2.498043180E-1
9.629102104E0,-2.757701278E-1,2.103895694E-2,1.274321675E-1
9.649502104E0,-3.860249221E-1,-2.472743243E-1,5.286370963E-2
9.669640646E0,-7.155908346E-1,-6.231792569E-1,-3.821633384E-2
9.689909917E0,-9.659277797E-1,-6.982803345E-1,-2.043974549E-1
9.710179187E0,-1.125584245E0,-5.672528744E-1,-1.735048145E-1
9.730448406E0,-1.511209607E0,-5.837644935E-1,6.524739787E-3
9.750717677E0,-2.050099850E0,-1.966743022E-1,-2.969422378E-2
9.770986948E0,-2.443581581E0,1.994706094E-1,-3.125217259E-1
9.791256219E0,-2.936132908E0,8.495477587E-2,-6.436855793E-1
9.811525489E0,-3.467566252E0,-1.066595241E-1,-8.890956640E-1
9.831794760E0,-3.543200016E0,-1.055942550E-1,-1.203348398E0
9.852194760E0,-3.014962435E0,-7.590003312E-3,-1.329582214E0
9.872333250E0,-2.308825731E0,1.419463754E-1,-1.142628431E0
9.892602521E0,-1.827459812E0,1.518000662E-2,-1.138367414E0
9.912871739E0,-1.810948133E0,-5.406212807E-1,-1.365801096E0
9.933141010E0,-2.184190035E0,-1.286705375E0,-1.629853368E0
9.953541010E0,-2.478202820E0,-1.611078143E0,-1.668202877E0
9.973679500E0,-2.383926868E0,-1.168993711E0,-1.643701792E0
9.993948719E0,-2.112817287E0,-6.977477074E-1,-1.677257657E0
1.001421799E1,-1.883386135E0,-4.736428559E-1,-1.745967150E0
1.003448726E1,-1.623994470E0,-5.763076544E-1,-1.724129200E0
1.005488726E1,-1.400422215E0,-7.504782081E-1,-1.603754401E0
1.007502575E1,-1.201217890E0,-1.066328883E0,-1.615472317E0
1.009529502E1,-8.471509218E-1,-1.101882100E0,-1.408278584E0
1.011556424E1,-3.924165070E-1,-7.973498106E-1,-1.014796734E0
1.013583351E1,8.468846232E-2,-4.725775719E-1,-6.064013243E-1
1.015623351E1,5.352949500E-1,-6.298371404E-2,-3.406180441E-1
1.017637200E1,1.013465166E0,2.474074811E-1,-8.295740932E-2
1.019664122E1,1.466069102E0,4.663191736E-1,2.014679909E-1
1.021691049E1,1.857952952E0,7.772429585E-1,4.649875760E-1
1.023717971E1,1.483113289E0,1.136636257E0,7.593998313E-1
1.025744893E1,2.849580348E-1,-9.174583107E-2,6.189181805E-1
1.027771820E1,1.881921411E0,5.041360259E-1,1.572595388E-1
1.029798742E1,1.640239716E0,8.811061978E-1,5.661876202E-1
1.031825664E1,4.516717792E-1,1.472726911E-1,8.222503662E-1
1.033852585E1,1.673262835E0,1.426388025E0,8.936230540E-1
1.035879507E1,2.420279026E0,2.387522221E0,8.462188244E-1
1.037906434E1,2.226401091E0,1.917873979E0,8.920251131E-1
1.039933356E1,2.233325243E0,1.665939212E0,9.831051826E-1
1.041960278E1,1.779656053E0,9.040093422E-1,9.191893935E-1
1.043987200E1,1.360075355E0,2.255695760E-1,8.020103574E-1
1.046014122E1,1.345694304E0,-6.351634115E-2,8.765788078E-1
1.048041044E1,1.442100644E0,3.275685757E-2,9.793767333E-1
1.050067960E1,1.526789069E0,3.701791167E-2,1.109338880E0
1.052094888E1,1.608814359E0,4.109254479E-1,1.229181051E0
1.054121804E1,1.674860716E0,5.902892351E-1,1.136503100E0
1.056148726E1,1.658349156E0,5.450155139E-1,9.037430286E-1
1.058175648E1,1.650359750E0,4.205128253E-1,6.972150803E-1
1.060202570E1,1.596031308E0,6.328997612E-1,6.599308252E-1
1.062229492E1,1.551822782E0,6.829671264E-1,6.226465702E-1
1.064256408E1,1.547029138E0,2.948117256E-1,6.242445111E-1
1.066283330E1,1.447426915E0,-8.162582666E-2,5.731118321E-1
1.068310252E1,1.167795300E0,-1.331579551E-4,5.906887054E-1
1.070337174E1,9.495493770E-1,-5.765739456E-2,6.908234954E-1
1.072364096E1,8.840356469E-1,-3.500722647E-1,7.551387548E-1
1.074391013E1,6.448839903E-1,-3.308975101E-1,7.796398401E-1
1.076417934E1,4.010717571E-1,2.929474926E-3,7.355645299E-1
1.078444851E1,3.488738537E-1,2.452769578E-1,6.817687154E-1
1.080471773E1,3.920170069E-1,2.000032514E-1,7.652587891E-1
1.082498695E1,3.398191035E-1,2.692453861E-1,7.956187725E-1
1.084525611E1,1.379516423E-1,3.544664681E-1,5.512739420E-1
1.086552533E1,-1.394163817E-1,6.110618711E-1,3.233075142E-1
1.088579450E1,-2.805638015E-1,5.041360259E-1,-1.744369231E-2
1.090606372E1,-4.510059953E-1,1.243695319E-1,-2.230395675E-1
1.092633288E1,-6.831002831E-1,-1.551290154E-1,-3.130543530E-1
1.094660205E1,-9.462204576E-1,-2.834932804E-1,-2.725743353E-1
1.096687127E1,-1.323190570E0,-1.966743022E-1,-2.107890397E-1
1.098714044E1,-1.794436574E0,-1.482048035E-1,-3.178480268E-1
1.100740960E1,-2.174602509E0,1.046621501E-1,-5.302349925E-1
1.102767916E1,-2.480333328E0,1.893506050E-1,-8.805735707E-1
1.104794796E1,-2.831204414E0,1.733716577E-1,-1.214533687E0
1.106821713E1,-3.065562487E0,1.344895363E-1,-1.385508537E0
1.108848630E1,-3.055974960E0,4.732433856E-1,-1.262470603E0
1.110875552E1,-2.848248720E0,6.584661007E-1,-1.060603142E0
1.112902468E1,-2.538922787E0,5.062665343E-1,-1.016394615E0
1.114929385E1,-2.201766729E0,1.781653464E-1,-1.145291567E0
1.116956302E1,-1.980857730E0,-3.848264739E-2,-1.353017926E0
1.118983218E1,-2.046371460E0,-1.450090110E-1,-1.542501807E0
1.121010135E1,-2.304564714E0,-4.326302111E-1,-1.613341808E0
1.123037057E1,-2.424939632E0,-7.291729450E-1,-1.598428130E0
1.125063974E1,-2.280596256E0,-9.502151608E-1,-1.761413455E0
1.127090890E1,-2.018141985E0,-1.066328883E0,-1.856754541E0
1.129117807E1,-1.740108132E0,-1.176983118E0,-1.860482931E0
1.131144724E1,-1.464338064E0,-1.316000104E0,-1.764609218E0
1.133171640E1,-1.039830446E0,-1.281378984E0,-1.416800618E0
1.135211640E1,-5.568665862E-1,-1.399623275E0,-1.166596889E0
1.137225474E1,3.901528195E-2,-1.278715849E0,-8.572708964E-1
1.139252390E1,6.784397960E-1,-8.628635406E-1,-6.191844940E-1
1.141279307E1,1.282311082E0,-1.945437789E-1,-3.315632939E-1
1.143306224E1,1.856355071E0,4.791023135E-1,-8.135951310E-2
1.145346224E1,2.297773600E0,9.439567327E-1,1.817606091E-1
1.147360057E1,1.381380677E0,1.591503859E0,6.823013425E-1
1.149386974E1,2.620548606E-1,2.344911575E0,3.925496638E-1
1.151413890E1,1.636511326E0,1.172322631E0,1.780321896E-1
1.153440807E1,-1.932121962E-1,-2.403900623E0,8.462188244E-1
1.155480807E1,8.755135536E-1,3.219759464E-1,1.001214623E0
1.157494635E1,2.301501989E0,2.013215065E0,1.111469507E0
1.159521552E1,2.384592772E0,2.193111420E0,1.019324183E0
1.161548468E1,2.940527201E0,2.611227512E0,1.051282048E0
1.163575380E1,2.192978382E0,2.067010880E0,1.024650455E0
1.165590510E1,1.401620626E0,1.167528987E0,8.020103574E-1
1.167629291E1,1.385641694E0,2.804306448E-1,5.933518410E-1
1.169656151E1,1.420262694E0,3.198454082E-1,4.245075583E-1
1.171683057E1,1.449024916E0,6.249102950E-1,6.503434777E-1
1.173709968E1,1.431447983E0,5.535376072E-1,9.436904192E-1
1.175749968E1,1.462873340E0,7.820366621E-1,1.096023083E0
1.177763791E1,1.541170120E0,6.675208211E-1,9.809746742E-1
1.179790708E1,1.585378647E0,7.490134835E-1,7.663240433E-1
1.181817619E1,1.431447983E0,1.188834190E0,6.956171393E-1
1.183844536E1,1.335041642E0,9.870999455E-1,7.147918940E-1
1.185871448E1,1.384576440E0,8.693882823E-1,7.823029757E-1
1.187898364E1,1.294028997E0,7.628619075E-1,9.117324948E-1
1.189925270E1,1.119458914E0,3.976096511E-1,7.849661708E-1
1.191952187E1,9.410272837E-1,6.631266326E-2,5.528718233E-1
1.193979098E1,7.934882641E-1,-1.764342934E-1,3.701791167E-1
1.196006015E1,7.535408735E-1,-3.271690905E-1,3.382211924E-1
1.198032927E1,6.464818716E-1,-3.862912357E-1,5.118591785E-1
1.200059838E1,4.340949357E-1,-5.354281664E-1,6.285055280E-1
1.202086755E1,3.611243665E-1,-6.002760530E-1,6.854971647E-1
1.204113666E1,3.547327816E-1,-5.109270811E-1,7.329013944E-1
1.206140578E1,3.824296594E-1,-2.467416972E-1,6.769750714E-1
1.208167489E1,3.589938581E-1,1.411474310E-2,5.880255103E-1
1.210194406E1,2.743053734E-1,4.554001987E-2,5.219792128E-1
1.212221317E1,1.747032404E-1,-1.557948068E-2,4.170507193E-1
1.214248229E1,1.091895252E-1,2.423474751E-2,3.020022511E-1
1.216275140E1,5.765739456E-2,9.347688407E-2,2.121206224E-1
1.218302052E1,-3.502054140E-2,2.956106514E-2,1.396826953E-1
1.220328963E1,-1.516669095E-1,-1.641837656E-1,9.227846563E-2
1.222355880E1,-3.338269889E-1,-2.957438231E-1,7.736477256E-2
1.224382791E1,-5.552686453E-1,-2.952111959E-1,4.700475931E-2
1.226409703E1,-7.736477256E-1,-1.663142890E-1,3.861580743E-3
1.228436614E1,-1.190032601E0,-7.470161468E-2,-8.828372508E-2
1.230463526E1,-1.683116555E0,1.494032294E-1,-1.580584943E-1
1.232490437E1,-2.102164745E0,3.304980397E-1,-3.347590864E-1
1.234517348E1,-2.592185974E0,4.684496820E-1,-6.735129356E-1
1.236544260E1,-3.243328333E0,6.025397182E-1,-1.174053669E0
1.238571171E1,-3.639606476E0,8.672577739E-1,-1.402419567E0
1.240598083E1,-3.460642099E0,9.940241575E-1,-1.302950621E0
1.242624994E1,-2.915360212E0,8.592683077E-1,-1.188967347E0
1.244651906E1,-2.396177292E0,2.516685426E-1,-1.087767363E0
1.246678817E1,-1.962748289E0,-1.090696812E0,-1.025449395E0
1.248705729E1,-1.839177728E0,-1.485909581E0,-9.066725373E-1
1.250732640E1,-2.196440458E0,-5.130575895E-1,-1.011600971E0
1.252759552E1,-2.651174784E0,-3.724428117E-1,-1.191097856E0
1.254786463E1,-2.404166937E0,-7.558045387E-1,-1.257676840E0
1.256813375E1,-2.028261900E0,-5.731118321E-1,-1.257676840E0
1.258840286E1,-1.861015558E0,-4.464786351E-1,-1.371660113E0
1.260867192E1,-1.747565031E0,-6.072002649E-1,-1.546230197E0
1.262894104E1,-1.500556946E0,-1.007739425E0,-1.555817604E0
1.264921015E1,-1.053678870E0,-9.608678222E-1,-1.301352739E0
1.266947927E1,-5.536707640E-1,-9.150614738E-1,-1.066994667E0
1.268974838E1,-6.258423906E-3,-6.087981462E-1,-7.981488109E-1
1.271001750E1,6.246439815E-1,-3.303648829E-1,-5.515402555E-1
1.273028656E1,1.290300608E0,2.956106514E-2,-2.054627240E-1
1.275055567E1,1.809483409E0,3.235738277E-1,1.844237745E-1
1.277082479E1,1.831853986E0,7.932219505E-1,5.789707899E-1
1.279109390E1,9.357009530E-1,1.939179301E0,7.599324584E-1
1.281136296E1,1.898965597E0,1.839577198E0,7.629951090E-2
1.283163208E1,1.988447785E0,-2.669816911E-1,1.396826953E-1
1.285203208E1,-2.475406379E-1,-1.504551768E0,4.356928170E-1
1.287217026E1,9.287767410E-1,-5.528718233E-1,6.503434777E-1
1.289243937E1,2.093376160E0,1.069125175E0,7.195855975E-1
1.291270843E1,2.203098297E0,1.595764875E0,8.430230021E-1
1.293297755E1,2.283392668E0,1.399223804E0,1.156210542E0
1.295337755E1,2.269011497E0,1.421594381E0,1.306812167E0
1.297351572E1,1.789243460E0,9.604683518E-1,1.030509472E0
1.299378484E1,1.416534305E0,1.331579522E-3,7.743135095E-1
1.301405390E1,1.266332150E0,-3.319627941E-1,6.982803345E-1
1.303432302E1,1.380848050E0,-2.020006180E-1,8.089345694E-1
1.305472302E1,1.530517578E0,-1.055942550E-1,1.002279878E0
1.307486119E1,1.597096562E0,-8.588688076E-2,1.147688389E0
1.309513026E1,1.668469191E0,-4.807002097E-2,1.047553658E0
1.311539937E1,1.684847593E0,-1.731053460E-3,7.371624112E-1
1.313566848E1,1.581650138E0,-2.143843099E-2,4.735096991E-1
1.315606848E1,1.380315304E0,2.543317080E-1,2.945453823E-1
1.317620666E1,1.315334320E0,1.882853508E-1,3.265033066E-1
1.319647572E1,1.359010100E0,-8.375635743E-2,5.123918056E-1
1.321674484E1,1.278582692E0,-3.500722647E-1,5.864276290E-1
1.323701390E1,1.045955777E0,-1.066595241E-1,4.724444151E-1
1.325728302E1,8.771114349E-1,6.471476704E-2,4.783033729E-1
1.327755208E1,8.861662149E-1,-1.498026997E-1,5.113265514E-1
1.329782119E1,8.584693074E-1,-1.727058738E-1,6.279729009E-1
1.331809026E1,6.837661266E-1,-8.801741153E-2,6.647245288E-1
1.333835932E1,5.688507557E-1,1.217063740E-1,6.753771305E-1
1.335875932E1,4.809665382E-1,1.249021590E-1,7.318361402E-1
1.337889750E1,4.063980877E-1,1.366200596E-1,7.110635042E-1
1.339916661E1,3.281011879E-1,2.559295893E-1,5.688507557E-1
1.341943567E1,1.667137593E-1,3.534012139E-1,4.788360000E-1
1.343970474E1,-1.015995219E-1,1.174453199E-1,3.094590902E-1
1.345997385E1,-3.881554306E-1,-2.083922029E-1,1.391500682E-1
1.348024291E1,-6.106624007E-1,4.394212365E-2,5.073318258E-2
1.350051198E1,-7.507445216E-1,1.989379823E-1,1.253016293E-1
1.352078109E1,-8.695214391E-1,3.246390820E-1,1.444763839E-1
1.354105015E1,-1.049417853E0,2.490053773E-1,-3.715106845E-2
1.356131921E1,-1.383378029E0,1.392832249E-1,-1.042626798E-1
1.358171921E1,-1.753423929E0,-1.498026997E-1,-2.800311744E-1
1.360201531E1,-2.005358696E0,-3.053312004E-1,-6.463487148E-1
1.362212703E1,-2.276335239E0,-1.290300637E-1,-9.908283353E-1
1.364239598E1,-2.496844769E0,-9.600688517E-2,-1.138367414E0
1.366266500E1,-2.690057039E0,3.648528084E-2,-1.057407379E0
1.368293395E1,-2.816823483E0,2.623211741E-1,-9.210535884E-1
1.370320296E1,-2.934002399E0,3.113232851E-1,-9.333041310E-1
1.372347203E1,-2.872217178E0,5.179844499E-1,-1.105876803E0
1.374374104E1,-2.408427954E0,6.344976425E-1,-1.331712723E0
1.376401010E1,-2.036784172E0,2.213085145E-1,-1.570731282E0
1.378427911E1,-2.223072052E0,-2.797648609E-1,-1.683649182E0
1.380454817E1,-2.629869699E0,-7.978824377E-1,-1.591503859E0
1.382481729E1,-2.638924360E0,-1.030642629E0,-1.459943771E0
1.384508635E1,-2.398308039E0,-9.731183648E-1,-1.543034434E0
1.386535541E1,-2.226267815E0,-1.069524646E0,-1.681518674E0
1.388562442E1,-2.066078901E0,-1.150884151E0,-1.750760794E0
1.390589348E1,-1.699095488E0,-1.023185730E0,-1.625592351E0
1.392616255E1,-1.214533687E0,-1.216397882E0,-1.479118586E0
1.394643161E1,-6.687192321E-1,-1.395362258E0,-1.333843231E0
1.396670072E1,5.499423668E-2,-1.304282188E0,-1.215066314E0
1.398696979E1,6.592650414E-1,-7.020087242E-1,-9.061399102E-1
1.400723885E1,1.247157454E0,1.110537350E-1,-6.346307993E-1
1.402750791E1,1.682717085E0,5.355613232E-1,-3.747064769E-1
1.404777698E1,1.818538189E0,7.058703303E-1,1.588574350E-1
1.406804604E1,4.000065029E-1,7.596661448E-1,9.314398766E-1
1.408831515E1,1.546496511E0,2.193111420E0,5.235770941E-1
1.410858421E1,2.448508501E0,2.112817287E0,3.254380524E-1
1.412885328E1,-4.211786091E-1,-1.539172769E0,7.940208912E-1
1.414925328E1,1.196024776E0,3.278348744E-1,5.305013061E-1
1.416939140E1,2.142378330E0,1.559013367E0,4.969455004E-1
1.418966046E1,2.071538210E0,1.642503381E0,7.105308771E-1
1.420992948E1,2.599243402E0,2.303899050E0,8.307724595E-1
1.423019854E1,2.192445755E0,2.010551929E0,9.069388509E-1
1.425046760E1,1.725860238E0,1.422659636E0,7.483476996E-1
1.427073666E1,1.691239238E0,9.253146052E-1,5.725792050E-1
1.429100573E1,1.544898629E0,7.351650596E-1,5.821665525E-1
1.431127479E1,1.461808085E0,4.503402114E-1,8.339682817E-1
1.433154385E1,1.496429086E0,2.170474678E-1,1.074185252E0
1.435194385E1,1.533180714E0,4.018706977E-1,1.255280018E0
1.437208192E1,1.579519629E0,6.499440074E-1,1.207343221E0
1.439235098E1,1.646098614E0,5.014728308E-1,9.878988862E-1
1.441262005E1,1.751959205E0,4.327633679E-1,7.227813601E-1
1.443288911E1,1.755154967E0,6.451503038E-1,5.645897388E-1
1.445328911E1,1.649827123E0,7.207840085E-1,6.301034689E-1
1.447342718E1,1.491102815E0,3.677822649E-1,7.233139873E-1
1.449369625E1,1.348890066E0,6.657897960E-3,7.727156281E-1
1.451396531E1,1.173654199E0,1.091895252E-2,8.350335360E-1
1.453423437E1,9.729851484E-1,5.299686641E-2,7.556713820E-1
1.455463437E1,7.668566704E-1,-2.836264484E-2,5.523391962E-1
1.457477244E1,4.884233773E-1,4.340949282E-2,5.315665603E-1
1.459504151E1,2.343579978E-1,1.456748098E-1,6.002760530E-1
1.461531052E1,1.504684892E-2,2.319611609E-1,6.503434777E-1
1.463557958E1,-7.709845901E-2,9.028109163E-2,6.636592746E-1
1.465597958E1,-1.744369231E-2,7.749792933E-2,5.874928832E-1
1.467611765E1,6.724476814E-2,1.270326823E-1,4.324970245E-1
1.469638671E1,5.659212917E-2,4.181159660E-2,3.195790946E-1
1.471665572E1,4.221107066E-2,-5.765739456E-2,2.178464085E-1
1.473692479E1,-5.099949613E-2,-1.247690022E-1,1.018658355E-1
1.475732479E1,-1.942774504E-1,-1.877527125E-2,1.226384789E-1
1.477746286E1,-3.434143662E-1,-1.780321896E-1,2.471411675E-1
1.479773187E1,-4.589954615E-1,-3.101248741E-1,3.526022732E-1
1.481800093E1,-8.066709042E-1,-2.595248520E-1,2.210422009E-1
1.483826994E1,-1.308276892E0,-1.615206003E-1,2.996053919E-2
1.485853901E1,-1.690040708E0,9.321057238E-3,-2.187785208E-1
1.487880802E1,-2.010152578E0,2.111885101E-1,-4.711128473E-1
1.489907708E1,-2.422808886E0,4.279696643E-1,-8.013445735E-1
1.491934609E1,-2.817356110E0,4.055991173E-1,-1.135704160E0
1.493961515E1,-2.972351789E0,7.122619152E-1,-1.372192740E0
1.495988416E1,-2.774212837E0,1.171790004E0,-1.330647469E0
1.498015322E1,-2.517617464E0,1.123320460E0,-1.304015875E0
1.500042224E1,-2.251301527E0,9.737841487E-1,-1.441301703E0
1.502069130E1,-1.891375542E0,-8.215846121E-2,-1.785381913E0
1.504096031E1,-1.897234559E0,-1.023718357E0,-1.900962949E0
1.506122932E1,-2.358893156E0,-1.046088934E0,-1.625059724E0
1.508149838E1,-2.573543787E0,-9.470193982E-1,-1.339702129E0
1.510176739E1,-2.349305868E0,-8.335688114E-1,-1.326919079E0
1.512203645E1,-2.093109846E0,-9.012130499E-1,-1.522261739E0
1.514230552E1,-1.999499798E0,-1.167928457E0,-1.500956416E0
1.516257453E1,-1.869005084E0,-1.323989511E0,-1.462074399E0
1.518284359E1,-1.534112811E0,-1.551423311E0,-1.329049587E0
1.520311260E1,-1.126649499E0,-1.458212733E0,-1.061135769E0
1.522338166E1,-5.941507816E-1,-1.429983258E0,-9.098683000E-1
1.524365067E1,9.587372839E-2,-1.055676222E0,-7.885614038E-1
1.526391974E1,6.981471777E-1,-6.844319105E-1,-5.989444852E-1
1.528418880E1,1.188035250E0,-2.723080218E-1,-3.221091032E-1
1.530445781E1,1.544366002E0,1.898832470E-1,-1.053279415E-1
1.532472687E1,1.480450153E0,8.837693334E-1,2.753706574E-1
1.534499593E1,-2.917490900E-1,1.328916430E0,6.918887496E-1
1.536526500E1,1.600292325E0,4.018706977E-1,8.695214242E-2
1.538553406E1,1.175252080E0,-1.382046461E0,6.679202914E-1
1.540580307E1,6.358292103E-1,2.250369489E-1,5.150549412E-1
1.542607213E1,1.774329782E0,6.004092097E-1,6.641919017E-1
1.544634119E1,2.107224703E0,1.947701454E0,5.320991874E-1
1.546661026E1,1.837180257E0,1.288436413E0,8.302398324E-1
1.548687932E1,2.099767685E0,1.535577536E0,1.183907390E0
1.550714838E1,1.698163390E0,1.364070058E0,1.232909560E0
1.552741744E1,1.464471221E0,5.838976502E-1,1.012399912E0
1.554768645E1,1.531050205E0,2.655169666E-1,6.950845122E-1
1.556795552E1,1.551290154E0,4.711128473E-1,5.091960430E-1
1.558822458E1,1.624260783E0,4.892223179E-1,5.390233994E-1
1.560849364E1,1.596563935E0,2.117211521E-1,7.259771824E-1
1.562876276E1,1.469797492E0,4.527370445E-3,8.392946124E-1
1.564903182E1,1.337172151E0,1.571263932E-2,8.627303839E-1
1.566930088E1,1.349422693E0,-1.716406047E-1,7.488803267E-1
1.568956994E1,1.458612204E0,-8.641951531E-2,6.402234435E-1
1.570983901E1,1.605618596E0,-7.896266878E-2,6.439518929E-1
1.573010807E1,1.606151223E0,-4.540686309E-2,7.631282210E-1
1.575037713E1,1.496961713E0,-1.018658355E-1,8.435556293E-1
1.577064619E1,1.372858524E0,-1.380847991E-1,7.339666486E-1
1.579091526E1,1.191763639E0,-7.736477256E-2,5.821665525E-1
1.581118432E1,1.032639980E0,-1.514005959E-1,5.017392039E-1
1.583145343E1,9.314398766E-1,-4.118575454E-1,4.383559823E-1
1.585180119E1,8.121303916E-1,-4.763059914E-1,4.234423041E-1
1.587199161E1,6.731134653E-1,-3.596596420E-1,5.480781198E-1
1.589226067E1,5.693834424E-1,-4.864259958E-1,6.317013502E-1
1.591252979E1,4.554001987E-1,-5.338302255E-1,6.066676378E-1
1.593279885E1,3.163833022E-1,-4.949481189E-1,5.800360441E-1
1.595319885E1,2.093243003E-1,-3.585943878E-1,5.688507557E-1
1.597333703E1,2.183790505E-1,-1.545963883E-1,5.139896870E-1
1.599360604E1,2.135853618E-1,-1.664474420E-2,5.219792128E-1
1.601387515E1,1.906821877E-1,-5.020054802E-2,4.548675716E-1
1.603414421E1,1.299621612E-1,-1.929458827E-1,4.143875539E-1
1.605454421E1,-1.850895584E-2,-4.044007063E-1,4.090612531E-1
1.607468239E1,-1.005342528E-1,-6.167876720E-1,3.573959470E-1
1.609495145E1,-1.745700836E-1,-3.884217441E-1,3.904191256E-1
1.611522057E1,-2.001364082E-1,-1.977395564E-1,5.741770864E-1
1.613548963E1,-4.307659864E-1,-1.796300858E-1,5.523391962E-1
1.615588963E1,-6.687192321E-1,-2.989396155E-1,3.462106884E-1
1.617602781E1,-8.668583035E-1,-5.544697046E-1,1.934785098E-1
1.619629692E1,-1.209207416E0,-6.348971128E-1,1.540637612E-1
1.621656604E1,-1.641571283E0,-5.411539078E-1,1.061268896E-1
1.623683510E1,-2.069807291E0,-4.400870502E-1,5.179844424E-2
1.625710421E1,-2.517617464E0,-4.731102288E-1,-1.372858584E-1
1.627737328E1,-2.892989635E0,-5.438171029E-1,-5.222455263E-1
1.629764239E1,-2.913762331E0,-4.832302332E-1,-9.572725296E-1
1.631791151E1,-2.681002378E0,-4.821649492E-1,-1.340767503E0
1.633818057E1,-2.423874140E0,-6.854971647E-1,-1.640506029E0
1.635844968E1,-2.445712090E0,-1.361806393E0,-1.834916592E0
1.637871880E1,-2.383394241E0,-1.927328229E0,-1.929725051E0
1.639898786E1,-1.813078761E0,-2.018940926E0,-1.908952475E0
1.641925698E1,-1.319994807E0,-1.578054905E0,-1.560611248E0
1.643952609E1,-1.453685403E0,-1.007206798E0,-1.250752687E0
1.645979520E1,-1.373790622E0,-9.922930598E-1,-1.216664195E0
1.648006427E1,-1.176716805E0,-3.964112401E-1,-1.455150127E0
1.650033338E1,-1.065929413E0,-3.422159329E-2,-1.629320741E0
1.652060250E1,-9.664604664E-1,-2.813627720E-1,-1.681518674E0
1.654087161E1,-7.667235136E-1,-7.819035053E-1,-1.734781861E0
1.656114072E1,-5.062665343E-1,-1.072720528E0,-1.758217692E0
1.658140984E1,-2.773680091E-1,-1.187635779E0,-1.733183980E0
1.660167895E1,-3.022685647E-2,-1.328783274E0,-1.659148097E0
1.662183020E1,3.824296594E-1,-1.260073781E0,-1.480716467E0
1.664221796E1,9.314398766E-1,-1.081109405E0,-1.242230535E0
1.666248651E1,1.445829034E0,-8.452867270E-1,-8.503466845E-1
1.668275557E1,1.815342426E0,-6.679202914E-1,-3.539338410E-1
1.670302463E1,1.917075038E0,-7.068024278E-1,2.067943066E-1
1.672329369E1,1.638641834E0,-1.114665270E0,6.727139950E-1
1.674356281E1,9.527451396E-1,-1.715340734E0,9.261136055E-1
1.676383198E1,3.669833243E-1,-1.208408475E0,6.072002649E-1
1.678410109E1,4.548675716E-1,-3.596596420E-1,3.102580272E-2
1.680437020E1,5.044023395E-1,-2.137185186E-1,-3.454117477E-1
1.682463932E1,5.475454926E-1,-1.753690243E-1,-5.313002467E-1
1.684490838E1,7.093324065E-1,1.744369268E-1,-4.524707198E-1
1.686517750E1,8.398272395E-1,1.499358565E-1,-6.857634336E-2
1.688544666E1,-1.569932252E-1,-8.181225061E-1,4.894886315E-1
1.690571578E1,-1.931855559E0,-4.225101769E-1,3.664506972E-1
1.692598489E1,-1.053678870E0,9.450219870E-1,1.556616426E-1
1.694625401E1,2.759032845E-1,1.067527294E0,6.040045023E-1
1.696652312E1,1.348357439E0,4.109254479E-1,9.239830375E-1
1.698679229E1,1.896835089E0,-9.070720077E-1,8.323704004E-1
1.700706145E1,1.753557086E0,-7.968171835E-1,5.661876202E-1
1.702733057E1,1.107208371E0,-4.954807460E-1,2.455432713E-1
1.704759974E1,6.246439815E-1,-1.102947354E0,1.503353268E-1
1.706786885E1,5.198486447E-1,-1.650359750E0,1.386174262E-1
1.708813802E1,7.546061277E-1,-1.101882100E0,1.806953400E-1
1.710840713E1,1.112002134E0,-9.187898599E-3,2.620548606E-1
1.712867630E1,1.571530223E0,5.988113284E-1,2.295643091E-1
1.714894541E1,1.865409851E0,7.266429663E-1,1.881521940E-1
1.716921458E1,1.587509155E0,6.520745158E-1,3.941475451E-1
1.718948369E1,1.137035728E0,3.576622605E-1,6.801708341E-1
1.720975286E1,1.001214623E0,-2.376869470E-1,7.929556370E-1
1.723002203E1,1.068858862E0,-6.727139950E-1,6.748445034E-1
1.725029114E1,1.065130472E0,-6.972150803E-1,5.028044581E-1
1.727056031E1,1.061934710E0,-5.178512931E-1,4.628570378E-1
1.729082942E1,9.910946488E-1,-3.612575233E-1,6.066676378E-1
1.731109864E1,9.665936232E-1,-2.430132627E-1,8.131956458E-1
1.733136776E1,1.037966251E0,-1.870869249E-1,9.420925379E-1
1.735163692E1,8.973514438E-1,-6.671213359E-2,8.962861896E-1
1.737190609E1,4.548675716E-1,4.173170328E-1,7.435539961E-1
1.739217526E1,4.913528636E-2,9.247819781E-1,5.523391962E-1
1.741244442E1,-2.731069624E-1,1.004144192E0,5.049349666E-1
1.743271359E1,-5.600623488E-1,8.118640780E-1,5.832318664E-1
1.745311359E1,-7.203845382E-1,3.278348744E-1,4.367581010E-1
1.747325192E1,-8.823046088E-1,-3.980091214E-1,-1.850895584E-2
1.749352109E1,-1.163933635E0,-6.199834347E-1,-3.672496378E-1
1.751379026E1,-1.659148097E0,-1.881521940E-1,-3.986749053E-1
1.753405942E1,-2.382328987E0,-4.384891391E-1,-4.551338851E-1
1.755445942E1,-3.094324589E0,-7.360971570E-1,-9.828388691E-1
1.757459776E1,-3.537341118E0,-7.363634557E-2,-1.481781721E0
1.759486692E1,-3.459576845E0,5.094623566E-1,-1.823731303E0
1.761513614E1,-3.050648689E0,1.210672140E0,-1.937581420E0
1.763540531E1,-2.122937202E0,1.088699460E0,-1.786979795E0
1.765580531E1,-1.335973740E0,-2.280995846E-1,-1.586710215E0
1.767594364E1,-1.075516820E0,-1.612676024E0,-1.499891162E0
1.769621286E1,-1.011068344E0,-2.078595638E0,-1.732118726E0
1.771648203E1,-9.558078051E-1,-2.196174145E0,-2.310956240E0
1.773675119E1,-8.849677444E-1,-1.812279820E0,-2.731602192E0
1.775715119E1,-6.463487148E-1,-1.419863224E0,-2.714025497E0
1.777728958E1,-2.608564198E-1,-1.349023223E0,-2.539322138E0
1.779755880E1,9.214530140E-2,-1.296825290E0,-2.316282511E0
1.781782796E1,4.660528302E-1,-1.301619053E0,-1.939179301E0
1.783809718E1,7.242461443E-1,-1.517867565E0,-1.475390196E0
1.785849718E1,9.926925302E-1,-1.751559734E0,-1.003611565E0
1.787863557E1,1.220525861E0,-1.810149193E0,-5.877591968E-1
1.789890474E1,1.212003708E0,-1.709481835E0,-1.825595498E-1
1.791917395E1,1.118926287E0,-1.600958109E0,1.620532274E-1
1.793944312E1,8.914924860E-1,-1.552488565E0,4.772381186E-1
1.795971234E1,4.905539155E-1,-1.843705058E0,5.145223141E-1
1.797998151E1,3.430148959E-1,-1.566869617E0,9.760478139E-2
1.800025072E1,6.034718752E-1,-8.612656593E-1,-8.455529809E-2
1.802051994E1,6.209155321E-1,-2.158490419E-1,-1.601890177E-1
1.804078911E1,4.543349445E-1,-1.141163707E-1,-2.853575051E-1
1.806105833E1,2.380864173E-1,-6.817687154E-1,-4.055991173E-1
1.808132750E1,4.410191476E-1,-1.387372732E0,-4.769718051E-1
1.810159671E1,1.177915215E0,-1.684448123E0,-5.925529003E-1
1.812186593E1,1.011867285E0,-2.599376440E0,-3.981423005E-2
1.814213515E1,-8.162582517E-1,-2.120673656E0,5.816339254E-1
1.816240432E1,-6.735129356E-1,-9.411604404E-1,-1.532648057E-1
1.818267354E1,2.423474789E-1,-1.296825290E0,2.572611570E-1
1.820294276E1,8.643282652E-1,-1.263802171E0,5.763076544E-1
1.822321198E1,1.215732098E0,-2.069540977E0,8.952209353E-1
1.824348114E1,1.498026967E0,-3.305379868E0,1.270193696E0
1.826375036E1,1.321193218E0,-2.311222553E0,1.026248336E0
1.828401958E1,4.596612751E-1,-1.808551311E0,4.580633640E-1
1.830428880E1,1.752358675E-1,-2.132924080E0,1.824264042E-2
1.832455796E1,5.635244846E-1,-1.411341190E0,7.310371846E-2
1.834482718E1,1.125317931E0,-5.480781198E-1,4.532696903E-1
1.836509640E1,1.471928000E0,-4.459459782E-1,6.524739861E-1
1.838536557E1,1.593368053E0,-8.133288026E-1,5.672528744E-1
1.840563479E1,1.358477473E0,-9.139962196E-1,4.713791609E-1
1.842590401E1,9.516798854E-1,-1.011467814E0,3.057306707E-1
1.844617323E1,8.020103574E-1,-1.262736917E0,2.269011587E-1
1.846644239E1,6.976145506E-1,-1.346892715E0,3.659180701E-1
1.848671161E1,5.837644935E-1,-1.325054765E0,3.792338669E-1
1.850698083E1,5.289034247E-1,-1.202016830E0,3.424822688E-1
1.852725005E1,5.161202550E-1,-1.249953747E0,3.462106884E-1
1.854751927E1,5.134570599E-1,-1.039164662E0,4.458128214E-1
1.856778848E1,5.225118399E-1,-6.993455887E-1,5.566002727E-1
1.858805765E1,5.858950019E-1,-4.203796685E-1,6.727139950E-1
1.860832687E1,7.476819158E-1,-4.219775498E-1,7.115961313E-1
1.862859609E1,8.680567145E-1,-4.656533599E-1,7.227813601E-1
1.864899609E1,8.259788156E-1,-3.910849094E-1,7.446193099E-1
1.866913453E1,6.672545075E-1,-2.808301151E-1,7.211834788E-1
1.868940375E1,4.649875760E-1,-7.097318769E-2,7.174550891E-1
1.870967265E1,2.743053734E-1,-4.167843983E-2,6.881603003E-1
1.872994213E1,1.203747913E-1,-8.215846121E-2,6.977477074E-1
1.875021135E1,3.422159329E-2,-1.114532053E-1,8.195872307E-1
1.877048057E1,-2.809632942E-2,-4.006722867E-1,9.633978009E-1
1.879074979E1,-2.672480047E-1,-9.502151608E-1,9.612672925E-1
1.881101901E1,-5.281044245E-1,-1.516269684E0,8.755135536E-1
1.883128822E1,-1.168194771E0,-1.306945324E0,5.704486966E-1
1.885155744E1,-1.934518814E0,-6.705834866E-1,1.801627129E-1
1.887195744E1,-2.592185974E0,-5.364934206E-1,-4.455465078E-1
1.889209588E1,-3.201250315E0,-9.193225503E-1,-1.041960955E0
1.891236510E1,-3.206044197E0,-1.309608459E0,-1.693769217E0
1.893263432E1,-3.152381420E0,-1.605219126E0,-2.232126713E0
1.895303432E1,-3.465435743E0,-1.148753643E0,-2.439853191E0
1.897317276E1,-3.405781031E0,-4.890891612E-1,-2.341316223E0
1.899344198E1,-2.956905603E0,1.440769136E-1,-2.053695202E0
1.901371119E1,-2.413221598E0,1.978727281E-1,-1.912680864E0
1.903398041E1,-2.200701475E0,-2.410159074E-2,-1.940244555E0
1.905438041E1,-2.098436117E0,-1.131176829E0,-2.124535084E0
1.907451885E1,-1.908419847E0,-2.314950943E0,-2.199103594E0
1.909478807E1,-2.146905661E0,-1.879391432E0,-2.140514135E0
1.911505729E1,-2.547444820E0,-1.472061157E0,-2.337055206E0
1.913532651E1,-2.707101345E0,-1.799496651E0,-2.501505375E0
1.915572651E1,-2.556499481E0,-2.417748928E0,-2.418547869E0
1.917586494E1,-2.325337410E0,-2.322940588E0,-2.314684629E0
1.919613416E1,-2.101099491E0,-2.187652111E0,-2.252899408E0
1.921640338E1,-1.800295591E0,-2.091378927E0,-2.068076134E0
1.923667260E1,-1.379649520E0,-1.752624989E0,-1.703356504E0
1.925694182E1,-1.005342603E0,-1.389503241E0,-1.308809519E0
1.927721104E1,-7.049382329E-1,-1.092294693E0,-1.080843091E0
1.929748020E1,-4.897549450E-1,-9.656614661E-1,-9.796430469E-1
1.931774948E1,-2.459427416E-1,-1.168993711E0,-9.668599367E-1
1.933801869E1,9.747162461E-2,-1.341033816E0,-1.080843091E0
1.935828791E1,5.502086878E-1,-1.185505271E0,-1.110670447E0
1.937855713E1,1.055010438E0,-7.350319028E-1,-8.954872489E-1
1.939882640E1,1.313736439E0,-1.130511016E-1,-2.864227593E-1
1.941909562E1,1.694967628E0,-7.265098095E-1,3.914843798E-1
1.943936484E1,3.009769201E0,1.182442665E0,5.555350184E-1
1.945963406E1,2.957571268E0,2.821483850E0,4.410191476E-1
1.947990328E1,1.855289817E0,1.157408953E0,1.743037701E-1
1.950017250E1,2.084854126E0,5.259739161E-1,2.412822098E-1
1.952044171E1,2.008687735E0,2.399506420E-1,7.972166538E-1
1.954071093E1,2.228531599E0,7.772429585E-1,1.219593763E0
1.956098010E1,2.398441076E0,1.448758602E0,1.379250050E0
1.958124937E1,1.970870852E0,1.437040687E0,1.117328405E0
1.960151859E1,1.532115459E0,1.269261599E0,1.017193675E0
1.962178776E1,1.459144831E0,8.486156464E-1,1.125317931E0
1.964205698E1,1.421860695E0,2.862896025E-1,1.156743169E0
1.966232619E1,1.450622797E0,-6.511423737E-2,1.086968422E0
1.968259541E1,1.519332290E0,-1.785648167E-1,9.479514956E-1
1.970286463E1,1.534245968E0,-2.004027218E-1,8.105324507E-1
1.972313385E1,1.494298577E0,-5.699160695E-1,6.173202991E-1
1.974340307E1,1.477787018E0,-8.516782522E-1,3.611243665E-1
1.976367229E1,1.542235494E0,-7.675224543E-1,1.215732098E-1
1.978394151E1,1.551822782E0,-6.780403256E-1,3.262370080E-2
1.980421067E1,1.531582832E0,-5.747097135E-1,7.683213800E-2
1.982447989E1,1.648761749E0,-3.676491082E-1,2.300969511E-1
1.984474911E1,1.733317137E0,-1.242363751E-1,4.399538934E-1
1.986501833E1,1.681651831E0,3.235738277E-1,6.998782158E-1
1.988528755E1,1.548627019E0,5.286371112E-1,9.910946488E-1
1.990555677E1,1.292431116E0,1.771000773E-1,1.048618913E0
1.992582593E1,8.595346212E-1,1.952095628E-1,9.602020383E-1
1.994609515E1,6.262418628E-1,6.004092097E-1,7.110635042E-1
1.996636437E1,5.017392039E-1,6.494113207E-1,4.197138846E-1
1.998663359E1,2.402169555E-1,3.757717609E-1,1.631184965E-1
2.000690281E1,-6.258423906E-3,3.901528120E-1,6.191844866E-2
2.002717198E1,-3.434143662E-1,2.367548496E-1,8.801741153E-2
2.004744119E1,-8.349003792E-1,-1.093226820E-1,4.327633604E-2
2.006771041E1,-1.219860077E0,-2.669816911E-1,-1.047953144E-1
2.008797963E1,-1.479251742E0,-2.206427306E-1,-4.663191736E-1
2.010824885E1,-1.851428151E0,3.182475269E-1,-4.844286442E-1
2.012851802E1,-2.397775412E0,8.906935453E-1,-2.033322006E-1
2.014878724E1,-2.840259075E0,1.002546191E0,-2.427469492E-1
2.016905645E1,-3.078345537E0,8.092008829E-1,-6.261087060E-1
2.018932562E1,-3.039996147E0,5.998765826E-1,-1.010003090E0
2.020972562E1,-2.765690804E0,8.177229762E-1,-1.069125175E0
2.022986406E1,-2.407895327E0,1.077514172E0,-1.084038854E0
2.025013323E1,-2.100566626E0,9.972199202E-1,-1.175651550E0
2.027040244E1,-1.922800899E0,7.836345434E-1,-1.316266418E0
2.029067166E1,-1.964346170E0,4.263717830E-1,-1.499358535E0
2.031094088E1,-2.177798271E0,1.882853508E-1,-1.728390217E0
2.033121005E1,-2.410025835E0,-1.471395344E-1,-1.937048793E0
2.035143989E1,-2.263552189E0,-4.475438893E-1,-1.829057693E0
2.037174843E1,-1.937181950E0,-7.355645299E-1,-1.774729252E0
2.039201760E1,-1.729455471E0,-7.994803786E-1,-1.664474487E0
2.041228682E1,-1.523992777E0,-1.016261458E0,-1.446095347E0
2.043255598E1,-1.198022127E0,-1.265400052E0,-1.174053669E0
2.045295599E1,-7.922898531E-1,-1.514139056E0,-1.016927361E0
2.047309442E1,-2.832269669E-1,-1.692437649E0,-9.380977750E-1
2.049336359E1,4.809665382E-1,-1.383111715E0,-7.587340474E-1
2.051363281E1,1.340900660E0,-9.635309577E-1,-4.753738940E-1
2.053390198E1,1.979925632E0,-8.428898454E-2,7.576687634E-2
2.055430198E1,1.848365545E0,1.279914260E0,8.142609000E-1
2.057444041E1,1.341433287E0,9.583377838E-1,1.060336828E0
2.059470963E1,3.547061682E0,2.226667404E0,-1.997369342E-3
2.061497885E1,7.546061277E-1,1.008405209E0,1.615206003E-1
2.063524802E1,7.350318879E-2,-2.411890030E0,6.226465702E-1
2.065564802E1,1.609347105E0,5.033370852E-2,4.607265294E-1
2.067578640E1,2.005491972E0,9.024114609E-1,6.966823936E-1
2.069605557E1,2.339318991E0,6.137250066E-1,1.037966251E0
2.071632479E1,2.556632757E0,1.123853087E0,1.238235831E0
2.073659395E1,1.959685683E0,7.612640262E-1,1.197755814E0
2.075699395E1,1.618401766E0,2.490053773E-1,8.147935271E-1
2.077713234E1,1.637576580E0,-1.988048255E-1,4.569981098E-1
2.079740151E1,1.625858665E0,-1.295626909E-1,5.651223660E-1
2.081767062E1,1.573128104E0,8.815056831E-2,9.575388432E-1
2.083793989E1,1.702957034E0,8.229161799E-2,1.114665270E0
2.085820906E1,1.889378190E0,-1.238369010E-2,9.021451473E-1
2.087847823E1,1.921336174E0,-1.731053460E-3,6.141244769E-1
2.089874739E1,1.795102358E0,4.285022914E-1,5.289034247E-1
2.091901661E1,1.586976528E0,9.711209536E-1,4.921517968E-1
2.093928578E1,1.373923779E0,9.269125462E-1,5.177181363E-1
2.095955494E1,1.205079436E0,1.818937659E-1,5.379581451E-1
2.097982411E1,9.735178351E-1,-4.432828426E-1,4.793686271E-1
2.100009333E1,8.185219765E-1,-4.507396817E-1,4.165180922E-1
2.102036250E1,7.844334841E-1,-3.937480748E-1,4.175833464E-1
2.104063166E1,6.464818716E-1,-2.941459119E-1,4.282359779E-1
2.106090083E1,4.660528302E-1,-1.711079776E-1,4.303665161E-1
2.108117000E1,3.312969804E-1,-2.037316747E-2,5.118591785E-1
2.110143916E1,2.567285299E-1,1.850895584E-1,5.629918575E-1
2.112183916E1,1.832253486E-1,3.997401893E-1,5.842971206E-1
2.114197755E1,1.171789989E-1,4.982770681E-1,5.086634159E-1
2.116224671E1,1.043958366E-1,3.262369931E-1,3.893538713E-1
2.118251588E1,1.113200486E-1,1.571263932E-2,3.408843577E-1
2.120278505E1,1.344895363E-2,-4.512723088E-1,2.359558940E-1
2.122305421E1,-4.791023135E-1,-6.364950538E-1,3.254380524E-1
2.124332338E1,-8.860330582E-1,-6.061350107E-1,2.689790726E-1
2.126359255E1,-1.029710412E0,-5.592634082E-1,7.629951090E-2
2.128386171E1,-1.265133739E0,-3.032006621E-1,-1.468732208E-1
2.130413088E1,-1.776859760E0,2.484727502E-1,-2.533995807E-1
2.132440005E1,-2.229996204E0,6.952176690E-1,-4.210454524E-1
2.134466921E1,-2.726275921E0,8.400935531E-1,-7.496792674E-1
2.136493838E1,-3.329082012E0,7.868303657E-1,-1.046754718E0
2.138520750E1,-3.607115746E0,8.677904010E-1,-1.176184177E0
2.140547666E1,-3.341865301E0,9.972199202E-1,-1.342898011E0
2.142574583E1,-2.779006481E0,8.741819859E-1,-1.292830586E0
2.144601500E1,-2.331728935E0,-1.631184965E-1,-1.194826365E0
2.146628416E1,-2.304564714E0,-1.915610313E0,-1.152748466E0
2.148655333E1,-2.547977448E0,-2.059420824E0,-9.721862078E-1
2.150682250E1,-2.964895010E0,-6.199834347E-1,-1.039830446E0
2.152709166E1,-2.952644587E0,-3.878891170E-1,-1.446095347E0
2.154736078E1,-2.516019583E0,-4.187817574E-1,-1.537708044E0
2.156762989E1,-2.288053036E0,-1.503353268E-1,-1.369529605E0
2.158789911E1,-2.086185694E0,-2.105227262E-1,-1.360474825E0
2.160816828E1,-1.791240811E0,-6.380929351E-1,-1.426388025E0
2.162843744E1,-1.405215859E0,-9.651288390E-1,-1.266731620E0
2.164870656E1,-9.345025420E-1,-1.099751592E0,-9.695230722E-1
2.166897573E1,-3.684480488E-1,-1.045023680E0,-7.006771564E-1
2.168924489E1,3.355580568E-1,-7.787077427E-1,-5.499423742E-1
2.170951406E1,1.052879930E0,-3.426154256E-1,-3.970770240E-1
2.172978317E1,1.646098614E0,2.372874767E-1,-2.198437899E-1
2.175005234E1,2.046504498E0,7.894935012E-1,-8.881635964E-2
2.177032151E1,1.331313252E0,1.377918482E0,1.774995476E-1
2.179059067E1,7.072018981E-1,-1.398158539E-2,5.339634046E-2
2.181085984E1,2.771682739E0,6.531397700E-1,-3.075948730E-2
2.183112895E1,5.581981540E-1,-3.016027808E-1,4.548675716E-1
2.185139812E1,6.944187284E-1,-4.992091656E-1,7.142592669E-1
2.187166729E1,1.937847733E0,8.139945865E-1,7.679219246E-1
2.189193645E1,2.109355211E0,1.197356343E0,9.958883524E-1
2.191220557E1,2.621613741E0,1.704821348E0,1.107740998E0
2.193247474E1,2.413887501E0,1.861947656E0,1.192429543E0
2.195287474E1,1.944239259E0,1.279914260E0,1.023052573E0
2.197301302E1,1.768470764E0,6.882934570E-1,8.041408658E-1
2.199328218E1,1.885117173E0,6.680534482E-1,5.123918056E-1
2.201355130E1,1.959685683E0,7.990809083E-1,4.799012840E-1
2.203382046E1,1.910150886E0,7.820366621E-1,6.705834866E-1
2.205422046E1,1.773264527E0,7.500787377E-1,8.621977568E-1
2.207435875E1,1.610944986E0,9.269125462E-1,9.282441139E-1
2.209462791E1,1.564073324E0,1.010003090E0,8.664588332E-1
2.211489703E1,1.726392865E0,1.161669970E0,6.876276731E-1
2.213516619E1,1.847832918E0,1.187236309E0,6.833665967E-1
2.215556619E1,1.792971849E0,1.015329361E0,7.668566704E-1
2.217570448E1,1.739176035E0,6.494113207E-1,9.357009530E-1
2.219597359E1,1.580584884E0,3.624559641E-1,1.008138895E0
2.221624276E1,1.371260643E0,8.122635633E-2,8.467514515E-1
2.223651187E1,1.224254251E0,-2.217079997E-1,5.182507634E-1
2.225678104E1,1.225852132E0,-3.660512269E-1,4.191812575E-1
2.227705015E1,1.141829491E0,-5.624592304E-1,5.406212807E-1
2.229731932E1,1.013465166E0,-4.986765385E-1,7.647261620E-1
2.231758848E1,9.724525213E-1,-3.063964546E-1,8.803072572E-1
2.233785760E1,8.696545959E-1,-1.557948068E-2,8.131956458E-1
2.235825760E1,6.981471777E-1,2.261022031E-1,6.508761048E-1
2.237839588E1,5.523391962E-1,3.182475269E-1,5.816339254E-1
2.239866505E1,4.809665382E-1,2.564622164E-1,5.906887054E-1
2.241893416E1,3.557980657E-1,2.335590571E-1,5.842971206E-1
2.243920333E1,1.709748209E-1,2.910832763E-1,5.986781716E-1
2.245947244E1,-4.727107286E-2,3.065296113E-1,5.853623748E-1
2.247974161E1,-2.432795912E-1,1.728390306E-1,4.980107546E-1
2.250001073E1,-5.648560524E-1,-1.396826953E-1,5.033370852E-1
2.252027989E1,-7.342329621E-1,-4.422175586E-1,4.442149401E-1
2.254054901E1,-8.343677521E-1,-4.661859870E-1,3.334275186E-1
2.256081812E1,-1.280580044E0,-2.131858915E-1,2.743053734E-1
2.258108729E1,-2.007489443E0,-3.234406710E-1,1.466069072E-1
2.260135645E1,-2.617219687E0,-3.367564678E-1,-3.002711833E-1
2.262162557E1,-3.230545044E0,-2.483395934E-1,-7.368960977E-1
2.264189468E1,-3.715639591E0,-3.155843541E-2,-1.056874633E0
2.266216385E1,-3.687543154E0,3.219759464E-1,-1.512141705E0
2.268243296E1,-3.359974623E0,5.615270734E-1,-1.861548185E0
2.270270213E1,-2.719351768E0,6.153228879E-1,-1.819470286E0
2.272297125E1,-1.935051441E0,3.518033028E-1,-1.318929553E0
2.274324041E1,-1.489371777E0,-5.343628526E-1,-1.033971548E0
2.276350953E1,-1.508546472E0,-9.651288390E-1,-1.189499974E0
2.278377864E1,-1.558480740E0,-9.363667369E-1,-1.622929215E0
2.280404781E1,-1.567002773E0,-7.281076908E-1,-2.056358337E0
2.282431692E1,-1.482980132E0,-5.119923353E-1,-2.100033998E0
2.284458609E1,-1.251817942E0,-4.885565341E-1,-1.930790305E0
2.286485520E1,-8.072035313E-1,-5.274386406E-1,-1.767804980E0
2.288512432E1,-3.503385782E-1,-5.821665525E-1,-1.623461843E0
2.290539343E1,-1.997369342E-3,-8.191877604E-1,-1.334375858E0
2.292566260E1,2.727074921E-1,-1.098686337E0,-8.965525031E-1
2.294593171E1,5.683181286E-1,-1.232376933E0,-4.540686309E-1
2.296620083E1,9.362335801E-1,-1.152482152E0,-8.029424399E-2
2.298646994E1,1.324921608E0,-9.422256947E-1,2.721748650E-1
2.300673911E1,1.557681799E0,-9.187898636E-1,6.652571559E-1
2.302700823E1,1.387772202E0,-1.375122190E0,1.189766288E0
2.304727734E1,4.676507413E-1,-1.863412380E0,1.400555372E0
2.306754645E1,-8.045403361E-1,-1.041827798E0,1.641837656E-1
2.308781562E1,-9.494162202E-1,-4.059986174E-1,-8.066709042E-1
2.310808474E1,-6.628602743E-1,-1.780321896E-1,-9.929588437E-1
2.312835385E1,-4.478102028E-1,1.518000662E-2,-6.873613596E-1
2.314875385E1,-1.133174226E-1,5.535376072E-1,-2.352901101E-1
2.316889208E1,1.007606268E0,4.583296776E-1,4.138549268E-1
2.318916119E1,4.607265294E-1,-1.001347780E0,1.270726323E0
2.320943031E1,-1.013731480E0,-1.027446747E0,1.138633728E0
2.322969948E1,-2.331595868E-1,1.669800729E-1,3.946801722E-1
2.324996854E1,1.073652625E0,1.685779691E-1,-1.105211023E-2
2.327023770E1,1.757818222E0,8.602003753E-2,7.257108390E-2
2.329050682E1,1.742904425E0,-6.370276809E-1,5.507413149E-1
2.331077593E1,1.588574409E0,-4.230428338E-1,6.487455368E-1
2.333104505E1,1.395229101E0,-4.725775719E-1,4.324970245E-1
2.335131416E1,1.158207893E0,-8.655267358E-1,2.348906398E-1
2.337170203E1,1.016660929E0,-4.150533378E-1,2.711096108E-1
2.339185239E1,1.088033676E0,1.464737486E-2,2.067943066E-1
2.341212151E1,1.447959661E0,5.695165992E-1,9.014793485E-2
2.343239062E1,1.890976071E0,1.311872125E0,2.737727463E-1
2.345279062E1,2.007622480E0,1.651558161E0,5.480781198E-1
2.347292885E1,1.782851815E0,1.460476398E0,7.993472219E-1
2.349319796E1,1.442633271E0,9.141293764E-1,8.866988420E-1
2.351346708E1,1.204014182E0,5.514070988E-1,8.387619853E-1
2.353373619E1,1.159805775E0,2.841590643E-1,6.386255622E-1
2.355413619E1,9.980188608E-1,1.179779470E-1,4.974781275E-1
2.357427442E1,8.430230021E-1,1.201084778E-1,5.550023317E-1
2.359454354E1,8.078693151E-1,1.467400640E-1,7.158571482E-1
2.361481265E1,7.508777380E-1,1.944106072E-2,8.552735448E-1
2.363508177E1,7.093324065E-1,-1.284974217E-1,8.968188167E-1
2.365548177E1,6.672545075E-1,-3.102580272E-2,8.637956381E-1
2.367561994E1,4.873581231E-1,1.541969180E-1,7.472824454E-1
2.369588906E1,1.565937549E-1,4.125233591E-1,6.066676378E-1
2.371615817E1,-4.993423447E-2,5.323655009E-1,5.491434336E-1
2.373642729E1,-3.098585606E-1,1.536642760E-1,6.572676897E-1
2.375682729E1,-4.844286442E-1,-1.199753210E-1,5.763076544E-1
2.377696546E1,-6.548708081E-1,-2.994722426E-1,5.193160176E-1
2.379723458E1,-1.064864159E0,-8.271772265E-1,6.285055280E-1
2.381750369E1,-1.711346030E0,-1.188701034E0,4.468781054E-1
2.383777281E1,-2.621480703E0,-1.295227408E0,1.268995255E-1
2.385804192E1,-3.541069508E0,-1.637576580E0,-2.422143221E-1
2.387831104E1,-4.128429413E0,-1.165797949E0,-7.699192762E-1
2.389858010E1,-3.848264933E0,-5.343628526E-1,-1.529718637E0
2.391884921E1,-3.087400436E0,-1.013332009E-1,-1.921203017E0
2.393911833E1,-2.485659599E0,3.086601496E-1,-1.846634507E0
2.395938744E1,-2.559695482E0,1.073253155E-1,-1.608015418E0
2.397965661E1,-2.728406429E0,-2.978743315E-1,-1.726259708E0
2.399992562E1,-2.426537514E0,-5.874928832E-1,-2.182059526E0
2.402019474E1,-2.063948393E0,-9.315730333E-1,-2.739591837E0
2.404046385E1,-2.239583731E0,-9.246488214E-1,-2.751842260E0
2.406073291E1,-2.617752314E0,-1.112534761E0,-2.673545361E0
2.408100203E1,-2.687926531E0,-1.751027107E0,-2.526539087E0
2.410127114E1,-2.547977448E0,-2.326668978E0,-2.653838158E0
2.412154026E1,-2.364219427E0,-2.815491915E0,-2.775278091E0
2.414180932E1,-2.235855341E0,-2.857569695E0,-2.640522242E0
2.416207843E1,-1.976596713E0,-2.294711113E0,-2.278998375E0
2.418234755E1,-1.494698048E0,-1.622662783E0,-1.859417677E0
2.420261661E1,-1.026514649E0,-1.265400052E0,-1.525990129E0
2.422288572E1,-6.410223842E-1,-1.147155762E0,-1.288036942E0
2.424315479E1,-3.402185738E-1,-1.063665748E0,-1.056342006E0
2.426342390E1,-1.719069183E-1,-7.334340215E-1,-9.839041233E-1
2.428369302E1,-8.388951421E-3,-6.593981981E-1,-1.012666225E0
2.430396208E1,2.482064217E-1,-9.203878045E-1,-1.067527294E0
2.432423119E1,4.953475893E-1,-1.012533069E0,-1.096822023E0
2.434450031E1,8.078693151E-1,-9.214530587E-1,-9.823062420E-1
2.436476937E1,1.218927979E0,-5.550023317E-1,-7.113298178E-1
2.438503849E1,1.379250050E0,-4.380896688E-2,-7.283740491E-2
2.440530760E1,1.922800839E-1,3.896201849E-1,3.233075142E-1
2.442557666E1,1.012399912E0,-1.167795286E-1,1.599227041E-1
2.444584578E1,1.120524168E0,-4.534028471E-1,4.229096770E-1
2.446611484E1,1.047021031E0,-1.838911325E-1,4.016043842E-1
2.448638390E1,1.784449816E0,4.093275666E-1,3.467433155E-1
2.450665302E1,2.077929974E0,7.543398142E-1,3.755054474E-1
2.452692213E1,2.534262180E0,9.998830557E-1,5.779055357E-1
2.454719119E1,2.441584349E0,9.823062420E-1,8.275766969E-1
2.456746026E1,1.938912988E0,5.535376072E-1,8.131956458E-1
2.458772937E1,1.814809799E0,-2.882869840E-1,7.977492809E-1
2.460799843E1,1.911748767E0,-3.239732981E-1,8.078693151E-1
2.462826755E1,2.035319328E0,-3.848264739E-2,8.898946047E-1
2.464853661E1,2.137584686E0,5.832318589E-2,8.334356546E-1
2.466880567E1,2.025199413E0,5.060002208E-3,7.344992757E-1
2.468907479E1,1.846767664E0,-2.499374747E-1,5.842971206E-1
2.470934385E1,1.792439222E0,-3.708449006E-1,3.936149180E-1
2.472961291E1,1.804157138E0,-3.612575233E-1,2.652506530E-1
2.474988198E1,1.749296069E0,-3.458112180E-1,1.764342934E-1
2.477015109E1,1.734382391E0,-5.098618269E-1,2.247706354E-1
2.479042015E1,1.771666646E0,-2.573943138E-1,3.089264631E-1
2.481068921E1,1.566203833E0,8.122635633E-2,3.808317482E-1
2.483095828E1,1.098153710E0,3.123885691E-1,4.660528302E-1
2.485122739E1,8.707198501E-1,3.810980618E-1,5.502086878E-1
2.487149645E1,9.969536066E-1,8.868319541E-2,6.269076467E-1
2.489176552E1,9.761809707E-1,-5.978792161E-2,7.945535183E-1
2.491203458E1,7.503450513E-1,-2.569948509E-2,8.313050866E-1
2.493230364E1,5.395560265E-1,-1.322258562E-1,7.115961313E-1
2.495270364E1,4.761728346E-1,-4.384891391E-1,4.452801943E-1
2.497284177E1,4.490086138E-1,-7.009434700E-1,2.386190593E-1
2.499311083E1,2.753706574E-1,-6.791055799E-1,1.780321896E-1
2.501337994E1,-4.833633825E-2,-5.454149842E-1,2.226400971E-1
2.503364901E1,-5.371592045E-1,-6.567350626E-1,3.105243444E-1
2.505404901E1,-1.026514649E0,-9.693899155E-1,1.476721764E-1
2.507418713E1,-1.239034772E0,-7.787077427E-1,-3.901528120E-1
2.509445619E1,-1.405748487E0,-2.456764281E-1,-5.728455186E-1
2.511472526E1,-1.793903947E0,3.145190775E-1,-3.534012139E-1
2.513499432E1,-2.403634310E0,6.073334217E-1,-2.038648278E-1
2.515539432E1,-3.164498806E0,7.080008388E-1,-2.507364154E-1
2.517553244E1,-3.871168137E0,6.717818975E-1,-3.608580530E-1
2.519580151E1,-3.832818508E0,6.121271253E-1,-5.478118062E-1
2.521607057E1,-2.842922449E0,6.888260841E-1,-7.246456146E-1
2.523633963E1,-1.857287169E0,2.713759243E-1,-8.428898454E-1
2.525660869E1,-1.696432352E0,2.340916842E-1,-1.021188378E0
2.527687776E1,-2.125600338E0,1.776327193E-1,-1.259807467E0
2.529714682E1,-2.770484447E0,9.454214573E-2,-1.424257517E0
2.531741588E1,-2.967558146E0,-5.443497300E-1,-1.565937519E0
2.533768494E1,-2.706568480E0,-1.215865254E0,-1.722531319E0
2.535795401E1,-2.291249037E0,-1.244627357E0,-1.761413455E0
2.537822307E1,-1.969139814E0,-9.544762373E-1,-1.625059724E0
2.539849213E1,-1.687377572E0,-8.154593110E-1,-1.392965317E0
2.541876119E1,-1.291765332E0,-9.150614738E-1,-1.180977941E0
2.543903026E1,-7.699192762E-1,-9.544762373E-1,-1.033438921E0
2.545929932E1,-2.107890397E-1,-9.432909489E-1,-9.072051644E-1
2.547956838E1,4.458128214E-1,-7.728487849E-1,-7.773761153E-1
2.549983739E1,1.133307338E0,-5.130575895E-1,-5.520728827E-1
2.552010645E1,1.760481358E0,-1.508679688E-1,-2.422143221E-1
2.554037552E1,2.377135754E0,1.893506050E-1,1.226384789E-1
2.556064458E1,2.543849468E0,8.171903491E-1,7.302381992E-1
2.558091364E1,1.860616088E0,1.173920512E0,1.049684167E0
2.560118270E1,2.851577520E0,1.051015735E0,2.743053734E-1
2.562145177E1,1.468732238E0,1.377385855E0,-5.568665862E-1
2.564172083E1,-4.785696864E-1,-2.667553425E0,7.310371846E-2
2.566198989E1,1.101349473E0,-1.012533069E0,1.359542757E-1
2.568225890E1,1.955957174E0,9.157272577E-1,5.699160695E-1
2.570252796E1,2.262619972E0,6.659229398E-1,1.148753643E0
2.572279703E1,2.753706455E0,7.554050684E-1,1.302018523E0
2.574306604E1,1.935184598E0,5.307676196E-1,1.210538983E0
2.576333510E1,1.314801693E0,-4.059986174E-1,9.516798854E-1
2.578360411E1,1.476721764E0,-8.799077868E-1,3.605917394E-1
2.580387322E1,1.532648087E0,-6.301034689E-1,5.552686751E-2
2.582414224E1,1.439437509E0,-3.569964767E-1,3.573959470E-1
2.584441130E1,1.621597528E0,-3.484743834E-1,5.416865349E-1
2.586468036E1,1.804157138E0,-4.044007063E-1,5.800360441E-1
2.588494937E1,1.717870831E0,-1.721732318E-1,5.965476632E-1
2.590521843E1,1.647163868E0,7.057371736E-2,5.576655269E-1
2.592548744E1,1.615206003E0,3.059969842E-1,4.671181142E-1
2.594575651E1,1.509744883E0,2.878875136E-1,4.314317703E-1
2.596602552E1,1.348357439E0,-1.508679688E-1,4.303665161E-1
2.598629458E1,1.214666843E0,-9.334372729E-2,4.708465338E-1
2.600656359E1,1.196557403E0,-2.195774615E-1,5.395560265E-1
2.602683265E1,9.751157165E-1,-4.619249403E-1,5.299686790E-1
2.604710166E1,6.358292103E-1,-4.155859649E-1,4.974781275E-1
2.606737072E1,4.010717571E-1,-4.816323221E-1,4.271707237E-1
2.608763974E1,2.061285079E-1,-4.848281145E-1,4.522044063E-1
2.610790880E1,3.262370080E-2,-3.383543491E-1,4.777707458E-1
2.612817781E1,-1.133174226E-1,-1.476721764E-1,5.283707380E-1
2.614844687E1,-1.569932252E-1,-8.748477697E-2,5.826992393E-1
2.616871588E1,-1.591237634E-1,-2.888196111E-1,5.459476113E-1
2.618898494E1,-1.665806025E-1,-6.231792569E-1,4.783033729E-1
2.620925395E1,-1.431448013E-1,-9.022783041E-1,4.207791388E-1
2.622952302E1,-3.514038324E-1,-1.043425679E0,4.548675716E-1
2.624979203E1,-8.151929975E-1,-1.021587849E0,5.667202473E-1
2.627006104E1,-1.089365244E0,-9.880320430E-1,5.230444670E-1
2.629033010E1,-1.084571600E0,-9.464867711E-1,2.721748650E-1
2.631059911E1,-1.412672758E0,-7.142592669E-1,1.364869028E-1
2.633086812E1,-2.088848829E0,-5.629918575E-1,1.338237375E-1
2.635113718E1,-2.727341175E0,-6.838992834E-1,7.590003312E-3
2.637140619E1,-3.271557808E0,-9.123983383E-1,-3.549990952E-1
2.639167520E1,-3.440402031E0,-4.960133731E-1,-8.890956640E-1
2.641194421E1,-3.192728281E0,-2.371543199E-1,-1.359942198E0
2.643221328E1,-3.111368895E0,-6.274402738E-1,-1.560078621E0
2.645261328E1,-3.065562487E0,-1.388437986E0,-1.564339638E0
2.647275130E1,-2.563956499E0,-2.024267197E0,-1.552089095E0
2.649302031E1,-1.801893473E0,-2.227066755E0,-1.307744265E0
2.651328932E1,-1.675659657E0,-2.377269030E0,-1.234241128E0
2.653355833E1,-1.834383965E0,-1.858086109E0,-1.286971688E0
2.655395833E1,-1.513340116E0,-5.061333776E-1,-1.437040687E0
2.657409640E1,-1.261405349E0,-1.492700726E-1,-1.683116555E0
2.659436541E1,-1.199087381E0,-6.056023836E-1,-1.766739726E0
2.661463442E1,-1.101615787E0,-1.253682137E0,-1.723063946E0
2.663490343E1,-8.157256246E-1,-1.700959682E0,-1.664474487E0
2.665530343E1,-4.945486486E-1,-1.656751275E0,-1.566470146E0
2.667544151E1,-1.900164038E-1,-1.675925970E0,-1.373790622E0
2.669571052E1,2.039979845E-1,-1.712144971E0,-1.132508397E0
2.671597948E1,6.773745418E-1,-1.789376616E0,-9.178577662E-1
2.673624854E1,1.207742691E0,-1.792039752E0,-6.468813419E-1
2.675664854E1,1.762079239E0,-1.623195529E0,-3.432812095E-1
2.677678656E1,2.032656193E0,-1.496562243E0,1.664474420E-2
2.679705557E1,1.598161817E0,-1.697763920E0,2.833601236E-1
2.681732458E1,6.065344810E-1,-1.037034154E0,5.925529078E-2
2.683759359E1,3.121222556E-1,-4.848281145E-1,2.089248300E-1
2.685799359E1,3.020022511E-1,-1.519332230E-1,9.372988343E-1
2.687813161E1,1.824264042E-2,1.147821546E0,3.621896505E-1
2.689840062E1,3.925496638E-1,6.451503038E-1,3.488738537E-1
2.691866963E1,9.133304358E-1,4.873581231E-2,5.139896870E-1
2.693893864E1,1.450090170E0,-1.973667264E0,5.635244846E-1
2.695920765E1,1.657816529E0,-2.473675251E0,4.037349224E-1
2.697947666E1,1.060336828E0,-1.921469331E0,2.540653646E-1
2.699974567E1,6.086649895E-1,-1.584979177E0,5.978792161E-2
2.702001463E1,9.687241316E-1,-1.302151680E0,-1.484711170E-1
2.704028364E1,1.501755476E0,-7.949529588E-2,-1.245026886E-1
2.706055265E1,1.749296069E0,6.765755415E-1,1.167795286E-1
2.708082166E1,1.791373968E0,5.636576414E-1,1.705753356E-1
2.710109067E1,1.586443901E0,3.390201628E-1,1.886848211E-1
2.712135968E1,1.268462658E0,1.217063740E-1,3.099917173E-1
2.714162864E1,9.255809188E-1,-3.250385821E-1,3.233075142E-1
2.716189765E1,6.619281769E-1,-4.688491523E-1,2.737727463E-1
2.718216666E1,5.017392039E-1,-4.145207107E-1,2.178464085E-1
2.720243567E1,4.783033729E-1,-3.825628161E-1,1.359542757E-1
2.722270468E1,5.102612972E-1,-3.788343966E-1,5.978792161E-2
2.724297364E1,4.319643974E-1,-2.243711501E-1,1.253016293E-1
2.726324265E1,3.243727684E-1,-1.343563795E-1,2.764359117E-1
2.728351166E1,3.515369892E-1,-1.375521719E-1,3.936149180E-1
2.730378062E1,4.633896947E-1,-2.201101035E-1,4.298338890E-1
2.732404963E1,4.942823350E-1,-2.382195890E-1,5.070654750E-1
2.734431864E1,3.387538493E-1,-1.865542978E-1,5.592634082E-1
2.736458755E1,1.070589945E-1,-2.211753577E-1,4.868254960E-1
2.738485661E1,-1.637842879E-2,-1.918806136E-1,2.988064587E-1
2.740512562E1,-2.603237927E-1,-1.812279820E-1,1.870869249E-1
2.742539458E1,-6.074665785E-1,-5.103944540E-1,9.653951973E-2
2.744566359E1,-9.217193723E-1,-7.797729969E-1,9.068056941E-2
2.746593260E1,-1.268862128E0,-9.683246613E-1,9.068056941E-2
2.748620156E1,-1.952095628E0,-7.866972089E-1,8.748477697E-2
2.750647057E1,-2.626673937E0,-4.507396817E-1,-8.029424399E-2
2.752673958E1,-3.148653030E0,-3.255712092E-1,-4.524707198E-1
2.754700854E1,-3.591669559E0,-1.343563795E-1,-9.679251909E-1
2.756727755E1,-3.812046051E0,4.460791349E-1,-1.331180096E0
2.758754651E1,-3.424955845E0,1.035569429E0,-1.245426297E0
2.760781552E1,-2.660229683E0,8.544746041E-1,-1.055809379E0
2.762808448E1,-2.079927206E0,1.251684781E-2,-1.033438921E0
2.764848448E1,-1.842373490E0,-8.346340656E-1,-1.319994807E0
2.766862250E1,-2.103230000E0,-8.500803709E-1,-1.753423929E0
2.768889145E1,-2.707101345E0,-5.933518410E-1,-1.973267794E0
2.770916046E1,-2.904175043E0,-9.177246094E-1,-1.825861931E0
2.772942942E1,-2.584196329E0,-1.320793748E0,-1.789642930E0
2.774969843E1,-2.136785746E0,-1.300021172E0,-1.966343522E0
2.776996739E1,-1.863146067E0,-1.382046461E0,-1.925996661E0
2.779023640E1,-1.613874435E0,-1.518932819E0,-1.682051301E0
2.781050536E1,-1.329582214E0,-1.796300769E0,-1.402952194E0
2.783077437E1,-9.510141015E-1,-2.070606232E0,-1.151150465E0
2.785104333E1,-3.551322520E-1,-2.076465130E0,-1.004676819E0
2.787127296E1,5.635244846E-1,-1.816540837E0,-9.375651479E-1
2.789158125E1,1.679654479E0,-1.241964221E0,-7.768434882E-1
2.791185020E1,2.447443247E0,-3.330280483E-1,-2.177132517E-1
2.793211921E1,1.723197103E0,1.495630145E0,5.933518410E-1
2.795251921E1,2.510293722E0,1.198421597E0,4.575307369E-1
2.797265718E1,3.559312105E0,2.872616529E0,-1.133174226E-1
2.799292614E1,5.819002539E-2,-1.588574350E-1,2.892190814E-1
2.801319510E1,8.440882564E-1,-1.430515885E0,3.163833022E-1
2.803346416E1,1.955957174E0,5.609944463E-1,2.966759205E-1
2.805386416E1,2.228531599E0,5.913544893E-1,8.238482475E-1
2.807400208E1,2.492717028E0,3.347590864E-1,1.042227268E0
2.809427104E1,2.068875074E0,3.832286000E-1,1.161536813E0
2.811454005E1,1.562475443E0,1.350221634E-1,1.067793608E0
2.813480901E1,1.590172291E0,-1.950764060E-1,5.320991874E-1
2.815520901E1,1.681119204E0,-9.440898895E-2,1.854890287E-1
2.817534692E1,1.600824952E0,1.323590130E-1,3.818970025E-1
2.819561593E1,1.643968105E0,-1.322258562E-1,5.294360518E-1
2.821588489E1,1.733317137E0,-2.312953621E-1,5.954823494E-1
2.823615385E1,1.618934393E0,5.060002208E-3,5.677855015E-1
2.825642281E1,1.449557543E0,2.458095849E-1,5.134570599E-1
2.827669182E1,1.349955320E0,3.651190996E-1,4.761728346E-1
2.829696078E1,1.239700556E0,-4.700475931E-2,3.504717350E-1
2.831722974E1,1.044357896E0,-3.814975321E-1,4.303665161E-1
2.833749869E1,8.297072053E-1,-3.090596199E-1,5.805686712E-1
2.835776765E1,6.693850160E-1,-2.914827764E-1,6.199834347E-1
2.837803661E1,5.512739420E-1,-1.450090110E-1,5.273054838E-1
2.839830562E1,4.197138846E-1,2.157158963E-2,4.362254739E-1
2.841857458E1,2.524674833E-1,-4.860265180E-2,4.138549268E-1
2.843884354E1,6.298371404E-2,-8.961530030E-2,4.836297035E-1
2.845911250E1,-1.447426975E-1,-2.249037921E-1,5.075981021E-1
2.847938145E1,-2.592585385E-1,-5.226449966E-1,3.914843798E-1
2.849965041E1,-2.949448824E-1,-8.655267358E-1,3.190464675E-1
2.851991937E1,-4.536691606E-1,-1.161004186E0,3.840275407E-1
2.854018833E1,-8.066709042E-1,-1.081109405E0,4.814991653E-1
2.856045729E1,-1.179380059E0,-9.187898636E-1,3.957454562E-1
2.858072625E1,-1.419064283E0,-7.398256063E-1,1.093226820E-1
2.860099526E1,-1.394563317E0,-5.226449966E-1,-1.910816729E-1
2.862126416E1,-1.447293758E0,-3.688475490E-2,-2.464753687E-1
2.864153312E1,-1.753423929E0,2.154495716E-1,-2.198437899E-1
2.866180208E1,-2.301368952E0,-9.720530361E-3,-2.097237855E-1
2.868207104E1,-3.095922470E0,-3.229080439E-1,-2.981406748E-1
2.870234005E1,-3.594332695E0,-8.122635074E-3,-6.202497482E-1
2.872260895E1,-3.289134741E0,4.593949318E-1,-9.578051567E-1
2.874287791E1,-2.371143818E0,9.407609701E-1,-1.153281093E0
2.876314687E1,-1.652223945E0,8.539419770E-1,-1.487640619E0
2.878341583E1,-1.581916451E0,1.483379602E-1,-1.826394558E0
2.880368479E1,-2.297640562E0,-8.500803709E-1,-1.795501828E0
2.882395375E1,-2.879673958E0,-1.495496988E0,-1.482314348E0
2.884422270E1,-2.618817568E0,-6.982803345E-1,-1.219327450E0
2.886449161E1,-2.094707727E0,3.438138366E-1,-1.272057891E0
2.888476057E1,-1.651691318E0,7.490134835E-1,-1.281112671E0
2.890502953E1,-1.364735842E0,7.325019240E-1,-1.038765192E0
2.892529849E1,-1.248622179E0,1.494032294E-1,-9.753820300E-1
2.894556744E1,-1.110137820E0,-6.508761048E-1,-1.029710412E0
2.896583640E1,-6.873613596E-1,-1.022120476E0,-8.699209094E-1
2.898610531E1,2.356895804E-2,-8.697877526E-1,-5.941507816E-1
2.900637427E1,9.037430286E-1,-6.024065614E-1,-3.210438192E-1
2.902664322E1,1.814277172E0,-2.243711501E-1,6.831002980E-2
2.904691218E1,2.379266262E0,6.616618633E-1,6.929540038E-1
2.906718114E1,2.065679312E0,1.470063806E0,1.372325897E0
2.908745010E1,2.483662128E0,7.415566444E-1,1.489504933E0
2.910771901E1,3.765973330E0,3.252249956E0,1.338237375E-1
2.912798796E1,4.532696903E-1,1.435975432E0,-3.539338410E-1
2.914825692E1,-6.442182064E-1,-3.520030499E0,5.182507634E-1
2.916852583E1,8.398272395E-1,-1.234507442E0,3.632549047E-1
2.918879479E1,2.074734211E0,6.339650154E-1,5.081307292E-1
2.920906375E1,2.576340199E0,7.575356364E-1,7.530082464E-1
2.922933265E1,2.874480724E0,7.969503403E-1,6.386255622E-1
2.924960161E1,2.114681482E0,7.543398142E-1,6.567350626E-1
2.926987052E1,1.458079576E0,1.110537350E-1,6.854971647E-1
2.929013948E1,1.329182744E0,-7.504782081E-1,3.930822909E-1
2.931040843E1,1.230113149E0,-7.824361324E-1,4.074633420E-1
2.933067734E1,1.354216456E0,2.902843431E-2,7.578019500E-1
2.935094630E1,1.776460290E0,4.380896688E-1,8.414251208E-1
2.937121520E1,2.082190990E0,2.388853729E-1,6.482129097E-1
2.939148416E1,2.037982464E0,6.845650673E-1,4.426170290E-1
2.941175307E1,1.824397087E0,1.179779530E0,3.222422600E-1
2.943202203E1,1.568866968E0,9.673925638E-1,2.743053734E-1
2.945242203E1,1.353151083E0,6.808366179E-1,3.275685608E-1
2.947255989E1,1.074185252E0,3.725759685E-1,3.190464675E-1
2.949282880E1,8.227829933E-1,-6.032055244E-2,2.503369451E-1
2.951309776E1,6.603302956E-1,-2.568616867E-1,2.817622423E-1
2.953336666E1,4.841623306E-1,-2.904174924E-1,3.744401634E-1
2.955376666E1,2.732401192E-1,-1.545963883E-1,4.697812796E-1
2.957390453E1,1.123853177E-1,2.101232558E-1,4.937497079E-1
2.959417349E1,1.065263674E-1,5.206475854E-1,4.703139067E-1
2.961444239E1,2.055958807E-1,6.089313030E-1,5.358276367E-1
2.963471130E1,2.338253707E-1,4.705802202E-1,6.567350626E-1
2.965511130E1,2.199769467E-1,3.390201628E-1,6.764423847E-1
2.967524916E1,2.492716908E-1,-5.126581341E-2,5.406212807E-1
2.969551812E1,3.366233110E-1,-6.237118840E-1,3.781685829E-1
2.971578703E1,1.816274524E-1,-1.056208849E0,2.806969583E-1
2.973605598E1,-1.436774284E-1,-1.037566781E0,2.769685388E-1
2.975645599E1,-3.370227814E-1,-9.235835671E-1,9.600688517E-2
2.977659380E1,-3.796333373E-1,-6.210486889E-1,-6.005423889E-2
2.979686276E1,-7.789740562E-1,2.157158963E-2,5.712476373E-2
2.981713166E1,-1.420662165E0,5.275717974E-1,1.386174262E-1
2.983740062E1,-1.953693509E0,5.945502520E-1,-4.247738793E-2
2.985766953E1,-2.645315886E0,2.735064328E-1,-1.841574460E-1
2.987793843E1,-3.302450418E0,3.230412006E-1,-1.916143000E-1
2.989820739E1,-3.512307405E0,6.728471518E-1,-4.599275887E-1
2.991847630E1,-3.260372639E0,9.588704109E-1,-8.301066756E-1
2.993874520E1,-2.764625549E0,1.285240531E0,-9.886978269E-1
2.995901416E1,-2.494181633E0,9.684578180E-1,-1.100017905E0
2.997928307E1,-2.666621208E0,-6.322339773E-1,-1.255546331E0
2.999955203E1,-2.760364294E0,-1.806953430E0,-1.307211637E0
3.001982093E1,-2.800844431E0,-1.220659018E0,-1.162335753E0
3.004008984E1,-2.792322397E0,3.422159553E-1,-1.254481077E0
3.006035875E1,-2.292314291E0,1.792306006E-1,-1.516402841E0
3.008062765E1,-2.121871948E0,-2.781669796E-1,-1.382312775E0
3.010089661E1,-1.912148237E0,-5.992107987E-1,-1.234241128E0
3.012116552E1,-1.399889588E0,-9.736509919E-1,-1.124518991E0
3.014143448E1,-6.948181987E-1,-1.188701034E0,-9.839041233E-1
3.016170338E1,3.062632978E-1,-8.969519734E-1,-7.028076649E-1
3.018197229E1,1.523060679E0,-3.553985953E-1,-1.916143000E-1
3.020224125E1,2.016677141E0,1.243695319E-1,7.844334841E-1
3.022251015E1,1.911216140E0,-1.018658355E-1,1.463938594E0
3.024277906E1,4.399538994E0,3.182075739E0,3.376885653E-1
3.026304796E1,3.760647058E0,5.152813435E0,-2.528669536E-1
3.028331687E1,6.262418628E-1,-3.964112401E-1,-4.354264960E-2
3.030358583E1,-8.934898674E-2,-2.231860399E0,4.426170290E-1
3.032385474E1,1.012399912E0,-1.129046321E0,4.293012619E-1
3.034412364E1,1.876595020E0,-3.335606754E-1,6.082655191E-1
3.036439255E1,2.242912531E0,3.262369931E-1,7.737808824E-1
3.038466145E1,2.369678974E0,4.546012580E-1,5.970802903E-1
3.040493036E1,1.909085631E0,5.073317885E-1,4.079959691E-1
3.042519927E1,1.449557543E0,5.158539414E-1,1.897500902E-1
3.044559927E1,1.319062710E0,6.531397700E-1,1.039963663E-1
3.046573708E1,1.356346965E0,1.024384141E0,2.354232669E-1
3.048600599E1,1.630119681E0,1.181910038E0,4.069307148E-1
3.050627489E1,1.771134019E0,1.187768936E0,6.391581893E-1
3.052654385E1,1.727458119E0,1.449823856E0,7.780419588E-1
3.054681276E1,1.583248138E0,1.279914260E0,6.812360883E-1
3.056708166E1,1.345694304E0,5.934849977E-1,4.767054915E-1
3.058735057E1,1.186969995E0,3.374222517E-1,3.094590902E-1
3.060761948E1,1.015063047E0,5.817670822E-1,2.663159072E-1
3.062788838E1,8.632630110E-1,6.632598042E-1,2.796317041E-1
3.064815729E1,8.696545959E-1,6.803039908E-1,4.037349224E-1
3.066842625E1,9.724525213E-1,7.122619152E-1,5.608612895E-1
3.068869515E1,9.953557253E-1,8.736493587E-1,7.121287584E-1
3.070896406E1,9.564735889E-1,6.472808123E-1,7.121287584E-1
3.072923296E1,8.046735525E-1,-1.135837361E-1,6.210486889E-1
3.074950187E1,5.763076544E-1,-8.431561589E-1,5.757750273E-1
3.076977083E1,2.689790726E-1,-1.027446747E0,6.226465702E-1
3.079003974E1,-2.049300969E-1,-6.684529185E-1,6.945518851E-1
3.081030864E1,-6.500771642E-1,-5.285038948E-1,5.779055357E-1
3.083057755E1,-7.933551073E-1,-5.677855015E-1,2.263685223E-3
3.085084645E1,-1.006407857E0,-4.257059693E-1,-3.082606792E-1
3.087111536E1,-1.516535997E0,1.083905771E-1,-2.070606202E-1
3.089138432E1,-2.099501371E0,4.444812536E-1,-1.218395308E-1
3.091165323E1,-2.732667446E0,5.396891832E-1,-1.111868918E-1
3.093192213E1,-3.451587439E0,6.627271175E-1,-1.436774284E-1
3.095232213E1,-3.749727964E0,7.245124578E-1,-2.720417082E-1
3.097246000E1,-3.330679893E0,1.010535717E0,-5.584644675E-1
3.099272890E1,-2.410558462E0,1.192030072E0,-7.704519033E-1
3.101299781E1,-1.874863982E0,6.499440074E-1,-9.114661813E-1
3.103326671E1,-1.970205069E0,3.648528084E-2,-1.087767363E0
3.105366671E1,-2.626673937E0,-5.380913019E-1,-1.217196822E0
3.107380458E1,-3.207109451E0,-1.252616882E0,-1.259807467E0
3.109407349E1,-2.972884417E0,-1.058339477E0,-1.232110500E0
3.111434244E1,-2.438255310E0,-6.298371404E-2,-1.439171195E0
3.113461135E1,-2.133057356E0,-3.901528195E-2,-1.587242842E0
3.115501135E1,-1.952095628E0,-2.882869840E-1,-1.438638568E0
3.117514916E1,-1.613341808E0,-4.150533378E-1,-1.358344316E0
3.119541812E1,-1.077647328E0,-5.459476113E-1,-1.265666366E0
3.121568703E1,-4.977444410E-1,-7.675224543E-1,-1.164999008E0
3.123595598E1,1.720400751E-1,-8.069372177E-1,-9.215862155E-1
3.125622489E1,8.936230540E-1,-8.154593110E-1,-6.511424184E-1
3.127649380E1,1.611477613E0,-7.041392922E-1,-3.162501454E-1
3.129676276E1,2.226401091E0,-2.765690684E-1,2.796317041E-1
3.131703166E1,1.693369746E0,8.299735188E-1,1.121056795E0
3.133730062E1,1.125850558E0,1.505750179E0,1.262204289E0
3.135770062E1,3.688741684E0,2.520147562E0,-3.549990952E-1
3.137783848E1,1.794969290E-1,6.318345070E-1,-2.715090811E-1
3.139810739E1,-1.138500497E-1,-2.491252184E0,5.496760607E-1
3.141837630E1,1.725327611E0,7.607313991E-1,4.580633640E-1
3.143864520E1,2.002828836E0,1.193095326E0,6.956171393E-1
3.145891416E1,2.288718939E0,9.977525473E-1,8.914924860E-1
3.147918312E1,2.460226297E0,1.227716327E0,8.174566627E-1
3.149945203E1,1.621064901E0,7.719166875E-1,6.689855456E-1
3.151972099E1,1.321193218E0,-1.689774394E-1,4.554001987E-1
3.153998989E1,1.385641694E0,-6.444845200E-1,2.934801280E-1
3.156025880E1,1.387772202E0,-3.063964546E-1,2.780338228E-1
3.158052776E1,1.361140609E0,1.568600684E-1,4.857602119E-1
3.160079666E1,1.403751135E0,1.675127149E-1,6.524739861E-1
3.162106562E1,1.433045864E0,6.737792492E-2,6.370276809E-1
3.164133442E1,1.468732238E0,1.818937659E-1,4.463454783E-1
3.166160348E1,1.437839627E0,3.411506712E-1,3.158506751E-1
3.168187239E1,1.346759558E0,4.199801981E-1,3.014696240E-1
3.170214130E1,1.170458436E0,2.841590643E-1,3.376885653E-1
3.172241026E1,9.314398766E-1,-6.351634115E-2,3.632549047E-1
3.174267916E1,7.253113985E-1,-1.327584833E-1,3.307643533E-1
3.176294812E1,5.443497300E-1,-1.210405827E-1,2.753706574E-1
3.178321703E1,4.218443930E-1,-1.877527125E-2,3.179811835E-1
3.180348599E1,3.051980436E-1,2.378201038E-1,3.547327816E-1
3.182375489E1,1.528653353E-1,4.194475710E-1,3.664506972E-1
3.184402385E1,1.129179448E-1,4.924181104E-1,3.962780833E-1
3.186429281E1,2.146506310E-1,5.998765826E-1,4.165180922E-1
3.188456171E1,2.934801280E-1,4.721781015E-1,4.367581010E-1
3.190483067E1,3.723096550E-1,1.296958476E-1,4.554001987E-1
3.192509958E1,4.671181142E-1,-4.251733422E-1,4.202465117E-1
3.194536854E1,4.964128435E-1,-9.890972972E-1,3.653854430E-1
3.196563744E1,3.478085697E-1,-1.288835883E0,3.595264852E-1
3.198590640E1,-8.388951421E-3,-1.157808423E0,4.266380966E-1
3.200617536E1,-3.359575272E-1,-1.119991541E0,3.653854430E-1
3.202644427E1,-6.037381887E-1,-9.470193982E-1,1.769669205E-1
3.204671323E1,-9.211867452E-1,-4.970786572E-1,3.102580272E-2
3.206698218E1,-1.459544301E0,-2.783001214E-2,1.930790395E-2
3.208725109E1,-2.082590342E0,2.079927325E-1,-1.464737463E-3
3.210752005E1,-2.584196329E0,2.277000993E-1,-7.496792823E-2
3.212778901E1,-2.949981451E0,2.271674722E-1,-1.426121742E-1
3.214818901E1,-3.043191910E0,4.785696864E-1,-3.215764761E-1
3.216832687E1,-2.772082329E0,7.772429585E-1,-7.070687413E-1
3.218859583E1,-2.259290934E0,8.044071794E-1,-9.146620035E-1
3.220886474E1,-1.911615610E0,7.367629409E-1,-9.141293764E-1
3.222913369E1,-2.025066137E0,2.729738057E-1,-9.732515216E-1
3.224940265E1,-2.408427954E0,-5.901560783E-1,-1.116529465E0
3.226967161E1,-2.682600260E0,-1.195625305E0,-1.218262076E0
3.228994052E1,-2.612958670E0,-1.020522594E0,-1.217196822E0
3.231020948E1,-2.388720512E0,-1.929458827E-1,-1.193761110E0
3.233047843E1,-2.239051104E0,7.590003312E-2,-1.226251602E0
3.235074739E1,-2.069274664E0,-2.142511457E-1,-1.174053669E0
3.237101630E1,-1.773663998E0,-2.014679909E-1,-1.090430498E0
3.239128526E1,-1.364203215E0,-1.551290154E-1,-9.924262166E-1
3.241155421E1,-9.558078051E-1,-2.728406489E-1,-8.645945787E-1
3.243182312E1,-4.414186180E-1,-4.800344408E-1,-7.006771564E-1
3.245222312E1,2.327601016E-1,-5.555350184E-1,-5.131907463E-1
3.247236104E1,9.516798854E-1,-4.699144363E-1,-2.928143442E-1
3.249263000E1,1.755687594E0,-3.095922470E-1,4.221107066E-2
3.251289895E1,2.432529449E0,3.502054214E-1,6.620613337E-1
3.253316786E1,1.921868801E0,1.373657465E0,1.299888015E0
3.255356786E1,2.020938396E0,1.563807011E0,1.019856811E0
3.257370578E1,3.238268375E0,1.850229740E0,-1.932121962E-1
3.259397474E1,-9.361004084E-2,1.568600684E-1,-6.005423889E-2
3.261424364E1,-1.948100924E-1,-2.706834793E0,6.961497664E-1
3.263451260E1,1.621597528E0,-3.741738573E-2,5.544697046E-1
3.265491260E1,2.038515091E0,7.271755934E-1,7.913577557E-1
3.267505052E1,2.166879416E0,7.575356364E-1,9.644630551E-1
3.269531948E1,2.471411705E0,9.514135718E-1,8.238482475E-1
3.271558843E1,1.902161360E0,8.843019605E-1,5.837644935E-1
3.273585739E1,1.475656509E0,3.262369931E-1,3.984085917E-1
3.275625739E1,1.438904881E0,-2.676474862E-2,1.982721984E-1
3.277639531E1,1.402153254E0,-7.949529588E-2,3.526022732E-1
3.279666421E1,1.397892237E0,-6.524739787E-3,6.311687231E-1
3.281693317E1,1.460742712E0,7.856319100E-2,7.344992757E-1
3.283720213E1,1.553420663E0,-1.940111369E-1,6.332992315E-1
3.285747109E1,1.553953290E0,-2.691122293E-1,4.948149621E-1
3.287774005E1,1.493233323E0,1.792306006E-1,3.302317262E-1
3.289800901E1,1.345694304E0,4.892223179E-1,1.759016514E-1
3.291827796E1,1.249820590E0,6.920219064E-1,1.796300858E-1
3.293854692E1,1.122654676E0,8.416914344E-1,2.876211703E-1
3.295881588E1,8.888293505E-1,3.502054214E-1,2.147837877E-1
3.297908484E1,6.034718752E-1,-1.647163928E-1,2.037316747E-2
3.299935380E1,4.133222997E-1,-4.102596641E-1,-5.419528857E-2
3.301962276E1,2.673811615E-1,-2.328932583E-1,1.572595388E-1
3.303989171E1,1.624527127E-1,1.376853287E-1,4.324970245E-1
3.306016067E1,1.278316379E-1,4.716454744E-1,6.183855534E-1
3.308042963E1,1.310274303E-1,5.876260400E-1,6.737792492E-1
3.310069859E1,1.246358454E-1,5.360939503E-1,6.705834866E-1
3.312096755E1,1.778990328E-1,2.079927325E-1,6.098634601E-1
3.314123651E1,1.986716688E-1,-3.282343447E-1,5.225118399E-1
3.316150546E1,2.066611499E-1,-9.065393806E-1,4.271707237E-1
3.318177437E1,1.257011145E-1,-1.394297004E0,3.195790946E-1
3.320204338E1,-2.672480047E-1,-1.517334938E0,3.547327816E-1
3.322231229E1,-7.230476737E-1,-1.293096900E0,3.888212144E-1
3.324258125E1,-8.237150908E-1,-1.202549458E0,1.167795286E-1
3.326285020E1,-7.209171653E-1,-1.078978896E0,-9.147951752E-2
3.328311916E1,-1.193761110E0,-6.407560706E-1,1.737711281E-1
3.330338812E1,-2.040512562E0,-3.585943878E-1,2.727074921E-1
3.332365708E1,-2.738526583E0,-4.347607195E-1,4.860265180E-2
3.334392604E1,-3.268362045E0,-4.358259737E-1,-3.114564717E-1
3.336419500E1,-3.528819084E0,1.179779470E-1,-6.165213585E-1
3.338438531E1,-3.252915621E0,4.412854612E-1,-8.624640703E-1
3.340473281E1,-2.757168531E0,5.434176326E-1,-1.031841040E0
3.342500177E1,-2.385524750E0,6.036050320E-1,-1.137302041E0
3.344527072E1,-2.414819479E0,-5.925529078E-2,-1.330114841E0
3.346553974E1,-2.622945309E0,-1.149286270E0,-1.436508060E0
3.348580869E1,-2.864760160E0,-1.799496651E0,-1.388704300E0
3.350607765E1,-2.988330841E0,-9.305077791E-1,-1.241165280E0
3.352634661E1,-2.703905344E0,-1.331579551E-4,-1.248622179E0
3.354661557E1,-2.237985849E0,2.335590571E-1,-1.286439061E0
3.356688453E1,-2.136785746E0,3.062633052E-2,-1.305613756E0
3.358715354E1,-2.168210983E0,-3.303648829E-1,-1.431181669E0
3.360742250E1,-1.994173527E0,-7.637940049E-1,-1.584579706E0
3.362769145E1,-1.753956556E0,-1.321859002E0,-1.535044909E0
3.364796036E1,-1.345561147E0,-1.386840105E0,-1.256611586E0
3.366822932E1,-7.688540220E-1,-1.161004186E0,-1.075516820E0
3.368849828E1,-8.508793265E-2,-9.187898636E-1,-9.998830557E-1
3.370876724E1,6.699176431E-1,-6.860297918E-1,-9.290430546E-1
3.372903619E1,1.426121712E0,-5.486107469E-1,-7.246456146E-1
3.374930515E1,2.123736143E0,-5.427518487E-1,-3.221091032E-1
3.376957411E1,2.486325264E0,-1.199753210E-1,3.403517306E-1
3.378984307E1,5.837644935E-1,1.451421738E0,1.114665270E0
3.381011203E1,1.641837597E0,1.017992616E0,3.467433155E-1
3.383038099E1,1.690173984E0,-1.748363972E0,1.540637612E-1
3.385064994E1,-2.182458937E-1,-4.299670458E-1,1.359542757E-1
3.387091890E1,1.227450013E0,-6.460824013E-1,3.408843577E-1
3.389118786E1,2.007089853E0,6.707166433E-1,5.262402296E-1
3.391145682E1,1.948500395E0,1.059537888E0,7.414234877E-1
3.393172578E1,2.074201584E0,8.400935531E-1,9.490167499E-1
3.395212578E1,1.748763442E0,7.394261360E-1,9.266462326E-1
3.397226364E1,1.515603900E0,1.520663798E-1,7.652587891E-1
3.399253260E1,1.584846020E0,-3.697796464E-1,5.928192139E-1
3.401280156E1,1.685380220E0,-3.426154256E-1,5.523391962E-1
3.403307052E1,1.605085969E0,-1.375521719E-1,6.141244769E-1
3.405347052E1,1.561942816E0,8.868319541E-2,5.837644935E-1
3.407360843E1,1.534245968E0,-4.926844500E-3,4.303665161E-1
3.409387734E1,1.414936423E0,-2.941459119E-1,3.073285520E-1
3.411414630E1,1.314269066E0,-3.745733202E-1,2.940127552E-1
3.413441526E1,1.361673236E0,-1.215732098E-1,2.753706574E-1
3.415481526E1,1.417066932E0,-1.398158539E-2,2.402169555E-1
3.417495312E1,1.377652168E0,-1.652490199E-1,2.434127480E-1
3.419522208E1,1.230645776E0,-8.641951531E-2,3.733749092E-1
3.421549104E1,1.073652625E0,1.366200596E-1,4.873581231E-1
3.423576000E1,8.238482475E-1,2.103895694E-2,5.134570599E-1
3.425595031E1,5.544697046E-1,-6.689855456E-1,4.426170290E-1
3.427629776E1,3.802991211E-1,-1.017326832E0,4.410191476E-1
3.429656671E1,2.519348562E-1,-1.055143595E0,4.255728126E-1
3.431683562E1,1.443432271E-1,-1.143959999E0,2.700443268E-1
3.433710463E1,1.518000662E-1,-1.166330576E0,1.284974217E-1
3.435750463E1,2.625874877E-1,-1.034371018E0,1.380847991E-1
3.437764250E1,3.515369892E-1,-8.745814562E-1,2.099900991E-1
3.439791145E1,4.420844018E-1,-8.346340656E-1,2.711096108E-1
3.441818041E1,5.933518410E-1,-8.506129980E-1,3.696464896E-1
3.443844937E1,6.912229657E-1,-8.777772188E-1,4.793686271E-1
3.445871828E1,7.498124242E-1,-9.060067534E-1,6.050697565E-1
3.447898729E1,7.530082464E-1,-9.422256947E-1,7.446193099E-1
3.449925625E1,7.274419069E-1,-9.416930676E-1,7.876293063E-1
3.451952515E1,6.013413072E-1,-8.602004051E-1,7.137266397E-1
3.453979411E1,3.973433375E-1,-5.784381628E-1,5.640571117E-1
3.456006307E1,1.688442826E-1,1.624527015E-2,4.996086359E-1
3.458033198E1,-7.390266657E-2,3.906854391E-1,5.928192139E-1
3.460060093E1,-3.519364893E-1,1.925463974E-1,6.924213767E-1
3.462086984E1,-6.490118504E-1,-2.786996067E-1,6.902908683E-1
3.464113880E1,-9.004141092E-1,-4.150533378E-1,5.198486447E-1
3.466140770E1,-1.366333723E0,-3.937480748E-1,3.781685829E-1
3.468167666E1,-1.943040848E0,-6.673876643E-1,7.044056058E-2
3.470194562E1,-2.451038599E0,-9.182572365E-1,-2.720417082E-1
3.472221453E1,-2.941459179E0,-9.800425768E-1,-3.906854391E-1
3.474248348E1,-3.226816654E0,-8.218508959E-1,-5.211802125E-1
3.476275244E1,-3.308309317E0,-4.629902244E-1,-8.029424548E-1
3.478302135E1,-3.091128826E0,1.174453199E-1,-1.028112531E0
3.480329031E1,-2.618284941E0,2.207758874E-1,-1.007872581E0
3.482355927E1,-2.195375204E0,-2.307627350E-1,-8.402267098E-1
3.484382817E1,-2.010152578E0,-5.768402815E-1,-7.954856157E-1
3.486409708E1,-1.851428151E0,-7.584677339E-1,-1.017459989E0
3.488436604E1,-1.832786083E0,-8.053393364E-1,-1.374855876E0
3.490463494E1,-1.824263930E0,-1.088033676E0,-1.765141845E0
3.492490390E1,-1.952095628E0,-1.251019001E0,-1.966876149E0
3.494517281E1,-2.138383627E0,-1.059937358E0,-2.114947796E0
3.496544177E1,-2.238518476E0,-8.431561589E-1,-2.277933121E0
3.498571073E1,-2.126665592E0,-7.446193099E-1,-2.362088919E0
3.500597963E1,-1.993108273E0,-5.677855015E-1,-2.262486935E0
3.502624854E1,-2.061285257E0,-5.354281664E-1,-1.980724573E0
3.504651750E1,-2.050099850E0,-4.917523265E-1,-1.698562860E0
3.506678645E1,-1.970737696E0,-4.752407372E-1,-1.527055383E0
3.508705536E1,-1.879125118E0,-6.072002649E-1,-1.375388503E0
3.510732427E1,-1.807752371E0,-8.064045906E-1,-1.162335753E0
3.512759323E1,-1.670866013E0,-9.523456693E-1,-1.038765192E0
3.514786213E1,-1.359942198E0,-1.029577255E0,-9.530115128E-1
3.516813109E1,-9.936246872E-1,-1.059404731E0,-8.954872489E-1
3.518840000E1,-5.952160358E-1,-9.171919823E-1,-7.933551073E-1
3.520866895E1,-1.676458716E-1,-6.109287143E-1,-6.804371476E-1
3.522893786E1,2.902843356E-1,-3.005374968E-1,-6.016076207E-1
3.524920682E1,7.514103651E-1,-2.621880174E-1,-5.126581192E-1
3.526947572E1,1.100816846E0,-3.857586086E-1,-4.199801981E-1
3.528974463E1,1.392033219E0,-5.221123695E-1,-3.103911877E-1
3.531001354E1,1.902161360E0,-7.845667005E-1,-1.074584723E-1
3.533028250E1,2.249304295E0,-3.809649050E-1,3.137201369E-1
3.535055140E1,7.599324584E-1,8.198535442E-1,5.006738901E-1
3.537082036E1,1.779123425E0,1.162202597E0,-3.874896467E-2
3.539108927E1,1.572595477E0,-3.095922470E-1,-5.984118581E-1
3.541135817E1,-1.997369342E-3,-3.236670494E0,-1.809616536E-1
3.543162708E1,1.540637493E0,-1.972069293E-1,-3.125217259E-1
3.545202708E1,1.594965935E0,-8.322372288E-2,1.865542978E-1
3.547216494E1,1.894171953E0,-3.830954432E-1,7.265098095E-1
3.549243385E1,2.251967430E0,8.305061460E-1,6.498108506E-1
3.551270276E1,1.969805598E0,8.512787819E-1,5.709813237E-1
3.553297166E1,1.753557086E0,-1.087900475E-1,4.756402075E-1
3.555337166E1,1.740773916E0,-2.893522382E-1,3.787012100E-1
3.557350953E1,1.659947038E0,3.808317333E-2,5.171855092E-1
3.559377843E1,1.681651831E0,2.596580088E-1,6.695181727E-1
3.561404734E1,1.744502425E0,3.320959508E-1,6.679202914E-1
3.563444734E1,1.514538527E0,7.376950979E-2,5.795034170E-1
3.565474307E1,1.368597507E0,-3.809649050E-1,4.681833684E-1
3.567485463E1,1.397359610E0,-3.745733202E-1,4.942823350E-1
3.569512348E1,1.438372254E0,-3.751059473E-1,5.432844758E-1
3.571539224E1,1.454883814E0,-2.781669796E-1,6.428865790E-1
3.573566109E1,1.454351187E0,-2.516685426E-2,6.519413590E-1
3.575606109E1,1.482580662E0,1.781653464E-1,5.576655269E-1
3.577619885E1,1.496961713E0,2.532664239E-1,3.637875319E-1
3.579646770E1,1.430915356E0,1.451421678E-1,2.418148518E-1
3.581673656E1,1.263669014E0,7.803056389E-2,2.162485123E-1
3.583700546E1,1.115197897E0,-6.937529147E-2,3.637875319E-1
3.585740546E1,1.108806252E0,-1.620532274E-1,5.400886536E-1
3.587754323E1,8.691219687E-1,-4.225101769E-1,6.263750196E-1
3.589781213E1,5.651223660E-1,-3.724428117E-1,5.997434258E-1
3.591808104E1,3.813643754E-1,-3.772364855E-1,4.367581010E-1
3.593834994E1,2.966759205E-1,-2.946785688E-1,3.946801722E-1
3.595861885E1,2.263685167E-1,-4.860265180E-2,4.772381186E-1
3.597896645E1,1.059937328E-1,1.195758432E-1,5.651223660E-1
3.599915666E1,5.659212917E-2,2.133190483E-1,5.661876202E-1
3.601942557E1,1.097221524E-1,8.974846452E-2,4.846949577E-1
3.603969448E1,1.219726875E-1,-1.988048255E-1,4.117243886E-1
3.605996333E1,-6.804371625E-2,-5.677855015E-1,4.042675495E-1
3.608023224E1,-5.222455263E-1,-5.864276290E-1,5.273054838E-1
3.610050109E1,-7.869635224E-1,-6.258423924E-1,4.862928391E-1
3.612077005E1,-6.617950201E-1,-7.360971570E-1,2.860232890E-1
3.614103890E1,-9.350351691E-1,-5.603286624E-1,2.647180259E-1
3.616130781E1,-1.682583928E0,-2.504701018E-1,3.201117218E-1
3.618157671E1,-2.342914104E0,-2.206427306E-1,1.790974438E-1
3.620184562E1,-2.828008652E0,-4.214449227E-1,-2.490053698E-2
3.622211453E1,-3.287536860E0,-4.315649271E-1,-2.225069404E-1
3.624238343E1,-3.603387356E0,-6.564687192E-2,-5.211802125E-1
3.626265229E1,-3.378616810E0,4.024033546E-1,-8.604667187E-1
3.628292119E1,-2.831737041E0,5.014728308E-1,-1.080310464E0
3.630319010E1,-2.484594345E0,-1.451421715E-2,-1.168727398E0
3.632345901E1,-2.555966854E0,-1.088033676E0,-1.217729449E0
3.634372791E1,-2.518150091E0,-1.917208195E0,-1.152215838E0
3.636399677E1,-2.161286831E0,-2.620149136E0,-1.169792652E0
3.638426567E1,-1.945171356E0,-2.746249676E0,-1.057940006E0
3.640453458E1,-2.342381477E0,-1.952894568E0,-9.242493510E-1
3.642480349E1,-2.209223747E0,-1.526389599E0,-9.572725296E-1
3.644507239E1,-1.692171335E0,-1.406014800E0,-1.049417853E0
3.646534125E1,-1.398291707E0,-1.114665270E0,-1.096289396E0
3.648561015E1,-1.180445313E0,-9.241161942E-1,-1.237436891E0
3.650587906E1,-8.828372359E-1,-8.058719635E-1,-1.378051639E0
3.652614796E1,-5.185170770E-1,-7.227813601E-1,-1.478053331E0
3.654641687E1,-1.394163817E-1,-6.977477074E-1,-1.465802789E0
3.656668572E1,2.354232669E-1,-7.978824377E-1,-1.314668536E0
3.658695463E1,6.512755752E-1,-9.411604404E-1,-1.097354650E0
3.660722354E1,1.088033676E0,-1.129046321E0,-8.715187907E-1
3.662749244E1,1.545963883E0,-1.243562102E0,-5.494097471E-1
3.664789244E1,1.988980412E0,-1.204679966E0,-1.367532164E-1
3.666803020E1,2.195641518E0,-1.230246305E0,3.169159293E-1
3.668829911E1,1.953294039E0,-1.372459054E0,7.398256063E-1
3.670856802E1,1.346759558E0,-1.449158072E0,8.611325026E-1
3.672883687E1,7.604650855E-1,-1.920404077E0,5.944170952E-1
3.674910578E1,7.130608559E-1,-2.342115164E0,3.307643533E-1
3.676937468E1,1.130644202E0,-1.581783295E0,1.268995255E-1
3.678964354E1,1.288170099E0,-3.878891170E-1,-1.584579609E-2
3.680991244E1,1.144892097E0,2.596580088E-1,3.528685868E-2
3.683018135E1,9.958883524E-1,1.171790004E0,4.926844500E-3
3.685045026E1,6.970819235E-1,8.432893157E-1,-2.629869580E-1
3.687071911E1,-9.454214945E-3,-8.676572442E-1,-1.591237634E-1
3.689098802E1,-3.599259555E-1,-1.532248616E0,-1.047953144E-1
3.691125692E1,3.446127772E-1,-6.317013502E-1,-7.922898233E-2
3.693152583E1,8.424903750E-1,-7.227813601E-1,2.410159074E-2
3.695192583E1,4.372907281E-1,-1.428385377E0,3.275685608E-1
3.697206359E1,3.733749092E-1,-1.159938931E0,4.463454783E-1
3.699233250E1,9.127978086E-1,-8.617982864E-1,2.908169627E-1
3.701260135E1,8.781766891E-1,-9.784446359E-1,3.475422785E-2
3.703287031E1,1.656484902E-1,-1.308543205E0,-2.283658981E-1
3.705327031E1,-1.511342824E-1,-1.379915833E0,-2.976080179E-1
3.707340807E1,1.331579536E-1,-1.421461225E0,-1.436774284E-1
3.709367698E1,4.495412707E-1,-1.167928457E0,1.109205782E-1
3.711394588E1,5.842971206E-1,-6.237118840E-1,1.774995476E-1
3.713421479E1,5.166528821E-1,-1.418132186E-1,1.029310971E-1
3.715461479E1,2.514022291E-1,5.725792050E-2,1.125184745E-1
3.717475255E1,3.209106624E-2,-1.609879732E-1,1.189100519E-1
3.719502145E1,6.724476814E-2,-4.475438893E-1,8.695214242E-2
3.721529036E1,2.902843356E-1,-4.006722867E-1,1.487374306E-1
3.723555927E1,4.484759867E-1,-2.856238186E-1,1.998700947E-1
3.725595927E1,5.171855092E-1,-3.617901504E-1,1.684448123E-1
3.727609708E1,5.305013061E-1,-3.932154477E-1,2.099900991E-1
3.729636598E1,4.878907502E-1,-3.000048697E-1,3.270359337E-1
3.731663489E1,3.968107104E-1,-2.733732760E-1,4.639223218E-1
3.733690380E1,2.790990770E-1,-3.420827985E-1,5.054675937E-1
3.735730380E1,2.151832581E-1,-4.113249183E-1,4.756402075E-1
3.737744161E1,7.829687744E-2,-3.234406710E-1,3.829622865E-1
3.739771052E1,-1.537974328E-1,4.074633494E-2,2.359558940E-1
3.741797942E1,-3.593933284E-1,1.685779691E-1,8.162582666E-2
3.743824833E1,-6.404897571E-1,9.321057238E-3,9.547425061E-2
3.745851724E1,-8.855004311E-1,-2.786996067E-1,1.364869028E-1
3.747878619E1,-1.012666225E0,-5.098618269E-1,1.141163707E-1
3.749905510E1,-1.208142161E0,-6.620613337E-1,2.147837877E-1
3.751932401E1,-1.516535997E0,-6.679202914E-1,3.169159293E-1
3.753959291E1,-1.839177728E0,-5.667202473E-1,3.158506751E-1
3.755986182E1,-2.166613102E0,-4.789691567E-1,1.221058443E-1
3.758013073E1,-2.561825991E0,-2.818953991E-1,-2.603237927E-1
3.760039968E1,-2.790191889E0,1.733716577E-1,-5.930855274E-1
3.762066859E1,-2.637326479E0,6.962829232E-1,-7.310371995E-1
3.764093755E1,-2.355164766E0,9.333041310E-1,-7.166560888E-1
3.766120640E1,-2.034121037E0,7.996135354E-1,-7.427550554E-1
3.768147536E1,-1.848232388E0,4.295675755E-1,-9.775125384E-1
3.770174427E1,-1.940377712E0,3.539338410E-1,-1.278982162E0
3.772201323E1,-2.104827881E0,4.801675975E-1,-1.511609077E0
3.774228213E1,-2.199103594E0,3.331612051E-1,-1.729455471E0
3.776255109E1,-2.200701475E0,-1.247690022E-1,-1.646897554E0
3.778282000E1,-2.149036169E0,-7.733814120E-1,-1.544632316E0
3.780308890E1,-2.356762648E0,-1.228648424E0,-1.672996521E0
3.782335786E1,-2.618817568E0,-1.718003988E0,-1.853026152E0
3.784362677E1,-2.430265903E0,-1.765940785E0,-1.841308236E0
3.786389572E1,-1.955824018E0,-1.715340734E0,-1.712411284E0
3.788429572E1,-1.404150605E0,-1.549825430E0,-1.504152298E0
3.790443359E1,-8.551403880E-1,-1.424656987E0,-1.353017926E0
3.792470255E1,-1.394163817E-1,-1.281911612E0,-1.178314686E0
3.794497145E1,5.555350184E-1,-1.177515745E0,-9.530115128E-1
3.796524041E1,1.278050065E0,-9.528783560E-1,-5.861613154E-1
3.798550932E1,2.175401449E0,-2.978743315E-1,5.992108025E-3
3.800577828E1,2.288718939E0,6.211818457E-1,5.901560783E-1
3.802604724E1,2.351036787E0,7.032071352E-1,4.293012619E-1
3.804631614E1,3.345726728E0,2.396576881E0,-1.980058849E-1
3.806658510E1,9.303746223E-1,1.035569429E0,-6.676539779E-1
3.808685406E1,-5.579318479E-2,-2.147837877E0,7.057371549E-3
3.810712296E1,1.278050065E0,-4.251733422E-1,4.607265294E-1
3.812739192E1,2.093376160E0,8.986830115E-1,9.229177833E-1
3.814766088E1,2.380864143E0,9.375651479E-1,1.135437846E0
3.816792979E1,2.484727383E0,8.315714002E-1,8.808398843E-1
3.818819875E1,1.983121395E0,8.044071794E-1,6.519413590E-1
3.820846770E1,1.618934393E0,7.149250507E-1,4.415517747E-1
3.822873666E1,1.745567679E0,4.348938763E-1,3.422159329E-2
3.824900557E1,1.670067072E0,3.864243925E-1,7.363634557E-2
3.826927453E1,1.425589085E0,5.115928650E-1,3.723096550E-1
3.828954348E1,1.454883814E0,3.267696202E-1,4.916191697E-1
3.830981239E1,1.706685543E0,3.222422674E-2,4.980107546E-1
3.833008135E1,1.795634985E0,2.245043069E-1,4.607265294E-1
3.835035031E1,1.609347105E0,5.625923872E-1,4.053328037E-1
3.837061927E1,1.425589085E0,7.394261360E-1,3.307643533E-1
3.839088823E1,1.266332150E0,5.418196917E-1,3.488738537E-1
3.841115718E1,1.133839965E0,2.319611609E-1,3.973433375E-1
3.843142609E1,9.916272759E-1,-8.801741153E-2,3.861580789E-1
3.845182609E1,8.520777822E-1,-2.265016884E-1,3.627222776E-1
3.847196401E1,7.178545594E-1,-1.652490199E-1,3.877559602E-1
3.849223296E1,4.799012840E-1,-1.790974438E-1,4.932170510E-1
3.851250192E1,2.348906398E-1,3.219759464E-1,5.065328479E-1
3.853277088E1,7.616634667E-2,7.916240692E-1,3.456780612E-1
3.855317088E1,-9.986846708E-3,7.415566444E-1,3.036001325E-1
3.857330880E1,-3.994738800E-4,5.657881498E-1,4.287686050E-1
3.859357776E1,4.221107066E-2,2.804306448E-1,5.134570599E-1
3.861384671E1,1.347558498E-1,-1.290300637E-1,5.054675937E-1
3.863411567E1,2.892190814E-1,-5.395560265E-1,4.245075583E-1
3.865451567E1,3.030675054E-1,-9.044088125E-1,3.472759426E-1
3.867465359E1,-7.337003201E-2,-1.261139035E0,4.074633420E-1
3.869492255E1,-6.426202655E-1,-1.265400052E0,4.969455004E-1
3.871519151E1,-9.776456952E-1,-1.031175256E0,2.780338228E-1
3.873546046E1,-9.014793634E-1,-8.692551255E-1,-6.697845459E-2
3.875586046E1,-1.051015735E0,-4.368912578E-1,-1.265000552E-2
3.877599838E1,-1.546762824E0,-8.961530030E-2,1.487374306E-1
3.879626734E1,-1.979792476E0,4.767054692E-2,1.199753210E-1
3.881653630E1,-2.407895327E0,-3.315633163E-2,-7.337003201E-2
3.883680526E1,-2.928676128E0,1.411474310E-2,-1.990711391E-1
3.885707421E1,-3.077280283E0,4.396875799E-1,-3.581948876E-1
3.887734317E1,-2.871151924E0,8.368977308E-1,-6.570013762E-1
3.889761213E1,-2.622013330E0,7.538071871E-1,-7.587340474E-1
3.891788109E1,-2.325870037E0,4.647212625E-1,-6.655234694E-1
3.893815005E1,-2.267813206E0,-2.270343155E-1,-6.809697747E-1
3.895841901E1,-2.413221598E0,-4.491417706E-1,-9.130641222E-1
3.897868802E1,-2.739591837E0,-2.190448344E-1,-1.147954702E0
3.899895692E1,-2.752374887E0,-2.035985142E-1,-1.160737872E0
3.901922593E1,-2.435592175E0,-4.629902244E-1,-9.631314874E-1
3.903949489E1,-2.247040510E0,-6.082655191E-1,-9.530115128E-1
3.905976385E1,-2.190048933E0,-5.338302255E-1,-1.061668396E0
3.908003281E1,-2.011217833E0,-6.498108506E-1,-1.109072566E0
3.910030177E1,-1.724661827E0,-8.836361766E-1,-1.147954702E0
3.912057072E1,-1.410009623E0,-9.523456693E-1,-1.096822023E0
3.914083968E1,-1.024916768E0,-7.600656152E-1,-1.036102057E0
3.916110869E1,-6.074665785E-1,-6.572676897E-1,-9.226514697E-1
3.918137765E1,-1.639174372E-1,-5.125249624E-1,-8.050730228E-1
3.920164661E1,3.115896285E-1,-4.352933466E-1,-6.836329699E-1
3.922191557E1,8.142609000E-1,-3.388870060E-1,-5.627255440E-1
3.924218453E1,1.406946898E0,-1.998700947E-1,-4.082622826E-1
3.926245348E1,1.894704580E0,-1.238369010E-2,-4.247738793E-2
3.928272244E1,1.539039612E0,8.747146130E-1,6.072002649E-1
3.930299145E1,5.177181363E-1,1.977528811E0,1.399490118E0
3.932326041E1,2.607765436E0,1.545697570E0,5.773729086E-1
3.934352937E1,1.843039274E0,-5.082638860E-1,-2.555301189E-1
3.936379833E1,-1.644500792E-1,-7.494129539E-1,4.186486006E-1
3.938406729E1,1.087501049E0,-4.161186218E-1,9.532778263E-1
3.940433625E1,2.122138262E0,7.878956199E-1,8.835030198E-1
3.942460520E1,2.099235058E0,1.016394615E0,9.064062238E-1
3.944487416E1,2.385658026E0,9.775125384E-1,1.035303116E0
3.946514317E1,2.212153196E0,1.136636257E0,1.011867285E0
3.948541213E1,1.996437192E0,7.676556110E-1,7.339666486E-1
3.950568109E1,2.086452007E0,5.147886276E-1,4.058654606E-1
3.952595005E1,2.029460430E0,5.249086618E-1,1.876195520E-1
3.954621895E1,1.814809799E0,4.444812536E-1,2.492716908E-1
3.956648796E1,1.609347105E0,7.749792933E-2,4.410191476E-1
3.958675692E1,1.393098474E0,-3.262370080E-2,6.173202991E-1
3.960702593E1,1.354749084E0,-5.459476262E-3,5.747097135E-1
3.962729489E1,1.591237545E0,-2.206427306E-1,3.568633199E-1
3.964756385E1,1.707218170E0,2.985401452E-1,2.231727391E-1
3.966783281E1,1.597629189E0,8.225166798E-1,2.759032845E-1
3.968810177E1,1.394696474E0,6.941524148E-1,4.122570157E-1
3.970837072E1,1.183774233E0,3.821633458E-1,5.171855092E-1
3.972863968E1,8.185219765E-1,1.078579426E-1,4.202465117E-1
3.974890869E1,5.028044581E-1,-2.796316985E-3,2.524674833E-1
3.976917765E1,3.137201369E-1,-3.741738573E-2,2.178464085E-1
3.978944661E1,1.171789989E-1,-2.233058959E-1,2.705769539E-1
3.980971557E1,-1.744369231E-2,-1.471395344E-1,2.599243224E-1
3.982998453E1,-1.997369342E-3,1.291632205E-1,2.806969583E-1
3.985025348E1,4.487423226E-2,2.324937880E-1,3.920170069E-1
3.987052244E1,1.086568907E-1,2.655169666E-1,4.937497079E-1
3.989079140E1,1.954758763E-1,1.019989923E-1,5.257076025E-1
3.991106036E1,2.668485343E-1,-2.174469382E-1,4.767054915E-1
3.993132937E1,3.094590902E-1,-6.743118763E-1,4.143875539E-1
3.995159833E1,2.162485123E-1,-1.172722101E0,4.048001766E-1
3.997186729E1,-1.111868918E-1,-1.408678055E0,4.932170510E-1
3.999213625E1,-3.988080621E-1,-1.153547406E0,5.123918056E-1
4.001240520E1,-3.759049177E-1,-1.065796256E0,2.455432713E-1
4.003267416E1,-2.858901322E-1,-1.031707883E0,-8.189214021E-2
4.005307416E1,-7.251782417E-1,-4.763059914E-1,-4.514054582E-2
4.007321208E1,-1.465935946E0,-2.488722205E-1,-2.756369673E-2
4.009348104E1,-2.101099491E0,-1.689774394E-1,-1.974732429E-1
4.011375000E1,-2.653305531E0,-6.524739787E-3,-3.874896467E-1
4.013405828E1,-3.071954012E0,1.270326823E-1,-3.896201849E-1
4.015444604E1,-3.194326162E0,3.352917433E-1,-4.546012580E-1
4.017455677E1,-2.963297129E0,7.255777121E-1,-6.388918757E-1
4.019482578E1,-2.638924360E0,8.129293323E-1,-7.613971829E-1
4.021509474E1,-2.460093260E0,3.352917433E-1,-9.093356729E-1
4.023536369E1,-2.295510054E0,1.217063740E-1,-1.075516820E0
4.025576369E1,-2.108023643E0,1.251684781E-2,-1.241697907E0
4.027590161E1,-2.169808865E0,-2.312953621E-1,-1.376453757E0
4.029617057E1,-2.377002716E0,-5.040028691E-1,-1.264601111E0
4.031643953E1,-2.382328987E0,-1.753690243E-1,-1.077114701E0
4.033670854E1,-2.111752033E0,1.595232338E-1,-1.044624209E0
4.035710854E1,-1.838112354E0,9.507478029E-2,-1.274721146E0
4.037724645E1,-1.722531319E0,-1.886848211E-1,-1.477520704E0
4.039751541E1,-1.592569113E0,-4.550007284E-1,-1.402952194E0
4.041778437E1,-1.343430638E0,-6.386255622E-1,-1.133573651E0
4.043805333E1,-9.233172536E-1,-5.816339254E-1,-9.476851821E-1
4.045832224E1,-3.966775537E-1,-3.500722647E-1,-7.139929533E-1
4.047859119E1,5.872265995E-2,-2.568616867E-1,-4.998749495E-1
4.049886015E1,5.512739420E-1,-1.759016514E-1,-3.736412227E-1
4.051912911E1,1.149685740E0,-1.418132186E-1,-2.033322006E-1
4.053939807E1,1.637043953E0,-1.354216337E-1,1.854890287E-1
4.055966703E1,1.579519629E0,3.001380265E-1,7.515435219E-1
4.057993599E1,6.008086801E-1,1.624926567E0,1.435176492E0
4.060020494E1,2.142910957E0,1.488173366E0,9.543430805E-1
4.062047390E1,2.392049551E0,6.524740160E-2,-9.986846708E-3
4.064074286E1,-2.230395675E-1,-8.122635484E-1,1.700427085E-1
4.066101182E1,4.287686050E-1,-1.017326832E0,7.551387548E-1
4.068128078E1,1.753024459E0,2.591253817E-1,8.749809265E-1
4.070154968E1,2.064614058E0,1.095623612E0,1.041694641E0
4.072181864E1,2.398441076E0,1.183507919E0,1.227050543E0
4.074208760E1,2.431464195E0,1.215465784E0,1.085370541E0
4.076235656E1,1.870203495E0,5.227781534E-1,5.534044504E-1
4.078262552E1,1.705087662E0,9.827057272E-2,-4.567318037E-2
4.080289442E1,1.754622340E0,1.834916621E-1,-3.571296334E-1
4.082316338E1,1.715207577E0,2.426137924E-1,-3.677822649E-1
4.084343234E1,1.542235494E0,1.366200596E-1,-1.447426975E-1
4.086370130E1,1.333443761E0,2.303632647E-1,2.189116776E-1
4.088397020E1,1.362205863E0,2.165148407E-1,4.974781275E-1
4.090423916E1,1.525191188E0,1.430116445E-1,5.768402815E-1
4.092450812E1,1.656751275E0,5.067991614E-1,5.352949500E-1
4.094477708E1,1.672197580E0,6.936197877E-1,4.910865426E-1
4.096504598E1,1.623728156E0,4.780370593E-1,4.277033508E-1
4.098531494E1,1.535311222E0,1.968074590E-1,3.312969804E-1
4.100558390E1,1.333443761E0,1.126516312E-1,2.604569495E-1
4.102585281E1,1.123719931E0,-4.860265180E-2,1.716406047E-1
4.104612177E1,9.532778263E-1,-2.797648609E-1,1.253016293E-1
4.106639073E1,8.984166980E-1,-3.106575012E-1,2.078595608E-1
4.108665963E1,7.876293063E-1,-1.977395564E-1,3.765707016E-1
4.110692859E1,6.773745418E-1,-2.996053919E-2,5.475454926E-1
4.112719750E1,6.470144987E-1,2.420811653E-1,5.704486966E-1
4.114759750E1,5.070654750E-1,3.858917654E-1,4.532696903E-1
4.116773541E1,2.849580348E-1,3.491401672E-1,3.563306928E-1
4.118800432E1,1.145158410E-1,3.427485824E-1,3.281011879E-1
4.120827328E1,-2.223737910E-2,5.078644156E-1,3.371559381E-1
4.122854218E1,-1.276984811E-1,6.744450331E-1,3.504717350E-1
4.124881114E1,-1.601890177E-1,6.323671341E-1,3.174485564E-1
4.126908010E1,-1.324921697E-1,3.187801540E-1,2.711096108E-1
4.128934901E1,-1.724395454E-1,-1.492700726E-1,2.561959028E-1
4.130961796E1,-3.466101587E-1,-2.744385600E-1,3.041327596E-1
4.132988692E1,-5.733781457E-1,-3.170490861E-1,3.046653867E-1
4.135015578E1,-6.527402997E-1,-5.167860389E-1,1.625858694E-1
4.137042479E1,-8.364982605E-1,-3.149185777E-1,6.671213359E-2
4.139069369E1,-1.308276892E0,2.596580088E-1,-2.063948289E-2
4.141096265E1,-1.715607047E0,4.210454524E-1,-1.468732208E-1
4.143123156E1,-2.003760815E0,1.520663798E-1,-1.213068962E-1
4.145150052E1,-2.358360529E0,-4.434159771E-2,6.990792602E-2
4.147176942E1,-2.699644327E0,2.905506492E-1,1.098553166E-1
4.149203838E1,-2.806170702E0,9.641967416E-1,-6.964161247E-2
4.151230724E1,-2.736928701E0,1.244760513E0,-2.640522122E-1
4.153257625E1,-2.581533194E0,9.247819781E-1,-4.396875799E-1
4.155297625E1,-2.310956240E0,6.605966091E-1,-5.781718493E-1
4.157311406E1,-1.998434544E0,4.673844278E-1,-7.880287766E-1
4.159338302E1,-1.865809321E0,1.840242893E-1,-1.049950480E0
4.161365192E1,-2.022935629E0,-1.258342713E-1,-1.200152636E0
4.163392088E1,-2.358360529E0,-2.600574791E-1,-1.035569429E0
4.165432088E1,-2.449973106E0,-4.464786351E-1,-8.704535365E-1
4.167445875E1,-2.284857273E0,-6.146571040E-1,-8.487488031E-1
4.169472765E1,-2.035718918E0,-6.269076467E-1,-9.375651479E-1
4.171499656E1,-1.857819796E0,-5.677855015E-1,-1.059537888E0
4.173526552E1,-1.692171335E0,-6.141244769E-1,-1.081375718E0
4.175566552E1,-1.500556946E0,-6.892255545E-1,-1.035036802E0
4.177580338E1,-1.285373688E0,-7.467498183E-1,-1.021188378E0
4.179607229E1,-9.755151868E-1,-5.523391962E-1,-8.933567405E-1
4.181634119E1,-5.669865608E-1,-2.398174703E-1,-8.151929975E-1
4.183661015E1,-7.603318989E-2,1.041295230E-1,-7.305045128E-1
4.185687906E1,3.318296373E-1,1.462074369E-1,-5.771065950E-1
4.187714802E1,6.315681934E-1,1.057274193E-1,-4.492749274E-1
4.189741692E1,9.756483436E-1,-4.061317816E-2,-2.699111700E-1
4.191768583E1,1.275919557E0,-5.872265995E-2,-5.898897350E-2
4.193795479E1,9.713872671E-1,2.133190483E-1,2.572611570E-1
4.195822369E1,-4.110586047E-1,9.876325727E-1,8.334356546E-1
4.197849260E1,9.021451473E-1,9.721862078E-1,4.681833684E-1
4.199876156E1,1.354749084E0,-1.364469528E0,7.576687634E-2
4.201903046E1,7.029408216E-1,-8.527435660E-1,2.115879953E-1
4.203929937E1,1.077913642E0,9.306409359E-1,7.376950979E-1
4.205956833E1,1.709881306E0,4.396875799E-1,7.435539961E-1
4.207983724E1,1.704022408E0,8.779103756E-1,6.040045023E-1
4.210010614E1,1.385641694E0,1.051947847E-1,6.860297918E-1
4.212037510E1,1.517734408E0,2.298306376E-1,6.897581816E-1
4.214064401E1,1.710946560E0,4.316980839E-1,6.471476555E-1
4.216091291E1,1.896302462E0,4.780370593E-1,6.514087319E-1
4.218118182E1,2.116279364E0,6.483460665E-1,6.290381551E-1
4.220145078E1,2.066211939E0,6.211818457E-1,5.944170952E-1
4.222171968E1,1.865409851E0,5.391565561E-1,6.008086801E-1
4.224198859E1,1.664208174E0,3.997401893E-1,5.896234512E-1
4.226225750E1,1.486309052E0,-4.380896688E-2,5.166528821E-1
4.228252640E1,1.392565846E0,-5.842971206E-1,4.053328037E-1
4.230279531E1,1.366999626E0,-5.581981540E-1,3.281011879E-1
4.232306421E1,1.470862746E0,2.090579867E-1,2.247706354E-1
4.234333312E1,1.559812307E0,3.928159773E-1,1.615206003E-1
4.236360203E1,1.660479665E0,-4.926844500E-3,1.077247858E-1
4.238387093E1,1.691771865E0,-2.989396155E-1,1.668469161E-1
4.240413984E1,1.584313393E0,-3.848264739E-2,2.364885211E-1
4.242440869E1,1.428252220E0,2.644517124E-1,1.998700947E-1
4.244467770E1,1.274854302E0,2.713759243E-1,2.078595608E-1
4.246494656E1,1.160338402E0,3.488738462E-2,2.822948694E-1
4.248521552E1,9.580714703E-1,-1.711079776E-1,3.478085697E-1
4.250548442E1,6.752439737E-1,-2.717753947E-1,3.217096329E-1
4.252575328E1,4.783033729E-1,-1.785648167E-1,2.338253707E-1
4.254602218E1,3.584612012E-1,-1.306279600E-1,1.620532274E-1
4.256629109E1,2.316948473E-1,4.926844314E-2,9.653951973E-2
4.258656000E1,1.177116334E-1,1.099884734E-1,1.119858399E-1
4.260682890E1,8.122635074E-3,9.507478029E-2,2.631201148E-1
4.262709776E1,-1.957421936E-2,1.680453420E-1,4.399538934E-1
4.264736671E1,3.102580272E-2,2.271674722E-1,4.974781275E-1
4.266763562E1,1.432779580E-1,1.824263930E-1,4.490086138E-1
4.268790453E1,2.141179889E-1,-4.434159771E-2,3.653854430E-1
4.270817343E1,1.438105851E-1,-4.789691567E-1,2.876211703E-1
4.272844234E1,-4.514054582E-2,-6.396908164E-1,3.419496417E-1
4.274871119E1,-2.784332931E-1,-4.725775719E-1,4.474107325E-1
4.276898010E1,-3.801659644E-1,-6.290381551E-1,3.691138625E-1
4.278924901E1,-2.768353820E-1,-6.482129097E-1,1.695100814E-1
4.280951791E1,-5.190497041E-1,-3.234406710E-1,7.470161468E-2
4.282978682E1,-1.035569429E0,-1.924132407E-1,8.269108832E-2
4.285005573E1,-1.463805437E0,-2.957438231E-1,1.131842658E-2
4.287032458E1,-1.841840863E0,-3.522028029E-1,-1.468732208E-1
4.289059349E1,-2.312554121E0,3.462106921E-3,-3.141196072E-1
4.291086239E1,-2.872749805E0,7.058703303E-1,-4.870918095E-1
4.293113130E1,-3.104977131E0,1.249021649E0,-7.528750896E-1
4.295153130E1,-2.930806637E0,1.310806870E0,-9.189230204E-1
4.297166906E1,-2.605501652E0,7.857651114E-1,-9.322388172E-1
4.299193796E1,-2.235855341E0,5.110602379E-1,-9.247819781E-1
4.301220682E1,-1.960617781E0,2.788327634E-1,-1.048885226E0
4.303247573E1,-1.849830270E0,-2.850911915E-1,-1.317864299E0
4.305287572E1,-2.135187864E0,-6.210486889E-1,-1.318396926E0
4.307301354E1,-2.609762669E0,-6.961497664E-1,-1.011600971E0
4.309328244E1,-2.742787600E0,-6.354297400E-1,-7.715172172E-1
4.311355130E1,-2.436657429E0,-3.037332892E-1,-8.688556552E-1
4.313382020E1,-2.036251545E0,-2.073269337E-1,-1.086702108E0
4.315422020E1,-1.876994491E0,-2.786996067E-1,-1.206544280E0
4.317435796E1,-1.855689287E0,-7.286403179E-1,-1.166064262E0
4.319462687E1,-1.682583928E0,-9.997498989E-1,-1.030243158E0
4.321489578E1,-1.208674788E0,-6.535392404E-1,-8.827040792E-1
4.323516463E1,-6.532729268E-1,-3.117227852E-1,-7.645930052E-1
4.325556463E1,-1.703090221E-1,-9.387636185E-2,-6.708498001E-1
4.327570244E1,2.189116776E-1,-4.394212738E-3,-6.090644598E-1
4.329597135E1,5.475454926E-1,-2.410159074E-2,-5.217128396E-1
4.331624020E1,8.648608923E-1,-1.647163928E-1,-3.491401672E-1
4.333650911E1,1.051282048E0,-2.094574571E-1,-9.254477918E-2
4.335690911E1,6.171871424E-1,2.902843431E-2,3.478085697E-1
4.337704687E1,-7.323687430E-3,5.530049801E-1,7.993472219E-1
4.339731578E1,1.356879592E0,4.008054435E-1,7.179877162E-1
4.341758463E1,2.025199413E0,-1.062067866E0,1.087900475E-1
4.343785354E1,6.912229657E-1,2.522011697E-1,2.705769539E-1
4.345812244E1,9.697893858E-1,-2.142511457E-1,6.625939608E-1
4.347839130E1,1.693369746E0,3.230412006E-1,5.038697124E-1
4.349866020E1,1.743969679E0,5.137233734E-1,5.033370852E-1
4.351892906E1,1.666338682E0,3.486075401E-1,6.940192580E-1
4.353919796E1,1.912281394E0,6.328997612E-1,7.366297841E-1
4.355946682E1,2.010818243E0,7.010766268E-1,6.546044946E-1
4.357973567E1,1.904291868E0,4.993423223E-1,5.523391962E-1
4.360000458E1,1.796167612E0,3.235738277E-1,4.862928391E-1
4.362027343E1,1.677523971E0,3.246390820E-1,4.703139067E-1
4.364054234E1,1.553953290E0,3.464770019E-1,4.878907502E-1
4.366081119E1,1.446361661E0,9.933583438E-2,4.085285962E-1
4.368108010E1,1.450090170E0,1.331579522E-3,3.089264631E-1
4.370134895E1,1.514005899E0,2.537990510E-1,3.041327596E-1
4.372161781E1,1.492700696E0,4.972118139E-1,3.861580789E-1
4.374188666E1,1.384043813E0,3.374222517E-1,4.170507193E-1
4.376215557E1,1.357944846E0,2.308958918E-1,3.744401634E-1
4.378242442E1,1.356879592E0,3.968106955E-2,3.680485785E-1
4.380269328E1,1.251951098E0,-2.217079997E-1,3.941475451E-1
4.382296218E1,1.198155284E0,-1.966743022E-1,3.936149180E-1
4.384323104E1,1.235972166E0,2.849580161E-2,4.170507193E-1
4.386349989E1,1.232243776E0,-2.303632535E-2,4.623244107E-1
4.388376880E1,1.117861032E0,-3.484743834E-1,4.394212663E-1
4.390403765E1,9.868336320E-1,-4.917523265E-1,3.419496417E-1
4.392430651E1,8.590019941E-1,-5.380913019E-1,2.604569495E-1
4.394457541E1,7.407577038E-1,-5.528718233E-1,2.009353489E-1
4.396484427E1,6.502103209E-1,-4.986765385E-1,1.519332230E-1
4.398511312E1,6.273071170E-1,-4.230428338E-1,2.173137814E-1
4.400538198E1,6.416881680E-1,-2.483395934E-1,3.366233110E-1
4.402565088E1,6.379597783E-1,-2.062616795E-1,3.962780833E-1
4.404591974E1,5.672528744E-1,-1.913479865E-1,4.665854871E-1
4.406618859E1,5.576655269E-1,-1.535311192E-1,4.958802164E-1
4.408645744E1,5.661876202E-1,-1.514005959E-1,5.432844758E-1
4.410672635E1,5.747097135E-1,-1.615206003E-1,5.725792050E-1
4.412699520E1,4.804339111E-1,-8.428898454E-2,6.482129097E-1
4.414726406E1,4.175833464E-1,9.454214573E-2,6.178529263E-1
4.416753291E1,3.323622644E-1,1.685779691E-1,4.964128435E-1
4.418780177E1,9.587372839E-2,3.821633458E-1,5.496760607E-1
4.420807062E1,-7.976161689E-2,6.020070910E-1,5.954823494E-1
4.422833953E1,-2.075932473E-1,3.054643571E-1,4.687159956E-1
4.424860838E1,-4.297007322E-1,2.138516754E-1,2.663159072E-1
4.426887724E1,-8.492814302E-1,4.183822870E-1,1.902827173E-1
4.428914609E1,-1.326919079E0,3.198454082E-1,6.511423737E-2
4.430941494E1,-1.645832300E0,3.235738277E-1,-7.123950869E-2
4.432968380E1,-2.112817287E0,4.343612492E-1,-2.223737910E-2
4.434995265E1,-2.686861277E0,4.194475710E-1,-3.768370301E-2
4.437022151E1,-3.003244638E0,2.852243483E-1,-2.533995807E-1
4.439049041E1,-3.023484468E0,-4.593949392E-2,-6.032055616E-1
4.441075927E1,-2.841324329E0,-1.231711060E-1,-8.183888197E-1
4.443102812E1,-2.405232191E0,1.265000552E-1,-9.077377915E-1
4.445129698E1,-1.918539762E0,4.327633679E-1,-9.876325727E-1
4.447156578E1,-1.508546472E0,1.366200596E-1,-1.245959044E0
4.449183468E1,-1.355681181E0,-3.234406710E-1,-1.689508080E0
4.451210354E1,-1.305613756E0,-8.703203797E-1,-2.076065779E0
4.453237239E1,-1.264601111E0,-1.327718019E0,-2.208691120E0
4.455277239E1,-1.176716805E0,-1.566869617E0,-2.035585642E0
4.457291005E1,-1.010535717E0,-1.550358057E0,-1.778457642E0
4.459317890E1,-7.986814380E-1,-1.462473869E0,-1.682583928E0
4.461344776E1,-5.025381446E-1,-1.618401766E0,-1.699095488E0
4.463371661E1,-2.544648647E-1,-1.763277650E0,-1.643169165E0
4.465411661E1,-8.402267098E-2,-1.761147141E0,-1.473259568E0
4.467425432E1,7.350318879E-2,-1.791507125E0,-1.168727398E0
4.469452317E1,1.757684946E-1,-1.885250330E0,-8.912261724E-1
4.471479198E1,2.844253778E-1,-1.832519770E0,-5.579318404E-1
4.473506083E1,4.074633420E-1,-1.567934871E0,-2.177132517E-1
4.475546083E1,3.712443709E-1,-1.033305764E0,1.205079481E-1
4.477559848E1,2.269011587E-1,-6.412886977E-1,4.532696903E-1
4.479586739E1,1.459411234E-1,-4.677838981E-1,7.940208912E-1
4.481613625E1,-5.725792143E-3,-6.040045023E-1,8.723177910E-1
4.483640510E1,-6.058686972E-2,-8.735162020E-1,5.704486966E-1
4.485680510E1,3.872233331E-1,-1.079511523E0,4.111917615E-1
4.487694276E1,6.171871424E-1,-3.356912136E-1,8.588688076E-2
4.489721161E1,2.977411747E-1,-9.440898895E-2,-5.233107805E-1
4.491748046E1,-9.840372950E-2,-1.036501527E0,-8.519446254E-1
4.493774932E1,-4.460791498E-2,-1.737178683E0,-7.555382252E-1
4.495801812E1,4.623244107E-1,-1.919338822E0,-5.504750013E-1
4.497828698E1,6.587324142E-1,-1.596697092E0,-5.110602379E-1
4.499855583E1,1.123853177E-1,-1.341033816E0,-6.010749936E-1
4.501882463E1,-8.551403880E-1,-1.196690559E0,-1.051947847E-2
4.503909348E1,-9.813741446E-1,-1.445429564E0,8.520777822E-1
4.505936234E1,5.400886536E-1,-1.609480262E0,1.218528390E0
4.507963114E1,1.661012292E0,-1.074318409E0,1.338237405E0
4.509990000E1,1.640239716E0,-4.949481189E-1,1.187635779E0
4.512016885E1,1.348357439E0,-9.134635925E-1,5.795034170E-1
4.514043765E1,7.892271876E-1,-1.819736600E0,1.444763839E-1
4.516070651E1,3.302317262E-1,-2.224936247E0,-6.804371625E-2
4.518097531E1,1.187768951E-1,-2.343180418E0,-1.436774284E-1
4.520124416E1,3.760380745E-1,-2.034387350E0,-2.006690353E-1
4.522151296E1,9.570062160E-1,-1.151416779E0,-8.029424399E-2
4.524178182E1,1.225319505E0,-4.193144143E-1,1.956090331E-1
4.526205062E1,9.767135978E-1,-8.942888379E-1,3.589938581E-1
4.528231948E1,4.937497079E-1,-1.248355865E0,3.584612012E-1
4.530258828E1,-2.649843320E-2,-6.450171471E-1,3.179811835E-1
4.532285713E1,-3.316964805E-1,-5.286370963E-2,2.897517085E-1
4.534312593E1,-3.918838501E-1,7.110634446E-2,2.503369451E-1
4.536339479E1,-2.922817171E-1,-2.909501195E-1,1.748363972E-1
4.538366359E1,-5.685844645E-2,-7.765771747E-1,1.572595388E-1
4.540393244E1,1.773663908E-1,-1.037566781E0,2.057290375E-1
4.542420125E1,2.402169555E-1,-1.075783134E0,2.881538272E-1
4.544447010E1,2.631201148E-1,-1.049817324E0,3.472759426E-1
4.546473890E1,2.972085476E-1,-1.018392086E0,3.440801501E-1
4.548500776E1,3.142527640E-1,-9.805752039E-1,4.042675495E-1
4.550527656E1,3.254380524E-1,-8.458193541E-1,4.910865426E-1
4.552554536E1,3.350254297E-1,-5.890907645E-1,5.187833905E-1
4.554581416E1,3.286338449E-1,-3.016027808E-1,4.490086138E-1
4.556608302E1,3.179811835E-1,-3.368896246E-2,3.749727905E-1
4.558635182E1,2.370211631E-1,1.861548275E-1,3.792338669E-1
4.560662067E1,5.339634046E-2,2.340916842E-1,4.431496859E-1
4.562688948E1,-1.681784987E-1,1.677790284E-2,4.585959911E-1
4.564728948E1,-3.039996028E-1,-3.138532937E-1,3.802991211E-1
4.566742713E1,-5.105276108E-1,-4.528702199E-1,3.648527861E-1
4.568769593E1,-7.619298100E-1,-4.795017838E-1,3.217096329E-1
4.570796474E1,-1.022786260E0,-4.528702199E-1,3.813643754E-1
4.572823359E1,-1.391900063E0,-6.285055280E-1,4.372907281E-1
4.574850239E1,-1.774196625E0,-8.484824896E-1,3.328948915E-1
4.576877119E1,-2.235322475E0,-6.311687231E-1,3.850927949E-1
4.578904000E1,-2.745983362E0,-3.751059473E-1,3.350254297E-1
4.580930880E1,-3.080476046E0,-3.069290817E-1,-2.756369673E-2
4.582957765E1,-3.250785112E0,-3.298322558E-1,-4.269044101E-1
4.584984645E1,-3.197521925E0,-5.205144286E-1,-7.006771564E-1
4.587011526E1,-2.848248720E0,-4.070638716E-1,-7.518098354E-1
4.589038406E1,-2.307227850E0,-5.819002539E-2,-6.628602743E-1
4.591065281E1,-1.833851337E0,-1.700427085E-1,-7.502118945E-1
4.593092171E1,-1.651158690E0,-6.652571559E-1,-1.000948310E0
4.595119052E1,-1.587242842E0,-1.055143595E0,-1.331712723E0
4.597145932E1,-1.587242842E0,-1.235040069E0,-1.692703962E0
4.599172812E1,-1.642636538E0,-1.354882240E0,-1.942907691E0
4.601199692E1,-1.579253316E0,-1.419330597E0,-1.983387709E0
4.603226572E1,-1.274721146E0,-1.399090648E0,-1.983920336E0
4.605266573E1,-8.546077609E-1,-1.405482173E0,-2.035053015E0
4.607280338E1,-5.382244587E-1,-1.240366340E0,-2.027063608E0
4.609307218E1,-1.974732429E-1,-1.081642032E0,-1.870070338E0
4.611334098E1,1.272990108E-1,-1.229713678E0,-1.512141705E0
4.613360979E1,2.428801060E-1,-1.338903189E0,-9.881651998E-1
4.615400979E1,2.263685167E-1,-1.346360087E0,-5.323655009E-1
4.617414739E1,2.689790726E-1,-1.228115797E0,-1.905490309E-1
4.619441619E1,4.127896726E-1,-9.992172718E-1,1.348890066E-1
4.621468500E1,5.203812718E-1,-7.004108429E-1,3.526022732E-1
4.623495385E1,6.842987537E-1,-6.370276809E-1,5.432844758E-1
4.625535385E1,9.069388509E-1,-8.335688114E-1,7.748461366E-1
4.627549140E1,8.073366880E-1,-1.149818897E0,6.956171393E-1
4.629576020E1,4.745749533E-1,-1.266997933E0,2.194443047E-1
4.631602901E1,3.616569936E-1,-9.512804151E-1,-4.652538896E-1
4.633629781E1,4.181159735E-1,-5.438171029E-1,-8.645945787E-1
4.635669781E1,5.358276367E-1,-3.708449006E-1,-7.384940386E-1
4.637683541E1,6.613955498E-1,-3.042659163E-1,-1.553953290E-1
4.639710421E1,5.613939166E-1,-7.552719116E-1,1.918806136E-1
4.641737302E1,3.552654386E-1,-1.666338682E0,5.518065691E-1
4.643764182E1,-1.031974182E-1,-2.752641201E0,7.609977126E-1
4.645791052E1,-2.794985473E-1,-1.765940785E0,5.613939166E-1
4.647817937E1,5.779055357E-1,6.568682194E-1,2.391516864E-1
4.649844817E1,1.486309052E0,2.037183523E0,-6.325002760E-2
4.651871698E1,1.104012609E0,1.278316379E0,-2.862896025E-2
4.653898578E1,3.760380745E-1,-8.229161501E-1,2.247706354E-1
4.655925458E1,4.500738978E-1,-1.962481976E0,4.873581231E-1
4.657952333E1,5.917539597E-1,-1.394297004E0,3.408843577E-1
4.659979213E1,5.763076544E-1,-6.391581893E-1,-2.491385341E-1
4.662006093E1,5.736444592E-1,-1.471395344E-1,-5.723128915E-1
4.664032974E1,5.358276367E-1,-4.860265180E-2,-3.944138587E-1
4.666059848E1,6.597976685E-1,-3.671164811E-1,2.796316985E-3
4.668086729E1,8.078693151E-1,1.890842989E-2,2.950780392E-1
4.670113609E1,7.290397882E-1,8.198535442E-1,4.000065029E-1
4.672140489E1,4.767054915E-1,9.269125462E-1,3.126548827E-1
4.674167364E1,3.632549047E-1,3.880222738E-1,1.460742801E-1
4.676194244E1,2.854906619E-1,-2.942790836E-2,5.978792161E-2
4.678221119E1,2.247706354E-1,-1.359542757E-1,6.671213359E-2
4.680248000E1,2.620548606E-1,-2.781669796E-1,1.125184745E-1
4.682274880E1,3.366233110E-1,-4.342280924E-1,2.290316820E-1
4.684301755E1,4.213117659E-1,-5.470128655E-1,3.478085697E-1
4.686328635E1,5.624592304E-1,-6.231792569E-1,4.058654606E-1
4.688355515E1,6.795050502E-1,-6.679202914E-1,4.559328258E-1
4.690382390E1,7.008103132E-1,-7.041392922E-1,5.411539078E-1
4.692409270E1,6.283723712E-1,-7.350319028E-1,5.640571117E-1
4.694436151E1,4.681833684E-1,-7.233139873E-1,5.858950019E-1
4.696463026E1,2.503369451E-1,-5.608612895E-1,6.354297400E-1
4.698489906E1,4.593949392E-2,-3.585943878E-1,6.077328920E-1
4.700516781E1,-1.335574239E-1,-3.431480527E-1,5.331644416E-1
4.702543661E1,-3.482080400E-1,-3.016027808E-1,4.868254960E-1
4.704570536E1,-4.339617789E-1,-3.910849094E-1,2.615222335E-1
4.706597416E1,-5.696497560E-1,-6.780403256E-1,5.765739456E-2
4.708624296E1,-8.498140574E-1,-6.199834347E-1,-2.490053698E-2
4.710651171E1,-1.259807467E0,-3.804322779E-1,-2.596580051E-2
4.712678052E1,-1.820535541E0,-6.178529263E-1,3.901528195E-2
4.714704927E1,-2.501638412E0,-1.080576777E0,-3.075948730E-2
4.716731807E1,-3.301385164E0,-9.965541363E-1,-1.308942735E-1
4.718758682E1,-3.882885933E0,-8.106656075E-1,-4.540686309E-1
4.720785562E1,-3.889277458E0,-5.263733864E-1,-8.503466845E-1
4.722812437E1,-3.394063234E0,2.420811653E-1,-9.002809525E-1
4.724839317E1,-2.772082329E0,7.255777121E-1,-7.970834970E-1
4.726866192E1,-2.436657429E0,-4.970786572E-1,-8.715187907E-1
4.728893072E1,-2.436124802E0,-1.599360228E0,-1.012133598E0
4.730919948E1,-2.363154173E0,-8.378298283E-1,-1.162868381E0
4.732946828E1,-2.264084816E0,-3.442133069E-1,-1.686844945E0
4.734973703E1,-2.522943735E0,-5.534044504E-1,-2.035585642E0
4.737000583E1,-2.818421364E0,-1.146623135E0,-1.900962949E0
4.739027458E1,-2.895653009E0,-1.339435816E0,-1.650626063E0
4.741054338E1,-2.720417023E0,-1.394297004E0,-1.458345890E0
4.743081213E1,-2.439853191E0,-1.281378984E0,-1.345028520E0
4.745121213E1,-2.238518476E0,-1.162602067E0,-1.252883196E0
4.747134968E1,-1.990977764E0,-9.757815003E-1,-1.166596889E0
4.749161843E1,-1.681518674E0,-9.400951862E-1,-1.097354650E0
4.751188718E1,-1.388704300E0,-8.543414474E-1,-1.079777837E0
4.753215598E1,-1.151683211E0,-8.080024719E-1,-1.045156837E0
4.755255599E1,-9.174582958E-1,-8.735162020E-1,-9.881651998E-1
4.757269348E1,-6.628602743E-1,-9.225183129E-1,-9.349020123E-1
4.759296229E1,-4.281028211E-1,-7.866972089E-1,-9.380977750E-1
4.761323104E1,-3.657849133E-1,-6.966823936E-1,-9.823062420E-1
4.763349979E1,-4.621912539E-1,-1.088033676E0,-1.046222091E0
4.765389979E1,-2.358227372E-1,-1.629587054E0,-1.122920990E0
4.767403734E1,7.471492887E-1,-1.266997933E0,-7.054708600E-1
4.769430609E1,1.045955777E0,-1.407479644E-1,5.459476262E-3
4.771457489E1,7.844334841E-1,-1.154080033E0,3.099917173E-1
4.773484364E1,1.452220678E0,-2.526006401E-1,2.215748429E-1
4.775524364E1,2.313220024E0,7.815040350E-1,-1.426121742E-1
4.777538114E1,1.540104866E0,-1.849564016E-1,-2.768353820E-1
4.779564989E1,1.534778595E0,-7.084003091E-1,-1.371526904E-2
4.781591869E1,1.753024459E0,-3.894870281E-1,1.838911325E-1
4.783618744E1,1.796167612E0,-1.785648167E-1,3.435475230E-1
4.785645619E1,1.851028681E0,-7.523424178E-2,5.241097212E-1
4.787672494E1,1.903759241E0,1.057274193E-1,6.066676378E-1
4.789695437E1,1.839310884E0,2.031990439E-1,5.416865349E-1
4.791726239E1,1.667403936E0,8.708529919E-2,4.298338890E-1
4.793753114E1,1.573128104E0,-2.531332672E-1,3.067959249E-1
4.795779994E1,1.457014322E0,-4.997417927E-1,2.311622053E-1
4.797806869E1,1.416534305E0,-4.081291258E-1,2.402169555E-1
4.799833750E1,1.437839627E0,-2.057290375E-1,2.828274965E-1
4.801860625E1,1.415469050E0,-3.346259296E-1,2.679138184E-1
4.803887500E1,1.444231153E0,-3.053312004E-1,1.982721984E-1
4.805914375E1,1.511875391E0,-1.647163928E-1,8.695214242E-2
4.807941250E1,1.394163847E0,-2.323606312E-1,8.428898454E-2
4.809968125E1,1.239700556E0,-4.933502376E-1,7.843003422E-2
4.811995000E1,1.210938454E0,-3.133206666E-1,7.896266878E-2
4.814021875E1,1.130644202E0,-1.930790395E-2,1.045289934E-1
4.816048744E1,9.793767333E-1,-8.748477697E-2,1.125184745E-1
4.818075625E1,8.707198501E-1,-1.141163707E-1,2.110553533E-1
4.820102500E1,8.621977568E-1,-8.655266836E-3,3.110569715E-1
4.822129375E1,8.637956381E-1,3.070622385E-1,3.547327816E-1
4.824156250E1,9.207872748E-1,3.763043880E-1,3.925496638E-1
4.826183125E1,9.239830375E-1,4.527370445E-3,4.431496859E-1
4.828210000E1,7.929556370E-1,-5.731118321E-1,4.676507413E-1
4.830236875E1,5.661876202E-1,-7.201182246E-1,4.788360000E-1
4.832263750E1,3.909517527E-1,-5.077312589E-1,3.978759646E-1
4.834290625E1,3.131875098E-1,-1.450090110E-1,3.179811835E-1
4.836317494E1,2.652506530E-1,1.115863696E-1,9.494162351E-2
4.838344369E1,2.343579978E-1,-1.151816323E-1,-1.106542572E-1
4.840371244E1,8.415582776E-2,-4.097270370E-1,-1.138500497E-1
4.842398119E1,-3.109238148E-1,-5.629918575E-1,2.434127480E-1
4.844424994E1,-9.020119905E-1,-7.169224024E-1,4.175833464E-1
4.846451869E1,-1.380182147E0,-6.269076467E-1,3.201117218E-1
4.848478744E1,-1.717205048E0,-2.323606312E-1,1.258342713E-1
4.850505619E1,-2.085653067E0,1.669800729E-1,5.459476262E-3
4.852532494E1,-2.366349936E0,6.270408034E-1,-5.313002318E-2
4.854559369E1,-2.504301548E0,1.146756291E0,-1.351553202E-1
4.856586244E1,-2.523476362E0,1.584579706E0,-1.814942956E-1
4.858613114E1,-2.492051125E0,1.477520704E0,-1.942774504E-1
4.860639989E1,-2.404166937E0,1.086568952E0,-1.921469271E-1
4.862666864E1,-2.204429865E0,8.251798749E-1,-2.731069624E-1
4.864693739E1,-2.057556629E0,5.940176249E-1,-4.801675975E-1
4.866720614E1,-2.299238443E0,4.556665123E-1,-6.330329180E-1
4.868747484E1,-2.665023327E0,1.094558388E-1,-7.017424107E-1
4.870774359E1,-2.871151924E0,-2.094574571E-1,-6.159886718E-1
4.872801234E1,-2.698046446E0,-1.279647946E-1,-4.775044322E-1
4.874828109E1,-2.325870037E0,3.539338410E-1,-5.302349925E-1
4.876854984E1,-2.054893494E0,4.732433856E-1,-6.751108170E-1
4.878881854E1,-1.791773438E0,1.829590350E-1,-7.523424625E-1
4.880908729E1,-1.520264387E0,4.074633494E-2,-7.475487590E-1
4.882935604E1,-1.149019957E0,-1.258342713E-1,-6.735129356E-1
4.884962479E1,-5.962813497E-1,-2.014679909E-1,-5.339633822E-1
4.886989354E1,-1.478053257E-2,-3.639206886E-1,-4.679170549E-1
4.889016224E1,5.976129174E-1,-4.507396817E-1,-3.874896467E-1
4.891043099E1,1.319062710E0,-4.869586527E-1,-2.225069404E-1
4.893069974E1,1.947435141E0,-2.462090552E-1,1.998700947E-1
4.895096849E1,1.870203495E0,9.663273096E-1,7.844334841E-1
4.897123718E1,2.346243143E0,1.110537350E-1,9.804420471E-1
4.899150593E1,3.522560596E0,1.433312178E0,-2.756369673E-2
4.901177468E1,1.132242084E0,8.704535365E-1,-3.699128032E-1
4.903204338E1,-4.407528415E-2,-2.336256266E0,1.593900770E-1
4.905244338E1,1.015063047E0,-9.550088644E-1,2.402169555E-1
4.907258083E1,2.089647770E0,3.283675313E-1,4.878907502E-1
4.909284958E1,2.392049551E0,6.371608377E-1,7.556713820E-1
4.911311833E1,2.862230301E0,8.560724854E-1,7.041392922E-1
4.913338703E1,2.528403282E0,8.321040869E-1,2.966759205E-1
4.915378703E1,1.766340256E0,5.246423557E-2,-2.342248410E-1
4.917392448E1,1.476721764E0,-3.314301372E-1,-4.604602158E-1
4.919419323E1,1.436774373E0,-2.781669796E-1,-4.503402114E-1
4.921446192E1,1.441568017E0,-4.926844500E-3,-2.267680019E-1
4.923473067E1,1.382445931E0,-4.540686309E-2,1.771000773E-2
4.925513067E1,1.320127964E0,2.500706315E-1,2.482064217E-1
4.927526812E1,1.447959661E0,5.073317885E-1,2.833601236E-1
4.929553682E1,1.636511326E0,4.199801981E-1,1.364869028E-1
4.931580552E1,1.742371798E0,7.735145688E-1,2.143843099E-2
4.933607427E1,1.693369746E0,1.306545854E0,1.210405827E-1
4.935647427E1,1.595498562E0,1.310806870E0,2.364885211E-1
4.937661171E1,1.369130135E0,8.368977308E-1,2.444780022E-1
4.939688041E1,1.020389438E0,3.086601496E-1,9.653951973E-2
4.941714916E1,8.137282729E-1,1.829590350E-1,-6.910897791E-2
4.943741786E1,7.940208912E-1,4.657865167E-1,-9.307741374E-2
4.945768661E1,6.901576519E-1,5.988113284E-1,-1.318263728E-2
4.947795531E1,5.187833905E-1,4.657865167E-1,1.242363751E-1
4.949822401E1,5.448823571E-1,3.422159553E-1,2.865559161E-1
4.951849276E1,7.807050943E-1,6.318345070E-1,4.362254739E-1
4.953876145E1,9.021451473E-1,9.753820300E-1,5.986781716E-1
4.955903015E1,8.946883082E-1,9.130641222E-1,5.890907645E-1
4.957929890E1,8.749809265E-1,5.498092175E-1,4.261054695E-1
4.959956760E1,8.217177391E-1,5.938844755E-2,2.067943066E-1
4.961983630E1,5.949497223E-1,-3.745733202E-1,1.215732098E-1
4.964010505E1,1.555284858E-1,-5.880255103E-1,2.961432934E-1
4.966037375E1,-4.078628123E-1,-7.281076908E-1,3.499391079E-1
4.968064244E1,-7.262434959E-1,-4.715123177E-1,1.130511016E-1
4.970091119E1,-9.238498807E-1,-1.253016293E-1,1.078579482E-2
4.972117989E1,-1.402552724E0,1.089232042E-1,1.801627129E-1
4.974144859E1,-2.026664019E0,3.257043660E-1,2.988064587E-1
4.976171734E1,-2.670349598E0,4.434159994E-1,2.354232669E-1
4.978198604E1,-3.073019266E0,4.055991173E-1,1.215732098E-1
4.980225474E1,-3.057573080E0,6.451503038E-1,-6.271740049E-2
4.982252343E1,-2.795518160E0,1.073386312E0,-3.400854170E-1
4.984279218E1,-2.583663702E0,1.393364787E0,-4.972118139E-1
4.986306088E1,-2.363686800E0,1.727191806E0,-5.787044764E-1
4.988332958E1,-2.273139477E0,1.057940006E0,-7.113298178E-1
4.990359828E1,-2.694850683E0,-1.279647946E-1,-9.189230204E-1
4.992386698E1,-3.318962097E0,-9.736509919E-1,-1.026514649E0
4.994413572E1,-3.578886271E0,-9.976193905E-1,-9.498156905E-1
4.996440442E1,-3.286471605E0,-2.382195890E-1,-8.311719298E-1
4.998467312E1,-2.792855024E0,2.396843163E-3,-9.205209613E-1
5.000494182E1,-2.664490700E0,-5.210470557E-1,-9.652619958E-1
5.002521052E1,-2.481931210E0,-7.387603521E-1,-8.306393027E-1
5.004547921E1,-1.956889272E0,-7.584677339E-1,-7.890940309E-1
5.006574791E1,-1.358876944E0,-9.315730333E-1,-8.301066756E-1
5.008601661E1,-5.238434076E-1,-8.740488291E-1,-7.795066833E-1
5.010628536E1,3.840275407E-1,-8.500803709E-1,-7.187866569E-1
5.012655406E1,1.320660591E0,-7.685877085E-1,-5.669865608E-1
5.014695406E1,1.898965597E0,8.655267209E-2,1.877527125E-2
5.016709145E1,1.385109067E0,9.396957159E-1,8.376966715E-1
5.018736015E1,2.860099792E0,5.163865685E-1,5.283707380E-1
5.020762885E1,2.625342131E0,1.871002436E0,-1.207742617E-1
5.022789755E1,8.685893416E-1,-5.768402815E-1,1.151816323E-1
5.024816630E1,6.976145506E-1,-1.253149509E0,4.772381186E-1
5.026843500E1,1.610944986E0,-2.796316985E-3,4.953475893E-1
5.028870369E1,2.020405769E0,6.036050320E-1,5.816339254E-1
5.030897239E1,2.482064247E0,9.599357247E-1,6.279729009E-1
5.032924109E1,2.605102301E0,1.160604715E0,5.699160695E-1
5.034950979E1,2.137584686E0,8.267777562E-1,3.163833022E-1
5.036977849E1,1.674328089E0,8.388951421E-2,1.029310971E-1
5.039004713E1,1.454883814E0,-4.193144143E-1,2.942790836E-2
5.041031588E1,1.327052236E0,-5.119923353E-1,1.695100814E-1
5.043058458E1,1.282311082E0,-4.336954653E-1,3.121222556E-1
5.045085328E1,1.233841658E0,-4.075964987E-1,3.632549047E-1
5.047112198E1,1.194426894E0,-3.053312004E-1,3.424822688E-1
5.049139067E1,1.361673236E0,-2.952111959E-1,1.940111369E-1
5.051165937E1,1.433045864E0,-3.058638275E-1,7.470161468E-2
5.053192807E1,1.402685881E0,-3.793670237E-1,-3.874896467E-2
5.055232807E1,1.356879592E0,-1.407479644E-1,3.262370080E-2
5.057246546E1,1.306812167E0,4.167844057E-1,1.529984921E-1
5.059273416E1,1.192296386E0,4.087949097E-1,1.657816470E-1
5.061300286E1,1.072054744E0,-1.748363972E-1,9.187898599E-3
5.063327156E1,9.287767410E-1,-1.652490199E-1,8.482161909E-2
5.065367156E1,7.849661708E-1,9.187898785E-2,2.615222335E-1
5.067380895E1,7.301050425E-1,1.829590350E-1,3.781685829E-1
5.069407765E1,6.928208470E-1,1.877527237E-1,4.921517968E-1
5.071434635E1,7.066692710E-1,2.356895804E-1,5.347623229E-1
5.073461500E1,7.253113985E-1,1.946769357E-1,4.713791609E-1
5.075501500E1,6.299703121E-1,-1.902827173E-1,3.099917173E-1
5.077515239E1,4.538023174E-1,-7.462171912E-1,2.407495826E-1
5.079542109E1,2.189116776E-1,-1.046088934E0,3.456780612E-1
5.081568979E1,-1.671132296E-1,-7.925561666E-1,4.783033729E-1
5.083595843E1,-5.115928650E-1,-6.018739343E-1,3.850927949E-1
5.085622718E1,-6.495444775E-1,-6.849645376E-1,1.545963883E-1
5.087649583E1,-6.671213508E-1,-7.211834788E-1,6.671213359E-2
5.089676453E1,-9.632646441E-1,-4.390217662E-1,2.407495826E-1
5.091716453E1,-1.471262217E0,-2.169143111E-1,4.037349224E-1
5.093730192E1,-1.975531459E0,-2.557964325E-1,4.319643974E-1
5.095749203E1,-2.350371122E0,-1.833585054E-1,3.392864764E-1
5.097783921E1,-2.524541616E0,2.202432603E-1,1.364869028E-1
5.099810786E1,-2.640522242E0,7.309040427E-1,-1.916143000E-1
5.101837661E1,-2.641054869E0,1.316133261E0,-4.450138807E-1
5.103864531E1,-2.625075817E0,1.396028042E0,-5.020055175E-1
5.105891401E1,-2.653305531E0,1.173920512E0,-4.945486486E-1
5.107918265E1,-2.570348024E0,7.021418810E-1,-7.246456146E-1
5.109945135E1,-2.554901600E0,1.504684836E-1,-1.017459989E0
5.111972010E1,-2.766756058E0,3.542001545E-2,-1.133573651E0
5.113998880E1,-3.000581264E0,-3.005374968E-1,-1.089897871E0
5.116025744E1,-3.226816654E0,-7.382277250E-1,-8.672577739E-1
5.118052614E1,-3.069290876E0,-7.041392922E-1,-7.022750378E-1
5.120079484E1,-2.581000566E0,-6.777740270E-2,-8.715187907E-1
5.122106354E1,-2.114415169E0,7.217161357E-2,-1.076582074E0
5.124133218E1,-1.999499798E0,-4.773712754E-1,-1.066994667E0
5.126160088E1,-1.763543963E0,-7.020087242E-1,-9.029440880E-1
5.128186958E1,-1.208674788E0,-5.938844681E-1,-7.837677002E-1
5.130213828E1,-5.254412889E-1,-4.145207107E-1,-7.725824714E-1
5.132240692E1,9.693899006E-2,-3.942807019E-1,-8.258456588E-1
5.134267562E1,7.514103651E-1,-3.665838540E-1,-7.459508777E-1
5.136294432E1,1.429850101E0,-4.358259737E-1,-6.436855793E-1
5.138321296E1,2.066744566E0,-3.830954432E-1,-3.390201628E-1
5.140348166E1,2.212153196E0,4.391549230E-1,2.790990770E-1
5.142375036E1,1.033705235E0,1.693636060E0,1.056075692E0
5.144401901E1,2.323872566E0,6.845650673E-1,6.348971128E-1
5.146428770E1,1.754622340E0,1.818937659E-1,-4.151864946E-1
5.148455635E1,-5.755086541E-1,-1.756886005E0,7.470161468E-2
5.150482505E1,8.217177391E-1,-1.417200089E0,3.701791167E-1
5.152509375E1,1.934651971E0,6.334323883E-1,5.203812718E-1
5.154536239E1,2.143443584E0,1.066994667E0,6.466150284E-1
5.156563109E1,2.430931568E0,9.934915304E-1,8.563387990E-1
5.158589974E1,2.481531620E0,1.303350091E0,7.068024278E-1
5.160616838E1,2.099235058E0,8.725841045E-1,4.372907281E-1
5.162643713E1,1.895237207E0,2.953443527E-1,2.790990770E-1
5.164670578E1,1.955957174E0,1.424790174E-1,2.476737946E-1
5.166697448E1,1.924531937E0,3.422159553E-1,3.073285520E-1
5.168724312E1,1.724794984E0,4.040012360E-1,3.888212144E-1
5.170751182E1,1.555551291E0,1.163800508E-1,3.296990991E-1
5.172778046E1,1.517734408E0,4.074633494E-2,1.796300858E-1
5.174804911E1,1.566736460E0,3.406180441E-1,9.121319652E-2
5.176831781E1,1.739708662E0,6.131923795E-1,-2.756369673E-2
5.178858645E1,1.972468734E0,8.107987642E-1,-1.175784767E-1
5.180885515E1,2.007622480E0,6.973482370E-1,-7.496792823E-2
5.182912380E1,1.868072987E0,5.386239290E-1,1.226384789E-1
5.184939244E1,1.615738630E0,6.206492186E-1,3.025348783E-1
5.186966114E1,1.306279540E0,6.376934648E-1,3.115896285E-1
5.188992979E1,1.144892097E0,2.239716798E-1,1.519332230E-1
5.191019848E1,1.108273625E0,-9.227846563E-2,1.198421582E-3
5.193046713E1,9.910946488E-1,-1.854890287E-1,-1.105211023E-2
5.195086713E1,7.988145947E-1,-1.263668984E-1,1.593900770E-1
5.197100448E1,5.613939166E-1,-7.203845680E-2,2.865559161E-1
5.199127312E1,2.966759205E-1,-2.250369452E-2,3.675159514E-1
5.201154177E1,1.368863732E-1,9.667267650E-2,4.607265294E-1
5.203181046E1,5.552686751E-2,3.693801761E-1,5.454149842E-1
5.205221046E1,-2.809632942E-2,6.083986759E-1,4.809665382E-1
5.207234776E1,-2.596580051E-2,5.796365738E-1,3.494064808E-1
5.209261640E1,1.198421582E-3,2.559295893E-1,2.121206224E-1
5.211288510E1,-9.414267540E-2,-2.877543271E-1,1.034637317E-1
5.213315375E1,-3.700459599E-1,-7.803056240E-1,1.439437568E-1
5.215355375E1,-7.848330140E-1,-7.819035053E-1,2.014679909E-1
5.217369109E1,-9.723193645E-1,-5.151881576E-1,1.705753356E-1
5.219395974E1,-9.291762114E-1,-3.229080439E-1,1.066595241E-1
5.221422838E1,-1.003744721E0,-6.884266436E-2,2.450106442E-1
5.223449703E1,-1.306146383E0,1.648495495E-1,3.920170069E-1
5.225489703E1,-1.635179639E0,1.217063740E-1,4.197138846E-1
5.227503437E1,-2.074600935E0,-9.920267761E-2,3.446127772E-1
5.229530302E1,-2.718286514E0,-1.018658355E-1,2.561959028E-1
5.231557166E1,-3.151848793E0,3.613906801E-1,1.130511016E-1
5.233584031E1,-2.915360212E0,1.178181529E0,-1.601890177E-1
5.235624031E1,-2.420145750E0,1.464204907E0,-4.721781015E-1
5.237637760E1,-2.033055544E0,1.367798567E0,-7.661908865E-1
5.239677760E1,-1.938779831E0,1.135038376E0,-9.764472842E-1
5.241691494E1,-2.198038340E0,5.105276108E-1,-1.083506227E0
5.243718359E1,-2.602838516E0,-1.354216337E-1,-1.136236787E0
5.245745224E1,-2.894054890E0,-4.752407372E-1,-1.036102057E0
5.247772088E1,-2.938263416E0,-7.344992757E-1,-8.688556552E-1
5.249798953E1,-2.924415112E0,-9.709877968E-1,-7.400919199E-1
5.251825823E1,-2.960101366E0,-1.172189474E0,-7.203845382E-1
5.253852687E1,-2.760897160E0,-1.138633728E0,-7.773761153E-1
5.255879552E1,-2.309890985E0,-1.050882578E0,-8.088014126E-1
5.257906416E1,-1.929725051E0,-1.105610490E0,-8.763124943E-1
5.259933281E1,-1.549425960E0,-9.976193905E-1,-9.668599367E-1
5.261960145E1,-9.797762632E-1,-7.307708859E-1,-9.625988603E-1
5.263987010E1,-3.924165070E-1,-4.246407151E-1,-8.992156982E-1
5.266013875E1,1.294295341E-1,-2.494048476E-1,-8.237150908E-1
5.268040744E1,6.097303033E-1,-1.769669205E-1,-7.518098354E-1
5.270067609E1,1.163534164E0,-2.621880174E-1,-6.383592486E-1
5.272094474E1,1.823864460E0,-4.352933466E-1,-4.082622826E-1
5.274121338E1,2.305230618E0,-1.487374306E-1,4.274370521E-2
5.276148203E1,1.454883814E0,1.192030072E0,6.838992834E-1
5.278175067E1,1.941576123E0,3.922833502E-1,5.912213326E-1
5.280201932E1,2.187652111E0,-3.585943878E-1,-2.342248410E-1
5.282228796E1,2.455432713E-1,-8.229161501E-1,-1.564605981E-1
5.284255661E1,9.671262503E-1,-8.862993717E-1,2.455432713E-1
5.286282526E1,1.987382531E0,8.097335100E-1,5.459476113E-1
5.288309390E1,2.351569414E0,1.176583648E0,9.543430805E-1
5.290336255E1,2.774346113E0,1.227716327E0,1.204679966E0
5.292363119E1,2.838794470E0,1.399223804E0,1.053412557E0
5.294389984E1,2.042776108E0,4.231759906E-1,6.348971128E-1
5.296416848E1,1.702424407E0,-3.335606754E-1,1.780321896E-1
5.298443708E1,1.841441393E0,-3.862912357E-1,-1.031974182E-1
5.300470572E1,1.832919240E0,-3.010701239E-1,-7.230477035E-2
5.302497437E1,1.614673376E0,-4.107922912E-1,6.298371404E-2
5.304524296E1,1.376586914E0,-4.358259737E-1,2.020006180E-1
5.306564296E1,1.312138438E0,-4.219775498E-1,2.370211631E-1
5.308593817E1,1.445829034E0,-5.066660047E-1,2.121206224E-1
5.310604948E1,1.705087662E0,-4.528702199E-1,1.593900770E-1
5.312631807E1,1.861148715E0,7.856319100E-2,7.470161468E-2
5.314658661E1,1.798830867E0,6.350302696E-1,1.806953400E-1
5.316685515E1,1.570997596E0,5.211802125E-1,3.099917173E-1
5.318712369E1,1.345694304E0,3.275685757E-2,2.854906619E-1
5.320739224E1,1.156610012E0,2.423474751E-2,1.950764060E-1
5.322766088E1,9.277114868E-1,-2.286322117E-1,1.966743022E-1
5.324792942E1,6.273071170E-1,-5.528718233E-1,2.689790726E-1
5.326819802E1,3.989412189E-1,-2.339585274E-1,3.179811835E-1
5.328846666E1,3.723096550E-1,-1.029310971E-1,2.183790505E-1
5.330873526E1,3.147853911E-1,-1.583248079E-1,2.471411675E-1
5.332900390E1,1.475390196E-1,-7.363634557E-2,3.882885873E-1
5.334927255E1,5.499423668E-2,-5.233107507E-2,5.139896870E-1
5.336954119E1,3.475422785E-2,-1.300953180E-1,5.906887054E-1
5.338980979E1,1.131842658E-2,-3.319627941E-1,5.347623229E-1
5.341007843E1,1.344895363E-2,-5.157207847E-1,3.925496638E-1
5.343034698E1,-1.904158667E-2,-5.528718233E-1,2.998717129E-1
5.345061562E1,-1.788311303E-1,-2.675143182E-1,3.760380745E-1
5.347088427E1,-4.780370593E-1,-1.599227041E-1,6.221139431E-1
5.349115286E1,-6.831002831E-1,-5.109270811E-1,7.583345771E-1
5.351142151E1,-8.258456588E-1,-4.922849536E-1,6.279729009E-1
5.353169010E1,-1.182043195E0,-2.946785688E-1,5.294360518E-1
5.355209010E1,-1.564339638E0,-3.463438451E-1,3.201117218E-1
5.357222739E1,-1.834916592E0,-4.896217883E-1,9.547425061E-2
5.359249599E1,-2.228398323E0,-4.352933466E-1,-1.010668874E-1
5.361276463E1,-2.515486956E0,-2.882869840E-1,-3.491401672E-1
5.363303323E1,-2.576739550E0,-1.189100519E-1,-6.149234176E-1
5.365343322E1,-2.521345854E0,9.560741484E-2,-8.210519552E-1
5.367357046E1,-2.474474192E0,3.336938322E-1,-9.929588437E-1
5.369383911E1,-2.516019583E0,4.316980839E-1,-1.161803126E0
5.371410770E1,-2.547977448E0,8.335687965E-2,-1.307744265E0
5.373437635E1,-2.502703667E0,-5.395560265E-1,-1.340767503E0
5.375477635E1,-2.293912172E0,-9.859014750E-1,-1.321060061E0
5.377491359E1,-1.839710355E0,-1.663675547E0,-1.196424246E0
5.379518224E1,-1.574459672E0,-2.543450117E0,-9.849693775E-1
5.381545083E1,-1.888179779E0,-2.345843792E0,-8.588688374E-1
5.383571948E1,-1.989912510E0,-8.660593629E-1,-8.349003792E-1
5.385611948E1,-1.462740183E0,-2.323606312E-1,-1.016394615E0
5.387625671E1,-1.199620008E0,-6.343644857E-1,-1.225718975E0
5.389652531E1,-1.294428468E0,-1.061002612E0,-1.419463754E0
5.391679395E1,-1.317331672E0,-1.244094729E0,-1.516402841E0
5.393706255E1,-1.059537888E0,-1.267530560E0,-1.502554417E0
5.395746255E1,-6.522076726E-1,-1.150351524E0,-1.432246923E0
5.397759979E1,-1.782985032E-1,-1.042893052E0,-1.313603282E0
5.399786843E1,3.531349003E-1,-9.704551697E-1,-1.132508397E0
5.401813703E1,7.721830010E-1,-1.031175256E0,-9.386304021E-1
5.403840562E1,1.148620486E0,-1.127981067E0,-7.512772083E-1
5.405867427E1,1.472993255E0,-1.254747391E0,-4.791023135E-1
5.407894286E1,1.712011814E0,-1.245692611E0,-1.490037590E-1
5.409921151E1,1.726925492E0,-1.040762544E0,1.471395344E-1
5.411948010E1,1.218395233E0,-1.028512001E0,2.327601016E-1
5.413974875E1,2.572611570E-1,-1.346892715E0,1.771000773E-2
5.416001734E1,-1.676458716E-1,-1.342631698E0,-4.018706977E-1
5.418028593E1,-1.318263728E-2,-4.006722867E-1,-6.958834529E-1
5.420055458E1,8.362319320E-2,1.840242893E-1,-6.239781976E-1
5.422082317E1,5.126581341E-2,-6.937529147E-2,-1.031974182E-1
5.424109182E1,-6.053360701E-1,-3.154512048E-1,1.647163928E-1
5.426136041E1,-1.541036963E0,-1.556616426E-1,1.588574350E-1
5.428162906E1,-1.535178065E0,-1.291499019E0,6.508761048E-1
5.430189765E1,7.205176950E-1,-1.659947038E0,7.546061277E-1
5.432216625E1,2.316948414E0,-4.896217883E-1,6.226465702E-1
5.434243484E1,1.819070816E0,-4.209122956E-1,1.151816323E-1
5.436270349E1,9.586040974E-1,-1.057274222E0,-2.139848322E-1
5.438297208E1,7.253113985E-1,-1.214267373E0,-3.736412227E-1
5.440324067E1,5.150549412E-1,-1.494964361E0,-2.944122255E-1
5.442350932E1,3.249054253E-1,-1.545564413E0,-1.111868918E-1
5.444377791E1,3.403517306E-1,-1.869271398E0,-1.744369231E-2
5.446404651E1,6.592650414E-1,-1.693502903E0,-2.223737910E-2
5.448431510E1,1.118393660E0,-7.989477515E-1,-2.649843320E-2
5.450458369E1,1.401620626E0,-4.736428559E-1,7.629951090E-2
5.452485234E1,1.316932201E0,-9.334372729E-2,2.498043180E-1
5.454512093E1,1.060869455E0,2.596580088E-1,3.110569715E-1
5.456538953E1,8.366314173E-1,2.394180000E-1,2.274337858E-1
5.458565812E1,7.583345771E-1,-2.643185556E-1,-6.005423889E-2
5.460592671E1,6.491450071E-1,-6.833665967E-1,-3.135869801E-1
5.462619531E1,5.028044581E-1,-5.221123695E-1,-2.885532975E-1
5.464646395E1,4.042675495E-1,-2.174469382E-1,-8.934898674E-2
5.466673255E1,3.115896285E-1,-2.143843099E-2,7.203845680E-2
5.468700114E1,2.743053734E-1,1.051947847E-1,1.769669205E-1
5.470726974E1,3.371559381E-1,2.900180221E-1,2.242379934E-1
5.472753833E1,3.845601678E-1,4.519380927E-1,2.354232669E-1
5.474780698E1,4.213117659E-1,2.713759243E-1,2.732401192E-1
5.476807557E1,4.101265073E-1,1.153147891E-1,3.573959470E-1
5.478834416E1,3.952127993E-1,9.986846894E-2,4.048001766E-1
5.480861276E1,4.495412707E-1,1.872200817E-1,3.882885873E-1
5.482888135E1,4.250401855E-1,1.781653464E-1,2.604569495E-1
5.484914994E1,2.865559161E-1,3.009369783E-2,2.046637833E-1
5.486941854E1,8.841688186E-2,-3.209106624E-2,2.284990549E-1
5.488968713E1,-9.361004084E-2,4.660528526E-2,2.450106442E-1
5.490995578E1,-2.848248780E-1,1.091895252E-2,2.157158852E-1
5.493022437E1,-3.988080621E-1,-2.323606312E-1,2.162485123E-1
5.495049296E1,-6.159886718E-1,-2.834932804E-1,2.609896064E-1
5.497076156E1,-1.004809976E0,-1.801627129E-1,2.849580348E-1
5.499103015E1,-1.350354791E0,-2.302301079E-1,2.167811543E-1
5.501129875E1,-1.718802929E0,-3.404848874E-1,8.428898454E-2
5.503156734E1,-2.261421442E0,-5.552686751E-2,-1.346226931E-1
5.505196734E1,-2.801377058E0,4.684496820E-1,-4.924181104E-1
5.507210453E1,-2.782202244E0,8.869651556E-1,-7.885614038E-1
5.509237312E1,-2.308825731E0,1.340101719E0,-8.162582517E-1
5.511264171E1,-2.067676783E0,1.399223804E0,-7.443529963E-1
5.513291036E1,-2.201766729E0,1.017992616E0,-6.761760712E-1
5.515331036E1,-2.364752054E0,2.415485233E-1,-6.319676638E-1
5.517344755E1,-2.308825731E0,-5.109270811E-1,-6.809697747E-1
5.519371614E1,-2.319478512E0,-2.829606533E-1,-7.342329621E-1
5.521398468E1,-2.525606871E0,5.641902685E-1,-7.912245989E-1
5.523425333E1,-2.586327076E0,4.460791349E-1,-9.295756817E-1
5.525465333E1,-2.595381737E0,-6.831002980E-2,-1.019590497E0
5.527479052E1,-2.567152262E0,-6.785729527E-1,-1.170857906E0
5.529505911E1,-2.734798193E0,-1.196690559E0,-1.253415823E0
5.531532770E1,-2.725743294E0,-1.146090508E0,-1.212935805E0
5.533559630E1,-2.461691141E0,-1.140231609E0,-1.134106278E0
5.535599630E1,-2.012815714E0,-1.216930509E0,-1.113333702E0
5.537613354E1,-1.486708522E0,-1.143959999E0,-1.092028379E0
5.539640213E1,-1.021721005E0,-9.859014750E-1,-1.104811549E0
5.541667072E1,-4.854938984E-1,-7.898929715E-1,-1.139965296E0
5.543693932E1,5.459476262E-3,-7.206508517E-1,-1.137302041E0
5.545720791E1,5.534044504E-1,-6.370276809E-1,-1.062201023E0
5.547747651E1,1.162468910E0,-6.823013425E-1,-9.929588437E-1
5.549774510E1,1.865409851E0,-6.711161137E-1,-8.045403361E-1
5.551801369E1,1.642370224E0,3.427485824E-1,-2.155827284E-1
5.553828229E1,6.102629304E-1,8.076030016E-1,5.555350184E-1
5.555855088E1,1.816407681E0,-1.092827320E0,4.000065029E-1
5.557881948E1,1.283642650E-1,-1.603088617E0,3.062632978E-1
5.559908807E1,7.679219246E-1,-2.755038142E-1,5.848297477E-1
5.561935666E1,1.805755019E0,3.462106921E-3,6.785729527E-1
5.563962526E1,2.123736143E0,1.356613278E0,8.398272395E-1
5.565989385E1,2.303100109E0,1.061135769E0,1.085903168E0
5.568016244E1,2.473542213E0,1.097221494E0,1.260073781E0
5.570043104E1,2.138117313E0,6.653903127E-1,1.107740998E0
5.572069963E1,1.782319188E0,-7.057371549E-3,7.897598147E-1
5.574096822E1,1.869138241E0,-2.707101107E-1,3.728422821E-1
5.576123682E1,1.978860378E0,-9.227846563E-2,1.025316212E-2
5.578150541E1,2.002828836E0,2.138516754E-1,-1.431448013E-1
5.580177401E1,1.950630903E0,2.804306448E-1,-1.585911214E-1
5.582204255E1,1.811614037E0,1.206411049E-1,-1.271658540E-1
5.584231114E1,1.641304970E0,-4.434159771E-2,-6.910897791E-2
5.586257974E1,1.490037560E0,-1.185105834E-2,-2.596580051E-2
5.588284833E1,1.533713341E0,9.933583438E-2,-8.721846342E-2
5.590311692E1,1.741839170E0,1.760348231E-1,-9.201214463E-2
5.592338546E1,1.770601273E0,1.254348010E-1,5.446160212E-2
5.594365406E1,1.552888036E0,-5.233107507E-2,2.514022291E-1
5.596392265E1,1.351020575E0,8.815056831E-2,2.705769539E-1
5.598419125E1,1.036368370E0,5.406212807E-2,1.055942550E-1
5.600445984E1,6.933534741E-1,-3.197122514E-1,2.676474862E-2
5.602472843E1,5.779055357E-1,-6.391581893E-1,1.039963663E-1
5.604499703E1,5.491434336E-1,-7.227813601E-1,1.668469161E-1
5.606526557E1,3.989412189E-1,-5.486107469E-1,2.721748650E-1
5.608553416E1,2.673811615E-1,-1.897500902E-1,3.206443489E-1
5.610580276E1,2.050632536E-1,-1.221058443E-1,2.796317041E-1
5.612607135E1,1.832253486E-1,-2.552638054E-1,2.503369451E-1
5.614633994E1,1.123853177E-1,-3.575291038E-1,2.226400971E-1
5.616660849E1,1.717737690E-2,-4.118575454E-1,2.434127480E-1
5.618687708E1,-3.661843762E-2,-4.773712754E-1,2.668485343E-1
5.620714567E1,-7.816372067E-2,-4.177165031E-1,3.302317262E-1
5.622741427E1,-1.133174226E-1,-3.340933025E-1,3.744401634E-1
5.624768281E1,-1.362205893E-1,-3.319627941E-1,3.760380745E-1
5.626795140E1,-1.207742617E-1,-3.133206666E-1,3.376885653E-1
5.628822000E1,-7.869634777E-2,-3.303648829E-1,3.041327596E-1
5.630848859E1,-1.745700836E-1,-4.331628382E-1,3.419496417E-1
5.632875713E1,-4.451470375E-1,-3.926828206E-1,3.952127993E-1
5.634902573E1,-6.820350289E-1,-6.854971647E-1,3.174485564E-1
5.636929432E1,-6.868287325E-1,-1.181244254E0,2.817622423E-1
5.638956286E1,-7.427550554E-1,-1.328250647E0,3.845601678E-1
5.640983151E1,-1.092561007E0,-1.150884151E0,4.921517968E-1
5.643010005E1,-1.641038656E0,-9.544762373E-1,5.752423406E-1
5.645050005E1,-2.279531002E0,-9.294425249E-1,5.656549931E-1
5.647063724E1,-2.933469772E0,-8.543414474E-1,4.697812796E-1
5.649090578E1,-3.349854708E0,-2.488722205E-1,3.818970025E-1
5.651130578E1,-3.341332674E0,4.897549450E-1,2.849580348E-1
5.653144296E1,-3.078878164E0,7.655251026E-1,5.020054802E-2
5.655179020E1,-2.867955923E0,6.467481852E-1,-2.683132887E-1
5.657198015E1,-2.682600260E0,6.904240251E-1,-5.483444333E-1
5.659224869E1,-2.510160685E0,7.005439997E-1,-7.262434959E-1
5.661251729E1,-2.422808886E0,3.097254038E-1,-7.582014203E-1
5.663278588E1,-2.465952158E0,-2.771016955E-1,-6.570013762E-1
5.665318588E1,-2.636793852E0,-5.938844681E-1,-6.325002909E-1
5.667332302E1,-2.856238127E0,-4.997417927E-1,-6.676539779E-1
5.669359161E1,-2.830671787E0,-3.479417264E-1,-8.018772006E-1
5.671386015E1,-2.578337431E0,-4.347607195E-1,-8.599340916E-1
5.673412875E1,-2.500040531E0,-6.663224101E-1,-9.231840968E-1
5.675452875E1,-2.397775412E0,-5.826992393E-1,-1.109605193E0
5.677466588E1,-2.136785746E0,-5.571328998E-1,-1.346093774E0
5.679493442E1,-1.755021811E0,-4.672512710E-1,-1.430649042E0
5.681520296E1,-1.335973740E0,-2.110553533E-1,-1.361007452E0
5.683547156E1,-9.238498807E-1,6.098634377E-2,-1.183108449E0
5.685587156E1,-4.057323039E-1,4.886896908E-1,-8.677904010E-1
5.687600869E1,-3.395527974E-2,6.611292362E-1,-6.117276549E-1
5.689627724E1,1.134505793E-1,7.543398142E-1,-3.629885912E-1
5.691654583E1,2.556632757E-1,5.625923872E-1,-2.049300969E-1
5.693681442E1,3.882885873E-1,2.841590643E-1,-1.713742912E-1
5.695721442E1,4.724444151E-1,3.914843872E-2,-2.459427416E-1
5.697735156E1,5.363602638E-1,-2.110553533E-1,-3.864243925E-1
5.699762010E1,7.135934830E-1,-4.938828647E-1,-5.819002390E-1
5.701788869E1,1.010269403E0,-7.078676820E-1,-7.880287766E-1
5.703815724E1,1.114665270E0,-5.354281664E-1,-9.008135796E-1
5.705842583E1,4.016043842E-1,3.544664681E-1,-6.106624007E-1
5.707869437E1,-2.383527346E-2,2.133190483E-1,-8.402267098E-2
5.709896296E1,7.498124242E-1,-8.538088202E-1,2.721748650E-1
5.711923151E1,1.025183082E0,-2.088715792E0,-2.150501013E-1
5.713950010E1,9.037430286E-1,2.522011697E-1,4.095938802E-1
5.715976864E1,1.827592969E0,6.233124137E-1,2.876211703E-1
5.718003724E1,1.700826526E0,3.986749053E-1,2.556632757E-1
5.720030578E1,1.860083461E0,5.779055133E-2,6.450171471E-1
5.722057437E1,1.968740344E0,7.643266767E-2,6.386255622E-1
5.724084291E1,1.908020377E0,-1.077247858E-1,4.484759867E-1
5.726111151E1,1.960750937E0,-3.569964767E-1,3.222422600E-1
5.728138005E1,2.170075178E0,-5.073318258E-2,1.577921808E-1
5.730164864E1,2.165281534E0,3.994738683E-3,6.351634115E-2
5.732191718E1,2.112550974E0,1.057274193E-1,1.141163707E-1
5.734218578E1,1.903226614E0,-1.796300858E-1,4.005391300E-1
5.736245432E1,1.642370224E0,-5.677855015E-1,5.496760607E-1
5.738272291E1,1.529984951E0,-7.467498183E-1,4.932170510E-1
5.740299145E1,1.483113289E0,-8.090677261E-1,3.195790946E-1
5.742326000E1,1.340368032E0,-9.060067534E-1,2.004027218E-1
5.744352859E1,1.325986862E0,-1.022120476E0,1.466069072E-1
5.746379713E1,1.446894288E0,-1.125317931E0,9.174583107E-2
5.748406572E1,1.466069102E0,-1.142894745E0,4.487423226E-2
5.750433427E1,1.346226931E0,-1.211071610E0,7.896266878E-2
5.752460281E1,1.188035250E0,-1.084305286E0,1.370195299E-1
5.754487140E1,1.125850558E0,-7.275750637E-1,1.615206003E-1
5.756513994E1,1.086435795E0,-5.837644935E-1,1.045289934E-1
5.758540848E1,9.665936232E-1,-6.716487408E-1,6.511423737E-2
5.760567708E1,7.775092721E-1,-6.391581893E-1,3.688475490E-2
5.762594562E1,6.182523966E-1,-5.332975984E-1,4.540686309E-2
5.764621421E1,5.464802384E-1,-5.693834424E-1,1.274321675E-1
5.766648276E1,3.680485785E-1,-6.503434777E-1,2.934801280E-1
5.768675135E1,2.524674833E-1,-7.195855975E-1,3.680485785E-1
5.770701989E1,2.844253778E-1,-6.535392404E-1,3.898864985E-1
5.772728843E1,3.456780612E-1,-3.687143922E-1,4.048001766E-1
5.774755698E1,3.440801501E-1,-1.721732318E-1,4.404865205E-1
5.776782557E1,2.423474789E-1,-2.051964104E-1,4.852275848E-1
5.778809411E1,2.338253707E-1,-2.328932583E-1,4.703139067E-1
5.780836265E1,2.226400971E-1,-2.206427306E-1,4.127896726E-1
5.782863125E1,1.006674170E-1,-3.010701239E-1,4.282359779E-1
5.784889979E1,-1.850895584E-2,-2.707101107E-1,4.804339111E-1
5.786916838E1,-1.271658540E-1,-8.215846121E-2,4.804339111E-1
5.788943692E1,-3.386206925E-1,1.571263932E-2,4.916191697E-1
5.790970546E1,-5.323655009E-1,1.126516312E-1,5.816339254E-1
5.792997401E1,-5.776392221E-1,7.749792933E-2,7.759113908E-1
5.795024260E1,-5.813676119E-1,-4.044007063E-1,8.078693151E-1
5.797051114E1,-9.233172536E-1,-5.029376149E-1,7.392929792E-1
5.799077968E1,-1.432912707E0,-8.021435142E-1,4.873581231E-1
5.801104828E1,-1.821068168E0,-1.163667321E0,3.893538713E-1
5.803131682E1,-2.009619951E0,-1.172722101E0,3.818970025E-1
5.805158536E1,-2.322141647E0,-8.783098459E-1,3.829622865E-1
5.807185395E1,-2.591120720E0,-5.906887054E-1,2.131858915E-1
5.809212250E1,-2.625608444E0,-3.495396376E-1,-2.703106403E-2
5.811239104E1,-2.540520668E0,-2.760364413E-1,-2.523343265E-1
5.813265963E1,-2.673012733E0,-3.724428117E-1,-4.711128473E-1
5.815305963E1,-3.019756079E0,-5.581981540E-1,-7.033402920E-1
5.817319671E1,-3.168227196E0,-6.647245288E-1,-9.253146052E-1
5.819346531E1,-2.968090773E0,-4.560659826E-1,-1.086702108E0
5.821373385E1,-2.706035852E0,-1.972069293E-1,-1.197489500E0
5.823400239E1,-2.616687059E0,2.689790726E-2,-1.179912686E0
5.825440239E1,-2.565021753E0,-2.090579830E-2,-1.085104227E0
5.827453948E1,-2.433461666E0,-1.434111148E-1,-1.087234735E0
5.829480807E1,-2.367415190E0,-9.494162351E-2,-1.297624230E0
5.831507661E1,-2.399373293E0,1.046621501E-1,-1.668735504E0
5.833534515E1,-2.351436377E0,2.165148407E-1,-1.898832440E0
5.835574515E1,-2.228930950E0,-2.302301079E-1,-1.967408776E0
5.837588229E1,-2.402036428E0,-8.878972530E-1,-2.091511965E0
5.839615083E1,-2.554901600E0,-1.289901137E0,-2.094707727E0
5.841641937E1,-2.462756395E0,-1.399090648E0,-2.043042421E0
5.843668791E1,-2.162352085E0,-1.451821208E0,-1.997768760E0
5.845695645E1,-1.710813403E0,-1.490170717E0,-1.861015558E0
5.847722500E1,-1.200685263E0,-1.414004326E0,-1.631983876E0
5.849749359E1,-6.069339514E-1,-1.309075832E0,-1.403484821E0
5.851776213E1,-1.735048145E-1,-1.186037898E0,-1.196956873E0
5.853803067E1,2.253032625E-1,-1.096555710E0,-9.961546659E-1
5.855829921E1,5.901560783E-1,-1.141829491E0,-8.572708964E-1
5.857856776E1,1.064597845E0,-1.186570525E0,-7.736477256E-1
5.859883630E1,1.841974020E0,-1.188168406E0,-6.868287325E-1
5.861910484E1,2.409093618E0,-6.029392481E-1,-5.520728827E-1
5.863937343E1,1.352085829E0,1.130777359E0,-4.838960171E-1
5.865964198E1,1.648229122E0,4.860265255E-1,-1.335574239E-1
5.867991052E1,6.715155840E-1,-1.122654676E0,-5.286371112E-1
5.870017906E1,2.418148518E-1,-2.413487911E0,-6.857634783E-1
5.872044760E1,1.512408018E0,1.275653243E-1,-4.993423447E-2
5.874071614E1,1.531050205E0,8.890956640E-1,9.266462326E-1
5.876098468E1,2.192978382E0,5.679186583E-1,1.270726323E0
5.878125328E1,2.514022112E0,1.170724750E0,8.813725114E-1
5.880152182E1,1.870736122E0,1.016927361E0,7.020087242E-1
5.882179036E1,1.756752849E0,1.890842989E-2,6.162550449E-1
5.884205890E1,2.029993057E0,6.791055948E-2,1.556616426E-1
5.886232744E1,1.943174005E0,1.217063740E-1,6.657897611E-4
5.888259598E1,1.796700239E0,2.607232630E-1,4.380896688E-2
5.890286453E1,1.602955461E0,2.330264151E-1,3.954791278E-2
5.892313307E1,1.382978559E0,1.818937659E-1,5.552686751E-2
5.894340161E1,1.322791100E0,1.739042848E-1,1.535311192E-1
5.896367015E1,1.383511186E0,-6.657897611E-4,1.977395564E-1
5.898393869E1,1.512408018E0,-1.956090331E-1,1.727058738E-1
5.900420724E1,1.550224900E0,-2.376869470E-1,2.194443047E-1
5.902447578E1,1.452753305E0,-5.645897388E-1,2.105227262E-1
5.904474432E1,1.272191048E0,-6.487455368E-1,1.663142890E-1
5.906501286E1,1.223188996E0,-2.174469382E-1,1.077247858E-1
5.908528140E1,1.176849961E0,3.595264629E-2,1.167795286E-1
5.910554994E1,1.012932539E0,-2.073269337E-1,1.577921808E-1
5.912581848E1,8.835030198E-1,-4.523375630E-1,2.567285299E-1
5.914608698E1,7.631282210E-1,-3.047985733E-1,3.254380524E-1
5.916635552E1,5.826992393E-1,-2.115879953E-1,2.870885432E-1
5.918662406E1,4.133222997E-1,-3.479417264E-1,2.263685167E-1
5.920689260E1,2.844253778E-1,-4.795017838E-1,2.412822098E-1
5.922716114E1,1.310274303E-1,-4.086617529E-1,2.583264410E-1
5.924742968E1,1.877527125E-2,-3.303648829E-1,2.828274965E-1
5.926769823E1,-4.354264960E-2,-2.217079997E-1,3.382211924E-1
5.928796677E1,-6.111950055E-2,-1.173121557E-1,4.308991432E-1
5.930823531E1,-7.337003201E-2,-1.771000773E-2,4.522044063E-1
5.932850380E1,-7.283740491E-2,1.198421605E-2,4.133222997E-1
5.934877234E1,-9.627319872E-2,-9.973530471E-2,3.526022732E-1
5.936904088E1,-1.308942735E-1,-3.138532937E-1,3.233075142E-1
5.938930942E1,-2.395511568E-1,-2.840259075E-1,3.584612012E-1
5.940957796E1,-4.030691385E-1,1.997369342E-2,2.988064587E-1
5.942984651E1,-5.360939503E-1,1.584579647E-1,1.205079481E-1
5.945011505E1,-6.293044686E-1,-1.221058443E-1,3.328948980E-3
5.947038359E1,-8.583361506E-1,-3.772364855E-1,7.789740711E-2
5.949065208E1,-1.255013704E0,-5.173186660E-1,2.004027218E-1
5.951105208E1,-1.626657605E0,-6.407560706E-1,2.897517085E-1
5.953118916E1,-1.940910339E0,-7.323687673E-1,2.711096108E-1
5.955145770E1,-2.242779493E0,-2.840259075E-1,1.567269117E-1
5.957172625E1,-2.520813227E0,5.705818534E-1,3.581948951E-2
5.959199474E1,-2.632532835E0,1.230379462E0,-9.414267540E-2
5.961226328E1,-2.552771091E0,1.526522756E0,-2.715090811E-1
5.963253182E1,-2.428668022E0,1.432246923E0,-4.423507154E-1
5.965293182E1,-2.223604679E0,1.230379462E0,-5.882918239E-1
5.967306890E1,-2.041045189E0,8.177229762E-1,-8.274435401E-1
5.969333739E1,-2.080992460E0,4.402202070E-1,-9.961546659E-1
5.971360593E1,-2.444646835E0,5.299686641E-2,-9.929588437E-1
5.973387448E1,-2.745450735E0,-8.319709301E-1,-9.562072754E-1
5.975427448E1,-2.853042364E0,-8.367645741E-1,-6.127929091E-1
5.977441156E1,-2.476072073E0,-1.460742801E-1,-4.775044322E-1
5.979468005E1,-2.095772982E0,2.671148479E-1,-7.081339955E-1
5.981494859E1,-1.956356645E0,-2.463422157E-2,-8.487488031E-1
5.983521713E1,-1.930790305E0,-5.587307811E-1,-8.247803450E-1
5.985561713E1,-1.678322911E0,-7.025413513E-1,-7.933551073E-1
5.987575416E1,-1.209207416E0,-5.210470557E-1,-7.928224802E-1
5.989602270E1,-6.314350367E-1,-3.814975321E-1,-7.922898531E-1
5.991629125E1,4.966791719E-2,-2.110553533E-1,-6.761760712E-1
5.993655974E1,6.342313290E-1,-2.020006180E-1,-5.510076284E-1
5.995695974E1,1.181643724E0,-1.838911325E-1,-3.571296334E-1
5.997709682E1,1.742371798E0,-2.265016884E-1,-1.575258672E-1
5.999736531E1,2.146639347E0,-1.684448123E-1,1.849564016E-1
6.001763385E1,1.671664953E0,6.856303215E-1,7.684545517E-1
6.003790239E1,1.757285476E0,6.781734824E-1,6.812360883E-1
6.005817088E1,1.649294376E0,-6.404897571E-2,4.221107066E-2
6.007843942E1,-8.913593292E-1,-2.284590960E0,-3.981423005E-2
6.009870796E1,-7.123950869E-2,-2.626540661E0,1.930790395E-2
6.011897645E1,1.754089713E0,4.500738904E-2,1.338237375E-1
6.013924500E1,2.451704264E0,1.189366817E0,3.776359558E-1
6.015951354E1,2.790857553E0,1.006274700E0,3.989412189E-1
6.017978203E1,2.929341793E0,1.288969040E0,3.073285520E-1
6.020005057E1,2.026797295E0,7.271755934E-1,1.551290154E-1
6.022031911E1,1.474591136E0,-3.143859208E-1,-3.821633384E-2
6.024058760E1,1.534245968E0,-6.641919017E-1,-2.315616906E-1
6.026085614E1,1.647696495E0,-3.404848874E-1,-1.617869139E-1
6.028112463E1,1.672730207E0,-4.807002097E-2,9.227846563E-2
6.030139317E1,1.627989173E0,5.832318589E-2,2.727074921E-1
6.032166171E1,1.514005899E0,1.616537571E-1,3.637875319E-1
6.034193020E1,1.529984951E0,2.346243113E-1,3.510043621E-1
6.036219875E1,1.670067072E0,3.906854391E-1,3.467433155E-1
6.038246724E1,1.773797154E0,4.327633679E-1,3.291664720E-1
6.040273578E1,1.726925492E0,3.502054214E-1,2.242379934E-1
6.042300427E1,1.584313393E0,2.591253817E-1,6.458161026E-2
6.044327281E1,1.366466880E0,2.234390527E-1,-8.988162130E-2
6.046354130E1,1.092294693E0,3.161169887E-1,-2.134522051E-1
6.048380984E1,9.106672406E-1,5.938844755E-2,-2.523343265E-1
6.050407838E1,7.918903828E-1,-3.239732981E-1,-1.564605981E-1
6.052434687E1,7.897598147E-1,-3.910849094E-1,7.257108390E-2
6.054461541E1,7.157239914E-1,-2.233058959E-1,2.067943066E-1
6.056488390E1,5.289034247E-1,-5.339634046E-2,2.828274965E-1
6.058515244E1,3.483411968E-1,-1.198421582E-3,2.620548606E-1
6.060542093E1,1.773663908E-1,-1.013332009E-1,2.167811543E-1
6.062568948E1,6.977476925E-2,-9.760478139E-2,1.849564016E-1
6.064595796E1,9.720530361E-3,1.818937659E-1,2.673811615E-1
6.066622651E1,-1.997369342E-3,4.077296555E-1,3.824296594E-1
6.068649500E1,2.143843099E-2,4.775044322E-1,4.458128214E-1
6.070676348E1,-1.318263728E-2,3.635212183E-1,4.799012840E-1
6.072703203E1,-8.988162130E-2,1.190432087E-1,4.479433596E-1
6.074730052E1,-1.644500792E-1,-6.245107949E-2,4.271707237E-1
6.076756906E1,-2.938795984E-1,-2.249037921E-1,4.095938802E-1
6.078783755E1,-5.217128396E-1,-2.547311783E-1,4.420844018E-1
6.080810604E1,-6.985466480E-1,-1.370195299E-1,4.900212884E-1
6.082837453E1,-7.922898531E-1,-2.808301151E-1,5.203812718E-1
6.084864307E1,-9.036098719E-1,-4.267712533E-1,4.340949357E-1
6.086891151E1,-1.031308413E0,-2.414153665E-1,3.249054253E-1
6.088918010E1,-1.227849483E0,9.933583438E-2,2.221074700E-1
6.090944859E1,-1.382845402E0,3.779022694E-1,1.551290154E-1
6.092971708E1,-1.547828078E0,3.752391040E-1,8.961530030E-2
6.095011708E1,-1.861548185E0,3.038664460E-1,-2.383527346E-2
6.097025411E1,-2.343979597E0,4.945486486E-1,-1.239700541E-1
6.099052265E1,-2.674077988E0,1.034504175E0,-1.026647836E-1
6.101079114E1,-2.606566906E0,1.214400530E0,-3.595264861E-3
6.103105963E1,-2.463289022E0,6.552702785E-1,3.635212034E-2
6.105132817E1,-2.357295275E0,5.222455263E-1,-1.531316526E-2
6.107159666E1,-2.302966833E0,7.953524590E-1,-1.553953290E-1
6.109186520E1,-2.421743631E0,7.372955680E-1,-2.997385561E-1
6.111213369E1,-2.574076414E0,1.653821766E-1,-4.173170328E-1
6.113240218E1,-2.696981192E0,-3.788343966E-1,-4.285022914E-1
6.115280218E1,-2.525074244E0,-2.089248300E-1,-4.167844057E-1
6.117293921E1,-2.241714239E0,3.821633458E-1,-4.961465299E-1
6.119320770E1,-1.952095628E0,6.195839643E-1,-7.539403439E-1
6.121347625E1,-1.823198676E0,2.814959288E-1,-9.775125384E-1
6.123374474E1,-1.776859760E0,-1.428784877E-1,-1.040363073E0
6.125414474E1,-1.633581758E0,-3.772364855E-1,-1.090963125E0
6.127428177E1,-1.299754858E0,-3.751059473E-1,-1.066462040E0
6.129455026E1,-8.572708964E-1,-3.719101548E-1,-1.029710412E0
6.131481875E1,-3.151848912E-1,-1.636511236E-1,-9.146620035E-1
6.133508724E1,2.338253707E-1,-5.392897129E-2,-8.008119464E-1
6.135548724E1,7.423555851E-1,2.157158963E-2,-6.942855716E-1
6.137562427E1,1.247690082E0,-7.057371549E-3,-5.201149583E-1
6.139589276E1,1.776460290E0,-9.174583107E-2,-2.491385341E-1
6.141616125E1,1.867007732E0,2.980075181E-1,2.391516864E-1
6.143642979E1,1.419730067E0,1.081242561E0,7.009434700E-1
6.145669828E1,2.312154770E0,6.925545335E-1,4.165180922E-1
6.147696677E1,1.221591115E0,6.073334217E-1,-3.667170107E-1
6.149723531E1,-8.247803450E-1,-2.175401449E0,-7.070687413E-2
6.151750380E1,6.954839826E-1,-1.464604378E0,9.720530361E-3
6.153777229E1,1.925597191E0,7.229145169E-1,2.551306486E-1
6.155804078E1,2.064614058E0,1.100417376E0,6.508761048E-1
6.157830927E1,2.608298063E0,1.141962647E0,7.780419588E-1
6.159857776E1,2.620548487E0,1.427985907E0,4.969455004E-1
6.161884625E1,1.753024459E0,5.380913019E-1,2.167811543E-1
6.163911479E1,1.464471221E0,-3.314301372E-1,5.992108025E-3
6.165938328E1,1.580052257E0,-4.326302111E-1,-1.447426975E-1
6.167965177E1,1.582182765E0,-2.563290596E-1,-5.725792143E-3
6.169992026E1,1.586443901E0,9.294424951E-2,1.982721984E-1
6.172018875E1,1.492700696E0,2.689790726E-2,3.446127772E-1
6.174045724E1,1.315866947E0,-1.663142890E-1,3.392864764E-1
6.176072572E1,1.336106896E0,-3.581948951E-2,2.700443268E-1
6.178099421E1,1.498026967E0,1.078579426E-1,1.386174262E-1
6.180126270E1,1.653555512E0,1.952095628E-1,4.807002097E-2
6.182153119E1,1.697098136E0,2.575274706E-1,3.328948980E-3
6.184179968E1,1.607216477E0,2.042642981E-1,-1.957421936E-2
6.186206817E1,1.444763780E0,1.802958697E-1,-4.301001877E-2
6.188233666E1,1.273789048E0,2.591253817E-1,-3.289001435E-2
6.190260515E1,1.122122049E0,9.827057272E-2,-1.997369342E-3
6.192287364E1,1.037433624E0,-1.290300637E-1,6.937529147E-2
6.194314213E1,9.159935713E-1,-1.231711060E-1,1.370195299E-1
6.196341062E1,7.972166538E-1,5.060002208E-3,1.940111369E-1
6.198367911E1,7.157239914E-1,4.394212365E-2,2.535327375E-1
6.200394760E1,5.475454926E-1,-1.984053478E-2,2.870885432E-1
6.202421614E1,3.989412189E-1,-9.720530361E-3,2.673811615E-1
6.204448458E1,3.254380524E-1,1.145158429E-2,2.020006180E-1
6.206475307E1,2.593916953E-1,2.210422046E-2,2.189116776E-1
6.208502161E1,1.683116555E-1,-9.720530361E-3,3.195790946E-1
6.210529005E1,6.085318699E-2,-9.121319652E-2,3.669833243E-1
6.212555854E1,-2.330264263E-2,-1.380847991E-1,4.415517747E-1
6.214582703E1,-6.644582003E-2,-9.121319652E-2,4.633896947E-1
6.216609552E1,-1.850895584E-2,-6.671213359E-2,4.239749312E-1
6.218636401E1,4.008054361E-2,-1.034637317E-1,3.733749092E-1
6.220663250E1,5.073318258E-2,-1.455416381E-1,3.398191035E-1
6.222690098E1,-1.031974182E-1,-3.016027808E-1,3.584612012E-1
6.224716948E1,-4.291680753E-1,-3.756386042E-1,3.882885873E-1
6.226743791E1,-5.952160358E-1,-1.753690243E-1,4.170507193E-1
6.228770640E1,-5.787044764E-1,-2.398174703E-1,3.350254297E-1
6.230797489E1,-5.174518228E-1,-4.459459782E-1,2.380864173E-1
6.232824338E1,-6.713824272E-1,-4.102596641E-1,2.073269337E-1
6.234851187E1,-1.048352599E0,-2.462090552E-1,2.274337858E-1
6.236878036E1,-1.434510708E0,-7.629951090E-2,2.327601016E-1
6.238904885E1,-1.727324963E0,-4.593949392E-2,1.370195299E-1
6.240944885E1,-2.009087324E0,1.648495495E-1,-3.448791057E-2
6.242958578E1,-2.458495378E0,7.175882459E-1,-1.628521830E-1
6.244985427E1,-2.849846601E0,1.222922683E0,-2.752375007E-1
6.247012276E1,-2.867423296E0,1.363537431E0,-3.954791129E-1
6.249039125E1,-2.637859106E0,1.209074259E0,-5.009402037E-1
6.251079125E1,-2.234789848E0,8.443545699E-1,-6.293044686E-1
6.253092817E1,-1.881255627E0,3.475422561E-1,-7.363634706E-1
6.255119666E1,-1.831188202E0,-6.990792602E-2,-8.194540739E-1
6.257146515E1,-2.203897238E0,-1.508679688E-1,-8.311719298E-1
6.259173364E1,-2.653838158E0,-4.581965208E-1,-7.390266657E-1
6.261200213E1,-2.768353939E0,-4.981439114E-1,-5.760413408E-1
6.263227062E1,-2.432396412E0,-2.115879953E-1,-5.467465520E-1
6.265267062E1,-2.039447308E0,4.340949282E-2,-7.107971907E-1
6.267280755E1,-1.940377712E0,2.316948399E-2,-9.199883342E-1
6.269307604E1,-1.907354593E0,-2.765690684E-1,-9.349020123E-1
6.271334453E1,-1.813611388E0,-6.162550449E-1,-8.130624890E-1
6.273361302E1,-1.494165421E0,-4.486091435E-1,-6.069339514E-1
6.275401302E1,-1.082440972E0,-2.547311783E-1,-4.135886133E-1
6.277414994E1,-6.570013762E-1,3.861580789E-2,-1.900164038E-1
6.279441843E1,-2.789659202E-1,1.467400640E-1,-5.419528857E-2
6.281468692E1,9.001477808E-2,2.191779912E-1,-7.323687430E-3
6.283495536E1,4.548675716E-1,1.099884734E-1,7.203845680E-2
6.285535536E1,7.556713820E-1,-1.588574350E-1,4.913528636E-2
6.287549234E1,1.174719453E0,-3.772364855E-1,-1.479384899E-1
6.289576078E1,1.930390835E0,-4.294344187E-1,-3.246390820E-1
6.291602927E1,1.775927663E0,4.652538896E-1,-7.443529367E-2
6.293629776E1,1.126915812E0,5.993439555E-1,2.615222335E-1
6.295669776E1,1.400022745E0,-9.334372729E-2,2.940127552E-1
6.297683468E1,4.274370521E-2,-7.914909124E-1,1.439437568E-1
6.299710317E1,6.235787272E-1,-8.847014308E-1,1.055942550E-1
6.301737166E1,1.676991343E0,5.487439036E-1,2.535327375E-1
6.303764015E1,1.918672919E0,1.166996360E0,6.551371217E-1
6.305790859E1,2.414952755E0,1.006274700E0,7.977492809E-1
6.307817708E1,2.395777941E0,1.099884748E0,5.507413149E-1
6.309844552E1,1.589639664E0,2.090579867E-1,2.561959028E-1
6.311871401E1,1.341965914E0,-3.681817353E-1,1.045289934E-1
6.313898250E1,1.532648087E0,-2.408827394E-1,1.025316212E-2
6.315925093E1,1.738643408E0,1.904158741E-1,3.635212034E-2
6.317951942E1,1.741839170E0,4.764391780E-1,1.609879732E-1
6.319978786E1,1.673795462E0,6.717818975E-1,1.769669205E-1
6.322005635E1,1.459144831E0,3.912180662E-1,1.226384789E-1
6.324032484E1,1.194426894E0,1.179779470E-1,4.860265180E-2
6.326059328E1,1.109871507E0,2.617885470E-1,3.901528195E-2
6.328086177E1,1.270593166E0,6.419544816E-1,-5.725792143E-3
6.330113020E1,1.405349016E0,6.936197877E-1,-9.986846708E-3
6.332139869E1,1.408012271E0,5.567334294E-1,2.143843099E-2
6.334166713E1,1.414936423E0,5.265065432E-1,6.671213359E-2
6.336193562E1,1.299355268E0,7.372955680E-1,1.524658650E-1
6.338220406E1,1.051282048E0,5.492765903E-1,1.796300858E-1
6.340247255E1,8.414251208E-1,1.238368973E-1,1.652490199E-1
6.342274099E1,6.635261178E-1,-1.322258562E-1,1.439437568E-1
6.344300948E1,5.683181286E-1,-4.487423226E-2,1.151816323E-1
6.346327791E1,5.539370775E-1,2.261022031E-1,8.428898454E-2
6.348354640E1,4.671181142E-1,3.715106845E-1,5.925529078E-2
6.350381484E1,3.366233110E-1,3.880222738E-1,2.942790836E-2
6.352408333E1,1.853558719E-1,3.645864725E-1,1.331579551E-4
6.354435177E1,1.129179448E-1,4.034686089E-1,5.126581341E-2
6.356462020E1,4.700475931E-2,4.306328297E-1,7.416898012E-2
6.358488869E1,5.392897129E-2,3.917506933E-1,1.130511016E-1
6.360515713E1,1.166463718E-1,2.655169666E-1,1.748363972E-1
6.362542562E1,2.002695650E-1,1.813611388E-1,2.237053663E-1
6.364569406E1,2.593916953E-1,1.472726911E-1,2.167811543E-1
6.366596255E1,2.924148738E-1,3.275685757E-2,2.057290375E-1
6.368623098E1,3.099917173E-1,-8.535424620E-2,2.359558940E-1
6.370649948E1,3.440801501E-1,-6.990792602E-2,2.977411747E-1
6.372676791E1,4.404865205E-1,3.009369783E-2,3.392864764E-1
6.374703635E1,5.193160176E-1,9.134636074E-2,3.733749092E-1
6.376730484E1,5.539370775E-1,9.933583438E-2,4.026696682E-1
6.378757328E1,5.853623748E-1,3.328948840E-2,4.266380966E-1
6.380784177E1,6.013413072E-1,-1.284974217E-1,4.415517747E-1
6.382811015E1,5.566002727E-1,-2.733732760E-1,4.404865205E-1
6.384837864E1,3.850927949E-1,-3.884217441E-1,3.861580789E-1
6.386864713E1,1.725727171E-1,-5.029376149E-1,2.311622053E-1
6.388891557E1,3.368896246E-2,-3.862912357E-1,1.311605871E-1
6.390918406E1,-6.591318548E-2,-2.009353489E-1,2.067943066E-1
6.392945250E1,-2.379532605E-1,-2.303632535E-2,3.494064808E-1
6.394972093E1,-4.067975581E-1,1.637842804E-1,4.596612751E-1
6.396998942E1,-6.154560447E-1,1.275653243E-1,4.655202031E-1
6.399025786E1,-7.709845304E-1,3.542001545E-2,3.872233331E-1
6.401052630E1,-8.034750819E-1,-1.824264042E-2,3.014696240E-1
6.403079479E1,-8.418245912E-1,-1.673795432E-1,2.348906398E-1
6.405106323E1,-9.590035677E-1,-2.275669426E-1,1.774995476E-1
6.407133166E1,-1.133573651E0,-7.310371846E-2,1.364869028E-1
6.409160015E1,-1.296026349E0,1.866874546E-1,1.247690022E-1
6.411186859E1,-1.443565369E0,3.731085956E-1,1.540637612E-1
6.413213703E1,-1.700160742E0,4.727107286E-1,1.780321896E-1
6.415253703E1,-2.082590342E0,6.302366257E-1,8.641951531E-2
6.417267395E1,-2.300303698E0,9.839041233E-1,-2.756369673E-2
6.419294239E1,-2.190581560E0,1.578720689E0,-4.886896908E-2
6.421321088E1,-2.044240952E0,1.935450912E0,4.061317816E-2
6.423347932E1,-2.058621883E0,1.880589843E0,6.831002980E-2
6.425387932E1,-2.076731443E0,1.531849146E0,-6.218476593E-2
6.427401619E1,-2.263552189E0,7.660577297E-1,-1.255679578E-1
6.429428468E1,-2.475539446E0,-1.098553166E-1,-1.042626798E-1
6.431455312E1,-2.407895327E0,7.962846011E-2,2.037316747E-2
6.433482156E1,-2.022935629E0,7.538071871E-1,1.023984700E-1
6.435522156E1,-1.781120777E0,8.608661890E-1,6.298371404E-2
6.437535848E1,-1.682051301E0,6.014744639E-1,1.504684892E-2
6.439562692E1,-1.553154349E0,4.620580971E-1,-2.809632942E-2
6.441589541E1,-1.243828416E0,6.803039908E-1,-2.969422378E-2
6.443616385E1,-8.764456511E-1,7.490134835E-1,3.422159329E-2
6.445643229E1,-5.462139249E-1,7.415566444E-1,2.067943066E-1
6.447670072E1,-2.171806246E-1,7.751124501E-1,4.591286182E-1
6.449696921E1,1.070589945E-1,8.906935453E-1,6.998782158E-1
6.451723765E1,3.765707016E-1,1.023851514E0,8.526104093E-1
6.453750609E1,5.432844758E-1,1.043558836E0,8.978840709E-1
6.455790609E1,6.486123800E-1,8.395609260E-1,8.126630187E-1
6.457804296E1,7.231808305E-1,6.478134394E-1,6.237118840E-1
6.459831145E1,7.444861531E-1,3.187801540E-1,4.111917615E-1
6.461857989E1,6.933534741E-1,2.772348523E-1,2.897517085E-1
6.463884833E1,7.247787714E-1,3.810980618E-1,2.199769467E-1
6.465924833E1,1.039564133E0,4.215780795E-1,4.274370521E-2
6.467938520E1,1.459677458E0,5.339633822E-1,-1.255679578E-1
6.469965369E1,1.350487947E0,1.650492907E0,2.199769467E-1
6.471992213E1,1.191231012E0,1.875263453E0,5.278381109E-1
6.474019057E1,1.498559594E0,5.323655009E-1,5.139896870E-1
6.476045901E1,5.928192139E-1,3.576622605E-1,5.864276290E-1
6.478072744E1,-2.756369673E-2,-6.727139950E-1,4.330296814E-1
6.480099588E1,8.478167057E-1,3.406180441E-1,3.344927728E-1
6.482126437E1,1.722131848E0,8.022766709E-1,2.110553533E-1
6.484153281E1,1.877660275E0,8.576703668E-1,4.948149621E-1
6.486180125E1,2.087517262E0,1.226651073E0,7.604650855E-1
6.488206968E1,1.720533967E0,1.325187922E0,5.837644935E-1
6.490233812E1,1.544366002E0,1.233575344E0,3.483411968E-1
6.492260656E1,1.629054427E0,1.385375381E0,3.376885653E-1
6.494287500E1,1.796700239E0,1.590438604E0,3.392864764E-1
6.496314348E1,1.967142463E0,1.861947656E0,3.685812056E-1
6.498341192E1,1.961283565E0,2.006823540E0,4.117243886E-1
6.500368036E1,1.792971849E0,2.088848829E0,4.708465338E-1
6.502394880E1,1.547561765E0,2.372075796E0,3.707117438E-1
6.504421724E1,1.543833375E0,2.601640224E0,1.641837656E-1
6.506448567E1,1.763144493E0,2.934401751E0,1.311605871E-1
6.508475411E1,1.864344478E0,3.117627144E0,3.515369892E-1
6.510502255E1,1.790308714E0,3.076081991E0,6.338318586E-1
6.512529098E1,1.599227071E0,2.783134460E0,8.036082387E-1
6.514555942E1,1.416001678E0,2.353433609E0,9.229177833E-1
6.516582786E1,1.322791100E0,2.113349915E0,9.894967675E-1
6.518609630E1,1.315334320E0,2.038248777E0,9.506146312E-1
6.520636474E1,1.386174321E0,1.962615132E0,8.643282652E-1
6.522663317E1,1.397892237E0,2.112817287E0,7.185203433E-1
6.524690161E1,1.265266895E0,2.181926250E0,5.155876279E-1
6.526717005E1,1.060869455E0,1.953560352E0,3.201117218E-1
6.528743849E1,8.728504181E-1,1.779389739E0,2.498043180E-1
6.530770692E1,7.737808824E-1,1.824130774E0,2.157158852E-1
6.532797536E1,8.371640444E-1,1.847033978E0,8.482161909E-2
6.534824380E1,8.520777822E-1,1.825728774E0,-4.127896391E-3
6.536851224E1,6.342313290E-1,1.900297165E0,1.984053478E-2
6.538878067E1,1.805621833E-1,1.785781384E0,8.428898454E-2
6.540904911E1,-2.528669536E-1,1.877926588E0,2.300969511E-1
6.542931755E1,-3.119890988E-1,2.304431677E0,2.105227262E-1
6.544971755E1,-1.371526904E-2,2.717620611E0,1.577921808E-1
6.546985442E1,2.625874877E-1,2.677806377E0,1.945437789E-1
6.549012286E1,2.476737946E-1,1.923200369E0,4.085285962E-1
6.551052286E1,9.800425172E-2,1.180312157E0,5.480781198E-1
6.553065968E1,2.783001214E-2,1.503885984E0,3.739075363E-1
6.555092812E1,5.286370963E-2,2.163683653E0,3.153180480E-1
6.557119656E1,5.552686751E-2,2.304298401E0,5.438171029E-1
6.559146500E1,2.563290596E-1,2.297374249E0,7.217161059E-1
6.561173343E1,3.404848874E-1,2.704171658E0,9.016125202E-1
6.563200187E1,1.886848211E-1,2.975281239E0,1.006541014E0
6.565240187E1,-2.463422120E-1,2.696714878E0,1.069924116E0
6.567253875E1,-5.174518228E-1,2.103496313E0,9.809746742E-1
6.569280718E1,-4.950812757E-1,1.575258613E0,7.222487330E-1
6.571307562E1,-3.262369931E-1,1.289901137E0,3.984085917E-1
6.573334406E1,-1.259674281E-1,1.185505271E0,2.035985142E-1
6.575374406E1,3.315633163E-2,9.133304358E-1,1.785648167E-1
6.577388088E1,1.194426864E-1,5.773729086E-1,2.611227632E-1
6.579414932E1,1.748363972E-1,1.503353268E-1,4.319643974E-1
6.581441776E1,3.591270149E-1,-1.138500497E-1,5.608612895E-1
6.583468619E1,7.515435219E-1,-8.921583183E-3,6.599308252E-1
6.585508619E1,1.232376933E0,5.411539078E-1,7.297055721E-1
6.587522302E1,1.597229719E0,1.072587371E0,7.914909124E-1
6.589549145E1,1.674328089E0,1.252616882E0,8.111982346E-1
6.591575989E1,1.604686499E0,9.028109312E-1,9.048082829E-1
6.593602833E1,1.480050683E0,3.042659163E-1,9.170588255E-1
6.595642833E1,1.199353695E0,-1.452753246E-1,8.669914603E-1
6.597656520E1,6.519413590E-1,2.408827394E-1,6.125265956E-1
6.599683359E1,1.306279600E-1,9.426251650E-1,2.882869840E-1
6.601710203E1,1.743037701E-1,1.371393800E0,-3.555317521E-1
6.603737046E1,1.093226820E-1,1.728123903E0,-8.081356287E-1
6.605763885E1,9.653951973E-2,1.329315901E0,-7.745798230E-1
6.607790729E1,4.805670679E-1,6.072002649E-1,-4.263717830E-1
6.609817572E1,8.170571923E-1,4.085285962E-1,-2.601906359E-1
6.611844416E1,8.420909047E-1,-3.246390820E-1,-1.420795321E-1
6.613871255E1,7.467498183E-1,-8.853672147E-1,-5.845634267E-2
6.615898098E1,5.661876202E-1,-8.065377474E-1,-2.862896025E-2
6.617924942E1,4.715123177E-1,-3.198454082E-1,-8.029424399E-2
6.619951786E1,5.263733864E-1,-1.191763729E-1,-1.356879622E-1
6.621978625E1,6.364950538E-1,-2.660495937E-1,-1.809616536E-1
6.624005468E1,7.105308771E-1,-5.717802644E-1,-6.804371625E-2
6.626032307E1,6.135918498E-1,-7.351650596E-1,2.090579830E-2
6.628059156E1,5.040028691E-1,-8.480830193E-1,1.242363751E-1
6.630085994E1,3.372890949E-1,-7.846998572E-1,2.676474862E-2
6.632112838E1,2.488722205E-1,-5.904223919E-1,-2.490053698E-2
6.634139682E1,2.531332672E-1,-6.154560447E-1,-1.527321786E-1
6.636166520E1,2.989396155E-1,-5.526055098E-1,-1.532648057E-1
6.638193364E1,3.607248962E-1,-4.327633679E-1,-8.135951310E-2
6.640220208E1,2.850911915E-1,-1.170458421E-1,-4.620581120E-2
6.642247046E1,1.913479865E-1,6.511423737E-2,2.623211779E-2
6.644273890E1,8.002793044E-2,1.551290154E-1,1.002679393E-1
6.646300734E1,-2.956106514E-2,2.643185556E-1,1.450090110E-1
6.648327572E1,-5.725792050E-2,1.844237745E-1,1.199753210E-1
6.650354416E1,-4.447475821E-2,6.937529147E-2,8.535424620E-2
6.652381260E1,-5.992107838E-2,4.753739014E-2,1.050616279E-1
6.654408099E1,-1.025316268E-1,1.178447902E-1,6.884266436E-2
6.656434942E1,-9.773793817E-2,9.014793485E-2,8.186551332E-1
6.658461786E1,-3.595264629E-2,-5.371592045E-1,5.400886536E-1
6.660488625E1,9.174583107E-2,-8.113313913E-1,2.744385600E-1
6.662515468E1,1.038632076E-2,-7.495461106E-1,9.920267761E-2
6.664542307E1,-7.004108280E-2,-4.093275666E-1,1.071921512E-1
6.666569151E1,-3.528685868E-1,3.383543491E-1,1.295626909E-1
6.668595989E1,-4.652538896E-1,9.857683182E-1,1.146489978E-1
6.670622833E1,-2.553969622E-1,5.725792050E-1,-4.780370742E-2
6.672649677E1,-2.330264151E-1,6.990792602E-2,3.259706795E-1
6.674676515E1,-3.102580309E-1,-1.105211023E-2,2.845585644E-1
6.676703354E1,-3.688475490E-1,2.946785688E-1,2.771016955E-1
6.678730198E1,-4.231759906E-1,3.058638275E-1,2.110553533E-1
6.680757036E1,-5.498092175E-1,1.822932363E-1,1.482048035E-1
6.682783880E1,-7.080008388E-1,1.705753356E-1,1.913479865E-1
6.684810718E1,-9.556746483E-1,2.632532716E-1,1.753690243E-1
6.686837562E1,-1.219194293E0,2.627206445E-1,1.503353268E-1
6.688864406E1,-1.476988077E0,5.659212917E-2,5.126581341E-2
6.690891244E1,-1.554752231E0,1.609879732E-1,-7.856319658E-3
6.692918088E1,-1.505750179E0,1.545963883E-1,-6.804371625E-2
6.694944927E1,-1.445562720E0,1.748363972E-1,-1.548627019E-1
6.696971765E1,-1.284707904E0,4.479433596E-1,-2.010685205E-2
6.698998609E1,-9.913609624E-1,5.246423483E-1,1.732385010E-1
6.701025448E1,-7.154576778E-1,5.896234512E-1,2.962764502E-1
6.703052291E1,-6.563355327E-1,8.415582776E-1,1.428784877E-1
6.705079130E1,-5.163865685E-1,8.548740745E-1,-1.527321786E-1
6.707105968E1,-1.643169224E-1,4.633896947E-1,-3.246390820E-1
6.709132812E1,-2.564622164E-1,9.958883524E-1,-2.299637944E-1
6.711159651E1,-4.444812536E-1,1.027313590E0,-1.687111259E-1
6.713186494E1,-3.214432895E-1,4.522044063E-1,-4.460791498E-2
6.715226494E1,-1.403484792E-1,1.977395564E-1,1.274321675E-1
6.717240177E1,2.197106183E-2,1.790974438E-1,2.408827394E-1
6.719267015E1,2.611227632E-1,2.197106183E-2,2.643185556E-1
6.721293859E1,5.103944540E-1,-4.460791498E-2,3.078611791E-1
6.723320703E1,4.502070546E-1,-2.809632942E-2,2.872217000E-1
6.725360703E1,2.589922249E-1,-2.069274634E-1,2.078595608E-1
6.727374385E1,1.418132186E-1,-3.635212183E-1,2.041311413E-1
6.729401224E1,6.564687192E-2,-4.711128473E-1,1.402153224E-1
6.731428062E1,3.368896246E-2,-6.831002831E-1,5.286370963E-2
6.733454906E1,1.109205782E-1,-9.221188426E-1,-3.715106845E-2
6.735494906E1,9.321057238E-3,-6.697844863E-1,-1.308942735E-1
6.737508588E1,-5.352949724E-2,-4.886896908E-1,-1.239700541E-1
6.739535427E1,-1.611211300E-1,-4.508728385E-1,-1.932121962E-1
6.741562265E1,-7.590003312E-2,-6.474139690E-1,-2.012016773E-1
6.743589109E1,-7.749792933E-2,-4.279696643E-1,-2.262353599E-1
6.745615948E1,-1.137168929E-1,-3.107906580E-1,-2.394180000E-1
6.747642786E1,-8.282424510E-2,-3.075948656E-1,-1.878858805E-1
6.749669630E1,5.060002208E-3,-2.841590643E-1,-9.361004084E-2
6.751696468E1,-2.370211668E-2,-2.175800949E-1,-5.526055023E-2
6.753723312E1,-1.675127149E-1,-2.303632647E-1,-1.383511126E-1
6.755763312E1,-9.986846894E-2,-2.996053994E-1,-1.058605760E-1
6.757776989E1,-1.331579522E-3,-2.436790615E-1,-4.127896391E-3
6.759803833E1,-3.755054250E-2,-5.313002318E-2,-1.424790081E-2
6.761830671E1,-6.524740160E-2,-3.182475269E-2,1.877527125E-2
6.763857515E1,-3.488738462E-2,-8.295740932E-2,9.600688517E-2
6.765884354E1,-8.495477587E-2,-9.627319872E-2,9.600688517E-2
6.767911198E1,-1.275653243E-1,-8.135951310E-2,7.896266878E-2
6.769938036E1,-9.507478029E-2,-1.362205893E-1,8.162582666E-2
6.771964875E1,-7.483477145E-2,-1.733716577E-1,7.789740711E-2
6.773991718E1,-6.258423626E-2,-1.717737615E-1,6.298371404E-2
6.776018557E1,-7.217161357E-2,-1.612542868E-1,4.327633604E-2
6.778045395E1,-7.270424068E-2,-1.420795321E-1,1.025316212E-2
6.780072239E1,-6.258423626E-2,-1.111868918E-1,-1.997369342E-3
6.782099078E1,-4.873581231E-2,-1.074584723E-1,-1.318263728E-2
6.784125921E1,-4.607265070E-2,-8.242477477E-2,-2.330264263E-2
6.786152760E1,-4.873581231E-2,-6.271740049E-2,-2.223737910E-2
6.788179604E1,-5.566002429E-2,-5.366265774E-2,-2.117211558E-2
6.790206442E1,-5.566002429E-2,-5.206476152E-2,-2.170474641E-2
6.792233286E1,-5.619265884E-2,-5.632581562E-2,-2.010685205E-2
6.794260125E1,-5.992107838E-2,-5.579318479E-2,-1.584579609E-2
6.796286963E1,-6.045371294E-2,-6.431528926E-2,-1.478053257E-2
6.798313807E1,-5.352949724E-2,-6.804371625E-2,-1.531316526E-2
6.800340645E1,-4.554001987E-2,-6.804371625E-2,-1.424790081E-2
6.802367489E1,-3.595264629E-2,-6.644582003E-2,-1.637842879E-2
6.804394328E1,-2.689790726E-2,-6.910897791E-2,-1.744369231E-2
6.806421171E1,-1.784316637E-2,-7.337003201E-2,-1.797632314E-2
6.808448010E1,-8.788425475E-3,-7.869634777E-2,-1.850895584E-2
6.810474848E1,-2.929474926E-3,-8.135951310E-2,-1.424790081E-2
6.812501692E1,-6.125265732E-3,-8.828372508E-2,-5.193160381E-3
6.814528531E1,-9.321057238E-3,-8.455529809E-2,1.731053460E-3
6.816555369E1,-9.853689000E-3,-7.496792823E-2,7.057371549E-3
6.818582213E1,-8.255792782E-3,-6.644582003E-2,1.185105834E-2
6.820609046E1,-1.864211401E-3,-6.058686972E-2,1.984053478E-2
6.822635895E1,1.864211401E-3,-5.099949613E-2,2.410159074E-2
6.824662734E1,6.125265732E-3,-4.514054582E-2,2.836264484E-2
6.826689578E1,-3.462106921E-3,-4.620581120E-2,3.688475490E-2
6.828716416E1,-2.929474926E-3,-6.271740049E-2,2.569948509E-2
6.830743260E1,7.190529723E-3,-3.555317223E-2,2.143843099E-2
6.832770098E1,1.091895252E-2,-2.756369673E-2,1.185105834E-2
6.834796937E1,2.143843099E-2,-2.170474641E-2,9.187898599E-3
6.836823781E1,2.729738131E-2,-2.543316968E-2,4.926844500E-3
6.838850619E1,2.197106183E-2,-2.596580051E-2,2.263685223E-3
6.840877463E1,1.358211134E-2,-3.022685647E-2,1.664474420E-2
6.842904302E1,-8.255792782E-3,-4.141212255E-2,1.078579482E-2
6.844931145E1,-3.115896136E-2,-3.608580679E-2,1.198421582E-3
6.846957984E1,-4.021370411E-2,-3.555317223E-2,-3.595264861E-3
6.848984822E1,-6.098634377E-2,-2.436790615E-2,-5.725792143E-3
6.851024822E1,-7.483477145E-2,2.796316985E-3,-1.318263728E-2
6.853038505E1,-8.282424510E-2,2.143843099E-2,-1.531316526E-2
6.855065348E1,-9.241162241E-2,2.783001214E-2,-1.318263728E-2
6.857092187E1,-1.099884734E-1,2.889527567E-2,-9.454214945E-3
6.859119031E1,-1.414137483E-1,2.516685426E-2,6.657897611E-4
6.861145869E1,-1.696432382E-1,1.930790395E-2,1.025316212E-2
6.863172708E1,-1.962748319E-1,2.410159074E-2,1.717737690E-2
6.865212708E1,-2.287653685E-1,5.712476373E-2,1.771000773E-2
6.867226385E1,-2.740390599E-1,8.641951531E-2,2.783001214E-2
6.869253234E1,-3.203780353E-1,7.896266878E-2,4.008054361E-2
6.871280073E1,-3.693801761E-1,5.020054802E-2,5.126581341E-2
6.873306911E1,-4.135886133E-1,4.807002097E-2,5.020054802E-2
6.875346911E1,-4.274370372E-1,7.310371846E-2,4.913528636E-2
6.877360593E1,-4.135886133E-1,1.109205782E-1,4.807002097E-2
6.879387432E1,-3.949464858E-1,1.173121557E-1,3.368896246E-2
6.881414276E1,-3.709780574E-1,1.008005738E-1,5.459476262E-3
6.883441119E1,-3.379548788E-1,7.470161468E-2,-2.756369673E-2
6.885481119E1,-3.075948656E-1,3.581948951E-2,-6.910897791E-2
6.887494796E1,-2.756369710E-1,-6.791055668E-3,-1.117195264E-1
6.889521640E1,-2.420811653E-1,-3.502054140E-2,-1.463405937E-1
6.891548479E1,-2.085253596E-1,-5.259739235E-2,-1.857553422E-1
6.893575322E1,-1.749695539E-1,-5.526055023E-2,-2.273006290E-1
6.895615323E1,-1.355548054E-1,-6.804371625E-2,-2.468748540E-1
6.897629005E1,-1.099884734E-1,-4.407528415E-2,-2.660495937E-1
6.899655843E1,-1.121189967E-1,-6.804371625E-2,-2.340916842E-1
6.901682687E1,-8.229161799E-2,-1.623195410E-1,-2.219743133E-1
6.903709526E1,-1.030642539E-1,-2.026664019E-1,-2.171806246E-1
6.905736369E1,-1.174453199E-1,-1.930790395E-1,-1.910816729E-1
6.907763208E1,-1.030642539E-1,-1.660479754E-1,-1.724395454E-1
6.909790052E1,-5.139897019E-2,-1.511342824E-1,-1.772332340E-1
6.911816890E1,-1.411474310E-2,-1.303616315E-1,-1.756353378E-1
6.913843729E1,-2.929474926E-3,-7.869634777E-2,-1.399490088E-1
6.915883729E1,-9.853689000E-3,-5.632581562E-2,-1.079910994E-1
6.917897411E1,-1.331579522E-3,-6.058686972E-2,-8.828372508E-2
6.919924255E1,4.114580899E-2,-3.555317223E-2,-9.574057162E-2
6.921951098E1,9.014793485E-2,2.783001214E-2,-8.135951310E-2
6.923977937E1,1.540637612E-1,2.516685426E-2,-1.005342528E-1
6.926004776E1,2.318280041E-1,1.398158539E-2,-1.149153188E-1
6.928031619E1,2.286322117E-1,1.940111369E-1,-7.976161689E-2
6.930058458E1,2.376869470E-1,2.435459048E-1,-3.075948730E-2
6.932085302E1,3.005374968E-1,6.937529147E-2,2.569948509E-2
6.934112140E1,2.728406489E-1,-1.133174226E-1,-4.141212255E-2
6.936138974E1,2.275669426E-1,-1.085237339E-1,1.930790395E-2
6.938165823E1,1.407479644E-1,-1.424790081E-2,-9.454214945E-3
6.940192661E1,3.585943878E-1,-5.057339072E-1,2.472743243E-1
6.942219505E1,4.044007063E-1,-9.147951752E-2,1.913479865E-1
6.944246343E1,1.098553166E-1,2.893522382E-1,4.487423226E-2
6.946273182E1,-1.296958476E-1,1.636511236E-1,-1.637842879E-2
6.948300026E1,1.423458606E-1,-3.885549009E-1,6.990792602E-2
6.950326864E1,2.217079997E-1,-9.574057162E-2,8.215846121E-2
6.952353703E1,1.972069293E-1,2.143843099E-2,5.179844424E-2
6.954380546E1,1.396826953E-1,1.865542978E-1,8.641951531E-2
6.956407385E1,-7.723161485E-3,2.350237966E-1,1.258342713E-1
6.958434224E1,2.163816839E-1,-1.261005849E-1,5.659212917E-2
6.960461067E1,5.242428780E-1,-5.952160433E-2,9.068056941E-2
6.962487906E1,2.957438231E-1,3.633880615E-1,1.060869455E0
6.964514750E1,6.724476814E-2,1.331579551E-4,-2.660495937E-1
6.966541588E1,3.612575233E-1,5.960150361E-1,-8.828372508E-2
6.968568427E1,2.105227262E-1,5.331644416E-1,2.414153665E-1
6.970595270E1,3.671164811E-1,3.287670016E-1,4.207791388E-1
6.972622109E1,3.857586086E-1,1.375521719E-1,2.410159074E-2
6.974648953E1,6.466150284E-1,1.331579551E-4,6.245107949E-2
6.976675791E1,8.000130057E-1,-5.472791940E-2,-2.012016773E-1
6.978702630E1,4.145207107E-1,-3.081275225E-1,-5.845634267E-2
6.980729468E1,3.751059473E-1,-9.088030457E-1,1.557948068E-2
6.982756312E1,6.780403256E-1,-1.168194771E0,-3.075948730E-2
6.984783151E1,4.986765385E-1,-1.110137820E0,-6.218476593E-2
6.986809989E1,5.135902166E-1,-1.166064262E0,1.055942550E-1
6.988836833E1,5.370260477E-1,-2.932138145E-1,1.748363972E-1
6.990863671E1,1.641837656E-1,-4.849612713E-1,9.920267761E-2
6.992890510E1,6.125265732E-3,-7.665903568E-1,-1.420795321E-1
6.994930510E1,-2.878875136E-1,-1.162868381E0,-6.964160800E-1
6.996944192E1,-6.536723971E-1,-1.189499974E0,-1.340634346E0
6.998971031E1,-9.870999455E-1,-7.463503480E-1,-2.078728914E0
7.000997875E1,-1.198421597E0,6.138581783E-2,-2.676741123E0
7.003024713E1,-1.020123124E0,8.586025238E-1,-2.875412941E0
7.005051552E1,-7.032071352E-1,1.069924116E0,-2.584063292E0
7.007078390E1,-6.339650154E-1,7.030739784E-1,-3.017492533E0
7.009105234E1,1.154612660E0,2.841590881E0,-3.092593431E0
7.011132078E1,1.857553482E0,2.216946840E0,-2.753440142E0
7.013158916E1,2.771283388E0,3.293662071E0,-2.056358337E0
7.015198916E1,2.906571865E0,2.806969643E0,-9.828388691E-1
7.017212599E1,4.042409420E0,3.288868427E0,-3.075948730E-2
7.019239432E1,4.484893322E0,4.156791687E0,1.031574726E0
7.021266276E1,3.933219671E0,4.528036118E0,1.592835426E0
7.023293119E1,1.545031786E0,2.165281534E0,9.740504622E-1
7.025333119E1,-2.783001363E-1,7.451519370E-1,-1.910816729E-1
7.027346796E1,-1.296425819E0,-3.800328076E-1,-1.255013704E0
7.029373640E1,-1.233575344E0,4.434159771E-2,-2.011617184E0
7.031400479E1,-1.669800729E-1,4.825644195E-1,-2.816823483E0
7.033427322E1,1.217995763E0,1.255812645E0,-3.271025181E0
7.035467322E1,2.487523794E0,1.270726323E0,-3.288602114E0
7.037481000E1,3.512573719E0,1.122654676E0,-2.891391754E0
7.039507843E1,3.971569061E0,1.022519946E0,-2.253432035E0
7.041534682E1,3.841074467E0,8.820382953E-1,-1.810415506E0
7.043561526E1,3.451321125E0,3.138532937E-1,-1.501489043E0
7.045601526E1,3.223487854E0,3.095922470E-1,-1.300287485E0
7.047615203E1,3.138266802E0,3.728422821E-1,-1.143693686E0
7.049642046E1,2.934268713E0,2.153164148E-1,-9.748494029E-1
7.051668885E1,2.748912811E0,1.348890066E-1,-7.729819417E-1
7.053695729E1,2.690989017E0,4.506065249E-1,-5.664539337E-1
7.055735729E1,2.582864761E0,7.776424289E-1,-4.439486265E-1
7.057749411E1,2.259024620E0,5.651223660E-1,-4.423507154E-1
7.059776250E1,1.859151363E0,5.560676455E-1,-4.844286442E-1
7.061803088E1,1.424124360E0,4.825644195E-1,-3.741738498E-1
7.063829932E1,1.040229917E0,3.218427896E-1,-1.234374270E-1
7.065856770E1,6.780403256E-1,2.904174924E-1,1.098553166E-1
7.067883614E1,5.514070988E-1,7.574024200E-1,1.641837656E-1
7.069910453E1,5.874928832E-1,1.678056598E0,2.797648609E-1
7.071937296E1,5.130575895E-1,1.517734408E0,4.900212884E-1
7.073964135E1,3.980091214E-1,7.334340215E-1,6.578003168E-1
7.075990979E1,4.384891391E-1,8.186551332E-1,7.478150725E-1
7.078017817E1,6.178529263E-1,1.221724272E0,6.892255545E-1
7.080044661E1,5.901560783E-1,1.199353695E0,6.173202991E-1
7.082071500E1,3.820301592E-1,4.953475893E-1,5.981455445E-1
7.084098343E1,1.790974438E-1,-7.443529367E-2,5.741770864E-1
7.086125182E1,2.009353489E-1,-1.612542868E-1,4.074633420E-1
7.088152020E1,1.705753356E-1,-6.857634336E-2,1.455416381E-1
7.090178864E1,2.760364413E-1,1.673795432E-1,-9.221188426E-1
7.092205703E1,7.685877085E-1,1.071522117E0,-1.721466064E0
7.094232546E1,4.821649492E-1,7.243793011E-1,-1.295493722E0
7.096259385E1,4.619249403E-1,6.780403256E-1,-7.411571741E-1
7.098286229E1,1.438505411E0,-1.797632314E-2,-6.735129356E-1
7.100313067E1,1.736646056E0,-2.173004627E0,-4.215780795E-1
7.102339945E1,1.087634206E0,-2.084055185E0,-6.820350289E-1
7.104366732E1,-2.649843395E-1,-6.106624007E-1,-3.091927767E-1
7.106393575E1,-9.151946306E-1,2.685796022E-1,-7.406245470E-1
7.108420414E1,-1.100950003E0,3.527354300E-1,-1.140497923E0
7.110447252E1,-1.145158410E0,2.073269337E-1,-1.031308413E0
7.112474096E1,-1.519598603E0,3.898864985E-1,-4.135886133E-1
7.114500935E1,-2.157425165E0,1.195092678E0,-4.061317742E-1
7.116527778E1,-3.335340500E0,2.855971813E0,-6.458160877E-1
7.118554617E1,-4.657066345E0,4.352800369E0,-4.439486265E-1
7.120581461E1,-5.499956131E0,4.076497555E0,-4.162517786E-1
7.122621461E1,-4.850811005E0,2.428401709E0,-3.166496158E-1
7.124635143E1,-3.323089838E0,8.942888379E-1,-3.976096511E-1
7.126661987E1,-1.961017251E0,7.366297841E-1,-1.212403178E0
7.128688825E1,-1.125983715E0,1.514005899E0,-1.920537233E0
7.130715664E1,-3.368896246E-1,1.634380698E0,-2.239051104E0
7.132742508E1,4.821649492E-1,1.586443901E0,-2.367415190E0
7.134768560E1,1.103479981E0,1.461275458E0,-2.240116358E0
7.136788492E1,1.638641834E0,1.921469331E0,-2.150101423E0
7.138823154E1,2.007223129E0,3.098186255E0,-2.052629948E0
7.140849966E1,1.856488228E0,3.100849390E0,-2.015345573E0
7.142876794E1,7.611308694E-1,2.204696178E0,-2.079794168E0
7.144903617E1,4.647212476E-2,1.715873361E0,-2.070206642E0
7.146930445E1,3.426154256E-1,8.564719558E-1,-2.190048933E0
7.148957273E1,9.108003974E-1,-7.277082205E-1,-2.379665852E0
7.150984122E1,1.065796256E0,-1.609080672E0,-2.246507883E0
7.153024112E1,1.251551628E0,-6.655234694E-1,-2.189516306E0
7.155037789E1,1.302684307E0,-5.755086541E-1,-2.276867867E0
7.157064628E1,1.730254412E0,-1.421594381E0,-2.410425186E0
7.159091466E1,2.619616508E0,-1.147954702E0,-2.267813206E0
7.161118299E1,2.930007696E0,-9.913609624E-1,-2.194309950E0
7.163145143E1,3.122287750E0,-1.604819655E0,-2.410958052E0
7.165171982E1,3.048784494E0,-2.355564117E0,-2.912697077E0
7.167198820E1,2.561027050E0,-2.187385798E0,-3.422292709E0
7.169225664E1,1.824530244E0,-7.974829674E-1,-3.474357367E0
7.171252502E1,1.130644202E0,3.893538713E-1,-3.315766335E0
7.173279346E1,1.235572696E0,1.104545236E0,-3.505249977E0
7.175306185E1,1.733982921E0,4.548675716E-1,-3.529751062E0
7.177333023E1,1.811214447E0,-1.665806025E-1,-3.121355534E0
7.179359862E1,1.383644342E0,6.562023759E-1,-2.926944971E0
7.181386711E1,1.360741138E0,7.044056058E-2,-2.878076077E0
7.183413549E1,1.611610770E0,5.960150361E-1,-3.124551535E0
7.185440393E1,1.887913465E0,1.133839965E0,-3.772631168E0
7.187467237E1,2.473142624E0,1.613075495E0,-4.401535988E0
7.189494075E1,3.009902477E0,2.418281555E0,-4.977710724E0
7.191520914E1,3.020022392E0,3.022685528E0,-4.903675079E0
7.193547758E1,1.974732518E0,9.159935713E-1,-3.046787262E0
7.195574602E1,1.139698982E0,-7.028076649E-1,-1.663941860E0
7.197601445E1,8.735162020E-1,4.740423262E-1,-1.502554417E0
7.199628289E1,6.988129616E-1,2.877543271E-1,-9.311735630E-1
7.201655128E1,1.014663577E0,-7.655251026E-1,-6.149234176E-1
7.203681971E1,1.587642312E0,-1.295360565E0,-4.226433635E-1
7.205708810E1,2.053029299E0,-1.575524926E0,-6.719150543E-1
7.207735654E1,2.095639944E0,-1.405615330E0,-1.145824194E0
7.209762497E1,1.833052397E0,-1.032906294E0,-1.431714296E0
7.211789336E1,1.386307478E0,-5.984118581E-1,-1.458878517E0
7.213816180E1,8.777772188E-1,-9.201214463E-2,-1.281112671E0
7.215843023E1,4.965460002E-1,7.736477256E-2,-9.982851744E-1
7.217869862E1,4.475438893E-1,3.422159329E-2,-7.017424107E-1
7.219896706E1,6.205160618E-1,7.590003312E-3,-4.652538896E-1
7.221923549E1,6.524739861E-1,-2.916159295E-2,-2.639190555E-1
7.223950388E1,5.519397259E-1,-1.464737463E-3,-1.703090221E-1
7.225977232E1,4.597944319E-1,-3.502054140E-2,-1.836248189E-1
7.228004075E1,5.082638860E-1,-1.452753246E-1,-1.900164038E-1
7.230030914E1,4.299670458E-1,-1.239700541E-1,-2.399506420E-1
7.232070914E1,3.932154477E-1,-9.680583328E-2,-2.399506420E-1
7.234084602E1,3.543333113E-1,-9.254477918E-2,-1.122521535E-1
7.236111440E1,3.026680350E-1,-3.326285779E-1,-4.301001877E-2
7.238138284E1,3.628554344E-1,-4.178496599E-1,-1.154479459E-1
7.240165128E1,3.793670237E-1,-3.246390820E-1,-1.330247968E-1
7.242191966E1,2.728406489E-1,-2.095906287E-1,-1.154479459E-1
7.244218810E1,1.423458606E-1,-2.649843320E-2,-9.094688296E-2
7.246258810E1,3.528685868E-2,-1.997369342E-3,-8.455529809E-2
7.248272497E1,-7.723161485E-3,-3.062632866E-3,-4.141212255E-2
7.250299341E1,-1.837579720E-2,-4.567318037E-2,-4.034686089E-2
7.252339341E1,-3.328948840E-2,-4.993423447E-2,-6.005423889E-2
7.254353023E1,-9.081372619E-2,-3.448791057E-2,-3.608580679E-2
7.256393023E1,-1.419463754E-1,-1.111868918E-1,-2.010685205E-2
7.258406711E1,-2.362222075E-1,-2.058621943E-1,-9.321057005E-4
7.260433555E1,-4.008054435E-1,-2.644517124E-1,1.398158539E-2
7.262460398E1,-6.227797270E-1,-4.652538896E-1,8.122635074E-3
7.264487242E1,-9.487504363E-1,-6.639255881E-1,1.238369010E-2
7.266528039E1,-1.227183700E0,-7.522093058E-1,3.049317189E-2
7.268557518E1,-1.259674311E0,-9.157272577E-1,7.097318769E-2
7.270567799E1,-1.057806849E0,-1.167662144E0,2.243711501E-1
7.272594638E1,-8.938893676E-1,-1.286305904E0,4.884233773E-1
7.274621476E1,-7.974829674E-1,-1.154346347E0,7.025413513E-1
7.276648315E1,-7.479482293E-1,-1.085104227E0,8.309056163E-1
7.278675159E1,-5.679186583E-1,-1.037167311E0,6.881603003E-1
7.280701997E1,-2.926811874E-1,-8.885630369E-1,3.472759426E-1
7.282728846E1,-1.083905771E-1,-6.729803085E-1,1.066595241E-1
7.284755690E1,-2.210422046E-2,-4.162517786E-1,2.197106183E-2
7.286782534E1,7.150582224E-2,-3.075948656E-1,-2.703106403E-2
7.288809383E1,4.114580899E-2,-2.026664019E-1,-7.922898233E-2
7.290836227E1,-5.406212807E-2,-7.323687430E-3,-1.090563685E-1
7.292863075E1,-7.376950979E-2,1.238369010E-2,-7.763108611E-2
7.294889919E1,-2.210422046E-2,-8.881635964E-2,9.187898599E-3
7.296916768E1,-1.677790284E-2,-9.094688296E-2,8.748477697E-2
7.298943607E1,-5.352949724E-2,-4.833633825E-2,9.334372729E-2
7.300970456E1,-1.451421678E-1,7.590003312E-3,1.039963663E-1
7.302997305E1,-2.026664019E-1,5.020054802E-2,1.146489978E-1
7.305024148E1,-1.467400640E-1,5.499423668E-2,1.018658355E-1
7.307050997E1,-1.121189967E-1,3.581948951E-2,7.736477256E-2
7.309077846E1,-1.190432087E-1,9.547425061E-2,8.162582666E-2
7.311104695E1,-4.865591824E-1,5.651223660E-1,4.221107066E-2
7.313131544E1,-4.780370593E-1,5.992107987E-1,-6.791055668E-3
7.315158393E1,-9.773793817E-2,2.158490419E-1,-6.697845459E-2
7.317185242E1,-7.323687524E-2,-4.727107286E-2,6.404897571E-2
