"Time (s)","Acceleration x (m/s^2)","Acceleration y (m/s^2)","Acceleration z (m/s^2)"
6.112547400E-2,-1.466389298E0,3.042587280E0,9.206668854E0
8.123792200E-2,-1.460401177E0,3.038089991E0,9.209105492E0
1.015075050E-1,-1.431360960E0,3.043632984E0,9.211833954E0
1.217771410E-1,-1.366702080E0,3.023992777E0,9.228108406E0
1.420468280E-1,-1.278525472E0,2.988646984E0,9.252229691E0
1.623164110E-1,-1.207050085E0,2.944305420E0,9.276016235E0
1.825861510E-1,-1.166074872E0,2.847206831E0,9.311501503E0
2.028558380E-1,-1.118656874E0,2.675208330E0,9.368149757E0
2.231255780E-1,-1.015812159E0,2.462408304E0,9.437958717E0
2.433952660E-1,-8.721948862E-1,2.259100437E0,9.502953529E0
2.636649530E-1,-7.432852983E-1,2.093638420E0,9.551680565E0
2.839347970E-1,-6.629559994E-1,1.953335285E0,9.587249756E0
3.042045360E-1,-5.920574069E-1,1.814117789E0,9.619191170E0
3.244743280E-1,-4.969596267E-1,1.648169041E0,9.654376030E0
3.447441200E-1,-3.354856074E-1,1.448956966E0,9.693211555E0
3.650138070E-1,-7.995525748E-2,1.211914778E0,9.731148720E0
3.852835990E-1,2.317143530E-1,9.758086205E-1,9.755228996E0
4.055533380E-1,6.167457104E-1,7.877131104E-1,9.755486488E0
4.258231300E-1,1.085786223E0,6.248452663E-1,9.726305962E0
4.460929220E-1,1.508716702E0,4.265060425E-1,9.680508614E0
4.663626610E-1,1.738091707E0,2.014069855E-1,9.649292946E0
4.866324530E-1,1.824744940E0,-3.656256944E-2,9.635317802E0
5.069021410E-1,1.881749392E0,-2.877517343E-1,9.620115280E0
5.271719320E-1,1.921830893E0,-5.205274820E-1,9.602396011E0
5.474416720E-1,1.923142076E0,-6.736084819E-1,9.592609406E0
5.677114630E-1,1.960564733E0,-7.039408684E-1,9.582851410E0
5.879812030E-1,2.003949404E0,-6.114395261E-1,9.580224991E0
6.082509430E-1,2.029031277E0,-4.330094755E-1,9.584671021E0
6.285207340E-1,2.071471930E0,-2.210651338E-1,9.582823753E0
6.487904740E-1,2.132197857E0,-3.055824712E-2,9.571999550E0
6.690602130E-1,2.181167841E0,8.816234022E-2,9.560602188E0
6.893300050E-1,2.139660358E0,1.207047775E-1,9.569622040E0
7.095997450E-1,2.010185480E0,7.473435998E-2,9.598121643E0
7.298694840E-1,1.893902302E0,-4.646732286E-2,9.621920586E0
7.502694840E-1,1.778565884E0,-2.100461274E-1,9.641730309E0
7.704090160E-1,1.628407717E0,-3.604539335E-1,9.663785934E0
7.906787550E-1,1.455206156E0,-4.609125853E-1,9.687121391E0
8.109484950E-1,1.315225363E0,-5.008667111E-1,9.705138206E0
8.312182340E-1,1.205147386E0,-4.862206280E-1,9.720164299E0
8.516182340E-1,1.121271014E0,-4.187303483E-1,9.733333588E0
8.717577660E-1,1.098003268E0,-2.918726802E-1,9.740615845E0
8.920275050E-1,1.130558014E0,-1.031473875E-1,9.740717888E0
9.122972450E-1,1.221219063E0,1.158097088E-1,9.729625702E0
9.325669840E-1,1.329694748E0,3.200285137E-1,9.710812569E0
9.529669840E-1,1.364406228E0,4.248602986E-1,9.701972008E0
9.731064630E-1,1.327485204E0,4.060755074E-1,9.707898140E0
9.933762030E-1,1.296308279E0,2.740101218E-1,9.716732979E0
1.013645943E0,1.148387313E0,8.222971857E-2,9.738830566E0
1.033915682E0,7.162219286E-1,1.004586220E-1,9.779944420E0
1.054185370E0,5.983368158E-1,2.494748235E-1,9.785199165E0
1.074455161E0,6.427899599E-1,4.246769845E-1,9.776341438E0
1.094724849E0,7.292373776E-1,5.868537426E-1,9.761875153E0
1.114994588E0,8.965497613E-1,6.600293517E-1,9.743250847E0
1.135264328E0,9.386364818E-1,6.869140863E-1,9.737428665E0
1.155664328E0,8.625991344E-1,6.756634712E-1,9.745244980E0
1.175803807E0,8.069679737E-1,6.511045098E-1,9.751680374E0
1.196073495E0,7.568717003E-1,6.566036940E-1,9.755326271E0
1.216343234E0,7.184649110E-1,6.762173772E-1,9.756891251E0
1.236612974E0,6.797636747E-1,6.986446381E-1,9.758083344E0
1.257012974E0,6.017324924E-1,7.345758080E-1,9.760569572E0
1.277152401E0,4.057526886E-1,7.882029414E-1,9.766497612E0
1.297422141E0,1.698310375E-1,8.568490744E-1,9.767667770E0
1.317691828E0,-2.569100820E-2,9.162144065E-1,9.763722420E0
1.337961568E0,-2.632675469E-1,9.669096470E-1,9.755314827E0
1.358231255E0,-6.698317528E-1,1.066030383E0,9.725497246E0
1.378500995E0,-1.098333955E0,1.186726928E0,9.672421455E0
1.398770682E0,-1.598655701E0,1.295723319E0,9.588315010E0
1.419040422E0,-2.175493002E0,1.311529398E0,9.471933365E0
1.439310109E0,-2.697911739E0,1.199012756E0,9.351685524E0
1.459579849E0,-3.196712732E0,1.010549664E0,9.215758324E0
1.479849536E0,-3.759063244E0,7.497441173E-1,9.026500702E0
1.500119276E0,-4.419061184E0,4.056215286E-1,8.745155334E0
1.520388963E0,-5.205921650E0,-4.164887592E-3,8.310761452E0
1.540658599E0,-6.061764240E0,-4.127546549E-1,7.697730064E0
1.560928391E0,-6.822872639E0,-7.480705380E-1,7.004226685E0
1.581198078E0,-7.573719501E0,-9.475194216E-1,6.157220364E0
1.601467766E0,-8.302863121E0,-1.106532812E0,5.099846840E0
1.621737453E0,-8.758629799E0,-1.278018713E0,4.221784115E0
1.642007141E0,-8.991596222E0,-1.432912350E0,3.642574310E0
1.662276880E0,-9.144190788E0,-1.593353033E0,3.164709568E0
1.682546568E0,-9.264808655E0,-1.736876726E0,2.704989433E0
1.702816255E0,-9.388730049E0,-1.963337779E0,2.041429758E0
1.723085943E0,-9.434144020E0,-2.314152718E0,1.346110225E0
1.743355630E0,-9.391646385E0,-2.660105467E0,9.440330267E-1
1.763625318E0,-9.328886032E0,-2.921380997E0,7.796165347E-1
1.783895005E0,-9.283107758E0,-3.081307650E0,7.069836855E-1
1.804164693E0,-9.249013901E0,-3.210506916E0,5.645843744E-1
1.824434380E0,-9.203213692E0,-3.379156590E0,2.292205542E-1
1.844704068E0,-9.138176918E0,-3.550972939E0,-2.338896990E-1
1.864973755E0,-9.063131332E0,-3.688320637E0,-6.529529095E-1
1.885243391E0,-9.006954193E0,-3.770060062E0,-9.120385051E-1
1.905513078E0,-8.993715286E0,-3.775042772E0,-1.016135573E0
1.925782713E0,-9.016162872E0,-3.711745501E0,-1.049825549E0
1.946052453E0,-9.050969124E0,-3.614087105E0,-1.090290666E0
1.966322141E0,-9.081068993E0,-3.517790079E0,-1.153140664E0
1.986591828E0,-9.100247383E0,-3.434519291E0,-1.248984218E0
2.006861463E0,-9.116902351E0,-3.355700254E0,-1.338563085E0
2.027131151E0,-9.139384270E0,-3.284556866E0,-1.361514688E0
2.047531151E0,-9.160950661E0,-3.225001097E0,-1.358944178E0
2.067670526E0,-9.174376488E0,-3.184290171E0,-1.364369035E0
2.087940161E0,-9.187732697E0,-3.163732767E0,-1.321645617E0
2.108209849E0,-9.214764595E0,-3.145960569E0,-1.166803479E0
2.128479536E0,-9.247750282E0,-3.115878820E0,-9.699493051E-1
2.148749172E0,-9.274837494E0,-3.078509569E0,-8.188766241E-1
2.169018859E0,-9.300344467E0,-3.034896374E0,-6.807181835E-1
2.189288547E0,-9.332763672E0,-2.975566387E0,-4.646659493E-1
2.209558182E0,-9.367977142E0,-2.891240120E0,-2.283157855E-1
2.229827870E0,-9.400263786E0,-2.793518782E0,-4.095185921E-2
2.250227870E0,-9.434766769E0,-2.674206257E0,6.470088661E-2
2.270327713E0,-9.467070580E0,-2.554491282E0,1.397722214E-1
2.290636672E0,-9.488595963E0,-2.466967106E0,2.258344591E-1
2.310906411E0,-9.493720055E0,-2.437342644E0,3.146927953E-1
2.331176047E0,-9.487087250E0,-2.457710028E0,3.538789749E-1
2.351576047E0,-9.475014687E0,-2.508332491E0,3.205376267E-1
2.371715422E0,-9.465359688E0,-2.544291973E0,3.223749697E-1
2.391985057E0,-9.460025787E0,-2.555847883E0,3.820219934E-1
2.412254693E0,-9.452669144E0,-2.599632978E0,2.436277568E-1
2.432524380E0,-9.442570686E0,-2.647163630E0,2.789971977E-2
2.452924380E0,-9.432578087E0,-2.682082653E0,-5.732803792E-2
2.473063755E0,-9.430466652E0,-2.689545631E0,-5.497285351E-2
2.493333338E0,-9.437069893E0,-2.666853428E0,2.590540331E-3
2.513603078E0,-9.447246552E0,-2.630402088E0,3.002800420E-2
2.533872713E0,-9.451782227E0,-2.613838434E0,-4.519202188E-2
2.554272713E0,-9.467473030E0,-2.550823927E0,-1.750778407E-1
2.574412036E0,-9.495729446E0,-2.432217360E0,-2.929549217E-1
2.594681672E0,-9.517155647E0,-2.339763641E0,-3.459054530E-1
2.614951359E0,-9.505264282E0,-2.384661436E0,-3.656707108E-1
2.635220995E0,-9.431744576E0,-2.649484634E0,-4.391005635E-1
2.655490630E0,-9.277060509E0,-3.097865343E0,-7.139719129E-1
2.675760318E0,-9.038921356E0,-3.610863209E0,-1.195804119E0
2.696029953E0,-8.856515884E0,-3.953773022E0,-1.449201584E0
2.716299588E0,-8.784819603E0,-4.085922718E0,-1.517423153E0
2.736569276E0,-8.775450706E0,-4.157456398E0,-1.370184541E0
2.756838911E0,-8.724983215E0,-4.381807804E0,-9.191419482E-1
2.777108599E0,-8.454504967E0,-4.956986904E0,-3.464341462E-1
2.797378234E0,-7.836883068E0,-5.894259453E0,1.065943614E-1
2.817647922E0,-6.798819542E0,-7.054795265E0,4.198766649E-1
2.837917557E0,-5.275179386E0,-8.255123138E0,4.424875379E-1
2.858187245E0,-3.841918230E0,-9.020690918E0,1.928439587E-1
2.878456932E0,-2.948440075E0,-9.352082253E0,-1.250692904E-1
2.898726568E0,-2.543759823E0,-9.440090179E0,-7.644382119E-1
2.918996203E0,-2.015370369E0,-9.497655869E0,-1.379571676E0
2.939265891E0,-1.546120763E0,-9.590755463E0,-1.340635538E0
2.959535578E0,-9.639175534E-1,-9.665115356E0,-1.351595163E0
2.979805266E0,-7.474157810E-1,-9.705123901E0,-1.192613721E0
3.000074901E0,-7.395673990E-1,-9.724534035E0,-1.028034925E0
3.020344588E0,-7.592489123E-1,-9.729041100E0,-9.693802595E-1
3.040614276E0,-7.773588896E-1,-9.727928162E0,-9.661830664E-1
3.060883963E0,-7.674501538E-1,-9.729120255E0,-9.620928764E-1
3.081153599E0,-7.455905080E-1,-9.732591629E0,-9.440031648E-1
3.101423286E0,-7.374950051E-1,-9.734402657E0,-9.316067696E-1
3.121692974E0,-7.404131293E-1,-9.732370377E0,-9.503436089E-1
3.141962661E0,-7.499748468E-1,-9.727642059E0,-9.904069901E-1
3.162232349E0,-7.540150285E-1,-9.721903801E0,-1.042322993E0
3.182502036E0,-7.409968972E-1,-9.718618393E0,-1.081563354E0
3.202771724E0,-7.036582232E-1,-9.719816208E0,-1.095644951E0
3.223041411E0,-6.492694616E-1,-9.724303246E0,-1.089386702E0
3.243311047E0,-6.113687158E-1,-9.729605675E0,-1.063673735E0
3.263580786E0,-5.907236338E-1,-9.733154297E0,-1.042649508E0
3.283850474E0,-5.741786361E-1,-9.733608246E0,-1.047644734E0
3.304120161E0,-5.488901734E-1,-9.733192444E0,-1.064934134E0
3.324389849E0,-5.144607425E-1,-9.735213280E0,-1.063645005E0
3.344659536E0,-4.860247970E-1,-9.741532326E0,-1.018190980E0
3.364929224E0,-4.811546206E-1,-9.750680923E0,-9.290332198E-1
3.385198911E0,-4.936352372E-1,-9.758695602E0,-8.334107995E-1
3.405468651E0,-5.214982033E-1,-9.763938904E0,-7.509488463E-1
3.425738338E0,-5.464293957E-1,-9.768888474E0,-6.637836695E-1
3.446008026E0,-5.683054328E-1,-9.776817322E0,-5.111327767E-1
3.466277713E0,-6.505609155E-1,-9.782496452E0,-2.234207839E-1
3.486547453E0,-8.101297617E-1,-9.771504402E0,1.782670617E-1
3.506947453E0,-1.019880295E0,-9.733081818E0,6.303660870E-1
3.527086828E0,-1.217765093E0,-9.667225838E0,1.110034704E0
3.547356568E0,-1.375790834E0,-9.571277618E0,1.633480430E0
3.567626255E0,-1.544412732E0,-9.448748589E0,2.122814894E0
3.587895943E0,-1.766947269E0,-9.307572365E0,2.533258915E0
3.608165682E0,-2.024033070E0,-9.174061775E0,2.812522173E0
3.628435370E0,-2.335067511E0,-9.061816216E0,2.932804346E0
3.648705109E0,-2.742946148E0,-8.931398392E0,2.979390144E0
3.668974797E0,-3.239387989E0,-8.738380432E0,3.052451372E0
3.689244536E0,-3.734519958E0,-8.479064941E0,3.213908911E0
3.709514224E0,-4.133560181E0,-8.176890373E0,3.496073246E0
3.729783963E0,-4.388597488E0,-7.862459183E0,3.884885311E0
3.750183963E0,-4.494456768E0,-7.590864182E0,4.283577919E0
3.770323391E0,-4.540517807E0,-7.381915569E0,4.589271545E0
3.790593130E0,-4.638607025E0,-7.196331024E0,4.781895638E0
3.810862818E0,-4.768692017E0,-7.004592419E0,4.936157227E0
3.831132557E0,-4.858802319E0,-6.815679073E0,5.109692097E0
3.851532557E0,-4.918695927E0,-6.648141384E0,5.270581722E0
3.871671984E0,-4.990606785E0,-6.521005154E0,5.361038208E0
3.891941724E0,-5.064612389E0,-6.455388546E0,5.371037960E0
3.912211411E0,-5.107935429E0,-6.462799549E0,5.320865154E0
3.932481151E0,-5.124935150E0,-6.524253368E0,5.228722572E0
3.952881151E0,-5.136833668E0,-6.615365505E0,5.101006985E0
3.973020630E0,-5.201110840E0,-6.681150913E0,4.947833538E0
3.993290318E0,-5.095403671E0,-6.840773106E0,4.838500023E0
4.013560057E0,-4.568624973E0,-7.239555836E0,4.784023762E0
4.033829797E0,-4.068389893E0,-7.671156406E0,4.557627201E0
4.054099536E0,-3.766405582E0,-7.994452477E0,4.251271725E0
4.074369276E0,-3.542778492E0,-8.268186569E0,3.905917645E0
4.094639016E0,-3.331094980E0,-8.514555931E0,3.546340227E0
4.114908703E0,-3.107213497E0,-8.757007599E0,3.135351896E0
4.135178443E0,-2.918039799E0,-8.968455315E0,2.687425375E0
4.155578443E0,-2.785692215E0,-9.117688179E0,2.297401905E0
4.175717922E0,-2.635623217E0,-9.222595215E0,2.041478634E0
4.195987661E0,-2.423814535E0,-9.316251755E0,1.871621132E0
4.216257401E0,-2.161277771E0,-9.403583527E0,1.752674937E0
4.236527141E0,-1.853670597E0,-9.485885620E0,1.658988595E0
4.256796828E0,-1.516050935E0,-9.565312386E0,1.541682363E0
4.277066620E0,-1.181484222E0,-9.638428688E0,1.369375706E0
4.297336359E0,-9.203230143E-1,-9.696410179E0,1.141504884E0
4.317606099E0,-7.790131569E-1,-9.739662170E0,8.381552696E-1
4.337875891E0,-7.226995230E-1,-9.770783424E0,4.241307080E-1
4.358145630E0,-7.341492176E-1,-9.779011726E0,-4.851361364E-2
4.378545630E0,-7.933595181E-1,-9.764791489E0,-4.356774390E-1
4.398685109E0,-8.559435606E-1,-9.745166779E0,-6.851807237E-1
4.418954849E0,-8.684958220E-1,-9.731457710E0,-8.454625607E-1
4.439224641E0,-8.069401383E-1,-9.724365234E0,-9.777279496E-1
4.459494380E0,-6.980802417E-1,-9.717467308E0,-1.119785309E0
4.479764120E0,-5.901994109E-1,-9.704985619E0,-1.278792858E0
4.500033859E0,-4.702325463E-1,-9.691529274E0,-1.422506571E0
4.520303651E0,-3.259446323E-1,-9.682481766E0,-1.521086097E0
4.540573391E0,-2.033240944E-1,-9.680571556E0,-1.554213524E0
4.560843130E0,-1.205620840E-1,-9.695217133E0,-1.469220042E0
4.581112922E0,-1.109457761E-1,-9.721265793E0,-1.286496282E0
4.601382661E0,-1.438129097E-1,-9.755846024E0,-9.865007401E-1
4.621652453E0,-2.031718493E-1,-9.789168358E0,-5.489023924E-1
4.641922193E0,-3.811456859E-1,-9.799234390E0,-1.135548949E-2
4.662191932E0,-7.270416617E-1,-9.765003204E0,5.352746844E-1
4.682461724E0,-1.210765243E0,-9.678831100E0,1.012257576E0
4.702731463E0,-1.701229811E0,-9.558431625E0,1.382966757E0
4.723001255E0,-2.093155384E0,-9.438214302E0,1.645965457E0
4.743270995E0,-2.422999382E0,-9.326436043E0,1.821274877E0
4.763540786E0,-2.769716978E0,-9.200057030E0,1.964178085E0
4.783810526E0,-3.134674072E0,-9.034768105E0,2.171900034E0
4.804080318E0,-3.491589785E0,-8.827075958E0,2.462095022E0
4.824350109E0,-3.928962469E0,-8.551480293E0,2.757869244E0
4.844619849E0,-4.445792198E0,-8.190915108E0,3.051921844E0
4.864889588E0,-4.984204769E0,-7.726000786E0,3.411305666E0
4.885159380E0,-5.437901020E0,-7.206138611E0,3.830299616E0
4.905429172E0,-5.651034832E0,-6.801031590E0,4.240539074E0
4.925698911E0,-5.620196342E0,-6.634333134E0,4.535352230E0
4.945968703E0,-5.431581974E0,-6.685966492E0,4.686807156E0
4.966238495E0,-5.142635822E0,-6.864358902E0,4.754394531E0
4.986508234E0,-4.881114960E0,-7.111000061E0,4.666774273E0
5.006778026E0,-4.727323055E0,-7.416785240E0,4.337523937E0
5.027047818E0,-4.585407257E0,-7.777179718E0,3.828825474E0
5.047317557E0,-4.381392479E0,-8.036858559E0,3.518904209E0
5.067587349E0,-4.188117981E0,-8.282727242E0,3.166462183E0
5.087857141E0,-3.995864391E0,-8.584565163E0,2.551214218E0
5.108126932E0,-3.816804647E0,-8.752926826E0,2.233530045E0
5.128396672E0,-3.589771509E0,-8.846897125E0,2.239719868E0
5.148666463E0,-3.278771400E0,-8.945751190E0,2.322409391E0
5.168936255E0,-2.887746334E0,-9.071951866E0,2.351806164E0
5.189205995E0,-2.411796808E0,-9.234984398E0,2.251373768E0
5.209475734E0,-1.959971309E0,-9.382399559E0,2.073520422E0
5.229745578E0,-1.718997359E0,-9.459268570E0,1.933305264E0
5.250145578E0,-1.608949542E0,-9.506072998E0,1.793392420E0
5.270285161E0,-1.469761491E0,-9.563493729E0,1.596804738E0
5.290554953E0,-1.312910676E0,-9.626688957E0,1.331729531E0
5.310824693E0,-1.201003194E0,-9.679859161E0,1.014051795E0
5.331094484E0,-1.128782749E0,-9.719342232E0,6.562134027E-1
5.351494484E0,-1.073186874E0,-9.743118286E0,3.005051613E-1
5.371634068E0,-9.988322854E-1,-9.755620003E0,-2.447860315E-2
5.391903859E0,-8.919636011E-1,-9.761512756E0,-2.960678637E-1
5.412173599E0,-7.932110429E-1,-9.762869835E0,-4.770585597E-1
5.432443391E0,-7.362170815E-1,-9.759468079E0,-6.173818111E-1
5.452843391E0,-7.226374149E-1,-9.749784470E0,-7.680414319E-1
5.472982974E0,-7.107368708E-1,-9.735633850E0,-9.395014644E-1
5.493252766E0,-6.667360663E-1,-9.722053528E0,-1.098872423E0
5.513522557E0,-6.154533029E-1,-9.712244987E0,-1.209917188E0
5.533792349E0,-5.663840175E-1,-9.702754021E0,-1.306196690E0
5.554192349E0,-4.881208539E-1,-9.691008568E0,-1.420032024E0
5.574331880E0,-3.144330978E-1,-9.686140060E0,-1.500069022E0
5.594601672E0,-9.414295107E-2,-9.691684723E0,-1.494249821E0
5.614871463E0,1.230633911E-2,-9.702901840E0,-1.422647715E0
5.635141255E0,-3.343038633E-2,-9.721910477E0,-1.285975218E0
5.655411047E0,-1.128887013E-1,-9.747921944E0,-1.065664530E0
5.675680786E0,-1.615961641E-1,-9.775781631E0,-7.605001926E-1
5.695950578E0,-2.315588892E-1,-9.796051979E0,-3.926039040E-1
5.716220318E0,-3.889756501E-1,-9.798932076E0,2.904727589E-3
5.736490161E0,-6.573278904E-1,-9.776682854E0,3.934184909E-1
5.756890161E0,-1.001383185E0,-9.725111008E0,7.679982185E-1
5.777029745E0,-1.334356070E0,-9.653539658E0,1.095011711E0
5.797299536E0,-1.614754319E0,-9.578600883E0,1.346611738E0
5.817569328E0,-1.852099299E0,-9.510935783E0,1.510699511E0
5.837839068E0,-2.095707893E0,-9.442166328E0,1.619843006E0
5.858108859E0,-2.385044098E0,-9.348171234E0,1.758873463E0
5.878378651E0,-2.673824310E0,-9.209887505E0,2.049152136E0
5.898648443E0,-2.830853224E0,-9.057635307E0,2.473034620E0
5.918918234E0,-2.939455748E0,-8.894661903E0,2.900857687E0
5.939188026E0,-3.259685993E0,-8.676428795E0,3.203812599E0
5.959457818E0,-3.863504410E0,-8.372374535E0,3.338721991E0
5.979727557E0,-4.444911480E0,-8.023121834E0,3.470254660E0
5.999997349E0,-4.772267818E0,-7.708720207E0,3.737843037E0
6.020267141E0,-4.856115818E0,-7.501545906E0,4.039226055E0
6.040536932E0,-4.820094109E0,-7.404538631E0,4.255571365E0
6.060806672E0,-4.696228981E0,-7.403067112E0,4.394361019E0
6.081076463E0,-4.503876686E0,-7.492395401E0,4.444040775E0
6.101346255E0,-4.313097477E0,-7.671415329E0,4.326310635E0
6.121616047E0,-4.178238392E0,-7.919491768E0,3.999294758E0
6.141885786E0,-4.132687569E0,-8.133086205E0,3.597801208E0
6.162155578E0,-4.063863754E0,-8.357440948E0,3.131865978E0
6.182425370E0,-3.888920784E0,-8.639883995E0,2.529642105E0
6.202695161E0,-3.674682379E0,-8.836530685E0,2.140750408E0
6.222964901E0,-3.413049698E0,-8.947003365E0,2.114858866E0
6.243234693E0,-3.087374210E0,-9.041747093E0,2.210274935E0
6.263504484E0,-2.701944590E0,-9.152321815E0,2.259401798E0
6.283774224E0,-2.254170656E0,-9.291291237E0,2.181977272E0
6.304044016E0,-1.800908089E0,-9.425350189E0,2.022347689E0
6.324313755E0,-1.479841948E0,-9.513316154E0,1.864745021E0
6.344583547E0,-1.299107909E0,-9.568939209E0,1.708240271E0
6.364853338E0,-1.136804581E0,-9.624464989E0,1.499238014E0
6.385123078E0,-9.823458195E-1,-9.681209564E0,1.216376066E0
6.405392870E0,-8.627163172E-1,-9.728551865E0,8.839656711E-1
6.425662661E0,-7.829225063E-1,-9.760636330E0,5.360966921E-1
6.445932401E0,-7.173680663E-1,-9.778128624E0,2.097233981E-1
6.466202193E0,-6.322205067E-1,-9.785995483E0,-7.048688084E-2
6.486471932E0,-5.387881994E-1,-9.786331177E0,-3.283473849E-1
6.506741724E0,-4.858549237E-1,-9.776806831E0,-5.902405977E-1
6.527011463E0,-4.913749695E-1,-9.759613037E0,-8.239495754E-1
6.547411463E0,-5.103443265E-1,-9.741905212E0,-1.002609491E0
6.567550995E0,-5.017808080E-1,-9.726039886E0,-1.150111198E0
6.587820786E0,-4.703379571E-1,-9.711066246E0,-1.282328725E0
6.608090526E0,-4.416193366E-1,-9.699038506E0,-1.379861474E0
6.628360318E0,-4.330579937E-1,-9.689564705E0,-1.447475553E0
6.648630057E0,-4.273784757E-1,-9.681832314E0,-1.499952912E0
6.668899849E0,-3.738883436E-1,-9.676080704E0,-1.550508261E0
6.689169588E0,-2.462417930E-1,-9.672122002E0,-1.599937558E0
6.709439328E0,-9.326141328E-2,-9.668373108E0,-1.638370872E0
6.729709068E0,3.214992583E-2,-9.674042702E0,-1.606938958E0
6.750109068E0,6.747136265E-2,-9.690855980E0,-1.501048207E0
6.770248599E0,3.142382950E-2,-9.717144012E0,-1.321557641E0
6.790518338E0,-3.065198893E-3,-9.749194145E0,-1.059992313E0
6.810788130E0,-7.735931128E-2,-9.780243874E0,-7.150018215E-1
6.831057870E0,-2.285618931E-1,-9.799436569E0,-2.986318469E-1
6.851457870E0,-4.729341865E-1,-9.793829918E0,1.661507040E-1
6.871597349E0,-8.140023351E-1,-9.751129150E0,6.505928040E-1
6.891867141E0,-1.225917101E0,-9.664075851E0,1.128333330E0
6.912136880E0,-1.652433872E0,-9.550853729E0,1.490321994E0
6.932406620E0,-2.061377764E0,-9.439523697E0,1.678244472E0
6.952806620E0,-2.422208786E0,-9.342959404E0,1.735626221E0
6.972946099E0,-2.726802349E0,-9.252345085E0,1.768906116E0
6.993215891E0,-3.015784979E0,-9.129249573E0,1.931900859E0
7.013485630E0,-3.274607182E0,-8.962623596E0,2.262457371E0
7.033755370E0,-3.512377024E0,-8.761126518E0,2.660126686E0
7.054025109E0,-3.798887491E0,-8.514662743E0,3.039632082E0
7.074294849E0,-4.185429573E0,-8.212755203E0,3.347123384E0
7.094564588E0,-4.600827217E0,-7.871220589E0,3.612015486E0
7.114834328E0,-4.877337456E0,-7.560354233E0,3.901667595E0
7.135104068E0,-4.985994816E0,-7.341539860E0,4.172773838E0
7.155373807E0,-4.998477936E0,-7.222619534E0,4.361120701E0
7.175643547E0,-4.958900452E0,-7.177691460E0,4.478889465E0
7.195913234E0,-4.865330696E0,-7.203682423E0,4.539371014E0
7.216182974E0,-4.722375393E0,-7.300305843E0,4.535978794E0
7.236452713E0,-4.574059010E0,-7.470118523E0,4.409729481E0
7.256722453E0,-4.492822647E0,-7.673175812E0,4.136098862E0
7.276992193E0,-4.543787956E0,-7.829031944E0,3.772350788E0
7.297261880E0,-4.433713436E0,-8.096178055E0,3.311263800E0
7.317531620E0,-4.139789104E0,-8.445365906E0,2.776387215E0
7.337801359E0,-3.827955246E0,-8.688248634E0,2.455904484E0
7.358071099E0,-3.467222452E0,-8.838409424E0,2.455865145E0
7.378340786E0,-3.033936024E0,-8.958057404E0,2.592069149E0
7.398610526E0,-2.544083118E0,-9.086294174E0,2.671568155E0
7.418880266E0,-2.082239389E0,-9.243588448E0,2.527988672E0
7.439149901E0,-1.744034529E0,-9.386781693E0,2.239878178E0
7.459419693E0,-1.539653182E0,-9.483796120E0,1.964037657E0
7.479689380E0,-1.368383884E0,-9.557014465E0,1.720867753E0
7.499959120E0,-1.172649741E0,-9.621544838E0,1.490349412E0
7.520228859E0,-9.827306867E-1,-9.676290512E0,1.254599214E0
7.540498547E0,-8.382030725E-1,-9.718436241E0,1.009847760E0
7.560768286E0,-7.413209677E-1,-9.748337746E0,7.685911655E-1
7.581037974E0,-6.727015376E-1,-9.769336700E0,5.271927118E-1
7.601307713E0,-6.133815050E-1,-9.784080505E0,2.567475736E-1
7.621577401E0,-5.578907132E-1,-9.790546417E0,-6.594587862E-2
7.641847088E0,-5.006043315E-1,-9.785861015E0,-3.958545625E-1
7.662116828E0,-4.444439709E-1,-9.775906563E0,-6.360079646E-1
7.682386463E0,-4.096014798E-1,-9.766627312E0,-7.846083045E-1
7.702656255E0,-3.974488378E-1,-9.753610611E0,-9.378185868E-1
7.722925943E0,-3.925439119E-1,-9.736388206E0,-1.104099274E0
7.743195630E0,-3.831632733E-1,-9.721805573E0,-1.228851318E0
7.763465370E0,-3.610063195E-1,-9.713318825E0,-1.300573230E0
7.783735057E0,-2.894861698E-1,-9.707850456E0,-1.358016372E0
7.804004745E0,-1.647253633E-1,-9.698534012E0,-1.442808032E0
7.824274432E0,-1.740454882E-2,-9.683258057E0,-1.550673604E0
7.844544172E0,1.146056950E-1,-9.664291382E0,-1.660945058E0
7.864813859E0,2.299991250E-1,-9.655123711E0,-1.701785803E0
7.885083547E0,2.749048769E-1,-9.666038513E0,-1.631723523E0
7.905353234E0,2.773843706E-1,-9.692461967E0,-1.466156483E0
7.925622922E0,2.782365382E-1,-9.723724365E0,-1.241842508E0
7.945892609E0,2.271275222E-1,-9.755869865E0,-9.704654217E-1
7.966162297E0,8.718749881E-2,-9.785316467E0,-6.405865550E-1
7.986431984E0,-1.530926079E-1,-9.801902771E0,-2.639105618E-1
8.006701672E0,-4.789324701E-1,-9.793676376E0,1.578543782E-1
8.026971359E0,-8.625258803E-1,-9.748076439E0,6.335811615E-1
8.047241047E0,-1.260491848E0,-9.665936470E0,1.072949767E0
8.067510734E0,-1.625582576E0,-9.570680618E0,1.389225006E0
8.087780422E0,-1.957248092E0,-9.485169411E0,1.539844036E0
8.108050109E0,-2.274783850E0,-9.412696838E0,1.548185229E0
8.128319745E0,-2.623376369E0,-9.319688797E0,1.559381127E0
8.148589432E0,-2.994825125E0,-9.174415588E0,1.741122007E0
8.168859120E0,-3.345699072E0,-8.988461494E0,2.045545340E0
8.189128807E0,-3.751749516E0,-8.748260498E0,2.358539581E0
8.209398495E0,-4.246775627E0,-8.443278313E0,2.616549969E0
8.229668130E0,-4.711197853E0,-8.106547356E0,2.873829126E0
8.250068130E0,-5.054219723E0,-7.781890392E0,3.172920942E0
8.270207505E0,-5.238308430E0,-7.530117512E0,3.468117952E0
8.290477141E0,-5.304151058E0,-7.365280151E0,3.713356972E0
8.310746828E0,-5.292965412E0,-7.269730568E0,3.912277699E0
8.331016516E0,-5.210359573E0,-7.238352776E0,4.077840328E0
8.351416516E0,-5.058949947E0,-7.289486408E0,4.176218033E0
8.371555838E0,-4.872371674E0,-7.433585167E0,4.143933773E0
8.391825526E0,-4.676628590E0,-7.663411140E0,3.946092844E0
8.412095161E0,-4.506863117E0,-7.907571793E0,3.650874853E0
8.432364849E0,-4.381385326E0,-8.128440857E0,3.301861763E0
8.452764849E0,-4.238878250E0,-8.414570808E0,2.719799280E0
8.472904172E0,-4.050153732E0,-8.670558929E0,2.141971111E0
8.493173859E0,-3.808824778E0,-8.824329376E0,1.947931290E0
8.513443547E0,-3.464475155E0,-8.950838089E0,2.012533903E0
8.533713182E0,-3.009729624E0,-9.086366653E0,2.133040190E0
8.554113182E0,-2.470231533E0,-9.243888855E0,2.149152994E0
8.574252505E0,-1.942468047E0,-9.407042503E0,1.976045251E0
8.594522193E0,-1.543274403E0,-9.526553154E0,1.741688490E0
8.614791880E0,-1.354133606E0,-9.586808205E0,1.558784723E0
8.635061516E0,-1.236426115E0,-9.631808281E0,1.367442250E0
8.655331151E0,-1.106060863E0,-9.676426888E0,1.146211863E0
8.675600838E0,-9.863310456E-1,-9.715567589E0,8.973713517E-1
8.695870526E0,-8.901446462E-1,-9.745426178E0,6.361553669E-1
8.716140161E0,-8.014555573E-1,-9.766883850E0,3.688367307E-1
8.736409849E0,-6.945489645E-1,-9.781298637E0,1.191543564E-1
8.756679484E0,-5.602847934E-1,-9.790098190E0,-1.021660939E-1
8.776949120E0,-4.412488341E-1,-9.791138649E0,-3.306169510E-1
8.797218807E0,-3.730696142E-1,-9.782601357E0,-5.761258602E-1
8.817488443E0,-3.456794322E-1,-9.769880295E0,-7.748104930E-1
8.837758130E0,-3.359455168E-1,-9.758186340E0,-9.139679074E-1
8.858027766E0,-3.292001784E-1,-9.744319916E0,-1.053680778E0
8.878297401E0,-3.097313643E-1,-9.726258278E0,-1.214224815E0
8.898567088E0,-2.793913782E-1,-9.707661629E0,-1.361474872E0
8.918836724E0,-2.348980308E-1,-9.691894531E0,-1.477290630E0
8.939106359E0,-1.638981849E-1,-9.678944588E0,-1.568931580E0
8.959376047E0,-5.174785107E-2,-9.668661118E0,-1.638509631E0
8.979645682E0,9.546938539E-2,-9.659010887E0,-1.692561507E0
8.999915318E0,2.513606846E-1,-9.646924973E0,-1.744721413E0
9.020184953E0,3.838146627E-1,-9.632150650E0,-1.801319838E0
9.040454641E0,4.726822972E-1,-9.620903015E0,-1.839885354E0
9.060724276E0,5.306582451E-1,-9.627196312E0,-1.790496707E0
9.080993911E0,5.494575500E-1,-9.648900986E0,-1.663491368E0
9.101263547E0,5.554695725E-1,-9.676978111E0,-1.489272118E0
9.121533182E0,5.253388286E-1,-9.710283279E0,-1.266809344E0
9.141802818E0,4.059561193E-1,-9.747550964E0,-9.954038262E-1
9.162072453E0,1.931836903E-1,-9.780324936E0,-6.916006804E-1
9.182342088E0,-1.097020432E-1,-9.800474167E0,-3.302203715E-1
9.202611724E0,-4.905741811E-1,-9.793354034E0,1.411532313E-1
9.222881411E0,-9.051733017E-1,-9.740511894E0,6.880978942E-1
9.243151047E0,-1.310578108E0,-9.646633148E0,1.181207418E0
9.263420630E0,-1.679804802E0,-9.543399811E0,1.507375240E0
9.283690318E0,-2.001654148E0,-9.460131645E0,1.633914590E0
9.303959953E0,-2.281046152E0,-9.397903442E0,1.626844883E0
9.324229588E0,-2.532841921E0,-9.332820892E0,1.628972530E0
9.344499224E0,-2.791661501E0,-9.212999344E0,1.870201468E0
9.364768859E0,-3.059973717E0,-9.028781891E0,2.299579620E0
9.385038495E0,-3.423696518E0,-8.776579857E0,2.724026442E0
9.405308130E0,-3.947416067E0,-8.461878777E0,2.997481108E0
9.425577713E0,-4.491482258E0,-8.131250381E0,3.143205166E0
9.445847349E0,-4.885408401E0,-7.836094856E0,3.301332474E0
9.466116984E0,-5.081871986E0,-7.617538452E0,3.509710312E0
9.486386620E0,-5.155349731E0,-7.471580982E0,3.710557938E0
9.506656255E0,-5.156463146E0,-7.378397465E0,3.891083717E0
9.526925891E0,-5.083495617E0,-7.351335526E0,4.035632133E0
9.547195474E0,-4.940558434E0,-7.410943031E0,4.103560448E0
9.567465109E0,-4.741550446E0,-7.549744606E0,4.085271358E0
9.587734745E0,-4.555844307E0,-7.719265461E0,3.978393555E0
9.608004380E0,-4.467826843E0,-7.861150742E0,3.796210766E0
9.628273963E0,-4.341586113E0,-8.091431618E0,3.442350149E0
9.648543599E0,-4.022635937E0,-8.474315643E0,2.859151840E0
9.668813234E0,-3.703715324E0,-8.791882515E0,2.270612955E0
9.689082818E0,-3.465374231E0,-8.963322639E0,1.954585910E0
9.709352453E0,-3.224289417E0,-9.061650276E0,1.913330913E0
9.729622088E0,-2.917519808E0,-9.158840179E0,1.942704082E0
9.750022088E0,-2.531291485E0,-9.279923439E0,1.909444332E0
9.770161307E0,-2.109554768E0,-9.408733368E0,1.787708282E0
9.790430943E0,-1.717891216E0,-9.518884659E0,1.615566969E0
9.810700578E0,-1.448830962E0,-9.590379715E0,1.447715044E0
9.830970161E0,-1.283060193E0,-9.641990662E0,1.247459531E0
9.851370161E0,-1.124715567E0,-9.695775032E0,9.472804070E-1
9.871509380E0,-9.742130637E-1,-9.739810944E0,5.978156924E-1
9.891779016E0,-8.410111070E-1,-9.767023087E0,2.614620328E-1
9.912048599E0,-7.130148411E-1,-9.780590057E0,-4.538834468E-2
9.932318234E0,-5.951994061E-1,-9.783250809E0,-3.226971030E-1
9.952718234E0,-4.956161082E-1,-9.778857231E0,-5.465303659E-1
9.972857453E0,-4.056613445E-1,-9.772490501E0,-7.101148367E-1
9.993127036E0,-3.418109119E-1,-9.759568214E0,-8.968704343E-1
1.001339667E1,-3.217853606E-1,-9.734176636E0,-1.145708203E0
1.003366626E1,-3.060891330E-1,-9.710776329E0,-1.333238125E0
1.005393584E1,-2.919290066E-1,-9.695882797E0,-1.440494180E0
1.007420542E1,-2.679637671E-1,-9.684448242E0,-1.519878983E0
1.009447506E1,-2.136768550E-1,-9.677541733E0,-1.571597219E0
1.011474464E1,-1.551744193E-1,-9.671556473E0,-1.614718676E0
1.013501422E1,-9.583399445E-2,-9.665792465E0,-1.653379798E0
1.015528386E1,-9.777719155E-3,-9.660595894E0,-1.686175227E0
1.017555344E1,1.165155917E-1,-9.654212952E0,-1.718426466E0
1.019582303E1,2.815852463E-1,-9.644147873E0,-1.755426049E0
1.021609261E1,4.609233141E-1,-9.630330086E0,-1.792950749E0
1.023636224E1,6.169101000E-1,-9.612301826E0,-1.842136741E0
1.025676225E1,7.946302891E-1,-9.600487709E0,-1.835644007E0
1.027690141E1,9.249482155E-1,-9.607525826E0,-1.735023618E0
1.029717100E1,9.808617234E-1,-9.630967140E0,-1.566131949E0
1.031744058E1,9.440280795E-1,-9.663710594E0,-1.375465035E0
1.033771016E1,8.344690800E-1,-9.703277588E0,-1.149108648E0
1.035797980E1,6.492269039E-1,-9.745733261E0,-8.772527575E-1
1.037824938E1,3.913252652E-1,-9.782881737E0,-5.589914918E-1
1.039851891E1,9.910061210E-2,-9.804428101E0,-1.837560385E-1
1.041878850E1,-2.061664462E-1,-9.802597046E0,1.922871023E-1
1.043905813E1,-5.197763443E-1,-9.780659676E0,4.887858033E-1
1.045932771E1,-8.557717800E-1,-9.746006966E0,6.733391881E-1
1.047959730E1,-1.196056962E0,-9.702640533E0,7.737079859E-1
1.049986688E1,-1.502520800E0,-9.655353546E0,8.288207054E-1
1.052013646E1,-1.732597589E0,-9.612112045E0,8.807953596E-1
1.054040605E1,-1.879048586E0,-9.575356483E0,9.757543802E-1
1.056067558E1,-1.978569508E0,-9.537452698E0,1.136948943E0
1.058094516E1,-2.043085814E0,-9.498013496E0,1.335634470E0
1.060121474E1,-2.074773788E0,-9.463833809E0,1.517082691E0
1.062148433E1,-2.100027084E0,-9.437545776E0,1.641036868E0
1.064175391E1,-2.157932281E0,-9.413809776E0,1.701143503E0
1.066202350E1,-2.298276424E0,-9.376957893E0,1.720752120E0
1.068229303E1,-2.496737480E0,-9.322932243E0,1.737707257E0
1.070256261E1,-2.688861132E0,-9.260040283E0,1.786638737E0
1.072283219E1,-2.845533133E0,-9.199502945E0,1.855394244E0
1.074310178E1,-2.953466892E0,-9.154785156E0,1.907178998E0
1.076337131E1,-2.999463081E0,-9.137252808E0,1.919432044E0
1.078364089E1,-2.990532160E0,-9.148117065E0,1.881241083E0
1.080391047E1,-2.934226036E0,-9.183574677E0,1.795179248E0
1.082418000E1,-2.823240519E0,-9.242356300E0,1.666897893E0
1.084444954E1,-2.666259766E0,-9.314897537E0,1.514640331E0
1.086471912E1,-2.458001375E0,-9.393666267E0,1.373916149E0
1.088498870E1,-2.211044312E0,-9.470369339E0,1.262444615E0
1.090525829E1,-2.018322229E0,-9.524560928E0,1.174517632E0
1.092552782E1,-2.057511330E0,-9.532558441E0,1.033131599E0
1.094579740E1,-2.300870895E0,-9.501763344E0,7.699791789E-1
1.096606693E1,-2.563282251E0,-9.454030991E0,4.704193771E-1
1.098633652E1,-2.717423677E0,-9.417795181E0,3.018633127E-1
1.100660605E1,-2.722345591E0,-9.412756920E0,3.990522623E-1
1.102687558E1,-2.655322552E0,-9.417178154E0,6.605973244E-1
1.104727558E1,-2.576628447E0,-9.420231819E0,8.891502619E-1
1.106741464E1,-2.499758720E0,-9.432998657E0,9.696005583E-1
1.108768428E1,-2.407093048E0,-9.465375900E0,8.848442435E-1
1.110795381E1,-2.234370947E0,-9.528690338E0,6.180848479E-1
1.112822334E1,-1.983388066E0,-9.598728180E0,3.177913725E-1
1.114849292E1,-1.856993794E0,-9.628526688E0,1.159877107E-1
1.116876245E1,-1.796288610E0,-9.640291214E0,-9.227769822E-2
1.118903198E1,-1.726878643E0,-9.646588326E0,-3.627924919E-1
1.120930152E1,-1.663513422E0,-9.639937401E0,-6.889931560E-1
1.122957110E1,-1.629230738E0,-9.615765572E0,-1.026191354E0
1.124997110E1,-1.635617375E0,-9.581374168E0,-1.300924063E0
1.127011021E1,-1.631117702E0,-9.555501938E0,-1.483985901E0
1.129037969E1,-1.521658778E0,-9.549186707E0,-1.633398056E0
1.131064922E1,-1.326620460E0,-9.552328110E0,-1.778622150E0
1.133091876E1,-1.134843946E0,-9.549641609E0,-1.920121551E0
1.135131876E1,-9.835385680E-1,-9.536810875E0,-2.062104225E0
1.137145782E1,-8.734673858E-1,-9.518768311E0,-2.191001892E0
1.139172735E1,-7.588887215E-1,-9.500323296E0,-2.310481310E0
1.141199688E1,-6.498034000E-1,-9.482963562E0,-2.412789583E0
1.143226641E1,-6.058987379E-1,-9.471420288E0,-2.468904495E0
1.145266641E1,-5.612813830E-1,-9.455092430E0,-2.540980339E0
1.147280547E1,-4.599738121E-1,-9.430827141E0,-2.649208546E0
1.149307495E1,-3.722159266E-1,-9.422273636E0,-2.693065643E0
1.151334454E1,-3.591036201E-1,-9.440506935E0,-2.630259037E0
1.153361407E1,-4.556345642E-1,-9.479579926E0,-2.469890833E0
1.155401407E1,-6.249399781E-1,-9.528547287E0,-2.233073950E0
1.157415308E1,-7.697166800E-1,-9.590487480E0,-1.897495031E0
1.159442261E1,-8.901704550E-1,-9.667653084E0,-1.383637190E0
1.161469214E1,-1.064769149E0,-9.720922470E0,-7.350654006E-1
1.163496167E1,-1.313130021E0,-9.717412949E0,-1.340578049E-1
1.165523120E1,-1.576841593E0,-9.673516273E0,3.271631300E-1
1.167550068E1,-1.748598456E0,-9.626935959E0,6.594654918E-1
1.169577021E1,-1.802253127E0,-9.595246315E0,9.238634706E-1
1.171603975E1,-1.854995728E0,-9.556768417E0,1.182186484E0
1.173630922E1,-1.991051912E0,-9.491192818E0,1.457174540E0
1.175657876E1,-2.253895998E0,-9.386386871E0,1.728032947E0
1.177684823E1,-2.575077534E0,-9.261798859E0,1.938667774E0
1.179711777E1,-2.889248371E0,-9.141988754E0,2.060744286E0
1.181738724E1,-3.161033154E0,-9.044265747E0,2.092730761E0
1.183765678E1,-3.371176481E0,-8.983273506E0,2.026416302E0
1.185792626E1,-3.500401974E0,-8.964920044E0,1.883558154E0
1.187819573E1,-3.527770519E0,-8.987669945E0,1.716685534E0
1.189846527E1,-3.448910475E0,-9.041760445E0,1.588073373E0
1.191873474E1,-3.261804819E0,-9.122440338E0,1.520559072E0
1.193900428E1,-2.973315001E0,-9.224421501E0,1.496614695E0
1.195927376E1,-2.730991602E0,-9.312170982E0,1.412641168E0
1.197954323E1,-2.778362513E0,-9.339026451E0,1.110709786E0
1.199981271E1,-2.991763830E0,-9.310528755E0,7.306171656E-1
1.202008225E1,-3.143940210E0,-9.272294998E0,5.572830439E-1
1.204035172E1,-3.032724142E0,-9.299329758E0,7.038713694E-1
1.206062120E1,-2.737415075E0,-9.363113403E0,1.004513264E0
1.208089068E1,-2.475108624E0,-9.415088654E0,1.183358192E0
1.210116011E1,-2.325968027E0,-9.451931000E0,1.192166924E0
1.212142969E1,-2.193437576E0,-9.497361183E0,1.076733708E0
1.214169917E1,-2.012309074E0,-9.558554649E0,8.689242601E-1
1.216196865E1,-1.772609830E0,-9.624698639E0,6.272325516E-1
1.218223813E1,-1.543072701E0,-9.675926208E0,4.071350396E-1
1.220250761E1,-1.398822665E0,-9.704784393E0,1.756186634E-1
1.222277709E1,-1.348458409E0,-9.712942123E0,-1.039762795E-1
1.224304657E1,-1.345129848E0,-9.705401421E0,-4.076759517E-1
1.226331605E1,-1.359064817E0,-9.690388680E0,-6.478419900E-1
1.228358553E1,-1.360018134E0,-9.678787231E0,-8.011340499E-1
1.230385500E1,-1.320759892E0,-9.675022125E0,-9.054988027E-1
1.232412443E1,-1.241503000E0,-9.673399925E0,-1.026830435E0
1.234439391E1,-1.137298822E0,-9.659974098E0,-1.249734640E0
1.236466339E1,-1.044529080E0,-9.627053261E0,-1.548927188E0
1.238493287E1,-1.023395300E0,-9.593603134E0,-1.756651521E0
1.240520235E1,-1.020341992E0,-9.575561523E0,-1.854157925E0
1.242547183E1,-9.480295181E-1,-9.567813873E0,-1.930952311E0
1.244574131E1,-8.395991921E-1,-9.563204765E0,-2.002642393E0
1.246601079E1,-7.279360890E-1,-9.562796593E0,-2.047784328E0
1.248628021E1,-6.211306453E-1,-9.563968658E0,-2.077280283E0
1.250668021E1,-5.288143158E-1,-9.568169594E0,-2.083475828E0
1.252681917E1,-4.581931829E-1,-9.583628654E0,-2.028424740E0
1.254708860E1,-4.230031073E-1,-9.610970497E0,-1.902816415E0
1.256735808E1,-4.362762272E-1,-9.633131981E0,-1.784043908E0
1.258762756E1,-4.738528430E-1,-9.654472351E0,-1.654392600E0
1.260789698E1,-5.342676640E-1,-9.689315796E0,-1.414958477E0
1.262816641E1,-6.219010353E-1,-9.727287292E0,-1.078667998E0
1.264843589E1,-7.193256617E-1,-9.756591797E0,-6.796019077E-1
1.266870537E1,-8.547576666E-1,-9.767518997E0,-1.880502552E-1
1.268897480E1,-1.041199923E0,-9.743581772E0,3.858749270E-1
1.270924422E1,-1.259027481E0,-9.677975655E0,9.602224231E-1
1.272951370E1,-1.511097074E0,-9.584074020E0,1.425656557E0
1.274991370E1,-1.792840838E0,-9.488292694E0,1.711257696E0
1.277005256E1,-2.069747686E0,-9.407492638E0,1.840001464E0
1.279032204E1,-2.354236126E0,-9.327531815E0,1.903970480E0
1.281059146E1,-2.685369492E0,-9.212311745E0,2.022984982E0
1.283086089E1,-3.043066263E0,-9.038967133E0,2.281928539E0
1.285126089E1,-3.398156166E0,-8.802606583E0,2.671526432E0
1.287139975E1,-3.767489910E0,-8.513223648E0,3.082441568E0
1.289166922E1,-4.161286354E0,-8.191041946E0,3.429419041E0
1.291193865E1,-4.536572456E0,-7.855315685E0,3.726111889E0
1.293220808E1,-4.810886860E0,-7.550302982E0,4.002333641E0
1.295260808E1,-4.917182446E0,-7.342167854E0,4.252562046E0
1.297274693E1,-4.877821922E0,-7.267041206E0,4.423500538E0
1.299301636E1,-4.742019653E0,-7.303277969E0,4.510628223E0
1.301328579E1,-4.509482384E0,-7.420166969E0,4.558078289E0
1.303355521E1,-4.247498512E0,-7.612809658E0,4.491577625E0
1.305382464E1,-4.026648998E0,-7.876534939E0,4.232809544E0
1.307409407E1,-3.841727257E0,-8.160308838E0,3.849790096E0
1.309436344E1,-3.537023067E0,-8.518954277E0,3.329756260E0
1.311463292E1,-3.203675747E0,-8.889713287E0,2.622945070E0
1.313490235E1,-3.050813198E0,-9.077310562E0,2.113136530E0
1.315517172E1,-2.937249422E0,-9.139799118E0,2.001755238E0
1.317544115E1,-2.680151224E0,-9.210490227E0,2.038148403E0
1.319571058E1,-2.297724485E0,-9.297656059E0,2.108182192E0
1.321598000E1,-1.826581001E0,-9.396756172E0,2.129547358E0
1.323624943E1,-1.335777760E0,-9.500253677E0,2.032549620E0
1.325651881E1,-9.372052550E-1,-9.587464333E0,1.836455345E0
1.327678823E1,-7.178370357E-1,-9.647767067E0,1.604891896E0
1.329705766E1,-5.805575848E-1,-9.700446129E0,1.317077398E0
1.331732709E1,-4.502911866E-1,-9.748198509E0,9.696704745E-1
1.333759646E1,-3.582592905E-1,-9.780337334E0,6.221293807E-1
1.335786589E1,-3.378846645E-1,-9.795619965E0,3.194626570E-1
1.337813527E1,-3.453173339E-1,-9.800468445E0,4.442065582E-2
1.339840469E1,-3.254674375E-1,-9.798506737E0,-2.317633629E-1
1.341867412E1,-2.595922649E-1,-9.788722992E0,-5.328280926E-1
1.343894350E1,-1.702452004E-1,-9.770387650E0,-8.251764774E-1
1.345921292E1,-9.564122558E-2,-9.752264023E0,-1.026934862E0
1.347948230E1,-5.877970532E-2,-9.737610817E0,-1.160114884E0
1.349975172E1,-5.364841595E-2,-9.723052025E0,-1.276626706E0
1.352002110E1,-6.079554185E-2,-9.706315041E0,-1.397907376E0
1.354029053E1,-3.875004500E-2,-9.689970970E0,-1.507764697E0
1.356055990E1,3.212029859E-2,-9.677207947E0,-1.587772250E0
1.358082928E1,1.548287868E-1,-9.668910027E0,-1.630518079E0
1.360109870E1,2.884689569E-1,-9.663301468E0,-1.645534277E0
1.362136808E1,3.806454241E-1,-9.657870293E0,-1.658622146E0
1.364163745E1,4.331652522E-1,-9.661514282E0,-1.624161601E0
1.366190683E1,4.113027155E-1,-9.683336258E0,-1.494726539E0
1.368217626E1,3.601513207E-1,-9.719052315E0,-1.257256627E0
1.370244563E1,3.136558235E-1,-9.757603645E0,-9.279954433E-1
1.372271501E1,2.258754224E-1,-9.789349556E0,-5.366485715E-1
1.374298438E1,3.748885170E-2,-9.806121826E0,-9.458877891E-2
1.376325376E1,-2.678600848E-1,-9.795324326E0,3.876156509E-1
1.378352318E1,-6.492685676E-1,-9.742039680E0,9.173383713E-1
1.380379256E1,-1.019558787E0,-9.646725655E0,1.439293027E0
1.382406193E1,-1.354788899E0,-9.534812927E0,1.849936724E0
1.384433131E1,-1.673433542E0,-9.432362556E0,2.097746372E0
1.386460068E1,-2.008862257E0,-9.346896172E0,2.184125185E0
1.388487006E1,-2.442811489E0,-9.234931946E0,2.217901230E0
1.390513943E1,-2.947463989E0,-9.051904678E0,2.354964018E0
1.392540881E1,-3.326203346E0,-8.831411362E0,2.667011023E0
1.394567818E1,-3.589323521E0,-8.587327957E0,3.089486837E0
1.396594756E1,-3.888534784E0,-8.292226791E0,3.505518913E0
1.398621693E1,-4.289162636E0,-7.935310364E0,3.847638369E0
1.400648626E1,-4.673396111E0,-7.565153122E0,4.134997845E0
1.402675563E1,-4.869233131E0,-7.281497955E0,4.409164429E0
1.404702500E1,-4.871204853E0,-7.160452843E0,4.601051331E0
1.406729438E1,-4.772390366E0,-7.176331520E0,4.679201126E0
1.408756376E1,-4.613196373E0,-7.281398773E0,4.676541328E0
1.410783308E1,-4.436059952E0,-7.458680153E0,4.567257881E0
1.412810245E1,-4.268273354E0,-7.713435173E0,4.295946121E0
1.414837183E1,-4.135214806E0,-7.996568203E0,3.889125109E0
1.416864120E1,-3.969525099E0,-8.324672699E0,3.333629370E0
1.418891053E1,-3.821442366E0,-8.647087097E0,2.606693983E0
1.420917990E1,-3.773250580E0,-8.813193321E0,2.064119339E0
1.422944922E1,-3.645208359E0,-8.885256767E0,1.983697057E0
1.424984922E1,-3.323320866E0,-8.975258827E0,2.137913704E0
1.426998792E1,-2.859613895E0,-9.088269234E0,2.323007584E0
1.429025730E1,-2.309841871E0,-9.224887848E0,2.395089388E0
1.431052662E1,-1.772570252E0,-9.366917610E0,2.299831390E0
1.433079600E1,-1.337592602E0,-9.494062424E0,2.060099125E0
1.435119600E1,-1.073698878E0,-9.583028793E0,1.784126878E0
1.437133469E1,-9.441856146E-1,-9.638677597E0,1.541036367E0
1.439160402E1,-8.127205968E-1,-9.686778069E0,1.294685006E0
1.441187339E1,-6.680343747E-1,-9.730252266E0,1.022900701E0
1.443214271E1,-5.675460100E-1,-9.762171745E0,7.404665351E-1
1.445254271E1,-5.203590989E-1,-9.782299995E0,4.541046023E-1
1.447268141E1,-4.819374084E-1,-9.793550491E0,1.564872414E-1
1.449295073E1,-4.242202342E-1,-9.796040535E0,-1.674043685E-1
1.451322011E1,-3.526758850E-1,-9.789787292E0,-4.539638162E-1
1.453362011E1,-2.745906115E-1,-9.782282829E0,-6.339815855E-1
1.455391667E1,-1.986804903E-1,-9.775304794E0,-7.578405738E-1
1.457402865E1,-1.550070941E-1,-9.762351990E0,-9.180536866E-1
1.459429787E1,-1.360318363E-1,-9.740900993E0,-1.125491858E0
1.461469787E1,-9.506468475E-2,-9.720711708E0,-1.291943312E0
1.463483646E1,-2.462689579E-2,-9.709489822E0,-1.376805663E0
1.465510568E1,5.982337147E-2,-9.703134537E0,-1.419857383E0
1.467537495E1,1.519636214E-1,-9.698554993E0,-1.444064140E0
1.469564422E1,2.270366549E-1,-9.692584991E0,-1.473984480E0
1.471591350E1,2.581109405E-1,-9.681882858E0,-1.537832737E0
1.473618277E1,3.142234087E-1,-9.674180984E0,-1.575396419E0
1.475658277E1,3.668857217E-1,-9.682040215E0,-1.514556289E0
1.477672141E1,3.672080636E-1,-9.708130836E0,-1.337068319E0
1.479699073E1,3.320297301E-1,-9.741350174E0,-1.079931498E0
1.481726001E1,2.680353820E-1,-9.770818710E0,-7.935051918E-1
1.483752938E1,1.188042983E-1,-9.794042587E0,-4.827034771E-1
1.485779870E1,-1.283845305E-1,-9.804996490E0,-1.262569577E-1
1.487806797E1,-4.350174963E-1,-9.792442322E0,2.986564040E-1
1.489833730E1,-7.467007041E-1,-9.748115540E0,7.662055492E-1
1.491860662E1,-1.029231906E0,-9.681666374E0,1.173207045E0
1.493887594E1,-1.309462070E0,-9.608106613E0,1.462867022E0
1.495914527E1,-1.588913083E0,-9.532026291E0,1.669194341E0
1.497941454E1,-1.870242953E0,-9.450581551E0,1.832779765E0
1.499968386E1,-2.186124325E0,-9.348646164E0,1.998520017E0
1.501995318E1,-2.578502655E0,-9.204771996E0,2.189491510E0
1.504022251E1,-3.029386997E0,-9.011637688E0,2.404907703E0
1.506049178E1,-3.435045958E0,-8.786692619E0,2.676728725E0
1.508076110E1,-3.784731150E0,-8.532714844E0,3.006488323E0
1.510103042E1,-4.127990246E0,-8.243859291E0,3.341985941E0
1.512129969E1,-4.438689709E0,-7.939796925E0,3.664429426E0
1.514156902E1,-4.655182838E0,-7.674243927E0,3.950396538E0
1.516183829E1,-4.757218838E0,-7.493359089E0,4.169991970E0
1.518210756E1,-4.753489017E0,-7.406795025E0,4.325981617E0
1.520237688E1,-4.668054581E0,-7.413910866E0,4.406085014E0
1.522264615E1,-4.516654968E0,-7.529775620E0,4.367229939E0
1.524291547E1,-4.323929310E0,-7.744313240E0,4.183256626E0
1.526318474E1,-4.144849777E0,-7.974778175E0,3.923457861E0
1.528345402E1,-4.043764591E0,-8.173769951E0,3.606640100E0
1.530372334E1,-3.851592302E0,-8.479032516E0,3.072723627E0
1.532399261E1,-3.553048372E0,-8.812212944E0,2.427168131E0
1.534426188E1,-3.392165422E0,-8.981573105E0,1.998734593E0
1.536453120E1,-3.258862972E0,-9.046262741E0,1.927523613E0
1.538480047E1,-2.974345446E0,-9.123296738E0,2.022152662E0
1.540506974E1,-2.546360493E0,-9.229127884E0,2.123588324E0
1.542533907E1,-2.026061296E0,-9.362727165E0,2.098762274E0
1.544560834E1,-1.517394900E0,-9.503102303E0,1.886516452E0
1.546587761E1,-1.159881115E0,-9.602589607E0,1.617197275E0
1.548614688E1,-9.975920320E-1,-9.655035019E0,1.398393989E0
1.550641620E1,-8.633387089E-1,-9.697906494E0,1.172880411E0
1.552668547E1,-7.086364627E-1,-9.739134789E0,9.041466117E-1
1.554708547E1,-5.696598887E-1,-9.771543503E0,6.023239493E-1
1.556722396E1,-4.688022137E-1,-9.790975571E0,2.956565917E-1
1.558749329E1,-3.919121623E-1,-9.798812866E0,-6.999003235E-3
1.560776256E1,-3.362368941E-1,-9.796521187E0,-2.924126387E-1
1.562803183E1,-3.025928736E-1,-9.785120964E0,-5.746638775E-1
1.564830110E1,-2.754585445E-1,-9.766133308E0,-8.468503356E-1
1.566857037E1,-2.165177166E-1,-9.747037888E0,-1.057715178E0
1.568883964E1,-1.578353792E-1,-9.732338905E0,-1.194595456E0
1.570910886E1,-9.316582233E-2,-9.718988419E0,-1.304974675E0
1.572937813E1,-5.168023054E-3,-9.702490807E0,-1.425496340E0
1.574977813E1,6.415782124E-2,-9.679524422E0,-1.572605968E0
1.576991667E1,1.073443741E-1,-9.653747559E0,-1.721632957E0
1.579018594E1,1.694298983E-1,-9.631541252E0,-1.837144375E0
1.581045521E1,2.818708122E-1,-9.618660927E0,-1.890049934E0
1.583072443E1,4.105167687E-1,-9.616417885E0,-1.877863526E0
1.585112443E1,4.731745124E-1,-9.620555878E0,-1.841577053E0
1.587126297E1,4.759316146E-1,-9.633198738E0,-1.773516178E0
1.589153224E1,4.366266727E-1,-9.661495209E0,-1.623345971E0
1.591180146E1,3.608468175E-1,-9.703821182E0,-1.369685054E0
1.593207073E1,2.617605329E-1,-9.748951912E0,-1.029465556E0
1.595247073E1,1.112920418E-1,-9.785494804E0,-6.341094375E-1
1.597260922E1,-1.165542379E-1,-9.803528786E0,-2.182308137E-1
1.599287850E1,-4.274352789E-1,-9.794654846E0,2.289405763E-1
1.601314771E1,-7.812796235E-1,-9.751361847E0,6.862414479E-1
1.603341698E1,-1.122431040E0,-9.678650856E0,1.110976100E0
1.605368626E1,-1.401329875E0,-9.594451904E0,1.467358589E0
1.607395547E1,-1.624387026E0,-9.512331963E0,1.745653749E0
1.609422474E1,-1.850121975E0,-9.422995567E0,1.988618374E0
1.611449396E1,-2.170036554E0,-9.301049232E0,2.225265980E0
1.613476323E1,-2.611596823E0,-9.126867294E0,2.459720135E0
1.615516323E1,-3.015599489E0,-8.917177200E0,2.749633312E0
1.617530167E1,-3.313528776E0,-8.684048653E0,3.127015591E0
1.619557094E1,-3.639580965E0,-8.381802559E0,3.559385777E0
1.621584016E1,-4.104104042E0,-7.987512112E0,3.940352201E0
1.623610938E1,-4.566036224E0,-7.587748051E0,4.212810516E0
1.625637865E1,-4.763793468E0,-7.322974682E0,4.455412865E0
1.627664787E1,-4.672002792E0,-7.274452686E0,4.628727913E0
1.629691709E1,-4.465291500E0,-7.379780293E0,4.665877342E0
1.631718636E1,-4.232886314E0,-7.558300972E0,4.596209049E0
1.633745558E1,-4.007227898E0,-7.801313400E0,4.387712002E0
1.635772480E1,-3.801787138E0,-8.073960304E0,4.065458775E0
1.637799402E1,-3.532974958E0,-8.393239021E0,3.638956785E0
1.639826323E1,-3.247137070E0,-8.762634277E0,2.973672152E0
1.641853240E1,-3.070674419E0,-9.043783188E0,2.225159407E0
1.643880172E1,-2.947628736E0,-9.141013145E0,1.980847836E0
1.645907089E1,-2.687659740E0,-9.196643829E0,2.090123415E0
1.647934016E1,-2.277680635E0,-9.260075569E0,2.287695646E0
1.649960933E1,-1.754778504E0,-9.345079422E0,2.400132418E0
1.651987860E1,-1.242189169E0,-9.447423935E0,2.318091869E0
1.654014782E1,-8.845763206E-1,-9.544711113E0,2.070358992E0
1.656041704E1,-7.151752114E-1,-9.618676186E0,1.771995783E0
1.658068626E1,-5.965787768E-1,-9.679490089E0,1.456688762E0
1.660095547E1,-4.702451825E-1,-9.729372978E0,1.135153055E0
1.662122464E1,-3.525239229E-1,-9.767034531E0,8.069446683E-1
1.664149391E1,-2.815222144E-1,-9.790121078E0,4.946439862E-1
1.666176308E1,-2.621952593E-1,-9.800960541E0,2.069240510E-1
1.668203230E1,-2.539527118E-1,-9.802913666E0,-9.368731081E-2
1.670230152E1,-2.257608324E-1,-9.793587685E0,-4.528290331E-1
1.672257073E1,-1.937426031E-1,-9.772733688E0,-7.915439606E-1
1.674283995E1,-1.561405510E-1,-9.756810188E0,-9.750184417E-1
1.676310917E1,-4.868725315E-2,-9.750390053E0,-1.047808528E0
1.678350917E1,7.137280703E-2,-9.736609459E0,-1.167789102E0
1.680364756E1,1.618233919E-1,-9.708513260E0,-1.374394298E0
1.682391678E1,2.225846946E-1,-9.676623344E0,-1.576007962E0
1.684418594E1,2.782425582E-1,-9.651679993E0,-1.714072704E0
1.686445511E1,3.859326243E-1,-9.636181831E0,-1.779172540E0
1.688472438E1,5.265023708E-1,-9.625843048E0,-1.798976302E0
1.690499355E1,6.153100729E-1,-9.625415802E0,-1.772895336E0
1.692526277E1,6.167910099E-1,-9.642421722E0,-1.677396417E0
1.694553198E1,5.432140827E-1,-9.674107552E0,-1.512264490E0
1.696580115E1,4.485735297E-1,-9.717939377E0,-1.237266421E0
1.698607037E1,3.248573840E-1,-9.763216972E0,-8.628039360E-1
1.700633954E1,1.093702316E-1,-9.796770096E0,-4.262821972E-1
1.702660876E1,-2.282517552E-1,-9.803914070E0,3.952710330E-2
1.704687792E1,-6.624960303E-1,-9.770697594E0,5.147579312E-1
1.706714714E1,-1.112622380E0,-9.697595596E0,9.429245591E-1
1.708741631E1,-1.499162674E0,-9.609341621E0,1.258358359E0
1.710768553E1,-1.808123589E0,-9.526638985E0,1.464324117E0
1.712795469E1,-2.088364601E0,-9.445152283E0,1.611897588E0
1.714822386E1,-2.434206963E0,-9.331535339E0,1.779741526E0
1.716849308E1,-2.843602180E0,-9.168706894E0,2.004772425E0
1.718876219E1,-3.194720030E0,-8.978335381E0,2.313795805E0
1.720903146E1,-3.516731262E0,-8.737944603E0,2.729712486E0
1.722930063E1,-3.938873768E0,-8.392276764E0,3.197709322E0
1.724970063E1,-4.478535652E0,-7.956258774E0,3.579252481E0
1.726983896E1,-4.843515396E0,-7.569239616E0,3.926492453E0
1.729010818E1,-4.855181694E0,-7.365060806E0,4.284096241E0
1.731037735E1,-4.704175472E0,-7.353904724E0,4.467796803E0
1.733064652E1,-4.484759808E0,-7.449860096E0,4.533972740E0
1.735104652E1,-4.212106228E0,-7.613362789E0,4.523852825E0
1.737118485E1,-3.975726843E0,-7.831186771E0,4.363082886E0
1.739145402E1,-3.789530993E0,-8.124508858E0,3.975198746E0
1.741172323E1,-3.454608202E0,-8.526975632E0,3.395108223E0
1.743199240E1,-3.010927916E0,-8.942565918E0,2.671180725E0
1.745239240E1,-2.695270300E0,-9.175230980E0,2.172796488E0
1.747253073E1,-2.537972212E0,-9.239565849E0,2.087945938E0
1.749279990E1,-2.318674564E0,-9.288928032E0,2.123666763E0
1.751306907E1,-2.001425266E0,-9.359320641E0,2.137243748E0
1.753333823E1,-1.580892682E0,-9.457676888E0,2.055119991E0
1.755373823E1,-1.166701317E0,-9.546488762E0,1.916697025E0
1.757387657E1,-8.797441125E-1,-9.606821060E0,1.762221813E0
1.759414573E1,-6.968467236E-1,-9.658610344E0,1.547908902E0
1.761441490E1,-5.491774678E-1,-9.710390091E0,1.255836010E0
1.763468407E1,-4.242126346E-1,-9.753334999E0,9.289191961E-1
1.765495323E1,-3.316627145E-1,-9.781720161E0,6.150949597E-1
1.767522235E1,-2.852807939E-1,-9.796532631E0,3.419704735E-1
1.769549152E1,-2.477213144E-1,-9.803065300E0,9.447990358E-2
1.771576068E1,-1.904879212E-1,-9.803474426E0,-1.612491459E-1
1.773602985E1,-1.246708855E-1,-9.796871185E0,-4.197219014E-1
1.775629902E1,-7.127689570E-2,-9.786002159E0,-6.320185065E-1
1.777656818E1,-3.420406207E-2,-9.774709702E0,-7.901117802E-1
1.779683730E1,1.540726516E-2,-9.761698723E0,-9.377592802E-1
1.781710646E1,8.297786117E-2,-9.741108894E0,-1.128847837E0
1.783737563E1,1.575335860E-1,-9.714797974E0,-1.329759717E0
1.785764474E1,2.625085413E-1,-9.690772057E0,-1.480004072E0
1.787791391E1,4.051359594E-1,-9.671072006E0,-1.573722363E0
1.789818308E1,5.669629574E-1,-9.649763107E0,-1.652580380E0
1.791845219E1,6.992736459E-1,-9.625712395E0,-1.739847779E0
1.793872136E1,7.497977614E-1,-9.611989021E0,-1.793842673E0
1.795899053E1,7.166334987E-1,-9.619451523E0,-1.767191887E0
1.797925964E1,6.783195734E-1,-9.644615173E0,-1.640630722E0
1.799952881E1,6.084301472E-1,-9.683290482E0,-1.426213264E0
1.801979797E1,4.706974626E-1,-9.729082108E0,-1.137452006E0
1.804006709E1,2.602976263E-1,-9.772239685E0,-7.784393430E-1
1.806033626E1,-1.591910236E-2,-9.800068855E0,-3.588634431E-1
1.808060537E1,-3.439241052E-1,-9.800258636E0,8.380521089E-2
1.810087454E1,-7.010708451E-1,-9.768301010E0,5.091106296E-1
1.812114360E1,-1.068962216E0,-9.708070755E0,8.837934732E-1
1.814141277E1,-1.442670465E0,-9.625220299E0,1.201759458E0
1.816168193E1,-1.819389939E0,-9.524960518E0,1.461280107E0
1.818195110E1,-2.163175344E0,-9.414893150E0,1.688441753E0
1.820222021E1,-2.449360132E0,-9.295866966E0,1.938525081E0
1.822248938E1,-2.699409962E0,-9.160187721E0,2.230368376E0
1.824275850E1,-3.094486952E0,-8.954216957E0,2.533089161E0
1.826302766E1,-3.727017403E0,-8.623360634E0,2.813782454E0
1.828329678E1,-4.418549538E0,-8.198162079E0,3.071960688E0
1.830356594E1,-4.956755161E0,-7.760310173E0,3.373209715E0
1.832383506E1,-5.218731403E0,-7.391213417E0,3.782220602E0
1.834410417E1,-5.286444664E0,-7.130442619E0,4.169014931E0
1.836437334E1,-5.285419941E0,-6.951014042E0,4.462974072E0
1.838464251E1,-5.227315426E0,-6.839070797E0,4.698156357E0
1.840491162E1,-5.130966663E0,-6.802734852E0,4.854519367E0
1.842518073E1,-5.018144608E0,-6.851063728E0,4.904235840E0
1.844544985E1,-4.890040874E0,-6.976609707E0,4.856420040E0
1.846571902E1,-4.765614033E0,-7.155060768E0,4.718517780E0
1.848598813E1,-4.693139076E0,-7.358433723E0,4.471943378E0
1.850625724E1,-4.808254719E0,-7.501729488E0,4.095744133E0
1.852652636E1,-5.047991753E0,-7.529699326E0,3.740560055E0
1.854679553E1,-4.853585720E0,-7.788136959E0,3.458037376E0
1.856706464E1,-4.431638718E0,-8.105460167E0,3.291274548E0
1.858733376E1,-4.003004074E0,-8.269865990E0,3.428652048E0
1.860760287E1,-3.522843122E0,-8.396586418E0,3.641058922E0
1.862787204E1,-3.087451220E0,-8.568675995E0,3.635357141E0
1.864814115E1,-2.821549892E0,-8.807689667E0,3.260954618E0
1.866841021E1,-2.700290918E0,-9.063903809E0,2.593155146E0
1.868867938E1,-2.636424541E0,-9.250988007E0,1.907581568E0
1.870894850E1,-2.605197668E0,-9.333643913E0,1.505462289E0
1.872921761E1,-2.483762503E0,-9.390568733E0,1.348527431E0
1.874961761E1,-2.289268255E0,-9.452089310E0,1.260020971E0
1.876975589E1,-2.104455948E0,-9.508610725E0,1.152376652E0
1.879002500E1,-1.942114592E0,-9.558526993E0,1.016426682E0
1.881029412E1,-1.792588353E0,-9.600301743E0,8.895000815E-1
1.883056323E1,-1.666001678E0,-9.631675720E0,7.909702063E-1
1.885096323E1,-1.557090878E0,-9.658764839E0,6.738904715E-1
1.887110146E1,-1.457463026E0,-9.685456276E0,4.879755080E-1
1.889137063E1,-1.392931700E0,-9.703698158E0,2.614944279E-1
1.891163975E1,-1.369039893E0,-9.710556984E0,3.445146233E-2
1.893190886E1,-1.348595858E0,-9.711724281E0,-1.846621931E-1
1.895230886E1,-1.321266055E0,-9.709946632E0,-3.762691915E-1
1.897244709E1,-1.283874989E0,-9.707816124E0,-5.295069218E-1
1.899271620E1,-1.240133166E0,-9.704569817E0,-6.736280918E-1
1.901298532E1,-1.204555511E0,-9.694785118E0,-8.547368646E-1
1.903338532E1,-1.194426537E0,-9.672968864E0,-1.085081458E0
1.905368146E1,-1.218611836E0,-9.640685081E0,-1.320062518E0
1.907379323E1,-1.252867341E0,-9.608943939E0,-1.506293654E0
1.909406224E1,-1.271619558E0,-9.586713791E0,-1.627350092E0
1.911433126E1,-1.267352819E0,-9.572738647E0,-1.710814595E0
1.913460032E1,-1.235290170E0,-9.562085152E0,-1.791924596E0
1.915479073E1,-1.176938772E0,-9.552108765E0,-1.882133961E0
1.917513823E1,-1.091443777E0,-9.543611526E0,-1.974490643E0
1.919540735E1,-9.933032393E-1,-9.537364006E0,-2.054856300E0
1.921567646E1,-8.910312057E-1,-9.533004761E0,-2.120912075E0
1.923594558E1,-7.975938916E-1,-9.526348114E0,-2.186987162E0
1.925634558E1,-7.174094319E-1,-9.511847496E0,-2.276067019E0
1.927648381E1,-6.576351523E-1,-9.492586136E0,-2.372491598E0
1.929675287E1,-6.280773282E-1,-9.473277092E0,-2.456201792E0
1.931702198E1,-5.773733854E-1,-9.456241608E0,-2.533084869E0
1.933729105E1,-4.906439483E-1,-9.445015907E0,-2.592554092E0
1.935756016E1,-4.065760076E-1,-9.439641953E0,-2.626451254E0
1.937782928E1,-3.967075646E-1,-9.447720528E0,-2.598764896E0
1.939809839E1,-4.819524884E-1,-9.474679947E0,-2.483657598E0
1.941836751E1,-6.403576732E-1,-9.515935898E0,-2.281948805E0
1.943863657E1,-8.351531625E-1,-9.569661140E0,-1.973441839E0
1.945890563E1,-1.021362305E0,-9.627472878E0,-1.561719298E0
1.947917480E1,-1.200073719E0,-9.669664383E0,-1.108058333E0
1.949944391E1,-1.382789373E0,-9.685796738E0,-6.660472155E-1
1.951971303E1,-1.560440063E0,-9.678852081E0,-2.350268960E-1
1.953998204E1,-1.682581544E0,-9.658980370E0,2.083203793E-1
1.956025120E1,-1.708093882E0,-9.633632660E0,6.677812338E-1
1.958052032E1,-1.697929382E0,-9.596893311E0,1.089518189E0
1.960078943E1,-1.738595963E0,-9.543094635E0,1.441184878E0
1.962105844E1,-1.860200882E0,-9.471203804E0,1.733880162E0
1.964132761E1,-2.041730165E0,-9.385186195E0,1.979901910E0
1.966159672E1,-2.233227730E0,-9.296580315E0,2.180977821E0
1.968186579E1,-2.394734144E0,-9.217366219E0,2.340041637E0
1.970213490E1,-2.538503170E0,-9.148030281E0,2.457628965E0
1.972240402E1,-2.675366402E0,-9.083480835E0,2.550132275E0
1.974267308E1,-2.760715485E0,-9.030785561E0,2.644569874E0
1.976294219E1,-2.752126932E0,-9.004956245E0,2.739877939E0
1.978321131E1,-2.656354666E0,-9.016991615E0,2.794286728E0
1.980348037E1,-2.489629984E0,-9.072287560E0,2.768704891E0
1.982374943E1,-2.276726484E0,-9.167881966E0,2.633785009E0
1.984401855E1,-2.061283350E0,-9.285248756E0,2.388652086E0
1.986428766E1,-1.937437773E0,-9.392092705E0,2.050686359E0
1.988455672E1,-1.959423065E0,-9.459372520E0,1.688586831E0
1.990482584E1,-2.041662931E0,-9.482661247E0,1.442614555E0
1.992509490E1,-2.169372082E0,-9.454092026E0,1.443733573E0
1.994536402E1,-2.350699902E0,-9.387085915E0,1.589717031E0
1.996563308E1,-2.433445215E0,-9.349154472E0,1.685837030E0
1.998590219E1,-2.355631590E0,-9.373981476E0,1.658268690E0
2.000617126E1,-2.214803934E0,-9.425769806E0,1.555601835E0
2.002644032E1,-2.120058537E0,-9.464558601E0,1.448402286E0
2.004684032E1,-2.100045919E0,-9.483434677E0,1.350802064E0
2.006697844E1,-2.043905973E0,-9.512140274E0,1.229641318E0
2.008724761E1,-1.809088826E0,-9.575994492E0,1.094502687E0
2.010751667E1,-1.473343611E0,-9.645970345E0,9.771928191E-1
2.012778573E1,-1.310644388E0,-9.679301262E0,8.739188910E-1
2.014805485E1,-1.287370563E0,-9.694722176E0,7.248629332E-1
2.016832391E1,-1.282055259E0,-9.708593369E0,5.195564628E-1
2.018859303E1,-1.295210600E0,-9.716834068E0,2.756158412E-1
2.020886209E1,-1.307713747E0,-9.719064713E0,-6.901116576E-3
2.022913115E1,-1.299592137E0,-9.715013504E0,-3.161925673E-1
2.024953115E1,-1.263442636E0,-9.704236031E0,-6.339561343E-1
2.026966933E1,-1.180887461E0,-9.690426826E0,-9.335544705E-1
2.028993839E1,-1.051180482E0,-9.676726341E0,-1.194316506E0
2.031020745E1,-9.029909968E-1,-9.657227516E0,-1.446699977E0
2.033047652E1,-8.287203312E-1,-9.625506401E0,-1.683221817E0
2.035087652E1,-8.500234485E-1,-9.603188515E0,-1.796277642E0
2.037101469E1,-9.361577630E-1,-9.590691566E0,-1.820061803E0
2.039128376E1,-1.005330801E0,-9.576580048E0,-1.857097983E0
2.041155282E1,-9.784879684E-1,-9.554672241E0,-1.980198383E0
2.043182188E1,-9.289944172E-1,-9.532999039E0,-2.104589224E0
2.045222188E1,-8.642632365E-1,-9.529066086E0,-2.149496078E0
2.047236006E1,-7.455198169E-1,-9.539950371E0,-2.145679951E0
2.049262912E1,-5.790577531E-1,-9.550384521E0,-2.150634289E0
2.051289818E1,-3.953904510E-1,-9.553375244E0,-2.178778648E0
2.053316724E1,-2.375015616E-1,-9.550325394E0,-2.214781046E0
2.055356724E1,-1.011110842E-1,-9.548398018E0,-2.233441591E0
2.057370542E1,2.156101912E-2,-9.554541588E0,-2.209222555E0
2.059397448E1,1.102153361E-1,-9.566949844E0,-2.152140379E0
2.061424355E1,1.166613400E-1,-9.574365616E0,-2.118560314E0
2.063451261E1,6.094413251E-2,-9.591335297E0,-2.042777061E0
2.065478167E1,-2.416972630E-2,-9.639374733E0,-1.803407073E0
2.067505073E1,-1.610707343E-1,-9.699876785E0,-1.434170008E0
2.069531980E1,-3.631983995E-1,-9.748979568E0,-9.979351759E-1
2.071558886E1,-6.445463896E-1,-9.771762848E0,-5.172954798E-1
2.073585792E1,-9.671826959E-1,-9.758837700E0,-6.347976159E-3
2.075612698E1,-1.239443779E0,-9.715532303E0,4.925548732E-1
2.077639605E1,-1.434065938E0,-9.653467178E0,9.614636302E-1
2.079666511E1,-1.583156943E0,-9.577217102E0,1.393170238E0
2.081693417E1,-1.744750738E0,-9.489435196E0,1.754097104E0
2.083720323E1,-1.969842196E0,-9.392071724E0,2.019679070E0
2.085747230E1,-2.254698992E0,-9.282881737E0,2.216939449E0
2.087774136E1,-2.629309177E0,-9.149716377E0,2.353680611E0
2.089801042E1,-3.158008099E0,-8.963022232E0,2.421074629E0
2.091827948E1,-3.788647890E0,-8.699307442E0,2.477616310E0
2.093854850E1,-4.306615829E0,-8.408294678E0,2.631352425E0
2.095881756E1,-4.587560177E0,-8.146733284E0,2.958951950E0
2.097908662E1,-4.719406605E0,-7.930252075E0,3.317934990E0
2.099935568E1,-4.847714901E0,-7.729240894E0,3.595676422E0
2.101962474E1,-4.992757797E0,-7.525347710E0,3.822550774E0
2.103989381E1,-5.103249550E0,-7.347629070E0,4.017409801E0
2.106016287E1,-5.150958061E0,-7.238315582E0,4.152685642E0
2.108043188E1,-5.137423038E0,-7.209678173E0,4.218745708E0
2.110070094E1,-5.069984436E0,-7.248336315E0,4.234059334E0
2.112097000E1,-4.958587170E0,-7.349874496E0,4.190721512E0
2.114123907E1,-4.793981075E0,-7.510163307E0,4.097020149E0
2.116150808E1,-4.607453823E0,-7.692843437E0,3.970128298E0
2.118177714E1,-4.527008533E0,-7.805828571E0,3.840001106E0
2.120204620E1,-4.515938759E0,-7.943892002E0,3.559672594E0
2.122231527E1,-4.274250507E0,-8.271203995E0,3.080318451E0
2.124258428E1,-3.931199551E0,-8.598582268E0,2.603930235E0
2.126285334E1,-3.604858875E0,-8.803311348E0,2.382665634E0
2.128320110E1,-3.255024195E0,-8.923953056E0,2.436853886E0
2.130339152E1,-2.862693787E0,-9.012840271E0,2.596932888E0
2.132366053E1,-2.426812410E0,-9.131340981E0,2.626704931E0
2.134392959E1,-2.045547247E0,-9.279775620E0,2.423197985E0
2.136419865E1,-1.774011374E0,-9.401299477E0,2.153797626E0
2.138446771E1,-1.595658660E0,-9.487169266E0,1.902071714E0
2.140473672E1,-1.428718567E0,-9.560369492E0,1.651808381E0
2.142500573E1,-1.252275109E0,-9.624615669E0,1.403195262E0
2.144527475E1,-1.085124850E0,-9.678487778E0,1.148818612E0
2.146554381E1,-9.284946918E-1,-9.723159790E0,8.766126037E-1
2.148581282E1,-7.882713079E-1,-9.756800652E0,5.948471427E-1
2.150621282E1,-6.743758917E-1,-9.778354645E0,3.152557611E-1
2.152635094E1,-5.879749656E-1,-9.788875580E0,5.074535683E-2
2.154661995E1,-5.229090452E-1,-9.790545464E0,-2.053252310E-1
2.156688902E1,-4.726485014E-1,-9.784451485E0,-4.598801434E-1
2.158715808E1,-4.134560227E-1,-9.771874428E0,-7.140827179E-1
2.160742709E1,-3.513345718E-1,-9.756370544E0,-9.274556041E-1
2.162769615E1,-2.970725298E-1,-9.741635323E0,-1.087515950E0
2.164796516E1,-2.371402979E-1,-9.728703499E0,-1.210977912E0
2.166823422E1,-1.813884974E-1,-9.719236374E0,-1.293806434E0
2.168850323E1,-1.394248158E-1,-9.711796761E0,-1.353499651E0
2.170877230E1,-1.076407954E-1,-9.702772141E0,-1.419509172E0
2.172904136E1,-5.722452328E-2,-9.690905571E0,-1.501149058E0
2.174944136E1,3.435225040E-2,-9.679891586E0,-1.571275711E0
2.176957943E1,1.428147703E-1,-9.670530319E0,-1.621987343E0
2.178984844E1,2.152207494E-1,-9.658889771E0,-1.682234406E0
2.181011750E1,2.522986531E-1,-9.646630287E0,-1.746216178E0
2.183038652E1,3.004908264E-1,-9.646368980E0,-1.740017891E0
2.185078652E1,3.168966174E-1,-9.660067558E0,-1.659235120E0
2.187092459E1,2.892276943E-1,-9.682392120E0,-1.529057264E0
2.189119365E1,2.263168246E-1,-9.711487770E0,-1.343936563E0
2.191146266E1,1.379946023E-1,-9.742980003E0,-1.107103825E0
2.193173167E1,1.183775160E-2,-9.771385193E0,-8.308253288E-1
2.195213167E1,-1.751304120E-1,-9.792129517E0,-5.038840771E-1
2.197226975E1,-4.082289040E-1,-9.797393799E0,-1.216886863E-1
2.199253881E1,-6.683641076E-1,-9.778708458E0,3.170667291E-1
2.201280782E1,-9.450854659E-1,-9.731746674E0,7.551906705E-1
2.203307683E1,-1.242384911E0,-9.662563324E0,1.123271465E0
2.205347683E1,-1.563939691E0,-9.579729080E0,1.397589922E0
2.207361490E1,-1.899222493E0,-9.494536400E0,1.554707289E0
2.209388391E1,-2.253395557E0,-9.403936386E0,1.630507588E0
2.211415297E1,-2.655766010E0,-9.277690887E0,1.744061112E0
2.213442198E1,-3.071813345E0,-9.098327637E0,1.988665104E0
2.215482198E1,-3.429648161E0,-8.877924919E0,2.364393234E0
2.217496006E1,-3.735415220E0,-8.635550499E0,2.764837503E0
2.219522907E1,-4.075789928E0,-8.367364883E0,3.089582682E0
2.221549808E1,-4.480391979E0,-8.068182945E0,3.316761732E0
2.223576709E1,-4.853218555E0,-7.758888721E0,3.523676634E0
2.225603610E1,-5.043290138E0,-7.501148224E0,3.803734064E0
2.227630506E1,-5.026765823E0,-7.356522560E0,4.096777439E0
2.229657417E1,-4.930099010E0,-7.318768024E0,4.277865887E0
2.231684318E1,-4.807617188E0,-7.368904114E0,4.330871582E0
2.233711219E1,-4.653549194E0,-7.503151417E0,4.268205166E0
2.235738120E1,-4.472453594E0,-7.701272964E0,4.105840683E0
2.237765021E1,-4.354312897E0,-7.883768559E0,3.880275011E0
2.239791922E1,-4.321282387E0,-8.057882309E0,3.545059443E0
2.241818829E1,-4.079785824E0,-8.393945694E0,3.011213779E0
2.243845730E1,-3.719582319E0,-8.733859062E0,2.460649014E0
2.245872631E1,-3.460753679E0,-8.909482956E0,2.194240332E0
2.247899532E1,-3.190452099E0,-9.006221771E0,2.208928347E0
2.249926433E1,-2.816481829E0,-9.099752426E0,2.330735207E0
2.251953334E1,-2.334536552E0,-9.225144386E0,2.370026588E0
2.253980235E1,-1.827671289E0,-9.379209518E0,2.204639673E0
2.256007136E1,-1.404087782E0,-9.514125824E0,1.918424845E0
2.258034042E1,-1.124803066E0,-9.596203804E0,1.678714871E0
2.260060943E1,-9.215316176E-1,-9.648941994E0,1.489663243E0
2.262087844E1,-7.216324210E-1,-9.694070816E0,1.294079065E0
2.264114745E1,-5.574909449E-1,-9.730897903E0,1.081300259E0
2.266141646E1,-4.490237236E-1,-9.760475159E0,8.377924562E-1
2.268168547E1,-3.798483610E-1,-9.782519341E0,5.730795860E-1
2.270195443E1,-3.287688494E-1,-9.796424866E0,3.039295673E-1
2.272222350E1,-2.685033083E-1,-9.802927017E0,3.033992462E-2
2.274249250E1,-1.908832788E-1,-9.801202774E0,-2.652795911E-1
2.276276152E1,-1.092257500E-1,-9.789175987E0,-5.748773217E-1
2.278303053E1,-3.041378409E-2,-9.772756577E0,-8.140653372E-1
2.280329954E1,1.292665116E-2,-9.757155418E0,-9.839376211E-1
2.282356855E1,3.536675125E-2,-9.737597466E0,-1.161180258E0
2.284383756E1,5.819021165E-2,-9.712753296E0,-1.352567196E0
2.286410657E1,9.310796857E-2,-9.687601089E0,-1.520558715E0
2.288437558E1,1.280040890E-1,-9.669350624E0,-1.630235314E0
2.290464459E1,1.678175032E-1,-9.658447266E0,-1.690156817E0
2.292491360E1,2.319167852E-1,-9.653596878E0,-1.710172296E0
2.294518261E1,3.305920660E-1,-9.650529861E0,-1.711250901E0
2.296545157E1,4.283790886E-1,-9.640567780E0,-1.745371461E0
2.298572058E1,5.215396285E-1,-9.624265671E0,-1.808837771E0
2.300598959E1,6.142489910E-1,-9.619165421E0,-1.806856751E0
2.302625860E1,6.421045661E-1,-9.633182526E0,-1.720436096E0
2.304652761E1,6.420083642E-1,-9.664650917E0,-1.533865452E0
2.306679662E1,6.128878593E-1,-9.706289291E0,-1.258056879E0
2.308706563E1,5.041964650E-1,-9.749426842E0,-9.299703836E-1
2.310733464E1,3.076711893E-1,-9.785498619E0,-5.654534101E-1
2.312760365E1,4.116197303E-2,-9.805371284E0,-1.529587060E-1
2.314787266E1,-2.593633235E-1,-9.798176765E0,3.143831491E-1
2.316814167E1,-5.615841746E-1,-9.757034302E0,8.095088601E-1
2.318841068E1,-8.512372971E-1,-9.688001633E0,1.260318995E0
2.320867969E1,-1.125185609E0,-9.609309196E0,1.601726294E0
2.322894870E1,-1.392482519E0,-9.536949158E0,1.810520053E0
2.324925698E1,-1.688713431E0,-9.469256401E0,1.910971999E0
2.326948672E1,-2.059765577E0,-9.381678581E0,1.977841616E0
2.328975568E1,-2.536876678E0,-9.234810829E0,2.110193253E0
2.331002474E1,-3.004937410E0,-9.032930374E0,2.355186462E0
2.333029370E1,-3.400721550E0,-8.802061081E0,2.670057535E0
2.335069370E1,-3.779461384E0,-8.541570663E0,2.987913132E0
2.337083172E1,-4.190537453E0,-8.247209549E0,3.254738092E0
2.339110073E1,-4.597728252E0,-7.928854942E0,3.487768412E0
2.341136975E1,-4.872412205E0,-7.641952991E0,3.745735407E0
2.343163876E1,-4.942249775E0,-7.454819202E0,4.021218777E0
2.345203876E1,-4.869580269E0,-7.387162209E0,4.229350090E0
2.347217678E1,-4.713266850E0,-7.423751831E0,4.340900421E0
2.349244579E1,-4.498747826E0,-7.549089909E0,4.352344036E0
2.351271480E1,-4.257796288E0,-7.762832642E0,4.216632366E0
2.353298381E1,-4.012123108E0,-8.029398918E0,3.949939489E0
2.355338381E1,-3.733605146E0,-8.336791992E0,3.567700148E0
2.357352183E1,-3.483585596E0,-8.681243896E0,2.944661379E0
2.359379084E1,-3.444259644E0,-8.905677795E0,2.235257626E0
2.361405985E1,-3.400280237E0,-8.986632347E0,1.961865187E0
2.363432886E1,-3.167845488E0,-9.059160233E0,2.016617298E0
2.365459787E1,-2.769156933E0,-9.155660629E0,2.162417650E0
2.367486688E1,-2.242650747E0,-9.278430939E0,2.247581959E0
2.369513589E1,-1.679576993E0,-9.416546822E0,2.162878752E0
2.371540495E1,-1.216421843E0,-9.540176392E0,1.917225242E0
2.373567396E1,-9.703289270E-1,-9.620245934E0,1.636984348E0
2.375607396E1,-8.712961078E-1,-9.669738770E0,1.381079793E0
2.377621198E1,-7.876075506E-1,-9.707626343E0,1.145448089E0
2.379648100E1,-6.825904250E-1,-9.739094734E0,9.243898392E-1
2.381675006E1,-5.909655094E-1,-9.761715889E0,7.280446887E-1
2.383701907E1,-5.137627125E-1,-9.779042244E0,5.260758996E-1
2.385728808E1,-4.295053780E-1,-9.793664932E0,2.646327615E-1
2.387755709E1,-3.358673155E-1,-9.800621033E0,-7.345391065E-2
2.389782610E1,-2.435984612E-1,-9.794233322E0,-4.289920628E-1
2.391809516E1,-1.598166227E-1,-9.781013489E0,-6.903750896E-1
2.393836417E1,-7.627680898E-2,-9.772347450E0,-8.159620762E-1
2.395863313E1,-2.754234010E-3,-9.764659882E0,-9.065315723E-1
2.397890219E1,4.145206884E-2,-9.749470711E0,-1.056644320E0
2.399917126E1,7.141888142E-2,-9.726742744E0,-1.247302890E0
2.401944027E1,1.050795466E-1,-9.705968857E0,-1.397675037E0
2.403970922E1,1.602976024E-1,-9.691547394E0,-1.489494205E0
2.405997829E1,2.474790066E-1,-9.679662704E0,-1.553469896E0
2.408024730E1,3.654305935E-1,-9.666287422E0,-1.612367630E0
2.410051636E1,4.926522672E-1,-9.650979996E0,-1.669211507E0
2.412078537E1,5.628675818E-1,-9.633292198E0,-1.747358322E0
2.414105443E1,5.784271359E-1,-9.618318558E0,-1.823117971E0
2.416132344E1,5.703083873E-1,-9.621560097E0,-1.808511019E0
2.418159245E1,5.535049438E-1,-9.650135040E0,-1.654961348E0
2.420186152E1,5.342802405E-1,-9.693162918E0,-1.388348103E0
2.422213053E1,4.688410461E-1,-9.736363411E0,-1.074156284E0
2.424239954E1,3.262653053E-1,-9.772762299E0,-7.463653684E-1
2.426266860E1,1.123159826E-1,-9.797924995E0,-3.980264068E-1
2.428293761E1,-1.483758688E-1,-9.805526733E0,-3.641813295E-3
2.430320667E1,-4.286719859E-1,-9.786068916E0,4.684845805E-1
2.432347568E1,-7.285346985E-1,-9.729950905E0,9.837079644E-1
2.434374469E1,-1.029169559E0,-9.645795822E0,1.438687205E0
2.436401376E1,-1.335153580E0,-9.552434921E0,1.771647811E0
2.438428277E1,-1.640697241E0,-9.465368271E0,1.971121430E0
2.440455183E1,-1.977538109E0,-9.379570007E0,2.069637299E0
2.442482084E1,-2.417142868E0,-9.251542091E0,2.176414490E0
2.444508990E1,-2.864855289E0,-9.068866730E0,2.391368866E0
2.446535891E1,-3.220662117E0,-8.848696709E0,2.738300323E0
2.448562797E1,-3.593586922E0,-8.577549934E0,3.111618042E0
2.450589698E1,-4.084457874E0,-8.241552353E0,3.400648117E0
2.452616605E1,-4.560008526E0,-7.889078140E0,3.624799728E0
2.454656605E1,-4.849144936E0,-7.592514515E0,3.874260664E0
2.456670412E1,-4.954786777E0,-7.403453350E0,4.099919319E0
2.458697318E1,-4.968739986E0,-7.309794426E0,4.248402119E0
2.460724219E1,-4.913744450E0,-7.290540695E0,4.344366074E0
2.462751126E1,-4.799672604E0,-7.352033138E0,4.368198395E0
2.464778027E1,-4.642237186E0,-7.499151707E0,4.287510395E0
2.466804933E1,-4.492153645E0,-7.707058907E0,4.073350906E0
2.468831834E1,-4.451364994E0,-7.876086235E0,3.784572840E0
2.470858740E1,-4.441769600E0,-8.029362679E0,3.459827185E0
2.472885646E1,-4.178791046E0,-8.316572189E0,3.089132786E0
2.474912547E1,-3.906267405E0,-8.620423317E0,2.568998337E0
2.476939454E1,-3.695151806E0,-8.798316956E0,2.259617090E0
2.478966360E1,-3.378301144E0,-8.912894249E0,2.306035519E0
2.480993261E1,-2.927203894E0,-9.010165215E0,2.533533573E0
2.483020167E1,-2.387134075E0,-9.115839958E0,2.715408802E0
2.485060167E1,-1.862306356E0,-9.245717049E0,2.686803102E0
2.487073974E1,-1.474338651E0,-9.375800133E0,2.468010664E0
2.489100881E1,-1.262892246E0,-9.480010986E0,2.169074059E0
2.491127782E1,-1.135879397E0,-9.558713913E0,1.873804331E0
2.493154688E1,-9.958272576E-1,-9.623138428E0,1.604343891E0
2.495194688E1,-8.537383676E-1,-9.673185349E0,1.367849827E0
2.497208500E1,-7.364395261E-1,-9.709322929E0,1.164941788E0
2.499235402E1,-6.366156340E-1,-9.738114357E0,9.665597677E-1
2.501262308E1,-5.472130179E-1,-9.762427330E0,7.522909641E-1
2.503289209E1,-4.812730253E-1,-9.780926704E0,5.217441916E-1
2.505329209E1,-4.451433718E-1,-9.792691231E0,2.746341825E-1
2.507343021E1,-4.217498899E-1,-9.797562599E0,1.655110531E-2
2.509369928E1,-4.059132040E-1,-9.795489311E0,-2.324282080E-1
2.511396829E1,-3.994695544E-1,-9.788528442E0,-4.421780109E-1
2.513423735E1,-3.875370920E-1,-9.779966354E0,-6.102969646E-1
2.515463735E1,-3.642353714E-1,-9.770053864E0,-7.640358210E-1
2.517477542E1,-3.242416680E-1,-9.759523392E0,-9.038575888E-1
2.519504448E1,-2.728143930E-1,-9.749711037E0,-1.019366860E0
2.521531355E1,-2.231915146E-1,-9.741225243E0,-1.108647585E0
2.523558261E1,-1.658680439E-1,-9.734352112E0,-1.176970959E0
2.525585162E1,-7.180540264E-2,-9.728894234E0,-1.230387926E0
2.527612068E1,6.150556728E-2,-9.721272469E0,-1.289754510E0
2.529638975E1,2.095808834E-1,-9.707756042E0,-1.373296380E0
2.531665881E1,3.075757921E-1,-9.687664032E0,-1.491629601E0
2.533692782E1,3.629875779E-1,-9.674311638E0,-1.564072728E0
2.535719688E1,3.889651000E-1,-9.677029610E0,-1.540841937E0
2.537746594E1,3.911060989E-1,-9.697436333E0,-1.406107306E0
2.539773495E1,4.022334516E-1,-9.725512505E0,-1.192894101E0
2.541800402E1,3.705334365E-1,-9.757255554E0,-9.105242491E-1
2.543827303E1,2.675791383E-1,-9.785881042E0,-5.790694952E-1
2.545854214E1,7.998653501E-2,-9.804367065E0,-1.958631426E-1
2.547881120E1,-1.814042330E-1,-9.802338600E0,2.272517234E-1
2.549908027E1,-4.969318509E-1,-9.770980835E0,6.718540192E-1
2.551934928E1,-8.464295864E-1,-9.710695267E0,1.075328231E0
2.553961834E1,-1.216716528E0,-9.632292747E0,1.381641388E0
2.555988740E1,-1.604233742E0,-9.546092033E0,1.571283340E0
2.558015646E1,-1.977573395E0,-9.459751129E0,1.665141225E0
2.560042553E1,-2.364567041E0,-9.358112335E0,1.733473897E0
2.562069459E1,-2.769169331E0,-9.218244553E0,1.877781510E0
2.564096360E1,-3.156095505E0,-9.036285400E0,2.134238958E0
2.566123266E1,-3.531167507E0,-8.810493469E0,2.465045452E0
2.568150172E1,-3.943413258E0,-8.525276184E0,2.817718506E0
2.570177079E1,-4.378915787E0,-8.194541931E0,3.137670279E0
2.572203980E1,-4.744937897E0,-7.869561672E0,3.424315929E0
2.574230886E1,-4.974842548E0,-7.594967842E0,3.706452370E0
2.576257792E1,-5.062708855E0,-7.406764984E0,3.959696770E0
2.578284698E1,-5.048038006E0,-7.311635017E0,4.150625706E0
2.580311600E1,-4.957143784E0,-7.301689148E0,4.275797367E0
2.582338506E1,-4.802701473E0,-7.370471478E0,4.333659649E0
2.584365412E1,-4.595574856E0,-7.515634537E0,4.308864117E0
2.586392318E1,-4.379581451E0,-7.739372253E0,4.134218693E0
2.588419224E1,-4.247214794E0,-7.981936455E0,3.797399521E0
2.590446131E1,-4.235868931E0,-8.181572914E0,3.360010147E0
2.592473037E1,-4.143854141E0,-8.430536270E0,2.815121651E0
2.594499938E1,-3.866256475E0,-8.669013023E0,2.463869095E0
2.596526844E1,-3.549623251E0,-8.796302795E0,2.489102602E0
2.598553750E1,-3.173530817E0,-8.888300896E0,2.664057016E0
2.600580657E1,-2.739790916E0,-8.990317345E0,2.799666882E0
2.602607563E1,-2.289263248E0,-9.140093803E0,2.718150139E0
2.604634469E1,-1.876538754E0,-9.327369690E0,2.376796722E0
2.606661370E1,-1.567950010E0,-9.480034828E0,1.959810019E0
2.608688277E1,-1.419388652E0,-9.547041893E0,1.734848976E0
2.610715183E1,-1.273423076E0,-9.582167625E0,1.652525544E0
2.612742089E1,-1.064937711E0,-9.618403435E0,1.588272214E0
2.614768995E1,-8.425735831E-1,-9.661749840E0,1.452940702E0
2.616795902E1,-6.643527746E-1,-9.701709747E0,1.267218709E0
2.618822808E1,-5.446594954E-1,-9.733345985E0,1.065697432E0
2.620849709E1,-4.632671773E-1,-9.758543015E0,8.524218202E-1
2.622876615E1,-4.012399018E-1,-9.778970718E0,6.173644066E-1
2.624903521E1,-3.489916325E-1,-9.793919563E0,3.573591411E-1
2.626930428E1,-2.934685647E-1,-9.801885605E0,8.544026315E-2
2.628957334E1,-2.209124267E-1,-9.802767754E0,-1.652708054E-1
2.630984240E1,-1.278284043E-1,-9.799303055E0,-3.573389649E-1
2.633011146E1,-2.752312832E-2,-9.793951035E0,-4.981451929E-1
2.635051146E1,3.741942346E-2,-9.784821510E0,-6.528763175E-1
2.637064954E1,4.315440357E-2,-9.771264076E0,-8.312125206E-1
2.639091860E1,2.345033176E-2,-9.757026672E0,-9.850198627E-1
2.641118766E1,2.409472689E-2,-9.746823311E0,-1.081318259E0
2.643145672E1,6.350875646E-2,-9.741442680E0,-1.127224922E0
2.645185672E1,1.317140907E-1,-9.738465309E0,-1.146883011E0
2.647199485E1,2.068594694E-1,-9.734846115E0,-1.166341424E0
2.649226391E1,2.908734977E-1,-9.727916718E0,-1.205572844E0
2.651253292E1,3.785397410E-1,-9.716310501E0,-1.272952676E0
2.653280198E1,4.592298865E-1,-9.700832367E0,-1.361371994E0
2.655320198E1,5.552491546E-1,-9.689558983E0,-1.405181170E0
2.657334011E1,6.028235555E-1,-9.685030937E0,-1.416740179E0
2.659360917E1,6.561579108E-1,-9.686991692E0,-1.379144192E0
2.661387823E1,7.455995679E-1,-9.691829681E0,-1.297272563E0
2.663414724E1,8.081625104E-1,-9.700899124E0,-1.187356830E0
2.665441631E1,8.286436796E-1,-9.713932037E0,-1.059841752E0
2.667468537E1,8.218514323E-1,-9.732001305E0,-8.849344850E-1
2.669495443E1,8.005791306E-1,-9.753395081E0,-6.330448985E-1
2.671522350E1,7.329978347E-1,-9.774044991E0,-3.180488944E-1
2.673549256E1,5.898624063E-1,-9.788844109E0,3.144830093E-2
2.675576157E1,3.501974344E-1,-9.792476654E0,3.938830197E-1
2.677603063E1,1.498979889E-2,-9.779587746E0,7.278978229E-1
2.679629969E1,-3.691709340E-1,-9.748842239E0,9.970878363E-1
2.681656876E1,-7.387167215E-1,-9.705281258E0,1.196743488E0
2.683683782E1,-1.061146021E0,-9.657526016E0,1.332868934E0
2.685710688E1,-1.338873029E0,-9.601592064E0,1.478932858E0
2.687737589E1,-1.621317148E0,-9.512033463E0,1.750123024E0
2.689764495E1,-1.916004181E0,-9.393271446E0,2.065370083E0
2.691791402E1,-2.234219074E0,-9.264899254E0,2.310905695E0
2.693818308E1,-2.570092440E0,-9.127338409E0,2.501341820E0
2.695845214E1,-2.998285770E0,-8.936806679E0,2.704470396E0
2.697872115E1,-3.553784370E0,-8.657672882E0,2.930138111E0
2.699899021E1,-4.112603188E0,-8.320480347E0,3.166462898E0
2.701925928E1,-4.518616676E0,-7.999803543E0,3.428647041E0
2.703952834E1,-4.754331112E0,-7.736188889E0,3.703796148E0
2.705979740E1,-4.900145054E0,-7.522881031E0,3.945279837E0
2.708006641E1,-4.999147415E0,-7.350004196E0,4.142024040E0
2.710033547E1,-5.054092407E0,-7.226992607E0,4.289186001E0
2.712060454E1,-5.059306622E0,-7.163980484E0,4.387619972E0
2.714087355E1,-5.026434898E0,-7.156085491E0,4.437992573E0
2.716114261E1,-4.964729786E0,-7.196103573E0,4.442738533E0
2.718141167E1,-4.881469250E0,-7.285075188E0,4.389685631E0
2.720168068E1,-4.813944817E0,-7.413484097E0,4.246949673E0
2.722194975E1,-4.874807835E0,-7.515913486E0,3.989697218E0
2.724221881E1,-5.253107071E0,-7.461096764E0,3.592671871E0
2.726248782E1,-5.327671051E0,-7.528867245E0,3.332035065E0
2.728275688E1,-4.927581310E0,-7.812264919E0,3.295124292E0
2.730302594E1,-4.517179012E0,-8.018075943E0,3.387618303E0
2.732329495E1,-4.099591732E0,-8.166790962E0,3.559110165E0
2.734356402E1,-3.723136187E0,-8.334724426E0,3.583436966E0
2.736383308E1,-3.481703520E0,-8.574041367E0,3.245604038E0
2.738410209E1,-3.354535341E0,-8.827339172E0,2.644913197E0
2.740437115E1,-3.249594927E0,-9.022726059E0,2.049616575E0
2.742464021E1,-3.132776260E0,-9.146389961E0,1.643063307E0
2.744490922E1,-2.947406769E0,-9.238953590E0,1.457703114E0
2.746517829E1,-2.706982374E0,-9.320233345E0,1.405660987E0
2.748544735E1,-2.437071800E0,-9.396437645E0,1.392129660E0
2.750571636E1,-2.158239841E0,-9.471232414E0,1.344671369E0
2.752598542E1,-1.913244128E0,-9.536088943E0,1.254149318E0
2.754625448E1,-1.740702033E0,-9.584066391E0,1.134022832E0
2.756652350E1,-1.628460646E0,-9.622177124E0,9.655079842E-1
2.758679256E1,-1.510878921E0,-9.661664009E0,7.347719073E-1
2.760706157E1,-1.396358848E0,-9.694194794E0,4.930974245E-1
2.762733063E1,-1.291514754E0,-9.717612267E0,2.652917206E-1
2.764759969E1,-1.181818008E0,-9.735083580E0,4.259971157E-2
2.766786870E1,-1.074319482E0,-9.746276855E0,-1.622737348E-1
2.768813777E1,-9.793711901E-1,-9.751382828E0,-3.489462435E-1
2.770840672E1,-9.017574787E-1,-9.750098228E0,-5.411086082E-1
2.772867584E1,-8.496329188E-1,-9.740593910E0,-7.545558810E-1
2.774894485E1,-8.228450418E-1,-9.723649979E0,-9.715619683E-1
2.776921391E1,-8.016582131E-1,-9.707346916E0,-1.138041854E0
2.778948292E1,-7.701988816E-1,-9.698183060E0,-1.233864546E0
2.780975198E1,-7.061570287E-1,-9.692497253E0,-1.314240098E0
2.783002100E1,-6.054013968E-1,-9.684780121E0,-1.417357326E0
2.785042100E1,-4.744592905E-1,-9.672644615E0,-1.544413447E0
2.787055907E1,-3.297783136E-1,-9.656332016E0,-1.678361058E0
2.789082813E1,-1.898156852E-1,-9.637264252E0,-1.804858804E0
2.791109714E1,-8.013905585E-2,-9.618412971E0,-1.910522819E0
2.793136615E1,-2.501837723E-2,-9.603557587E0,-1.985309839E0
2.795176615E1,-1.065604482E-2,-9.589101791E0,-2.054116488E0
2.797190422E1,-1.932648569E-2,-9.571938515E0,-2.132604122E0
2.799217329E1,-4.555607215E-2,-9.552462578E0,-2.217829704E0
2.801244230E1,-1.223945543E-1,-9.538825989E0,-2.272928238E0
2.803271131E1,-2.620791793E-1,-9.538897514E0,-2.260780811E0
2.805311131E1,-4.443889260E-1,-9.561004639E0,-2.135437250E0
2.807324938E1,-6.131734848E-1,-9.603575706E0,-1.888316393E0
2.809351844E1,-7.718952298E-1,-9.659294128E0,-1.507516980E0
2.811378745E1,-9.472088218E-1,-9.711022377E0,-9.844874740E-1
2.813405646E1,-1.157459021E0,-9.730286598E0,-3.901013136E-1
2.815445646E1,-1.381435513E0,-9.707098007E0,1.851494014E-1
2.817459454E1,-1.575598955E0,-9.655261040E0,6.810382605E-1
2.819486360E1,-1.668463826E0,-9.605963707E0,1.054548740E0
2.821513261E1,-1.668014765E0,-9.574988365E0,1.306793213E0
2.823540162E1,-1.654423118E0,-9.552450180E0,1.477822661E0
2.825580162E1,-1.721832871E0,-9.520007133E0,1.604723334E0
2.827593969E1,-1.968481779E0,-9.449930191E0,1.730401039E0
2.829620870E1,-2.306772947E0,-9.350581169E0,1.848196149E0
2.831647771E1,-2.567082882E0,-9.261021614E0,1.952932954E0
2.833674672E1,-2.710596323E0,-9.201124191E0,2.040189266E0
2.835701579E1,-2.781232595E0,-9.167124748E0,2.097371101E0
2.837728480E1,-2.822371244E0,-9.147232056E0,2.129029274E0
2.839755381E1,-2.850272894E0,-9.137344360E0,2.134306908E0
2.841782282E1,-2.847892761E0,-9.147147179E0,2.095135450E0
2.843809183E1,-2.781340361E0,-9.192090988E0,1.984944224E0
2.845836084E1,-2.627589941E0,-9.273713112E0,1.806764483E0
2.847862990E1,-2.383741140E0,-9.376004219E0,1.605837584E0
2.849889891E1,-2.143918276E0,-9.462268829E0,1.428099155E0
2.851916792E1,-2.117396355E0,-9.487899780E0,1.291039228E0
2.853943693E1,-2.371191502E0,-9.439308167E0,1.203042269E0
2.855970594E1,-2.659643173E0,-9.368211746E0,1.154684186E0
2.857997495E1,-2.713346004E0,-9.349593163E0,1.180363178E0
2.860024396E1,-2.561365366E0,-9.378820419E0,1.283561110E0
2.862051303E1,-2.322640181E0,-9.430818558E0,1.354768038E0
2.864078204E1,-2.089824677E0,-9.484216690E0,1.361125827E0
2.866105105E1,-1.863515973E0,-9.542774200E0,1.277948499E0
2.868132006E1,-1.599175096E0,-9.612578392E0,1.100620747E0
2.870158907E1,-1.314102530E0,-9.677110672E0,8.927804828E-1
2.872185808E1,-1.162168622E0,-9.708117485E0,7.564419508E-1
2.874212709E1,-1.167872787E0,-9.714636803E0,6.574907303E-1
2.876239610E1,-1.217684627E0,-9.715343475E0,5.474870801E-1
2.878266511E1,-1.248016596E0,-9.718853951E0,3.958947062E-1
2.880293412E1,-1.232203007E0,-9.727029800E0,1.922261119E-1
2.882320313E1,-1.184082389E0,-9.734874725E0,-2.382626012E-2
2.884347214E1,-1.109315276E0,-9.740702629E0,-2.419179827E-1
2.886374110E1,-1.017676353E0,-9.742462158E0,-4.681486189E-1
2.888401011E1,-9.133366942E-1,-9.738913536E0,-6.998224258E-1
2.890427912E1,-8.097113371E-1,-9.729083061E0,-9.272035956E-1
2.892454813E1,-6.985896230E-1,-9.713134766E0,-1.156449676E0
2.894481714E1,-5.837032199E-1,-9.692103386E0,-1.375792384E0
2.896508615E1,-4.929832220E-1,-9.671234131E0,-1.547442675E0
2.898535516E1,-4.199641049E-1,-9.655635834E0,-1.662137985E0
2.900562417E1,-3.591603935E-1,-9.645945549E0,-1.731221080E0
2.902589318E1,-3.392390013E-1,-9.642357826E0,-1.755065680E0
2.904629318E1,-3.586441278E-1,-9.642913818E0,-1.748135090E0
2.906643110E1,-3.848820925E-1,-9.643445015E0,-1.739603043E0
2.908670016E1,-3.802232444E-1,-9.644303322E0,-1.735862851E0
2.910696917E1,-3.802770376E-1,-9.652770042E0,-1.688136697E0
2.912723818E1,-4.670567811E-1,-9.675161362E0,-1.530843377E0
2.914750719E1,-6.210229993E-1,-9.710494995E0,-1.221057177E0
2.916777620E1,-7.036052942E-1,-9.749773026E0,-7.856501341E-1
2.918804516E1,-7.227289677E-1,-9.777579308E0,-2.167744040E-1
2.920831417E1,-8.478959799E-1,-9.756830215E0,5.056841373E-1
2.922858318E1,-1.104907036E0,-9.674430847E0,1.164036274E0
2.924885219E1,-1.376429677E0,-9.582422256E0,1.566208839E0
2.926912115E1,-1.600673556E0,-9.505803108E0,1.802200794E0
2.928939016E1,-1.785618067E0,-9.428673744E0,2.020408869E0
2.930965917E1,-1.974606633E0,-9.339181900E0,2.247444153E0
2.932992813E1,-2.239385843E0,-9.212944984E0,2.505429983E0
2.935032813E1,-2.698393106E0,-8.987014771E0,2.850023031E0
2.937046615E1,-3.223440647E0,-8.678736687E0,3.234089613E0
2.939073511E1,-3.655590773E0,-8.352770805E0,3.610854387E0
2.941100412E1,-3.952684164E0,-8.049160004E0,3.969596624E0
2.943127308E1,-4.156736374E0,-7.781085491E0,4.283298492E0
2.945167308E1,-4.369031429E0,-7.550292492E0,4.480516434E0
2.947181105E1,-4.652562618E0,-7.331281185E0,4.558109760E0
2.949208006E1,-4.938968182E0,-7.092909336E0,4.633316040E0
2.951234907E1,-5.162982941E0,-6.858128548E0,4.741315365E0
2.953261803E1,-5.319746971E0,-6.673556805E0,4.830562115E0
2.955301803E1,-5.386205196E0,-6.575235844E0,4.891364098E0
2.957315600E1,-5.393133640E0,-6.561584949E0,4.902048588E0
2.959342500E1,-5.402597427E0,-6.589638710E0,4.853761196E0
2.961369396E1,-5.385362625E0,-6.650852203E0,4.788988590E0
2.963396297E1,-5.338407993E0,-6.745520115E0,4.708475113E0
2.965423193E1,-5.286742687E0,-6.823150635E0,4.654604912E0
2.967450094E1,-5.288085938E0,-6.771780968E0,4.727528572E0
2.969476990E1,-5.293744087E0,-6.702869415E0,4.818527699E0
2.971503891E1,-5.027347088E0,-6.960592747E0,4.737754345E0
2.973530787E1,-4.559721470E0,-7.385044575E0,4.565134525E0
2.975557688E1,-4.214110374E0,-7.692457199E0,4.386086464E0
2.977584584E1,-3.888988972E0,-7.964958191E0,4.195901871E0
2.979611485E1,-3.553642273E0,-8.254184723E0,3.925613165E0
2.981638381E1,-3.279031277E0,-8.546761513E0,3.517271996E0
2.983665277E1,-3.065728664E0,-8.806970596E0,3.034629583E0
2.985692178E1,-2.870210886E0,-9.024025917E0,2.549357414E0
2.987719073E1,-2.709081888E0,-9.184560776E0,2.115446091E0
2.989745969E1,-2.539768457E0,-9.296684265E0,1.814285398E0
2.991772870E1,-2.331441164E0,-9.382861137E0,1.642161727E0
2.993799766E1,-2.103534460E0,-9.457909584E0,1.514421821E0
2.995826662E1,-1.868692756E0,-9.531064034E0,1.355430007E0
2.997853558E1,-1.640063524E0,-9.601625443E0,1.135505080E0
2.999880459E1,-1.428974152E0,-9.661862373E0,8.813779354E-1
3.001907355E1,-1.266133428E0,-9.703945160E0,6.330538392E-1
3.003934250E1,-1.171150208E0,-9.727560997E0,4.163679183E-1
3.005961152E1,-1.116110206E0,-9.740432739E0,2.205951959E-1
3.007988047E1,-1.068751693E0,-9.748192787E0,2.979186922E-2
3.010014943E1,-1.024759293E0,-9.751239777E0,-1.832664311E-1
3.012041839E1,-9.818529487E-1,-9.748623848E0,-4.131453931E-1
3.014068740E1,-9.216267467E-1,-9.744329453E0,-6.074817181E-1
3.016095636E1,-8.437753916E-1,-9.739427567E0,-7.758715153E-1
3.018122532E1,-7.670387030E-1,-9.730317116E0,-9.502478838E-1
3.020149428E1,-6.917947531E-1,-9.716472626E0,-1.132239342E0
3.022176323E1,-6.133481860E-1,-9.700480461E0,-1.301877141E0
3.024203219E1,-5.455456376E-1,-9.684908867E0,-1.440593839E0
3.026230115E1,-5.106776953E-1,-9.668827057E0,-1.556716323E0
3.028257011E1,-5.042362213E-1,-9.648404121E0,-1.680596590E0
3.030283907E1,-4.380435348E-1,-9.626954079E0,-1.816659331E0
3.032310803E1,-2.672501206E-1,-9.615679741E0,-1.907269120E0
3.034337698E1,-6.248696521E-2,-9.620881081E0,-1.898717880E0
3.036364594E1,8.274555206E-2,-9.647434235E0,-1.757996440E0
3.038391490E1,9.310249239E-2,-9.679909706E0,-1.568779469E0
3.040418386E1,8.627105504E-3,-9.706420898E0,-1.398461342E0
3.042445282E1,-7.495073229E-2,-9.731493950E0,-1.209456801E0
3.044472178E1,-1.314840466E-1,-9.760424614E0,-9.419165850E-1
3.046499073E1,-1.934258193E-1,-9.785678864E0,-6.111223698E-1
3.048525969E1,-2.984948456E-1,-9.799043655E0,-2.450147867E-1
3.050565969E1,-4.654150605E-1,-9.793989182E0,1.776018590E-1
3.052579761E1,-6.639121175E-1,-9.762289047E0,6.537039876E-1
3.054606652E1,-9.249726534E-1,-9.697123528E0,1.131641388E0
3.056633547E1,-1.245251656E0,-9.605556488E0,1.533961892E0
3.058660443E1,-1.591295481E0,-9.506261826E0,1.808079243E0
3.060687339E1,-1.923555851E0,-9.418475151E0,1.939755321E0
3.062714235E1,-2.243235826E0,-9.343795776E0,1.957488894E0
3.064741131E1,-2.636080503E0,-9.236993790E0,1.974689722E0
3.066768021E1,-3.091997385E0,-9.063862801E0,2.111003637E0
3.068794917E1,-3.508323431E0,-8.838524818E0,2.396359921E0
3.070821813E1,-3.888586283E0,-8.574110031E0,2.744799852E0
3.072848709E1,-4.263245583E0,-8.287919044E0,3.050497055E0
3.074875600E1,-4.627015591E0,-8.006367683E0,3.264842510E0
3.076902495E1,-4.941839695E0,-7.743721008E0,3.432695150E0
3.078929391E1,-5.117852211E0,-7.523579597E0,3.657009840E0
3.080956287E1,-5.133240223E0,-7.370759487E0,3.936003923E0
3.082983178E1,-5.076275349E0,-7.275310516E0,4.179911613E0
3.085023178E1,-5.000425339E0,-7.229278564E0,4.347834587E0
3.087036964E1,-4.944434643E0,-7.233460426E0,4.404542923E0
3.089063860E1,-4.913634300E0,-7.278661728E0,4.364363194E0
3.091090756E1,-4.886598110E0,-7.357488632E0,4.261326313E0
3.093117646E1,-4.844496250E0,-7.482292652E0,4.088586807E0
3.095157646E1,-4.793686867E0,-7.651438236E0,3.827067137E0
3.097171438E1,-4.793922424E0,-7.808667660E0,3.494766474E0
3.099198329E1,-4.787813663E0,-7.968451500E0,3.122659206E0
3.101225225E1,-4.562623501E0,-8.226712227E0,2.770209074E0
3.103252115E1,-4.213852882E0,-8.463154793E0,2.605540514E0
3.105292115E1,-3.835213423E0,-8.633427620E0,2.631624937E0
3.107305907E1,-3.421150684E0,-8.783422470E0,2.705106497E0
3.109332797E1,-2.978088856E0,-8.936432838E0,2.727918863E0
3.111359693E1,-2.512705326E0,-9.109294891E0,2.622488022E0
3.113386589E1,-2.068807602E0,-9.298557281E0,2.329644203E0
3.115426589E1,-1.726355433E0,-9.452170372E0,1.961261868E0
3.117440376E1,-1.514379859E0,-9.531969070E0,1.737411976E0
3.119467266E1,-1.311593056E0,-9.583851814E0,1.612422466E0
3.121494162E1,-1.065233707E0,-9.632451057E0,1.500516057E0
3.123521053E1,-8.315680027E-1,-9.674142838E0,1.374717712E0
3.125547948E1,-6.511833668E-1,-9.712323189E0,1.190424681E0
3.127574844E1,-5.298588276E-1,-9.746618271E0,9.450231791E-1
3.129593876E1,-4.531008601E-1,-9.772706985E0,6.777003407E-1
3.131628620E1,-3.856117129E-1,-9.790191650E0,4.169598222E-1
3.133655511E1,-3.034037948E-1,-9.800677299E0,1.582992524E-1
3.135682407E1,-2.240305096E-1,-9.803302765E0,-1.243285239E-1
3.137709308E1,-1.741447300E-1,-9.794692039E0,-4.517339766E-1
3.139736198E1,-1.723664403E-1,-9.773820877E0,-7.830056548E-1
3.141763094E1,-1.797086000E-1,-9.748014450E0,-1.055599809E0
3.143789990E1,-1.497232020E-1,-9.726160049E0,-1.244894862E0
3.145816881E1,-1.031594798E-1,-9.709929466E0,-1.370041370E0
3.147843777E1,-4.246607795E-2,-9.696882248E0,-1.462552071E0
3.149870678E1,3.417091072E-2,-9.684771538E0,-1.540913105E0
3.151897573E1,1.450786144E-1,-9.676656723E0,-1.584821105E0
3.153924464E1,3.025711775E-1,-9.671582222E0,-1.593534231E0
3.155951360E1,4.598250985E-1,-9.664676666E0,-1.597801328E0
3.157978256E1,5.293974280E-1,-9.663175583E0,-1.585297823E0
3.160005152E1,4.989390671E-1,-9.674073219E0,-1.527659416E0
3.162032047E1,4.579796195E-1,-9.700028419E0,-1.367512345E0
3.164058943E1,4.526183307E-1,-9.736480713E0,-1.080031157E0
3.166085839E1,4.136093259E-1,-9.773687363E0,-6.887423396E-1
3.168112730E1,2.902380824E-1,-9.799039841E0,-2.548908591E-1
3.170139631E1,7.073967159E-2,-9.804402351E0,1.976612657E-1
3.172166527E1,-2.333710343E-1,-9.779953003E0,6.844372749E-1
3.174193422E1,-5.887739062E-1,-9.714538574E0,1.204768896E0
3.176220318E1,-9.537926912E-1,-9.615342140E0,1.675074100E0
3.178247214E1,-1.305639863E0,-9.508505821E0,2.013458252E0
3.180274110E1,-1.621081233E0,-9.418426514E0,2.199031830E0
3.182301011E1,-1.930507183E0,-9.352457047E0,2.230489254E0
3.184327907E1,-2.321793795E0,-9.275889397E0,2.176589251E0
3.186354803E1,-2.738658905E0,-9.150619507E0,2.221778631E0
3.188381698E1,-3.030552626E0,-8.992812157E0,2.472949743E0
3.190408600E1,-3.300469160E0,-8.783322334E0,2.851409912E0
3.192435495E1,-3.714568853E0,-8.489155769E0,3.210390568E0
3.194462391E1,-4.217552185E0,-8.152342796E0,3.452816248E0
3.196489292E1,-4.611523151E0,-7.842825890E0,3.659826279E0
3.198516188E1,-4.803488255E0,-7.603444099E0,3.909542084E0
3.200543089E1,-4.845427036E0,-7.463413239E0,4.121855736E0
3.202569980E1,-4.815853596E0,-7.412149906E0,4.247114658E0
3.204596886E1,-4.708564758E0,-7.441136360E0,4.316166878E0
3.206623787E1,-4.538978100E0,-7.554731369E0,4.300477028E0
3.208650683E1,-4.358304501E0,-7.755652428E0,4.126188278E0
3.210677584E1,-4.160755157E0,-8.040929794E0,3.768548727E0
3.212704485E1,-3.924309254E0,-8.356180191E0,3.308238268E0
3.214731381E1,-3.715616941E0,-8.649395943E0,2.748188972E0
3.216758282E1,-3.546038866E0,-8.887388229E0,2.147169113E0
3.218785183E1,-3.366030455E0,-9.002383232E0,1.948669553E0
3.220812084E1,-3.071567774E0,-9.068123817E0,2.122498989E0
3.222838985E1,-2.634238005E0,-9.143939972E0,2.370555639E0
3.224865886E1,-2.122231007E0,-9.242516518E0,2.498479843E0
3.226892787E1,-1.610367894E0,-9.363538742E0,2.429247618E0
3.228919683E1,-1.168730617E0,-9.481101036E0,2.216569662E0
3.230946584E1,-8.986117840E-1,-9.567204475E0,1.957414985E0
3.232973485E1,-7.536473870E-1,-9.635032654E0,1.663895369E0
3.235013485E1,-6.289215684E-1,-9.693531990E0,1.345472932E0
3.237027292E1,-5.079647303E-1,-9.737768173E0,1.043179989E0
3.239054193E1,-3.869185746E-1,-9.766176224E0,8.015543222E-1
3.241081094E1,-2.821415067E-1,-9.782168388E0,6.324357986E-1
3.243107995E1,-1.895001531E-1,-9.792976379E0,4.817533493E-1
3.245147995E1,-1.229603365E-1,-9.801939964E0,2.779037654E-1
3.247161803E1,-8.119376004E-2,-9.806306839E0,1.196067035E-2
3.249188704E1,-3.290862590E-2,-9.803766251E0,-2.354936600E-1
3.251215605E1,2.529305965E-2,-9.797681808E0,-4.185450971E-1
3.253242506E1,6.444241107E-2,-9.788589478E0,-5.913867354E-1
3.255282506E1,8.601655811E-2,-9.776144981E0,-7.681010962E-1
3.257296313E1,1.093832701E-1,-9.764239311E0,-9.044702649E-1
3.259323219E1,1.321251988E-1,-9.754933357E0,-9.971056581E-1
3.261350120E1,1.506506652E-1,-9.745957375E0,-1.078892946E0
3.263377027E1,1.810912043E-1,-9.736317635E0,-1.158328772E0
3.265403922E1,2.409165651E-1,-9.727448463E0,-1.220288515E0
3.267430834E1,2.992450595E-1,-9.718873978E0,-1.274493814E0
3.269457735E1,3.459478319E-1,-9.715157509E0,-1.290902734E0
3.271484641E1,3.610344827E-1,-9.725508690E0,-1.206034303E0
3.273511542E1,3.025886118E-1,-9.752776146E0,-9.809128642E-1
3.275551542E1,1.973555237E-1,-9.783277512E0,-6.472290754E-1
3.277565355E1,6.346584111E-2,-9.802675247E0,-2.719096839E-1
3.279592261E1,-1.569865495E-1,-9.804295540E0,1.467325091E-1
3.281619162E1,-4.954773188E-1,-9.776919365E0,5.802986026E-1
3.283646068E1,-9.148142338E-1,-9.712701797E0,9.984639883E-1
3.285672974E1,-1.310340881E0,-9.618500710E0,1.392056823E0
3.287699881E1,-1.608166814E0,-9.518453598E0,1.727200747E0
3.289726787E1,-1.829042435E0,-9.428193092E0,1.983479738E0
3.291753693E1,-2.023360968E0,-9.348621368E0,2.163257122E0
3.293780600E1,-2.251996756E0,-9.274868965E0,2.252932072E0
3.295807506E1,-2.577799797E0,-9.185885429E0,2.268227339E0
3.297834412E1,-2.991614103E0,-9.050937653E0,2.302426815E0
3.299861318E1,-3.370692730E0,-8.868665695E0,2.481047153E0
3.301888224E1,-3.665471792E0,-8.642909050E0,2.834577799E0
3.303915131E1,-3.954493046E0,-8.370580673E0,3.235080004E0
3.305942037E1,-4.297564983E0,-8.069520950E0,3.547415733E0
3.307968943E1,-4.622514725E0,-7.782448292E0,3.773094654E0
3.309995855E1,-4.838667393E0,-7.547342300E0,3.974331141E0
3.312022761E1,-4.904114723E0,-7.395968437E0,4.173690796E0
3.314049667E1,-4.857150078E0,-7.343696117E0,4.318404198E0
3.316076573E1,-4.758265018E0,-7.376515388E0,4.372220993E0
3.318103485E1,-4.621608257E0,-7.482841015E0,4.337995529E0
3.320130391E1,-4.446705341E0,-7.664324284E0,4.201824188E0
3.322157303E1,-4.235621929E0,-7.904592037E0,3.968289137E0
3.324184209E1,-4.074807644E0,-8.136889458E0,3.654770851E0
3.326211115E1,-3.953035355E0,-8.389018059E0,3.188774824E0
3.328238027E1,-3.800956726E0,-8.665961266E0,2.573755980E0
3.330264933E1,-3.668303728E0,-8.842221260E0,2.128160715E0
3.332291839E1,-3.495560884E0,-8.934685707E0,2.030473948E0
3.334318750E1,-3.179148912E0,-9.030055046E0,2.126381159E0
3.336345662E1,-2.707621813E0,-9.160098076E0,2.220762253E0
3.338372573E1,-2.133627176E0,-9.324724197E0,2.160449982E0
3.340399480E1,-1.593468070E0,-9.484313011E0,1.918087602E0
3.342426391E1,-1.230242491E0,-9.585890770E0,1.663614511E0
3.344453303E1,-1.063935637E0,-9.634818077E0,1.486171961E0
3.346480209E1,-9.093493223E-1,-9.674837112E0,1.319472432E0
3.348507120E1,-7.298435569E-1,-9.712729454E0,1.140439630E0
3.350534032E1,-5.473054051E-1,-9.747701645E0,9.236591458E-1
3.352560943E1,-4.011003673E-1,-9.774496078E0,6.846306324E-1
3.354600943E1,-3.018490076E-1,-9.792222023E0,4.377887249E-1
3.356614761E1,-2.317069769E-1,-9.801835060E0,2.018305510E-1
3.358641672E1,-1.773497909E-1,-9.805006027E0,-2.798086777E-2
3.360668584E1,-1.286354363E-1,-9.802161217E0,-2.673304975E-1
3.362695495E1,-8.072870970E-2,-9.793649673E0,-4.982831478E-1
3.364722407E1,-4.705624655E-2,-9.781661034E0,-6.980622411E-1
3.366749318E1,4.863399081E-3,-9.766627312E0,-8.850752711E-1
3.368776235E1,8.257846534E-2,-9.745705605E0,-1.088477612E0
3.370803146E1,1.626532525E-1,-9.717208862E0,-1.311405540E0
3.372830058E1,2.286155373E-1,-9.689202309E0,-1.495820522E0
3.374856969E1,3.074500561E-1,-9.671005249E0,-1.596095800E0
3.376883881E1,4.045791924E-1,-9.662369728E0,-1.626444459E0
3.378910792E1,5.064420700E-1,-9.658413887E0,-1.621404290E0
3.380937704E1,5.996114612E-1,-9.656004906E0,-1.603878736E0
3.382964620E1,6.431351304E-1,-9.652309418E0,-1.609248996E0
3.385004620E1,6.334921718E-1,-9.646784782E0,-1.645786643E0
3.387018443E1,6.406139135E-1,-9.648295403E0,-1.634132266E0
3.389045355E1,6.633306742E-1,-9.662900925E0,-1.535820007E0
3.391072271E1,6.692215204E-1,-9.687830925E0,-1.366913915E0
3.393099178E1,6.369222999E-1,-9.718998909E0,-1.142699838E0
3.395139178E1,5.570841432E-1,-9.751938820E0,-8.716371059E-1
3.397153011E1,4.220460653E-1,-9.783063889E0,-5.328562856E-1
3.399179922E1,2.352100462E-1,-9.803286552E0,-1.030611917E-1
3.401206834E1,-1.945692673E-2,-9.798851013E0,3.905557394E-1
3.403233750E1,-3.790450096E-1,-9.758310318E0,8.955944777E-1
3.405273750E1,-8.115402460E-1,-9.680916786E0,1.338518143E0
3.407287579E1,-1.219803810E0,-9.592784882E0,1.631238103E0
3.409314490E1,-1.572896600E0,-9.518400192E0,1.759669781E0
3.411341402E1,-1.896759510E0,-9.454355240E0,1.785458207E0
3.413368318E1,-2.262789249E0,-9.355168343E0,1.879096508E0
3.415408318E1,-2.683141470E0,-9.179268837E0,2.170747519E0
3.417422146E1,-3.074725151E0,-8.941108704E0,2.602501869E0
3.419449058E1,-3.401100397E0,-8.667060852E0,3.079769135E0
3.421475974E1,-3.747623920E0,-8.360629082E0,3.496511698E0
3.423502886E1,-4.192924023E0,-8.016465187E0,3.784980059E0
3.425529803E1,-4.617741108E0,-7.676596165E0,3.989577532E0
3.427556714E1,-4.815458775E0,-7.407513142E0,4.255642891E0
3.429583631E1,-4.817191601E0,-7.252551556E0,4.512820721E0
3.431610542E1,-4.761698246E0,-7.187474728E0,4.672989368E0
3.433637459E1,-4.651976109E0,-7.203641415E0,4.757841110E0
3.435664370E1,-4.493737221E0,-7.315453053E0,4.739288807E0
3.437691287E1,-4.317952156E0,-7.537407875E0,4.551169395E0
3.439718198E1,-4.192055225E0,-7.824564934E0,4.168121815E0
3.441745115E1,-4.163469315E0,-8.093652725E0,3.650846720E0
3.443772032E1,-4.113909245E0,-8.378732681E0,3.007153988E0
3.445798943E1,-3.958425045E0,-8.638484001E0,2.424425364E0
3.447825860E1,-3.660666704E0,-8.817735672E0,2.239967346E0
3.449852771E1,-3.228606701E0,-8.957858086E0,2.345901251E0
3.451879688E1,-2.692189932E0,-9.082291603E0,2.536627054E0
3.453906605E1,-2.127088547E0,-9.195943832E0,2.660917521E0
3.455933516E1,-1.605411291E0,-9.313113213E0,2.618961334E0
3.457960433E1,-1.184023023E0,-9.427817345E0,2.425847769E0
3.459987344E1,-9.059974551E-1,-9.520072937E0,2.172043085E0
3.462014261E1,-7.639356256E-1,-9.586953163E0,1.917580605E0
3.464041178E1,-6.283681989E-1,-9.649374008E0,1.632520556E0
3.466068089E1,-4.772844911E-1,-9.704400063E0,1.329364538E0
3.468095006E1,-3.655239344E-1,-9.742454529E0,1.058941007E0
3.470121922E1,-2.840504050E-1,-9.767160416E0,8.320285678E-1
3.472148834E1,-2.004919350E-1,-9.785284996E0,6.151461601E-1
3.474175750E1,-1.215907857E-1,-9.798740387E0,3.745465875E-1
3.476202667E1,-7.748976350E-2,-9.805820465E0,1.013413817E-1
3.478229579E1,-4.991531745E-2,-9.804759026E0,-1.860151887E-1
3.480256495E1,-1.700746454E-2,-9.797037125E0,-4.337749183E-1
3.482283407E1,3.077205643E-2,-9.787034988E0,-6.191890240E-1
3.484310323E1,7.442967594E-2,-9.774158478E0,-7.941375375E-1
3.486337240E1,9.540603310E-2,-9.756875038E0,-9.821770787E-1
3.488364157E1,1.139124706E-1,-9.742798805E0,-1.111429453E0
3.490391068E1,1.375172138E-1,-9.735957146E0,-1.167309642E0
3.492417985E1,1.499559730E-1,-9.733723640E0,-1.184282064E0
3.494444902E1,1.708583087E-1,-9.732379913E0,-1.192458749E0
3.496471813E1,2.327037156E-1,-9.728594780E0,-1.212715626E0
3.498498730E1,3.308345973E-1,-9.720738411E0,-1.252266288E0
3.500525646E1,4.162022769E-1,-9.712219238E0,-1.292268276E0
3.502552558E1,4.659605920E-1,-9.710597992E0,-1.287458897E0
3.504579474E1,4.599962533E-1,-9.718701363E0,-1.227040529E0
3.506606391E1,4.143211544E-1,-9.737023354E0,-1.090460181E0
3.508633303E1,3.913937807E-1,-9.761230469E0,-8.576660752E-1
3.510660219E1,3.642967641E-1,-9.784365654E0,-5.512294769E-1
3.512687136E1,2.513990104E-1,-9.801500320E0,-1.943618059E-1
3.514714047E1,5.606714264E-2,-9.804636002E0,1.906827837E-1
3.516740964E1,-1.872155964E-1,-9.787624359E0,5.811677575E-1
3.518767881E1,-4.645724297E-1,-9.747478485E0,9.701587558E-1
3.520794792E1,-7.625527978E-1,-9.686367989E0,1.327839494E0
3.522821709E1,-1.054384947E0,-9.616344452E0,1.607662082E0
3.524848626E1,-1.329053998E0,-9.549599648E0,1.791409373E0
3.526875537E1,-1.612231493E0,-9.482787132E0,1.909932375E0
3.528902454E1,-1.964600801E0,-9.381540298E0,2.073022127E0
3.530929370E1,-2.347897291E0,-9.213802338E0,2.400754452E0
3.532956282E1,-2.630433321E0,-8.994540215E0,2.889540672E0
3.534996282E1,-2.831209183E0,-8.737232208E0,3.437356234E0
3.537010110E1,-3.118178368E0,-8.440223694E0,3.899995089E0
3.539037027E1,-3.652260065E0,-8.076958656E0,4.194533825E0
3.541063943E1,-4.280431747E0,-7.670359612E0,4.360491276E0
3.543090855E1,-4.649510860E0,-7.310964108E0,4.593719006E0
3.545130855E1,-4.726896763E0,-7.085013866E0,4.861009598E0
3.547144683E1,-4.705354214E0,-6.966557503E0,5.049465656E0
3.549171600E1,-4.668108463E0,-6.907763958E0,5.163519382E0
3.551198511E1,-4.621564388E0,-6.926525593E0,5.180229187E0
3.553225428E1,-4.546073437E0,-7.038896084E0,5.094854355E0
3.555265428E1,-4.447968483E0,-7.241167545E0,4.894022942E0
3.557279256E1,-4.338493824E0,-7.534151077E0,4.537005424E0
3.559306172E1,-4.342383862E0,-7.804417133E0,4.050327778E0
3.561333084E1,-4.516183853E0,-8.020648003E0,3.382849932E0
3.563359995E1,-4.492193222E0,-8.317609787E0,2.609206200E0
3.565386912E1,-4.226074219E0,-8.572288513E0,2.196941137E0
3.567413829E1,-3.799182892E0,-8.748744965E0,2.279484510E0
3.569440740E1,-3.245359421E0,-8.891756058E0,2.564116001E0
3.571467652E1,-2.636333466E0,-9.014630318E0,2.820739746E0
3.573494568E1,-2.069000721E0,-9.153088570E0,2.847911358E0
3.575521480E1,-1.657009363E0,-9.332650185E0,2.515222311E0
3.577548396E1,-1.449236751E0,-9.474606514E0,2.074112892E0
3.579588396E1,-1.446401715E0,-9.538100243E0,1.761518836E0
3.581602224E1,-1.418135166E0,-9.585247993E0,1.510726333E0
3.583629136E1,-1.283560514E0,-9.641019821E0,1.254432917E0
3.585656053E1,-1.098010182E0,-9.694830894E0,9.874253869E-1
3.587682964E1,-9.208605289E-1,-9.735999107E0,7.298805118E-1
3.589709876E1,-7.740564942E-1,-9.763616562E0,4.929824471E-1
3.591736792E1,-6.721841097E-1,-9.780111313E0,2.607278228E-1
3.593763704E1,-6.229943633E-1,-9.786827087E0,1.669556275E-2
3.595790615E1,-6.023773551E-1,-9.785397530E0,-2.313610166E-1
3.597817532E1,-5.600564480E-1,-9.781039238E0,-4.335728288E-1
3.599844443E1,-5.235021114E-1,-9.775892258E0,-5.729472041E-1
3.601871360E1,-5.022209883E-1,-9.766405106E0,-7.317661047E-1
3.603898271E1,-4.656415284E-1,-9.747883797E0,-9.655705094E-1
3.605925183E1,-3.942204416E-1,-9.724604607E0,-1.202934146E0
3.607952100E1,-3.156323433E-1,-9.706403732E0,-1.362534165E0
3.609979011E1,-2.437334508E-1,-9.694336891E0,-1.459730148E0
3.612005922E1,-1.950831413E-1,-9.681339264E0,-1.550487041E0
3.614032839E1,-1.794168204E-1,-9.662278175E0,-1.666903734E0
3.616059751E1,-1.758585125E-1,-9.641422272E0,-1.783938408E0
3.618086662E1,-1.658041775E-1,-9.625763893E0,-1.867505193E0
3.620113579E1,-1.217998564E-1,-9.615015030E0,-1.925364256E0
3.622140490E1,-3.265313432E-2,-9.604900360E0,-1.978686810E0
3.624167402E1,9.172734618E-2,-9.592082024E0,-2.038125992E0
3.626194313E1,2.301566601E-1,-9.574314117E0,-2.109478474E0
3.628221230E1,3.721808791E-1,-9.548438072E0,-2.204357862E0
3.630248141E1,5.244895220E-1,-9.512254715E0,-2.326437235E0
3.632275053E1,7.031218410E-1,-9.468121529E0,-2.455747366E0
3.634301964E1,8.491876721E-1,-9.423114777E0,-2.579567909E0
3.636328881E1,9.395666122E-1,-9.396016121E0,-2.646223783E0
3.638355792E1,9.896528721E-1,-9.392126083E0,-2.641770363E0
3.640382704E1,1.052364826E0,-9.406769753E0,-2.564292192E0
3.642409615E1,1.128091931E0,-9.442399025E0,-2.395599365E0
3.644436527E1,1.168539524E0,-9.493837357E0,-2.161471605E0
3.646463443E1,1.151954889E0,-9.553503036E0,-1.890495300E0
3.648490355E1,1.061301470E0,-9.618479729E0,-1.590242386E0
3.650517266E1,8.918871880E-1,-9.687363625E0,-1.236886740E0
3.652544178E1,6.305146813E-1,-9.754277229E0,-7.917698622E-1
3.654571089E1,2.614641786E-1,-9.798979759E0,-2.863959372E-1
3.656598000E1,-1.754022390E-1,-9.803791046E0,1.590507925E-1
3.658624917E1,-5.915352106E-1,-9.779260635E0,4.319101274E-1
3.660651829E1,-9.047048092E-1,-9.748479843E0,5.648269653E-1
3.662678740E1,-1.094822407E0,-9.720527649E0,6.950446963E-1
3.664705652E1,-1.160182834E0,-9.689396858E0,9.695053697E-1
3.666732563E1,-1.154340267E0,-9.643799782E0,1.354624033E0
3.668759475E1,-1.165599465E0,-9.585070610E0,1.714114785E0
3.670786391E1,-1.237449884E0,-9.525270462E0,1.976951122E0
3.672813303E1,-1.388752103E0,-9.471506119E0,2.128924847E0
3.674840214E1,-1.663212299E0,-9.408202171E0,2.211298704E0
3.676867126E1,-1.984651208E0,-9.328008652E0,2.284687519E0
3.678894037E1,-2.213066339E0,-9.248124123E0,2.396855116E0
3.680920948E1,-2.365783691E0,-9.178446770E0,2.515864611E0
3.682947860E1,-2.504245520E0,-9.123491287E0,2.580897570E0
3.684987860E1,-2.623546600E0,-9.088686943E0,2.585181713E0
3.687001688E1,-2.704375267E0,-9.075307846E0,2.548633814E0
3.689028600E1,-2.728890896E0,-9.089283943E0,2.471529961E0
3.691055511E1,-2.666697025E0,-9.137931824E0,2.357394457E0
3.693082422E1,-2.502890348E0,-9.217740059E0,2.222430229E0
3.695122422E1,-2.252457857E0,-9.321343422E0,2.051678419E0
3.697136245E1,-1.973084569E0,-9.425374985E0,1.854626179E0
3.699163157E1,-1.867951632E0,-9.494076729E0,1.594882488E0
3.701190068E1,-2.168958187E0,-9.481048584E0,1.255273104E0
3.703216980E1,-2.615391970E0,-9.401542664E0,9.701071382E-1
3.705256980E1,-2.947214603E0,-9.314113617E0,8.553358316E-1
3.707270803E1,-2.956136703E0,-9.302944183E0,9.417421818E-1
3.709297714E1,-2.672930479E0,-9.353850365E0,1.237459898E0
3.711324626E1,-2.271394730E0,-9.418760300E0,1.515949488E0
3.713351537E1,-1.938581228E0,-9.475113869E0,1.623112917E0
3.715391537E1,-1.756819129E0,-9.509639740E0,1.628108978E0
3.717405360E1,-1.599651217E0,-9.554089546E0,1.526718855E0
3.719432271E1,-1.336682200E0,-9.636073112E0,1.236840725E0
3.721459183E1,-1.079713225E0,-9.701408386E0,9.419537783E-1
3.723486094E1,-1.015818834E0,-9.725082397E0,7.491827011E-1
3.725526094E1,-1.032649755E0,-9.736637115E0,5.494694710E-1
3.727539917E1,-1.078310609E0,-9.741711617E0,3.266270161E-1
3.729566829E1,-1.156138301E0,-9.737770081E0,9.781364352E-2
3.731593740E1,-1.209917545E0,-9.730704308E0,-1.409650892E-1
3.733620652E1,-1.205213189E0,-9.725259781E0,-3.703811467E-1
3.735647563E1,-1.156808019E0,-9.721433640E0,-5.708760023E-1
3.737674474E1,-1.059555292E0,-9.719072342E0,-7.663978934E-1
3.739701386E1,-9.259273410E-1,-9.715191841E0,-9.633725882E-1
3.741728297E1,-8.194828033E-1,-9.709018707E0,-1.110773206E0
3.743755209E1,-7.411540151E-1,-9.703968048E0,-1.205857635E0
3.745782120E1,-6.463406086E-1,-9.697894096E0,-1.305173278E0
3.747809032E1,-5.400403142E-1,-9.688771248E0,-1.416494489E0
3.749835943E1,-4.314801991E-1,-9.676137924E0,-1.535110116E0
3.751862855E1,-3.144484460E-1,-9.658325195E0,-1.669809818E0
3.753889766E1,-1.886507720E-1,-9.634169579E0,-1.821420908E0
3.755916678E1,-4.783582315E-2,-9.609595299E0,-1.955450058E0
3.757943589E1,5.225865915E-2,-9.601270676E0,-1.995812178E0
3.759970501E1,1.220525205E-1,-9.608415604E0,-1.958020687E0
3.761997412E1,1.856709570E-1,-9.620173454E0,-1.894247293E0
3.764024323E1,1.935780793E-1,-9.633250237E0,-1.825762272E0
3.766051235E1,1.037513912E-1,-9.645401001E0,-1.768014550E0
3.768078146E1,-1.247185767E-1,-9.667091370E0,-1.643832207E0
3.770105058E1,-4.188827872E-1,-9.706492424E0,-1.333768368E0
3.772131969E1,-6.352393031E-1,-9.755132675E0,-7.773294449E-1
3.774158881E1,-7.440390587E-1,-9.778294563E0,-4.188718274E-2
3.776185792E1,-8.444954753E-1,-9.742622375E0,7.338391542E-1
3.778212704E1,-9.795840979E-1,-9.663946152E0,1.348686218E0
3.780239615E1,-1.099437714E0,-9.586525917E0,1.749326944E0
3.782266527E1,-1.227954865E0,-9.519537926E0,2.010203362E0
3.784293438E1,-1.370710373E0,-9.450721741E0,2.230558634E0
3.786320350E1,-1.581243753E0,-9.360591888E0,2.459545374E0
3.788347261E1,-2.025884390E0,-9.206903458E0,2.701685667E0
3.790374172E1,-2.696262836E0,-8.959809303E0,2.936385870E0
3.792401084E1,-3.233275175E0,-8.653145790E0,3.292325258E0
3.794427995E1,-3.536902189E0,-8.328783989E0,3.780483484E0
3.796454902E1,-3.684089184E0,-8.018657684E0,4.277732849E0
3.798481813E1,-3.729073286E0,-7.743837833E0,4.722009182E0
3.800508725E1,-3.811207533E0,-7.509561062E0,5.025094032E0
3.802535636E1,-3.982784510E0,-7.289732933E0,5.212255478E0
3.804570412E1,-4.151759624E0,-7.078850269E0,5.368718624E0
3.806589464E1,-4.296774864E0,-6.903029919E0,5.482362747E0
3.808616376E1,-4.405777454E0,-6.779123783E0,5.550045490E0
3.810643282E1,-4.487533569E0,-6.736935139E0,5.535893917E0
3.812670193E1,-4.533487320E0,-6.758979321E0,5.471206188E0
3.814697105E1,-4.532063484E0,-6.791565418E0,5.431889057E0
3.816724011E1,-4.507907867E0,-6.813302040E0,5.424764633E0
3.818750922E1,-4.448789597E0,-6.781674385E0,5.512492180E0
3.820777834E1,-4.379152775E0,-6.690630436E0,5.677048206E0
3.822804745E1,-4.322258949E0,-6.723337650E0,5.682006836E0
3.824831652E1,-4.009419441E0,-7.012830257E0,5.560139179E0
3.826858563E1,-3.611314297E0,-7.381924629E0,5.351258755E0
3.828885474E1,-3.430992365E0,-7.625224113E0,5.123927116E0
3.830912386E1,-3.413447618E0,-7.783706188E0,4.892103195E0
3.832939297E1,-3.449828863E0,-7.945407867E0,4.597779274E0
3.834979297E1,-3.452659845E0,-8.150938034E0,4.220395565E0
3.836993120E1,-3.361487865E0,-8.375777245E0,3.836291552E0
3.839020027E1,-3.191083431E0,-8.588048935E0,3.497539043E0
3.841046938E1,-2.982103348E0,-8.779037476E0,3.194674253E0
3.843073850E1,-2.734795570E0,-8.960369110E0,2.898804188E0
3.845113850E1,-2.455485582E0,-9.132116318E0,2.597199440E0
3.847127667E1,-2.171077490E0,-9.283247948E0,2.297416687E0
3.849154579E1,-1.899067640E0,-9.409484863E0,2.006370544E0
3.851181490E1,-1.661823750E0,-9.505523682E0,1.747495294E0
3.853208402E1,-1.468658805E0,-9.575646400E0,1.523291945E0
3.855248402E1,-1.299612164E0,-9.630330086E0,1.318391323E0
3.857262219E1,-1.142936230E0,-9.675532341E0,1.117212534E0
3.859289131E1,-1.001121759E0,-9.712358475E0,9.155524969E-1
3.861316042E1,-8.754302263E-1,-9.740803719E0,7.216336727E-1
3.863342948E1,-7.575356960E-1,-9.762661934E0,5.356743932E-1
3.865369860E1,-6.473830938E-1,-9.779081345E0,3.476273715E-1
3.867396771E1,-5.489405990E-1,-9.790565491E0,1.178340390E-1
3.869423683E1,-4.943124950E-1,-9.792685509E0,-1.713555902E-1
3.871450589E1,-4.849184453E-1,-9.782873154E0,-4.802402854E-1
3.873477500E1,-4.736565948E-1,-9.766551018E0,-7.486684918E-1
3.875496547E1,-4.351800382E-1,-9.752090454E0,-9.368795156E-1
3.877531303E1,-3.931716681E-1,-9.741110802E0,-1.061397076E0
3.879558219E1,-3.660032749E-1,-9.728370667E0,-1.181202888E0
3.881585131E1,-3.373687863E-1,-9.710800171E0,-1.325490475E0
3.883612042E1,-2.676423192E-1,-9.691274643E0,-1.475787997E0
3.885638954E1,-1.459645182E-1,-9.674589157E0,-1.597317100E0
3.887665860E1,2.314569615E-2,-9.661615372E0,-1.680189133E0
3.889692771E1,2.088440657E-1,-9.648585320E0,-1.741138697E0
3.891719683E1,3.608560264E-1,-9.630124092E0,-1.816832423E0
3.893746589E1,4.434049726E-1,-9.617021561E0,-1.867260337E0
3.895773500E1,4.472410381E-1,-9.613018036E0,-1.886860609E0
3.897800417E1,4.012135863E-1,-9.615985870E0,-1.882085085E0
3.899827323E1,3.231969178E-1,-9.626453400E0,-1.843185306E0
3.901854235E1,2.305296212E-1,-9.652276993E0,-1.717788458E0
3.903881141E1,9.514366835E-2,-9.699315071E0,-1.443824410E0
3.905908053E1,-8.074568212E-2,-9.747737885E0,-1.070267916E0
3.907934959E1,-3.086904585E-1,-9.779742241E0,-6.570611596E-1
3.909961870E1,-5.814391375E-1,-9.786796570E0,-2.256675512E-1
3.911988777E1,-8.754843473E-1,-9.764904022E0,2.248535603E-1
3.914015683E1,-1.189363956E0,-9.710487366E0,6.798800826E-1
3.916042594E1,-1.501332760E0,-9.627522469E0,1.107786417E0
3.918069506E1,-1.767039776E0,-9.529781342E0,1.493723512E0
3.920096412E1,-1.951280951E0,-9.426103592E0,1.873888731E0
3.922123323E1,-2.096993208E0,-9.301045418E0,2.294247627E0
3.924150230E1,-2.319828749E0,-9.131277084E0,2.721866846E0
3.926177141E1,-2.747597694E0,-8.890008926E0,3.096585751E0
3.928204047E1,-3.417734385E0,-8.547828674E0,3.379956484E0
3.930230959E1,-4.107223511E0,-8.158312798E0,3.569738388E0
3.932257865E1,-4.646083832E0,-7.771546364E0,3.766612291E0
3.934284771E1,-4.947966099E0,-7.421497345E0,4.075463295E0
3.936311683E1,-5.078946590E0,-7.123544693E0,4.430552006E0
3.938338589E1,-5.131372452E0,-6.868618011E0,4.760408401E0
3.940365495E1,-5.112897873E0,-6.701089382E0,5.012391090E0
3.942392407E1,-5.029137611E0,-6.659533024E0,5.150609016E0
3.944419313E1,-4.899594784E0,-6.746532440E0,5.162234783E0
3.946446219E1,-4.742549896E0,-6.939602852E0,5.051782131E0
3.948473131E1,-4.596672535E0,-7.196304798E0,4.822259426E0
3.950513131E1,-4.505031109E0,-7.459021091E0,4.498675823E0
3.952526948E1,-4.291235447E0,-7.804186821E0,4.104918480E0
3.954553855E1,-4.026215076E0,-8.208918571E0,3.545933962E0
3.956580761E1,-3.840487719E0,-8.520954132E0,2.968903780E0
3.958607672E1,-3.587938547E0,-8.691561699E0,2.784569740E0
3.960634579E1,-3.234623671E0,-8.799976349E0,2.875413656E0
3.962661485E1,-2.781609297E0,-8.895919800E0,3.048875570E0
3.964688396E1,-2.275848150E0,-9.023403168E0,3.093398094E0
3.966715303E1,-1.813393950E0,-9.199539185E0,2.872361898E0
3.968742209E1,-1.425319076E0,-9.384036064E0,2.465505600E0
3.970769115E1,-1.139241576E0,-9.516156197E0,2.077328205E0
3.972796027E1,-9.501181841E-1,-9.586772919E0,1.833425283E0
3.974822933E1,-7.677671313E-1,-9.636978149E0,1.646076798E0
3.976849839E1,-5.653523207E-1,-9.683826447E0,1.440229893E0
3.978876745E1,-3.895363212E-1,-9.725035667E0,1.200972676E0
3.980903652E1,-2.945655286E-1,-9.756668091E0,9.439440966E-1
3.982930563E1,-2.656044960E-1,-9.780080795E0,6.707035303E-1
3.984970563E1,-2.603537440E-1,-9.795432091E0,3.900253773E-1
3.986984376E1,-2.396184355E-1,-9.803233147E0,9.799222648E-2
3.989011282E1,-2.042519897E-1,-9.802563667E0,-1.960072070E-1
3.991038188E1,-1.515245885E-1,-9.796096802E0,-4.288705587E-1
3.993065100E1,-1.021965742E-1,-9.789031029E0,-5.786266923E-1
3.995105100E1,-6.171603501E-2,-9.778605461E0,-7.385552526E-1
3.997118912E1,-2.460488304E-2,-9.760845184E0,-9.464086890E-1
3.999145818E1,2.125058323E-2,-9.737091064E0,-1.165761352E0
4.001172724E1,1.004071832E-1,-9.714376450E0,-1.338356137E0
4.003199631E1,2.139535248E-1,-9.697367668E0,-1.444188476E0
4.005239631E1,3.550862372E-1,-9.686773300E0,-1.486855030E0
4.007253443E1,4.767828286E-1,-9.676071167E0,-1.522074461E0
4.009280350E1,5.096477866E-1,-9.659733772E0,-1.612513423E0
4.011307256E1,4.599157870E-1,-9.649918556E0,-1.684620857E0
4.013334162E1,3.577148318E-1,-9.659824371E0,-1.652337551E0
4.015374162E1,2.416743785E-1,-9.690297127E0,-1.486647725E0
4.017387974E1,1.660619378E-1,-9.726026535E0,-1.243867397E0
4.019414881E1,6.998661160E-2,-9.760782242E0,-9.447814226E-1
4.021441787E1,-9.257363528E-2,-9.788664818E0,-5.863948464E-1
4.023468693E1,-3.287643790E-1,-9.799961090E0,-1.518498212E-1
4.025495600E1,-6.181054711E-1,-9.780722618E0,3.547031581E-1
4.027522506E1,-9.233658910E-1,-9.724038124E0,8.722709417E-1
4.029549412E1,-1.208746433E0,-9.639738083E0,1.335949183E0
4.031576318E1,-1.454318523E0,-9.547466278E0,1.703300238E0
4.033603225E1,-1.690666676E0,-9.465053558E0,1.929973006E0
4.035630131E1,-1.967840791E0,-9.393960953E0,2.012832403E0
4.037657037E1,-2.353731394E0,-9.296302795E0,2.051606178E0
4.039683943E1,-2.865567684E0,-9.118941307E0,2.191761494E0
4.041710844E1,-3.393605709E0,-8.857176781E0,2.490832329E0
4.043737750E1,-3.859968424E0,-8.540019035E0,2.887749195E0
4.045764657E1,-4.303029060E0,-8.194999695E0,3.239802361E0
4.047791563E1,-4.743763447E0,-7.831963062E0,3.511047840E0
4.049818469E1,-5.066843987E0,-7.507970810E0,3.758704424E0
4.051845376E1,-5.153389931E0,-7.310389996E0,4.021337509E0
4.053872277E1,-5.074400902E0,-7.250526905E0,4.225009918E0
4.055899183E1,-4.918999195E0,-7.286287785E0,4.345553398E0
4.057926089E1,-4.698259830E0,-7.412611485E0,4.376065254E0
4.059952995E1,-4.431979656E0,-7.631632328E0,4.276228428E0
4.061979896E1,-4.185076714E0,-7.908927441E0,4.013027191E0
4.064006803E1,-3.921049356E0,-8.213247299E0,3.652168036E0
4.066033709E1,-3.607140779E0,-8.579069138E0,3.091682434E0
4.068060615E1,-3.452043056E0,-8.884640694E0,2.305850506E0
4.070087516E1,-3.327186346E0,-9.009450912E0,1.982426405E0
4.072114422E1,-3.026738405E0,-9.083930016E0,2.119307041E0
4.074141329E1,-2.545648098E0,-9.164665222E0,2.387252092E0
4.076168230E1,-1.959658265E0,-9.265251160E0,2.546614408E0
4.078195136E1,-1.409094453E0,-9.388976097E0,2.456008673E0
4.080222037E1,-1.012656808E0,-9.516321182E0,2.141156673E0
4.082248943E1,-7.953392267E-1,-9.608865738E0,1.790954947E0
4.084275844E1,-6.398745179E-1,-9.671936035E0,1.488152981E0
4.086302751E1,-4.425142109E-1,-9.723095894E0,1.198325396E0
4.088329657E1,-2.248576134E-1,-9.762940407E0,8.971166611E-1
4.090356558E1,-5.554776639E-2,-9.787498474E0,6.100584269E-1
4.092383464E1,3.450559825E-2,-9.799516678E0,3.724012971E-1
4.094410365E1,7.897059619E-2,-9.804964066E0,1.637653708E-1
4.096437271E1,9.907169640E-2,-9.805985451E0,-5.654164404E-2
4.098464172E1,1.121538430E-1,-9.800852776E0,-3.179807961E-1
4.100491073E1,1.571408361E-1,-9.788053513E0,-5.828306675E-1
4.102517980E1,2.315382063E-1,-9.774119377E0,-7.637802362E-1
4.104544886E1,3.104524612E-1,-9.760397911E0,-8.992528319E-1
4.106571787E1,3.646763563E-1,-9.742040634E0,-1.063035965E0
4.108598693E1,3.817383647E-1,-9.720808983E0,-1.237149835E0
4.110625594E1,3.794145882E-1,-9.704918861E0,-1.356825471E0
4.112652495E1,3.752585649E-1,-9.695219994E0,-1.425580859E0
4.114679402E1,4.072267413E-1,-9.684743881E0,-1.486710787E0
4.116706303E1,5.008195639E-1,-9.673146248E0,-1.532900810E0
4.118733209E1,6.388462782E-1,-9.661916733E0,-1.552296758E0
4.120760110E1,7.647690773E-1,-9.649335861E0,-1.573480725E0
4.122787011E1,8.054821491E-1,-9.634189606E0,-1.644375324E0
4.124813917E1,8.217902184E-1,-9.625244141E0,-1.688110352E0
4.126840818E1,8.423982263E-1,-9.634146690E0,-1.626031399E0
4.128867719E1,8.487596512E-1,-9.662825584E0,-1.442144513E0
4.130894626E1,8.386326432E-1,-9.701887131E0,-1.157789469E0
4.132921527E1,7.829502225E-1,-9.741864204E0,-8.083671927E-1
4.134961527E1,6.294043660E-1,-9.777514458E0,-4.176743031E-1
4.136975329E1,3.762532473E-1,-9.799427032E0,6.501622498E-3
4.139002235E1,3.540027887E-2,-9.794618607E0,4.843468368E-1
4.141029136E1,-3.413583636E-1,-9.745248795E0,1.041147828E0
4.143056037E1,-7.345718741E-1,-9.643660545E0,1.621915936E0
4.145096037E1,-1.154596806E0,-9.513824463E0,2.079530478E0
4.147109844E1,-1.562391162E0,-9.398277283E0,2.324157476E0
4.149136745E1,-1.909292817E0,-9.318125725E0,2.386947393E0
4.151163646E1,-2.248081923E0,-9.241017342E0,2.391673803E0
4.153190547E1,-2.684121847E0,-9.088815689E0,2.521767139E0
4.155230547E1,-3.058284998E0,-8.880306244E0,2.820891857E0
4.157244350E1,-3.322839499E0,-8.649568558E0,3.211555243E0
4.159271250E1,-3.638625860E0,-8.369259834E0,3.589747667E0
4.161298152E1,-4.094977379E0,-8.023978233E0,3.875217676E0
4.163325053E1,-4.561912060E0,-7.666301250E0,4.072735786E0
4.165351954E1,-4.852257252E0,-7.370415211E0,4.278197289E0
4.167378855E1,-4.946170807E0,-7.186088085E0,4.479500771E0
4.169405756E1,-4.974625111E0,-7.087275982E0,4.603695869E0
4.171432657E1,-4.944680691E0,-7.067212582E0,4.666372299E0
4.173459558E1,-4.838481903E0,-7.144893169E0,4.659395218E0
4.175499558E1,-4.672568321E0,-7.329777718E0,4.540027142E0
4.177513360E1,-4.483241081E0,-7.605431080E0,4.269470215E0
4.179540261E1,-4.364199638E0,-7.893140793E0,3.849996567E0
4.181567162E1,-4.275605679E0,-8.167035103E0,3.345012665E0
4.183594063E1,-4.076490879E0,-8.466763496E0,2.804734707E0
4.185620964E1,-3.784950972E0,-8.721178055E0,2.405323029E0
4.187647865E1,-3.458692551E0,-8.854699135E0,2.408764124E0
4.189674766E1,-2.993602276E0,-8.950551033E0,2.663901567E0
4.191701667E1,-2.401010990E0,-9.054487228E0,2.902033567E0
4.193728568E1,-1.772811294E0,-9.204915047E0,2.880462408E0
4.195755464E1,-1.289908409E0,-9.379712105E0,2.554902077E0
4.197782365E1,-1.042820454E0,-9.510193825E0,2.153866768E0
4.199809266E1,-9.287616611E-1,-9.592606544E0,1.813750029E0
4.201836167E1,-7.688385248E-1,-9.655543327E0,1.532892585E0
4.203863068E1,-5.867516994E-1,-9.701658249E0,1.305344105E0
4.205889964E1,-4.365969598E-1,-9.735666275E0,1.093876839E0
4.207916865E1,-3.170516789E-1,-9.762780190E0,8.706206083E-1
4.209943766E1,-2.317872643E-1,-9.782800674E0,6.430193186E-1
4.211970667E1,-1.577176750E-1,-9.797189713E0,4.007359743E-1
4.213997563E1,-7.999355346E-2,-9.805569649E0,1.216829345E-1
4.216024464E1,-1.338005997E-2,-9.805069923E0,-1.755754799E-1
4.218051365E1,4.033705592E-2,-9.797737122E0,-4.160497487E-1
4.220078261E1,7.341551781E-2,-9.789585114E0,-5.735930204E-1
4.222105162E1,8.315438032E-2,-9.781130791E0,-7.021021247E-1
4.224132063E1,9.683524817E-2,-9.769261360E0,-8.500306606E-1
4.226158959E1,1.249540374E-1,-9.755535126E0,-9.921171069E-1
4.228185860E1,1.597271562E-1,-9.742950439E0,-1.104442716E0
4.230212756E1,1.979473531E-1,-9.732194901E0,-1.189788222E0
4.232239657E1,2.462354898E-1,-9.721023560E0,-1.269434214E0
4.234266558E1,3.393089175E-1,-9.708193779E0,-1.343963623E0
4.236293454E1,4.742067158E-1,-9.696624756E0,-1.385992885E0
4.238320355E1,5.641641021E-1,-9.689655304E0,-1.400961280E0
4.240347250E1,5.912988782E-1,-9.687361717E0,-1.405615687E0
4.242374152E1,6.036372185E-1,-9.691817284E0,-1.369195461E0
4.244401047E1,6.033799052E-1,-9.701011658E0,-1.302568793E0
4.246427948E1,5.829109550E-1,-9.720800400E0,-1.156136870E0
4.248454844E1,5.532311797E-1,-9.748582840E0,-9.107372761E-1
4.250494844E1,4.746749997E-1,-9.777073860E0,-5.948947072E-1
4.252508641E1,3.080288172E-1,-9.798627853E0,-2.497661710E-1
4.254535542E1,9.091998637E-2,-9.805687904E0,1.029704958E-1
4.256562438E1,-1.754923165E-1,-9.793031693E0,4.859223962E-1
4.258589334E1,-5.227140784E-1,-9.752903938E0,8.820575476E-1
4.260616235E1,-9.396658540E-1,-9.683765411E0,1.229672551E0
4.262643126E1,-1.384275079E0,-9.593070984E0,1.492364407E0
4.264670027E1,-1.822607756E0,-9.485716820E0,1.694009304E0
4.266696928E1,-2.216903210E0,-9.360158920E0,1.908706546E0
4.268723823E1,-2.514964581E0,-9.220605850E0,2.196761608E0
4.270750719E1,-2.693187952E0,-9.078285217E0,2.549876690E0
4.272777615E1,-2.815524578E0,-8.916664124E0,2.955726147E0
4.274804511E1,-3.085903168E0,-8.667654037E0,3.394019365E0
4.276831407E1,-3.632866859E0,-8.290520668E0,3.773584127E0
4.278858308E1,-4.277227879E0,-7.865394592E0,4.001410484E0
4.280885209E1,-4.739365101E0,-7.507686138E0,4.164546967E0
4.282912105E1,-4.865639687E0,-7.301827431E0,4.379413128E0
4.284952105E1,-4.795904160E0,-7.224822998E0,4.579478741E0
4.286965896E1,-4.624401569E0,-7.251220226E0,4.712227821E0
4.288992792E1,-4.352733612E0,-7.395763874E0,4.746238232E0
4.291019693E1,-4.030456066E0,-7.662823677E0,4.605100632E0
4.293046589E1,-3.756439686E0,-8.018136024E0,4.215335846E0
4.295086589E1,-3.493738651E0,-8.390492439E0,3.682910442E0
4.297100381E1,-3.213046551E0,-8.735013962E0,3.089702129E0
4.299127277E1,-3.057358503E0,-8.980813026E0,2.483537197E0
4.301154172E1,-2.944224119E0,-9.060857773E0,2.324390411E0
4.303181068E1,-2.709447145E0,-9.102976799E0,2.442354679E0
4.305221068E1,-2.372367144E0,-9.138410568E0,2.651738405E0
4.307234865E1,-1.954627156E0,-9.205244064E0,2.759224176E0
4.309261761E1,-1.473189831E0,-9.324655533E0,2.655352354E0
4.311288657E1,-1.007900953E0,-9.471460342E0,2.333657980E0
4.313315547E1,-6.873838902E-1,-9.587368965E0,1.944282413E0
4.315355547E1,-5.726432204E-1,-9.653371811E0,1.629378557E0
4.317369344E1,-5.315356851E-1,-9.693400383E0,1.387748599E0
4.319396240E1,-4.652646780E-1,-9.723012924E0,1.190343261E0
4.321423136E1,-3.487979472E-1,-9.747734070E0,1.015090942E0
4.323450032E1,-2.393022031E-1,-9.766608238E0,8.523509502E-1
4.325476928E1,-1.471095532E-1,-9.785222054E0,6.310114264E-1
4.327503823E1,-7.203437388E-2,-9.800844193E0,3.295852542E-1
4.329530719E1,-1.135328412E-2,-9.806642532E0,-5.511712749E-3
4.331557610E1,5.215945467E-2,-9.801969528E0,-2.984195650E-1
4.333584506E1,1.410119832E-1,-9.793841362E0,-4.808094203E-1
4.335611402E1,2.226540148E-1,-9.784905434E0,-6.135421991E-1
4.337638297E1,2.501456141E-1,-9.770929337E0,-7.979844213E-1
4.339665193E1,2.552471161E-1,-9.749229431E0,-1.028475523E0
4.341692089E1,2.846950591E-1,-9.724320412E0,-1.235692024E0
4.343718980E1,3.385929763E-1,-9.702519417E0,-1.384508252E0
4.345745876E1,4.070069194E-1,-9.683844566E0,-1.492607355E0
4.347772771E1,5.073632002E-1,-9.665003777E0,-1.581351042E0
4.349799662E1,6.391598582E-1,-9.645537376E0,-1.650906324E0
4.351826558E1,7.893102765E-1,-9.625848770E0,-1.700119615E0
4.353853454E1,9.081386924E-1,-9.605567932E0,-1.754634142E0
4.355880344E1,9.757484794E-1,-9.591587067E0,-1.794367433E0
4.357907240E1,9.739869833E-1,-9.596220016E0,-1.770396352E0
4.359934136E1,9.346020818E-1,-9.623120308E0,-1.640869737E0
4.361961027E1,8.941133618E-1,-9.662844658E0,-1.414349556E0
4.363987922E1,8.153046966E-1,-9.708288193E0,-1.120188355E0
4.366014818E1,6.594061255E-1,-9.752432823E0,-7.909621000E-1
4.368041709E1,4.160435200E-1,-9.788832664E0,-4.196037650E-1
4.370068605E1,1.082592756E-1,-9.806051254E0,-6.155945361E-3
4.372095495E1,-2.500594556E-1,-9.793839455E0,4.342693090E-1
4.374122391E1,-6.401564479E-1,-9.746742249E0,8.727019429E-1
4.376149282E1,-9.996877909E-1,-9.674894333E0,1.251973271E0
4.378176178E1,-1.297695279E0,-9.599525452E0,1.528229594E0
4.380203068E1,-1.571319580E0,-9.527533531E0,1.710983753E0
4.382229964E1,-1.882324934E0,-9.440502167E0,1.871942759E0
4.384256855E1,-2.216624498E0,-9.319723129E0,2.097552538E0
4.386283750E1,-2.511784077E0,-9.158818245E0,2.444869041E0
4.388310641E1,-2.812208176E0,-8.941343307E0,2.883445263E0
4.390337532E1,-3.218041420E0,-8.644904137E0,3.328697920E0
4.392364428E1,-3.774538279E0,-8.271037102E0,3.676028490E0
4.394391318E1,-4.345789909E0,-7.876136303E0,3.905247688E0
4.396418204E1,-4.701198101E0,-7.535549641E0,4.157477379E0
4.398445105E1,-4.778481960E0,-7.316186428E0,4.450831890E0
4.400471995E1,-4.719103336E0,-7.202801704E0,4.692559242E0
4.402498886E1,-4.594788074E0,-7.170655727E0,4.862099648E0
4.404525782E1,-4.437506199E0,-7.230462074E0,4.919281960E0
4.406552672E1,-4.245115280E0,-7.381375790E0,4.864635944E0
4.408579563E1,-4.044447899E0,-7.619009018E0,4.665140629E0
4.410606454E1,-3.910895586E0,-7.890213966E0,4.315066814E0
4.412633344E1,-3.850498676E0,-8.134057999E0,3.896299601E0
4.414660240E1,-3.826579332E0,-8.400275230E0,3.311051130E0
4.416687131E1,-3.855856895E0,-8.646576881E0,2.557235479E0
4.418714021E1,-3.698504448E0,-8.809741974E0,2.209050417E0
4.420740912E1,-3.384922028E0,-8.909103394E0,2.310966730E0
4.422767808E1,-2.937783480E0,-8.998912811E0,2.561127424E0
4.424794698E1,-2.414094448E0,-9.121671677E0,2.671637535E0
4.426821589E1,-1.933193922E0,-9.295845032E0,2.453654289E0
4.428848480E1,-1.568734288E0,-9.460870743E0,2.049730539E0
4.430875370E1,-1.344415188E0,-9.553245544E0,1.760241270E0
4.432902261E1,-1.167780519E0,-9.600010872E0,1.626793861E0
4.434942261E1,-9.508984685E-1,-9.643307686E0,1.507579803E0
4.436956042E1,-7.446636558E-1,-9.689359665E0,1.316123724E0
4.438982938E1,-6.089505553E-1,-9.730328560E0,1.058437467E0
4.441009829E1,-5.483377576E-1,-9.760725975E0,7.732687593E-1
4.443036719E1,-5.274192691E-1,-9.780619621E0,4.813705683E-1
4.445076719E1,-5.213825703E-1,-9.790875435E0,1.931355149E-1
4.447090501E1,-4.996310472E-1,-9.793582916E0,-8.052158356E-2
4.449117391E1,-4.553031027E-1,-9.790152550E0,-3.405736983E-1
4.451144282E1,-4.118897021E-1,-9.780225754E0,-5.898553729E-1
4.453171172E1,-3.809861243E-1,-9.763510704E0,-8.361092210E-1
4.455211172E1,-3.592323363E-1,-9.740369797E0,-1.080062032E0
4.457224954E1,-3.317216039E-1,-9.714369774E0,-1.300531268E0
4.459251844E1,-3.132013381E-1,-9.688923836E0,-1.482245207E0
4.461278735E1,-3.116379678E-1,-9.666272163E0,-1.623717308E0
4.463305626E1,-3.062489331E-1,-9.650568962E0,-1.715551734E0
4.465345626E1,-2.893030941E-1,-9.640522003E0,-1.773988366E0
4.467359407E1,-2.432157546E-1,-9.631925583E0,-1.826812029E0
4.469386297E1,-1.528012007E-1,-9.622484207E0,-1.885427237E0
4.471413188E1,-4.769184440E-2,-9.610863686E0,-1.949210882E0
4.473440073E1,4.100637138E-2,-9.593452454E0,-2.033318043E0
4.475480073E1,1.606208682E-1,-9.569672585E0,-2.136811018E0
4.477493855E1,3.523660898E-1,-9.545180321E0,-2.221659899E0
4.479520745E1,5.870827436E-1,-9.524616241E0,-2.259958744E0
4.481547636E1,7.461163998E-1,-9.503263474E0,-2.302539110E0
4.483574521E1,7.800251245E-1,-9.485501289E0,-2.363723755E0
4.485601412E1,8.321561813E-1,-9.480747223E0,-2.365024090E0
4.487628303E1,9.011222124E-1,-9.494255066E0,-2.284180880E0
4.489655193E1,9.594157338E-1,-9.527365685E0,-2.116417885E0
4.491682084E1,9.901848435E-1,-9.570131302E0,-1.898029566E0
4.493708974E1,9.601088762E-1,-9.619233131E0,-1.648917675E0
4.495735860E1,8.435767889E-1,-9.670123100E0,-1.395522475E0
4.497762750E1,6.832123399E-1,-9.721196175E0,-1.096334934E0
4.499789641E1,4.937886596E-1,-9.767292023E0,-7.256540656E-1
4.501816532E1,2.592075765E-1,-9.798210144E0,-3.134870827E-1
4.503843417E1,-1.398280915E-2,-9.806482315E0,5.572946370E-2
4.505870308E1,-2.898402214E-1,-9.797615051E0,3.051637411E-1
4.507897198E1,-5.383455157E-1,-9.781176567E0,4.573239088E-1
4.509924084E1,-7.341619730E-1,-9.762266159E0,5.740576982E-1
4.511950974E1,-8.444708586E-1,-9.743685722E0,7.196161151E-1
4.513977860E1,-8.961869478E-1,-9.718399048E0,9.591421485E-1
4.516004750E1,-9.840798378E-1,-9.679478645E0,1.228688478E0
4.518031641E1,-1.074375987E0,-9.639924049E0,1.444977880E0
4.520058527E1,-1.127093434E0,-9.605115891E0,1.625360012E0
4.522085417E1,-1.175723791E0,-9.568832397E0,1.795973063E0
4.524112303E1,-1.274319887E0,-9.528152466E0,1.939281821E0
4.526139193E1,-1.453155041E0,-9.478799820E0,2.052094936E0
4.528166079E1,-1.684309363E0,-9.419239998E0,2.147421122E0
4.530192969E1,-1.931135654E0,-9.354963303E0,2.219404459E0
4.532219855E1,-2.163645506E0,-9.294642448E0,2.258019924E0
4.534246740E1,-2.346770525E0,-9.244713783E0,2.279983997E0
4.536273631E1,-2.482310772E0,-9.203169823E0,2.304383755E0
4.538300516E1,-2.594170809E0,-9.165426254E0,2.331440210E0
4.540327407E1,-2.664591074E0,-9.142442703E0,2.342236757E0
4.542354292E1,-2.647147417E0,-9.151285172E0,2.327441692E0
4.544381183E1,-2.513070583E0,-9.195854187E0,2.300248623E0
4.546408068E1,-2.262970686E0,-9.269691467E0,2.263219595E0
4.548434954E1,-1.957156539E0,-9.353450775E0,2.202925682E0
4.550474954E1,-1.786225557E0,-9.425437927E0,2.034923077E0
4.552488730E1,-1.891474366E0,-9.469305038E0,1.710255504E0
4.554515615E1,-2.141030073E0,-9.470678329E0,1.375722647E0
4.556542506E1,-2.433339119E0,-9.420265198E0,1.227952123E0
4.558569391E1,-2.677124500E0,-9.355365753E0,1.216765046E0
4.560596277E1,-2.647680521E0,-9.352907181E0,1.297429681E0
4.562623167E1,-2.476322174E0,-9.340139389E0,1.673323870E0
4.564650053E1,-2.152520657E0,-9.342985153E0,2.060500383E0
4.566676938E1,-1.796927929E0,-9.392621040E0,2.172583342E0
4.568703829E1,-1.440985918E0,-9.472015381E0,2.091619492E0
4.570730714E1,-1.104517937E0,-9.557034492E0,1.900926232E0
4.572757600E1,-9.350101948E-1,-9.627407074E0,1.615292907E0
4.574784485E1,-9.088169932E-1,-9.676385880E0,1.308439612E0
4.576811370E1,-8.887503147E-1,-9.703797340E0,1.103096843E0
4.578838256E1,-8.571218848E-1,-9.714247704E0,1.033983350E0
4.580865146E1,-8.431566358E-1,-9.712905884E0,1.057792425E0
4.582892032E1,-8.620381951E-1,-9.706716537E0,1.098605275E0
4.584922850E1,-8.843165040E-1,-9.711507797E0,1.036813855E0
4.586945808E1,-9.096171260E-1,-9.728234291E0,8.393105268E-1
4.588972693E1,-9.228608608E-1,-9.747521400E0,5.518470407E-1
4.590999584E1,-8.565044403E-1,-9.766681671E0,2.206949890E-1
4.593026464E1,-7.520636916E-1,-9.777227402E0,-1.029529795E-1
4.595066464E1,-6.641937494E-1,-9.778725624E0,-3.252036273E-1
4.597080235E1,-6.195582151E-1,-9.779588699E0,-3.823280334E-1
4.599107120E1,-5.664706230E-1,-9.783188820E0,-3.724480569E-1
4.601134006E1,-4.780470729E-1,-9.786836624E0,-3.996219337E-1
4.603160891E1,-3.673368096E-1,-9.786566734E0,-5.084971786E-1
4.605200891E1,-2.411837578E-1,-9.778029442E0,-7.087614536E-1
4.607214662E1,-1.169590503E-1,-9.756875038E0,-9.798485041E-1
4.609241547E1,-1.835496351E-2,-9.720614433E0,-1.296030045E0
4.611268433E1,5.507796630E-2,-9.675706863E0,-1.596260309E0
4.613295318E1,1.855729371E-1,-9.643066406E0,-1.774039030E0
4.615335318E1,2.823562324E-1,-9.639634132E0,-1.779920340E0
4.617349089E1,3.119814694E-1,-9.643363953E0,-1.754591346E0
4.619375974E1,3.178024292E-1,-9.631047249E0,-1.819980860E0
4.621402860E1,3.251254261E-1,-9.594676018E0,-2.001717806E0
4.623429745E1,3.648974895E-1,-9.539959908E0,-2.241962910E0
4.625469745E1,4.340842366E-1,-9.502439499E0,-2.384450674E0
4.627483516E1,4.559804201E-1,-9.523135185E0,-2.296161413E0
4.629510396E1,3.276019096E-1,-9.595573425E0,-1.997008443E0
4.631537282E1,1.575512290E-1,-9.679105759E0,-1.568591356E0
4.633564167E1,4.755710438E-2,-9.754048347E0,-1.013245106E0
4.635591053E1,-9.495017678E-2,-9.801413536E0,-3.060590029E-1
4.637617938E1,-3.369470239E-1,-9.791280746E0,4.332147837E-1
4.639644889E1,-6.307978630E-1,-9.726134300E0,1.083872080E0
4.641671722E1,-8.819642663E-1,-9.632483482E0,1.614865899E0
4.643698608E1,-1.083732128E0,-9.523346901E0,2.074072838E0
4.645725488E1,-1.256025791E0,-9.407115936E0,2.469609737E0
4.647752373E1,-1.449887633E0,-9.290965080E0,2.783197165E0
4.649779259E1,-1.792526960E0,-9.139428139E0,3.070517540E0
4.651806144E1,-2.323916197E0,-8.907472610E0,3.380345583E0
4.653833030E1,-2.897529125E0,-8.594044685E0,3.730565786E0
4.655859910E1,-3.395354271E0,-8.232055664E0,4.107945442E0
4.657886795E1,-3.724570751E0,-7.861476898E0,4.527155399E0
4.659913681E1,-3.833668709E0,-7.529740334E0,4.977586746E0
4.661940561E1,-3.967623472E0,-7.234070301E0,5.300621033E0
4.663967446E1,-4.236309528E0,-6.946226597E0,5.474851608E0
4.665994332E1,-4.526088715E0,-6.685416222E0,5.566877365E0
4.668021212E1,-4.763070583E0,-6.481245995E0,5.610436916E0
4.670048097E1,-4.875985146E0,-6.348129272E0,5.665369987E0
4.672074983E1,-4.866430283E0,-6.292254925E0,5.735483170E0
4.674101863E1,-4.819284439E0,-6.297607899E0,5.769316673E0
4.676128748E1,-4.773651123E0,-6.360232353E0,5.738473892E0
4.678155628E1,-4.722423553E0,-6.473965168E0,5.653041840E0
4.680182514E1,-4.689883232E0,-6.610815048E0,5.520192146E0
4.682209399E1,-4.676470757E0,-6.765089989E0,5.341775894E0
4.684236280E1,-4.692279816E0,-6.848094940E0,5.220776558E0
4.686263165E1,-4.660943508E0,-6.823195457E0,5.281097889E0
4.688290045E1,-4.404758930E0,-7.018407345E0,5.245040417E0
4.690316931E1,-4.009248734E0,-7.284948826E0,5.198638439E0
4.692343806E1,-3.632781267E0,-7.436248779E0,5.260751724E0
4.694370696E1,-3.289161444E0,-7.613734722E0,5.232863903E0
4.696397576E1,-2.991848707E0,-7.903408051E0,4.975476265E0
4.698424462E1,-2.749325275E0,-8.290670395E0,4.458295345E0
4.700451347E1,-2.635060072E0,-8.673405647E0,3.741506577E0
4.702478228E1,-2.584314108E0,-8.932123184E0,3.115907431E0
4.704505113E1,-2.517348528E0,-9.090525627E0,2.682477951E0
4.706531993E1,-2.373176575E0,-9.216245651E0,2.366273642E0
4.708558873E1,-2.152458668E0,-9.331945419E0,2.110001802E0
4.710585759E1,-1.903218746E0,-9.435906410E0,1.873982191E0
4.712612634E1,-1.639188409E0,-9.532930374E0,1.614522934E0
4.714639524E1,-1.359046459E0,-9.618847847E0,1.342069268E0
4.716666405E1,-1.074658871E0,-9.686561584E0,1.089051127E0
4.718693290E1,-8.035902381E-1,-9.735232353E0,8.659579158E-1
4.720720170E1,-5.586273670E-1,-9.768788338E0,6.550621390E-1
4.722747050E1,-3.524641395E-1,-9.791290283E0,4.204691350E-1
4.724773936E1,-2.111168653E-1,-9.802840233E0,1.735986471E-1
4.726800816E1,-1.544719636E-1,-9.805310249E0,-4.921210185E-2
4.728827696E1,-1.395931840E-1,-9.802320480E0,-2.557662725E-1
4.730854582E1,-9.149957448E-2,-9.794501305E0,-4.793351591E-1
4.732881462E1,-2.216721512E-2,-9.779148102E0,-7.335963249E-1
4.734908347E1,1.526896749E-2,-9.754784584E0,-1.007143497E0
4.736935228E1,-1.496263687E-2,-9.733595848E0,-1.194695830E0
4.738962103E1,-8.848393708E-2,-9.724147797E0,-1.266292214E0
4.740988993E1,-1.629583538E-1,-9.716153145E0,-1.319170952E0
4.743015873E1,-1.912736595E-1,-9.703281403E0,-1.407180190E0
4.745055873E1,-1.658011675E-1,-9.690265656E0,-1.497209907E0
4.747069634E1,-1.100868955E-1,-9.685936928E0,-1.530002117E0
4.749096519E1,-4.633141682E-2,-9.687249184E0,-1.524937510E0
4.751123399E1,9.551025927E-3,-9.684641838E0,-1.542081594E0
4.753150280E1,8.918899298E-2,-9.678637505E0,-1.576833963E0
4.755190280E1,1.704258323E-1,-9.672437668E0,-1.607888460E0
4.757204045E1,1.805942208E-1,-9.666751862E0,-1.640632272E0
4.759230925E1,1.048960388E-1,-9.667955399E0,-1.640130758E0
4.761257806E1,-2.647931315E-2,-9.677002907E0,-1.589122415E0
4.763284686E1,-1.206650287E-1,-9.696637154E0,-1.459812641E0
4.765324686E1,-1.004714519E-1,-9.726342201E0,-1.248416305E0
4.767338451E1,-3.992422298E-2,-9.757448196E0,-9.803066254E-1
4.769365332E1,-9.919976816E-3,-9.781354904E0,-7.038291097E-1
4.771392212E1,-2.915250883E-2,-9.796758652E0,-4.393746853E-1
4.773419092E1,-1.025724709E-1,-9.804992676E0,-1.482380480E-1
4.775459092E1,-2.176723629E-1,-9.801683426E0,2.236153185E-1
4.777472858E1,-3.992584944E-1,-9.775168419E0,6.760573983E-1
4.779499738E1,-6.706537604E-1,-9.718272209E0,1.129508018E0
4.781526618E1,-9.911459088E-1,-9.643486977E0,1.480263710E0
4.783553498E1,-1.311934710E0,-9.567301750E0,1.707617044E0
4.785580379E1,-1.601281762E0,-9.502397537E0,1.819540739E0
4.787607259E1,-1.849764824E0,-9.422397614E0,1.991772890E0
4.789634139E1,-2.046606302E0,-9.281633377E0,2.415172338E0
4.791661019E1,-2.237771988E0,-9.081425667E0,2.947960854E0
4.793687899E1,-2.556571484E0,-8.822366714E0,3.435137272E0
4.795714780E1,-3.085903406E0,-8.502213478E0,3.789451838E0
4.797741660E1,-3.659802198E0,-8.159917831E0,4.023926258E0
4.799768540E1,-4.057349205E0,-7.838018417E0,4.274783134E0
4.801795420E1,-4.201311111E0,-7.583168983E0,4.584202766E0
4.803822300E1,-4.256132603E0,-7.416422844E0,4.801291466E0
4.805849181E1,-4.271077156E0,-7.341838837E0,4.901599884E0
4.807876061E1,-4.203534126E0,-7.382149220E0,4.899446487E0
4.809902941E1,-4.063633442E0,-7.537707806E0,4.779145718E0
4.811929821E1,-3.891345978E0,-7.784539700E0,4.519818306E0
4.813956701E1,-3.741996527E0,-8.069454193E0,4.129379272E0
4.815983582E1,-3.636044979E0,-8.329558372E0,3.683477879E0
4.818010462E1,-3.562475681E0,-8.568175316E0,3.172620535E0
4.820037342E1,-3.567387104E0,-8.784629822E0,2.504877567E0
4.822064222E1,-3.431455612E0,-8.911347389E0,2.232348442E0
4.824091102E1,-3.045289755E0,-9.013892174E0,2.376207352E0
4.826117983E1,-2.481100559E0,-9.115760803E0,2.630099058E0
4.828144863E1,-1.839616060E0,-9.221676826E0,2.783322334E0
4.830171738E1,-1.248582363E0,-9.346008301E0,2.695097923E0
4.832198618E1,-8.442673087E-1,-9.481406212E0,2.358081102E0
4.834225498E1,-6.499757767E-1,-9.582229614E0,1.982120633E0
4.836252378E1,-5.469238758E-1,-9.641908646E0,1.704366565E0
4.838279259E1,-3.956673741E-1,-9.682444572E0,1.504695773E0
4.840306139E1,-2.040033340E-1,-9.716372490E0,1.311827183E0
4.842333019E1,-3.727108613E-2,-9.747076988E0,1.078650951E0
4.844359899E1,6.597268581E-2,-9.773515701E0,8.027611971E-1
4.846386780E1,1.055328548E-1,-9.793357849E0,4.993869066E-1
4.848413655E1,1.104691103E-1,-9.804229736E0,1.877887696E-1
4.850453654E1,1.331730038E-1,-9.804895401E0,-1.291681677E-1
4.852467415E1,2.028035969E-1,-9.796023369E0,-4.088715911E-1
4.854494295E1,2.965288758E-1,-9.783084869E0,-6.113171577E-1
4.856521175E1,3.770042658E-1,-9.768625259E0,-7.760215402E-1
4.858548050E1,4.190732241E-1,-9.749200821E0,-9.735874534E-1
4.860574931E1,4.369629920E-1,-9.725679398E0,-1.179248452E0
4.862601811E1,4.467174709E-1,-9.707078934E0,-1.320395350E0
4.864628691E1,4.448349476E-1,-9.695968628E0,-1.400253773E0
4.866655566E1,4.528931379E-1,-9.687384605E0,-1.455972314E0
4.868682446E1,5.023336411E-1,-9.676893234E0,-1.508572817E0
4.870709326E1,5.948958397E-1,-9.665307999E0,-1.548646092E0
4.872736207E1,6.972094774E-1,-9.653658867E0,-1.578338027E0
4.874763082E1,7.661643028E-1,-9.641962051E0,-1.617387772E0
4.876789962E1,8.065892458E-1,-9.639164925E0,-1.614407063E0
4.878816842E1,7.906652689E-1,-9.657094955E0,-1.511866927E0
4.880843717E1,7.593538761E-1,-9.693099976E0,-1.279675007E0
4.882870597E1,7.186609507E-1,-9.732929230E0,-9.612479210E-1
4.884910597E1,6.270765066E-1,-9.766994476E0,-6.188504696E-1
4.886924352E1,4.546189010E-1,-9.792600632E0,-2.620548308E-1
4.888951228E1,2.148563564E-1,-9.803473473E0,1.270279437E-1
4.890978108E1,-5.653750524E-2,-9.790030479E0,5.678936243E-1
4.893004988E1,-3.251623213E-1,-9.740849495E0,1.086514950E0
4.895044988E1,-5.754470825E-1,-9.652269363E0,1.634912729E0
4.897058743E1,-7.981825471E-1,-9.547224998E0,2.093750000E0
4.899085623E1,-1.032354474E0,-9.447762489E0,2.417522192E0
4.901112504E1,-1.316847086E0,-9.360424995E0,2.611274719E0
4.903139379E1,-1.662940621E0,-9.274179459E0,2.719303608E0
4.905179378E1,-2.017623663E0,-9.160836220E0,2.859837294E0
4.907193134E1,-2.264176369E0,-9.008231163E0,3.145736694E0
4.909220014E1,-2.473682165E0,-8.782846451E0,3.593451738E0
4.911246894E1,-2.860203028E0,-8.451387405E0,4.069848061E0
4.913273769E1,-3.433182001E0,-8.074168205E0,4.380805492E0
4.915313769E1,-3.986544371E0,-7.747136593E0,4.501080513E0
4.917327530E1,-4.258273602E0,-7.525212765E0,4.626949310E0
4.919354404E1,-4.265003204E0,-7.442009449E0,4.753591537E0
4.921381285E1,-4.198872089E0,-7.472085953E0,4.765268803E0
4.923408160E1,-4.068599224E0,-7.583851337E0,4.701285839E0
4.925435040E1,-3.861758471E0,-7.779711723E0,4.553383350E0
4.927461915E1,-3.607028246E0,-8.058709145E0,4.268132210E0
4.929488795E1,-3.346337557E0,-8.377386093E0,3.846013308E0
4.931515670E1,-2.986969948E0,-8.741877556E0,3.290591240E0
4.933542550E1,-2.753904343E0,-9.065237045E0,2.531377554E0
4.935569425E1,-2.681547165E0,-9.183022499E0,2.156800032E0
4.937596306E1,-2.552772045E0,-9.201945305E0,2.231130362E0
4.939623186E1,-2.201948881E0,-9.225396156E0,2.492766142E0
4.941650061E1,-1.656475544E0,-9.278878212E0,2.707192183E0
4.943676936E1,-1.067324400E0,-9.394089699E0,2.604281902E0
4.945703816E1,-6.342670918E-1,-9.538713455E0,2.186556339E0
4.947730696E1,-4.552651346E-1,-9.636985779E0,1.758301497E0
4.949757571E1,-3.992703259E-1,-9.694794655E0,1.421944499E0
4.951784446E1,-2.851635814E-1,-9.741095543E0,1.095504165E0
4.953811326E1,-1.179734841E-1,-9.774668694E0,7.825084925E-1
4.955838201E1,4.094935581E-2,-9.791849136E0,5.370283723E-1
4.957865082E1,1.402367055E-1,-9.798213959E0,3.817579746E-1
4.959891957E1,2.021149695E-1,-9.802013397E0,2.237242311E-1
4.961918837E1,2.582806051E-1,-9.803230286E0,-1.877376065E-2
4.963945712E1,3.053022921E-1,-9.795342445E0,-3.584117889E-1
4.965972587E1,3.487206995E-1,-9.777593613E0,-6.689187288E-1
4.967999467E1,4.193215668E-1,-9.761358261E0,-8.428723812E-1
4.970026342E1,5.088766217E-1,-9.748394966E0,-9.382086992E-1
4.972053217E1,5.640231967E-1,-9.735468864E0,-1.035819054E0
4.974080097E1,5.786679983E-1,-9.720260620E0,-1.162786603E0
4.976106972E1,5.809916258E-1,-9.703856468E0,-1.291514516E0
4.978133852E1,6.039907932E-1,-9.689270973E0,-1.386942387E0
4.980160728E1,6.679131389E-1,-9.675495148E0,-1.452260137E0
4.982187602E1,7.638028264E-1,-9.663614273E0,-1.483763933E0
4.984214483E1,8.617506623E-1,-9.655050278E0,-1.485860109E0
4.986241358E1,9.393865466E-1,-9.645409584E0,-1.501336813E0
4.988268233E1,9.502088428E-1,-9.631375313E0,-1.582434535E0
4.990295113E1,9.159324765E-1,-9.621433258E0,-1.661173105E0
4.992321988E1,8.722309470E-1,-9.636744499E0,-1.594600677E0
4.994348868E1,8.750901222E-1,-9.680019379E0,-1.304540038E0
4.996375743E1,8.831794262E-1,-9.725869179E0,-8.932178020E-1
4.998402618E1,7.840546966E-1,-9.764012337E0,-4.687505364E-1
5.000429493E1,5.700318217E-1,-9.789774895E0,-7.591421157E-2
5.002456373E1,2.937559783E-1,-9.797546387E0,3.036340773E-1
5.004483248E1,4.273466393E-2,-9.778888702E0,7.361327410E-1
5.006510123E1,-1.633389145E-1,-9.733698845E0,1.182720065E0
5.008537004E1,-3.696605563E-1,-9.673221588E0,1.569242001E0
5.010563879E1,-6.113216877E-1,-9.601723671E0,1.898307085E0
5.012590754E1,-8.900777698E-1,-9.520339012E0,2.177449465E0
5.014617634E1,-1.252111197E0,-9.422342300E0,2.412893057E0
5.016644509E1,-1.707467437E0,-9.275077820E0,2.688469410E0
5.018671384E1,-2.020707607E0,-9.082306862E0,3.098196268E0
5.020698264E1,-2.116775751E0,-8.865778923E0,3.617681503E0
5.022725139E1,-2.267654657E0,-8.615324974E0,4.099306107E0
5.024752014E1,-2.750566721E0,-8.313427925E0,4.414937973E0
5.026778889E1,-3.441313028E0,-7.969946384E0,4.561545849E0
5.028805769E1,-3.987591028E0,-7.647868156E0,4.666866302E0
5.030845769E1,-4.184640408E0,-7.449789047E0,4.812463760E0
5.032859519E1,-4.175924778E0,-7.389472008E0,4.911999226E0
5.034886394E1,-4.072235107E0,-7.411309719E0,4.965860844E0
5.036913264E1,-3.918606758E0,-7.519422531E0,4.926782608E0
5.038940149E1,-3.736239672E0,-7.724880695E0,4.747326851E0
5.040967024E1,-3.605255604E0,-7.988864899E0,4.398927689E0
5.042993899E1,-3.559680700E0,-8.238361359E0,3.953286886E0
5.045033899E1,-3.459904432E0,-8.513600349E0,3.423163414E0
5.047047655E1,-3.296292543E0,-8.782893181E0,2.857558250E0
5.049074530E1,-3.076478720E0,-8.931831360E0,2.632120848E0
5.051101404E1,-2.676126957E0,-9.016761780E0,2.776103973E0
5.053128280E1,-2.112462282E0,-9.082687378E0,3.035239697E0
5.055168280E1,-1.458109260E0,-9.156426430E0,3.194394350E0
5.057182035E1,-9.160903096E-1,-9.266119003E0,3.077369452E0
5.059208910E1,-6.083638072E-1,-9.394745827E0,2.745730400E0
5.061235785E1,-4.972973168E-1,-9.503056526E0,2.369599342E0
5.063262660E1,-4.049804807E-1,-9.588284492E0,2.017716169E0
5.065302660E1,-2.817305028E-1,-9.654134750E0,1.699619293E0
5.067316410E1,-1.689959615E-1,-9.706163406E0,1.390044808E0
5.069343290E1,-7.673658431E-2,-9.747655869E0,1.071315408E0
5.071370165E1,-4.287955351E-3,-9.774712563E0,7.907983065E-1
5.073397040E1,5.916878209E-2,-9.789720535E0,5.729600787E-1
5.075437040E1,1.040504649E-1,-9.798793793E0,3.784221113E-1
5.077450790E1,1.347904801E-1,-9.804938316E0,1.241383180E-1
5.079477665E1,1.547496766E-1,-9.803019524E0,-2.173485160E-1
5.081504540E1,1.632259786E-1,-9.791082382E0,-5.276880264E-1
5.083531420E1,1.919731349E-1,-9.778225899E0,-7.209889293E-1
5.085558295E1,2.704328895E-1,-9.767004013E0,-8.383771181E-1
5.087585170E1,3.691282570E-1,-9.751994133E0,-9.657899737E-1
5.089612045E1,4.370073676E-1,-9.732245445E0,-1.123742461E0
5.091638920E1,4.831269979E-1,-9.712683678E0,-1.265213966E0
5.093665795E1,5.294287801E-1,-9.697946548E0,-1.356435895E0
5.095692670E1,5.952996016E-1,-9.688255310E0,-1.397750378E0
5.097719545E1,6.866810918E-1,-9.682442665E0,-1.396120906E0
5.099746420E1,7.767838836E-1,-9.676138878E0,-1.392600179E0
5.101773295E1,8.192068338E-1,-9.665065765E0,-1.444229245E0
5.103800175E1,7.943325043E-1,-9.656910896E0,-1.511125326E0
5.105827050E1,7.525290251E-1,-9.663104057E0,-1.492822051E0
5.107853925E1,7.400640845E-1,-9.684785843E0,-1.351894140E0
5.109880800E1,7.588950992E-1,-9.711598396E0,-1.131073952E0
5.111907675E1,7.506987453E-1,-9.738631248E0,-8.751656413E-1
5.113934545E1,6.709238887E-1,-9.766091347E0,-5.862829685E-1
5.115961425E1,4.920502305E-1,-9.792025566E0,-2.110098451E-1
5.117988300E1,2.367615551E-1,-9.800356865E0,2.595022917E-1
5.120015175E1,-6.298299134E-2,-9.774197578E0,7.946544886E-1
5.122042050E1,-3.803671300E-1,-9.710947990E0,1.312708259E0
5.124068920E1,-7.170548439E-1,-9.626404762E0,1.728738904E0
5.126095800E1,-1.079339743E0,-9.538781166E0,2.004264593E0
5.128122675E1,-1.445359111E0,-9.456044197E0,2.159759045E0
5.130149550E1,-1.776117206E0,-9.360372543E0,2.323622227E0
5.132176425E1,-2.036340475E0,-9.229968071E0,2.613692999E0
5.134203300E1,-2.203266382E0,-9.068653107E0,3.012562037E0
5.136230175E1,-2.405815601E0,-8.863073349E0,3.439240694E0
5.138257050E1,-2.909819126E0,-8.558384895E0,3.802287102E0
5.140283925E1,-3.699090958E0,-8.150877953E0,4.006283283E0
5.142310800E1,-4.384319782E0,-7.743729591E0,4.121017456E0
5.144337670E1,-4.635312080E0,-7.452777863E0,4.374972343E0
5.146364545E1,-4.622607708E0,-7.331785202E0,4.587680817E0
5.148391420E1,-4.544498444E0,-7.313816547E0,4.693185806E0
5.150431420E1,-4.405600071E0,-7.391519070E0,4.703882694E0
5.152445170E1,-4.205559731E0,-7.582240582E0,4.581842422E0
5.154472045E1,-3.963800669E0,-7.892857552E0,4.261627674E0
5.156498920E1,-3.697157621E0,-8.261683464E0,3.774387121E0
5.158525795E1,-3.434211731E0,-8.577270508E0,3.287400484E0
5.160552670E1,-3.365826845E0,-8.798496246E0,2.725450754E0
5.162579545E1,-3.233435631E0,-8.966639519E0,2.305350780E0
5.164606415E1,-2.959419250E0,-9.032064438E0,2.415376186E0
5.166633290E1,-2.456652641E0,-9.071701050E0,2.799907207E0
5.168660165E1,-1.806913137E0,-9.111906052E0,3.143028021E0
5.170687040E1,-1.165351272E0,-9.195322037E0,3.202873230E0
5.172713915E1,-7.260336280E-1,-9.350593567E0,2.865253448E0
5.174740790E1,-4.743640423E-1,-9.506608963E0,2.360032797E0
5.176767665E1,-3.187434375E-1,-9.603029251E0,1.962299466E0
5.178794535E1,-1.839486957E-1,-9.660455704E0,1.676943421E0
5.180821410E1,-7.189889997E-2,-9.701729774E0,1.428865075E0
5.182848285E1,2.551525645E-2,-9.736324310E0,1.172057986E0
5.184875160E1,8.392531425E-2,-9.760173798E0,9.499196410E-1
5.186902035E1,9.923101217E-2,-9.775349617E0,7.765661478E-1
5.188928910E1,8.091793209E-2,-9.789108276E0,5.806872249E-1
5.190955785E1,5.158005655E-2,-9.801645279E0,3.089756370E-1
5.192982660E1,4.281947389E-2,-9.806488037E0,3.657158837E-2
5.195022660E1,9.793917835E-2,-9.804316521E0,-1.902221590E-1
5.197036405E1,2.000523061E-1,-9.797779083E0,-3.659210503E-1
5.199063280E1,2.884806097E-1,-9.789377213E0,-5.052395463E-1
5.201090149E1,3.447538614E-1,-9.779284477E0,-6.458583474E-1
5.203117024E1,3.650336266E-1,-9.768582344E0,-7.822639346E-1
5.205157024E1,3.784414232E-1,-9.759055138E0,-8.877007365E-1
5.207170774E1,3.986752629E-1,-9.751333237E0,-9.606956244E-1
5.209197644E1,4.249345958E-1,-9.744606018E0,-1.016105175E0
5.211224519E1,4.731400311E-1,-9.738912582E0,-1.048864007E0
5.213251394E1,5.454661250E-1,-9.732773781E0,-1.070508361E0
5.215291394E1,6.430505514E-1,-9.722538948E0,-1.108645916E0
5.217305139E1,7.272897363E-1,-9.706390381E0,-1.194752932E0
5.219332014E1,7.345225811E-1,-9.687975883E0,-1.331912637E0
5.221358889E1,6.941388249E-1,-9.679030418E0,-1.415953517E0
5.223385759E1,6.722452044E-1,-9.688050270E0,-1.363871336E0
5.225412634E1,6.996449828E-1,-9.708017349E0,-1.198029995E0
5.227439509E1,7.425353527E-1,-9.730548859E0,-9.671871066E-1
5.229466384E1,7.408676147E-1,-9.750690460E0,-7.385994792E-1
5.231493254E1,7.029623985E-1,-9.768003464E0,-5.121896863E-1
5.233520129E1,6.183103919E-1,-9.784329414E0,-2.344928533E-1
5.235546998E1,5.035575628E-1,-9.792779922E0,1.351534575E-1
5.237573873E1,3.654700816E-1,-9.780853271E0,6.096782088E-1
5.239600748E1,1.850168407E-1,-9.738919258E0,1.135611057E0
5.241627618E1,-6.432493031E-2,-9.667423248E0,1.645354152E0
5.243654493E1,-3.930078447E-1,-9.576823235E0,2.073734760E0
5.245681363E1,-7.664399147E-1,-9.489696503E0,2.351303101E0
5.247708238E1,-1.136545420E0,-9.418623924E0,2.483580828E0
5.249735113E1,-1.483637452E0,-9.336833954E0,2.606287241E0
5.251761983E1,-1.804813623E0,-9.208657265E0,2.848448753E0
5.253788858E1,-2.107218504E0,-9.029998779E0,3.192043543E0
5.255828858E1,-2.454806328E0,-8.811173439E0,3.536602497E0
5.257842603E1,-2.862631321E0,-8.565505981E0,3.822018147E0
5.259869478E1,-3.317470312E0,-8.284083366E0,4.066783905E0
5.261896347E1,-3.795055151E0,-7.955827713E0,4.297994137E0
5.263923222E1,-4.226922035E0,-7.609779835E0,4.516056538E0
5.265950097E1,-4.490168571E0,-7.332216740E0,4.716712475E0
5.267976967E1,-4.604053974E0,-7.167244911E0,4.858362198E0
5.270003837E1,-4.643137932E0,-7.107397079E0,4.908825397E0
5.272030712E1,-4.618350983E0,-7.145229340E0,4.877184868E0
5.274057587E1,-4.519622326E0,-7.283091068E0,4.764449120E0
5.276084457E1,-4.350430965E0,-7.509208202E0,4.566830158E0
5.278111332E1,-4.162042141E0,-7.772683620E0,4.293387890E0
5.280138201E1,-4.127781391E0,-7.962195396E0,3.966768980E0
5.282165076E1,-4.216423512E0,-8.153911591E0,3.450488567E0
5.284191941E1,-4.157953739E0,-8.447270393E0,2.743252993E0
5.286218821E1,-4.021597862E0,-8.634188652E0,2.334079742E0
5.288245691E1,-3.782385588E0,-8.719717979E0,2.414634228E0
5.290272566E1,-3.372427940E0,-8.806206703E0,2.692181587E0
5.292299436E1,-2.831576109E0,-8.930566788E0,2.897850752E0
5.294326311E1,-2.255661726E0,-9.122838974E0,2.802889347E0
5.296353181E1,-1.743850708E0,-9.344292641E0,2.411131382E0
5.298380056E1,-1.371352196E0,-9.493406296E0,2.040835381E0
5.300406925E1,-1.158502340E0,-9.549807549E0,1.905106902E0
5.302433795E1,-9.496732950E-1,-9.581277847E0,1.862157345E0
5.304460670E1,-7.353026271E-1,-9.612509727E0,1.797048569E0
5.306487540E1,-5.690540671E-1,-9.655858040E0,1.615847230E0
5.308514415E1,-4.702471793E-1,-9.705186844E0,1.326122642E0
5.310541285E1,-3.867585659E-1,-9.747312546E0,1.005337834E0
5.312568160E1,-2.848274410E-1,-9.776065826E0,7.195771337E-1
5.314595030E1,-1.628121883E-1,-9.792881012E0,4.933137000E-1
5.316621899E1,-4.015274346E-2,-9.801198959E0,3.244388998E-1
5.318648774E1,4.419707879E-2,-9.804704666E0,1.902622283E-1
5.320675644E1,8.139544725E-2,-9.806247711E0,3.543851152E-2
5.322702519E1,8.615224808E-2,-9.804657936E0,-1.778978109E-1
5.324729389E1,8.944285661E-2,-9.796162605E0,-4.445005655E-1
5.326756259E1,1.242370978E-1,-9.779629707E0,-7.167909145E-1
5.328783134E1,1.948994547E-1,-9.760914803E0,-9.257102013E-1
5.330810004E1,2.789964080E-1,-9.746784210E0,-1.045350075E0
5.332836873E1,3.362889290E-1,-9.733714104E0,-1.145468712E0
5.334876873E1,3.439348340E-1,-9.716282845E0,-1.282939911E0
5.336890618E1,3.285165429E-1,-9.698472023E0,-1.414964437E0
5.338917488E1,3.313205242E-1,-9.686763763E0,-1.492385626E0
5.340944363E1,3.556283712E-1,-9.681097031E0,-1.523244739E0
5.342971233E1,4.015533626E-1,-9.673947334E0,-1.556884646E0
5.345011233E1,4.539869428E-1,-9.663469315E0,-1.606750727E0
5.347024978E1,5.174581409E-1,-9.653278351E0,-1.648289084E0
5.349051847E1,5.922589898E-1,-9.645950317E0,-1.665914774E0
5.351078717E1,6.727289557E-1,-9.640853882E0,-1.664861798E0
5.353105592E1,7.620558143E-1,-9.633160591E0,-1.670892358E0
5.355145592E1,8.142343760E-1,-9.617716789E0,-1.734049320E0
5.357159332E1,7.886021733E-1,-9.597783089E0,-1.852309585E0
5.359186207E1,7.982710600E-1,-9.592744827E0,-1.874141335E0
5.361213076E1,8.327234983E-1,-9.598651886E0,-1.828340769E0
5.363239946E1,8.906116486E-1,-9.600216866E0,-1.792488456E0
5.365279946E1,9.725732803E-1,-9.605522156E0,-1.720009446E0
5.367293686E1,9.888426661E-1,-9.624033928E0,-1.603289604E0
5.369320561E1,9.436991215E-1,-9.648422241E0,-1.479112864E0
5.371347431E1,8.911520243E-1,-9.673202515E0,-1.343652487E0
5.373374295E1,8.404948711E-1,-9.698496819E0,-1.184531450E0
5.375414295E1,7.828047276E-1,-9.722340584E0,-1.016705275E0
5.377428040E1,7.029762268E-1,-9.739629745E0,-9.032358527E-1
5.379454915E1,6.483296752E-1,-9.756629944E0,-7.471405268E-1
5.381481785E1,5.889260173E-1,-9.777341843E0,-4.765818715E-1
5.383508654E1,5.022142529E-1,-9.792921066E0,-1.298704743E-1
5.385535524E1,3.603899777E-1,-9.797706604E0,2.131920010E-1
5.387562399E1,1.517738402E-1,-9.792135239E0,5.113083720E-1
5.389589269E1,-1.026721522E-1,-9.775979042E0,7.681769133E-1
5.391616139E1,-3.663942218E-1,-9.748118401E0,1.005154014E0
5.393643009E1,-6.053454876E-1,-9.710856438E0,1.226058006E0
5.395669878E1,-8.078460097E-1,-9.665783882E0,1.445822358E0
5.397696748E1,-9.792591333E-1,-9.611060143E0,1.684925437E0
5.399723618E1,-1.114137650E0,-9.548813820E0,1.936290979E0
5.401750488E1,-1.209442377E0,-9.490152359E0,2.155145884E0
5.403777358E1,-1.291948676E0,-9.441941261E0,2.313223362E0
5.405804228E1,-1.414484501E0,-9.394195557E0,2.432840586E0
5.407831103E1,-1.622990847E0,-9.328615189E0,2.552102804E0
5.409857972E1,-1.864760399E0,-9.246855736E0,2.681180000E0
5.411884842E1,-2.053356409E0,-9.172388077E0,2.796678543E0
5.413911712E1,-2.178144455E0,-9.116189003E0,2.884644985E0
5.415938582E1,-2.267817974E0,-9.075243950E0,2.944034815E0
5.417965451E1,-2.337938070E0,-9.048490524E0,2.971407890E0
5.419992321E1,-2.381549358E0,-9.041284561E0,2.958678722E0
5.422019191E1,-2.364100695E0,-9.058957100E0,2.918341160E0
5.424046061E1,-2.246681452E0,-9.104932785E0,2.867580175E0
5.426072931E1,-2.017006159E0,-9.176641464E0,2.809149742E0
5.428099800E1,-1.693829298E0,-9.262988091E0,2.738318443E0
5.430126670E1,-1.332596421E0,-9.356707573E0,2.616597891E0
5.432153540E1,-1.038430810E0,-9.451209068E0,2.401394129E0
5.434180410E1,-9.199004769E-1,-9.527132988E0,2.134925842E0
5.436207280E1,-1.029300690E0,-9.569084167E0,1.882430673E0
5.438234149E1,-1.241030216E0,-9.579516411E0,1.692069650E0
5.440261019E1,-1.357721567E0,-9.579848289E0,1.597966790E0
5.442287889E1,-1.322279453E0,-9.589802742E0,1.567686558E0
5.444314759E1,-1.243043065E0,-9.590174675E0,1.629039526E0
5.446341628E1,-1.118783236E0,-9.583955765E0,1.751143217E0
5.448368498E1,-9.145991802E-1,-9.592230797E0,1.822911739E0
5.450408498E1,-6.515202522E-1,-9.612514496E0,1.829060078E0
5.452422238E1,-3.345206082E-1,-9.635803223E0,1.791586161E0
5.454449108E1,1.780908927E-2,-9.665442467E0,1.658100009E0
5.456475978E1,2.481752187E-1,-9.698318481E0,1.432275295E0
5.458502842E1,2.230325341E-1,-9.723553658E0,1.254253983E0
5.460529712E1,7.194947451E-2,-9.735118866E0,1.180110693E0
5.462556582E1,-3.498761356E-2,-9.729765892E0,1.225076079E0
5.464583451E1,-3.996554390E-2,-9.717097282E0,1.321665764E0
5.466610321E1,-7.029880770E-3,-9.707381248E0,1.391799569E0
5.468637191E1,3.755381703E-2,-9.708210945E0,1.385505438E0
5.470664061E1,7.832785696E-2,-9.721782684E0,1.284983873E0
5.472690931E1,1.292445511E-1,-9.744336128E0,1.096181512E0
5.474717800E1,1.725301892E-1,-9.764449120E0,8.922748566E-1
5.476744665E1,1.561650932E-1,-9.771187782E0,8.184721470E-1
5.478771535E1,1.364388615E-1,-9.764017105E0,9.031933546E-1
5.480798405E1,1.653261334E-1,-9.751649857E0,1.023896217E0
5.482825274E1,1.936244816E-1,-9.746312141E0,1.068778396E0
5.484852144E1,1.828895807E-1,-9.751677513E0,1.020648479E0
5.486879014E1,1.467290819E-1,-9.761946678E0,9.237253070E-1
5.488905878E1,9.896302223E-2,-9.770526886E0,8.351027966E-1
5.490932748E1,6.588374823E-2,-9.775244713E0,7.814334631E-1
5.492959618E1,7.314870507E-2,-9.776698112E0,7.623727918E-1
5.494999618E1,1.051964313E-1,-9.776563644E0,7.603560686E-1
5.497013358E1,1.488176733E-1,-9.777391434E0,7.421840429E-1
5.499040222E1,2.023506016E-1,-9.779738426E0,6.972559094E-1
5.501067092E1,2.638846338E-1,-9.781958580E0,6.434785724E-1
5.503093962E1,3.199215531E-1,-9.782656670E0,6.063581705E-1
5.505133962E1,3.630730212E-1,-9.781408310E0,6.021794081E-1
5.507147696E1,3.980346024E-1,-9.778513908E0,6.265882254E-1
5.509174566E1,4.289095104E-1,-9.775412560E0,6.540164351E-1
5.511201436E1,4.566585422E-1,-9.773048401E0,6.703485847E-1
5.513228300E1,4.765092134E-1,-9.772090912E0,6.704816818E-1
5.515268300E1,4.637872279E-1,-9.772971153E0,6.665756106E-1
5.517282040E1,3.844147921E-1,-9.775482178E0,6.801116467E-1
5.519308904E1,2.514782846E-1,-9.779543877E0,6.838625669E-1
5.521335774E1,1.316271424E-1,-9.785253525E0,6.339353323E-1
5.523362639E1,7.086285204E-2,-9.790547371E0,5.572732091E-1
5.525402639E1,1.011919677E-1,-9.792615891E0,5.145998001E-1
5.527416379E1,2.078132331E-1,-9.788412094E0,5.605379939E-1
5.529443243E1,3.219427764E-1,-9.777315140E0,6.861881614E-1
5.531470108E1,3.754998744E-1,-9.762987137E0,8.446676135E-1
5.533496983E1,3.565622568E-1,-9.748879433E0,1.001303077E0
5.535523847E1,3.049049377E-1,-9.736409187E0,1.131264210E0
5.537550717E1,2.529917955E-1,-9.727446556E0,1.217848778E0
5.539577582E1,2.152045220E-1,-9.722194672E0,1.266099453E0
5.541604451E1,1.982797831E-1,-9.717465401E0,1.304579139E0
5.543631316E1,2.051476389E-1,-9.709323883E0,1.362841249E0
5.545658186E1,2.139824480E-1,-9.696398735E0,1.450668573E0
5.547685050E1,2.054054290E-1,-9.680112839E0,1.556801558E0
5.549711915E1,1.758672297E-1,-9.661827087E0,1.669897437E0
5.551738790E1,1.279585510E-1,-9.642208099E0,1.783768058E0
5.553765655E1,6.974607706E-2,-9.623498917E0,1.885152340E0
5.555792524E1,1.166578848E-2,-9.609657288E0,1.955692053E0
5.557832524E1,-5.647589266E-2,-9.603891373E0,1.983048558E0
5.559846259E1,-1.392289400E-1,-9.605188370E0,1.972652316E0
5.561873123E1,-2.042650729E-1,-9.610529900E0,1.940713763E0
5.563899988E1,-2.370598912E-1,-9.615898132E0,1.910152197E0
5.565926858E1,-2.529487908E-1,-9.619400024E0,1.890388727E0
5.567953728E1,-2.700988948E-1,-9.621269226E0,1.878456831E0
5.569980592E1,-3.020616174E-1,-9.620526314E0,1.877395034E0
5.572007462E1,-3.452157080E-1,-9.616038322E0,1.892885685E0
5.574034332E1,-3.753348291E-1,-9.609759331E0,1.918862343E0
5.576061196E1,-3.761380315E-1,-9.606100082E0,1.936943054E0
5.578088061E1,-3.479790390E-1,-9.606921196E0,1.938131571E0
5.580114931E1,-2.967311144E-1,-9.612119675E0,1.920805216E0
5.582141795E1,-2.342015356E-1,-9.624258041E0,1.867944479E0
5.584168665E1,-1.761337072E-1,-9.639380455E0,1.794911146E0
5.586195530E1,-1.312094778E-1,-9.647084236E0,1.756970167E0
5.588222399E1,-8.138428628E-2,-9.644567490E0,1.773715377E0
5.590249264E1,1.885676831E-1,-9.686470985E0,1.518920660E0
5.592276128E1,4.344399273E-1,-9.705169678E0,1.338408709E0
5.594302998E1,7.603390217E-1,-9.678053856E0,1.388357639E0
5.596329863E1,1.049660683E0,-9.635873795E0,1.489472151E0
5.598356733E1,1.245514393E0,-9.608696938E0,1.513944268E0
5.600383597E1,1.359773159E0,-9.608386993E0,1.414319754E0
5.602410462E1,1.443189144E0,-9.626873970E0,1.187804818E0
5.604437332E1,1.440232277E0,-9.657729149E0,9.079595804E-1
5.606464196E1,1.261884689E0,-9.690515518E0,8.197180629E-1
5.608491061E1,1.060308695E0,-9.707924843E0,8.957231641E-1
5.610517931E1,8.578852415E-1,-9.708187103E0,1.088823557E0
5.612544795E1,6.383318305E-1,-9.694173813E0,1.336383343E0
5.614571660E1,4.520435333E-1,-9.673268318E0,1.547231078E0
5.616598530E1,3.620930612E-1,-9.656693459E0,1.669595242E0
5.618625394E1,3.794978261E-1,-9.655082703E0,1.675035119E0
5.620652259E1,4.494499862E-1,-9.665386200E0,1.596460462E0
5.622679129E1,5.408578515E-1,-9.681847572E0,1.462765574E0
5.624705993E1,6.105971932E-1,-9.699331284E0,1.311693192E0
5.626732858E1,6.227927208E-1,-9.712135315E0,1.207036138E0
5.628759722E1,5.724862218E-1,-9.714919090E0,1.209542394E0
5.630786592E1,5.470670462E-1,-9.702105522E0,1.319193959E0
5.632813457E1,5.074729323E-1,-9.683379173E0,1.464589596E0
5.634840321E1,4.310629070E-1,-9.675416946E0,1.539765596E0
5.636867186E1,3.910539448E-1,-9.677865982E0,1.535047770E0
5.638894050E1,4.299745858E-1,-9.675063133E0,1.542296767E0
5.640920920E1,4.737408161E-1,-9.671191216E0,1.553711057E0
5.642947785E1,4.958778322E-1,-9.671913147E0,1.542268276E0
5.644987785E1,4.855535626E-1,-9.679273605E0,1.498761415E0
5.647001514E1,4.480547607E-1,-9.697885513E0,1.385878682E0
5.649028378E1,3.970543146E-1,-9.724613190E0,1.201931834E0
5.651055248E1,3.361711204E-1,-9.745855331E0,1.037156224E0
5.653082108E1,2.941640913E-1,-9.754130363E0,9.699427485E-1
5.655122108E1,2.874374986E-1,-9.757252693E0,9.401075244E-1
5.657135842E1,3.108564019E-1,-9.758991241E0,9.142386913E-1
5.659162712E1,3.561044931E-1,-9.762224197E0,8.617248535E-1
5.661189576E1,3.951921165E-1,-9.768034935E0,7.744132876E-1
5.663216441E1,4.005200267E-1,-9.775577545E0,6.693657637E-1
5.665256441E1,3.750805557E-1,-9.781991005E0,5.851296782E-1
5.667270170E1,3.106332719E-1,-9.789618492E0,4.870746732E-1
5.669297040E1,2.406599075E-1,-9.796368599E0,3.790019751E-1
5.671323904E1,1.387848854E-1,-9.800548553E0,3.168035448E-1
5.673350769E1,7.583712577E-4,-9.803631783E0,2.432856858E-1
5.675390769E1,-1.511437744E-1,-9.804460526E0,1.417605877E-1
5.677404504E1,-3.098449409E-1,-9.801581383E0,5.818265304E-2
5.679431368E1,-4.553599954E-1,-9.796072006E0,1.173976343E-3
5.681458233E1,-5.937861800E-1,-9.788575172E0,-4.003471509E-2
5.683485097E1,-7.258375883E-1,-9.779529572E0,-6.601269543E-2
5.685511967E1,-8.649107814E-1,-9.768055916E0,-8.599919081E-2
5.687538832E1,-1.032392025E0,-9.751369476E0,-1.239270791E-1
5.689565696E1,-1.236386180E0,-9.726763725E0,-1.783361286E-1
5.691592561E1,-1.462380052E0,-9.694391251E0,-2.249558270E-1
5.693619425E1,-1.684787035E0,-9.657000542E0,-2.724693716E-1
5.695646295E1,-1.857863545E0,-9.623507500E0,-3.268528879E-1
5.697673160E1,-1.960483670E0,-9.601778984E0,-3.643117845E-1
5.699700024E1,-1.988393426E0,-9.594354630E0,-4.062356055E-1
5.701726889E1,-1.975863934E0,-9.594154358E0,-4.675112963E-1
5.703753759E1,-1.993111849E0,-9.588479996E0,-5.088532567E-1
5.705793759E1,-2.077648640E0,-9.568195343E0,-5.508061051E-1
5.707807488E1,-2.190392733E0,-9.541254044E0,-5.805479884E-1
5.709834353E1,-2.305372477E0,-9.515252113E0,-5.618165731E-1
5.711861217E1,-2.367165327E0,-9.499088287E0,-5.781311393E-1
5.713888087E1,-2.383440733E0,-9.490125656E0,-6.535422206E-1
5.715914946E1,-2.374061108E0,-9.488668442E0,-7.066851258E-1
5.717941816E1,-2.364665270E0,-9.489764214E0,-7.232790589E-1
5.719968681E1,-2.381935835E0,-9.484594345E0,-7.343205810E-1
5.721995550E1,-2.428461313E0,-9.469464302E0,-7.760298848E-1
5.724022415E1,-2.498851061E0,-9.444452286E0,-8.534982800E-1
5.726049280E1,-2.573351860E0,-9.413858414E0,-9.630765915E-1
5.728076144E1,-2.658100367E0,-9.377588272E0,-1.079688311E0
5.730103009E1,-2.750695467E0,-9.337064743E0,-1.193015337E0
5.732129878E1,-2.835631847E0,-9.293358803E0,-1.327799439E0
5.734156743E1,-2.914112806E0,-9.252537727E0,-1.438356876E0
5.736183608E1,-2.958106041E0,-9.226021767E0,-1.516746163E0
5.738210472E1,-2.974668980E0,-9.216342926E0,-1.542971373E0
5.740237337E1,-2.989658833E0,-9.213263512E0,-1.532350183E0
5.742264207E1,-2.929480553E0,-9.235498428E0,-1.514628649E0
5.744291071E1,-2.840002060E0,-9.267501831E0,-1.489358544E0
5.746317936E1,-2.777596474E0,-9.290037155E0,-1.466477156E0
5.748344800E1,-2.711831093E0,-9.310665131E0,-1.458721638E0
5.750384800E1,-2.652703047E0,-9.322039604E0,-1.494367957E0
5.752398535E1,-2.587530851E0,-9.315399170E0,-1.642683625E0
5.754425399E1,-2.505695343E0,-9.274478912E0,-1.968736768E0
5.756452264E1,-2.480994225E0,-9.244108200E0,-2.135771513E0
5.758479134E1,-2.416392565E0,-9.275115967E0,-2.074527740E0
5.760505998E1,-2.259639740E0,-9.358159065E0,-1.867959023E0
5.762532863E1,-1.974574327E0,-9.477560043E0,-1.564386010E0
5.764559728E1,-1.631969810E0,-9.603055954E0,-1.135068655E0
5.766586592E1,-1.251957655E0,-9.701682091E0,-6.930767894E-1
5.768613457E1,-8.443236351E-1,-9.763767242E0,-3.554721177E-1
5.770640326E1,-4.350925982E-1,-9.796391487E0,-1.085785255E-1
5.772667191E1,-5.900264904E-2,-9.805472374E0,1.400466412E-1
5.774694056E1,2.328323722E-1,-9.792842865E0,4.651831686E-1
5.776720920E1,4.442174435E-1,-9.754781723E0,9.040468931E-1
5.778747785E1,6.157034039E-1,-9.681038857E0,1.438326597E0
5.780774649E1,7.313354611E-1,-9.567862511E0,2.022754908E0
5.782801519E1,8.205512166E-1,-9.423010826E0,2.589199543E0
5.784841519E1,9.121982455E-1,-9.267037392E0,3.075760126E0
5.786855248E1,9.879875183E-1,-9.127120972E0,3.448177099E0
5.788882108E1,1.066886187E0,-9.008452415E0,3.725577354E0
5.790908978E1,1.169426441E0,-8.912761688E0,3.919886112E0
5.792935842E1,1.269887805E0,-8.845966339E0,4.038150311E0
5.794975842E1,1.307627320E0,-8.802890778E0,4.119420052E0
5.796989576E1,1.283638716E0,-8.769435883E0,4.197577477E0
5.799016441E1,1.234538794E0,-8.732671738E0,4.287977219E0
5.801043306E1,1.182800174E0,-8.694536209E0,4.379088402E0
5.803070170E1,1.192203879E0,-8.664273262E0,4.436148643E0
5.805110170E1,1.322267652E0,-8.656286240E0,4.414827824E0
5.807123899E1,1.460796118E0,-8.626205444E0,4.430016041E0
5.809150764E1,1.443520188E0,-8.510798454E0,4.653273106E0
5.811177634E1,9.851089716E-1,-8.362269402E0,5.027166367E0
5.813204498E1,5.393161774E-1,-8.230846405E0,5.304025650E0
5.815244498E1,2.857005596E-1,-8.144490242E0,5.454910755E0
5.817258228E1,2.070199698E-1,-8.053996086E0,5.591125011E0
5.819285092E1,1.046418101E-1,-7.910968781E0,5.794481277E0
5.821311957E1,-9.218311310E-2,-7.720689774E0,6.045893192E0
5.823338821E1,-3.611199558E-1,-7.474990845E0,6.337547302E0
5.825365686E1,-6.794414520E-1,-7.154486179E0,6.672486305E0
5.827392550E1,-1.025622368E0,-6.781914234E0,7.008860111E0
5.829419415E1,-1.374451756E0,-6.364381790E0,7.333206177E0
5.831446280E1,-1.742162347E0,-5.888479233E0,7.645984173E0
5.833473144E1,-2.109719992E0,-5.358172417E0,7.937849522E0
5.835492149E1,-2.381796360E0,-4.792542458E0,8.217601776E0
5.837526863E1,-2.554959536E0,-4.174685955E0,8.497916222E0
5.839553728E1,-2.724341154E0,-3.573525667E0,8.716550827E0
5.841580597E1,-2.909040213E0,-3.067870617E0,8.848505020E0
5.843607462E1,-3.065134764E0,-2.781945467E0,8.890226364E0
5.845634326E1,-3.185588598E0,-2.819975138E0,8.835731506E0
5.847661191E1,-3.366945744E0,-3.157008171E0,8.652592659E0
5.849688056E1,-3.408909321E0,-3.642771006E0,8.442745209E0
5.851714925E1,-3.381038427E0,-4.126002789E0,8.228916168E0
5.853741785E1,-3.479887247E0,-4.531357765E0,7.970418930E0
5.855768649E1,-3.779447317E0,-4.513203144E0,7.843286514E0
5.857795519E1,-3.914147377E0,-4.184642792E0,7.958554745E0
5.859822384E1,-4.005743980E0,-3.736468077E0,8.134077072E0
5.861849248E1,-4.002098560E0,-3.277366400E0,8.331414223E0
5.863876113E1,-3.955800295E0,-2.852992535E0,8.507788658E0
5.865902978E1,-3.647016287E0,-2.436006546E0,8.771289825E0
5.867929842E1,-3.221172810E0,-2.087436438E0,9.024247169E0
5.869956701E1,-3.156469584E0,-1.992969632E0,9.068360329E0
5.871983571E1,-3.061834335E0,-1.688427806E0,9.162137985E0
5.874010436E1,-3.180391312E0,-1.114629984E0,9.209403038E0
5.876037300E1,-3.333148718E0,-4.462077022E-1,9.212024689E0
5.878064165E1,-3.581792831E0,3.526046574E-1,9.122325897E0
5.880091030E1,-3.663079023E0,1.068741083E0,9.033826828E0
5.882117894E1,-3.744374752E0,1.706223488E0,8.901619911E0
5.884144754E1,-3.915649414E0,2.309826374E0,8.689232826E0
5.886171618E1,-4.069605350E0,3.028054953E0,8.392828941E0
5.888198483E1,-4.054113388E0,3.969366550E0,7.998667240E0
5.890225347E1,-3.799038410E0,4.978874207E0,7.546423435E0
5.892252212E1,-3.353765249E0,5.935329437E0,7.049432278E0
5.894279076E1,-2.814192533E0,6.740749359E0,6.543164253E0
5.896305936E1,-2.154333591E0,7.415484428E0,6.044817924E0
5.898332800E1,-1.426067829E0,7.941227913E0,5.574371338E0
5.900359665E1,-8.929404616E-1,8.266235352E0,5.200230598E0
5.902386530E1,-5.756393671E-1,8.485734940E0,4.881735325E0
5.904413394E1,-3.059357703E-1,8.580783844E0,4.737820148E0
5.906440259E1,-1.012116000E-1,8.586246490E0,4.736718655E0
5.908467118E1,-8.019912243E-2,8.561549187E0,4.781613350E0
5.910493983E1,-1.365639418E-1,8.560364723E0,4.782457829E0
5.912520847E1,-1.545206606E-1,8.581415176E0,4.744028568E0
5.914547712E1,-1.486952752E-1,8.622014999E0,4.670025349E0
5.916574576E1,-1.174485907E-1,8.673147202E0,4.575268745E0
5.918601436E1,-3.591214120E-2,8.733274460E0,4.460831165E0
5.920628300E1,2.067087591E-2,8.800652504E0,4.326484680E0
5.922655165E1,4.361360893E-2,8.824335098E0,4.277800560E0
5.924682030E1,3.333685920E-2,8.793484688E0,4.340956688E0
5.926708894E1,-1.098477282E-2,8.729529381E0,4.468287468E0
5.928735759E1,-6.319346279E-2,8.676648140E0,4.569701672E0
5.930762623E1,-1.249736398E-1,8.638936043E0,4.639348984E0
5.932789483E1,-1.311816275E-1,8.589252472E0,4.730529308E0
5.934816347E1,-8.767580241E-2,8.534435272E0,4.829711914E0
5.936843212E1,-7.068884373E-2,8.508999825E0,4.874660969E0
5.938870076E1,-1.131056324E-1,8.487970352E0,4.910392761E0
5.940896941E1,-1.872410178E-1,8.426180840E0,5.013463497E0
5.942923806E1,-2.371700257E-1,8.296425819E0,5.223356724E0
5.944963806E1,-2.951119244E-1,8.084547997E0,5.542867661E0
5.946977535E1,-4.113490582E-1,7.876971245E0,5.827048779E0
5.949004399E1,-4.240211844E-1,7.774919033E0,5.961646080E0
5.951031264E1,-4.975430071E-1,7.696314812E0,6.057191372E0
5.953058129E1,-5.700638294E-1,7.641410351E0,6.119987488E0
5.955098129E1,-6.242501140E-1,7.620522022E0,6.140712261E0
5.957111858E1,-6.645641327E-1,7.612747192E0,6.146122456E0
5.959138722E1,-6.919839978E-1,7.584257126E0,6.178236485E0
5.961165587E1,-7.138766646E-1,7.518602848E0,6.255508423E0
5.963192451E1,-7.473554015E-1,7.437884331E0,6.347418308E0
5.965232451E1,-8.015558124E-1,7.361832142E0,6.428944588E0
5.967246186E1,-8.506137729E-1,7.321516037E0,6.468557358E0
5.969273050E1,-8.909714818E-1,7.310354233E0,6.475745201E0
5.971299915E1,-9.334511757E-1,7.308563232E0,6.471782207E0
5.973326785E1,-1.003786802E0,7.313850880E0,6.455260754E0
5.975366785E1,-1.105558515E0,7.346539974E0,6.401287556E0
5.977380514E1,-1.212383032E0,7.395591736E0,6.325008869E0
5.979407384E1,-1.318519115E0,7.447079659E0,6.242827415E0
5.981434248E1,-1.407374263E0,7.502116680E0,6.156941891E0
5.983461118E1,-1.464793682E0,7.553728580E0,6.079962730E0
5.985487983E1,-1.507137895E0,7.590460300E0,6.023606300E0
5.987514852E1,-1.545920968E0,7.609086514E0,5.990185261E0
5.989541722E1,-1.595563889E0,7.611976147E0,5.973472118E0
5.991568587E1,-1.656870365E0,7.609778881E0,5.959566593E0
5.993595457E1,-1.730865717E0,7.608774185E0,5.939784527E0
5.995622326E1,-1.816009045E0,7.603215218E0,5.921452999E0
5.997649196E1,-1.894576550E0,7.593130589E0,5.909766197E0
5.999676066E1,-1.975726962E0,7.583702087E0,5.895281792E0
6.001702936E1,-2.068890810E0,7.577406883E0,5.871370316E0
6.003729806E1,-2.148099661E0,7.576265335E0,5.844336033E0
6.005756670E1,-2.211866856E0,7.564403534E0,5.835908890E0
6.007783545E1,-2.173720121E0,7.508080959E0,5.922335148E0
6.009810415E1,-2.111286640E0,7.451971531E0,6.015062809E0
6.011837285E1,-2.075412035E0,7.450210571E0,6.029710770E0
