"Time (s)","Gyroscope x (rad/s)","Gyroscope y (rad/s)","Gyroscope z (rad/s)"
4.584580400E-2,-2.977411747E-1,-6.716487408E-1,-6.165213138E-2
6.603767900E-2,-1.155811027E-1,-4.585959911E-1,-9.041424841E-2
8.622882500E-2,-1.464737505E-1,-4.436823130E-1,-1.850895584E-2
1.064160120E-1,-3.089264631E-1,-6.524739861E-1,9.653951973E-2
1.266030960E-1,-4.266380966E-1,-1.060469985E0,5.499423668E-2
1.468010120E-1,-4.814991653E-1,-1.462074399E0,-6.591318548E-2
1.669773660E-1,-3.818970025E-1,-1.688442826E0,-8.189214021E-2
1.871541370E-1,-1.715074480E-1,-1.798165083E0,-1.584579609E-2
2.073317410E-1,1.331579592E-2,-1.970737696E0,4.593949392E-2
2.275104910E-1,9.800425172E-2,-2.069807291E0,6.511423737E-2
2.476907000E-1,1.012000442E-1,-1.887114525E0,-3.715106845E-2
2.678725750E-1,4.314317927E-2,-1.353950143E0,-1.825595498E-1
2.880562210E-1,-8.575372398E-2,-1.219726920E0,-2.773680091E-1
3.082417410E-1,-2.008021921E-1,-1.270326853E0,-3.471427858E-1
3.284291370E-1,-2.221074700E-1,-1.525457501E0,-3.775027990E-1
3.486183040E-1,-2.119874656E-1,-1.832253456E0,-2.928143442E-1
3.688090330E-1,-2.338253707E-1,-2.067144156E0,9.867004305E-2
3.890011160E-1,-2.599243224E-1,-2.653039217E0,8.177229762E-1
4.091943460E-1,-3.579285741E-1,-3.459976196E0,1.343430638E0
4.293884080E-1,-4.953475893E-1,-4.387820721E0,1.647030711E0
4.495829910E-1,-4.197138846E-1,-4.527903080E0,1.854224563E0
4.697777830E-1,-1.209074259E-1,-3.891940594E0,1.973534107E0
4.899717410E-1,9.108003974E-2,-3.735347033E0,2.157292128E0
5.101588250E-1,2.551306486E-1,-4.455465317E0,2.103496313E0
5.303404910E-1,4.037349224E-1,-5.536707878E0,1.697098136E0
5.505225750E-1,5.075981021E-1,-6.425670147E0,1.714674950E0
5.707052830E-1,6.151897311E-1,-6.352699757E0,2.645182848E0
5.908887210E-1,6.375603080E-1,-5.527653217E0,4.131758213E0
6.110729910E-1,8.522109389E-1,-4.739890575E0,5.104876518E0
6.312582000E-1,1.298023701E0,-4.147603989E0,5.603419781E0
6.514443460E-1,1.643169165E0,-3.374755144E0,5.395160675E0
6.716314290E-1,1.829590321E0,-2.574209690E0,4.599941730E0
6.918194500E-1,1.987249374E0,-2.205095768E0,3.774894953E0
7.120083040E-1,2.083655596E0,-1.850362897E0,3.035601854E0
7.321978870E-1,1.563274384E0,-1.788045049E0,2.169009924E0
7.523880960E-1,-1.372592211E0,-2.175268412E0,9.929588437E-1
7.725788250E-1,-2.320144176E0,-6.343644857E-1,3.229080439E-1
7.927698660E-1,-4.351601899E-1,-1.202682614E0,-3.647196293E-1
8.129610120E-1,1.520131230E0,-4.547610283E0,-9.154609442E-1
8.331629910E-1,2.730270624E0,-5.625124454E0,-6.081323624E-1
8.533401790E-1,2.231727362E0,-3.968639612E0,5.925529078E-2
8.735176790E-1,1.826927185E0,-2.125733614E0,-4.318312407E-1
8.936959080E-1,1.995771408E0,-5.283707380E-1,-1.684048653E0
9.138751790E-1,1.592036486E0,2.284990549E-1,-2.601240635E0
9.340558040E-1,9.523456693E-1,3.478085697E-1,-2.812162876E0
9.542379910E-1,5.320991874E-1,6.556697488E-1,-2.601240635E0
9.744218460E-1,4.138549268E-1,1.795501828E0,-2.588990211E0
9.946074710E-1,-5.544697046E-1,2.096438885E0,-1.107208371E0
1.014794762E0,-6.854971647E-1,1.516935468E0,4.992091656E-1
1.034983721E0,-8.495477438E-1,6.274402738E-1,2.430132627E-1
1.055174137E0,-6.902908683E-1,3.328948915E-1,-6.193176508E-1
1.075365908E0,-6.231792271E-2,1.033305749E-1,-1.596164465E0
1.095558721E0,4.431496859E-1,3.680485785E-1,-1.005475760E0
1.115752366E0,-1.661811322E-1,6.157223582E-1,3.010701239E-1
1.135946533E0,-5.145223141E-1,9.614004493E-1,-2.070606202E-1
1.156140908E0,-5.795034170E-1,9.438235760E-1,-1.798963994E-1
1.176334346E0,-8.026761413E-1,3.866907060E-1,6.840324402E-1
1.196521533E0,-3.818970025E-1,-4.000065029E-1,9.519461989E-1
1.216708616E0,1.139832065E-1,-4.111917615E-1,4.246407151E-1
1.236890283E0,-1.986716688E-1,3.520696461E-1,2.280995846E-1
1.257072366E0,-4.420844018E-1,7.158571482E-1,3.133206666E-1
1.277255075E0,2.769685537E-2,3.488738537E-1,2.861564457E-1
1.297438512E0,5.763076544E-1,-3.408843651E-2,-8.988162130E-2
1.317622783E0,7.829687595E-1,-8.894951642E-2,-1.884185076E-1
1.337807991E0,8.191877604E-1,-6.657897681E-2,-1.713742912E-1
1.357994137E0,7.467498183E-1,-9.587372839E-2,-1.531316526E-2
1.378181221E0,5.134570599E-1,-8.735162020E-2,3.282343447E-1
1.398369241E0,5.592634082E-1,-4.037349224E-1,5.024049878E-1
1.418558096E0,2.471411675E-1,-3.073285520E-1,5.306344628E-1
1.438747679E0,-1.581916511E-1,-4.580633715E-2,8.843019605E-1
1.458937887E0,-4.964128435E-1,3.121222556E-1,-1.159805804E-1
1.479128616E0,-6.876276731E-1,7.121287584E-1,-7.897598147E-1
1.499319658E0,-7.893603444E-1,1.415735364E0,-1.032639980E0
1.519510804E0,-8.948214650E-1,1.764609218E0,-1.031042099E0
1.539712783E0,-5.704486966E-1,1.370994329E0,-5.788376331E-1
1.559889866E0,-2.018674612E-1,6.546044946E-1,-2.809632942E-2
1.580067262E0,3.818970025E-1,1.757685095E-2,1.162468940E-1
1.600245387E0,5.155876279E-1,-3.020022511E-1,9.334372729E-2
1.620424554E0,2.503369451E-1,-1.528653353E-1,2.563290596E-1
1.640605075E0,4.894886315E-1,-1.342232227E-1,2.371543199E-1
1.660787158E0,5.193160176E-1,-1.150484756E-1,5.572660565E-1
1.680970908E0,1.592569202E-1,-5.326318205E-4,5.982787013E-1
1.701156429E0,3.350254297E-1,-2.732401192E-1,2.579269707E-1
1.721343721E0,6.301034689E-1,-5.640571117E-1,-2.475406379E-1
1.741532679E0,7.472824454E-1,-3.382211924E-1,-4.344944060E-1
1.761723200E0,7.765771747E-1,-1.885516644E-1,-6.858966351E-1
1.781915075E0,2.838927507E-1,1.336905807E-1,-7.625955939E-1
1.802107991E0,-6.024065614E-1,1.111602664E0,-5.165197253E-1
1.822301741E0,-1.005608916E0,1.564872265E0,-1.248888493E0
1.842496012E0,-4.964128435E-1,1.523859620E0,-2.028661489E0
1.862690491E0,-6.791055799E-1,2.076731443E0,-2.625209093E0
1.882884531E0,-8.815056682E-1,2.018141985E0,-3.347990513E0
1.903071718E0,-4.261054471E-2,4.053328037E-1,-2.555434227E0
1.923258802E0,1.149952054E0,-7.494129539E-1,-7.833682299E-1
1.943440468E0,8.756467104E-1,-6.476802826E-1,1.668469161E-1
1.963622552E0,-6.072002649E-1,-4.261054471E-2,2.158490419E-1
1.983805156E0,-6.775076985E-1,-4.612591565E-1,-3.364901543E-1
2.003988489E0,7.062698007E-1,-1.716672301E0,-4.989428520E-1
2.024172656E0,1.492967010E0,-2.188051462E0,-1.910816729E-1
2.044357760E0,1.278849006E0,-1.839710355E0,-6.949513555E-1
2.064543802E0,1.215465784E0,-1.425855398E0,-1.489638090E0
2.084730781E0,1.455682755E0,-1.440236449E0,-1.482181191E0
2.104918698E0,1.706019759E0,-1.387505889E0,-9.511472583E-1
2.125107552E0,1.434377551E0,-8.239814043E-1,-4.952144325E-1
2.145297239E0,5.310339332E-1,1.139832065E-1,-1.282311082E-1
2.165487552E0,-7.414234877E-1,1.254880548E0,5.073318258E-2
2.185678385E0,-1.604819655E0,2.342514753E0,-7.290397882E-1
2.205869531E0,-1.941442966E0,3.046653986E0,-1.372459054E0
2.226060781E0,-1.631451249E0,2.965161324E0,-1.858219266E0
2.246262864E0,-1.150484681E0,2.250902176E0,-1.801760316E0
2.266440052E0,-1.339036345E0,2.238118887E0,-1.404949546E0
2.286617552E0,-1.692171335E0,2.707900286E0,-1.259541154E0
2.306795781E0,-1.515870214E0,3.179811954E0,-1.198288441E0
2.326975052E0,-1.035436273E0,3.431214094E0,-8.142609000E-1
2.347155677E0,-4.074633420E-1,3.168094158E0,-1.298290044E-1
2.367337864E0,1.832253486E-1,2.028261900E0,4.054659605E-1
2.387521718E0,6.119939685E-1,5.299686790E-1,5.295692086E-1
2.407707343E0,3.547327816E-1,5.752423778E-2,3.751059473E-1
2.427894635E0,-3.376885653E-1,4.223770201E-1,1.103879437E-1
2.448083593E0,-9.331709743E-1,6.338318586E-1,2.783001214E-2
2.468274010E0,-1.957421899E0,-3.840275407E-1,2.664490640E-1
2.488465781E0,-2.481531620E0,-1.443432212E0,2.994722426E-1
2.508658593E0,-1.586177588E0,-1.644767046E0,-3.242396116E-1
2.528852239E0,-5.379581451E-1,-1.511609077E0,-5.495429039E-1
2.549046406E0,-2.966759205E-1,-1.580851197E0,-1.997369342E-3
2.569240781E0,-5.938844681E-1,-1.941442966E0,5.061333776E-1
2.589434218E0,-6.556697488E-1,-2.242912531E0,5.247755051E-1
2.609621406E0,-6.258423924E-1,-2.041577816E0,-4.127896391E-3
2.629803177E0,-7.803056240E-1,-1.579253316E0,-4.733765423E-1
2.649985364E0,-7.749792933E-1,-7.984151244E-1,-4.488754570E-1
2.670168073E0,-5.123918056E-1,-2.295643091E-1,-2.251701057E-1
2.690351510E0,-1.693769246E-1,-8.628635854E-2,9.813741595E-2
2.710535781E0,1.731053442E-1,-1.794969290E-1,4.592617750E-1
2.730720989E0,5.544697046E-1,-4.985433817E-1,6.185187101E-1
2.750907135E0,1.065796256E0,-8.884298801E-1,6.621944904E-1
2.771094218E0,1.557948112E0,-8.159919381E-1,7.005439997E-1
2.791282239E0,1.729988098E0,-7.243793011E-1,6.973482370E-1
2.811471093E0,1.358211160E0,-1.000815153E0,7.340998054E-1
2.831660677E0,-5.954823494E-1,-2.400571585E0,1.048885226E0
2.851850885E0,-2.278599024E0,-2.180062056E0,1.282710552E0
2.872041614E0,-1.605352283E0,-1.162202597E0,1.348756909E0
2.892232656E0,-2.604569495E-1,-1.048752069E0,1.402020097E0
2.912423802E0,5.496760607E-1,-2.111352444E0,1.433445334E0
2.932625781E0,1.199486852E0,-3.050382376E0,1.161270499E0
2.952803073E0,1.413072228E0,-3.502054214E0,9.977525473E-1
2.972980677E0,7.227813601E-1,-3.012032986E0,1.487773776E0
2.993159010E0,5.592634156E-2,-1.528120637E0,1.582582355E0
3.013338385E0,1.640505940E-1,-1.246358454E-1,2.573943138E-1
3.033519114E0,1.257543683E0,6.492781639E-1,-1.087501049E0
3.053701406E0,1.400821656E-1,-8.692551255E-1,-8.668582886E-2
3.073885364E0,3.824296594E-1,-4.617917836E-1,1.504684892E-2
3.094070989E0,2.775011659E-1,1.012000442E-1,-3.237069845E-1
3.114258281E0,6.444845200E-1,7.036066055E-1,-1.948100924E-1
3.134447239E0,9.709877968E-1,1.278316416E-2,-6.198502779E-1
3.154637656E0,1.018392086E0,-3.424822688E-1,-8.217177391E-1
3.174829427E0,3.004043400E-1,-2.439453751E-1,5.657881498E-1
3.195022239E0,-6.764423847E-1,-6.700508595E-1,3.343995810E0
3.215215885E0,-3.009369671E-1,-2.922018051E0,6.187716961E0
3.235410052E0,7.099981904E-1,-2.551839113E0,6.157357216E0
3.255604427E0,-1.171789989E-1,-1.499358535E0,4.779438496E0
3.275797864E0,-1.302284837E0,-4.026696682E-1,3.176216602E0
3.295985052E0,-1.402952194E0,4.346275628E-1,1.485643268E0
3.316166823E0,-1.021055222E0,6.551371515E-2,2.094574571E-1
3.336349010E0,-6.167876720E-1,-4.197138846E-1,2.410159074E-2
3.356531718E0,-4.729770422E-1,-3.904191256E-1,7.415566444E-1
3.376715156E0,-5.123918056E-1,-1.443432271E-1,1.949565649E0
3.396899427E0,-4.974781275E-1,-5.432844535E-2,3.427086353E0
3.417084635E0,7.456845790E-2,1.042360425E0,3.751459122E0
3.437270781E0,4.026696682E-1,2.179529428E0,2.385791063E0
3.457457864E0,-1.997369379E-1,2.025598764E0,1.818538189E0
3.477645885E0,-5.779055357E-1,1.757685065E0,2.363420486E0
3.497834739E0,-7.542066574E-1,1.416267991E0,2.932271242E0
3.518024323E0,-8.106656075E-1,8.788425326E-1,3.351985216E0
3.538214531E0,-9.432909489E-1,-9.693899006E-2,3.592734814E0
3.558405260E0,-1.058339477E0,-1.771533489E0,3.655052662E0
3.578596302E0,-9.832383394E-1,-3.742271185E0,3.626823187E0
3.598787552E0,-1.848232448E-1,-4.746814728E0,3.298189402E0
3.618989635E0,4.261054564E-3,-3.565437317E0,3.160770416E0
3.639167239E0,1.187768951E-1,-6.828339696E-1,3.357311487E0
3.659345156E0,3.217096329E-1,1.754489183E0,3.024949312E0
3.679523802E0,4.958802164E-1,8.474172354E-1,9.471525550E-1
3.699703489E0,4.372907281E-1,-2.487390637E-1,-2.922817171E-1
3.719884427E0,3.041327596E-1,-5.550023317E-1,-5.149217844E-1
3.740066823E0,2.194443047E-1,-5.145223141E-1,-8.281093240E-1
3.760250781E0,3.675159514E-1,-2.817622423E-1,-9.697893858E-1
3.780436406E0,6.764423847E-1,-0.000000000E0,-6.613955498E-1
3.800623698E0,9.672594070E-1,-4.846949503E-2,-4.083954394E-1
3.820812552E0,9.155941010E-1,-3.504717350E-1,-3.146522343E-1
3.841002864E0,4.559328258E-1,-2.455432713E-1,-2.277000993E-2
3.861194427E0,-2.482064217E-1,1.480716467E-1,2.696448565E-1
3.881387031E0,-4.442149401E-1,1.054610983E-1,5.524723530E-1
3.901580468E0,-1.033305749E-1,-9.054740891E-3,6.840324402E-1
3.921774427E0,2.551306486E-1,7.829687744E-2,6.792387366E-1
3.941968593E0,3.882885873E-1,-2.343579978E-1,6.275734305E-1
3.962162343E0,1.432779580E-1,-9.416930676E-1,5.130575895E-1
3.982349531E0,-4.213117659E-1,-1.778990269E0,3.197122514E-1
4.002531302E0,-5.480781198E-1,-2.608830690E0,2.984069884E-1
4.022713489E0,3.254380524E-1,-2.926279306E0,3.223754168E-1
4.042896198E0,1.249021649E0,-1.826394558E0,3.581948951E-2
4.063079635E0,1.503619671E0,-1.347558498E-1,-2.805638015E-1
4.083263906E0,1.295893192E0,9.161267281E-1,-5.500755310E-1
4.103449114E0,9.560741186E-1,9.006804228E-1,-6.795050502E-1
4.123635260E0,8.809730411E-1,3.073285520E-1,-5.495429039E-1
4.143822343E0,9.097351432E-1,1.384842768E-2,-3.269027770E-1
4.164010364E0,7.542066574E-1,4.335623085E-1,-7.976161689E-2
4.184199218E0,3.941475451E-1,8.649940491E-1,1.988048255E-1
4.204388802E0,-1.171789989E-1,6.583329439E-1,4.635228515E-1
4.224579010E0,-3.659180701E-1,-1.022653133E-1,5.423523784E-1
4.244769739E0,-2.348906398E-1,-8.000130057E-1,4.315649271E-1
4.264960781E0,5.006739125E-2,-7.547392845E-1,2.978743315E-1
4.285152031E0,3.153180480E-1,-1.278316379E-1,2.035985142E-1
4.305354114E0,4.543349445E-1,3.568633199E-1,8.748477697E-2
4.325532031E0,5.294360518E-1,3.685812056E-1,-2.277000993E-2
4.345710260E0,6.290381551E-1,1.970737725E-1,-4.247738793E-2
4.365889114E0,7.068024278E-1,2.253032625E-1,2.463422157E-2
4.386068906E0,5.709813237E-1,4.953475893E-1,2.035985142E-1
4.406249948E0,9.374319762E-2,6.242445111E-1,4.826975763E-1
4.426432448E0,-4.841623306E-1,1.986716688E-1,7.431545258E-1
4.446616510E0,-5.075981021E-1,-6.940192580E-1,6.467481852E-1
4.466802239E0,-2.753706574E-1,-1.103613138E0,2.472743243E-1
4.486989635E0,2.183790505E-2,-7.680550814E-1,-2.720417082E-1
4.507178593E0,-1.693769246E-1,-3.483411968E-1,-7.647261620E-1
4.527369010E0,-5.017392039E-1,-2.029327303E-1,-1.104545236E0
4.547560677E0,-5.672528744E-1,-3.675159439E-2,-1.088033676E0
4.567753385E0,-7.888277173E-1,3.877559602E-1,-7.333008647E-1
4.587946823E0,-9.954888821E-1,9.667267799E-1,-5.447492003E-1
4.608140677E0,-1.440236449E0,1.839177728E0,-5.410207510E-1
4.628334739E0,-2.229596853E0,2.403767347E0,-3.966775537E-1
4.648527343E0,-2.011750460E0,1.660213351E0,-4.744417965E-1
4.668714531E0,-1.391766906E0,1.049284697E0,-6.081323624E-1
4.688896302E0,-1.269261599E0,7.233139873E-1,-6.358292103E-1
4.709078489E0,-1.300686955E0,5.129244328E-1,-4.408859909E-1
4.729261198E0,-9.193225503E-1,2.854906619E-1,-2.986733019E-1
4.749444635E0,-5.603286624E-1,2.870885432E-1,-8.430230021E-1
4.769628906E0,-4.335623085E-1,4.804339111E-1,-1.369263291E0
4.789814114E0,-4.442149401E-1,6.924213469E-2,-1.019324183E0
4.810000260E0,-5.358276367E-1,-6.450171471E-1,-3.199785650E-1
4.830187343E0,-5.901560783E-1,-1.008272052E0,2.014679909E-1
4.850375364E0,-5.544697046E-1,-1.110004663E0,3.303648829E-1
4.870564218E0,-4.676507413E-1,-1.140897393E0,1.391500682E-1
4.890753802E0,-3.211769760E-1,-8.580698371E-1,-5.419528857E-2
4.910944010E0,-1.150484756E-1,-3.195790946E-1,4.926844500E-3
4.931134739E0,1.107874215E-1,2.013348341E-1,3.426154256E-1
4.951325781E0,2.753706574E-1,2.391516864E-1,7.442198396E-1
4.971517031E0,4.314317703E-1,-2.759032845E-1,1.060603142E0
4.991719114E0,5.752423406E-1,-1.000282526E0,1.179912686E0
5.011897031E0,5.853623748E-1,-1.289501667E0,1.032373667E0
5.032075260E0,4.921517968E-1,-9.566067457E-1,5.828323960E-1
5.052254114E0,7.179877162E-1,-8.309056163E-1,-9.414267540E-2
5.072433906E0,6.279729009E-1,-8.777772188E-1,-5.804355145E-1
5.092614948E0,-4.048001766E-2,-8.948214650E-1,-9.053409100E-1
5.112797448E0,-2.258358896E-1,-6.066676378E-1,-9.271788597E-1
5.132981510E0,2.434127480E-1,8.303729892E-1,-3.210438192E-1
5.153167239E0,9.645962119E-1,1.862080812E0,4.779039025E-1
5.173354635E0,1.137168884E0,7.574024200E-1,3.356912136E-1
5.193543593E0,5.177181363E-1,4.575307369E-1,1.764342934E-1
5.213734010E0,-3.728422802E-3,-7.456845790E-2,4.320975542E-1
5.233925677E0,-3.430148959E-1,-1.184573174E0,6.408892274E-1
5.254118385E0,-5.826992393E-1,-1.579785943E0,7.250450850E-1
5.274311823E0,-8.165245652E-1,-1.842373490E0,7.937545776E-1
5.294505677E0,-5.512739420E-1,-2.292447329E0,7.463503480E-1
5.314699739E0,5.864276290E-1,-2.158756733E0,4.006722867E-1
5.334892552E0,1.559013367E0,-1.271924734E0,-2.150501013E-1
5.355079739E0,2.045306206E0,-6.087981462E-1,-5.916208029E-1
5.375261510E0,2.377135754E0,-3.036001325E-2,-6.187850237E-1
5.395443698E0,1.884984016E0,7.440866828E-1,-5.644565821E-1
5.415626406E0,7.286403179E-1,9.321056604E-1,-2.858901322E-1
5.435809843E0,1.992042959E-1,1.752358675E-1,4.061317816E-2
5.455994114E0,8.149266988E-2,-5.283707380E-1,1.418132186E-1
5.476179323E0,-1.155811027E-1,-3.265033066E-1,1.780321896E-1
5.496365468E0,-2.386190593E-1,1.262337416E-1,2.360890508E-1
5.516552552E0,-1.912148297E-1,8.042740822E-2,2.547311783E-1
5.536740573E0,-6.391582079E-3,-3.845601678E-1,2.286322117E-1
5.556929531E0,2.668485343E-1,-9.113330245E-1,2.046637833E-1
5.577119218E0,5.395560265E-1,-1.138234258E0,1.492700726E-1
5.597309531E0,6.476802826E-1,-9.368993640E-1,-2.596580051E-2
5.617500364E0,5.699160695E-1,-3.930822909E-1,-1.633848101E-1
5.637691510E0,4.074633420E-1,2.375537902E-1,-1.474058628E-1
5.657882864E0,2.087916732E-1,6.242445111E-1,-1.074584723E-1
5.678085052E0,1.012000442E-2,6.615287066E-1,-6.857634336E-2
5.698262656E0,-1.789642870E-1,5.725792050E-1,1.114532053E-1
5.718440573E0,-3.494064808E-1,5.230444670E-1,3.783017397E-1
5.738619218E0,-3.573959470E-1,4.191812575E-1,5.066660047E-1
5.758798906E0,-1.438105851E-1,2.545980215E-1,5.103944540E-1
5.778979843E0,1.874863952E-1,2.029327303E-1,4.981439114E-1
5.799162239E0,4.809665382E-1,3.067959249E-1,4.320975542E-1
5.819346198E0,5.667202473E-1,5.853623748E-1,3.442133069E-1
5.839531823E0,3.147853911E-1,8.596677780E-1,2.557964325E-1
5.859719114E0,-2.817622423E-1,5.368928909E-1,-7.550056279E-2
5.879907968E0,-8.458193541E-1,-3.882885873E-1,-6.986798048E-1
5.900098281E0,-1.016261458E0,-9.001477957E-1,-1.322391629E0
5.920289843E0,-1.175518394E0,-7.398256063E-1,-1.664341331E0
5.940482448E0,-1.434377551E0,-1.278316416E-2,-1.529052854E0
5.960675885E0,-1.594699621E0,1.153147936E0,-1.168461084E0
5.980869843E0,-1.848232388E0,2.420811653E0,-6.629934311E-1
6.001064010E0,-1.530251265E0,2.290849447E0,-4.456796646E-1
6.021252760E0,-8.580698371E-1,1.343297482E0,-8.052061796E-1
6.041441614E0,-5.640571117E-1,8.058719635E-1,-7.695198059E-1
6.061641302E0,-4.836297035E-1,2.386190593E-1,-5.639239550E-1
6.081820156E0,-4.756402075E-1,-1.565937549E-1,-7.444861531E-1
6.101999323E0,-3.355580568E-1,-2.237053588E-2,-1.489638090E0
6.122179114E0,5.858949851E-3,6.178529188E-2,-1.972202420E0
6.142359739E0,1.523326933E-1,-3.249054253E-1,-1.289901137E0
6.162541510E0,-5.592634156E-2,-7.627287507E-1,-2.518016994E-1
6.182724531E0,-3.323622644E-1,-8.404930234E-1,3.735080659E-1
6.202908906E0,-4.420844018E-1,-7.936214209E-1,4.890891612E-1
6.223094739E0,-3.254380524E-1,-6.519413590E-1,2.771016955E-1
6.243282031E0,-1.315600574E-1,-3.366233110E-1,5.712476373E-2
6.263470677E0,1.544632297E-2,1.406148076E-1,1.940111369E-1
6.283660573E0,9.427583218E-2,4.095938802E-1,4.432828426E-1
6.303851614E0,9.267793596E-2,5.278381109E-1,6.233124137E-1
6.324043593E0,9.640636295E-2,5.049349666E-1,7.559376955E-1
6.344236302E0,1.070589945E-1,3.739075363E-1,7.761777043E-1
6.364429427E0,1.544632316E-1,3.020022511E-1,6.696513295E-1
6.384622760E0,3.004043400E-1,2.668485343E-1,4.992091656E-1
6.404815989E0,4.692486227E-1,2.950780392E-1,3.308975101E-1
6.425003281E0,6.780403256E-1,2.055958807E-1,1.577921808E-1
6.445190468E0,6.945518851E-1,4.527370632E-2,-5.472791940E-2
6.465372239E0,5.017392039E-1,-2.482064217E-1,-2.960101366E-1
6.485554427E0,3.957454562E-1,-5.294360518E-1,-3.631217480E-1
6.505737239E0,3.424822688E-1,-4.825644195E-1,-1.484711170E-1
6.525920781E0,4.692486227E-1,9.054740891E-3,-3.062632866E-3
6.546105156E0,8.905603886E-1,7.978824377E-1,1.604553312E-1
6.566290468E0,7.749792933E-1,2.208824158E0,5.093291998E-1
6.586476718E0,1.033305749E-1,2.509761095E0,6.510092616E-1
6.606663906E0,-3.563306928E-1,1.139832139E0,4.432828426E-1
6.626852031E0,-2.753706574E-1,-6.178529188E-2,5.460807681E-1
6.647040989E0,3.728422802E-3,-5.075981021E-1,8.384956717E-1
6.667230677E0,-1.448758543E-1,-8.287751079E-1,8.571377397E-1
6.687420989E0,-1.917474568E-1,-1.562209129E0,7.937545776E-1
6.707611823E0,5.129244328E-1,-2.590721130E0,8.097335100E-1
6.727802968E0,1.464204907E0,-2.193377733E0,4.869586527E-1
6.747994218E0,1.813611388E0,2.508696020E-1,2.996053919E-2
6.768196302E0,1.218661547E0,1.797632337E0,-2.123869359E-1
6.788373593E0,3.989412189E-1,1.606417537E0,-2.171806246E-1
6.808551198E0,2.247706354E-1,6.961497664E-1,-4.660528619E-3
6.828729531E0,6.279729009E-1,-5.166528821E-1,1.242363751E-1
6.848908906E0,5.475454926E-1,-5.704486966E-1,6.671213359E-2
6.869089635E0,5.017392039E-1,5.581981540E-1,-9.733846784E-2
6.889271927E0,2.258358896E-1,1.705487132E0,-2.629869580E-1
6.909455885E0,-2.908169627E-1,1.886581898E0,-1.873532385E-1
6.929641614E0,-2.540653646E-1,1.287903786E0,5.179844424E-2
6.949829010E0,5.752423778E-2,5.502086878E-1,1.263668984E-1
6.970018073E0,2.748380303E-1,3.978759646E-1,1.423458606E-1
6.990208593E0,5.944170952E-1,5.305013061E-1,1.780321896E-1
7.010400468E0,8.016108871E-1,5.294360518E-1,1.087900475E-1
7.030593385E0,8.644614220E-1,4.442149401E-1,4.966791719E-2
7.050787135E0,8.452867270E-1,3.584612012E-1,5.659212917E-2
7.070981406E0,6.854971647E-1,3.323622644E-1,1.268995255E-1
7.091175885E0,4.340949357E-1,4.042675495E-1,2.877543271E-1
7.111369427E0,2.359558940E-1,4.293012619E-1,4.518049359E-1
7.131556718E0,1.661811322E-1,3.589938581E-1,5.466133952E-1
7.151743906E0,2.231727391E-1,3.169159293E-1,5.679186583E-1
7.171925677E0,3.723096550E-1,3.510043621E-1,4.805670679E-1
7.192107864E0,4.889560044E-1,5.044023395E-1,3.351585865E-1
7.212290677E0,5.267728567E-1,7.712509036E-1,2.089248300E-1
7.232474218E0,3.792338669E-1,1.078579426E0,1.668469161E-1
7.252658593E0,3.888212144E-2,1.195758462E0,1.945437789E-1
7.272843906E0,-4.729770422E-1,9.230509400E-1,2.073269337E-1
7.293030156E0,-8.617982864E-1,2.322274745E-1,-1.850895584E-2
7.313217343E0,-9.384972453E-1,-4.127896726E-1,-4.169175625E-1
7.333405468E0,-1.480183840E0,-4.777707458E-1,-6.869618893E-1
7.353594427E0,-1.834916592E0,-4.245075583E-1,-7.966840267E-1
7.373784114E0,-2.071405172E0,-3.318296373E-1,-8.765788078E-1
7.393974427E0,-1.967541933E0,5.869602561E-1,-7.258440256E-1
7.414165260E0,-1.298556328E0,2.296175718E0,-3.988080621E-1
7.434356406E0,-4.026696682E-1,3.089797258E0,-3.737743795E-1
7.454547656E0,-9.997498989E-1,2.465020180E0,-8.062714338E-1
7.474749739E0,-1.693769217E0,1.066861510E0,-6.832334399E-1
7.494926927E0,-1.593634367E0,-6.466150284E-1,-1.516669095E-1
7.515104427E0,-1.375787973E0,-1.753956556E0,-1.878858805E-1
7.535282656E0,-1.100950003E0,-8.649940491E-1,-1.036900997E0
7.555461927E0,-3.291664720E-1,5.619265437E-1,-1.700560212E0
7.575642552E0,1.576590240E-1,6.450171471E-1,-1.342099071E0
7.595824739E0,-3.675159439E-2,-6.056023836E-1,-7.801724672E-1
7.616008593E0,-3.669833243E-1,-1.552089095E0,-3.993407190E-1
7.636194218E0,-4.655202031E-1,-1.407745957E0,-1.942774504E-1
7.656381614E0,-3.366233110E-1,-1.086568952E0,-2.326269448E-1
7.676570677E0,-1.347558498E-1,-1.039697289E0,-2.912164330E-1
7.696761302E0,2.929474972E-2,-8.612656593E-1,-1.420795321E-1
7.716953281E0,9.534109384E-2,-4.175833464E-1,7.044056058E-2
7.737146302E0,8.149266988E-2,-1.272990108E-1,2.637858987E-1
7.757340156E0,4.846949503E-2,-1.581916511E-1,4.257059693E-1
7.777534531E0,3.036001325E-2,-3.062632978E-1,6.078660488E-1
7.797729114E0,7.669898123E-2,-4.340949357E-1,7.175882459E-1
7.817922656E0,2.039979845E-1,-6.215813160E-1,6.201165915E-1
7.838109843E0,3.190464675E-1,-7.749792933E-1,3.335606754E-1
7.858291614E0,3.818970025E-1,-8.942888379E-1,-6.258423906E-3
7.878473802E0,5.001412630E-1,-9.976193905E-1,-2.736395895E-1
7.898656614E0,5.779055357E-1,-1.138234258E0,-3.977428079E-1
7.918840156E0,4.543349445E-1,-1.265533209E0,-5.159870982E-1
7.939024531E0,3.808317482E-1,-1.131309986E0,-5.436839461E-1
7.959209843E0,4.623244107E-1,-6.615287066E-1,-4.536691606E-1
7.979396093E0,4.932170510E-1,4.580633715E-2,-2.763027549E-1
7.999583281E0,7.025413513E-1,5.075981021E-1,8.801741153E-2
8.019771406E0,5.336970687E-1,7.898929715E-1,4.448807240E-1
8.039960364E0,1.491369121E-2,3.739075363E-1,3.772364855E-1
8.060150052E0,-4.063980877E-1,-1.304948032E-1,4.177165031E-1
8.080340364E0,-2.588590682E-1,-4.095938802E-1,6.685860753E-1
8.100531198E0,-2.311622053E-1,-8.852340579E-1,6.579334736E-1
8.120722343E0,-2.870885432E-1,-1.726259708E0,5.263733864E-1
8.140913593E0,3.488738537E-1,-2.726542234E0,4.464786351E-1
8.161115677E0,1.320394278E0,-2.706834793E0,1.748363972E-1
8.181292760E0,1.997369289E0,-1.099884748E0,-4.407528415E-2
8.201470156E0,1.383244872E0,1.561676502E0,-1.436774284E-1
8.221648281E0,4.564654827E-1,2.084720850E0,-3.407512009E-1
8.241827448E0,5.747097135E-1,5.102612972E-1,-4.206459820E-1
8.262007968E0,6.306360960E-1,-1.067394137E0,-3.668501675E-1
8.282190052E0,5.273054838E-1,-1.209074259E0,-2.336922139E-1
8.302373802E0,7.041392922E-1,-4.639223218E-1,-1.154479459E-1
8.322559323E0,7.259771824E-1,1.528653353E-1,-4.034686089E-2
8.342746614E0,4.724444151E-1,2.897517085E-1,1.771000773E-2
8.362935573E0,1.757684946E-1,1.400821656E-1,1.514005959E-1
8.383126093E0,2.929474972E-2,-1.262337416E-1,3.005374968E-1
8.403317968E0,1.198421568E-1,-1.890842915E-1,2.968090773E-1
8.423510989E0,2.908169627E-1,6.072002649E-2,2.195774615E-1
8.443704843E0,4.404865205E-1,2.359558940E-1,1.625858694E-1
8.463899218E0,4.703139067E-1,1.470063776E-1,1.572595388E-1
8.484093802E0,4.223770201E-1,6.018739566E-2,2.483395934E-1
8.504282968E0,3.552654386E-1,7.297056168E-2,3.431480527E-1
8.524472239E0,2.279664129E-1,1.198421568E-1,4.219775498E-1
8.544672343E0,7.297056168E-2,9.640636295E-2,4.864259958E-1
8.564850052E0,3.195791040E-3,-4.207791388E-2,4.480765164E-1
8.585028073E0,5.326318205E-4,-9.374319762E-2,3.553985953E-1
8.605206823E0,-4.367581010E-2,3.888212144E-2,2.611227632E-1
8.625386614E0,-1.544632316E-1,2.407495826E-1,1.806953400E-1
8.645567656E0,-4.676507413E-1,2.700443268E-1,6.524739787E-3
8.665750156E0,-6.828339696E-1,-4.101264849E-2,-4.051996469E-1
8.685934218E0,-9.949562550E-1,-4.681833684E-1,-8.488819599E-1
8.706119948E0,-9.890972972E-1,-8.649940491E-1,-1.069924116E0
8.726307343E0,-1.193627954E0,-1.048219442E0,-1.167395830E0
8.746496302E0,-1.415202737E0,-7.696529627E-1,-1.060869455E0
8.766686718E0,-1.201617360E0,2.716422267E-2,-7.354313731E-1
8.786878385E0,-7.765771747E-1,9.384972453E-1,-4.233091474E-1
8.807071093E0,-4.426170290E-1,9.587372541E-1,-4.009386003E-1
8.827264531E0,-1.699095517E-1,-1.422126889E-1,-4.275701940E-1
8.847458489E0,-1.699095517E-1,-1.253282666E0,-2.352901101E-1
8.867652656E0,-5.443497300E-1,-1.710813403E0,-1.612542868E-1
8.887845573E0,-5.464802384E-1,-1.869005084E0,-2.507364154E-1
8.908032760E0,-2.711096108E-1,-1.597895503E0,-6.507429481E-1
8.928214531E0,-2.604569495E-1,-7.099981904E-1,-9.900293946E-1
8.948396718E0,-3.904191256E-1,-3.089264594E-2,-7.929556370E-1
8.968579427E0,-4.255728126E-1,8.522108942E-2,-4.440817833E-1
8.988762864E0,-3.536675274E-1,5.592634156E-2,-2.331595868E-1
9.008947135E0,-2.625874877E-1,-4.953476042E-2,-1.404816359E-1
9.029132343E0,-2.886864543E-1,-3.589938581E-1,-1.957421936E-2
9.049318489E0,-4.543349445E-1,-2.412822098E-1,1.359542757E-1
9.069505573E0,-6.045371294E-1,2.231727391E-1,2.280995846E-1
9.089693593E0,-6.567350626E-1,6.498108506E-1,2.568616867E-1
9.109882448E0,-5.938844681E-1,8.303729892E-1,2.675143182E-1
9.130072135E0,-4.868254960E-1,6.434192657E-1,2.446111590E-1
9.150262448E0,-4.207791388E-1,1.794969290E-1,2.009353489E-1
9.170453281E0,-3.174485564E-1,-4.143875539E-1,1.774995476E-1
9.190644427E0,-5.645897239E-2,-8.341014385E-1,2.009353489E-1
9.210835781E0,3.520696461E-1,-9.416930676E-1,1.833585054E-1
9.231037968E0,6.934866309E-1,-7.211834788E-1,-2.383527346E-2
9.251215468E0,7.483476996E-1,-4.117243886E-1,-2.768353820E-1
9.271393281E0,5.938844681E-1,-3.648527861E-1,-4.637891650E-1
9.291571823E0,5.257076025E-1,-5.161202550E-1,-5.628587008E-1
9.311751406E0,7.787077427E-1,-4.617917836E-1,-5.958818197E-1
9.331932239E0,8.857667446E-1,-1.496695429E-1,-2.193111479E-1
9.352114531E0,7.158571482E-1,7.190529257E-2,5.492765903E-1
9.372298489E0,7.297055721E-1,-1.773663908E-1,1.103746295E0
9.392484114E0,6.780403256E-1,-6.625939608E-1,5.689839721E-1
9.412671406E0,-1.059937328E-1,-3.478085697E-1,-6.751108170E-2
9.432860364E0,-6.221139431E-1,3.685812056E-1,9.227846563E-2
9.453050781E0,-6.498108506E-1,5.747097135E-1,5.061333776E-1
9.473242448E0,-8.138614297E-1,3.030675054E-1,7.767103314E-1
9.493435156E0,-4.532696903E-1,-5.033370852E-1,8.161250949E-1
9.513628698E0,7.744466662E-1,-1.268196344E0,5.173186660E-1
9.533822760E0,1.614939690E0,-9.896299243E-1,1.822932363E-1
9.554017031E0,1.818937659E0,-7.307708859E-1,-9.094688296E-2
9.574210885E0,2.079927206E0,-7.408908606E-1,-2.667153776E-1
9.594398177E0,2.513489485E0,-1.320926845E-1,-2.970753908E-1
9.614585364E0,1.890310287E0,1.092427850E0,-3.625891209E-1
9.634767135E0,4.900212884E-1,1.882320881E0,-2.081258893E-1
9.654949323E0,-2.982738242E-2,1.543567061E0,-4.673844203E-2
9.675132031E0,-4.793686420E-2,5.150549412E-1,3.848264739E-2
9.695315468E0,-3.408843577E-1,-8.096003532E-2,1.924132407E-1
9.715499739E0,-3.281011879E-1,-1.027979404E-1,3.271690905E-1
9.735684948E0,3.888212144E-2,1.768337637E-1,2.595248520E-1
9.755871093E0,4.410191476E-1,4.250401855E-1,1.125184745E-1
9.776058177E0,7.099981904E-1,3.430148959E-1,-1.744369231E-2
9.796246198E0,7.712509036E-1,2.450106442E-1,-8.828372508E-2
9.816435052E0,6.045371294E-1,5.629918575E-1,-1.464737463E-3
9.836624739E0,3.296990991E-1,9.928256869E-1,1.945437789E-1
9.856815052E0,4.900212586E-2,1.079112053E0,4.022701681E-1
9.877005885E0,-1.358211190E-1,9.608678222E-1,7.101313472E-1
9.897197031E0,-1.304948032E-1,7.376950979E-1,9.333041310E-1
9.917388385E0,2.503369562E-2,4.138549268E-1,8.289082646E-1
9.937590573E0,2.146506310E-1,3.952127993E-1,5.956155062E-1
9.957767968E0,2.508696020E-1,7.057371736E-1,4.235754609E-1
9.977945677E0,1.794969290E-1,7.281076908E-1,1.109205782E-1
9.998124114E0,-4.261054564E-3,4.484759867E-1,-4.142543972E-1
1.001830359E1,-4.016043842E-1,2.673811615E-1,-7.673892975E-1
1.003848432E1,-7.467498183E-1,2.663159184E-2,-9.186567068E-1
1.005866651E1,-1.249554276E0,-2.503369562E-2,-9.474188685E-1
1.007885036E1,-1.697497606E0,2.625874877E-1,-9.165261984E-1
1.009903599E1,-1.772598743E0,9.166593552E-1,-9.314398766E-1
1.011922328E1,-1.332112193E0,1.809350252E0,-9.777788520E-1
1.013941224E1,-6.663224101E-1,2.240249395E0,-1.031574726E0
1.015960266E1,-8.122635484E-1,1.845569253E0,-1.048086286E0
1.017979443E1,-1.253282666E0,9.155941010E-1,-6.022734046E-1
1.019998724E1,-1.339036345E0,-2.082590461E-1,2.783001214E-2
1.022018089E1,-1.197356343E0,-9.113330245E-1,2.190448344E-1
1.024037505E1,-1.017859459E0,-4.601939023E-1,-3.093259335E-1
1.026056943E1,-6.301034689E-1,4.388886094E-1,-1.019856811E0
1.028076338E1,-3.249054253E-1,7.590003610E-1,-1.034770489E0
1.030095057E1,-3.185138404E-1,1.715074480E-1,-5.522060394E-1
1.032113234E1,-4.852275848E-1,-3.968107104E-1,-1.814942956E-1
1.034131453E1,-5.731118321E-1,-4.223770201E-1,-4.407528415E-2
1.036149724E1,-4.921517968E-1,-3.760380745E-1,-1.202416345E-1
1.038168068E1,-3.020022511E-1,-3.936149180E-1,-1.873532385E-1
1.040186495E1,-8.042740822E-2,-1.603221744E-1,-3.235738352E-2
1.042205016E1,6.125266105E-2,9.480846673E-2,2.829606533E-1
1.044223630E1,1.251684725E-1,1.299621612E-1,6.238450408E-1
1.046242339E1,2.524674833E-1,-6.551371515E-2,8.805735707E-1
1.048261141E1,4.532696903E-1,-4.207791388E-1,1.015329361E0
1.050280026E1,6.423539519E-1,-6.647245288E-1,9.647293687E-1
1.052298984E1,6.024065614E-1,-5.113265514E-1,7.133271694E-1
1.054318005E1,5.091960430E-1,-4.293012619E-1,3.772364855E-1
1.056337078E1,5.486107469E-1,-6.466150284E-1,-9.201214463E-2
1.058356182E1,2.892190814E-1,-7.840340137E-1,-5.937513113E-1
1.060375307E1,4.740423337E-2,-7.121287584E-1,-8.787093163E-1
1.062395516E1,1.651158631E-1,-1.651158556E-2,-6.693850160E-1
1.064413307E1,3.792338669E-1,1.241564751E0,-1.356879622E-1
1.066431130E1,7.185203433E-1,1.738510251E0,3.644533157E-1
1.068449016E1,8.378298283E-1,1.574459672E0,6.265081763E-1
1.070466995E1,3.888212144E-1,8.218508959E-1,3.111901283E-1
1.072485099E1,-2.295643091E-1,-3.089264631E-1,2.659164369E-1
1.074503349E1,-4.958802164E-1,-7.099981904E-1,7.053377032E-1
1.076521755E1,-4.522044063E-1,-8.207856417E-1,9.274451733E-1
1.078540328E1,-5.624592304E-1,-1.033838391E0,7.548724413E-1
1.080559068E1,-1.704421788E-1,-1.555817604E0,4.842954874E-1
1.082577964E1,5.150549412E-1,-2.367548466E0,-1.873532385E-1
1.084597005E1,5.597960353E-1,-3.067426682E0,-2.008421421E0
1.086616172E1,1.367798567E0,-8.165245652E-1,-1.591370702E0
1.088635443E1,2.012283087E0,2.698845387E0,-5.436839461E-1
1.090654786E1,1.947301984E0,3.642136335E0,2.643185556E-1
1.092674172E1,1.924931407E0,1.651158690E0,2.078595608E-1
1.094693578E1,1.244227886E0,-9.246488214E-1,8.535424620E-2
1.096712849E1,1.257011145E-1,-1.557415485E0,3.207775056E-1
1.098731568E1,-2.902843356E-1,-5.427518487E-1,6.025397182E-1
1.100749745E1,-4.649875760E-1,4.719117880E-1,4.038680792E-1
1.102767964E1,-5.704486966E-1,7.563371658E-1,1.705753356E-1
1.104786234E1,-1.374190152E-1,4.628570378E-1,2.643185556E-1
1.106804578E1,4.074633420E-1,1.352884769E-1,2.802974880E-1
1.108823005E1,7.281076908E-1,3.728422895E-2,1.828258783E-1
1.110841526E1,8.953540921E-1,7.084003091E-2,1.519332230E-1
1.112860141E1,7.712509036E-1,2.982738316E-1,1.391500682E-1
1.114878849E1,5.150549412E-1,5.347623229E-1,1.780321896E-1
1.116897651E1,2.838927507E-1,5.645897388E-1,3.452785909E-1
1.118916536E1,1.571263820E-1,3.360906839E-1,6.057355404E-1
1.120935505E1,2.055958807E-1,4.687159881E-2,7.660577297E-1
1.122954536E1,3.653854430E-1,-4.846949503E-2,7.245124578E-1
1.124973620E1,5.033370852E-1,6.498108059E-2,5.370260477E-1
1.126992734E1,4.996086359E-1,2.130527347E-1,3.245059252E-1
1.129011870E1,4.324970245E-1,3.195790946E-1,1.673795432E-1
1.131032089E1,2.998717129E-1,2.657832801E-1,-1.266332120E-1
1.133049828E1,4.900212586E-2,1.518000662E-1,-4.563323259E-1
1.135067599E1,-5.486107469E-1,1.235705838E-1,-5.830987096E-1
1.137085443E1,-1.023185730E0,-2.684464455E-1,-7.977492809E-1
1.139103391E1,-1.374190092E0,-4.580633640E-1,-9.314398766E-1
1.141121464E1,-1.660213351E0,-1.267663687E-1,-8.616651297E-1
1.143139682E1,-1.646364927E0,7.153245211E-1,-6.773745418E-1
1.145158068E1,-1.312937379E0,1.913746119E0,-5.351617932E-1
1.147176630E1,-9.795098901E-1,2.761696100E0,-5.154544711E-1
1.149195359E1,-1.455150127E0,2.409093618E0,-6.789724231E-1
1.151214255E1,-1.710813403E0,1.463139653E0,-4.142543972E-1
1.153233297E1,-1.569666028E0,5.017392039E-1,1.311605871E-1
1.155252474E1,-1.530251265E0,-3.275685608E-1,2.786996067E-1
1.157271755E1,-1.513739586E0,-3.920170069E-1,-2.166479975E-1
1.159291120E1,-1.067394137E0,3.430148959E-1,-1.117861032E0
1.161310536E1,-4.921517968E-1,9.448888302E-1,-1.355947495E0
1.163329974E1,-3.222422600E-1,6.615287066E-1,-6.496776342E-1
1.165349370E1,-5.028044581E-1,-3.408843651E-2,-1.122521535E-1
1.167368089E1,-6.343644857E-1,-4.053328037E-1,-1.691105962E-2
1.169386266E1,-5.070654750E-1,-5.629918575E-1,-1.559279710E-1
1.171404484E1,-2.434127480E-1,-4.569981098E-1,-2.603237927E-1
1.173422755E1,3.568633273E-2,1.097221524E-1,-8.135951310E-2
1.175441099E1,2.551306486E-1,5.028044581E-1,2.318280041E-1
1.177459526E1,4.053328037E-1,5.118591785E-1,4.869586527E-1
1.179478047E1,4.319643974E-1,4.479433596E-1,6.334323883E-1
1.181496661E1,4.234423041E-1,3.286338449E-1,6.664555669E-1
1.183515370E1,4.878907502E-1,8.841688186E-2,5.018723607E-1
1.185534172E1,5.571328998E-1,-2.029327303E-1,2.121206224E-1
1.187553057E1,5.395560265E-1,-3.675159514E-1,-2.490053698E-2
1.189572026E1,6.183855534E-1,-6.348971128E-1,-2.704437971E-1
1.191591057E1,4.799012840E-1,-1.146756291E0,-4.803007543E-1
1.193610141E1,2.221074700E-1,-1.169659495E0,-4.036017656E-1
1.195629255E1,2.924148738E-1,-3.296990991E-1,-9.733846784E-2
1.197648391E1,3.611243665E-1,6.354297400E-1,1.870869249E-1
1.199668609E1,4.830970466E-1,1.000815153E0,3.314301372E-1
1.201686349E1,7.073350549E-1,1.402952194E0,8.177229762E-1
1.203704120E1,2.338253707E-1,1.978194594E0,8.656598926E-1
1.205721964E1,-4.506065249E-1,8.383625150E-1,4.155859649E-1
1.207739911E1,-6.327666044E-1,-4.990760088E-1,6.403566003E-1
1.209757984E1,-3.808317482E-1,-9.970867634E-1,1.008937836E0
1.211776203E1,-5.283707380E-1,-1.290566921E0,1.026514649E0
1.213794588E1,-5.853623748E-1,-1.596297622E0,7.804387808E-1
1.215813151E1,6.924213469E-2,-2.052762985E0,5.093291998E-1
1.217831880E1,1.293762684E0,-2.269011497E0,1.135837361E-1
1.219850776E1,5.613939166E-1,-4.902875900E0,-1.142362118E0
1.221869818E1,3.110569715E-1,-3.925496578E0,-1.115730524E0
1.223888995E1,-2.636527419E-1,-1.012000442E-1,-6.187850237E-1
1.225908276E1,-4.197138846E-1,3.226683617E0,-6.912229657E-1
1.227927641E1,1.417865872E0,5.054143429E0,-5.351617932E-1
1.229947057E1,3.207508802E0,3.864243746E0,-1.798963994E-1
1.231966495E1,2.869287729E0,1.887114525E0,9.547425061E-2
1.233985891E1,1.597362876E0,-1.197888970E0,1.604553312E-1
1.236004620E1,3.691138625E-1,-3.538805723E0,4.661859870E-1
1.238023338E1,3.089264594E-2,-2.495912790E0,9.077377915E-1
1.240041516E1,-2.130527236E-2,-1.981390417E-1,8.491482735E-1
1.242059734E1,-3.749727905E-1,1.148886800E0,3.932154477E-1
1.244078005E1,-4.026696682E-1,1.228781581E0,2.888196111E-1
1.246096349E1,1.965411454E-1,2.881538272E-1,4.640554786E-1
1.248114776E1,2.237053663E-1,-1.800295562E-1,4.209122956E-1
1.250133297E1,5.299686790E-1,-3.408843651E-2,4.006722867E-1
1.252151911E1,7.600656152E-1,3.131875098E-1,3.788343966E-1
1.254170620E1,7.041392922E-1,5.044023395E-1,4.661859870E-1
1.256189422E1,5.555350184E-1,4.814991653E-1,5.503418446E-1
1.258208307E1,2.695116997E-1,4.681833684E-1,5.221123695E-1
1.260227276E1,-3.621896356E-2,2.860232890E-1,3.735080659E-1
1.262246307E1,-2.269011587E-1,3.568633273E-2,2.318280041E-1
1.264265391E1,-3.834949136E-1,-1.960085034E-1,4.061317816E-2
1.266284505E1,-3.281011879E-1,-5.257076025E-1,-2.965427637E-1
1.268303641E1,-6.727139950E-1,-3.675159514E-1,-5.846965909E-1
1.270323859E1,-1.174453139E0,-2.327601016E-1,-8.174566627E-1
1.272341609E1,-1.408278584E0,-2.924148738E-1,-1.004410505E0
1.274359391E1,-1.394430161E0,7.989477366E-3,-9.266462326E-1
1.276377245E1,-1.112135291E0,9.901625514E-1,-6.358292103E-1
1.278395203E1,-8.617982864E-1,2.247173548E0,-4.020038545E-1
1.280413286E1,-1.670866013E0,2.725476980E0,-3.593933284E-1
1.282431516E1,-1.892973542E0,2.057556629E0,-4.217112362E-1
1.284449911E1,-1.472726941E0,1.201084733E0,-6.697845459E-2
1.286468474E1,-1.377918482E0,2.226400971E-1,6.191844866E-2
1.288487203E1,-1.480183840E0,-5.608612895E-1,-3.981423005E-2
1.290506099E1,-1.206943750E0,-8.799077868E-1,-5.804355145E-1
1.292525141E1,-4.814991653E-1,-2.221074700E-1,-1.490170717E0
1.294544307E1,1.193095297E-1,8.314382434E-1,-1.637177110E0
1.296563578E1,1.411474347E-1,6.833665967E-1,-9.511472583E-1
1.298582932E1,-1.523326933E-1,-5.246423483E-1,-4.323638678E-1
1.300602338E1,-2.593916953E-1,-1.135571003E0,-1.271658540E-1
1.302621766E1,-1.406148076E-1,-1.069524646E0,-7.869634777E-2
1.304641161E1,8.096003532E-2,-8.804404140E-1,-2.810964286E-1
1.306659880E1,2.391516864E-1,-7.850993276E-1,-3.322291076E-1
1.308678057E1,2.599243224E-1,-6.844319105E-1,-6.964161247E-2
1.310696276E1,2.487390637E-1,-4.399538934E-1,1.806953400E-1
1.312714547E1,1.486042738E-1,-5.858949944E-2,3.170490861E-1
1.314732891E1,-2.982738242E-2,1.773663908E-1,3.074617088E-1
1.316751318E1,-1.006674170E-1,3.834949061E-2,2.488722205E-1
1.318769839E1,-4.420844093E-2,-3.712443709E-1,2.025332451E-1
1.320788453E1,9.427583218E-2,-7.605982423E-1,1.929458827E-1
1.322807161E1,4.053328037E-1,-8.708530068E-1,2.424806356E-1
1.324825964E1,7.334340215E-1,-7.819035053E-1,2.701774836E-1
1.326844859E1,8.016108871E-1,-8.159919381E-1,1.727058738E-1
1.328863828E1,6.913561225E-1,-7.542066574E-1,-8.881635964E-2
1.330882859E1,6.386255622E-1,-4.937497079E-1,-3.013364673E-1
1.332901943E1,5.720465779E-1,-3.787012100E-1,-3.231743574E-1
1.334921057E1,4.506065249E-1,-6.519413590E-1,-3.045322299E-1
1.336940193E1,4.095938802E-1,-1.013598323E0,-3.050648868E-1
1.338960411E1,4.415517747E-1,-1.170724750E0,-1.207742617E-1
1.340978161E1,4.601939023E-1,-8.644614220E-1,1.428784877E-1
1.342995943E1,3.499391079E-1,-2.924148738E-1,7.213166356E-1
1.345013797E1,2.045306265E-1,9.480846673E-2,1.168194771E0
1.347031755E1,-2.503369562E-2,2.434127480E-1,7.223818898E-1
1.349049838E1,-3.020022511E-1,3.286338449E-1,2.419480085E-1
1.351068068E1,-1.778990328E-1,2.876211889E-2,3.468764722E-1
1.353086464E1,-2.125200927E-1,-5.486107469E-1,4.960133731E-1
1.355105026E1,-5.448823571E-1,-1.094558358E0,4.880239069E-1
1.357123755E1,-4.021370113E-1,-1.937181950E0,4.906870723E-1
1.359142651E1,5.187833905E-1,-2.862895966E0,4.044007063E-1
1.361161693E1,1.356080651E0,-2.843721390E0,1.018658355E-1
1.363180870E1,1.655419707E0,-7.637940049E-1,-1.261005849E-1
1.365200151E1,8.016108871E-1,2.011750460E0,-2.917490900E-1
1.367219516E1,3.701791167E-1,1.328383803E0,-4.542017877E-1
1.369238932E1,5.209138989E-1,-5.901560783E-1,-2.533995807E-1
1.371258370E1,4.367581010E-1,-1.710280776E0,1.291632187E-2
1.373277734E1,4.745749533E-1,-1.643169165E0,1.231711060E-1
1.375296464E1,7.360971570E-1,-9.534109831E-1,3.581948951E-2
1.377315182E1,6.913561225E-1,-1.507348120E-1,-1.521995366E-1
1.379333359E1,3.233075142E-1,3.568633199E-1,-2.161153555E-1
1.381351578E1,-7.456845604E-3,3.941475451E-1,-1.314269006E-1
1.383369859E1,5.486107618E-2,3.195791040E-3,-4.567318037E-2
1.385388214E1,2.519348562E-1,-4.165180922E-1,-7.323687430E-3
1.387406651E1,3.930822909E-1,-4.548675716E-1,4.926844500E-3
1.389425182E1,5.566002727E-1,-2.423474789E-1,-3.994738800E-4
1.391443807E1,5.826992393E-1,-6.018739566E-2,3.262370080E-2
1.393462526E1,4.926844239E-1,8.522109129E-3,1.103879437E-1
1.395481339E1,4.005391300E-1,-5.539371073E-2,1.945437789E-1
1.397500234E1,2.838927507E-1,-1.464737505E-1,2.621880174E-1
1.399519203E1,1.187768951E-1,-1.209074259E-1,3.117227852E-1
1.401538234E1,-3.621896356E-2,-2.663159184E-2,2.813627720E-1
1.403557318E1,-8.096003532E-2,7.829687744E-2,2.009353489E-1
1.405576432E1,2.237053588E-2,2.551306486E-1,1.450090110E-1
1.407595557E1,2.237053663E-1,4.127896726E-1,1.082574204E-1
1.409615766E1,4.447475672E-1,3.936149180E-1,9.281109273E-2
1.411633495E1,5.560676455E-1,3.936149180E-1,1.370195299E-1
1.413651255E1,4.415517747E-1,6.029392481E-1,2.589922249E-1
1.415669089E1,8.894951642E-2,6.514087319E-1,3.862912357E-1
1.417687026E1,-2.972085476E-1,9.587372839E-2,3.005374968E-1
1.419705099E1,-4.687159956E-1,-8.133288026E-1,-1.051947847E-2
1.421723328E1,-4.980107546E-1,-1.226118445E0,-2.938795984E-1
1.423741724E1,-5.539370775E-1,-9.054740667E-1,-4.344944060E-1
1.425760297E1,-8.341014385E-1,-3.312969804E-1,-5.106607676E-1
1.427779036E1,-1.020522594E0,1.315600574E-1,-4.712460041E-1
1.429797943E1,-1.054078341E0,5.187833905E-1,-3.998733461E-1
1.431816995E1,-1.030642629E0,8.495477438E-1,-4.568649530E-1
1.433836182E1,-9.635309577E-1,7.771098018E-1,-6.683197618E-1
1.435855474E1,-1.107341528E0,1.581916511E-1,-9.080041051E-1
1.437874849E1,-1.905756712E0,-3.861580789E-1,-8.590019941E-1
1.439894276E1,-1.936649323E0,-8.191877604E-1,-5.868270993E-1
1.441913724E1,-1.163800478E0,-7.563371658E-1,-2.763027549E-1
1.443933088E1,-7.020087242E-1,-2.860232890E-1,-2.592585385E-1
1.445951818E1,-7.142592669E-1,-1.379516423E-1,-5.191828609E-1
1.447970536E1,-5.262402296E-1,-6.775076985E-1,-7.141261101E-1
1.449988714E1,-1.778990328E-1,-1.825329304E0,-1.043292522E0
1.452006932E1,-3.994738683E-2,-2.394712687E0,-1.719735026E0
1.454025214E1,1.661811322E-1,-2.025066137E0,-2.150101423E0
1.456043568E1,4.846949577E-1,-1.707085013E0,-1.815076113E0
1.458062005E1,6.178529263E-1,-2.163017750E0,-1.272856951E0
1.460080536E1,5.842971206E-1,-2.684464455E0,-1.035303116E0
1.462099161E1,5.470128655E-1,-2.884201288E0,-1.068858862E0
1.464117880E1,5.320991874E-1,-2.834666491E0,-9.724525213E-1
1.466136693E1,5.779055357E-1,-2.700975895E0,-6.209155321E-1
1.468155589E1,6.119939685E-1,-2.591786385E0,-3.098585606E-1
1.470174557E1,6.269076467E-1,-2.568350554E0,-1.207742617E-1
1.472193588E1,6.317013502E-1,-2.772881269E0,6.404897571E-2
1.474212672E1,5.411539078E-1,-3.084470987E0,2.664490640E-1
1.476231786E1,2.838927507E-1,-3.437073231E0,4.475438893E-1
1.478250922E1,-1.597895473E-2,-3.635744810E0,4.033354521E-1
1.480271141E1,-5.699160323E-2,-3.504184723E0,2.057290375E-1
1.482288880E1,4.293012619E-1,-3.189931870E0,-4.620581120E-2
1.484306651E1,9.843035936E-1,-2.609363317E0,-1.051947847E-2
1.486324495E1,9.129309654E-1,-2.536925316E0,4.938828647E-1
1.488342443E1,-5.326318205E-4,-1.634647012E0,1.492034912E0
1.490360526E1,-5.741770864E-1,2.359558940E-1,1.457413793E0
1.492378755E1,-6.002760530E-1,3.025348783E-1,1.174586296E0
1.494397151E1,-6.487455368E-1,-1.076981544E0,9.556746483E-1
1.496415714E1,-4.372907281E-1,-3.406180382E0,3.740406930E-1
1.498434443E1,7.350318879E-2,-5.209139347E0,-3.673827946E-1
1.500453338E1,5.379581451E-1,-4.938029766E0,-1.052347302E0
1.502472391E1,7.313035131E-1,-3.755054235E0,-1.117328405E0
1.504491578E1,6.189181805E-1,-3.219226837E0,-7.865640521E-1
1.506510870E1,3.605917394E-1,-2.618950605E0,-7.018755674E-1
1.508530245E1,1.533979625E-1,-1.951030374E0,-7.673892975E-1
1.510549672E1,5.060002208E-2,-1.742238641E0,-8.281093240E-1
1.512569120E1,1.150484756E-1,-2.101232529E0,-8.408924937E-1
1.514588505E1,3.142527640E-1,-2.426137924E0,-7.061366439E-1
1.516607234E1,5.651223660E-1,-2.327600956E0,-4.419512451E-1
1.518625422E1,7.850993276E-1,-1.728390217E0,-1.777658761E-1
1.520643651E1,1.004011035E0,-1.452486992E0,-1.990711391E-1
1.522661932E1,4.293012619E-1,-3.483944654E0,-1.617869139E-1
1.524680286E1,-1.059937358E0,-3.987281799E0,4.842954874E-1
1.526698724E1,-1.235173225E0,-1.723063946E0,7.101313472E-1
1.528717255E1,-4.431496859E-1,-5.038697124E-1,5.018723607E-1
1.530735880E1,1.422126889E-1,-1.162202597E0,-3.821633384E-2
1.532754599E1,2.934801280E-1,-2.494847536E0,-6.230461001E-1
1.534773411E1,4.362254739E-1,-2.882070780E0,-7.785745859E-1
1.536792307E1,5.864276290E-1,-1.450356483E0,-4.643217921E-1
1.538811276E1,4.383559823E-1,9.640636295E-2,-2.704437971E-1
1.540830307E1,8.468846232E-2,6.024065614E-1,-4.067975581E-1
1.542849391E1,-1.629853398E-1,4.751075804E-1,-4.882902205E-1
1.544868505E1,-1.480716467E-1,2.423474789E-1,-3.652522564E-1
1.546887641E1,-7.456845790E-2,-1.091895252E-1,-1.021321490E-1
1.548907859E1,-2.247706354E-1,-6.604634523E-1,1.402153224E-1
1.550925609E1,-4.964128435E-1,-1.006674170E0,3.484743834E-1
1.552943391E1,-5.651223660E-1,-8.442214131E-1,3.783017397E-1
1.554961245E1,-4.367581010E-1,-4.223770201E-1,2.627206445E-1
1.556979203E1,-3.174485564E-1,-1.922800839E-1,1.604553312E-1
1.558997286E1,-2.487390637E-1,-2.524674833E-1,8.162582666E-2
1.561015516E1,-1.150484756E-1,-4.490086138E-1,-3.022685647E-2
1.563033911E1,9.693899006E-2,-6.402234435E-1,-2.182458937E-1
1.565052474E1,2.833601236E-1,-6.487455368E-1,-2.890859246E-1
1.567071203E1,3.765707016E-1,-5.017392039E-1,-2.475406379E-1
1.569090099E1,3.222422600E-1,-2.945453823E-1,-2.273006290E-1
1.571109141E1,3.941475600E-2,-1.150484756E-1,-1.197090000E-1
1.573128318E1,-3.547327816E-1,-2.929474972E-2,6.511423737E-2
1.575147599E1,-5.475454926E-1,-8.575372398E-2,1.593900770E-1
1.577166964E1,-4.969455004E-1,-3.217096329E-1,1.402153224E-1
1.579186380E1,-4.468781054E-1,-6.812360883E-1,7.044056058E-2
1.581205818E1,-6.370276809E-1,-9.225183129E-1,1.824264042E-2
1.583224714E1,-9.949562550E-1,-8.777772188E-1,-5.206476152E-2
1.585243620E1,-1.249554276E0,-6.242445111E-1,-1.452753246E-1
1.587263609E1,-1.273522735E0,-4.543349445E-1,-2.235722095E-1
1.589281464E1,-1.175518394E0,-5.427518487E-1,-3.093259335E-1
1.591299349E1,-1.099352121E0,-8.948214650E-1,-3.956122994E-1
1.593317297E1,-1.042893052E0,-1.276185870E0,-4.009386003E-1
1.595335339E1,-9.922930598E-1,-1.310806870E0,-4.099933505E-1
1.597353495E1,-9.566067457E-1,-1.068992019E0,-5.474123359E-1
1.599371786E1,-7.957519293E-1,-9.257140756E-1,-6.928208470E-1
1.601390224E1,-5.262402296E-1,-9.518130422E-1,-7.865640521E-1
1.603408818E1,-3.249054253E-1,-8.410256505E-1,-8.286419511E-1
1.605427557E1,-1.874863952E-1,-4.266380966E-1,-7.940208912E-1
1.607446443E1,1.065263641E-3,3.355580568E-2,-7.423555851E-1
1.609465464E1,3.328948915E-1,1.384842768E-2,-7.386271954E-1
1.611484599E1,6.562023759E-1,-5.566002727E-1,-7.593998313E-1
1.613503828E1,6.828339696E-1,-1.176583648E0,-7.418229580E-1
1.615523130E1,4.878907502E-1,-1.374722719E0,-6.107955575E-1
1.617542474E1,3.051980436E-1,-1.173920512E0,-4.179828167E-1
1.619561838E1,2.498043180E-1,-9.944236279E-1,-3.396859467E-1
1.621581141E1,2.583264410E-1,-9.384972453E-1,-3.833617568E-1
1.623599880E1,1.816274524E-1,-7.408908606E-1,-3.876228034E-1
1.625618609E1,1.597895473E-2,-6.125265956E-1,-2.853575051E-1
1.627636797E1,-1.848232448E-1,-6.593981981E-1,-1.255679578E-1
1.629655026E1,-3.696464896E-1,-7.030739784E-1,6.617950648E-2
1.631673307E1,-4.655202031E-1,-6.274402738E-1,2.280995846E-1
1.633691661E1,-4.639223218E-1,-3.707117438E-1,3.063964546E-1
1.635710099E1,-3.957454562E-1,-6.657897681E-2,3.026680350E-1
1.637728630E1,-2.785664499E-1,9.587372839E-2,2.611227632E-1
1.639747255E1,-1.565937549E-1,3.142527863E-2,1.774995476E-1
1.641765974E1,-5.805686861E-2,-2.519348562E-1,8.056056499E-2
1.643784786E1,3.994738683E-2,-6.945518851E-1,2.197106183E-2
1.645803682E1,1.422126889E-1,-1.083373070E0,1.771000773E-2
1.647822651E1,2.194443047E-1,-1.272990108E0,3.315633163E-2
1.649841682E1,2.487390637E-1,-1.306545854E0,2.942790836E-2
1.651860766E1,2.087916732E-1,-1.286305904E0,-1.424790081E-2
1.653879880E1,1.193095297E-1,-1.219194293E0,-8.402267098E-2
1.655899016E1,7.190529257E-2,-1.107874155E0,-1.910816729E-1
1.657919234E1,1.001347825E-1,-8.596677780E-1,-2.805638015E-1
1.659937036E1,1.315600574E-1,-4.767054915E-1,-2.587259114E-1
1.661954870E1,2.396843135E-1,-1.075916290E-1,-1.292963773E-1
1.663972766E1,3.739075363E-1,1.810948253E-1,1.013332009E-1
1.665990755E1,4.426170290E-1,1.374190152E-1,4.725775719E-1
1.668009812E1,2.609896064E-1,-2.295643091E-1,5.748428702E-1
1.670028938E1,-1.683116555E-1,-3.238401413E-1,4.273038805E-1
1.672048114E1,-1.672463864E-1,-3.866907060E-1,2.014679909E-1
1.674067323E1,2.205095738E-1,-6.253097653E-1,-1.531316526E-2
1.676086271E1,3.877559602E-1,-5.880255103E-1,-1.069258377E-1
1.678104958E1,3.888212144E-1,-3.861580789E-1,-1.564605981E-1
1.680123667E1,5.187833905E-1,-4.591286182E-1,-3.258375227E-1
1.682142396E1,6.258423924E-1,-5.805686712E-1,-3.721764982E-1
1.684161146E1,6.801708341E-1,-5.219792128E-1,-2.347574681E-1
1.686179917E1,9.171919823E-1,-5.624592304E-1,-1.308942735E-1
1.688198708E1,8.261119723E-1,-7.115961313E-1,2.197106183E-2
1.690217516E1,2.045306265E-1,-8.239814043E-1,2.158490419E-1
1.692236333E1,-1.581916511E-1,-1.414670110E0,1.828258783E-1
1.694255161E1,-2.370211631E-1,-2.087383986E0,-7.390266657E-2
1.696274536E1,-2.114548385E-1,-2.008554697E0,-2.922817171E-1
1.698293406E1,7.563371956E-2,-1.099884748E0,-5.127912760E-1
1.700311245E1,6.444845200E-1,-1.667137593E-1,-6.704503298E-1
1.702329130E1,1.102547884E0,1.012000442E-2,-6.922882199E-1
1.704347094E1,1.269794226E0,-3.787012100E-1,-5.926860571E-1
1.706365167E1,1.374722719E0,-8.096003532E-1,-4.259723127E-1
1.708383370E1,1.323057413E0,-7.169224024E-1,-2.310290486E-1
1.710401719E1,9.209204316E-1,-1.459411234E-1,-9.467530251E-2
1.712420224E1,9.747162461E-2,4.277033508E-1,3.528685868E-2
1.714438885E1,-4.932170510E-1,6.439518929E-1,1.902827173E-1
1.716457703E1,-4.319643974E-1,3.355580568E-1,2.930806577E-1
1.718476667E1,-2.125200927E-1,-2.274337858E-1,3.005374968E-1
1.720495760E1,-1.757685095E-2,-4.181159735E-1,2.691122293E-1
1.722514969E1,3.765707016E-1,-2.524674833E-1,2.211753577E-1
1.724534266E1,7.030739784E-1,-2.929474972E-2,4.913528636E-2
1.726553625E1,8.713856339E-1,1.448758543E-1,-8.189214021E-2
1.728573021E1,9.044088125E-1,3.334275186E-1,-8.402267098E-2
1.730592385E1,7.648593187E-1,5.592634082E-1,6.524739787E-3
1.732611417E1,4.575307369E-1,7.403582335E-1,1.402153224E-1
1.734630151E1,-2.663159044E-3,8.351666927E-1,3.261038363E-1
1.736648609E1,-4.303665161E-1,8.223835230E-1,5.018723607E-1
1.738666818E1,-5.848297477E-1,5.214465261E-1,4.443480968E-1
1.740685073E1,-5.193160176E-1,1.981390417E-1,2.659164369E-1
1.742703391E1,-2.647180259E-1,1.874863952E-1,6.990792602E-2
1.744721786E1,1.315600574E-1,4.889560044E-1,-2.006690353E-1
1.746740271E1,4.745749533E-1,9.491499066E-1,-3.684480488E-1
1.748758849E1,5.992107987E-1,1.388571143E0,-2.539322078E-1
1.750777526E1,8.948214352E-2,1.413604856E0,-7.017423958E-2
1.752796302E1,-5.896234512E-1,7.882950902E-1,-2.091911435E-1
1.754815167E1,-5.986781716E-1,1.810948253E-1,-6.166545153E-1
1.756834109E1,-4.996086359E-1,5.374255180E-1,-6.736460924E-1
1.758853120E1,-6.945518851E-1,1.326785922E0,-4.195807278E-1
1.760872188E1,-1.075916290E0,1.677257657E0,-2.741722167E-1
1.762891297E1,-1.620798588E0,1.763543963E0,-4.206459820E-1
1.764910432E1,-2.208824158E0,1.979259849E0,-6.965492368E-1
1.766930120E1,-2.338786364E0,2.119342089E0,-8.648608923E-1
1.768949114E1,-1.678855538E0,1.535044909E0,-8.925577998E-1
1.770966891E1,-1.117461562E0,1.167528987E0,-6.896250248E-1
1.772984719E1,-9.491499066E-1,1.752358675E0,-1.820269227E-1
1.775002635E1,-6.870950460E-1,1.847699761E0,1.924132407E-1
1.777020667E1,-3.968107104E-1,9.022783041E-1,-1.782985032E-1
1.779038833E1,-2.844253778E-1,8.207856417E-1,-1.159406304E0
1.781057156E1,-1.368863732E-1,1.043958426E0,-1.617469668E0
1.783075646E1,-2.082590461E-1,5.230444670E-1,-8.472840786E-1
1.785094302E1,-4.293012619E-1,-2.705769539E-1,-2.384859025E-1
1.787113125E1,-4.383559823E-1,3.925496638E-1,-1.192429543E0
1.789132104E1,-3.723096550E-1,4.639223218E-1,-6.363618970E-1
1.791151224E1,-3.227748871E-1,-6.407560706E-1,8.470177650E-1
1.793170464E1,-7.275750637E-1,-2.257826328E0,1.103213668E0
1.795189797E1,-9.171919823E-1,-2.404299974E0,8.576703668E-1
1.797209198E1,-4.016043842E-1,-1.008804679E0,8.837693334E-1
1.799228635E1,3.845601678E-1,1.182442605E-1,6.973482370E-1
1.801248057E1,8.596677780E-1,4.910865426E-1,3.996070325E-1
1.803267125E1,8.213182688E-1,1.496695429E-1,3.735080659E-1
1.805285859E1,5.086634159E-1,-4.048001766E-1,4.933502376E-1
1.807304318E1,3.163833022E-1,-4.783033729E-1,5.785713196E-1
1.809322526E1,4.372907281E-1,-4.181159735E-1,4.065312445E-1
1.811340786E1,4.127896726E-1,-6.407560706E-1,-2.209090441E-1
1.813359114E1,-1.059937328E-1,-9.773793817E-1,-1.023052573E0
1.815377521E1,-3.941475451E-1,-1.228248954E0,-1.167395830E0
1.817396016E1,-1.065263618E-2,-4.564654827E-1,-5.154544711E-1
1.819414604E1,7.286403179E-1,6.354297400E-1,6.564687192E-2
1.821433286E1,1.319861650E0,1.260739565E0,3.740406930E-1
1.823452063E1,1.246891141E0,1.665007114E0,5.562008023E-1
1.825470927E1,5.459476113E-1,4.186486006E-1,4.352933466E-1
1.827489870E1,-1.379516423E-1,-1.741706014E0,4.640554786E-1
1.829508880E1,-2.705769539E-1,-2.263152599E0,7.948198318E-1
1.831527948E1,-9.374319762E-2,-1.356080651E0,8.310387731E-1
1.833547057E1,2.854906619E-1,-5.166528821E-1,5.577986836E-1
1.835566193E1,2.998717129E-1,-2.743053734E-1,2.723080218E-1
1.837585880E1,-5.219791830E-2,-4.053328037E-1,1.918806136E-1
1.839604870E1,2.173137814E-1,-9.257140756E-1,2.004027218E-1
1.841622635E1,1.105743647E0,-1.427985907E0,9.707214683E-2
1.843640453E1,1.212802649E0,-1.009337306E0,2.328932583E-1
1.845658359E1,9.656614661E-1,-2.700443268E-1,1.833585054E-1
1.847676385E1,8.580698371E-1,-1.198421568E-1,-1.777658761E-1
1.849694557E1,7.627287507E-1,-5.070654750E-1,-3.673827946E-1
1.851712891E1,5.427518487E-1,-6.354297400E-1,-7.796398401E-1
1.853731391E1,6.093307734E-1,1.347558498E-1,-9.969536066E-1
1.855750057E1,1.005608916E0,2.079394579E0,-1.516669095E-1
1.857768891E1,1.002945662E0,2.295110464E0,-1.957421936E-2
1.859787880E1,8.420909047E-1,9.273120165E-1,-1.261005849E-1
1.861807010E1,4.671181142E-1,-1.294295341E-1,2.685796022E-1
1.863826260E1,1.933453530E-1,-3.408843577E-1,5.572660565E-1
1.865845604E1,3.728422895E-2,-7.403582335E-2,4.805670679E-1
1.867865016E1,-6.231792271E-2,2.897517085E-1,2.552638054E-1
1.869884464E1,2.663159044E-3,4.804339111E-1,1.737711281E-1
1.871903870E1,1.890842915E-1,4.229096770E-1,1.061268896E-1
1.873922917E1,3.850927949E-1,3.435475230E-1,3.475422785E-2
1.875941385E1,4.852275848E-1,4.202465117E-1,1.428784877E-1
1.877959604E1,4.079959691E-1,5.075981021E-1,3.277017176E-1
1.879977870E1,2.732401192E-1,4.884233773E-1,4.731102288E-1
1.881996198E1,2.663159072E-1,3.515369892E-1,5.077312589E-1
1.884014604E1,3.824296594E-1,3.717769980E-1,4.379565120E-1
1.886033099E1,4.708465338E-1,7.217161059E-1,3.617901504E-1
1.888051688E1,4.436823130E-1,9.779120088E-1,3.127880394E-1
1.890070370E1,3.265033066E-1,8.735162020E-1,3.319627941E-1
1.892089146E1,1.155811027E-1,5.619265437E-1,2.323606312E-1
1.894108010E1,-8.415582776E-2,1.949432492E-1,-1.404816359E-1
1.896126953E1,-7.872298360E-1,9.747162461E-2,-5.234439373E-1
1.898145964E1,-1.492434382E0,-3.888212144E-2,-8.009451032E-1
1.900165031E1,-1.834916592E0,-3.877559602E-1,-1.093892574E0
1.902184141E1,-1.983520865E0,-3.451454341E-1,-1.211071610E0
1.904203276E1,-1.783783913E0,7.217161059E-1,-9.314398766E-1
1.906222964E1,-1.243162632E0,2.548643351E0,-4.600607455E-1
1.908241969E1,-1.241564751E0,3.686877489E0,-2.177132517E-1
1.910259766E1,-1.521729112E0,2.719085455E0,-6.491450071E-1
1.912277614E1,-1.399223804E0,1.205345869E0,-5.234439373E-1
1.914295552E1,-1.314002752E0,-7.084003091E-2,1.025316212E-2
1.916313604E1,-1.348091125E0,-1.050349951E0,1.657816470E-1
1.918331792E1,-1.227716327E0,-1.110537291E0,-6.448839903E-1
1.920350130E1,-6.593981981E-1,-3.728422895E-2,-1.938114047E0
1.922368630E1,-1.395495385E-1,5.672528744E-1,-1.883785605E0
1.924387297E1,-1.571263820E-1,-7.456845604E-3,-8.233156204E-1
1.926406125E1,-4.058654606E-1,-9.640635848E-1,-2.230395675E-1
1.928425104E1,-5.374255180E-1,-1.004543662E0,-2.862896025E-2
1.930444219E1,-4.495412707E-1,-8.186551332E-1,-1.276984811E-1
1.932463448E1,-2.077264041E-1,-7.808382511E-1,-3.018690944E-1
1.934482771E1,7.243792713E-2,-3.526022732E-1,-1.500690132E-1
1.936502161E1,2.359558940E-1,-1.384842768E-2,1.790974438E-1
1.938521588E1,2.519348562E-1,9.427583218E-2,5.274386406E-1
1.940541005E1,2.897517085E-1,2.769685537E-2,8.187882900E-1
1.942560078E1,4.681833684E-1,-1.906821877E-1,9.514135718E-1
1.944578823E1,5.848297477E-1,-3.339601457E-1,8.603335619E-1
1.946597292E1,5.560676455E-1,-4.303665161E-1,5.647228956E-1
1.948615510E1,7.313035131E-1,-6.700508595E-1,1.380847991E-1
1.950633776E1,7.840340137E-1,-8.356993198E-1,-2.358227372E-1
1.952652104E1,2.354232669E-1,-9.305077791E-1,-3.551322520E-1
1.954670510E1,2.652506530E-1,-7.174550891E-1,-3.343596160E-1
1.956689005E1,5.336970687E-1,-8.522108942E-2,-2.400837988E-1
1.958707594E1,7.451519370E-1,8.809730411E-1,-1.207742617E-1
1.960726276E1,9.922930598E-1,1.817872405E0,1.508679688E-1
1.962745052E1,6.540718675E-1,1.677257657E0,1.897500902E-1
1.964763917E1,-2.237053663E-1,-3.339601457E-1,1.008005738E-1
1.966782859E1,-8.266445994E-1,-1.720400810E0,4.214449227E-1
1.968801870E1,-6.087981462E-1,-1.184573174E0,9.183903933E-1
1.970820938E1,-6.439518929E-1,-4.479433596E-1,1.051015735E0
1.972840047E1,-6.950845122E-1,-6.221139431E-1,8.400935531E-1
1.974859182E1,5.912213027E-2,-1.405082703E0,6.526071429E-1
1.976878870E1,1.330514312E0,-1.747565031E0,4.885565341E-1
1.978897891E1,2.108156681E0,-1.605884910E0,6.191844866E-2
1.980915719E1,2.413354874E0,-4.697812796E-1,-1.463405937E-1
1.982933594E1,1.266598463E0,2.404832602E0,-2.810964286E-1
1.984951547E1,8.372972012E-1,1.360874295E0,-2.699111700E-1
1.986969609E1,4.479433596E-1,-6.593981981E-1,-9.680583328E-2
1.988987807E1,1.997369379E-1,-1.188301563E0,2.051964104E-1
1.991006156E1,3.462106884E-1,-6.711161137E-1,3.032006621E-1
1.993024667E1,3.584612012E-1,-9.267793596E-2,1.487374306E-1
1.995043344E1,1.635179669E-1,9.161267430E-2,7.363634557E-2
1.997062182E1,9.906952083E-2,-1.794969290E-1,9.813741595E-2
1.999081172E1,2.428801060E-1,-5.464802384E-1,7.949529588E-2
2.001100297E1,5.363602638E-1,-4.825644195E-1,1.029310971E-1
2.003119536E1,8.021435142E-1,-4.420844093E-2,2.041311413E-1
2.005138865E1,8.692551255E-1,3.350254297E-1,2.504701018E-1
2.007158250E1,6.796382070E-1,4.426170290E-1,3.740406930E-1
2.009177667E1,4.330296814E-1,2.961432934E-1,5.673860312E-1
2.011197031E1,3.222422600E-1,1.102547869E-1,7.218492627E-1
2.013216057E1,2.386190593E-1,4.367581010E-2,7.660577297E-1
2.015234802E1,2.284990549E-1,-2.663159044E-3,6.339650154E-1
2.017253271E1,2.151832581E-1,7.456845604E-3,3.591270149E-1
2.019271490E1,2.103895694E-1,-3.142527863E-2,-6.058686972E-2
2.021289755E1,-5.113265663E-2,-1.480716467E-1,-6.107955575E-1
2.023308083E1,-8.186551332E-1,-2.178464085E-1,-1.031042099E0
2.025326490E1,-1.381646991E0,-5.368928909E-1,-1.394829631E0
2.027344984E1,-1.759282947E0,-6.578003168E-1,-1.531715989E0
2.029363573E1,-1.865809321E0,-1.304948032E-1,-1.359143257E0
2.031382255E1,-1.585112333E0,1.236238480E0,-1.007606268E0
2.033401031E1,-1.491901755E0,2.940660238E0,-4.185154438E-1
2.035419901E1,-1.728390217E0,3.059969902E0,-2.352901101E-1
2.037438854E1,-1.525457501E0,2.026664019E0,-5.894902945E-1
2.039457875E1,-1.272990108E0,1.052480459E0,-3.572627902E-1
2.041476953E1,-1.321992159E0,-1.970737800E-2,-1.671132296E-1
2.043496073E1,-1.268196344E0,-7.717835307E-1,-5.585976243E-1
2.045515219E1,-7.036066055E-1,-1.081242561E-1,-1.691505551E0
2.047534917E1,-9.693899006E-2,5.512739420E-1,-2.292314291E0
2.049553927E1,-9.853688627E-2,1.768337637E-1,-1.379383206E0
2.051571724E1,-4.351601899E-1,-7.611308694E-1,-3.008038104E-1
2.053589573E1,-6.119939685E-1,-1.081775188E0,2.419480085E-1
2.055607510E1,-5.358276367E-1,-9.906951785E-1,2.925480306E-1
2.057625562E1,-3.526022732E-1,-1.009869933E0,-2.703106403E-2
2.059643750E1,-2.364885211E-1,-8.234487772E-1,-2.246374637E-1
2.061662088E1,-1.267663687E-1,-2.812296152E-1,3.581948951E-2
2.063680588E1,6.072002649E-2,1.257011145E-1,4.672512710E-1
2.065699255E1,2.311622053E-1,2.050632536E-1,7.958850861E-1
2.067718083E1,4.335623085E-1,-1.571263820E-1,9.769799113E-1
2.069737062E1,6.146571040E-1,-7.025413513E-1,9.668599367E-1
2.071756177E1,7.190529704E-1,-9.507477880E-1,8.177229762E-1
2.073775406E1,7.499455810E-1,-1.065263629E0,4.917523265E-1
2.075794729E1,8.596677780E-1,-1.353950143E0,-9.787109494E-2
2.077814120E1,9.677920341E-1,-1.514804840E0,-5.681849718E-1
2.079833547E1,4.559328258E-1,-1.672463894E0,-9.538104534E-1
2.081852714E1,2.556632757E-1,-1.463139653E0,-8.387619853E-1
2.083871615E1,7.233139873E-1,-2.130527347E-1,-1.175784767E-1
2.085890526E1,1.107341528E0,8.250467181E-1,6.648576856E-1
2.087909984E1,1.156876326E0,9.550088644E-1,9.412935972E-1
2.089928854E1,2.279664129E-1,1.357678533E0,4.672512710E-1
2.091946609E1,-5.603286624E-1,2.407495826E-1,2.685796022E-1
2.093964417E1,-8.772445917E-1,-1.190432072E0,6.068007946E-1
2.095982312E1,-1.034903646E0,-2.005358696E0,8.656598926E-1
2.098000328E1,-1.203747869E0,-2.738792896E0,8.193209171E-1
2.100018490E1,-2.219476700E0,-4.725509644E0,-1.767139196E0
2.102036812E1,-1.252750039E0,-4.282892704E0,-1.856088758E0
2.104055307E1,1.222390056E0,-6.247771382E-1,-3.359575272E-1
2.106073979E1,2.952910900E0,4.259456635E0,9.476851821E-1
2.108092823E1,3.210704565E0,4.904473782E0,1.285906315E0
2.110111828E1,3.379016161E0,1.316665888E0,-1.229047924E-1
2.112130979E1,3.124418259E0,-2.737195015E0,-1.105077863E0
2.114150255E1,1.653821826E0,-5.363602638E0,-3.604585826E-1
2.116169630E1,1.241032109E-1,-4.975313663E0,7.905587554E-1
2.118189073E1,-1.528653353E-1,-4.724444151E-1,9.615336061E-1
2.120208552E1,-2.854906619E-1,2.856504440E0,4.342280924E-1
2.122227984E1,-8.415582776E-1,3.196856260E0,7.257108390E-2
2.124247047E1,-1.178714275E0,1.871135592E0,1.599227041E-1
2.126265792E1,-1.741705984E-1,-6.253097653E-1,6.526071429E-1
2.128284260E1,2.870885432E-1,-1.968607187E0,6.872282028E-1
2.130302479E1,4.532696903E-1,-1.990977764E0,4.912196994E-1
2.132320750E1,1.215465784E0,-1.381114364E0,3.442133069E-1
2.134339088E1,1.464737535E0,-3.526022732E-1,-1.637842879E-2
2.136357505E1,1.160604715E0,6.791055799E-1,-2.486059070E-1
2.138376010E1,6.881603003E-1,1.363537431E0,-1.479384899E-1
2.140394609E1,1.427453309E-1,1.396028042E0,7.363634557E-2
2.142413302E1,-2.711096108E-1,9.273120165E-1,3.229080439E-1
2.144432088E1,-2.540653646E-1,3.472759426E-1,6.467481852E-1
2.146450964E1,-1.502021700E-1,-1.118526794E-2,7.607313991E-1
2.148469917E1,-3.994738683E-2,-7.723161578E-2,6.387587190E-1
2.150488938E1,7.829687744E-2,-1.209074259E-1,4.677838981E-1
2.152508016E1,5.486107618E-2,-2.119874656E-1,1.205079481E-1
2.154527135E1,-1.651158631E-1,-1.954758763E-1,-3.487406969E-1
2.156546281E1,-7.105308771E-1,-2.103895694E-1,-8.925577998E-1
2.158565979E1,-1.145158410E0,-3.611243665E-1,-1.472593784E0
2.160584995E1,-1.433844805E0,-3.137201369E-1,-1.690440297E0
2.162602802E1,-1.478053331E0,2.561959028E-1,-1.530650735E0
2.164620661E1,-1.376853228E0,1.668735504E0,-1.062999964E0
2.166638609E1,-1.763011336E0,2.940660238E0,-3.977428079E-1
2.168656672E1,-1.587775469E0,2.575807571E0,-4.989428520E-1
2.170674870E1,-9.198551774E-1,1.805089235E0,-6.139913201E-1
2.172693219E1,-7.334340215E-1,1.099884748E0,-2.603237927E-1
2.174711729E1,-9.587372541E-1,1.086568907E-1,-1.484711170E-1
2.176730406E1,-9.475520253E-1,-6.924213767E-1,-4.952144325E-1
2.178749245E1,-5.512739420E-1,-4.314317927E-2,-1.584979177E0
2.180768234E1,-6.444845349E-2,9.081372619E-1,-2.147438288E0
2.182787359E1,-9.267793596E-2,7.877624631E-1,-1.125850558E0
2.184806599E1,-4.463454783E-1,-1.363537461E-1,-1.797632314E-2
2.186825932E1,-6.817687154E-1,-6.524739861E-1,3.793670237E-1
2.188845333E1,-6.988129616E-1,-5.528718233E-1,2.531332672E-1
2.190864771E1,-5.592634082E-1,-3.739075363E-1,-4.567318037E-2
2.192884188E1,-3.813643754E-1,-1.704421826E-2,-3.235738352E-2
2.194903255E1,-1.129179448E-1,4.974781275E-1,2.845585644E-1
2.196921734E1,1.816274524E-1,8.053393364E-1,6.142576337E-1
2.198939964E1,3.888212144E-1,8.154593110E-1,8.363651037E-1
2.200958240E1,5.597960353E-1,6.231792569E-1,9.796430469E-1
2.202976578E1,7.350319028E-1,2.205095738E-1,1.041960955E0
2.204994995E1,7.920235395E-1,-1.731053442E-1,9.902957082E-1
2.207013500E1,7.968171835E-1,-4.181159735E-1,6.552702785E-1
2.209032099E1,9.933583736E-1,-6.231792569E-1,-7.550056279E-2
2.211050792E1,5.038697124E-1,-7.265098095E-1,-1.010802031E0
2.213069578E1,9.587372839E-2,-8.298403621E-1,-1.065130472E0
2.215088453E1,1.885516644E-1,-3.099917173E-1,-4.829638898E-1
2.217107406E1,1.997369379E-1,4.005391300E-1,-2.530001104E-3
2.219126427E1,6.396908164E-1,7.824361324E-1,3.095922470E-1
2.221145505E1,9.150614738E-1,1.557415485E0,6.526071429E-1
2.223164625E1,4.383559823E-1,1.693236589E0,6.819018722E-1
2.225183771E1,-3.520696461E-1,-6.418213248E-1,4.512723088E-1
2.227203469E1,-7.568697929E-1,-2.142777920E0,5.061333776E-1
2.229222484E1,-6.636592746E-1,-1.719335556E0,7.197187543E-1
2.231240292E1,-5.155876279E-1,-6.663224101E-1,7.596661448E-1
2.233258151E1,-1.757684946E-1,-1.635179669E-1,6.659229398E-1
2.235276099E1,3.925496638E-1,-4.543349445E-1,5.918871164E-1
2.237294161E1,7.488803267E-1,-1.334242702E0,1.167795286E-1
2.239312359E1,-4.719117880E-1,-4.327633381E0,-1.673928618E0
2.241330708E1,5.486107618E-2,-3.157441378E0,-2.049434185E0
2.243349219E1,1.819470286E0,2.147571564E0,-1.310141087E0
2.245367896E1,3.127614021E0,5.652821541E0,8.322372288E-2
2.247386734E1,3.624027014E0,3.741738558E0,5.380913019E-1
2.249405724E1,2.371809483E0,-9.283772707E-1,2.707101107E-1
2.251424849E1,-2.034653574E-1,-3.134005547E0,2.637858987E-1
2.253444089E1,-9.267793894E-1,-5.475454926E-1,8.044071794E-1
2.255463422E1,-8.069372177E-1,2.067144156E0,9.114661813E-1
2.257482823E1,-9.800425768E-1,2.541718960E0,5.386239290E-1
2.259502260E1,-5.928192139E-1,1.301752210E0,5.982787013E-1
2.261521693E1,-5.326318089E-3,-1.358211190E-1,8.326367140E-1
2.263540776E1,2.625874877E-1,-6.290381551E-1,7.905587554E-1
2.265559255E1,8.096003532E-1,-1.933453530E-1,6.126597524E-1
2.267577484E1,8.575372100E-1,8.676572442E-1,3.431480527E-1
2.269595760E1,6.471476555E-1,1.608548045E0,1.540637612E-1
2.271614099E1,3.760380745E-1,1.439171195E0,1.194426864E-1
2.273632516E1,8.948214352E-2,6.977477074E-1,2.557964325E-1
2.275651021E1,4.314317927E-2,2.343579978E-1,3.324954212E-1
2.277669620E1,1.310274303E-1,5.070654750E-1,3.862912357E-1
2.279688312E1,1.880190372E-1,8.953540921E-1,4.512723088E-1
2.281707099E1,2.391516864E-1,7.270424366E-1,4.709796906E-1
2.283725974E1,2.934801280E-1,2.514022291E-1,3.996070325E-1
2.285744927E1,2.982738316E-1,-1.438105945E-2,1.604553312E-1
2.287763948E1,1.113200486E-1,1.379516423E-1,-2.006690353E-1
2.289783026E1,-3.275685608E-1,3.217096329E-1,-5.356944799E-1
2.291802146E1,-7.499455810E-1,1.251684725E-1,-8.435556293E-1
2.293821292E1,-1.143027902E0,1.171789970E-2,-1.043292522E0
2.295840990E1,-1.487640619E0,3.270359337E-1,-1.092294693E0
2.297860026E1,-1.661811233E0,9.347688556E-1,-1.088033676E0
2.299877875E1,-1.604819655E0,1.737977624E0,-1.094957829E0
2.301895771E1,-1.231977344E0,2.365950584E0,-1.097088337E0
2.303913745E1,-1.267663717E0,2.233325243E0,-9.974862337E-1
2.305931828E1,-1.819470286E0,1.936116695E0,-6.033387184E-1
2.307950047E1,-1.753423929E0,1.675659657E0,3.475422785E-2
2.309968417E1,-1.417865872E0,6.167876720E-1,4.603270590E-1
2.311986943E1,-1.249021649E0,-6.231792569E-1,4.289017618E-1
2.314005625E1,-1.204280496E0,-6.743118763E-1,-2.304964215E-1
2.316024464E1,-7.978824377E-1,2.050632536E-1,-1.353284240E0
2.318043448E1,-2.918822467E-1,9.890972972E-1,-1.785248756E0
2.320062562E1,-9.001477808E-2,8.058719635E-1,-1.012399912E0
2.322081792E1,-2.327601016E-1,-1.635179669E-1,-2.486059070E-1
2.324101109E1,-4.005391300E-1,-6.428865790E-1,1.332911104E-1
2.326120490E1,-3.371559381E-1,-5.395560265E-1,2.818953991E-1
2.328139906E1,-6.231792271E-2,-5.012065172E-1,2.105227262E-1
2.330159302E1,2.588590682E-1,-5.241097212E-1,1.151816323E-1
2.332178359E1,4.095938802E-1,-4.554001987E-1,2.776343226E-1
2.334196838E1,3.717769980E-1,-2.561959028E-1,5.732449889E-1
2.336215068E1,3.510043621E-1,2.450106293E-2,7.665903568E-1
2.338233344E1,3.323622644E-1,3.179811835E-1,6.989461184E-1
2.340251682E1,3.233075142E-1,7.398256063E-1,3.655185997E-1
2.342270099E1,3.542001545E-1,1.089232087E0,1.700427085E-1
2.344288604E1,2.460758984E-1,5.640571117E-1,2.307627350E-1
2.346307203E1,2.854906619E-1,-4.884233773E-1,3.729754388E-1
2.348325896E1,7.249119282E-1,-1.117994189E0,3.958786130E-1
2.350344682E1,9.432909489E-1,-1.241032124E0,1.908153445E-1
2.352363557E1,6.519413590E-1,-1.184040546E0,5.605949834E-2
2.354382516E1,4.191812575E-1,-7.515435219E-1,-5.366265774E-2
2.356401547E1,6.290381551E-1,1.613874435E-1,-1.569932252E-1
2.358420635E1,9.656614661E-1,1.214933157E0,-1.607216448E-1
2.360439766E1,9.028109312E-1,1.896169305E0,1.322258562E-1
2.362458922E1,5.406212807E-1,1.325720549E0,4.624575675E-1
2.364478630E1,1.704421826E-2,-4.277033508E-1,5.402218103E-1
2.366497646E1,-4.410191476E-1,-1.431181669E0,5.109270811E-1
2.368515443E1,-5.395560265E-1,-1.039164662E0,6.174534559E-1
2.370533292E1,-3.004043400E-1,1.182442605E-1,5.977460742E-1
2.372551229E1,-1.310274303E-1,9.763141274E-1,4.331628382E-1
2.374569281E1,5.539371073E-2,8.410256505E-1,3.937480748E-1
2.376587469E1,4.245075583E-1,-1.928127259E-1,2.712427676E-1
2.378605812E1,2.535327375E-1,-1.797099710E0,-1.145557880E0
2.380624323E1,7.611308694E-1,-1.068459392E0,-6.795050502E-1
2.382643000E1,1.466868043E0,1.082840443E0,4.480765164E-1
2.384661844E1,1.578188062E0,1.535577536E0,5.807018280E-1
2.386680844E1,1.696964979E0,3.680485785E-1,-2.809632942E-2
2.388699984E1,1.701758623E0,-5.347623229E-1,-2.384859025E-1
2.390719245E1,1.456748009E0,-4.793686327E-3,-1.957421936E-2
2.392738599E1,4.207791388E-1,1.224520564E0,7.576687634E-2
2.394758021E1,-6.119939685E-1,1.616004944E0,4.061317816E-2
2.396777479E1,-6.141244769E-1,1.231977344E0,1.679121852E-1
2.398796911E1,-3.430148959E-1,4.074633420E-1,3.383543491E-1
2.400815984E1,-1.720400751E-1,-1.182442605E-1,3.836280704E-1
2.402834464E1,2.167811543E-1,-1.432779580E-1,4.049333334E-1
2.404852693E1,4.740423262E-1,5.326318368E-2,3.292996287E-1
2.406870969E1,5.752423406E-1,2.577938139E-1,1.865542978E-1
2.408889307E1,6.013413072E-1,3.552654386E-1,-2.703106403E-2
2.410907724E1,5.624592304E-1,3.339601457E-1,-2.091911435E-1
2.412926229E1,4.548675716E-1,4.127896726E-1,-9.147951752E-2
2.414944828E1,1.747032404E-1,5.358276367E-1,1.604553312E-1
2.416963521E1,-1.486042738E-1,4.948149621E-1,3.287670016E-1
2.418982307E1,-2.167811543E-1,2.157158852E-1,4.821649492E-1
2.421001188E1,-7.989477366E-3,2.183790505E-2,4.480765164E-1
2.423020156E1,2.061285079E-1,4.223770201E-1,3.047985733E-1
2.425039198E1,2.705769539E-1,1.014663577E0,1.737711281E-1
2.427058297E1,1.315600574E-1,1.127581596E0,1.529984921E-1
2.429077438E1,-5.326318089E-3,5.976129174E-1,-8.562056720E-2
2.431096599E1,-3.973433375E-1,1.880190372E-1,-4.408859909E-1
2.433116307E1,-1.078579426E0,1.858884990E-1,-6.832334399E-1
2.435135313E1,-1.585112333E0,2.982738242E-2,-9.325051308E-1
2.437153089E1,-1.934518814E0,-6.657897681E-2,-1.156210542E0
2.439170917E1,-1.988314629E0,5.534044504E-1,-1.115197897E0
2.441188833E1,-1.658615470E0,2.028261900E0,-8.318377733E-1
2.443206870E1,-1.506282806E0,3.558513165E0,-4.952144325E-1
2.445225052E1,-1.650626063E0,3.283142567E0,-5.825660825E-1
2.447243396E1,-1.455682755E0,1.933986187E0,-5.719134212E-1
2.449261911E1,-1.359276414E0,9.161267281E-1,-5.259739235E-2
2.451280599E1,-1.363004804E0,2.183790505E-2,2.872217000E-1
2.453299453E1,-1.050882578E0,-4.229096770E-1,-1.591237634E-1
2.455318464E1,-5.608612895E-1,1.880190372E-1,-1.567934871E0
2.457337614E1,-1.320926845E-1,9.944236279E-1,-2.146905661E0
2.459356885E1,-7.616634667E-2,7.930887938E-1,-1.109871507E0
2.461376250E1,-3.579285741E-1,-4.234423041E-1,-1.729721874E-1
2.463395682E1,-5.869602561E-1,-1.157408953E0,2.637858987E-1
2.465415151E1,-5.853623748E-1,-1.047686815E0,2.882869840E-1
2.467434583E1,-4.293012619E-1,-7.808382511E-1,-2.117211558E-2
2.469453656E1,-1.981390417E-1,-3.808317482E-1,-7.017423958E-2
2.471472146E1,1.033305749E-1,2.029327303E-1,2.936132848E-1
2.473490385E1,2.588590682E-1,4.138549268E-1,5.327649713E-1
2.475508672E1,2.545980215E-1,1.555284858E-1,7.351650596E-1
2.477527021E1,3.249054253E-1,-4.303665161E-1,9.732515216E-1
2.479545448E1,4.910865426E-1,-8.772445917E-1,1.111735821E0
2.481563964E1,6.700508595E-1,-8.159919381E-1,1.039297819E0
2.483582573E1,6.961497664E-1,-5.299686790E-1,6.366282105E-1
2.485601276E1,8.804404140E-1,-5.054675937E-1,2.303632535E-2
2.487620073E1,7.089329362E-1,-8.277098536E-1,-5.804355145E-1
2.489638958E1,1.177116334E-1,-1.510011196E0,-9.538104534E-1
2.491657922E1,1.741705984E-1,-1.510011196E0,-7.226482034E-1
2.493676953E1,7.717835307E-1,-5.821665525E-1,-2.336922139E-1
2.495696042E1,1.161669970E0,5.938844681E-1,1.386174262E-1
2.497715172E1,1.329449058E0,1.353950143E0,3.511375189E-1
2.499734323E1,7.185203433E-1,1.263402700E0,4.581965208E-1
2.501754021E1,-1.219726875E-1,-8.239814043E-1,3.820301592E-1
2.503773021E1,-8.697877526E-1,-2.128929377E0,5.412870646E-1
2.505790797E1,-1.015196204E0,-1.631451249E0,7.340998054E-1
2.507808625E1,-4.617917836E-1,-4.037349224E-1,7.287734747E-1
2.509826542E1,-4.069307148E-1,2.977411747E-1,5.029376149E-1
2.511844578E1,-4.436823130E-1,-3.408843651E-2,3.165164590E-1
2.513862760E1,2.721748650E-1,-1.042360425E0,2.488722205E-1
2.515881104E1,1.104678392E0,-1.629853368E0,1.066595241E-1
2.517899620E1,1.417333245E0,-1.309208989E0,4.114580899E-2
2.519918312E1,1.745434523E0,-8.367645741E-1,-2.862896025E-2
2.521937177E1,1.899365067E0,-4.303665161E-1,-2.358227372E-1
2.523956198E1,1.473792195E0,-2.205095738E-1,-3.854922652E-1
2.525975359E1,1.188301563E0,2.130527347E-1,-2.848248780E-1
2.527994641E1,1.025848866E0,7.590003610E-1,-2.427469492E-1
2.530014016E1,5.390233994E-1,1.186171055E0,-1.426121742E-1
2.532033458E1,-8.415582776E-2,9.885646701E-1,3.528685868E-2
2.534052938E1,-2.705769539E-1,2.950780392E-1,2.605901062E-1
2.536072354E1,-1.693769246E-1,-3.137201369E-1,3.692470193E-1
2.538091406E1,2.450106293E-2,-3.978759646E-1,3.117227852E-1
2.540109896E1,2.785664499E-1,4.261054564E-3,2.328932583E-1
2.542128135E1,4.878907502E-1,3.259706795E-1,1.524658650E-1
2.544146422E1,5.944170952E-1,3.392864764E-1,3.954791278E-2
2.546164771E1,5.528718233E-1,2.652506530E-1,-2.862896025E-2
2.548183198E1,4.362254739E-1,2.348906398E-1,3.209106624E-2
2.550201714E1,2.183790505E-1,2.295643091E-1,1.625858694E-1
2.552220323E1,-3.142527863E-2,2.380864173E-1,2.691122293E-1
2.554239026E1,-1.720400751E-1,2.737727463E-1,4.177165031E-1
2.556257823E1,-9.108003974E-2,2.636527419E-1,5.588639379E-1
2.558276708E1,1.129179448E-1,1.763011366E-1,5.380913019E-1
2.560295672E1,2.743053734E-1,1.416800618E-1,4.070638716E-1
2.562314703E1,2.743053734E-1,2.359558940E-1,2.600574791E-1
2.564333792E1,2.466085255E-1,2.039979845E-1,-3.502054140E-2
2.566352922E1,-2.077264152E-2,1.352884769E-1,-3.982754350E-1
2.568372078E1,-6.503434777E-1,5.326318368E-2,-6.331660748E-1
2.570391786E1,-1.164333105E0,-2.577938139E-1,-8.574040532E-1
2.572410797E1,-1.579785943E0,-5.198486447E-1,-1.073119998E0
2.574428583E1,-1.812546134E0,-2.631201148E-1,-1.108806252E0
2.576446422E1,-1.752891302E0,8.053393364E-1,-9.458209276E-1
2.578464349E1,-1.667670250E0,2.593916893E0,-5.575323701E-1
2.580482396E1,-1.799762964E0,3.778490067E0,-2.805638015E-1
2.582500589E1,-1.364602685E0,2.731335878E0,-5.458144546E-1
2.584518943E1,-1.069524646E0,1.200019479E0,-3.402185738E-1
2.586537464E1,-1.132907867E0,-2.237053588E-2,8.269108832E-2
2.588556151E1,-1.055143595E0,-1.102547884E0,1.609879732E-1
2.590575005E1,-7.968171835E-1,-1.130777359E0,-6.858966351E-1
2.592594016E1,-3.051980436E-1,-2.343579940E-2,-1.871535063E0
2.594613167E1,6.711161137E-2,7.542066574E-1,-1.761812925E0
2.596632438E1,5.273054913E-2,4.490086138E-1,-7.348987460E-1
2.598651802E1,-1.086568907E-1,-5.821665525E-1,-7.017423958E-2
2.600671234E1,-2.902843356E-1,-1.133973122E0,2.089248300E-1
2.602690703E1,-2.668485343E-1,-1.096156240E0,8.322372288E-2
2.604710141E1,-7.084003091E-2,-7.147918940E-1,-2.784332931E-1
2.606729219E1,1.608548164E-1,6.604634225E-2,-2.459427416E-1
2.608747708E1,2.870885432E-1,4.500738978E-1,9.494162351E-2
2.610765948E1,2.130527347E-1,3.920170069E-1,4.086617529E-1
2.612784234E1,1.315600574E-1,1.432779580E-1,6.829671264E-1
2.614802583E1,1.560611278E-1,-1.075916290E-1,8.571377397E-1
2.616821010E1,2.663159072E-1,-3.046653867E-1,8.922914863E-1
2.618839526E1,3.882885873E-1,-4.980107546E-1,8.118640780E-1
2.620858135E1,4.767054915E-1,-6.705834866E-1,6.227797270E-1
2.622876839E1,7.004108429E-1,-8.996151686E-1,2.408827394E-1
2.624895635E1,6.785729527E-1,-1.225053191E0,-3.940143883E-1
2.626914521E1,3.462106884E-1,-1.520131230E0,-8.254461884E-1
2.628933484E1,4.021370113E-1,-1.104145765E0,-6.496776342E-1
2.630952516E1,5.012065172E-1,-8.415582776E-2,-1.143826842E-1
2.632971604E1,6.743118763E-1,6.183855534E-1,2.250369452E-2
2.634990734E1,1.037566781E0,1.143027902E0,5.499423668E-2
2.637009891E1,8.575372100E-1,2.205628395E0,2.254364192E-1
2.639029599E1,4.953476042E-2,1.663941860E0,4.065312445E-1
2.641048630E1,-9.310404062E-1,-2.146506310E-1,5.354281664E-1
2.643066458E1,-9.928256869E-1,-1.066861510E0,7.580682635E-1
2.645084339E1,-5.182507634E-1,-1.157408953E0,8.890956640E-1
2.647102307E1,-4.554001987E-1,-1.521196485E0,7.213166356E-1
2.649120391E1,-1.278316379E-1,-2.202432632E0,6.078660488E-1
2.651138609E1,6.242445111E-1,-2.604037046E0,4.518049359E-1
2.653156979E1,1.483379602E0,-2.107624054E0,1.460742801E-1
2.655175510E1,2.171540022E0,-6.002760530E-1,1.504684892E-2
2.657194208E1,1.957954526E0,7.467498183E-1,-1.378184855E-1
2.659213068E1,9.976193905E-1,5.187833905E-1,-4.297007322E-1
2.661232078E1,5.113265514E-1,-1.794969290E-1,-4.930838943E-1
2.663251224E1,9.416930676E-1,-4.687159956E-1,-4.371575713E-1
2.665270484E1,1.071655273E0,-7.243792713E-2,-3.524691164E-1
2.667289833E1,9.171919823E-1,1.022653103E0,-2.565953732E-1
2.669309240E1,4.383559823E-1,1.807219744E0,-7.123950869E-2
2.671328677E1,-1.880190372E-1,1.394962788E0,1.615206003E-1
2.673348057E1,-2.050632536E-1,4.229096770E-1,4.486091435E-1
2.675367094E1,-1.704421826E-2,-3.829622865E-1,5.135902166E-1
2.677385583E1,1.155811027E-1,-4.415517747E-1,3.910849094E-1
2.679403823E1,3.014696240E-1,1.267663687E-1,2.973417044E-1
2.681422109E1,3.733749092E-1,6.466150284E-1,1.977395564E-1
2.683440458E1,3.744401634E-1,6.716487408E-1,8.695214242E-2
2.685458885E1,4.340949357E-1,4.090612531E-1,4.700475931E-2
2.687477401E1,3.925496638E-1,2.519348562E-1,1.466069072E-1
2.689496010E1,1.853558719E-1,2.444780022E-1,3.415501416E-1
2.691514714E1,2.663159184E-2,1.619200706E-1,4.635228515E-1
2.693533510E1,8.096003532E-2,1.278316416E-2,4.304996729E-1
2.695552396E1,1.406148076E-1,1.299621612E-1,3.655185997E-1
2.697571359E1,1.086568907E-1,4.090612531E-1,3.069290817E-1
2.699590870E1,2.556632832E-2,3.510043621E-1,2.382195890E-1
2.701610630E1,1.810948178E-2,-4.527370632E-2,-6.910897791E-2
2.703629760E1,-1.416800618E-1,-2.130527236E-2,-4.355596602E-1
2.705649063E1,-7.749792933E-1,3.366233110E-1,-6.022734046E-1
2.707667823E1,-1.245825887E0,3.573959470E-1,-7.551387548E-1
2.709685521E1,-1.606950164E0,2.125200927E-1,-8.366314173E-1
2.711703281E1,-1.768337607E0,4.207791388E-1,-8.451535702E-1
2.713721141E1,-1.673529148E0,1.308143735E0,-7.578019500E-1
2.715739130E1,-1.822133422E0,2.642919064E0,-4.984102249E-1
2.717757276E1,-2.009619951E0,2.947051764E0,-4.446144104E-1
2.719775594E1,-1.532914400E0,1.987782001E0,-5.719134212E-1
2.721794094E1,-1.184573174E0,7.579351068E-1,-3.215764761E-1
2.723812781E1,-1.049817324E0,-4.095938802E-1,-8.135951310E-2
2.725831651E1,-8.213182688E-1,-9.944236279E-1,-1.644500792E-1
2.727850693E1,-5.075981021E-1,-7.041392922E-1,-9.793767333E-1
2.729869891E1,-2.002695650E-1,-1.134505793E-1,-1.920004606E0
2.731889219E1,-2.609895915E-2,-6.391582079E-3,-1.653688669E0
2.733908646E1,-1.171789970E-2,-4.335623085E-1,-7.716503739E-1
2.735928141E1,-9.800425172E-2,-8.894951344E-1,-1.900164038E-1
2.737947672E1,-1.906821877E-1,-1.077514172E0,-4.727107286E-2
2.739967156E1,-1.198421568E-1,-1.180844784E0,-3.024017215E-1
2.741986250E1,3.195790946E-2,-8.793751597E-1,-5.420860648E-1
2.744004740E1,1.874863952E-1,-1.454084814E-1,-3.524691164E-1
2.746022979E1,2.913496196E-1,3.030675054E-1,-3.062632866E-3
2.748041266E1,2.561959028E-1,3.227748871E-1,3.308975101E-1
2.750059615E1,2.167811543E-1,1.464737505E-1,6.355628967E-1
2.752078042E1,2.450106442E-1,-2.876211889E-2,8.411588073E-1
2.754096557E1,3.105243444E-1,-1.358211190E-1,8.182556629E-1
2.756115167E1,3.557980657E-1,-2.886864543E-1,5.822997093E-1
2.758133870E1,3.291664720E-1,-4.729770422E-1,2.147837877E-1
2.760152667E1,4.308991432E-1,-9.741836190E-1,-9.733846784E-2
2.762171552E1,7.952193022E-1,-1.105211020E0,-1.351553202E-1
2.764190521E1,8.298403621E-1,-9.214530587E-1,-1.330247968E-1
2.766209563E1,6.034718752E-1,-8.117309213E-1,-8.721846342E-2
2.768228661E1,6.178529263E-1,-2.364885211E-1,-3.595264861E-3
2.770247802E1,8.751140833E-1,6.833665967E-1,-1.383511126E-1
2.772266969E1,1.118526816E0,1.390169024E0,-4.833633825E-2
2.774286688E1,5.635244846E-1,1.214933157E0,1.849564016E-1
2.776305708E1,-1.459411234E-1,-2.982738316E-1,3.724428117E-1
2.778323505E1,-6.364950538E-1,-1.418398499E0,5.439502597E-1
2.780341354E1,-6.796382070E-1,-1.099352121E0,7.085334659E-1
2.782359292E1,-3.696464896E-1,-2.359558940E-1,6.973482370E-1
2.784377344E1,-3.243727684E-1,-8.042740822E-2,5.775060654E-1
2.786395536E1,-1.059937328E-1,-8.458193541E-1,5.530049801E-1
2.788413891E1,5.661876202E-1,-1.793903947E0,6.137250066E-1
2.790432411E1,1.254880548E0,-2.119342089E0,4.134554565E-1
2.792451099E1,1.785381913E0,-1.845036626E0,1.865542978E-1
2.794469953E1,2.082057714E0,-6.407560706E-1,-6.791055668E-3
2.796488964E1,1.531849146E0,4.143875539E-1,-3.221091032E-1
2.798508115E1,6.237118840E-1,4.399538934E-1,-4.866923392E-1
2.800527385E1,4.079959691E-1,4.639223218E-1,-3.024017215E-1
2.802546750E1,5.608612895E-1,4.143875539E-1,-1.980058849E-1
2.804566182E1,1.970737725E-1,4.426170290E-1,-9.147951752E-2
2.806585651E1,-1.789642870E-1,4.511391521E-1,5.605949834E-2
2.808605104E1,-1.853558719E-1,2.029327303E-1,1.876195520E-1
2.810624198E1,-1.597895520E-3,-5.699160323E-2,2.408827394E-1
2.812642688E1,2.743053734E-1,-3.621896356E-2,1.657816470E-1
2.814660927E1,5.869602561E-1,1.986716688E-1,6.351634115E-2
2.816679214E1,7.419561148E-1,3.222422600E-1,-2.596580051E-2
2.818697563E1,7.153245211E-1,3.094590902E-1,-2.596580051E-2
2.820715990E1,5.257076025E-1,3.036001325E-1,9.014793485E-2
2.822734505E1,3.291664720E-1,2.705769539E-1,2.621880174E-1
2.824753115E1,1.512674391E-1,2.284990549E-1,4.411523044E-1
2.826771818E1,3.142527863E-2,2.146506310E-1,5.828323960E-1
2.828790614E1,9.906952083E-2,2.157158852E-1,5.450155139E-1
2.830809500E1,2.082590461E-1,4.463454783E-1,4.315649271E-1
2.832828469E1,2.711096108E-1,7.707182169E-1,3.255712092E-1
2.834847510E1,2.450106442E-1,7.824361324E-1,2.818953991E-1
2.836866609E1,1.416800618E-1,4.442149401E-1,2.818953991E-1
2.838885750E1,1.310274303E-1,-9.587372839E-2,2.942790836E-2
2.840904917E1,-1.821600795E-1,-1.704421788E-1,-3.178480268E-1
2.842924635E1,-6.109287143E-1,-1.438105851E-1,-5.660544634E-1
2.844943667E1,-9.640635848E-1,-2.407495826E-1,-7.854987979E-1
2.846961484E1,-1.300686955E0,-1.033305749E-1,-9.309072495E-1
2.848979354E1,-1.474857569E0,6.343644857E-1,-8.376966715E-1
2.850997313E1,-1.421061754E0,1.918007135E0,-7.045387626E-1
2.853015385E1,-1.372059584E0,3.155310869E0,-5.543365479E-1
2.855033594E1,-1.782186031E0,3.121755123E0,-5.458144546E-1
2.857051953E1,-1.744901896E0,1.781653404E0,-6.651239991E-1
2.859070474E1,-1.463672280E0,7.819035053E-1,-3.045322299E-1
2.861089161E1,-1.406147957E0,1.411474347E-1,1.247690022E-1
2.863108010E1,-1.220792174E0,-2.364885211E-1,3.873564899E-1
2.865127010E1,-5.954823494E-1,-5.118591785E-1,-2.842922211E-1
2.867146146E1,-1.794969290E-1,5.507413149E-1,-1.866741419E0
2.869165396E1,7.989477366E-3,1.418931127E0,-2.065945625E0
2.871184740E1,-1.539305896E-1,5.219792128E-1,-9.122651219E-1
2.873204151E1,-5.310339332E-1,-8.420909047E-1,-1.868206114E-1
2.875223599E1,-7.131940126E-1,-1.177648902E0,-6.791055668E-3
2.877242786E1,-6.231792569E-1,-9.784446359E-1,-1.591237634E-1
2.879261708E1,-4.335623085E-1,-7.797729969E-1,-3.098585606E-1
2.881281177E1,-2.274337858E-1,-3.217096329E-1,-1.596563905E-1
2.883300130E1,-3.728422802E-3,2.322274745E-1,2.073269337E-1
2.885318042E1,1.107874215E-1,3.185138404E-1,5.205144286E-1
2.887336000E1,1.826927215E-1,-1.027979404E-1,7.633945346E-1
2.889354036E1,3.291664720E-1,-6.620613337E-1,9.833714962E-1
2.891372177E1,3.968107104E-1,-1.012000442E0,9.327715039E-1
2.893390443E1,2.828274965E-1,-9.534109831E-1,-1.181111038E-1
2.895408849E1,3.653854430E-1,-1.336905807E-1,-3.189133108E-1
2.897427401E1,4.953475893E-1,-7.302381992E-1,2.259690464E-1
2.899446099E1,6.173202991E-1,-1.507880688E0,-1.356879622E-1
2.901464943E1,2.428801060E-1,-1.279914260E0,-5.841639638E-1
2.903483927E1,2.290316820E-1,-5.033370852E-1,-3.130543530E-1
2.905503036E1,6.929540038E-1,2.615222335E-1,7.470161468E-2
2.907522250E1,8.703203797E-1,7.062698007E-1,1.668469161E-1
2.909541547E1,9.997498989E-1,7.733814120E-1,1.604553312E-1
2.911560901E1,4.058654606E-1,7.563371658E-1,1.455416381E-1
2.913580286E1,-4.026696682E-1,-3.259706795E-1,2.898848653E-1
2.915599646E1,-7.637940049E-1,-1.409343839E0,5.354281664E-1
2.917618693E1,-5.406212807E-1,-1.547295451E0,7.032071352E-1
2.919637458E1,-4.633896947E-1,-1.267131090E0,6.195839643E-1
2.921655948E1,-4.207791388E-1,-1.463139653E0,4.118575454E-1
2.923674188E1,1.001347825E-1,-1.925996661E0,3.500722647E-1
2.925692474E1,8.719182611E-1,-2.137451410E0,2.749711871E-1
2.927710823E1,1.356080651E0,-1.957421899E0,-5.193160381E-3
2.929729250E1,1.698562860E0,-1.574459672E0,-2.310290486E-1
2.931747766E1,1.756087065E0,-8.037413955E-1,-3.679154217E-1
2.933766375E1,3.382211924E-1,-2.387788534E0,-8.882967234E-1
2.935785078E1,-2.455432713E-1,-2.367015839E0,-7.897598147E-1
2.937803875E1,-9.693899006E-2,-6.700508595E-1,-6.736460924E-1
2.939822766E1,3.834949136E-1,2.155028343E0,-5.410207510E-1
2.941841740E1,1.242630005E0,4.219509125E0,1.641837656E-1
2.943860781E1,1.629320741E0,3.089797258E0,2.387522161E-1
2.945879880E1,1.402419567E0,3.941475451E-1,1.167795286E-1
2.947899021E1,8.655267358E-1,-1.763011336E0,3.538006842E-1
2.949918188E1,7.238466144E-1,-2.119342089E0,6.664555669E-1
2.951937906E1,4.426170290E-1,-9.832383394E-1,5.503418446E-1
2.953956932E1,-1.017326787E-1,3.137201369E-1,2.408827394E-1
2.955974740E1,-4.351601899E-1,9.273120165E-1,1.753690243E-1
2.957992599E1,-1.842906028E-1,6.338318586E-1,2.499374747E-1
2.960010547E1,1.235705838E-1,-3.302317113E-2,3.127880394E-1
2.962028609E1,2.961432934E-1,-1.912148297E-1,3.980091214E-1
2.964046807E1,3.792338669E-1,6.285055727E-2,4.017375410E-1
2.966065161E1,2.061285079E-1,4.474107325E-1,3.511375189E-1
2.968083682E1,-4.793686327E-3,6.178529263E-1,2.946785688E-1
2.970102370E1,-3.834949061E-2,4.404865205E-1,2.227732539E-1
2.972121224E1,2.396843210E-2,3.227748871E-1,2.137185186E-1
2.974140234E1,2.396843210E-2,2.071937770E-1,1.940111369E-1
2.976159385E1,8.362319320E-2,-1.613874435E-1,6.884266436E-2
2.978178656E1,-1.219726875E-1,-3.840275407E-1,-1.271658540E-1
2.980198021E1,-4.090612531E-1,-3.691138625E-1,-3.396859467E-1
2.982217453E1,-6.391581893E-1,-2.732401192E-1,-5.964145064E-1
2.984236922E1,-9.566067457E-1,-4.048001766E-2,-7.322356105E-1
2.986256364E1,-1.212270021E0,4.111917615E-1,-7.018755674E-1
2.988275448E1,-1.390701652E0,1.027979374E0,-6.816355586E-1
2.990293938E1,-1.677257657E0,1.677790284E0,-6.326334476E-1
2.992312177E1,-2.084188223E0,1.826927185E0,-6.006755233E-1
2.994330464E1,-1.719335556E0,1.217063665E0,-6.544713378E-1
2.996348812E1,-1.099884748E0,6.535392404E-1,-4.552670419E-1
2.998367240E1,-9.246488214E-1,2.093243003E-1,-1.692437679E-1
3.000385755E1,-9.028109312E-1,-3.153180480E-1,2.463422157E-2
3.002404365E1,-6.711161137E-1,-8.825709224E-1,-5.259739235E-2
3.004423068E1,-4.814991653E-1,-1.188301563E0,-7.119956017E-1
3.006441865E1,-3.275685608E-1,-7.068024278E-1,-1.574859142E0
3.008460755E1,-8.948214352E-2,-4.250401855E-1,-1.463006496E0
3.010479729E1,-2.024000883E-2,-8.064045906E-1,-6.928208470E-1
3.012498771E1,-7.137266546E-2,-1.208009005E0,-2.374206334E-1
3.014517870E1,-8.468846232E-2,-1.356613278E0,-1.724395454E-1
3.016537010E1,-1.864211448E-2,-1.306013227E0,-3.945470154E-1
3.018556177E1,1.384842694E-1,-8.820382953E-1,-5.133239031E-1
3.020575896E1,3.057306707E-1,-2.583264410E-1,-3.024017215E-1
3.022594927E1,2.737727463E-1,-1.118526794E-2,-7.603318989E-2
3.024612745E1,1.310274303E-1,-1.544632316E-1,1.673795432E-1
3.026630614E1,7.190529257E-2,-3.978759646E-1,4.278365076E-1
3.028648573E1,1.262337416E-1,-4.985433817E-1,5.178512931E-1
3.030666646E1,1.342232227E-1,-6.130592227E-1,3.878891170E-1
3.032684854E1,1.544632297E-2,-8.314382434E-1,2.376869470E-1
3.034703214E1,-6.231792271E-2,-1.177648902E0,1.631184965E-1
3.036721734E1,2.364885211E-1,-1.647962809E0,8.002793044E-2
3.038740422E1,6.024065614E-1,-1.856754541E0,-2.246374637E-1
3.040759271E1,5.491434336E-1,-1.519065976E0,-4.121238589E-1
3.042778271E1,2.657832801E-1,-9.134635925E-1,-2.763027549E-1
3.044797406E1,4.122570157E-1,-3.653854430E-1,-2.459427416E-1
3.046816656E1,9.454214573E-1,2.647180259E-1,-3.492733240E-1
3.048836000E1,9.635309577E-1,8.500803709E-1,-3.221091032E-1
3.050855411E1,2.471411675E-1,6.237118840E-1,-1.564605981E-1
3.052874859E1,-9.480846673E-2,-7.099981904E-1,2.771016955E-1
3.054894047E1,9.853688627E-2,-1.528120637E0,5.423523784E-1
3.056912969E1,3.904191256E-1,-1.426920652E0,5.615270734E-1
3.058932438E1,5.198486447E-1,-1.243695259E0,3.724428117E-1
3.060951391E1,4.138549268E-1,-1.426388025E0,8.482161909E-2
3.062969302E1,5.081307292E-1,-1.864211321E0,8.801741153E-2
3.064987260E1,7.147918940E-1,-2.056491375E0,3.314301372E-1
3.067005297E1,2.439453751E-1,-1.408278584E0,5.828323960E-1
3.069023438E1,-3.153180480E-1,-9.022783041E-1,5.673860312E-1
3.071041703E1,-3.856254518E-1,-7.414234877E-1,3.623228073E-1
3.073060109E1,-1.768337637E-1,-7.456845641E-1,8.428898454E-2
3.075078661E1,1.763011366E-1,-7.600656152E-1,-1.948100924E-1
3.077097359E1,5.251749754E-1,-6.530066133E-1,-3.508712053E-1
3.079116203E1,7.888277173E-1,-4.495412707E-1,-4.131891429E-1
3.081135188E1,1.098819494E0,-3.994738758E-1,-4.664523304E-1
3.083154297E1,1.491901755E0,-5.587307811E-1,-5.170523524E-1
3.085173510E1,1.589373350E0,-4.298338890E-1,-3.881554306E-1
3.087192807E1,4.916191697E-1,3.909517527E-1,4.926844500E-3
3.089212161E1,-5.075981021E-1,4.708465338E-1,2.291648388E-1
3.091231547E1,-4.484759867E-1,-1.395495385E-1,3.362238407E-1
3.093250906E1,-2.828274965E-1,-9.257140756E-1,4.049333334E-1
3.095269948E1,-2.119874656E-1,-1.354482770E0,3.841606975E-1
3.097288438E1,9.001477808E-2,-1.249554276E0,3.016027808E-1
3.099306677E1,4.165180922E-1,-8.857667446E-1,1.114532053E-1
3.101324964E1,6.024065614E-1,-5.017392039E-1,-1.122521535E-1
3.103343313E1,7.275750637E-1,-1.518000662E-1,-1.415469050E-1
3.105361740E1,7.984151244E-1,2.130527236E-2,-1.170458421E-1
3.107380255E1,7.201182246E-1,-2.130527236E-2,-7.656582445E-2
3.109398865E1,4.410191476E-1,-1.454084814E-1,8.801741153E-2
3.111417568E1,1.001347825E-1,-1.619200706E-1,3.308975101E-1
3.113436364E1,-2.226400971E-1,-1.587242782E-1,5.194491744E-1
3.115455250E1,-4.186486006E-1,-3.568633199E-1,4.810996950E-1
3.117474219E1,-2.849580348E-1,-6.359623671E-1,3.303648829E-1
3.119493260E1,4.953476042E-2,-6.567350626E-1,1.444763839E-1
3.121512359E1,3.057306707E-1,-3.291664720E-1,-3.448791057E-2
3.123531500E1,4.383559823E-1,4.687159881E-2,-7.390266657E-2
3.125550667E1,4.692486227E-1,1.731053442E-1,2.250369452E-2
3.127570385E1,3.936149180E-1,1.113200486E-1,1.753690243E-1
3.129589411E1,2.087916732E-1,5.699160323E-2,3.463438451E-1
3.131607219E1,-1.368863732E-1,-7.510108501E-2,4.134554565E-1
3.133625078E1,-2.977411747E-1,-4.921517968E-1,1.508679688E-1
3.135643026E1,-1.949432492E-1,-8.974846005E-1,-2.273006290E-1
3.137661088E1,-2.109221965E-1,-8.543414474E-1,-3.982754350E-1
3.139679286E1,-4.261054695E-1,-4.218443930E-1,-2.592585385E-1
3.141697641E1,-6.450171471E-1,-5.912213027E-2,-1.000016257E-1
3.143716161E1,-7.803056240E-1,1.976063997E-1,-1.351553202E-1
3.145734849E1,-9.576719999E-1,3.984085917E-1,-2.789659202E-1
3.147753703E1,-1.510543823E0,4.197138846E-1,-4.877575934E-1
3.149772714E1,-1.938779831E0,8.399603963E-1,-7.977492809E-1
3.151791859E1,-1.742771268E0,1.426920652E0,-9.708546400E-1
3.153811120E1,-1.461009026E0,4.985433817E-1,-7.578019500E-1
3.155830474E1,-1.042893052E0,-9.534109384E-2,-5.735113025E-1
3.157849896E1,-8.191877604E-1,-4.463454783E-1,-4.557996690E-1
3.159869354E1,-5.912213326E-1,-8.143940568E-1,-3.380880356E-1
3.161888807E1,-3.664506972E-1,-1.146223664E0,-3.753722608E-1
3.163907906E1,-1.826927215E-1,-1.415202737E0,-5.351617932E-1
3.165926396E1,-4.633896798E-2,-1.647430182E0,-8.882967234E-1
3.167944635E1,8.841688186E-2,-1.677790284E0,-1.225452662E0
3.169962922E1,1.581916511E-1,-1.506282806E0,-1.036900997E0
3.171981271E1,1.560611278E-1,-1.452486992E0,-6.800376773E-1
3.173999698E1,1.113200486E-1,-1.562209129E0,-6.075997353E-1
3.176018214E1,1.075916290E-1,-1.631983876E0,-8.057388067E-1
3.178036823E1,1.581916511E-1,-1.359276414E0,-9.490167499E-1
3.180055526E1,2.604569495E-1,-8.639287949E-1,-8.787093163E-1
3.182074323E1,2.348906398E-1,-6.103960872E-1,-6.811029315E-1
3.184093208E1,6.817687303E-2,-5.060002208E-1,-4.360923171E-1
3.186112172E1,-9.267793596E-2,-3.291664720E-1,-2.129195631E-1
3.188131203E1,-2.247706354E-1,-1.209074259E-1,-8.828372508E-2
3.190150292E1,-3.387538493E-1,-5.858949944E-2,-3.874896467E-2
3.192169422E1,-4.324970245E-1,-2.205095738E-1,1.291632187E-2
3.194188578E1,-4.234423041E-1,-4.894886315E-1,4.807002097E-2
3.196208286E1,-2.119874656E-1,-6.135918498E-1,1.221058443E-1
3.198227333E1,1.512674391E-1,-6.455497742E-1,2.376869470E-1
3.200245193E1,4.745749533E-1,-7.504782081E-1,3.138532937E-1
3.202263099E1,6.599308252E-1,-8.271772265E-1,2.808301151E-1
3.204281083E1,7.153245211E-1,-8.394277692E-1,1.231711060E-1
3.206299177E1,7.616634965E-1,-8.905603886E-1,-6.791055668E-3
3.208317406E1,6.940192580E-1,-9.427583218E-1,-1.340900660E-1
3.210335786E1,4.889560044E-1,-1.074851036E0,-3.332943618E-1
3.212354323E1,5.400886536E-1,-1.085503697E0,-3.583280444E-1
3.214373016E1,4.873581231E-1,-5.400886536E-1,-1.106542572E-1
3.216391864E1,2.812296152E-1,2.609895915E-2,5.093291998E-1
3.218410859E1,2.769685388E-1,-7.030740380E-2,9.929588437E-1
3.220429984E1,3.073285520E-1,-4.729770422E-1,7.021418810E-1
3.222449224E1,1.629853398E-1,-6.167876720E-1,3.143859208E-1
3.224468552E1,1.214400530E-1,-5.566002727E-1,3.884217441E-1
3.226487943E1,-1.709748209E-1,-7.930887938E-1,4.672512710E-1
3.228507370E1,-4.596612751E-1,-1.192562699E0,4.747081101E-1
3.230526771E1,1.091895252E-1,-2.080992460E0,5.673860312E-1
3.232545833E1,9.837709665E-1,-2.618417978E0,4.949481189E-1
3.234564323E1,9.161267281E-1,-6.087981462E-1,2.637858987E-1
3.236582562E1,1.539305896E-1,1.381114364E0,-1.211737376E-2
3.238600849E1,1.134505793E-1,4.037349224E-1,-1.319595277E-1
3.240619198E1,1.491369158E-1,-1.351819515E0,-5.526055023E-2
3.242637625E1,8.522108942E-2,-2.019739866E0,3.475422785E-2
3.244656141E1,4.175833464E-1,-1.464737535E0,-6.111950055E-2
3.246674750E1,6.817687303E-2,-2.932670832E0,-8.014777303E-1
3.248693453E1,3.930822909E-1,-2.500706434E0,-9.271788597E-1
3.250712250E1,1.140364766E0,1.286305904E0,-6.070671082E-1
3.252731135E1,1.373657465E0,3.798730135E0,7.057371549E-3
3.254750099E1,1.328383803E0,2.679670572E0,-8.135951310E-2
3.256769130E1,1.457280636E0,-2.652506530E-1,-8.402267098E-2
3.258788219E1,7.781751156E-1,-1.818405032E0,3.607248962E-1
3.260807349E1,2.119874656E-1,-1.532914400E0,7.351650596E-1
3.262826505E1,-1.864211448E-2,-5.033370852E-1,6.414218545E-1
3.264846214E1,-1.731053442E-1,3.270359337E-1,3.772364855E-1
3.266865250E1,-8.788424730E-2,5.219792128E-1,3.239732981E-1
3.268883088E1,2.396843135E-1,1.784316599E-1,3.314301372E-1
3.270900974E1,3.946801722E-1,-1.352884769E-1,2.318280041E-1
3.272918943E1,4.532696903E-1,-9.054740891E-3,1.306279600E-1
3.274937026E1,3.281011879E-1,3.414169848E-1,1.609879732E-1
3.276955245E1,1.001347825E-1,4.085285962E-1,2.861564457E-1
3.278973614E1,-5.912213027E-2,-4.527370632E-2,2.632532716E-1
3.280992146E1,-2.205095738E-1,-4.420844018E-1,1.732385010E-1
3.283010844E1,-2.716422379E-1,-5.720465779E-1,1.050616279E-1
3.285029703E1,-4.740423337E-2,-7.510108948E-1,-1.777658761E-1
3.287048714E1,1.747032404E-1,-7.488803267E-1,-5.612607598E-1
3.289067859E1,-5.006739125E-2,-3.424822688E-1,-7.428882122E-1
3.291087120E1,-1.976063997E-1,1.922800839E-1,-7.348987460E-1
3.293106469E1,-2.263685167E-1,5.917539597E-1,-6.075997353E-1
3.295125875E1,-4.266380966E-1,8.628635406E-1,-4.755070508E-1
3.297145313E1,-1.189366817E0,1.168061614E0,-3.988080621E-1
3.299164693E1,-2.307361126E0,1.476988077E0,-3.977428079E-1
3.301183729E1,-2.639190674E0,1.689508080E0,-3.801659644E-1
3.303202219E1,-1.943040848E0,1.402419567E0,-3.450122476E-1
3.305220458E1,-1.210672140E0,8.042740226E-1,-3.407512009E-1
3.307238745E1,-1.104678392E0,6.759097576E-1,-2.970753908E-1
3.309257094E1,-1.075383663E0,9.629983306E-1,-4.247738793E-2
3.311275521E1,-6.764423847E-1,1.007206798E0,1.284974217E-1
3.313294036E1,-2.455432713E-1,7.819035053E-1,-1.713742912E-1
3.315312646E1,-1.288969070E-1,8.383625150E-1,-8.824377656E-1
3.317331349E1,-1.752358675E-1,7.595329881E-1,-1.259008408E0
3.319350146E1,-2.966759205E-1,1.704421788E-1,-7.604650855E-1
3.321369031E1,-4.229096770E-1,-3.829622865E-1,-1.804290265E-1
3.323387995E1,-5.241097212E-1,-6.759097576E-1,-8.082687855E-2
3.325407026E1,-5.315665603E-1,-5.832318664E-1,-2.129195631E-1
3.327426115E1,-4.873581231E-1,-2.599243224E-1,-2.731069624E-1
3.329445245E1,-3.781685829E-1,1.901495606E-1,-1.197090000E-1
3.331464401E1,-2.471411675E-1,5.869602561E-1,2.238385230E-1
3.333484109E1,-1.768337637E-1,5.976129174E-1,5.247755051E-1
3.335503141E1,-7.510108501E-2,2.476737946E-1,6.984134912E-1
3.337520969E1,1.470063776E-1,-2.860232890E-1,7.298387289E-1
3.339538849E1,4.356928170E-1,-6.663224101E-1,6.206492186E-1
3.341556818E1,7.755119205E-1,-4.197138846E-1,3.969438672E-1
3.343574901E1,8.942888379E-1,1.842906028E-1,1.093226820E-1
3.345593120E1,7.062698007E-1,-1.464737505E-1,-1.788311303E-1
3.347611490E1,4.394212663E-1,-1.217063665E0,-6.571345329E-1
3.349630021E1,1.917474568E-1,-1.729988098E0,-9.623325467E-1
3.351648719E1,2.689790726E-1,-1.243162632E0,-6.789724231E-1
3.353667578E1,5.006738901E-1,-1.853558719E-1,-1.777658761E-1
3.355686588E1,7.084003091E-1,6.860297918E-1,4.221107066E-2
3.357705734E1,8.719182611E-1,1.182975292E0,3.016027808E-1
3.359724995E1,5.091960430E-1,1.584047079E0,3.490070105E-1
3.361744344E1,-4.026696682E-1,2.695116997E-1,2.701774836E-1
3.363763750E1,-9.741836190E-1,-1.139299512E0,5.652555227E-1
3.365783188E1,-6.444845200E-1,-1.192562699E0,8.821714520E-1
3.367802563E1,-4.500738978E-1,-8.894951344E-1,9.689904451E-1
3.369821594E1,-4.804339111E-1,-9.693899155E-1,7.697861195E-1
3.371840083E1,-2.886864543E-1,-1.329449058E0,5.077312589E-1
3.373858323E1,5.438171029E-1,-1.838112354E0,3.207775056E-1
3.375876609E1,1.614939690E0,-2.198704243E0,-3.235738352E-2
3.377894958E1,2.026131392E0,-1.749695539E0,-3.354249001E-1
3.379913385E1,-4.713791609E-1,-3.810980558E0,-1.714408636E0
3.381931901E1,-1.107874155E0,-1.761946082E0,-1.196157932E0
3.383950510E1,-1.004011035E0,5.352949500E-1,-3.013364673E-1
3.385969214E1,-2.876211703E-1,2.290316820E0,-3.290333152E-1
3.387988010E1,1.492434382E0,3.320959330E0,-5.239765644E-1
3.390006896E1,2.984336138E0,3.967041731E0,1.215732098E-1
3.392025859E1,3.011500359E0,2.410691738E0,3.820301592E-1
3.394044891E1,2.226401091E0,-7.962845564E-1,2.685796022E-1
3.396063979E1,7.435539961E-1,-3.292729855E0,3.580617309E-1
3.398083109E1,-8.841688186E-2,-2.392049551E0,7.953524590E-1
3.400102266E1,-2.466085255E-1,-9.374319762E-2,9.189230204E-1
3.402121974E1,-5.922865868E-1,8.905603886E-1,4.464786351E-1
3.404140995E1,-7.595329881E-1,9.518130422E-1,1.567269117E-1
3.406158802E1,5.326318205E-4,6.327666044E-1,3.474090993E-1
3.408176661E1,4.820317924E-1,2.311622053E-1,3.527354300E-1
3.410194609E1,5.374255180E-1,2.311622053E-1,3.058638275E-1
3.412212672E1,7.078676820E-1,3.637875319E-1,3.138532937E-1
3.414230870E1,6.013413072E-1,5.683181286E-1,2.786996067E-1
3.416249224E1,4.617917836E-1,8.399603963E-1,2.595248520E-1
3.418267745E1,2.530001104E-1,1.138766885E0,2.510027587E-1
3.420286432E1,2.716422267E-2,1.272457361E0,2.813627720E-1
3.422305281E1,-6.338318437E-2,1.196823716E0,3.724428117E-1
3.424324281E1,-1.054610983E-1,1.029044628E0,4.203796685E-1
3.426343417E1,-1.395495385E-1,7.792403698E-1,3.463438451E-1
3.428362667E1,-1.272990108E-1,4.916191697E-1,1.519332230E-1
3.430382010E1,-2.913496196E-1,3.771033287E-1,-6.325002760E-2
3.432401422E1,-5.496760607E-1,2.135853618E-1,-3.024017215E-1
3.434420870E1,-8.452867270E-1,-6.391581893E-2,-5.932186842E-1
3.436440323E1,-1.260206938E0,-1.533979625E-1,-8.254461884E-1
3.438459427E1,-1.516935468E0,1.379516423E-1,-8.488819599E-1
3.440477917E1,-1.541436434E0,8.607330322E-1,-7.764440179E-1
3.442496156E1,-1.351286888E0,1.745967150E0,-7.844334841E-1
3.444514443E1,-1.304947972E0,2.016544104E0,-8.339682817E-1
3.446532792E1,-1.551556468E0,1.300154328E0,-7.988145947E-1
3.448551219E1,-1.381114364E0,1.182442665E0,-3.743070066E-1
3.450569734E1,-1.084971070E0,1.067394137E0,4.008054361E-2
3.452588344E1,-9.821730852E-1,2.391516864E-1,1.039963663E-1
3.454607047E1,-9.640635848E-1,-8.101329803E-1,-1.122521535E-1
3.456625844E1,-8.074698448E-1,-9.640635848E-1,-7.812377214E-1
3.458644729E1,-3.648527861E-1,-2.173137814E-1,-1.524259090E0
3.460663693E1,4.048001766E-2,2.460758984E-1,-1.404949546E0
3.462682724E1,1.837579757E-1,-1.272990108E-1,-6.699176431E-1
3.464701812E1,1.262337416E-1,-8.159919381E-1,-2.299637944E-1
3.466720943E1,7.190529257E-2,-1.231444716E0,-1.197090000E-1
3.468740099E1,1.768337637E-1,-1.226651073E0,-2.427469492E-1
3.470759807E1,4.234423041E-1,-8.170571923E-1,-3.157175183E-1
3.472778828E1,5.842971206E-1,-4.282359779E-1,-9.627319872E-2
3.474796635E1,4.937497079E-1,-3.478085697E-1,2.067943066E-1
3.476814495E1,3.850927949E-1,-2.998717129E-1,4.965460002E-1
3.478832443E1,3.685812056E-1,-5.699160323E-2,6.094639897E-1
3.480850505E1,3.078611791E-1,1.816274524E-1,4.214449227E-1
3.482868703E1,1.129179448E-1,-4.154528305E-2,1.801627129E-1
3.484887057E1,-3.408843651E-2,-7.174550891E-1,1.221058443E-1
3.486905578E1,1.251684725E-1,-9.827057123E-1,2.083922029E-1
3.488924266E1,5.251749754E-1,-5.102612972E-1,2.105227262E-1
3.490943114E1,7.233139873E-1,-4.846949577E-1,6.191844866E-2
3.492962114E1,6.705834866E-1,-7.126613855E-1,1.398158539E-2
3.494981250E1,6.199834347E-1,-5.155876279E-1,8.655266836E-3
3.497000500E1,6.444845200E-1,3.621896356E-2,-6.271740049E-2
3.499019844E1,6.130592227E-1,4.777707458E-1,-1.101216301E-1
3.501039255E1,3.968107104E-1,2.599243224E-1,-5.845634267E-2
3.503058703E1,8.948214352E-2,-2.924148738E-1,6.884266436E-2
3.505078151E1,9.427583218E-2,-8.154593110E-1,1.796300858E-1
3.507097245E1,3.739075363E-1,-1.170724750E0,1.354216337E-1
3.509115724E1,6.066676378E-1,-1.266065836E0,1.434111148E-1
3.511133953E1,5.251749754E-1,-9.134635925E-1,4.395544231E-1
3.513152234E1,1.411474347E-1,-1.699095517E-1,6.206492186E-1
3.515170583E1,1.555284858E-1,4.010717571E-1,3.969438672E-1
3.517189010E1,4.415517747E-1,6.056023836E-1,5.659212917E-2
3.519207526E1,4.319643974E-1,7.094655633E-1,-6.644582003E-2
3.521226135E1,1.448758543E-1,5.038697124E-1,3.795001656E-2
3.523244839E1,1.613874435E-1,-4.351601899E-1,3.809649050E-1
3.525263635E1,6.242445111E-1,-1.723063946E0,7.149250507E-1
3.527282521E1,9.182572365E-1,-1.912680864E0,5.743102431E-1
3.529301484E1,1.058339477E0,-8.181225061E-1,2.850911915E-1
3.531320516E1,9.166593552E-1,6.503434777E-1,2.783001214E-2
3.533339604E1,3.392864764E-1,1.041827798E0,-2.901511788E-1
3.535358734E1,-5.326318205E-4,6.753771305E-1,-4.403533638E-1
3.537377891E1,2.061285079E-1,2.849580348E-1,-4.408859909E-1
3.539397599E1,4.122570157E-1,4.202465117E-1,-3.764375448E-1
3.541416635E1,5.874928832E-1,1.019457340E0,-1.905490309E-1
3.543434474E1,6.514087319E-1,1.172855258E0,-5.366265774E-2
3.545452359E1,5.294360518E-1,7.371624112E-1,1.274321675E-1
3.547470323E1,3.723096550E-1,2.540653646E-1,3.074617088E-1
3.549488396E1,2.865559161E-1,1.470063776E-1,3.751059473E-1
3.551506604E1,2.577938139E-1,3.829622865E-1,3.404848874E-1
3.553524964E1,2.908169627E-1,6.503434777E-1,2.573943138E-1
3.555543484E1,3.605917394E-1,7.478150725E-1,2.339585274E-1
3.557562172E1,4.724444151E-1,6.759097576E-1,3.399522603E-1
3.559581021E1,4.894886315E-1,5.182507634E-1,4.581965208E-1
3.561600021E1,3.105243444E-1,4.074633420E-1,5.056007504E-1
3.563619156E1,7.669898123E-2,3.957454562E-1,4.693817794E-1
3.565638406E1,-7.936213911E-2,4.569981098E-1,3.308975101E-1
3.567657745E1,-1.624527127E-1,6.183855534E-1,2.131858915E-1
3.569677146E1,-2.396843135E-1,5.997434258E-1,1.237037405E-1
3.571696583E1,-3.962780833E-1,1.624527127E-1,-1.362205893E-1
3.573716010E1,-5.597960353E-1,-1.107874215E-1,-5.245091915E-1
3.575735094E1,-8.250467181E-1,1.278316379E-1,-9.032104015E-1
3.577753583E1,-1.086568952E0,4.580633640E-1,-1.182842135E0
3.579771823E1,-1.408278584E0,9.097351432E-1,-1.144492626E0
3.581790109E1,-1.636777639E0,1.576057553E0,-9.916272759E-1
3.583808458E1,-1.563274384E0,2.463422060E0,-8.392946124E-1
3.585826885E1,-1.367798567E0,2.927877188E0,-6.645913720E-1
3.587845401E1,-1.651158690E0,2.726542234E0,-6.065344810E-1
3.589864010E1,-1.614407063E0,2.433594704E0,-3.066627681E-1
3.591882714E1,-1.408278584E0,1.459943771E0,1.210405827E-1
3.593901510E1,-1.345427990E0,2.530001104E-1,2.829606533E-1
3.595920396E1,-1.216531038E0,-1.422126889E-1,-1.158474199E-2
3.597939359E1,-6.812360883E-1,6.876276731E-1,-9.735178351E-1
3.599958391E1,-1.065263674E-1,1.580318570E0,-1.727724433E0
3.601977479E1,2.343579940E-2,1.545697570E0,-1.163667321E0
3.603996609E1,-2.354232669E-1,5.512739420E-1,-2.768353820E-1
3.606015766E1,-4.767054915E-1,-2.444780022E-1,1.753690243E-1
3.608035474E1,-5.262402296E-1,-4.554001987E-1,2.696448565E-1
3.610054505E1,-3.733749092E-1,-3.483411968E-1,1.402153224E-1
3.612072333E1,-1.272990108E-1,-8.948214352E-2,6.524739787E-3
3.614090214E1,5.699160323E-2,3.850927949E-1,2.073269337E-1
3.616108182E1,1.214400530E-1,6.343644857E-1,5.759081841E-1
3.618126266E1,1.539305896E-1,4.916191697E-1,8.480830193E-1
3.620144484E1,2.215748429E-1,1.411474347E-1,9.897630811E-1
3.622162854E1,3.030675054E-1,-2.854906619E-1,1.003611565E0
3.624181385E1,4.548675716E-1,-4.814991653E-1,9.540767670E-1
3.626200083E1,6.844319105E-1,-2.194443047E-1,8.150598407E-1
3.628218943E1,7.781751156E-1,1.235705838E-1,4.821649492E-1
3.630237953E1,7.004108429E-1,-6.977476925E-2,-1.181111038E-1
3.632257099E1,5.299686790E-1,-5.182507634E-1,-7.045387626E-1
3.634276359E1,4.538023174E-1,-6.103960872E-1,-8.169240355E-1
3.636295708E1,4.330296814E-1,-1.171789989E-1,-4.494080842E-1
3.638315114E1,4.378233552E-1,5.235770941E-1,-1.111868918E-1
3.640334552E1,6.418213248E-1,8.053393364E-1,3.262370080E-2
3.642353938E1,7.068024278E-1,1.427985907E0,2.169143111E-1
3.644372984E1,4.900212586E-2,2.040512562E0,3.580617309E-1
3.646391750E1,-5.379581451E-1,2.636527419E-1,3.431480527E-1
3.648410240E1,-6.833665967E-1,-1.233575344E0,5.370260477E-1
3.650428479E1,-5.651223660E-1,-1.114798427E0,8.001461625E-1
3.652446766E1,-3.227748871E-1,-5.757750273E-1,8.065377474E-1
3.654465114E1,-2.396843210E-2,-8.607330322E-1,5.641902685E-1
3.656483542E1,2.934801280E-1,-1.543034434E0,3.474090993E-1
3.658502057E1,7.909582257E-1,-2.149169445E0,2.712427676E-1
3.660520667E1,1.188834190E0,-2.387255907E0,-2.017343044E-1
3.662539370E1,-6.253097653E-1,-4.293545246E0,-1.502953887E0
3.664558167E1,-8.873646259E-1,-9.832383394E-1,-5.942839384E-1
3.666577052E1,-8.293077350E-1,2.687127590E0,-1.591237634E-1
3.668596016E1,5.512739420E-1,5.589971066E0,-4.833633825E-2
3.670615047E1,2.752108574E0,4.809665203E0,3.665838540E-1
3.672634135E1,3.268761396E0,2.355830431E0,2.541985512E-1
3.674653266E1,2.163550377E0,3.419496417E-1,2.783001214E-2
3.676672422E1,1.005608916E0,-1.533447027E0,2.169143111E-1
3.678692130E1,-4.314317927E-2,-1.319329023E0,6.334323883E-1
3.680711177E1,-5.107939243E-1,2.199769467E-1,8.182556629E-1
3.682729036E1,-8.410256505E-1,1.136103630E0,4.741754830E-1
3.684746943E1,-8.468846083E-1,1.380048990E0,2.499374747E-1
3.686764927E1,-1.922800839E-1,9.976193905E-1,3.665838540E-1
3.688783021E1,1.523326933E-1,4.474107325E-1,3.069290817E-1
3.690801250E1,4.559328258E-1,1.720400751E-1,2.808301151E-1
3.692819630E1,8.149266839E-1,2.242379934E-1,2.451438010E-1
3.694838167E1,7.776424289E-1,6.237118840E-1,3.102580272E-2
3.696856859E1,5.310339332E-1,1.032240510E0,-7.976161689E-2
3.698875708E1,2.514022291E-1,1.053013086E0,5.459476262E-3
3.700894708E1,4.474107176E-2,7.206508517E-1,1.529984921E-1
3.702913844E1,2.237053588E-2,4.713791609E-1,2.265016884E-1
3.704933094E1,1.699095517E-1,7.446193099E-1,2.206427306E-1
3.706952432E1,3.249054253E-1,1.328383803E0,2.499374747E-1
3.708971833E1,4.005391300E-1,1.469531178E0,4.059986174E-1
3.710991271E1,3.728422821E-1,1.203747869E0,5.189165473E-1
3.713010661E1,2.556632757E-1,1.056741476E0,4.464786351E-1
3.715029708E1,7.776424289E-2,1.098819494E0,3.117227852E-1
3.717048198E1,-1.464737505E-1,9.129309654E-1,6.990792602E-2
3.719066438E1,-2.961432934E-1,5.336970687E-1,-2.992059290E-1
3.721084724E1,-5.550023317E-1,5.049349666E-1,-6.534060836E-1
3.723103073E1,-6.870950460E-1,6.727139950E-1,-9.058735967E-1
3.725121500E1,-1.104678392E0,9.491499066E-1,-9.010798931E-1
3.727140016E1,-1.481781721E0,1.350754261E0,-7.210503221E-1
3.729158625E1,-1.565404892E0,1.981922984E0,-5.575323701E-1
3.731177328E1,-1.412006974E0,2.906039238E0,-4.531365335E-1
3.733196125E1,-1.687377572E0,3.689007998E0,-4.020038545E-1
3.735215016E1,-2.112950325E0,3.118559361E0,-4.632565379E-1
3.737233995E1,-1.890842915E0,2.111352444E0,-1.793637723E-1
3.739253047E1,-1.541969061E0,1.346493244E0,1.801627129E-1
3.741272156E1,-1.281512141E0,5.976129174E-1,4.198470414E-1
3.743291307E1,-9.555414915E-1,4.740423337E-2,-1.265000552E-2
3.745310479E1,-5.704486966E-1,2.940127552E-1,-1.265932679E0
3.747330198E1,-2.460758984E-1,9.400951862E-1,-2.011617184E0
3.749349208E1,-3.994738683E-2,1.007739425E0,-1.445962191E0
3.751366984E1,-2.716422267E-2,2.221074700E-1,-6.336987019E-1
3.753384813E1,-1.219726875E-1,-6.657897830E-1,-2.720417082E-1
3.755402729E1,-8.202529699E-2,-9.587372541E-1,-1.367532164E-1
3.757420766E1,7.243792713E-2,-8.708530068E-1,-2.912164330E-1
3.759438948E1,1.800295562E-1,-7.376950979E-1,-4.669849575E-1
3.761457292E1,1.704421788E-1,-5.102612972E-1,-2.789659202E-1
3.763475807E1,2.018674612E-1,-6.072002649E-2,-9.454214945E-3
3.765494500E1,2.705769539E-1,2.466085255E-1,2.280995846E-1
3.767513364E1,2.396843135E-1,2.753706574E-1,4.203796685E-1
3.769532391E1,1.645832360E-1,1.965411454E-1,5.583313107E-1
3.771551562E1,1.225053221E-1,5.273054913E-2,6.526071429E-1
3.773570854E1,1.262337416E-1,-9.534109384E-2,6.930871606E-1
3.775590240E1,1.549958587E-1,-3.344927728E-1,7.032071352E-1
3.777609693E1,3.318296373E-1,-5.906887054E-1,6.675208211E-1
3.779629182E1,7.994803786E-1,-8.122635484E-1,5.844302773E-1
3.781648635E1,9.230509400E-1,-6.732466221E-1,3.431480527E-1
3.783667724E1,6.199834347E-1,-4.617917836E-1,-1.085237339E-1
3.785686490E1,5.044023395E-1,-4.042675495E-1,-2.816290855E-1
3.787704979E1,5.331644416E-1,-4.079959691E-1,-9.627319872E-2
3.789723219E1,5.576655269E-1,-8.415582776E-2,4.860265180E-2
3.791741510E1,6.178529263E-1,3.392864764E-1,-1.303616315E-1
3.793759870E1,6.130592227E-1,3.877559602E-1,-3.434143662E-1
3.795778307E1,2.322274745E-1,4.420844018E-1,-2.756369673E-2
3.797796833E1,-8.362319320E-2,1.257011145E-1,6.046702862E-1
3.799815453E1,-1.842906028E-1,-5.912213326E-1,1.080310464E0
3.801834167E1,-1.624527127E-1,-7.765771747E-1,9.860346317E-1
3.803852974E1,4.367581010E-2,-3.265033066E-1,6.190513372E-1
3.805871870E1,4.010717571E-1,-1.773663908E-1,3.884217441E-1
3.807890844E1,2.700443268E-1,-5.305013061E-1,1.524658650E-1
3.809909885E1,2.242379934E-1,-1.065263629E0,1.247690022E-1
3.811928984E1,9.384972453E-1,-1.321992159E0,1.705753356E-1
3.813948125E1,1.063133121E0,-3.062632978E-1,1.311605871E-1
3.815967286E1,2.711096108E-1,2.327601016E-1,-1.884185076E-1
3.817986995E1,-1.661811322E-1,3.952127993E-1,-5.942839384E-1
3.820006010E1,-1.597895473E-2,8.511456251E-1,-3.924165070E-1
3.822023807E1,5.150549412E-1,6.689855456E-1,-1.117195264E-1
3.824041656E1,8.479498625E-1,-1.496695429E-1,-1.218395308E-1
3.826059594E1,8.708530068E-1,-5.129244328E-1,5.459476262E-3
3.828077651E1,1.031707883E0,-3.078611791E-1,1.423458606E-1
3.830095849E1,8.974846005E-1,2.849580348E-1,5.392897129E-2
3.832114203E1,2.402169555E-1,8.660593629E-1,-4.514054582E-2
3.834132724E1,-4.431496859E-1,1.047154188E0,3.328948980E-3
3.836151411E1,-4.644549489E-1,7.803056240E-1,2.996053919E-2
3.838170266E1,-2.183790505E-1,2.428801060E-1,-9.986846708E-3
3.840189276E1,-9.640636295E-2,1.752358675E-1,2.516685426E-2
3.842208427E1,2.242379934E-1,4.676507413E-1,1.504684892E-2
3.844227698E1,6.530066133E-1,6.034718752E-1,-4.247738793E-2
3.846247062E1,8.820382953E-1,4.948149621E-1,-6.111950055E-2
3.848266495E1,8.745814562E-1,3.808317482E-1,-6.165213138E-2
3.850285964E1,6.546044946E-1,3.760380745E-1,-3.022685647E-2
3.852305438E1,2.743053734E-1,4.511391521E-1,9.068056941E-2
3.854324552E1,-3.728422895E-2,5.315665603E-1,2.627206445E-1
3.856343042E1,-1.113200486E-1,5.693834424E-1,4.038680792E-1
3.858361281E1,-1.491369121E-2,5.720465779E-1,4.816323221E-1
3.860379573E1,1.613874435E-1,5.060002208E-1,4.299670458E-1
3.862397932E1,4.053328037E-1,4.974781275E-1,3.175817132E-1
3.864416370E1,5.864276290E-1,7.073350549E-1,2.222406268E-1
3.866434896E1,6.524739861E-1,1.074318409E0,1.519332230E-1
3.868453516E1,5.310339332E-1,1.326253176E0,1.476721764E-1
3.870472229E1,3.270359337E-1,1.228781581E0,2.185122073E-1
3.872491036E1,1.816274524E-1,1.008272052E0,2.536658943E-1
3.874509932E1,1.027979404E-1,1.114265800E0,1.737711281E-1
3.876528906E1,-6.072002649E-2,1.397625923E0,1.514005959E-1
3.878547948E1,-2.865559161E-1,1.110004663E0,1.231711060E-1
3.880567047E1,-1.800295562E-1,3.637875319E-1,-1.516669095E-1
3.882586188E1,-5.560676455E-1,2.716422379E-1,-4.083954394E-1
3.884605354E1,-9.294425249E-1,3.797664940E-1,-5.633913279E-1
3.886625073E1,-1.272457361E0,2.087916732E-1,-7.700524330E-1
3.888644088E1,-1.563807011E0,1.470063776E-1,-8.099998236E-1
3.890661875E1,-1.614939690E0,8.202530146E-1,-5.841639638E-1
3.892679714E1,-1.428518534E0,2.164615631E0,-3.098585606E-1
3.894697641E1,-1.225053191E0,3.347058296E0,-1.926795542E-1
3.896715688E1,-1.787512422E0,3.667170048E0,-3.988080621E-1
3.898733880E1,-2.055958748E0,2.792056084E0,-5.479449630E-1
3.900752234E1,-1.711878657E0,2.191779852E0,-9.574057162E-2
3.902770760E1,-1.311339498E0,1.417865872E0,3.154512048E-1
3.904789464E1,-1.087634206E0,4.016043842E-1,3.527354300E-1
3.906808338E1,-8.713856339E-1,9.906952083E-2,-3.524691164E-1
3.908827370E1,-4.261054695E-1,9.092025161E-1,-1.889644504E0
3.910846542E1,-3.728422895E-2,1.605884910E0,-2.369013071E0
3.912865833E1,6.391582079E-3,1.164333105E0,-1.211071610E0
3.914885219E1,-1.981390417E-1,-1.320926845E-1,-2.890859246E-1
3.916904672E1,-3.739075363E-1,-9.033435583E-1,1.291632187E-2
3.918924161E1,-3.637875319E-1,-9.422256947E-1,-5.685844645E-2
3.920943583E1,-1.826927215E-1,-6.434192657E-1,-3.854922652E-1
3.922962641E1,1.278316416E-2,-2.625874877E-1,-3.428817391E-1
3.924981406E1,9.587372839E-2,1.597895473E-1,-9.520793706E-2
3.926999896E1,7.936213911E-2,4.569981098E-1,7.843003422E-2
3.929018135E1,9.054741263E-2,4.468781054E-1,2.099900991E-1
3.931036427E1,1.603221744E-1,3.893538713E-1,3.607248962E-1
3.933054786E1,1.629853398E-1,3.360906839E-1,4.768386483E-1
3.935073224E1,1.209074259E-1,2.487390637E-1,6.243776679E-1
3.937091750E1,1.736379713E-1,7.829687744E-2,8.198535442E-1
3.939110370E1,3.323622644E-1,-1.800295562E-1,9.221188426E-1
3.941129083E1,5.214465261E-1,-5.853623748E-1,9.167925119E-1
3.943147891E1,5.070654750E-1,-1.210139513E0,7.159903049E-1
3.945166786E1,3.627222776E-1,-1.881255627E0,2.584595978E-1
3.947185760E1,3.701791167E-1,-1.708150268E0,-9.467530251E-2
3.949204802E1,4.127896726E-1,-8.282424808E-1,-1.213068962E-1
3.951223901E1,3.946801722E-1,6.072002649E-2,-8.615319431E-2
3.953243042E1,5.198486447E-1,5.283707380E-1,-1.010668874E-1
3.955262208E1,6.322339773E-1,6.215813160E-1,-1.904158667E-2
3.957281927E1,3.728422821E-1,6.535392404E-1,2.334259003E-1
3.959300948E1,-1.059937328E-1,5.965476632E-1,4.928175807E-1
3.961318745E1,-3.515369892E-1,-1.645832360E-1,5.593965650E-1
3.963336594E1,-4.271707237E-1,-7.850993276E-1,6.510092616E-1
3.965354531E1,-1.251684725E-1,-8.740488291E-1,6.978808641E-1
3.967372588E1,1.805621833E-1,-1.080709934E0,5.146554708E-1
3.969390792E1,2.593916953E-1,-1.637842894E0,2.179795653E-1
3.971409156E1,6.684529185E-1,-2.191779852E0,6.724476814E-2
3.973427688E1,1.473259568E0,-2.209356785E0,-1.584579609E-2
3.975446385E1,1.408811212E0,-3.355580568E-2,1.398158539E-2
3.977465250E1,-1.065263641E-3,1.586710215E0,9.920267761E-2
3.979484271E1,-5.091960430E-1,3.318296373E-1,-1.362205893E-1
3.981503427E1,-3.440801501E-1,-1.723596573E0,-5.095955133E-1
3.983522698E1,-9.853688478E-1,-3.479683638E0,-1.510410666E0
3.985542062E1,-4.415517747E-1,-2.053828239E0,-8.648608923E-1
3.987561495E1,2.146506310E-1,4.846949503E-2,-4.179828167E-1
3.989580964E1,1.205345869E0,2.366483212E0,-3.029343486E-1
3.991600417E1,2.468748569E0,3.041327715E0,5.499423668E-2
3.993619516E1,2.670615911E0,1.383244872E0,2.249037921E-1
3.995638281E1,9.672594070E-1,-1.485510111E0,1.737711281E-1
3.997656771E1,-4.857602119E-1,-2.107624054E0,4.006722867E-1
3.999675010E1,-5.528718233E-1,-7.717835307E-1,8.299735188E-1
4.001693302E1,-3.589938581E-1,2.892190814E-1,8.699209094E-1
4.003711661E1,-5.480781198E-1,3.089264631E-1,5.647228956E-1
4.005730099E1,-5.166528821E-1,-1.720400751E-1,3.868238628E-1
4.007748625E1,1.049284711E-1,-6.008086801E-1,3.846933246E-1
4.009767245E1,5.123918056E-1,-5.795034170E-1,1.695100814E-1
4.011785958E1,6.391581893E-1,-1.171789970E-2,-2.166479975E-1
4.013804766E1,7.078676820E-1,6.572676897E-1,-3.817638457E-1
4.015823661E1,6.130592227E-1,9.198551774E-1,-2.938795984E-1
4.017842635E1,4.181159735E-1,7.531414032E-1,-8.242477477E-2
4.019861677E1,2.098569423E-1,4.330296814E-1,1.689774394E-1
4.021880776E1,-6.231792271E-2,2.215748429E-1,3.964112401E-1
4.023899917E1,-1.347558498E-1,2.732401192E-1,4.693817794E-1
4.025919083E1,-4.101264849E-2,5.523391962E-1,4.475438893E-1
4.027938802E1,1.597895473E-2,7.590003610E-1,3.426154256E-1
4.029957828E1,2.130527236E-2,5.560676455E-1,1.716406047E-1
4.031975635E1,6.711161137E-2,3.036001325E-2,1.984053478E-2
4.033993495E1,2.205095738E-1,-3.595264852E-1,-1.767006069E-1
4.036011443E1,2.796317041E-1,-2.780338228E-1,-4.440817833E-1
4.038029505E1,2.492716908E-1,1.272990108E-1,-6.912229657E-1
4.040047703E1,1.304948032E-1,6.540718675E-1,-6.480797529E-1
4.042066057E1,-4.900212586E-2,1.245293140E0,-2.874880135E-1
4.044084578E1,-1.693769246E-1,1.417333245E0,-1.085237339E-1
4.046103266E1,-3.158506751E-1,1.193627954E0,-1.005342528E-1
4.048122120E1,-6.141244769E-1,9.347688556E-1,-1.079910994E-1
4.050141130E1,-1.233575344E0,7.627287507E-1,-1.319595277E-1
4.052160281E1,-1.933986187E0,6.290381551E-1,-2.725743353E-1
4.054179552E1,-2.183257818E0,5.976129174E-1,-3.854922652E-1
4.056198917E1,-1.898832440E0,9.145288467E-1,-4.307659864E-1
4.058218349E1,-1.401354313E0,1.717205048E0,-4.829638898E-1
4.060237818E1,-1.042360425E0,2.479933739E0,-3.950796425E-1
4.062257292E1,-8.926909566E-1,2.421876907E0,1.238369010E-2
4.064276406E1,-8.458193541E-1,1.456748009E0,3.798996508E-1
4.066294896E1,-7.451519370E-1,4.261054695E-1,2.909501195E-1
4.068313135E1,-5.976129174E-1,1.198421568E-1,-7.972166538E-1
4.070331427E1,-2.828274965E-1,5.507413149E-1,-1.759149790E0
4.072349786E1,1.656484902E-1,1.499358535E0,-5.271723270E-1
4.074368224E1,-1.400821656E-1,7.526087761E-1,1.657816470E-1
4.076386750E1,-5.363602638E-1,-5.981455445E-1,2.632532716E-1
4.078405370E1,-7.036066055E-1,-8.751140833E-1,2.664490640E-1
4.080424083E1,-6.530066133E-1,-3.238401413E-1,2.265016884E-1
4.082442891E1,-5.395560265E-1,3.179811835E-1,2.483395934E-1
4.084461786E1,-3.771033287E-1,7.046719193E-1,4.379565120E-1
4.086480760E1,-1.203747913E-1,7.861645818E-1,5.695165992E-1
4.088499802E1,2.263685167E-1,5.832318664E-1,6.313018799E-1
4.090518901E1,4.506065249E-1,-4.740423337E-2,9.471525550E-1
4.092538042E1,5.944170952E-1,-8.484824896E-1,1.061135769E0
4.094557208E1,6.673876643E-1,-1.527055383E0,1.089365244E0
4.096576927E1,7.115961313E-1,-1.512674332E0,1.012666225E0
4.098595953E1,7.685877085E-1,-1.002413034E0,4.954807460E-1
4.100613760E1,3.408843577E-1,-6.695181727E-1,-4.781702161E-1
4.102631620E1,-2.572611570E-1,-3.515369892E-1,-1.197755814E0
4.104649568E1,-1.182442605E-1,3.227748871E-1,-1.178581119E0
4.106667630E1,2.013348341E-1,6.178529263E-1,-7.455514073E-1
4.108685828E1,6.721813679E-1,3.542001545E-1,-2.928143442E-1
4.110704182E1,6.615287066E-1,1.119059443E0,1.306279600E-1
4.112722703E1,2.050632536E-1,8.021435142E-1,1.977395564E-1
4.114741391E1,-3.020022511E-1,-7.637940049E-1,4.571312666E-1
4.116760245E1,-4.159854650E-1,-1.561676502E0,7.431545258E-1
4.118779255E1,-2.359558940E-1,-1.585112333E0,6.866955757E-1
4.120798406E1,6.444845349E-2,-1.739575505E0,4.214449227E-1
4.122817677E1,5.965476632E-1,-2.103895664E0,1.988048255E-1
4.124837042E1,1.031175256E0,-1.878592372E0,2.303632535E-2
4.126856474E1,1.317731142E0,-6.482129097E-1,-7.230477035E-2
4.128875943E1,1.101482630E0,8.783098459E-1,-3.093259335E-1
4.130895417E1,3.818970025E-1,1.197356343E0,-2.752375007E-1
4.132914531E1,7.297056168E-2,6.604634225E-2,-1.873532385E-1
4.134933021E1,4.048001766E-1,-1.199486852E0,-1.090563685E-1
4.136951260E1,4.878907502E-1,-1.160072088E0,8.641951531E-2
4.138969552E1,6.375603080E-1,-3.259706795E-1,4.913528636E-2
4.140987911E1,9.363667369E-1,6.711161137E-1,-1.447426975E-1
4.143006349E1,8.213182688E-1,1.366733193E0,-2.315616906E-1
4.145024875E1,2.380864173E-1,1.430116415E0,-1.399490088E-1
4.147043495E1,-5.699160323E-2,8.367645741E-1,7.203845680E-2
4.149062208E1,3.941475600E-2,3.408843651E-2,2.573943138E-1
4.151081016E1,-2.450106293E-2,-3.579285741E-1,3.047985733E-1
4.153099911E1,-1.917474531E-2,-2.471411675E-1,3.101248741E-1
4.155118885E1,1.246358454E-1,-1.651158556E-2,2.147837877E-1
4.157137927E1,3.201117218E-1,6.764423847E-2,3.475422785E-2
4.159157026E1,5.715139508E-1,2.929474972E-2,-7.976161689E-2
4.161176167E1,7.877624631E-1,-1.203747913E-1,-1.042626798E-1
4.163195333E1,8.234487772E-1,-2.625874877E-1,-3.502054140E-2
4.165215052E1,6.215813160E-1,-2.663159072E-1,1.008005738E-1
4.167234078E1,2.375537902E-1,-1.539305896E-1,2.195774615E-1
4.169251885E1,-1.368863732E-1,-5.219791830E-2,2.691122293E-1
4.171269745E1,-2.913496196E-1,-4.900212586E-2,2.323606312E-1
4.173287693E1,-2.599243224E-1,-4.580633715E-2,1.609879732E-1
4.175305755E1,-1.107874215E-1,6.604634225E-2,1.002679393E-1
4.177323953E1,1.187768951E-1,1.922800839E-1,3.954791278E-2
4.179342307E1,3.344927728E-1,2.210422009E-1,-2.063948289E-2
4.181360828E1,4.655202031E-1,2.407495826E-1,-3.342264518E-2
4.183379516E1,3.877559602E-1,4.037349224E-1,2.356895804E-2
4.185398370E1,1.006674170E-1,6.977477074E-1,1.482048035E-1
4.187417380E1,-1.725727171E-1,8.964193463E-1,2.925480306E-1
4.189436531E1,-3.542001545E-1,7.536740303E-1,4.022701681E-1
4.191455802E1,-5.411539078E-1,2.173137814E-1,3.484743834E-1
4.193475167E1,-4.617917836E-1,-5.006738901E-1,1.833585054E-1
4.195494599E1,-4.340949357E-1,-8.767119646E-1,1.025316212E-2
4.197514068E1,-2.727074921E-1,-7.574024200E-1,-1.980058849E-1
4.199533536E1,-2.066611499E-1,-3.510043621E-1,-4.888228476E-1
4.201552651E1,-3.430148959E-1,3.600591123E-1,-5.074649453E-1
4.203571151E1,-4.841623306E-1,1.047686815E0,-4.446144104E-1
4.205589401E1,-8.159919381E-1,1.290034294E0,-5.575323701E-1
4.207607698E1,-1.661278605E0,1.247956395E0,-6.853640079E-1
4.209626057E1,-2.282860041E0,8.623309135E-1,-7.125282288E-1
4.211644495E1,-1.781120777E0,2.284990549E-1,-6.033387184E-1
4.213663021E1,-1.128646851E0,1.816274524E-1,-4.946818054E-1
4.215681641E1,-8.287751079E-1,5.576655269E-1,-4.206459820E-1
4.217700354E1,-6.689855456E-1,3.914843798E-1,-3.050648868E-1
4.219719161E1,-5.230444670E-1,-2.354232669E-1,-3.796333373E-1
4.221738057E1,-4.165180922E-1,-6.684529185E-1,-9.538104534E-1
4.223757031E1,-2.780338228E-1,-5.060002208E-1,-1.579652786E0
4.225776073E1,-1.390169114E-1,-5.715139508E-1,-1.404416919E0
4.227795172E1,-1.459411234E-1,-1.140897393E0,-9.154609442E-1
4.229814312E1,-2.652506530E-1,-1.440236449E0,-6.203829050E-1
4.231833479E1,-3.456780612E-1,-1.316665888E0,-5.218459964E-1
4.233853198E1,-2.764359117E-1,-1.193095326E0,-5.761744976E-1
4.235872214E1,-1.645832360E-1,-1.089764714E0,-5.793702602E-1
4.237890000E1,-7.776424289E-2,-8.974846005E-1,-4.403533638E-1
4.239907838E1,-5.805686861E-2,-6.034718752E-1,-1.948100924E-1
4.241925766E1,-5.912213027E-2,-3.169159293E-1,1.050616279E-1
4.243943812E1,-3.834949061E-2,-1.374190152E-1,3.122554123E-1
4.245962005E1,-7.563371956E-2,-3.515370190E-2,4.182491302E-1
4.247980359E1,-1.134505793E-1,-8.468846232E-2,4.864259958E-1
4.249998885E1,-5.912213027E-2,-1.938779801E-1,4.709796906E-1
4.252017588E1,4.580633715E-2,-2.114548385E-1,3.868238628E-1
4.254036464E1,1.560611278E-1,-2.870885432E-1,3.490070105E-1
4.256055495E1,3.094590902E-1,-5.091960430E-1,3.644533157E-1
4.258074667E1,5.858950019E-1,-7.701855898E-1,3.676491082E-1
4.260093958E1,7.819035053E-1,-9.656614661E-1,2.845585644E-1
4.262113344E1,6.050697565E-1,-1.264467955E0,1.082574204E-1
4.264132797E1,4.186486006E-1,-1.280979514E0,-5.193160381E-3
4.266152286E1,4.910865426E-1,-9.779120088E-1,-5.419528857E-2
4.268171714E1,6.759097576E-1,-5.305013061E-1,-3.024017215E-1
4.270190776E1,6.886929274E-1,4.687159881E-2,-4.840291739E-1
4.272209276E1,5.406212807E-1,4.692486227E-1,-2.880206704E-1
4.274227526E1,3.190464675E-1,6.231792271E-2,6.671213359E-2
4.276245823E1,6.604634225E-2,-6.854971647E-1,3.628554344E-1
4.278264182E1,-1.464737505E-1,-9.012130499E-1,5.018723607E-1
4.280282620E1,8.948214352E-2,-9.427583218E-1,5.982787013E-1
4.282301146E1,2.087916732E-1,-1.050349951E0,4.832302332E-1
4.284319766E1,3.781685978E-2,-1.165931106E0,2.818953991E-1
4.286338479E1,3.051980436E-1,-1.462607026E0,2.201101035E-1
4.288357286E1,9.635309577E-1,-1.890310287E0,1.396826953E-1
4.290376182E1,1.250619531E0,-1.550491214E0,1.205079481E-1
4.292395156E1,7.510108948E-1,2.844253778E-1,1.135837361E-1
4.294414198E1,6.285055727E-2,7.494129539E-1,-1.676458716E-1
4.296433297E1,-2.215748429E-1,-5.406212807E-1,-4.691154659E-1
4.298452438E1,6.711161137E-2,-9.491499066E-1,-3.785680532E-1
4.300471599E1,7.153245211E-1,4.293012619E-1,1.087900475E-1
4.302491307E1,1.046621561E0,6.514087319E-1,-5.739107728E-2
4.304510328E1,1.406680584E0,-1.059937328E-1,-2.203764170E-1
4.306528135E1,1.407213211E0,-5.502086878E-1,-1.095889956E-1
4.308545995E1,5.267728567E-1,-1.374190152E-1,1.185105834E-2
4.310563943E1,-2.327601016E-1,1.118526831E-1,5.765739456E-2
4.312582005E1,-2.412822098E-1,1.177116334E-1,1.451421715E-2
4.314600203E1,-4.207791388E-2,-2.130527236E-2,-1.584579609E-2
4.316618557E1,1.725727171E-1,-1.374190152E-1,-3.874896467E-2
4.318637078E1,4.862928391E-1,-1.917474568E-1,-1.133174226E-1
4.320655766E1,7.440866828E-1,-1.219726875E-1,-1.612542868E-1
4.322674620E1,8.708530068E-1,8.522109129E-3,-1.085237339E-1
4.324693630E1,8.314382434E-1,8.681898564E-2,2.090579830E-2
4.326712781E1,5.448823571E-1,1.667137593E-1,2.083922029E-1
4.328732052E1,4.580633715E-2,2.386190593E-1,4.123901725E-1
4.330751417E1,-3.520696461E-1,2.498043180E-1,4.821649492E-1
4.332770849E1,-5.155876279E-1,1.704421788E-1,4.400870502E-1
4.334790318E1,-5.054675937E-1,7.563371956E-2,4.235754609E-1
4.336809786E1,-2.274337858E-1,6.231792271E-2,4.251733422E-1
4.338828901E1,2.034653574E-1,7.510108501E-2,3.218427896E-1
4.340847401E1,5.613939166E-1,2.769685537E-2,1.695100814E-1
4.342865651E1,8.399603963E-1,3.515370190E-2,1.268995255E-1
4.344883948E1,8.740488291E-1,3.515369892E-1,2.296974659E-1
4.346902307E1,5.075981021E-1,8.420909047E-1,4.528702199E-1
4.348920745E1,-1.304948032E-1,7.723161578E-1,5.604618192E-1
4.350939271E1,-3.371559381E-1,-1.012000442E-1,3.399522603E-1
4.352957891E1,-4.436823130E-1,-9.624657035E-1,4.966791719E-2
4.354976604E1,-7.941540480E-1,-1.237303734E0,-2.043974549E-1
4.356995411E1,-9.869667888E-1,-1.049284697E0,-4.877575934E-1
4.359014307E1,-1.107874155E0,-7.680550814E-1,-8.227829933E-1
4.361033281E1,-1.162202597E0,-2.024000883E-1,-8.946883082E-1
4.363052323E1,-1.142495275E0,6.402234435E-1,-8.057388067E-1
4.365071422E1,-1.037566781E0,1.388038516E0,-7.679219246E-1
4.367090562E1,-9.725856781E-1,1.604819655E0,-7.934882641E-1
4.369109724E1,-1.549425960E0,1.105211020E0,-8.430230021E-1
4.371129432E1,-1.725194454E0,8.900277615E-1,-7.562040091E-1
4.373148453E1,-1.220259547E0,9.725856781E-1,-3.556649089E-1
4.375166260E1,-7.344992757E-1,4.692486227E-1,-1.468732208E-1
4.377184120E1,-6.636592746E-1,-1.443432271E-1,-2.342248410E-1
4.379202068E1,-5.768402815E-1,-3.797664940E-1,-5.697829127E-1
4.381220130E1,-2.918822467E-1,-2.343579978E-1,-1.314934850E0
4.383238328E1,-1.443432271E-1,-2.759032845E-1,-1.937048793E0
4.385256682E1,-1.640505940E-1,-6.498108506E-1,-1.290966392E0
4.387275203E1,-2.577938139E-1,-4.729770422E-1,-1.671132296E-1
4.389293891E1,-2.471411675E-1,-4.958802164E-1,2.616553903E-1
4.391312745E1,-1.012000442E-1,-1.235173225E0,-1.127847880E-1
4.393331755E1,2.503369562E-2,-1.620265961E0,-5.474123359E-1
4.395350906E1,4.367581010E-2,-7.952193022E-1,-4.994754791E-1
4.397370177E1,8.948214352E-2,2.087916732E-1,-1.580584943E-1
4.399389542E1,4.580633715E-2,2.812296152E-1,1.545963883E-1
4.401408974E1,-6.764423847E-2,1.123853177E-1,3.740406930E-1
4.403428443E1,-1.832253486E-1,4.474107176E-2,4.858933687E-1
4.405447911E1,-2.769685388E-1,-2.290316857E-2,5.103944540E-1
4.407467026E1,-2.402169555E-1,-2.950780392E-1,5.482112765E-1
4.409485792E1,-2.716422267E-2,-7.760445476E-1,5.918871164E-1
4.411504281E1,3.041327596E-1,-1.059937358E0,5.562008023E-1
4.413522521E1,6.226465702E-1,-1.177116275E0,3.287670016E-1
4.415540812E1,6.972150803E-1,-1.343297482E0,2.090579830E-2
4.417559172E1,6.125265956E-1,-1.170724750E0,-2.288985252E-1
4.419577609E1,6.727139950E-1,-5.363602638E-1,-3.615238369E-1
4.421596135E1,9.874994159E-1,3.781685978E-2,-5.681849718E-1
4.423614755E1,9.400951862E-1,8.191877604E-1,-5.069323182E-1
4.425633469E1,4.894886315E-1,1.568068027E0,1.679121852E-1
4.427652276E1,5.858949851E-3,7.755119205E-1,4.832302332E-1
4.429671172E1,-5.629918575E-1,-8.032087684E-1,4.592617750E-1
4.431690146E1,-5.065328479E-1,-1.186703682E0,7.580682635E-1
4.433709188E1,-4.314317703E-1,-1.045556307E0,1.031308413E0
4.435728286E1,-6.716487408E-1,-1.231977344E0,1.106942058E0
4.437747427E1,-8.314382434E-1,-1.826927185E0,9.519461989E-1
4.439766594E1,-1.917474568E-1,-2.624276876E0,7.309040427E-1
4.441786313E1,1.033838391E0,-2.720683336E0,3.639206886E-1
4.443805338E1,1.062067866E0,-3.840275526E0,-1.357012749E0
4.445823146E1,1.064198375E0,-3.610178471E0,-2.645981789E0
4.447841005E1,1.974998832E0,1.092960477E0,-1.205212593E0
4.449858953E1,1.830655575E0,2.799512863E0,-8.881635964E-2
4.451877016E1,1.292164803E0,2.266880989E0,2.307627350E-1
4.453895214E1,1.208009005E0,-6.093307734E-1,7.310371846E-2
4.455913568E1,6.711161137E-1,-2.910300255E0,6.298371404E-2
4.457932088E1,-1.187768951E-1,-1.948367238E0,3.532680571E-1
4.459950776E1,-3.882885873E-1,-9.800425172E-2,3.617901504E-1
4.461969630E1,-4.463454783E-1,7.094655633E-1,2.249037921E-1
4.463988641E1,-3.717769980E-1,5.379581451E-1,2.462090552E-1
4.466007792E1,2.450106442E-1,-1.065263674E-1,4.347607195E-1
4.468027063E1,7.637940049E-1,-6.711161137E-1,4.763059914E-1
4.470046427E1,9.049414396E-1,-7.004108429E-1,3.873564899E-1
4.472065859E1,9.693899155E-1,-2.604569495E-1,3.229080439E-1
4.474085328E1,7.174550891E-1,1.368863732E-1,1.647163928E-1
4.476104797E1,4.016043842E-1,1.432779580E-1,4.807002097E-2
4.478123911E1,1.528653353E-1,-4.474107176E-2,1.599227041E-1
4.480142677E1,-1.326253265E-1,-1.006674170E-1,3.037332892E-1
4.482161167E1,-1.145158410E-1,-5.326318089E-3,3.000048697E-1
4.484179406E1,1.161137372E-1,1.592569202E-1,2.760364413E-1
4.486197698E1,1.624527127E-1,2.434127480E-1,2.866890728E-1
4.488216057E1,1.225053146E-2,-6.604634225E-2,2.185122073E-1
4.490234495E1,-1.523326933E-1,-5.203812718E-1,2.303632535E-2
4.492253021E1,-5.001412630E-1,-6.093307734E-1,-2.502037883E-1
4.494271641E1,-6.498108506E-1,-5.592634082E-1,-5.314334035E-1
4.496290354E1,-7.637940049E-1,-3.137201369E-1,-6.640587449E-1
4.498309161E1,-8.916256428E-1,9.853688627E-2,-6.166545153E-1
4.500328057E1,-9.560741186E-1,5.672528744E-1,-5.181176066E-1
4.502347031E1,-1.032240510E0,9.789772630E-1,-5.340965390E-1
4.504366073E1,-1.520131230E0,1.309741616E0,-5.516734123E-1
4.506385172E1,-2.163017750E0,1.127581596E0,-5.532712936E-1
4.508404312E1,-1.620798588E0,6.013413072E-1,-5.548691750E-1
4.510423479E1,-8.005456328E-1,5.379581451E-1,-3.695133328E-1
4.512443198E1,-5.731118321E-1,6.823013425E-1,-1.916143000E-1
4.514462219E1,-5.629918575E-1,2.753706574E-1,-7.603318989E-2
4.516480016E1,-3.387538493E-1,-6.135918498E-1,-1.889511347E-1
4.518497864E1,-1.033305749E-1,-9.145288467E-1,-9.436904192E-1
4.520515802E1,5.699160323E-2,-3.973433375E-1,-1.856621385E0
4.522533859E1,1.038632020E-1,-3.249054253E-1,-1.619600177E0
4.524552063E1,-3.089264594E-2,-8.271772265E-1,-6.512755752E-1
4.526570427E1,-1.651158631E-1,-1.293230057E0,-2.150501013E-1
4.528588958E1,-2.396843135E-1,-1.550491214E0,-3.599259555E-1
4.530607656E1,-1.848232448E-1,-1.432246923E0,-5.319660306E-1
4.532626521E1,-8.309056610E-2,-9.874994159E-1,-4.014712274E-1
4.534645542E1,-3.994738683E-2,-6.354297400E-1,-1.543300748E-1
4.536664698E1,-3.195790946E-2,-5.523391962E-1,9.867004305E-2
4.538683969E1,-3.089264594E-2,-6.503434777E-1,3.175817132E-1
4.540703333E1,-3.462106735E-2,-7.270424366E-1,5.034702420E-1
4.542722766E1,4.314317927E-2,-7.707182169E-1,5.918871164E-1
4.544742234E1,1.784316599E-1,-8.085350990E-1,5.130575895E-1
4.546761682E1,2.215748429E-1,-5.411539078E-1,-1.809616536E-1
4.548780776E1,1.017326787E-1,-7.169224024E-1,-1.138500497E-1
4.550799276E1,2.753706574E-1,-1.655419707E0,2.675143182E-1
4.552817526E1,3.904191256E-1,-2.034121037E0,1.849564016E-1
4.554835823E1,1.661811322E-1,-1.500423789E0,7.843003422E-2
4.556854182E1,1.922800839E-1,-7.467498183E-1,-1.170458421E-1
4.558872620E1,6.530066133E-1,-5.150549412E-1,-2.731069624E-1
4.560891146E1,7.030739784E-1,4.127896726E-1,-1.617869139E-1
4.562909766E1,4.585959911E-1,1.283642650E0,2.889527567E-2
4.564928479E1,1.800295562E-1,5.805686861E-2,2.371543199E-1
4.566947286E1,-1.320926845E-1,-1.951030374E0,3.926828206E-1
4.568966182E1,-3.078611791E-1,-2.913496017E0,3.032006621E-1
4.570985156E1,-2.253032625E-1,-2.924148798E0,5.819002539E-2
4.573004198E1,2.141179889E-1,-2.644516945E0,-1.852227151E-1
4.575023297E1,7.808382511E-1,-1.998434544E0,-2.326269448E-1
4.577042438E1,1.100950003E0,-1.185105801E0,-1.958753467E-1
4.579061599E1,1.331046939E0,-8.293077350E-1,-3.492733240E-1
4.581081307E1,1.346493244E0,-5.374255180E-1,-3.338269889E-1
4.583100323E1,7.840340137E-1,-5.251749754E-1,-6.964161247E-2
4.585118120E1,2.577938139E-1,-7.595329881E-1,1.664474420E-2
4.587135969E1,1.454084814E-1,-6.098634601E-1,1.253016293E-1
4.589153906E1,5.416865349E-1,-5.038697124E-1,2.115879953E-1
4.591171964E1,8.969519734E-1,-4.452801943E-1,-9.321057005E-4
4.593190161E1,9.544762373E-1,-5.645897239E-2,-1.607216448E-1
4.595208516E1,4.671181142E-1,7.893603444E-1,-1.159805804E-1
4.597227036E1,-2.093243003E-1,1.076981544E0,-4.940159991E-2
4.599245724E1,-1.571263820E-1,5.102612972E-1,5.126581341E-2
4.601264578E1,1.219726875E-1,-5.177181363E-1,1.940111369E-1
4.603283589E1,1.107874215E-1,-1.217596292E0,2.627206445E-1
4.605302740E1,1.571263820E-1,-1.247956395E0,2.909501195E-1
4.607322010E1,2.300969511E-1,-9.353014827E-1,1.641837656E-1
4.609341375E1,2.615222335E-1,-4.905539155E-1,1.198421582E-3
4.611360807E1,4.069307148E-1,-3.621896356E-2,-5.952160433E-2
4.613380276E1,6.327666044E-1,4.793686420E-2,-6.484792382E-2
4.615399750E1,6.785729527E-1,-2.732401192E-1,-3.075948730E-2
4.617418870E1,5.384907722E-1,-5.779055357E-1,3.581948951E-2
4.619437635E1,3.504717350E-1,-5.544697046E-1,1.455416381E-1
4.621456125E1,8.362319320E-2,-2.940127552E-1,2.589922249E-1
4.623474364E1,-1.555284858E-1,-5.805686861E-2,2.749711871E-1
4.625492656E1,-1.203747913E-1,1.118526794E-2,1.700427085E-1
4.627511016E1,6.125266105E-2,-5.326318368E-2,8.109319210E-2
4.629529453E1,2.061285079E-1,-9.853688627E-2,3.209106624E-2
4.631547979E1,2.924148738E-1,-4.633896798E-2,1.984053478E-2
4.633566599E1,2.806969583E-1,7.936213911E-2,6.032055244E-2
4.635585312E1,1.736379713E-1,2.716422379E-1,1.487374306E-1
4.637604120E1,6.924213842E-3,5.123918056E-1,2.579269707E-1
4.639623016E1,-1.145158410E-1,7.329013944E-1,3.703122735E-1
4.641641990E1,-1.145158410E-1,8.074698448E-1,4.699144363E-1
4.643661031E1,-2.455432713E-1,5.294360518E-1,4.555333555E-1
4.645680130E1,-3.563306928E-1,-1.938779801E-1,1.972069293E-1
4.647699271E1,-2.503369451E-1,-9.709877968E-1,-1.436774284E-1
4.649718438E1,-1.981390417E-1,-1.122255206E0,-4.579302073E-1
4.651738156E1,-2.519348562E-1,-5.842971206E-1,-5.974797606E-1
4.653757172E1,-4.458128214E-1,1.816274524E-1,-3.902859688E-1
4.655774958E1,-7.238466144E-1,7.281076908E-1,-2.816290855E-1
4.657792797E1,-1.171790004E0,9.859014750E-1,-3.950796425E-1
4.659810724E1,-1.806154490E0,9.315730333E-1,-5.378249884E-1
4.661828771E1,-2.251434803E0,6.679202914E-1,-6.214481592E-1
4.663846964E1,-1.963813543E0,3.579285741E-1,-6.587324142E-1
4.665865318E1,-1.196291089E0,4.761728346E-1,-5.633913279E-1
4.667883844E1,-7.621961236E-1,1.221857429E0,-4.419512451E-1
4.669902547E1,-5.470128655E-1,1.487107992E0,-4.701807499E-1
4.671921422E1,-2.545980215E-1,7.717835307E-1,-6.336987019E-1
4.673940453E1,-9.267793596E-2,-2.524674833E-1,-5.399554968E-1
4.675959625E1,-1.368863732E-1,-1.152082682E0,-5.740439296E-1
4.677978917E1,-1.544632316E-1,-1.538773298E0,-9.942904711E-1
4.679998302E1,-1.624527127E-1,-1.318796396E0,-1.151416779E0
4.682017755E1,-9.640636295E-2,-8.186551332E-1,-7.103977203E-1
4.684037245E1,2.077264152E-2,-8.474172354E-1,-4.914860129E-1
4.686056661E1,6.924213469E-2,-1.142495275E0,-6.416881680E-1
4.688075708E1,8.042740822E-2,-1.097754240E0,-7.737808824E-1
4.690094198E1,9.054740891E-3,-8.138614297E-1,-7.077345252E-1
4.692112438E1,-9.640636295E-2,-4.825644195E-1,-4.728438854E-1
4.694130729E1,-1.502021700E-1,-2.093243003E-1,-1.921469271E-1
4.696149088E1,-1.331579536E-1,-5.006739125E-2,7.843003422E-2
4.698167526E1,-1.113200486E-1,8.522108942E-2,3.271690905E-1
4.700186052E1,-1.241032109E-1,1.214400530E-1,4.747081101E-1
4.702204672E1,-1.374190152E-1,-5.645897239E-2,4.651207328E-1
4.704223385E1,-9.747162461E-2,-2.934801280E-1,3.937480748E-1
4.706242193E1,3.621896356E-2,-4.628570378E-1,2.994722426E-1
4.708261088E1,2.551306486E-1,-5.049349666E-1,2.307627350E-1
4.710280062E1,5.731118321E-1,-5.518065691E-1,2.414153665E-1
4.712299104E1,8.080024719E-1,-7.739140391E-1,2.781669796E-1
4.714318203E1,5.869602561E-1,-9.560741186E-1,1.487374306E-1
4.716337344E1,3.552654386E-1,-7.968171835E-1,-7.070687413E-2
4.718356505E1,3.557980657E-1,-4.021370113E-1,-2.091911435E-1
4.720376214E1,5.890907645E-1,-1.065263641E-3,-3.141196072E-1
4.722395229E1,7.419561148E-1,3.605917394E-1,-3.050648868E-1
4.724413026E1,3.414169848E-1,4.383559823E-1,-4.034686089E-2
4.726430875E1,6.711161137E-2,-4.543349445E-1,4.342280924E-1
4.728448812E1,2.876211889E-2,-1.470596433E0,7.010766268E-1
4.730466870E1,-3.302317113E-2,-1.487107992E0,6.403566003E-1
4.732485068E1,1.640505940E-1,-9.757815003E-1,4.613923132E-1
4.734503422E1,2.402169555E-1,-4.207791388E-1,2.563290596E-1
4.736521943E1,9.960214794E-2,-2.162485123E-1,2.179795653E-1
4.738540630E1,2.977411747E-1,-9.725856781E-1,3.181143403E-1
4.740559484E1,8.756467104E-1,-2.142777920E0,3.223754168E-1
4.742578495E1,1.068459392E0,-1.327318549E0,2.834932804E-1
4.744597646E1,-1.097221524E-1,-5.363602638E-1,-4.728438854E-1
4.746616917E1,-9.779120088E-1,-1.191497326E0,-1.145025253E0
4.748636281E1,-2.801643312E-1,3.249054253E-1,-4.275701940E-1
4.750655714E1,6.125265956E-1,2.172072649E0,1.268995255E-1
4.752675182E1,1.161669970E0,1.955291390E0,2.632532716E-1
4.754694651E1,1.284707904E0,-2.663159044E-3,-1.383511126E-1
4.756713760E1,1.314002752E0,-1.554219604E0,-7.856319658E-3
4.758732250E1,1.727857590E0,-2.119874716E0,3.218427896E-1
4.760750490E1,1.728390217E0,-9.922930598E-1,3.047985733E-1
4.762768781E1,4.197138846E-1,7.094655633E-1,1.332911104E-1
4.764787141E1,-5.885581374E-1,1.243162632E0,4.061317816E-2
4.766805578E1,-4.554001987E-1,8.665919900E-1,1.354216337E-1
4.768824104E1,-1.113200486E-1,-1.917474531E-2,2.153164148E-1
4.770842724E1,6.764423847E-2,-3.440801501E-1,2.163816839E-1
4.772861438E1,5.619265437E-1,-1.518000662E-1,2.339585274E-1
4.774880245E1,8.612656593E-1,6.657897681E-2,1.620532274E-1
4.776899141E1,7.435539961E-1,1.917474568E-1,1.471395344E-1
4.778918114E1,3.568633199E-1,1.821600795E-1,2.259690464E-1
4.780937156E1,-1.486042738E-1,2.929474972E-2,3.181143403E-1
4.782956255E1,-4.383559823E-1,-1.049284711E-1,3.697796464E-1
4.784975396E1,-4.351601899E-1,-7.616634667E-2,3.138532937E-1
4.786994557E1,-1.922800839E-1,1.629853398E-1,2.073269337E-1
4.789014266E1,1.901495606E-1,4.420844018E-1,1.045289934E-1
4.791033276E1,5.342296958E-1,3.643201590E-1,4.114580899E-2
4.793051063E1,7.547392845E-1,2.151832581E-1,8.269108832E-2
4.795068901E1,7.174550891E-1,4.862928391E-1,1.695100814E-1
4.797086828E1,2.716422379E-1,8.303729892E-1,1.854890287E-1
4.799104875E1,-1.992042959E-1,5.901560783E-1,4.647212476E-2
4.801123068E1,-6.162550449E-1,-4.474107176E-2,-1.330247968E-1
4.803141422E1,-9.267793894E-1,-4.308991432E-1,-3.050648868E-1
4.805159948E1,-1.137168884E0,-3.760380745E-1,-4.904207587E-1
4.807178646E1,-1.246891141E0,-7.137266546E-2,-6.022734046E-1
4.809197510E1,-1.230379462E0,4.191812575E-1,-5.836313367E-1
4.811216531E1,-1.174985766E0,1.025316238E0,-6.139913201E-1
4.813235693E1,-1.229846835E0,1.611211300E0,-7.359640002E-1
4.815254974E1,-1.842906117E0,1.817872405E0,-9.122651219E-1
4.817274349E1,-1.736912370E0,1.194160581E0,-8.866988420E-1
4.819293792E1,-1.082840443E0,9.970867634E-1,-4.744417965E-1
4.821313271E1,-8.058719635E-1,1.028512001E0,-1.378184855E-1
4.823332708E1,-8.490151167E-1,4.436823130E-1,-4.567318037E-2
4.825351786E1,-7.323687673E-1,-4.420844018E-1,-7.283740491E-2
4.827370552E1,-5.326318145E-1,-7.020087242E-1,-7.348987460E-1
4.829389042E1,-2.545980215E-1,4.740423337E-2,-1.787911892E0
4.831407281E1,-2.130527282E-3,3.893538713E-1,-1.743170738E0
4.833425573E1,-8.042740822E-2,-2.817622423E-1,-7.348987460E-1
4.835443932E1,-2.588590682E-1,-1.033838391E0,-2.150501013E-1
4.837462370E1,-3.057306707E-1,-1.146756291E0,-2.507364154E-1
4.839480896E1,-2.098569423E-1,-9.582046270E-1,-4.962796867E-1
4.841499516E1,-1.299621612E-1,-6.551371217E-1,-4.387554526E-1
4.843518229E1,-7.616634667E-2,-3.643201590E-1,-9.840372950E-2
4.845537036E1,-5.273054913E-2,-1.997369379E-1,2.616553903E-1
4.847555932E1,-6.924213842E-3,-2.386190593E-1,5.253081322E-1
4.849574906E1,1.278316379E-1,-4.617917836E-1,7.298387289E-1
4.851593948E1,2.205095738E-1,-6.918887496E-1,8.576703668E-1
4.853613047E1,1.970737725E-1,-7.392929792E-1,8.693882823E-1
4.855632188E1,2.183790505E-1,-6.647245288E-1,8.161250949E-1
4.857651349E1,5.821665525E-1,-6.609960794E-1,6.920219064E-1
4.859671057E1,8.202530146E-1,-7.728487849E-1,2.499374747E-1
4.861690062E1,2.375537902E-1,-1.108406782E0,-4.579302073E-1
4.863707838E1,-6.444845349E-2,-9.454214573E-1,-6.321008205E-1
4.865725667E1,1.352884769E-1,-3.051980436E-1,-4.211786091E-1
4.867743583E1,4.942823350E-1,3.531349003E-1,-3.998733461E-1
4.869761620E1,1.008272052E0,1.092960477E0,-3.407512009E-1
4.871779802E1,8.319709301E-1,1.634647012E0,-6.791055668E-3
4.873798146E1,1.342232227E-1,2.721748650E-1,2.169143111E-1
4.875816661E1,-3.094590902E-1,-1.409343839E0,4.395544231E-1
4.877835354E1,-1.571263820E-1,-1.546230197E0,7.303713560E-1
4.879854219E1,2.886864543E-1,-1.186703682E0,7.974829674E-1
4.881873245E1,4.479433596E-1,-1.116928935E0,5.791039467E-1
4.883892417E1,4.271707237E-1,-1.236771107E0,3.383543491E-1
4.885911708E1,7.712509036E-1,-1.471129060E0,2.637858987E-1
4.887931094E1,1.127048969E0,-7.813708782E-1,3.010701239E-1
4.889950547E1,5.155876279E-1,3.797664940E-1,1.343563795E-1
4.891970036E1,-1.392299533E0,-1.662343860E0,-1.500823259E0
4.893989479E1,-8.261119723E-1,-7.121287584E-1,-7.625955939E-1
4.896008552E1,2.450106442E-1,5.512739420E-1,-2.954775095E-1
4.898027042E1,1.178714275E0,1.985651374E0,2.889527567E-2
4.900045281E1,1.708682895E0,1.892440915E0,3.825628161E-1
4.902063568E1,1.932920933E0,1.597895520E-3,8.908267319E-2
4.904081917E1,1.954226136E0,-1.836514473E0,2.410159074E-2
4.906100344E1,1.921203017E0,-2.067676783E0,2.302301079E-1
4.908118859E1,7.893603444E-1,-4.314317703E-1,3.010701239E-1
4.910137469E1,-4.282359779E-1,1.016794205E0,2.259690464E-1
4.912156172E1,-6.743118763E-1,1.406680584E0,2.238385230E-1
4.914174969E1,-2.876211703E-1,5.139896870E-1,3.772364855E-1
4.916193854E1,-1.544632297E-2,-5.166528821E-1,4.331628382E-1
4.918212823E1,4.287686050E-1,-6.625939608E-1,4.486091435E-1
4.920231865E1,9.715204239E-1,-2.673811615E-1,3.772364855E-1
4.922250964E1,1.103080511E0,2.822948694E-1,1.237037405E-1
4.924270104E1,8.420909047E-1,8.053393364E-1,-2.117211558E-2
4.926289271E1,1.049284711E-1,1.001347780E0,1.066595241E-1
4.928308990E1,-7.621961236E-1,6.732466221E-1,3.122554123E-1
4.930328021E1,-9.060067534E-1,7.456845790E-2,2.685796022E-1
4.932345838E1,-7.281076908E-1,-1.523326933E-1,3.262370080E-2
4.934363708E1,-5.145223141E-1,1.129179448E-1,-1.585911214E-1
4.936381667E1,-1.129179448E-1,1.107874215E-1,-3.300985694E-1
4.938399740E1,5.752423778E-2,-8.309056610E-2,-6.832334399E-1
4.940417948E1,3.941475600E-2,2.556632757E-1,-8.797746301E-1
4.942436307E1,-1.800295562E-1,1.040229917E0,-6.544713378E-1
4.944454828E1,-8.953540921E-1,1.495630145E0,-4.866923392E-1
4.946473516E1,-2.049567223E0,1.587775469E0,-5.165197253E-1
4.948492364E1,-2.714291811E0,1.733716607E0,-4.994754791E-1
4.950511364E1,-2.367548466E0,1.779522896E0,-4.051996469E-1
4.952530500E1,-1.539838552E0,1.169126868E0,-5.133239031E-1
4.954549750E1,-1.191497326E0,6.732466221E-1,-5.234439373E-1
4.956569094E1,-1.088699460E0,4.729770422E-1,-3.103911877E-1
4.958588505E1,-7.558045387E-1,3.217096329E-1,3.848264739E-2
4.960607953E1,-3.392864764E-1,2.210422009E-1,-1.159805804E-1
4.962627406E1,-2.716422267E-2,1.118526794E-2,-8.851009011E-1
4.964646516E1,9.054741263E-2,2.950780392E-1,-1.514139056E0
4.966665281E1,1.443432271E-1,2.071937770E-1,-1.055543065E0
4.968683771E1,1.747032404E-1,-5.044023395E-1,-3.609912097E-1
4.970702010E1,1.539305896E-1,-1.030642629E0,-8.934898674E-2
4.972720297E1,1.597895473E-1,-1.053545713E0,-1.478053257E-2
4.974738646E1,2.492716908E-1,-8.479498625E-1,1.290300637E-1
4.976757073E1,3.515369892E-1,-8.953540921E-1,3.314301372E-1
4.978775588E1,4.703139067E-1,-1.229314208E0,4.592617750E-1
4.980794198E1,5.992107987E-1,-1.473259568E0,6.281060576E-1
4.982812901E1,6.546044946E-1,-1.572861791E0,8.821714520E-1
4.984831698E1,5.906887054E-1,-1.542501807E0,9.322388172E-1
4.986850583E1,2.886864543E-1,-1.225053191E0,7.996135354E-1
4.988869552E1,1.379516423E-1,-7.408908606E-1,5.482112765E-1
4.990888594E1,3.355580568E-1,-4.367581010E-2,2.201101035E-1
4.992907693E1,-1.406148076E-1,8.330361843E-1,9.920267761E-2
4.994926833E1,-5.597960353E-1,9.470193982E-1,-1.186437383E-1
4.996946000E1,-4.383559823E-1,6.924213842E-3,-2.613890767E-1
4.998965719E1,1.464737505E-1,-7.835013866E-1,4.700475931E-2
5.000984745E1,8.479498625E-1,-8.479498625E-1,2.057290375E-1
5.003002552E1,9.853688478E-1,-4.846949577E-1,2.691122293E-1
5.005020411E1,5.672528744E-1,-6.359623671E-1,1.450090110E-1
5.007038359E1,3.589938581E-1,-1.416800618E0,-2.129195631E-1
5.009056422E1,5.928192139E-1,-1.701225996E0,-4.281028211E-1
5.011074620E1,7.861645818E-1,-1.034903646E0,-3.018690944E-1
5.013092974E1,5.805686712E-1,-6.817687303E-2,-5.099949613E-2
5.015111495E1,2.833601236E-1,1.177116334E-1,9.760478139E-2
5.017130182E1,-2.077264152E-2,-4.633896947E-1,4.374238849E-1
5.019149036E1,-2.380864173E-1,-1.253282666E0,7.149250507E-1
5.021168047E1,-1.944106072E-1,-1.762478709E0,6.126597524E-1
5.023187193E1,2.024000883E-2,-1.649028063E0,3.633880615E-1
5.025206453E1,3.259706795E-1,-1.081242561E0,1.130511016E-1
5.027225807E1,6.881603003E-1,-6.423539519E-1,-9.574057162E-2
5.029245229E1,9.906951785E-1,-4.745749533E-1,-3.093259335E-1
5.031264688E1,1.152615309E0,-3.973433375E-1,-4.030691385E-1
5.033284130E1,8.767119646E-1,-3.036001325E-2,-2.443448454E-1
5.035303219E1,6.870950758E-2,2.396843135E-1,4.540686309E-2
5.037321708E1,-2.157158852E-1,-2.103895694E-1,1.609879732E-1
5.039339948E1,-1.214400530E-1,-7.153245211E-1,3.213101327E-1
5.041358234E1,-5.113265663E-2,-9.688572884E-1,4.017375410E-1
5.043376583E1,7.616634667E-2,-1.092427850E0,3.516701460E-1
5.045395010E1,2.711096108E-1,-1.127581596E0,2.520680130E-1
5.047413526E1,4.404865205E-1,-9.677920341E-1,1.412805915E-1
5.049432135E1,5.747097135E-1,-6.482129097E-1,3.688475490E-2
5.051450839E1,6.588655710E-1,-3.318296373E-1,1.331579551E-4
5.053469635E1,6.583329439E-1,-2.103895694E-1,4.114580899E-2
5.055488521E1,4.846949577E-1,-3.376885653E-1,1.849564016E-1
5.057507484E1,1.336905807E-1,-6.119939685E-1,3.873564899E-1
5.059526516E1,-2.322274745E-1,-8.713856339E-1,4.704470634E-1
5.061545604E1,-5.134570599E-1,-1.039697289E0,3.452785909E-1
5.063564734E1,-7.350319028E-1,-1.122787833E0,1.141163707E-1
5.065583891E1,-9.108003974E-1,-1.088699460E0,-1.495363861E-1
5.067603599E1,-9.528783560E-1,-7.787077427E-1,-4.573975801E-1
5.069622641E1,-8.138614297E-1,-2.210422009E-1,-8.084019423E-1
5.071640490E1,-4.452801943E-1,4.442149401E-1,-1.116795778E0
5.073658385E1,1.012000442E-1,9.368993640E-1,-1.158873677E0
5.075676359E1,-6.924213842E-3,8.745814562E-1,-8.089345694E-1
5.077694443E1,-1.317731142E0,3.920170069E-1,-3.556649089E-1
5.079712661E1,-1.865809321E0,3.920170069E-1,-2.869553864E-1
5.081731031E1,-1.632516503E0,9.353014827E-1,-2.709764242E-1
5.083749562E1,-1.312404752E0,1.006674170E0,-2.129195631E-1
5.085768260E1,-1.242097378E0,2.822948694E-1,-2.416816950E-1
5.087787120E1,-1.107874155E0,-6.013413072E-1,-3.482080400E-1
5.089806130E1,-5.864276290E-1,-7.115961313E-1,-4.403533638E-1
5.091825276E1,-1.102547869E-1,2.077264041E-1,-6.294376254E-1
5.093844536E1,-0.000000000E0,8.479498625E-1,-8.504798412E-1
5.095863885E1,8.628635854E-2,4.825644195E-1,-8.222503662E-1
5.097883292E1,7.510108501E-2,-5.166528746E-2,-5.958818197E-1
5.099902729E1,-4.261054564E-3,-3.499391079E-1,-4.882902205E-1
5.101922099E1,4.633896798E-2,-4.500738978E-1,-3.806985915E-1
5.103941125E1,1.422126889E-1,-3.344927728E-1,-1.399490088E-1
5.105959614E1,1.432779580E-1,-2.982738316E-1,4.221107066E-2
5.107977854E1,8.149266988E-2,-2.114548385E-1,9.174583107E-2
5.109996141E1,6.072002649E-2,1.336905807E-1,1.599227041E-1
5.112014490E1,5.379581451E-2,3.840275407E-1,2.201101035E-1
5.114032917E1,-1.384842768E-2,3.595264852E-1,2.984069884E-1
5.116051432E1,-4.793686420E-2,2.487390637E-1,4.262386262E-1
5.118070042E1,-5.326318368E-2,2.412822098E-1,4.667186439E-1
5.120088745E1,-7.510108501E-2,2.348906398E-1,3.538006842E-1
5.122107542E1,-1.539305896E-1,1.933453530E-1,1.833585054E-1
5.124126427E1,-3.067959249E-1,4.697812796E-1,1.514005959E-1
5.126145391E1,-3.355580568E-1,1.159006834E0,2.781669796E-1
5.128164422E1,-5.699160323E-2,1.778457642E0,3.170490861E-1
5.130183510E1,2.657832801E-1,1.785381913E0,2.584595978E-1
5.132202641E1,3.882885873E-1,1.331046939E0,2.057290375E-1
5.134221797E1,3.227748871E-1,7.307708859E-1,2.062616795E-1
5.136241505E1,2.892190814E-1,5.289034247E-1,2.861564457E-1
5.138260542E1,3.861580789E-1,5.507413149E-1,3.601922691E-1
5.140278380E1,4.724444151E-1,7.925561666E-1,4.619249403E-1
5.142296266E1,4.287686050E-1,1.269794226E0,4.033354521E-1
5.144314234E1,3.249054253E-1,1.678322911E0,3.772364855E-1
5.146332318E1,1.757684946E-1,1.812546134E0,4.874912798E-1
5.148350536E1,1.166463718E-1,1.611743927E0,5.609944463E-1
5.150368906E1,1.933453530E-1,1.132375240E0,6.089313030E-1
5.152387438E1,2.146506310E-1,5.997434258E-1,5.332975984E-1
5.154406135E1,1.842906028E-1,5.400886536E-1,4.587291479E-1
5.156424995E1,1.182442605E-1,1.123320460E0,4.486091435E-1
5.158444005E1,-1.166463718E-1,1.731586099E0,3.436806798E-1
5.160463151E1,-2.982738316E-1,1.878059745E0,2.318280041E-1
5.162482411E1,-1.459411234E-1,1.769935489E0,2.669816911E-1
5.164501760E1,1.954758763E-1,1.510011196E0,3.069290817E-1
5.166521167E1,4.351601899E-1,1.241564751E0,2.478069514E-1
5.168540604E1,5.938844681E-1,1.119592071E0,1.689774394E-1
5.170559979E1,7.446193099E-1,1.316665888E0,1.178447902E-1
5.172579010E1,7.552719116E-1,1.975531459E0,1.311605871E-1
5.174597500E1,3.536675274E-1,2.773946524E0,2.392848432E-1
5.176615740E1,-4.037349224E-1,2.753173828E0,4.278365076E-1
5.178634026E1,-8.990825415E-1,1.816807151E0,5.588639379E-1
5.180652375E1,-9.225183129E-1,8.383625150E-1,6.217144728E-1
5.182670802E1,-6.727139950E-1,1.640505940E-1,4.880239069E-1
5.184689318E1,-2.593916953E-1,-1.203747913E-1,2.648511827E-1
5.186707927E1,5.113265663E-2,-1.699095517E-1,9.440898895E-2
5.188726630E1,1.171789970E-2,-2.583264410E-1,-6.697845459E-2
5.190745427E1,-3.787012100E-1,-5.336970687E-1,-3.817638457E-1
5.192764312E1,-5.081307292E-1,-3.153180480E-1,-5.490102768E-1
5.194783276E1,-1.310274303E-1,4.985433817E-1,-4.131891429E-1
5.196802307E1,4.452801943E-1,1.018392086E0,-1.985385120E-1
5.198821396E1,8.687224984E-1,5.869602561E-1,-1.133174226E-1
5.200840526E1,7.920235395E-1,-3.728422802E-3,-9.787109494E-2
5.202859682E1,-3.312969804E-1,8.053393364E-1,1.764342934E-1
5.204879391E1,-9.480846524E-1,1.171790004E0,5.828323960E-1
5.206898422E1,-6.780403256E-1,7.275750637E-1,6.850976944E-1
5.208916250E1,3.728422802E-3,3.595264852E-1,5.860281587E-1
5.210934130E1,2.572611570E-1,5.848297477E-1,3.980091214E-1
5.212952099E1,-3.994738683E-2,1.163267851E0,3.340933025E-1
5.214970182E1,-2.764359117E-1,1.186703682E0,3.878891170E-1
5.216988401E1,-3.302317262E-1,6.599308252E-1,3.724428117E-1
5.219006771E1,-2.881538272E-1,3.515369892E-1,3.804322779E-1
5.221025302E1,-1.683116555E-1,4.900212884E-1,4.145207107E-1
5.223044000E1,-7.456845790E-2,7.637940049E-1,3.756386042E-1
5.225062859E1,-1.491369121E-2,1.103080511E0,3.175817132E-1
5.227081870E1,1.363537461E-1,1.486042738E0,1.428784877E-1
5.229101016E1,1.773663908E-1,1.875396609E0,-5.153212696E-2
5.231120276E1,-3.195791040E-3,2.087383986E0,-5.099949613E-2
5.233139625E1,-5.379581451E-1,2.318013668E0,1.151816323E-1
5.235159031E1,-1.120124698E0,2.189116716E0,4.182491302E-1
5.237178469E1,-1.088166833E0,1.831720829E0,6.920219064E-1
5.239197844E1,-6.508761048E-1,1.394962788E0,6.526071429E-1
5.241216875E1,-3.110569715E-1,8.687224984E-1,2.866890728E-1
5.243235365E1,-2.183790505E-2,3.584612012E-1,8.655266836E-3
5.245253604E1,1.731053442E-1,1.597895520E-3,-7.922898233E-2
5.247271891E1,3.350254297E-1,-3.563306928E-1,-1.181111038E-1
5.249290240E1,6.476802826E-1,-9.310404062E-1,-1.724395454E-1
5.251308667E1,8.926909566E-1,-1.322524786E0,-1.553953290E-1
5.253327182E1,8.703203797E-1,-1.624527097E0,-7.763108611E-2
5.255345792E1,6.865624189E-1,-1.978194594E0,-2.916159295E-2
5.257364495E1,5.603286624E-1,-2.152365208E0,-5.725792143E-3
5.259383292E1,4.964128435E-1,-1.889777660E0,5.925529078E-2
5.261402177E1,3.946801722E-1,-1.541436434E0,1.556616426E-1
5.263421141E1,1.571263820E-1,-1.121722579E0,3.245059252E-1
5.265440172E1,-7.456845790E-2,-4.649875760E-1,4.459459782E-1
5.267459260E1,-1.448758543E-1,-1.581916511E-1,4.667186439E-1
5.269478391E1,-3.382211924E-1,-2.466085255E-1,6.589987278E-1
5.271497547E1,-5.507413149E-1,-6.732466221E-1,8.800409436E-1
5.273517255E1,-3.185138404E-1,-1.508413315E0,7.921566963E-1
5.275536276E1,-1.118526831E-1,-2.405365229E0,2.936132848E-1
5.277554083E1,-1.539305896E-1,-2.845851898E0,-1.378184855E-1
5.279571943E1,-1.155811027E-1,-2.677007437E0,-4.094607234E-1
5.281589891E1,-1.438105945E-2,-2.199236870E0,-6.603302956E-1
5.283607953E1,1.017326787E-1,-1.613341808E0,-7.535408735E-1
5.285626151E1,2.780338228E-1,-1.162735224E0,-6.933534741E-1
5.287644505E1,5.853623748E-1,-1.111602664E0,-6.858966351E-1
5.289663026E1,1.064731002E0,-1.629320741E0,-8.808398843E-1
5.291681714E1,1.603221774E0,-2.251434803E0,-9.271788597E-1
5.293700563E1,1.236771107E0,-2.098036766E0,-4.371575713E-1
5.295719563E1,-1.390169114E-1,-1.435442805E0,2.579269707E-1
5.297738698E1,-7.254445553E-1,-7.973498106E-1,2.653838098E-1
5.299757948E1,-5.001412630E-1,-6.391581893E-1,1.300953180E-1
5.301777292E1,-1.864211410E-1,-1.373657465E0,1.311605871E-1
5.303796703E1,-6.711161137E-2,-2.141179800E0,1.119858399E-1
5.305816151E1,9.640636295E-2,-2.100167274E0,1.151816323E-1
5.307835599E1,2.790990770E-1,-1.425322771E0,3.155843541E-2
5.309854698E1,2.455432713E-1,-8.293077350E-1,-1.276984811E-1
5.311873188E1,6.391582079E-3,-7.499455810E-1,-2.571280003E-1
5.313891427E1,-1.645832360E-1,-9.534109831E-1,-2.768353820E-1
5.315909714E1,-1.533979625E-1,-1.123320460E0,-2.528669536E-1
5.317928063E1,-7.297056168E-2,-1.148354173E0,-2.145174593E-1
5.319946490E1,-7.989477366E-3,-1.061002612E0,-1.223721579E-1
5.321965005E1,-5.060002208E-2,-1.031707883E0,-9.520793706E-2
5.323983615E1,-3.046653867E-1,-1.176051021E0,-2.001364082E-1
5.326002318E1,-5.214465261E-1,-1.209074259E0,-2.794985473E-1
5.328021114E1,-3.755054474E-1,-9.635309577E-1,-1.069258377E-1
5.330040000E1,4.740423337E-2,-9.416930676E-1,7.683213800E-2
5.332058964E1,3.270359337E-1,-1.241564751E0,1.119858399E-1
5.334077995E1,1.826927215E-1,-1.333710074E0,1.061268896E-1
5.336097083E1,-4.000065029E-1,-1.100950003E0,5.925529078E-2
5.338116214E1,-1.020522594E0,-7.893603444E-1,1.731053460E-3
5.340135370E1,-1.290566921E0,-9.512804151E-1,-7.763108611E-2
5.342155078E1,-1.163267851E0,-1.623461843E0,-2.091911435E-1
5.344174088E1,-8.197203875E-1,-2.094841003E0,-3.641870022E-1
5.346191875E1,-7.238466144E-1,-1.952095628E0,-5.862944722E-1
5.348209714E1,-1.286305904E0,-1.138766885E0,-8.414251208E-1
5.350227641E1,-1.483379602E0,-1.065263674E-1,-8.329030275E-1
5.352245688E1,-9.784446359E-1,4.229096770E-1,-6.502103209E-1
5.354263880E1,-4.655202031E-1,2.450106442E-1,-5.862944722E-1
5.356282234E1,-3.286338449E-1,-3.648527861E-1,-6.491450071E-1
5.358300755E1,-1.027979404E-1,-1.463139653E0,-6.555365920E-1
5.360319443E1,2.034653574E-1,-2.510826349E0,-8.350335360E-1
5.362338297E1,2.045306265E-1,-2.365417957E0,-1.285640001E0
5.364357307E1,2.604569495E-1,-1.837047100E0,-1.423591733E0
5.366376458E1,3.137201369E-1,-1.430116415E0,-1.150884151E0
5.368395729E1,1.757684946E-1,-1.316665888E0,-8.994820118E-1
5.370415094E1,-1.864211448E-2,-1.496162772E0,-7.348987460E-1
5.372434526E1,-6.817687303E-2,-1.734249234E0,-6.283723712E-1
5.374453995E1,-1.278316416E-2,-1.755021811E0,-5.154544711E-1
5.376473422E1,7.776424289E-2,-1.584579706E0,-3.402185738E-1
5.378492484E1,1.416800618E-1,-1.418931127E0,-9.414267540E-2
5.380510964E1,1.549958587E-1,-1.375787973E0,1.844237745E-1
5.382529193E1,1.059937328E-1,-1.459411144E0,4.528702199E-1
5.384547474E1,-3.142527863E-2,-1.587242842E0,7.058703303E-1
5.386565823E1,-2.316948473E-1,-1.604819655E0,9.668599367E-1
5.388584250E1,-4.356928170E-1,-1.544099689E0,1.063266277E0
5.390602766E1,-1.001347825E-1,-1.923333526E0,6.558029056E-1
5.392621375E1,4.287686050E-1,-1.789110303E0,2.328932583E-1
5.394640078E1,4.527370632E-2,-5.672528744E-1,2.659164369E-1
5.396658875E1,-3.153180480E-1,3.760380745E-1,2.190448344E-1
5.398677760E1,-1.012000442E-1,5.949497223E-1,-1.990711391E-1
5.400696724E1,-1.619200706E-1,8.149266988E-2,-6.768419147E-1
5.402715755E1,-4.048001766E-2,8.351666927E-1,-3.141196072E-1
5.404734844E1,3.765707016E-1,9.470193982E-1,-1.623195410E-1
5.406753974E1,6.615287066E-1,-4.788360000E-1,-1.478053257E-2
5.408773130E1,3.776359558E-1,-2.038382053E0,1.231711060E-1
5.410792838E1,-9.906952083E-2,-2.840525389E0,1.748363972E-1
5.412811854E1,-3.653854430E-1,-2.930007696E0,1.796300858E-1
5.414829651E1,-4.207791388E-2,-2.513489485E0,5.020054802E-2
5.416847500E1,1.097221494E0,-1.843971372E0,-3.748396337E-1
5.418865438E1,1.756087065E0,-8.841688186E-2,-7.503450513E-1
5.420883490E1,4.431496859E-1,2.311622143E0,-3.966775537E-1
5.422901677E1,-2.631201148E-1,1.397625923E0,-2.672480047E-1
5.424920021E1,-1.901495606E-1,-8.777772188E-1,-9.254477918E-2
5.426938531E1,-2.402169555E-1,-1.759282947E0,8.535424620E-2
5.428957208E1,1.059937328E-1,-1.400821686E0,1.253016293E-1
5.430976052E1,7.952193022E-1,-9.390298724E-1,-1.181111038E-1
5.432995052E1,1.204813123E0,-6.279729009E-1,-3.721764982E-1
5.435014193E1,1.059937358E0,-9.800425172E-2,-3.444796205E-1
5.437033453E1,5.555350184E-1,-6.178529188E-2,-1.782985032E-1
5.439052807E1,3.211769760E-1,-8.868319988E-1,-7.390266657E-2
5.441072229E1,3.605917394E-1,-1.657017589E0,-2.703106403E-2
5.443091688E1,5.129244328E-1,-1.514804840E0,-4.727107286E-2
5.445111141E1,8.602004051E-1,-6.348971128E-1,-1.404816359E-1
5.447130234E1,1.261272192E0,1.619200706E-1,-1.948100924E-1
5.449148714E1,1.518000722E0,3.392864764E-1,-1.143826842E-1
5.451166943E1,1.661278605E0,-2.141179889E-1,5.872265995E-2
5.453185224E1,1.755021811E0,-8.815056682E-1,2.169143111E-1
5.455203573E1,1.619733334E0,-7.643266916E-1,3.287670016E-1
5.457222000E1,7.424887419E-1,2.226400971E-1,4.251733422E-1
5.459240516E1,-6.908234954E-1,9.587372541E-1,4.097270370E-1
5.461259125E1,-1.288436413E0,9.635309577E-1,3.426154256E-1
5.463277828E1,-8.809730411E-1,4.117243886E-1,3.777691126E-1
5.465296625E1,-4.554001987E-1,-3.781685978E-2,2.994722426E-1
5.467315510E1,1.374190152E-1,-3.888212144E-2,2.462090552E-1
5.469334474E1,6.332992315E-1,-1.267663687E-1,1.748363972E-1
5.471353505E1,8.570045829E-1,-6.498108059E-2,1.034637317E-1
5.473372594E1,7.595329881E-1,6.492781639E-1,7.523424178E-2
5.475391724E1,1.416800618E-1,1.511609077E0,1.295626909E-1
5.477410880E1,-8.175898194E-1,1.398691177E0,1.759016514E-1
5.479430588E1,-1.296958447E0,1.549958587E-1,-3.448791057E-2
5.481449594E1,-1.513739586E0,-1.005608916E0,-3.386206925E-1
5.483467370E1,-2.020805120E0,-1.495630145E0,-6.539387107E-1
5.485485198E1,-2.182192564E0,-1.684181809E0,-1.039031506E0
5.487503114E1,-1.963280916E0,-1.219194293E0,-1.296292663E0
5.489521151E1,-1.496162772E0,2.625874877E-1,-1.178581119E0
5.491539333E1,-9.752488732E-1,2.611493826E0,-7.940208912E-1
5.493557677E1,-1.441301703E0,4.311654568E0,-6.976145506E-1
5.495576193E1,-1.095623612E0,2.836264372E0,-1.357012749E0
5.497594880E1,-5.230444670E-1,1.294827938E0,-1.148221016E0
5.499613734E1,-6.791055799E-1,6.950845122E-1,-7.721830010E-1
5.501632745E1,-9.310404062E-1,-1.230379492E-1,-8.249135613E-1
5.503651896E1,-8.287751079E-1,-8.554067016E-1,-1.695233941E0
5.505671167E1,-4.900212884E-1,-5.177181363E-1,-2.654503822E0
5.507690531E1,-1.826927215E-1,-5.954823494E-1,-1.848631859E0
5.509709964E1,-3.110569715E-1,-9.278446436E-1,-5.495429039E-1
5.511729432E1,-5.821665525E-1,-6.434192657E-1,-4.940159991E-2
5.513748865E1,-6.865624189E-1,-5.012065172E-1,-1.042626798E-1
5.515767938E1,-5.853623748E-1,-8.175898194E-1,-2.779006660E-1
5.517786693E1,-4.234423041E-1,-8.367645741E-1,-1.985385120E-1
5.519805172E1,-2.572611570E-1,-5.651223660E-1,1.961416751E-1
5.521823401E1,-4.207791388E-2,-2.444780022E-1,6.877608299E-1
5.523841682E1,2.316948473E-1,5.858949851E-3,1.140497923E0
5.525860031E1,4.932170510E-1,6.657897681E-2,1.456348538E0
5.527878458E1,5.885581374E-1,-8.841688186E-2,1.490969658E0
5.529896974E1,4.655202031E-1,-4.202465117E-1,1.217196822E0
5.531915583E1,4.426170290E-1,-9.997498989E-1,5.476786494E-1
5.533934286E1,6.242445111E-1,-1.406147957E0,-3.641870022E-1
5.535953083E1,3.792338669E-1,-1.447693229E0,-7.849661708E-1
5.537971969E1,1.741705984E-1,-1.188301563E0,-5.617933869E-1
5.539990932E1,4.372907281E-1,-3.813643754E-1,-1.623195410E-1
5.542009964E1,7.739140391E-1,9.353014827E-1,2.185122073E-1
5.544029052E1,1.294295311E0,1.600026011E0,4.214449227E-1
5.546048182E1,1.152082682E0,1.679388165E0,3.506048918E-1
5.548067333E1,1.139832065E-1,4.410191476E-1,1.556616426E-1
5.550087031E1,-7.302381992E-1,-1.383777499E0,4.672512710E-1
5.552106031E1,-7.254445553E-1,-1.642103910E0,9.104009271E-1
5.554123807E1,-4.442149401E-1,-9.065393806E-1,1.079777837E0
5.556141635E1,-3.813643754E-1,-5.139896870E-1,8.060051203E-1
5.558159552E1,5.166528746E-2,-8.458193541E-1,4.523375630E-1
5.560177588E1,1.008272052E0,-1.467933297E0,2.968090773E-1
5.562195771E1,1.714009166E0,-1.650093436E0,1.226384789E-1
5.564214115E1,2.066611528E0,-1.221857429E0,4.167843983E-2
5.566232630E1,1.441301703E0,5.113265514E-1,1.984053478E-2
5.568251318E1,4.820317924E-1,8.681898713E-1,-1.340900660E-1
5.570270172E1,4.303665161E-1,-3.307643533E-1,-6.005423889E-2
5.572289182E1,4.101265073E-1,-1.017859459E0,1.492700726E-1
5.574308333E1,3.275685608E-1,-5.581981540E-1,1.918806136E-1
5.576327604E1,3.557980657E-1,-2.130527236E-2,1.199753210E-1
5.578346969E1,3.371559381E-1,1.049284711E-1,2.942790836E-2
5.580366401E1,2.657832801E-1,-2.247706354E-1,-1.287637353E-1
5.582385870E1,3.424822688E-1,-6.029392481E-1,-2.022669315E-1
5.584405292E1,5.091960430E-1,-6.759097576E-1,-1.676458716E-1
5.586424354E1,7.126613855E-1,-4.005391300E-1,-3.395527974E-2
5.588443109E1,8.245140314E-1,-9.427583218E-2,1.210405827E-1
5.590461589E1,7.222487330E-1,3.302317113E-2,2.664490640E-1
5.592479818E1,4.756402075E-1,-0.000000000E0,3.862912357E-1
5.594498094E1,2.375537902E-1,-1.656484902E-1,4.358259737E-1
5.596516432E1,9.906952083E-2,-2.769685388E-1,4.320975542E-1
5.598534849E1,-4.101264849E-2,-1.299621612E-1,4.704470634E-1
5.600553354E1,-5.805686861E-2,7.616634667E-2,4.890891612E-1
5.602571953E1,1.278316379E-1,5.166528746E-2,3.697796464E-1
5.604590646E1,2.492716908E-1,-1.054610983E-1,2.515353858E-1
5.606609432E1,1.597895473E-1,-3.717769980E-1,7.470161468E-2
5.608628312E1,1.864211448E-2,-6.546044946E-1,-3.205111921E-1
5.610647276E1,-5.129244328E-1,-5.992107987E-1,-7.657914162E-1
5.612666307E1,-1.028512001E0,-3.685812056E-1,-1.089098930E0
5.614685396E1,-1.311339498E0,-1.464737505E-1,-1.106675744E0
5.616704526E1,-1.461541772E0,3.275685608E-1,-9.138630629E-1
5.618723682E1,-1.498293281E0,1.539305925E0,-6.102629304E-1
5.620743391E1,-1.988847256E0,3.163832903E0,1.930790395E-2
5.622762411E1,-1.990977764E0,2.792056084E0,4.926844500E-3
5.624780219E1,-1.357145905E0,1.750760794E0,-6.155892015E-1
5.626798078E1,-1.176051021E0,1.440236449E0,-6.395576596E-1
5.628816026E1,-1.176051021E0,6.631265879E-1,-4.275701940E-1
5.630834089E1,-8.383625150E-1,-5.102612972E-1,-4.882902205E-1
5.632852286E1,-4.005391300E-1,-4.090612531E-1,-1.457680106E0
5.634870635E1,1.491369121E-2,4.958802164E-1,-2.211886883E0
5.636889146E1,8.735162020E-2,5.305013061E-1,-1.530118108E0
5.638907823E1,-1.486042738E-1,-5.102612972E-1,-5.250418186E-1
5.640926661E1,-3.382211924E-1,-1.219726920E0,1.930790395E-2
5.642945651E1,-3.771033287E-1,-1.206943750E0,1.087900475E-1
5.644964776E1,-2.769685388E-1,-1.177648902E0,-2.022669315E-1
5.646984016E1,-1.065263674E-1,-1.071655273E0,-3.982754350E-1
5.649003349E1,6.870950758E-2,-6.157223582E-1,-1.857553422E-1
5.651022750E1,2.279664129E-1,-2.061285079E-1,2.270343155E-1
5.653042188E1,3.179811835E-1,-1.368863732E-1,5.881586671E-1
5.655061365E1,3.909517527E-1,-4.372907281E-1,8.518114686E-1
5.657080276E1,5.044023395E-1,-8.516782522E-1,1.045156837E0
5.659099734E1,4.511391521E-1,-9.230509400E-1,9.743167758E-1
5.661118677E1,2.663159072E-1,-8.090677261E-1,5.695165992E-1
5.663136578E1,2.838927507E-1,-9.688572884E-1,3.315633163E-2
5.665154526E1,5.486107469E-1,-1.204813123E0,-3.668501675E-1
5.667172552E1,3.818970025E-1,-1.015728831E0,-4.025365114E-1
5.669190682E1,3.105243444E-1,-8.069372177E-1,-3.977428079E-1
5.671208938E1,6.402234435E-1,-7.563371658E-1,-3.109238148E-1
5.673227333E1,8.948214650E-1,-6.556697488E-1,8.109319210E-2
5.675245875E1,8.926909566E-1,5.896234512E-1,5.162534118E-1
5.677264562E1,3.398191035E-1,1.041295171E0,2.126532495E-1
5.679283396E1,-1.789642870E-1,-4.468781054E-1,3.741738573E-2
5.681302370E1,-4.745749533E-1,-1.429051161E0,4.448807240E-1
5.683321469E1,-7.824361324E-1,-1.835981846E0,7.665903568E-1
5.685340672E1,-1.026381493E0,-2.347308397E0,8.992156982E-1
5.687359958E1,-9.033435583E-1,-2.958769798E0,7.953524590E-1
5.689379302E1,-3.675159439E-2,-3.039729834E0,5.737776160E-1
5.691398677E1,1.231444716E0,-2.337721109E0,9.653951973E-2
5.693418026E1,2.053828239E0,-1.478585958E0,-6.715155840E-1
5.695437057E1,2.439986467E0,-8.080024719E-1,-1.074185252E0
5.697455536E1,2.512424231E0,4.378233552E-1,-9.372988343E-1
5.699473766E1,1.524392247E0,1.323590040E0,-3.759049177E-1
5.701492047E1,2.817622423E-1,6.737792492E-1,-3.994738800E-4
5.703510396E1,-6.924213842E-3,-4.175833464E-1,1.998700947E-1
5.705528823E1,2.269011587E-1,-1.080177307E0,3.458112180E-1
5.707547338E1,1.177116334E-1,-8.948214650E-1,2.914827764E-1
5.709565948E1,-1.043958366E-1,-3.249054253E-1,2.909501195E-1
5.711584651E1,-1.336905807E-1,5.432844535E-2,2.680469751E-1
5.713603448E1,2.125200927E-1,1.027979404E-1,2.270343155E-1
5.715622333E1,6.466150284E-1,-1.533979625E-1,2.004027218E-1
5.717641297E1,8.655267358E-1,-4.090612531E-1,1.338237375E-1
5.719660328E1,9.171919823E-1,-4.090612531E-1,1.087900475E-1
5.721679417E1,7.664572001E-1,-1.576590240E-1,1.199753210E-1
5.723698547E1,3.749727905E-1,7.510108501E-2,1.849564016E-1
5.725717698E1,-6.551371515E-2,8.735162020E-2,3.729754388E-1
5.727737396E1,-2.673811615E-1,-1.075916290E-1,5.727123618E-1
5.729756391E1,-2.982738242E-2,-4.021370113E-1,4.874912798E-1
5.731774156E1,3.653854430E-1,-3.371559381E-1,3.394196332E-1
5.733791974E1,4.623244107E-1,-5.432844535E-2,2.989396155E-1
5.735809880E1,2.748380303E-1,-6.924213469E-2,2.749711871E-1
5.737827906E1,1.065263618E-2,-4.569981098E-1,7.736477256E-2
5.739846078E1,-3.051980436E-1,-7.893603444E-1,-1.916143000E-1
5.741864411E1,-6.151897311E-1,-8.580698371E-1,-4.989428520E-1
5.743882917E1,-9.502151608E-1,-6.844319105E-1,-6.507429481E-1
5.745901599E1,-1.241564751E0,-4.490086138E-1,-6.065344810E-1
5.747920453E1,-1.438638568E0,-2.178464085E-1,-6.310355663E-1
5.749939469E1,-1.480716467E0,2.636527419E-1,-7.269092798E-1
5.751958630E1,-1.309208989E0,8.868319988E-1,-7.657914162E-1
5.753977911E1,-1.530783892E0,1.197356343E0,-7.817703485E-1
5.755997286E1,-1.656484962E0,7.632613778E-1,-8.249135613E-1
5.758016729E1,-1.204813123E0,2.050632536E-1,-5.703155398E-1
5.760036208E1,-8.884298801E-1,-3.462106884E-1,-2.858901322E-1
5.762055651E1,-7.877624631E-1,-6.844319105E-1,-1.575258672E-1
5.764074724E1,-6.444845200E-1,-6.348971128E-1,-1.884185076E-1
5.766093203E1,-3.909517527E-1,-8.548740745E-1,-7.130608559E-1
5.768111432E1,-2.418148518E-1,-9.645962119E-1,-1.723463416E0
5.770129714E1,-1.358211190E-1,-8.772445917E-1,-1.720800281E0
5.772148063E1,-9.054741263E-2,-1.118526816E0,-7.482145429E-1
5.774166490E1,-1.763011366E-1,-1.413072228E0,-3.247722387E-1
5.776185005E1,-2.231727391E-1,-1.490836501E0,-4.041343927E-1
5.778203615E1,-9.693899006E-2,-1.390701652E0,-4.888228476E-1
5.780222318E1,1.246358454E-1,-1.190432072E0,-2.874880135E-1
5.782241115E1,2.844253778E-1,-9.965541363E-1,2.197106183E-2
5.784260000E1,3.573959470E-1,-1.069524646E0,3.500722647E-1
5.786278964E1,3.371559381E-1,-1.113200545E0,6.020070910E-1
5.788297995E1,2.540653646E-1,-9.731183648E-1,6.904240251E-1
5.790317083E1,1.049284711E-1,-8.639287949E-1,6.371608377E-1
5.792336214E1,-2.343579940E-2,-9.491499066E-1,5.386239290E-1
5.794355364E1,5.219791830E-2,-1.125983715E0,4.842954874E-1
5.796375062E1,2.540653646E-1,-1.055676222E0,3.639206886E-1
5.798394062E1,3.669833243E-1,-7.201182246E-1,1.253016293E-1
5.800411839E1,3.131875098E-1,-4.644549489E-1,-1.106542572E-1
5.802429667E1,2.705769539E-1,-2.620548606E-1,-2.043974549E-1
5.804447583E1,4.138549268E-1,9.800425172E-2,-2.608564198E-1
5.806465620E1,6.130592227E-1,5.954823494E-1,-4.771049619E-1
5.808483802E1,7.201182246E-1,7.419561148E-1,-6.965492368E-1
5.810502146E1,4.575307369E-1,3.323622644E-1,-5.266396999E-1
5.812520661E1,9.853688627E-2,-7.723161578E-2,-5.526055023E-2
5.814539354E1,4.527370632E-2,-2.290316820E-1,3.005374968E-1
5.816558219E1,2.306295782E-1,-3.952127993E-1,3.463438451E-1
5.818577240E1,2.210422009E-1,-4.117243886E-1,3.953459561E-1
5.820596396E1,2.343579940E-2,-7.297055721E-1,4.091944098E-1
5.822615667E1,-2.652506530E-1,-1.410409093E0,4.038680792E-1
5.824635031E1,-1.027979404E-1,-2.224803209E0,4.214449227E-1
5.826654464E1,5.512739420E-1,-2.737727642E0,2.510027587E-1
5.828673932E1,1.154745817E0,-2.418681145E0,-6.325002760E-2
5.830693354E1,1.523859620E0,-1.117461562E0,-2.661827505E-1
5.832712417E1,1.440769076E0,5.470128655E-1,-3.652522564E-1
5.834730906E1,8.862993717E-1,1.295893192E0,-4.030691385E-1
5.836749146E1,3.760380745E-1,8.772445917E-1,-2.928143442E-1
5.838767432E1,4.639223218E-1,-1.022653133E-1,-5.419528857E-2
5.840785781E1,5.193160176E-1,-9.076046348E-1,2.090579830E-2
5.842804208E1,3.744401634E-1,-7.819035053E-1,3.315633163E-2
5.844822724E1,2.034653574E-1,-2.098569423E-1,1.291632187E-2
5.846841333E1,-1.864211448E-2,2.024000883E-2,-6.591318548E-2
5.848860036E1,-9.001477808E-2,-1.502021700E-1,-1.117195264E-1
5.850878833E1,3.515370190E-2,-4.777707458E-1,-1.026647836E-1
5.852897719E1,2.380864173E-1,-5.811012983E-1,-1.159805804E-1
5.854916682E1,4.394212663E-1,-2.988064587E-1,-1.122521535E-1
5.856935714E1,6.151897311E-1,6.977476925E-2,-6.644582003E-2
5.858954802E1,6.700508595E-1,1.896169335E-1,-1.105211023E-2
5.860973932E1,5.896234512E-1,7.243792713E-2,1.002679393E-1
5.862993083E1,4.314317703E-1,-7.456845790E-2,2.488722205E-1
5.865012781E1,2.311622053E-1,-5.432844535E-2,3.767038584E-1
5.867031776E1,5.965476483E-2,2.125200927E-1,4.661859870E-1
5.869049542E1,-4.793686420E-2,4.346275628E-1,4.709796906E-1
5.871067359E1,-2.663159044E-3,4.261054695E-1,4.075964987E-1
5.873085266E1,1.688442826E-1,3.286338449E-1,3.154512048E-1
5.875103292E1,3.201117218E-1,3.435475230E-1,2.344911546E-1
5.877121464E1,3.584612012E-1,4.697812796E-1,2.158490419E-1
5.879139797E1,2.423474789E-1,5.922865868E-1,2.408827394E-1
5.881158302E1,-7.030740380E-2,5.065328479E-1,2.233058959E-1
5.883176984E1,-2.588590682E-1,6.870950758E-2,6.351634115E-2
5.885195838E1,-5.129244328E-1,-4.287686050E-1,-1.490037590E-1
5.887214854E1,-9.443562031E-1,-6.508761048E-1,-3.881554306E-1
5.889234016E1,-1.218128920E0,-7.483476996E-1,-7.333008647E-1
5.891253302E1,-1.350221634E0,-7.946866751E-1,-9.793767333E-1
5.893272688E1,-1.394962788E0,-5.028044581E-1,-9.452883005E-1
5.895292141E1,-1.330514312E0,3.036001325E-1,-8.467514515E-1
5.897311630E1,-1.446627975E0,1.544632316E0,-7.119956017E-1
5.899331068E1,-2.039447308E0,2.353699923E0,-5.575323701E-1
5.901350130E1,-1.603754401E0,1.592569113E0,-6.736460924E-1
5.903368609E1,-9.544762373E-1,7.840340137E-1,-4.850944281E-1
5.905386838E1,-8.548740745E-1,1.960085034E-1,-3.407512009E-1
5.907405120E1,-7.723161578E-1,-6.487455368E-1,-4.504733682E-1
5.909423469E1,-5.901560783E-1,-1.132375240E0,-9.154609442E-1
5.911441896E1,-3.179811835E-1,-7.984151244E-1,-1.662743330E0
5.913460411E1,-5.326318205E-4,-7.110635042E-1,-1.963680387E0
5.915479021E1,8.468846232E-2,-1.146223664E0,-1.256345272E0
5.917497724E1,8.522109129E-3,-1.335307956E0,-4.920186400E-1
5.919516521E1,1.384842768E-2,-1.237836361E0,-2.635195851E-1
5.921535406E1,1.518000662E-1,-1.348623753E0,-4.643217921E-1
5.923554370E1,2.711096108E-1,-1.436508060E0,-7.482145429E-1
5.925573401E1,2.854906619E-1,-1.221857429E0,-7.572692633E-1
5.927592490E1,1.960085034E-1,-8.074698448E-1,-5.186502337E-1
5.929611620E1,1.107874215E-1,-2.737727463E-1,-2.278332561E-1
5.931630771E1,6.924213469E-2,1.491369158E-1,2.250369452E-2
5.933650469E1,-6.391582079E-3,3.717769980E-1,1.790974438E-1
5.935669474E1,-7.403582335E-2,3.494064808E-1,2.792322338E-1
5.937687260E1,-9.587372839E-2,-6.924213842E-3,3.484743834E-1
5.939705099E1,-8.415582776E-2,-5.113265514E-1,3.830954432E-1
5.941723026E1,8.202529699E-2,-8.724509478E-1,4.448807240E-1
5.943741073E1,4.346275628E-1,-9.171919823E-1,5.332975984E-1
5.945759260E1,7.765771747E-1,-7.835013866E-1,5.801692009E-1
5.947777604E1,9.571393728E-1,-7.446193099E-1,4.736428559E-1
5.949796115E1,9.752488732E-1,-6.796382070E-1,1.982721984E-1
5.951814792E1,9.049414396E-1,-4.058654606E-1,-7.283740491E-2
5.953833635E1,8.362319469E-1,-1.858884990E-1,-1.607216448E-1
5.955852635E1,6.609960794E-1,-3.643201590E-1,-1.719069183E-1
5.957871776E1,4.069307148E-1,-7.227813601E-1,-1.836248189E-1
5.959891036E1,3.749727905E-1,-8.878972530E-1,3.368896246E-2
5.961910391E1,4.186486006E-1,-7.994803786E-1,5.173186660E-1
5.963929812E1,1.853558719E-1,-5.832318664E-1,1.094691515E0
5.965949271E1,5.379581451E-2,-4.623244107E-1,1.106942058E0
5.967968734E1,1.209074259E-1,-1.635179669E-1,5.450155139E-1
5.969987844E1,-1.976063997E-1,4.894886315E-1,2.280995846E-1
5.972006599E1,-3.968107104E-1,3.595264852E-1,2.808301151E-1
5.974025078E1,-3.888212144E-1,-4.777707458E-1,3.852259517E-1
5.976043307E1,-4.751075804E-1,-1.360874295E0,4.049333334E-1
5.978061588E1,-1.496695429E-1,-2.151299953E0,2.984069884E-1
5.980079938E1,5.645897388E-1,-2.424007416E0,2.037316747E-2
5.982098365E1,1.267663717E0,-1.794969201E0,-2.177132517E-1
5.984116880E1,1.653821826E0,-5.075981021E-1,-2.736395895E-1
5.986135490E1,1.649560690E0,7.195855975E-1,-2.725743353E-1
5.988154193E1,1.177116275E0,1.091362596E0,-3.482080400E-1
5.990172990E1,4.894886315E-1,6.066676378E-1,-3.391533196E-1
5.992191875E1,2.620548606E-1,7.776424289E-2,-1.617869139E-1
5.994210839E1,4.090612531E-1,-2.316948473E-1,-4.194475710E-2
5.996229870E1,2.737727463E-1,-1.262337416E-1,-2.596580051E-2
5.998248958E1,8.362319320E-2,3.083938360E-1,-2.916159295E-2
6.000268089E1,-8.522109129E-3,6.178529263E-1,-3.555317223E-2
6.002287245E1,-3.355580568E-2,5.246423483E-1,-1.424790081E-2
6.004306953E1,9.693899006E-2,2.263685167E-1,4.540686309E-2
6.006325958E1,2.956106663E-1,-5.326318205E-4,8.482161909E-2
6.008343734E1,4.522044063E-1,-1.043958366E-1,1.066595241E-1
6.010361562E1,5.842971206E-1,-1.613874435E-1,1.039963663E-1
6.012379479E1,6.199834347E-1,-1.432779580E-1,9.494162351E-2
6.014397516E1,5.635244846E-1,-3.462106735E-2,1.263668984E-1
6.016415698E1,4.964128435E-1,1.086568907E-1,2.046637833E-1
6.018434042E1,3.760380745E-1,2.077264041E-1,3.181143403E-1
6.020452557E1,1.576590240E-1,2.087916732E-1,4.603270590E-1
6.022471250E1,-5.432844535E-2,8.042740822E-2,5.210470557E-1
6.024490115E1,-9.534109384E-2,-1.597895473E-1,4.177165031E-1
6.026509135E1,7.829687744E-2,-2.087916732E-1,2.994722426E-1
6.028528297E1,2.764359117E-1,2.503369562E-2,1.657816470E-1
6.030547578E1,4.372907281E-1,1.954758763E-1,3.209106624E-2
6.032566953E1,5.006738901E-1,2.838927507E-1,1.131842658E-2
6.034586396E1,4.697812796E-1,5.017392039E-1,1.034637317E-1
6.036605875E1,2.103895694E-1,6.364950538E-1,1.535311192E-1
6.038625281E1,-6.657897681E-2,3.866907060E-1,9.494162351E-2
6.040644323E1,-2.002695650E-1,1.054610983E-1,-1.175784767E-1
6.042663078E1,-4.894886315E-1,1.150484756E-1,-2.699111700E-1
6.044681557E1,-6.476802826E-1,4.474107176E-2,-3.929491341E-1
6.046699786E1,-9.038761854E-1,1.097221524E-1,-5.037365556E-1
6.048718068E1,-1.104678392E0,4.713791609E-1,-4.946818054E-1
6.050736417E1,-1.227716327E0,9.012130499E-1,-4.605933726E-1
6.052754844E1,-1.323590040E0,1.336905837E0,-5.048018098E-1
6.054773359E1,-1.288436413E0,1.675127029E0,-6.081323624E-1
6.056791969E1,-1.426920652E0,1.676725030E0,-7.103977203E-1
6.058810672E1,-2.064481020E0,1.523859620E0,-6.656566262E-1
6.060829469E1,-1.907354593E0,1.525990129E0,-3.045322299E-1
6.062848354E1,-1.287371159E0,1.675659657E0,1.103879437E-1
6.064867318E1,-9.448888302E-1,1.394430161E0,1.774995476E-1
6.066886349E1,-8.303729892E-1,5.342296958E-1,9.707214683E-2
6.068905438E1,-7.398256063E-1,-1.416800618E-1,-2.916159295E-2
6.070924568E1,-5.693834424E-1,-2.183790505E-1,-5.490102768E-1
6.072943724E1,-2.828274965E-1,3.877559602E-1,-1.245692611E0
6.074963432E1,-7.510108501E-2,5.651223660E-1,-1.097621083E0
6.076982438E1,-1.496695429E-1,-1.027979404E-1,-2.976080179E-1
6.079000214E1,-1.954758763E-1,-6.652571559E-1,8.375635743E-2
6.081018042E1,-1.480716467E-1,-7.185203433E-1,5.020054802E-2
6.083035958E1,-6.870950758E-2,-5.667202473E-1,-1.676458716E-1
6.085053995E1,2.396843210E-2,-2.487390637E-1,-2.533995807E-1
6.087072177E1,7.456845604E-3,7.190529257E-2,-1.138500497E-1
6.089090521E1,-6.551371515E-2,3.350254297E-1,7.896266878E-2
6.091109036E1,-1.278316416E-2,4.335623085E-1,2.217079997E-1
6.093127729E1,7.350318879E-2,4.681833684E-1,2.888196111E-1
6.095146594E1,2.663159184E-2,4.490086138E-1,2.669816911E-1
6.097165615E1,-3.089264594E-2,2.620548606E-1,2.355564237E-1
6.099184776E1,3.195791040E-3,-1.081242561E-1,1.908153445E-1
6.101204057E1,7.989477366E-2,-3.696464896E-1,1.540637612E-1
6.103223432E1,1.800295562E-1,-3.510043621E-1,1.599227041E-1
6.105242875E1,2.993390858E-1,-2.354232669E-1,8.641951531E-2
6.107262354E1,3.781685829E-1,-1.395495385E-1,-1.744369231E-2
6.109281766E1,3.728422821E-1,-3.249054030E-2,-4.727107286E-2
6.111300807E1,3.073285520E-1,1.299621612E-1,-5.845634267E-2
6.113319286E1,2.695116997E-1,3.131875098E-1,-9.986846708E-3
6.115337516E1,2.423474789E-1,3.643201590E-1,6.032055244E-2
6.117355797E1,2.008021921E-1,1.741705984E-1,1.284974217E-1
6.119374146E1,1.496695429E-1,-1.022653133E-1,2.217079997E-1
6.121392573E1,7.563371956E-2,-3.430148959E-1,3.085269928E-1
6.123411089E1,3.195791040E-3,-4.804339111E-1,3.207775056E-1
6.125429698E1,2.982738242E-2,-5.363602638E-1,2.648511827E-1
6.127448401E1,1.837579757E-1,-6.167876720E-1,2.531332672E-1
6.129467198E1,3.462106884E-1,-7.057371736E-1,2.419480085E-1
6.131486083E1,5.347623229E-1,-7.291729450E-1,9.707214683E-2
6.133505047E1,7.414234877E-1,-7.600656152E-1,-8.189214021E-2
6.135524078E1,9.747162461E-1,-9.443562031E-1,-1.697763950E-1
6.137543167E1,9.795098901E-1,-7.616634965E-1,3.049317189E-2
6.139562297E1,9.012130499E-1,-4.420844093E-2,2.206427306E-1
6.141581453E1,9.741836190E-1,5.267728567E-1,2.115879953E-1
6.143601161E1,8.388951421E-1,6.045371294E-1,1.684448123E-1
6.145620167E1,2.593916953E-1,7.611308694E-1,2.350237966E-1
6.147637943E1,-1.518000662E-1,9.518130422E-1,2.786996067E-1
6.149655771E1,-6.072002649E-2,4.559328258E-1,2.227732539E-1
6.151673688E1,-1.294295341E-1,-9.480846673E-2,8.215846121E-2
6.153691724E1,-1.443432271E-1,-1.693769246E-1,2.569948509E-2
6.155709906E1,2.556632832E-2,-8.042740822E-2,-2.756369673E-2
6.157728250E1,6.711161137E-2,2.130527236E-2,-4.301001877E-2
6.159746766E1,1.012000442E-2,3.568633199E-1,5.552686751E-2
6.161765458E1,6.285055727E-2,5.821665525E-1,1.412805915E-1
6.163784323E1,1.933453530E-1,1.778990328E-1,1.471395344E-1
6.165803344E1,3.430148959E-1,-5.166528821E-1,6.404897571E-2
6.167822505E1,5.320991874E-1,-7.552719116E-1,-8.455529809E-2
6.169841786E1,6.833665967E-1,-3.211769760E-1,-2.773680091E-1
6.171861161E1,7.249119282E-1,4.900212884E-1,-4.403533638E-1
6.173880604E1,6.934866309E-1,1.116928935E0,-4.957470596E-1
6.175900083E1,7.286403179E-1,1.259674311E0,-4.605933726E-1
6.177919495E1,7.691203356E-1,1.096688867E0,-3.221091032E-1
6.179938542E1,6.700508595E-1,9.539436102E-1,-1.229047924E-1
6.181957031E1,4.804339111E-1,9.422256947E-1,6.245107949E-2
6.183975271E1,2.551306486E-1,9.741836190E-1,2.520680130E-1
6.185993557E1,2.183790505E-2,9.166593552E-1,3.745733202E-1
6.188011906E1,-1.139832065E-1,7.052045465E-1,3.735080659E-1
6.190030409E1,-1.193095297E-1,5.065328479E-1,3.090596199E-1
6.192048925E1,5.965476483E-2,4.431496859E-1,2.616553903E-1
6.194067534E1,4.032022953E-1,4.804339111E-1,1.583248079E-1
6.196086237E1,6.514087319E-1,5.422192216E-1,1.131842658E-2
6.198105034E1,6.956171393E-1,6.135918498E-1,-1.265000552E-2
6.200123920E1,6.082655191E-1,6.162550449E-1,8.908267319E-2
6.202142883E1,3.392864764E-1,5.155876279E-1,2.504701018E-1
6.204161914E1,-1.864211448E-2,4.048001766E-1,3.660512269E-1
6.206181003E1,-1.986716688E-1,4.404865205E-1,3.170490861E-1
6.208200133E1,-1.310274303E-1,7.169224024E-1,1.812279820E-1
6.210219284E1,5.912213027E-2,1.127048969E0,1.242363751E-1
6.212238982E1,1.778990328E-1,1.349156380E0,1.705753356E-1
6.214257987E1,1.896169335E-1,1.350754261E0,3.074617088E-1
6.216275774E1,1.326253265E-1,1.354482770E0,4.741754830E-1
6.218293612E1,-5.326318089E-3,1.548360705E0,5.929523706E-1
6.220311539E1,-3.302317262E-1,2.140114546E0,6.238450408E-1
6.222329586E1,-2.039979845E-1,3.967574358E0,5.018723607E-1
6.224347774E1,9.134635925E-1,4.902343273E0,1.753690243E-1
6.226366117E1,2.748380303E-1,2.034121037E0,-2.267680019E-1
6.228384628E1,-6.428865790E-1,2.933736086E0,-5.873597264E-1
6.230403305E1,-1.122787833E0,-5.912213027E-2,-1.450223327E0
6.232422149E1,-1.698030233E0,-4.320709229E0,-1.929059267E0
6.234441149E1,-2.247173548E0,-5.434442520E0,-1.823598146E0
6.236460289E1,-1.967009306E0,-2.163017750E0,-1.286172748E0
6.238479550E1,-1.252750039E0,2.256228447E0,-6.251766086E-1
6.240498904E1,-6.551371217E-1,3.856254339E0,-4.573975801E-1
6.242518326E1,-4.937497079E-1,2.357428551E0,-9.948230982E-1
6.244537784E1,-7.627287507E-1,2.732401192E-1,-9.330378175E-1
6.246557248E1,-1.107874155E0,-9.113330245E-1,-3.391533196E-1
6.248576357E1,-1.042893052E0,-1.423192263E0,8.801741153E-2
6.250594847E1,-7.190529704E-1,-1.218128920E0,-2.869553864E-1
6.252613086E1,-3.984085917E-1,-3.403517306E-1,-1.075783134E0
6.254631373E1,-2.125200927E-1,1.502021700E-1,-9.325051308E-1
6.256649722E1,-2.647180259E-1,-2.657832801E-1,-4.547344148E-1
6.258668149E1,-4.255728126E-1,-8.484824896E-1,-2.842922211E-1
6.260686664E1,-5.118591785E-1,-9.347688556E-1,-1.767006069E-1
6.262705274E1,-4.703139067E-1,-7.281076908E-1,-1.218395308E-1
6.264723977E1,-3.632549047E-1,-6.322339773E-1,-8.562056720E-2
6.266742774E1,-1.976063997E-1,-4.479433596E-1,7.044056058E-2
6.268761659E1,-1.065263618E-2,-1.896169335E-1,2.914827764E-1
6.270780623E1,1.081242561E-1,-5.539371073E-2,4.677838981E-1
6.272799654E1,1.427453309E-1,-6.977476925E-2,5.444828868E-1
6.274818742E1,1.571263820E-1,-1.922800839E-1,5.801692009E-1
6.276837873E1,2.221074700E-1,-3.243727684E-1,6.371608377E-1
6.278857024E1,3.083938360E-1,-4.458128214E-1,6.515418887E-1
6.280876722E1,3.621896505E-1,-5.752423406E-1,5.604618192E-1
6.282895722E1,4.154528081E-1,-6.476802826E-1,4.283691347E-1
6.284913498E1,5.374255180E-1,-5.981455445E-1,3.378217220E-1
6.286931326E1,6.977477074E-1,-4.575307369E-1,2.430132627E-1
6.288949242E1,6.183855534E-1,-2.945453823E-1,6.191844866E-2
6.290967279E1,3.334275186E-1,-3.004043400E-1,-1.010668874E-1
6.292985461E1,2.647180259E-1,-1.736379713E-1,-1.202416345E-1
6.295003805E1,4.921517968E-1,2.966759205E-1,-1.814942956E-1
6.297022321E1,6.290381551E-1,6.940192580E-1,-2.022669315E-1
6.299041013E1,5.422192216E-1,5.336970687E-1,1.844237745E-1
6.301059878E1,4.452801943E-1,1.651158556E-2,5.396891832E-1
6.303078899E1,-2.024000883E-2,-2.061285079E-1,5.348954797E-1
6.305098060E1,-5.779055357E-1,-1.086568907E-1,4.028028250E-1
6.307117341E1,-7.968171835E-1,2.450106293E-2,3.522028029E-1
6.309136716E1,-7.084003091E-1,-2.881538272E-1,3.447459340E-1
6.311156159E1,-7.653919458E-1,-9.438235760E-1,2.920154035E-1
6.313175638E1,-4.506065249E-1,-1.739042878E0,2.691122293E-1
6.315195050E1,4.862928391E-1,-2.062883139E0,1.327584833E-1
6.317214091E1,1.499358535E0,-1.548893332E0,-2.246374637E-1
6.319232571E1,2.151299953E0,-5.997434258E-1,-5.239765644E-1
6.321250800E1,2.510826349E0,8.761793375E-1,-5.479449630E-1
6.323269081E1,1.609613419E0,2.443714857E0,-4.462123215E-1
6.325287430E1,1.400821656E-1,1.810948133E0,-3.146522343E-1
6.327305857E1,-9.587372839E-2,3.888212144E-2,-4.514054582E-2
6.329324373E1,3.834949061E-2,-1.288436413E0,8.482161909E-2
6.331342982E1,-1.288969070E-1,-1.163267851E0,4.274370521E-2
6.333361685E1,-3.888212144E-2,7.350318879E-2,4.913528636E-2
6.335380482E1,1.347558498E-1,1.065796256E0,1.984053478E-2
6.337399367E1,2.364885211E-1,1.162735224E0,-4.460791498E-2
6.339418331E1,4.223770201E-1,7.398256063E-1,-1.158474199E-2
6.341437362E1,6.114613414E-1,2.247706354E-1,3.581948951E-2
6.343456451E1,6.791055799E-1,3.834949061E-2,9.387636185E-2
6.345475581E1,6.034718752E-1,2.284990549E-1,2.105227262E-1
6.347494737E1,3.115896285E-1,4.394212663E-1,3.553985953E-1
6.349514446E1,-2.183790505E-2,3.067959249E-1,5.066660047E-1
6.351533456E1,-3.462106735E-2,-1.917474531E-2,5.876260400E-1
6.353551242E1,1.800295562E-1,-1.097221524E-1,5.577986836E-1
6.355569081E1,4.138549268E-1,1.475390196E-1,4.358259737E-1
6.357587008E1,6.013413072E-1,4.053328037E-1,3.149185777E-1
6.359605055E1,6.663224101E-1,4.676507413E-1,2.403501123E-1
6.361623242E1,6.428865790E-1,4.873581231E-1,2.472743243E-1
6.363641586E1,4.921517968E-1,6.135918498E-1,3.085269928E-1
6.365660097E1,2.540653646E-1,8.053393364E-1,3.974764943E-1
6.367678774E1,-1.384842768E-2,8.932235837E-1,4.842954874E-1
6.369697617E1,-3.771033287E-1,6.290381551E-1,4.400870502E-1
6.371716623E1,-7.376950979E-1,-1.310274303E-1,1.189100519E-1
6.373735774E1,-8.921582699E-1,-9.608678222E-1,-3.295659423E-1
6.375755045E1,-9.560741186E-1,-1.224520564E0,-7.668566704E-1
6.377774409E1,-1.096156240E0,-9.134635925E-1,-1.170058966E0
6.379793841E1,-1.370994329E0,-1.954758763E-1,-1.192962170E0
6.381813310E1,-1.473259568E0,8.905603886E-1,-9.442230463E-1
6.383832753E1,-1.258608937E0,2.230662107E0,-6.597976685E-1
6.385851836E1,-1.122787833E0,2.860765457E0,-4.462123215E-1
6.387870591E1,-1.572329164E0,1.383244872E0,-5.948165655E-1
6.389889071E1,-1.768337607E0,-2.838927507E-1,-6.097303033E-1
6.391907300E1,-1.596297622E0,-1.177648902E0,-3.029343486E-1
6.393925581E1,-1.353950143E0,-1.514804840E0,-1.308942735E-1
6.395943930E1,-1.090297341E0,-1.089764714E0,-2.470080107E-1
6.397962357E1,-6.657897830E-1,-5.049349666E-1,-6.411555409E-1
6.399980873E1,-2.599243224E-1,-1.725727171E-1,-1.050749421E0
6.401999482E1,-7.084003091E-2,-1.097221524E-1,-1.064065218E0
6.404018185E1,-4.474107176E-2,-6.796382070E-1,-7.210503221E-1
6.406036982E1,-6.551371515E-2,-1.412006974E0,-4.281028211E-1
6.408055867E1,-6.338318437E-2,-1.699628115E0,-3.354249001E-1
6.410074831E1,3.994738683E-2,-1.709748149E0,-3.966775537E-1
6.412093862E1,2.647180259E-1,-1.675127029E0,-3.423491120E-1
6.414112951E1,3.888212144E-1,-1.621331215E0,-1.607216448E-1
6.416132081E1,3.323622644E-1,-1.463139653E0,-1.464737463E-3
6.418151237E1,2.886864543E-1,-1.189366817E0,1.652490199E-1
6.420170946E1,3.802991211E-1,-1.024250984E0,3.585943878E-1
6.422189956E1,5.294360518E-1,-1.018392086E0,5.599291921E-1
6.424207742E1,5.933518410E-1,-1.089232087E0,6.877608299E-1
6.426225581E1,5.795034170E-1,-1.194693208E0,6.920219064E-1
6.428243508E1,5.550023317E-1,-1.315600634E0,5.785713196E-1
6.430261555E1,5.832318664E-1,-1.510543823E0,3.143859208E-1
6.432279748E1,6.609960794E-1,-1.612809181E0,1.291632187E-2
6.434298102E1,6.370276809E-1,-1.366733193E0,-2.246374637E-1
6.436316623E1,4.436823130E-1,-6.721813679E-1,-4.584628344E-1
6.438335310E1,3.222422600E-1,4.644549489E-1,-7.583345771E-1
6.440354164E1,4.996086359E-1,1.342764854E0,-9.436904192E-1
6.442373175E1,3.850927949E-1,1.596297622E0,-7.114629745E-1
6.444392321E1,-2.242379934E-1,1.131309986E0,-2.976080179E-1
6.446411581E1,-6.530066133E-1,-2.343579940E-2,2.676474862E-2
6.448430935E1,-6.886929274E-1,-1.030642629E0,3.000048697E-1
6.450450357E1,-6.103960872E-1,-1.192562699E0,5.045354962E-1
6.452469815E1,-3.765707016E-1,-9.070720077E-1,5.348954797E-1
6.454489258E1,8.415582776E-2,-8.799077868E-1,4.230428338E-1
6.456508347E1,4.910865426E-1,-1.084438443E0,1.663142890E-1
6.458527102E1,8.602004051E-1,-1.385908008E0,-1.271658540E-1
6.460545581E1,1.533447027E0,-1.495630145E0,-4.600607455E-1
6.462563810E1,2.003228188E0,-7.238466144E-1,-5.862944722E-1
6.464582091E1,1.733716607E0,7.068024278E-1,-4.328965247E-1
6.466600440E1,9.555414915E-1,1.593101740E0,-3.450122476E-1
6.468618867E1,1.272990108E-1,1.572329164E0,-3.029343486E-1
6.470637383E1,-1.379516423E-1,1.098819494E0,-1.047953144E-1
6.472655992E1,-1.938779801E-1,5.486107469E-1,1.504684892E-2
6.474674696E1,-2.641853690E-1,4.937497079E-1,3.422159329E-2
6.476693492E1,-9.960214794E-2,7.195855975E-1,5.819002539E-2
6.478712378E1,1.054610983E-1,6.599308252E-1,5.020054802E-2
6.480731341E1,2.428801060E-1,3.898864985E-1,6.138581783E-2
6.482750373E1,3.659180701E-1,2.902843356E-1,9.334372729E-2
6.484769461E1,4.490086138E-1,5.017392039E-1,1.295626909E-1
6.486788591E1,5.363602638E-1,7.680550814E-1,2.153164148E-1
6.488807748E1,5.416865349E-1,8.229161501E-1,2.802974880E-1
6.490827456E1,4.862928391E-1,8.346340656E-1,3.207775056E-1
6.492846472E1,3.664506972E-1,9.321056604E-1,4.001396596E-1
6.494864269E1,7.882951200E-2,1.025848866E0,5.253081322E-1
6.496882117E1,-1.667137593E-1,1.017326832E0,5.940176249E-1
6.498900055E1,-2.178464085E-1,9.555414915E-1,5.327649713E-1
6.500918107E1,-1.571263820E-1,1.011467814E0,4.832302332E-1
6.502936294E1,-2.077264152E-2,9.997498989E-1,4.848281145E-1
6.504954638E1,1.688442826E-1,7.813708782E-1,5.210470557E-1
6.506973149E1,2.977411747E-1,5.869602561E-1,4.986765385E-1
6.508991826E1,3.110569715E-1,4.884233773E-1,2.254364192E-1
6.511010670E1,2.205095738E-1,4.495412707E-1,-2.672480047E-1
6.513029670E1,-6.178529188E-2,6.343644857E-1,-4.504733682E-1
6.515048810E1,-5.060002208E-1,6.913561225E-1,-3.801659644E-1
6.517068071E1,-9.054740667E-1,3.787012100E-1,-3.199785650E-1
6.519087425E1,-1.197888970E0,1.502021700E-1,-2.496711612E-1
6.521106847E1,-1.319861650E0,3.041327596E-1,-2.651174963E-1
6.523126305E1,-1.260739565E0,6.652571559E-1,-4.424838722E-1
6.525145763E1,-1.185638428E0,1.101482630E0,-7.823029757E-1
6.527164867E1,-1.222922683E0,1.345427990E0,-1.088033676E0
6.529183623E1,-9.155941010E-1,9.187898636E-1,-9.516798854E-1
6.531202102E1,-6.087981462E-1,6.482129097E-1,-5.916208029E-1
6.533220331E1,-3.302317262E-1,3.073285520E-1,-5.964145064E-1
6.535238612E1,1.704421826E-2,-1.597895473E-1,-7.123950869E-2
6.537256961E1,-3.994738683E-2,1.251684725E-1,8.588688076E-2
6.539275388E1,1.592569202E-1,-4.474107176E-2,-6.358292103E-1
6.541293904E1,1.017326787E-1,-1.033838391E0,-1.127981067E0
6.543312513E1,-1.922800839E-1,-1.393364787E0,-7.418229580E-1
6.545331216E1,-2.396843135E-1,-1.421594381E0,-5.356944799E-1
6.547350013E1,-1.166463718E-1,-1.311872125E0,-5.479449630E-1
6.549368899E1,-4.793686420E-2,-1.005608916E0,-6.422207952E-1
6.551387862E1,-4.793686420E-2,-6.801708341E-1,-5.862944722E-1
6.553406894E1,-4.048001766E-2,-5.954823494E-1,-4.265049398E-1
6.555425982E1,-4.846949503E-2,-5.123918056E-1,-1.069258377E-1
6.557445112E1,-7.030740380E-2,-5.384907722E-1,2.494048476E-1
6.559464269E1,2.663159184E-2,-7.014760971E-1,4.933502376E-1
6.561483977E1,3.605917394E-1,-1.731053442E-1,6.403566003E-1
6.563502998E1,6.663224101E-1,5.741770864E-1,5.881586671E-1
6.565520805E1,5.768402815E-1,4.655202031E-1,4.443480968E-1
6.567538664E1,1.976063997E-1,-3.771033287E-1,3.383543491E-1
6.569556612E1,5.113265663E-2,-1.550491214E0,1.391500682E-1
6.571574675E1,-3.392864764E-1,-2.271142006E0,-3.715106845E-2
6.573592873E1,-5.960150361E-1,-2.036784172E0,-1.607216448E-1
6.575611222E1,1.187768951E-1,-1.188301563E0,-2.848248780E-1
6.577629732E1,2.380864173E-1,-3.797664940E-1,3.209106624E-2
6.579648409E1,-1.629853398E-1,4.522044063E-1,3.207775056E-1
6.581667253E1,2.450106293E-2,-5.480781198E-1,3.793670237E-1
6.583686253E1,-1.166463718E-1,-2.405365229E0,4.432828426E-1
6.585705388E1,-7.137266546E-2,-3.557447910E0,3.500722647E-1
6.587724638E1,4.681833684E-1,-3.929224968E0,1.492700726E-1
6.589743982E1,9.129309654E-1,-3.669300556E0,-1.335574239E-1
6.591763394E1,1.067394137E0,-3.095123529E0,-2.688459158E-1
6.593782841E1,9.960215092E-1,-2.292447329E0,-2.283658981E-1
6.595802295E1,7.302381992E-1,-1.596830249E0,-9.946899116E-2
6.597821399E1,5.251749754E-1,-1.861548185E0,-1.564605981E-1
6.599839888E1,3.552654386E-1,-2.270609379E0,-2.033322006E-1
6.601858128E1,3.595264852E-1,-2.205095768E0,-2.869553864E-1
6.603876414E1,7.339666486E-1,-1.850895524E0,-3.854922652E-1
6.605894763E1,1.320394278E0,-1.749695539E0,-4.627238810E-1
6.607913190E1,1.805089235E0,-1.975531459E0,-5.026713014E-1
6.609931706E1,1.839177728E0,-1.833318710E0,-2.081258893E-1
6.611950315E1,3.110569715E-1,-8.958867192E-1,3.106575012E-1
6.613969018E1,-9.949562550E-1,-4.010717571E-1,3.516701460E-1
6.615987815E1,-1.081242561E0,-1.693769246E-1,2.137185186E-1
6.618006701E1,-2.460758984E-1,-6.886929274E-1,2.994722426E-1
6.620025664E1,-8.309056610E-2,-1.611211300E0,1.396826953E-1
6.622044696E1,-2.039979845E-1,-1.903626084E0,-5.419528857E-2
6.624063784E1,8.309056610E-2,-1.357678533E0,-2.752375007E-1
6.626082914E1,1.475390196E-1,-6.695181727E-1,-6.592650414E-1
6.628102071E1,-9.267793596E-2,-4.617917836E-1,-9.026777744E-1
6.630121779E1,-3.898864985E-1,-6.514087319E-1,-8.089345694E-1
6.632140789E1,-8.868319988E-1,-5.912213326E-1,-6.400902867E-1
6.634158576E1,-2.115081072E0,2.822948620E-2,-6.001428962E-1
6.636176414E1,-3.021087646E0,9.587372541E-1,-4.520712495E-1
6.638194341E1,-2.651441097E0,1.385908008E0,-1.111868918E-1
6.640212388E1,-1.642103910E0,1.021055222E0,5.659212917E-2
6.642230581E1,-9.661940932E-1,2.391516864E-1,-1.751027107E-1
6.644248935E1,-1.072187901E0,-1.156876326E0,-3.141196072E-1
6.646267456E1,-1.215465784E0,-1.968607187E0,-2.113216817E-1
6.648286144E1,-8.607330322E-1,-3.158506751E-1,-1.362205893E-1
6.650304998E1,-3.605917394E-1,1.258608937E0,-2.070606202E-1
6.652324008E1,9.054740891E-3,3.265033066E-1,-2.470080107E-1
6.654343159E1,2.450106293E-2,-1.039164662E0,-1.420795321E-1
6.656362430E1,-1.960085034E-1,-1.265000582E0,1.146489978E-1
6.658381794E1,-2.093243003E-1,-1.154745817E0,3.697796464E-1
6.660401227E1,-2.716422267E-2,-1.038632035E0,4.400870502E-1
6.662420696E1,1.091895252E-1,-8.559393287E-1,3.964112401E-1
6.664440128E1,1.864211410E-1,-8.825709224E-1,4.267712533E-1
6.666459201E1,2.593916953E-1,-9.139962196E-1,4.464786351E-1
6.668477690E1,3.004043400E-1,-8.958867192E-1,4.960133731E-1
6.670495930E1,3.526022732E-1,-6.833665967E-1,5.785713196E-1
6.672514216E1,3.478085697E-1,-2.790990770E-1,4.949481189E-1
6.674532565E1,1.390169114E-1,1.645832360E-1,1.237037405E-1
6.676550992E1,-1.230379492E-1,6.125265956E-1,-1.404816359E-1
6.678569508E1,-2.753706574E-1,1.245825887E0,-9.321057005E-4
6.680588117E1,3.142527863E-2,2.008554697E0,2.302301079E-1
6.682606821E1,5.145223141E-1,1.959552526E0,3.372890949E-1
6.684625617E1,4.841623306E-1,1.299621612E-1,3.553985953E-1
6.686644503E1,1.166463718E-1,-1.699628115E0,1.577921808E-1
6.688663466E1,9.853688627E-2,-1.561676502E0,-2.699111700E-1
6.690682498E1,7.989477515E-1,-3.834949136E-1,-4.733765423E-1
6.692701586E1,1.349156380E0,2.780338228E-1,-5.367597342E-1
6.694720716E1,1.397625923E0,1.406148076E-1,-5.596628785E-1
6.696739873E1,1.223987937E0,-4.671181142E-1,-4.355596602E-1
6.698759581E1,1.021587849E0,-8.069372177E-1,-1.255679578E-1
6.700778597E1,7.126613855E-1,-4.681833684E-1,1.002679393E-1
6.702796394E1,3.771033287E-1,2.024000883E-1,7.843003422E-2
6.704814242E1,1.837579757E-1,6.386255622E-1,-7.283740491E-2
6.706832180E1,2.034653574E-1,7.478150725E-1,-1.980058849E-1
6.708850232E1,2.647180259E-1,7.733814120E-1,-2.267680019E-1
6.710868420E1,2.625874877E-1,8.058719635E-1,-1.916143000E-1
6.712886763E1,2.663159072E-1,8.990825415E-1,-1.916143000E-1
6.714905274E1,3.004043400E-1,1.090829968E0,-1.564605981E-1
6.716923951E1,4.932170510E-1,1.314535379E0,-7.337003201E-2
6.718942794E1,7.696529627E-1,1.368331194E0,-1.997369342E-3
6.720961794E1,7.323687673E-1,1.234107971E0,6.617950648E-2
6.722980935E1,4.724444151E-1,1.029044628E0,8.855003864E-2
6.725000196E1,2.817622423E-1,7.749792933E-1,7.629951090E-2
6.727019550E1,1.997369379E-1,5.688507557E-1,7.310371846E-2
6.729038972E1,1.624527127E-1,6.056023836E-1,9.813741595E-2
6.731058430E1,3.419496417E-1,6.817687154E-1,1.545963883E-1
6.733077628E1,6.082655191E-1,5.981455445E-1,2.222406268E-1
6.735096560E1,6.924213767E-1,5.944170952E-1,2.408827394E-1
6.737116039E1,6.924213767E-1,7.552719116E-1,2.419480085E-1
6.739134982E1,5.502086878E-1,1.008804679E0,2.456764281E-1
6.741152862E1,3.611243665E-1,1.171257377E0,2.035985142E-1
6.743170789E1,2.929475009E-1,1.241564751E0,1.487374306E-1
6.745188795E1,2.689790726E-1,1.361406922E0,1.727058738E-1
6.747206904E1,2.434127480E-1,1.521196485E0,2.557964325E-1
6.749225138E1,1.715074480E-1,1.549425960E0,2.797648609E-1
6.751243513E1,4.261054471E-2,1.300154328E0,2.403501123E-1
6.753262039E1,-1.123853177E-1,8.010782599E-1,1.615206003E-1
6.755280722E1,-1.539305896E-1,3.142527640E-1,1.771000773E-2
6.757299555E1,-2.530001104E-1,1.672463864E-1,-2.198437899E-1
6.759318529E1,-3.110569715E-1,3.632549047E-1,-4.882902205E-1
6.761337633E1,-4.841623306E-1,5.544697046E-1,-7.103977203E-1
6.763356852E1,-7.909582257E-1,7.526087761E-1,-6.438187361E-1
6.765376159E1,-1.000815153E0,1.092960477E0,-5.351617932E-1
6.767395529E1,-1.055676222E0,1.588308096E0,-4.973449707E-1
6.769414935E1,-1.188834190E0,2.123070478E0,-4.595280886E-1
6.771434081E1,-1.894571424E0,2.463422060E0,-4.648544192E-1
6.773452961E1,-2.004293442E0,2.000032425E0,-4.174501896E-1
6.775471852E1,-1.554752231E0,1.494032264E0,-1.958753467E-1
6.777491289E1,-1.152615309E0,1.374190092E0,3.475422785E-2
6.779510190E1,-8.697877526E-1,1.246358514E0,1.785648167E-1
6.781528029E1,-5.539370775E-1,6.977477074E-1,3.861580743E-3
6.783545914E1,-2.961432934E-1,6.322339773E-1,-6.922882199E-1
6.785563878E1,-7.456845604E-3,1.309741616E0,-1.292031646E0
6.787581951E1,2.561959028E-1,1.426920652E0,-9.932252169E-1
6.789600159E1,1.347558498E-1,5.358276367E-1,-4.099933505E-1
6.791618518E1,-1.992042959E-1,-3.371559381E-1,-8.388951421E-3
6.793637039E1,-3.802991211E-1,-7.163897753E-1,1.748363972E-1
6.795655727E1,-3.616569936E-1,-5.661876202E-1,1.189100519E-1
6.797674576E1,-2.711096108E-1,-2.503369451E-1,4.114580899E-2
6.799693576E1,-2.055958807E-1,2.402169555E-1,2.270343155E-1
6.801712711E1,-1.731053442E-1,5.741770864E-1,5.993439555E-1
6.803731961E1,-1.597895473E-1,3.403517306E-1,8.555398583E-1
6.805751300E1,-2.300969511E-1,5.326318205E-4,1.003611565E0
6.807770701E1,-2.593916953E-1,-2.956106663E-1,1.086169481E0
6.809790138E1,-1.858884990E-1,-5.326318145E-1,1.032373667E0
6.811809565E1,-1.225053221E-1,-6.844319105E-1,7.623292804E-1
6.813828649E1,-5.006739125E-2,-6.034718752E-1,3.687143922E-1
6.815847138E1,1.267663687E-1,-3.030675054E-1,9.121319652E-2
6.817865378E1,3.834949136E-1,6.391582079E-3,-1.404816359E-1
6.819883664E1,4.490086138E-1,2.024000883E-1,-4.984102249E-1
6.821902013E1,2.508696020E-1,1.981390417E-1,-6.044039726E-1
6.823920440E1,2.551306486E-1,1.012000442E-2,-4.717786312E-1
6.825938956E1,4.058654606E-1,-6.551371515E-2,-1.617869139E-1
6.827957565E1,4.138549268E-1,-6.391581893E-2,7.057371549E-3
6.829976268E1,3.909517527E-1,-1.656484902E-1,1.625858694E-1
6.831995065E1,5.581981540E-1,-3.105243444E-1,4.134554565E-1
6.834013951E1,5.757750273E-1,-3.850927949E-1,4.006722867E-1
6.836032914E1,2.002695650E-1,-3.936149180E-1,2.925480306E-1
6.838051946E1,-7.776424289E-2,-5.699160695E-1,1.759016514E-1
6.840071034E1,8.894951642E-2,-8.293077350E-1,2.786996067E-1
6.842090164E1,3.147853911E-1,-6.194508076E-1,4.864259958E-1
6.844109321E1,4.079959691E-1,-2.663159044E-3,4.129228294E-1
6.846129029E1,5.390233994E-1,8.948214352E-2,1.018658355E-1
6.848148060E1,2.886864543E-1,-3.403517306E-1,-7.763108611E-2
6.850165888E1,-8.415582776E-2,-8.367645741E-1,1.344895363E-2
6.852183769E1,2.641853690E-1,-1.444497466E0,2.962764502E-1
6.854201737E1,9.097351432E-1,-1.557948112E0,3.479417264E-1
6.856219821E1,1.009337306E0,-8.271772265E-1,3.633880615E-1
6.858238039E1,7.717835307E-1,4.793686420E-2,2.121206224E-1
6.860256409E1,5.480781198E-1,1.901495606E-1,-1.506016403E-1
6.862274940E1,4.804339111E-1,-1.976063997E-1,-3.396859467E-1
6.864293638E1,5.219792128E-1,-2.689790726E-1,-2.869553864E-1
6.866312498E1,7.137266397E-1,9.427583218E-2,-2.502037883E-1
6.868331508E1,9.363667369E-1,4.932170510E-1,-2.304964215E-1
6.870350654E1,9.747162461E-1,6.860297918E-1,-1.681784987E-1
6.872369914E1,6.199834347E-1,7.195855975E-1,-3.608580679E-2
6.874389263E1,1.342232227E-1,4.447475672E-1,1.444763839E-1
6.876408670E1,-3.675159439E-2,4.261054564E-3,2.840259075E-1
6.878428107E1,-8.788424730E-2,-2.327601016E-1,2.659164369E-1
6.880447487E1,-4.101264849E-2,-7.297056168E-2,1.881521940E-1
6.882466524E1,1.874863952E-1,2.790990770E-1,1.311605871E-1
6.884485013E1,3.893538713E-1,4.852275848E-1,5.605949834E-2
6.886503253E1,4.703139067E-1,4.585959911E-1,2.197106183E-2
6.888521539E1,4.607265294E-1,3.350254297E-1,2.729738131E-2
6.890539888E1,3.483411968E-1,3.089264631E-1,1.066595241E-1
6.892558315E1,1.613874435E-1,4.202465117E-1,2.547311783E-1
6.894576831E1,1.438105945E-2,5.427518487E-1,4.086617529E-1
6.896595440E1,-5.699160323E-2,5.368928909E-1,4.699144363E-1
6.898614144E1,-4.261054471E-2,3.403517306E-1,3.362238407E-1
6.900632940E1,-8.096003532E-2,1.294295341E-1,1.029310971E-1
6.902651826E1,-1.209074259E-1,-8.628635854E-2,-2.539322078E-1
6.904670789E1,-2.583264410E-1,-1.209074259E-1,-7.673892975E-1
6.906689821E1,-5.624592304E-1,2.167811543E-1,-1.191896915E0
6.908708909E1,-9.704551697E-1,6.604634523E-1,-1.231844187E0
6.910728039E1,-1.518533349E0,1.064731002E0,-1.117861032E0
6.912747196E1,-2.127864122E0,1.776859760E0,-9.868336320E-1
6.914766904E1,-2.335590601E0,2.518815994E0,-6.560692191E-1
6.916785946E1,-1.736379743E0,2.415485382E0,-3.668501675E-1
6.918803794E1,-1.275120616E0,1.943040848E0,-4.712460041E-1
6.920821690E1,-1.272457361E0,1.355015397E0,-4.946818054E-1
6.922839664E1,-1.331579566E0,5.874928832E-1,-2.107890397E-1
6.924857748E1,-1.162202597E0,-2.375537902E-1,-7.496792823E-2
6.926875966E1,-7.930887938E-1,-2.423474789E-1,-7.338334918E-1
6.928894336E1,-3.536675274E-1,6.455497742E-1,-1.570065498E0
6.930912867E1,-1.102547869E-1,8.692551255E-1,-1.166863203E0
6.932931565E1,-1.778990328E-1,2.530001104E-1,-3.269027770E-1
6.934950425E1,-3.073285520E-1,-1.906821877E-1,1.231711060E-1
6.936969435E1,-3.536675274E-1,-2.620548606E-1,2.707101107E-1
6.938988581E1,-2.237053663E-1,-3.217096329E-1,1.753690243E-1
6.941007841E1,1.597895473E-2,-3.233075142E-1,3.848264739E-2
6.943027190E1,1.906821877E-1,-1.438105851E-1,1.023984700E-1
6.945046597E1,2.434127480E-1,3.659180701E-1,4.171838760E-1
6.947066034E1,3.201117218E-1,4.820317924E-1,7.495461106E-1
6.949085409E1,4.772381186E-1,2.039979845E-1,9.748494029E-1
6.951104446E1,6.609960794E-1,-2.045306265E-1,1.018525243E0
6.953123211E1,7.563371658E-1,-3.637875319E-1,8.416914344E-1
6.955141701E1,6.428865790E-1,-3.067959249E-1,4.858933687E-1
6.957159940E1,5.645897388E-1,-2.631201148E-1,6.085318699E-2
6.959178227E1,6.562023759E-1,-2.838927507E-1,-4.009386003E-1
6.961196576E1,4.207791388E-1,-6.029392481E-1,-8.403598666E-1
6.963215003E1,2.162485123E-1,-8.181225061E-1,-9.591367245E-1
6.965233518E1,2.897517085E-1,-2.748380303E-1,-4.712460041E-1
6.967252128E1,4.383559823E-1,5.629918575E-1,2.676474862E-2
6.969270831E1,7.941540480E-1,9.571393728E-1,2.275669426E-1
6.971289628E1,8.037413955E-1,1.296425819E0,4.267712533E-1
6.973308513E1,1.001347825E-1,1.746499777E0,5.157207847E-1
6.975327477E1,-3.568633199E-1,-3.174485564E-1,3.351585865E-1
6.977346508E1,-5.384907722E-1,-1.984053493E0,4.395544231E-1
6.979365597E1,-5.768402815E-1,-1.711346030E0,7.346324325E-1
6.981384727E1,-5.299686790E-1,-5.070654750E-1,8.251798749E-1
6.983403883E1,-3.968107104E-1,3.834949136E-1,7.223818898E-1
6.985423591E1,6.924213469E-2,4.953475893E-1,6.275734305E-1
6.987442638E1,1.016794205E0,-1.784316599E-1,4.038680792E-1
6.989460498E1,1.672463894E0,-6.791055799E-1,4.753739014E-2
6.991478404E1,1.783251286E0,-6.567350626E-1,-1.997369342E-3
6.993496388E1,2.114015579E0,-1.651158631E-1,-3.661843762E-2
6.995514482E1,2.220009327E0,9.012130499E-1,-2.555301189E-1
6.997532711E1,1.395495415E0,2.036251545E0,-3.913512230E-1
6.999551091E1,-7.989477366E-3,2.476205349E0,-2.757701278E-1
7.001569628E1,-3.552654386E-1,1.685779691E0,-8.295740932E-2
7.003588321E1,-1.906821877E-1,4.420844018E-1,7.363634557E-2
7.005607170E1,-2.929475009E-1,1.070589945E-1,2.430132627E-1
7.007626164E1,-5.752423778E-2,4.980107546E-1,3.021354079E-1
7.009645289E1,3.302317262E-1,7.605982423E-1,1.668469161E-1
7.011664529E1,5.906887054E-1,7.840340137E-1,1.185105834E-2
7.013683857E1,6.679202914E-1,8.436887860E-1,-1.127847880E-1
7.015703248E1,5.251749754E-1,8.586025238E-1,-1.250353158E-1
7.017722675E1,2.822948694E-1,7.025413513E-1,4.274370521E-2
7.019742086E1,1.864211448E-2,4.245075583E-1,2.376869470E-1
7.021761159E1,-1.571263820E-1,2.924148738E-1,3.697796464E-1
7.023779649E1,-1.486042738E-1,2.913496196E-1,3.974764943E-1
7.025797888E1,2.822948620E-2,3.446127772E-1,3.058638275E-1
7.027816175E1,3.185138404E-1,5.081307292E-1,1.258342713E-1
7.029834524E1,5.528718233E-1,7.930887938E-1,-7.856319658E-3
7.031852951E1,5.608612895E-1,1.117461562E0,-9.321057005E-4
7.033871466E1,3.685812056E-1,1.271392107E0,8.375635743E-2
7.035890076E1,8.468846232E-2,1.218128920E0,1.881521940E-1
7.037908779E1,-2.119874656E-1,9.534109831E-1,1.247690022E-1
7.039927576E1,-3.733749092E-1,5.848297477E-1,-2.283658981E-1
7.041946466E1,-8.117309213E-1,4.846949577E-1,-5.767071247E-1
7.043965440E1,-1.238901615E0,3.387538493E-1,-8.813725114E-1
7.045984482E1,-1.583514452E0,1.752358675E-1,-1.113600016E0
7.048003581E1,-1.870602965E0,5.683181286E-1,-1.076848388E0
7.050022722E1,-1.810948133E0,1.858352423E0,-8.744482994E-1
7.052041888E1,-1.597362876E0,3.830688000E0,-5.346291661E-1
7.054061607E1,-1.693236589E0,4.471444130E0,-2.805638015E-1
7.056080633E1,-1.635712266E0,3.051447630E0,-3.269027770E-1
7.058098440E1,-1.513739586E0,1.988847256E0,5.126581341E-2
7.060116300E1,-1.581383824E0,8.442214131E-1,3.884217441E-1
7.062134248E1,-1.572329164E0,-1.757685095E-2,1.593900770E-1
7.064152310E1,-1.137701511E0,5.544697046E-1,-8.153261542E-1
7.066170508E1,-6.045371294E-1,1.678322911E0,-1.379915833E0
7.068188862E1,-3.557980657E-1,1.857287169E0,-6.848313808E-1
7.070207383E1,-3.840275407E-1,9.139962196E-1,-9.321057005E-4
7.072226071E1,-5.145223141E-1,2.130527347E-1,3.298322558E-1
7.074244925E1,-5.352949500E-1,2.290316857E-2,4.139880836E-1
7.076263935E1,-3.366233110E-1,-2.929474972E-2,3.261038363E-1
7.078283086E1,-2.663159184E-2,1.017326787E-1,3.074617088E-1
7.080302357E1,1.523326933E-1,3.382211924E-1,4.624575675E-1
7.082321722E1,2.071937770E-1,4.207791388E-1,8.081356287E-1
7.084341154E1,4.026696682E-1,1.033305749E-1,1.101615787E0
7.086360623E1,6.364950538E-1,-2.332927436E-1,1.182575822E0
7.088380065E1,7.430213690E-1,-2.806969583E-1,1.028645158E0
7.090399149E1,6.487455368E-1,-4.580633715E-2,7.713840604E-1
7.092417638E1,6.253097653E-1,1.778990328E-1,5.327649713E-1
7.094435878E1,5.736444592E-1,1.166463718E-1,-2.862896025E-2
7.096454164E1,1.374190152E-1,-4.175833464E-1,-8.089345694E-1
7.098472513E1,1.214400530E-1,-6.359623671E-1,-9.756483436E-1
7.100490940E1,2.988064587E-1,-1.017326787E-1,-5.862944722E-1
7.102509456E1,4.362254739E-1,7.653919458E-1,-1.127847880E-1
7.104528065E1,8.026761413E-1,9.092025161E-1,4.107922912E-1
7.106546774E1,8.064045906E-1,1.433312178E0,8.129293323E-1
7.108565581E1,1.731053442E-1,1.594166994E0,4.805670679E-1
7.110584477E1,-4.910865426E-1,-4.708465338E-1,2.318280041E-1
7.112603451E1,-6.546044946E-1,-1.589905977E0,6.099966168E-1
7.114622492E1,-4.372907281E-1,-1.147821546E0,7.740471959E-1
7.116641591E1,-2.348906398E-1,-5.688507557E-1,6.190513372E-1
7.118660732E1,4.953476042E-2,-6.167876720E-1,4.587291479E-1
7.120679899E1,6.205160618E-1,-9.076046348E-1,2.978743315E-1
7.122699617E1,1.312937379E0,-8.831035495E-1,4.753739014E-2
7.124718649E1,1.712411284E0,-1.901495606E-1,-5.526055023E-2
7.126736466E1,1.638375521E0,7.302381992E-1,-1.154479459E-1
7.128754336E1,1.280979514E0,1.163800478E0,-2.821617126E-1
7.130772295E1,1.048219442E0,1.074318409E0,-2.528669536E-1
7.132790367E1,8.809730411E-1,8.356993198E-1,-1.000016257E-1
7.134808576E1,5.805686712E-1,1.006674170E0,-1.005342528E-1
7.136826935E1,2.045306265E-1,1.484977484E0,-4.354264960E-2
7.138845456E1,-1.198421568E-1,1.474857569E0,9.121319652E-2
7.140864144E1,-1.725727171E-1,8.191877604E-1,2.089248300E-1
7.142882992E1,-3.568633273E-2,1.960085034E-1,2.153164148E-1
7.144901992E1,2.253032625E-1,1.741705984E-1,1.982721984E-1
7.146921128E1,5.118591785E-1,5.075981021E-1,1.577921808E-1
7.148940378E1,6.796382070E-1,6.870950460E-1,4.966791719E-2
7.150959722E1,7.419561148E-1,5.566002727E-1,2.250369452E-2
7.152979133E1,7.121287584E-1,3.414169848E-1,7.203845680E-2
7.154998581E1,5.773729086E-1,2.993390858E-1,1.577921808E-1
7.157017768E1,3.520696461E-1,4.463454783E-1,2.696448565E-1
7.159036690E1,1.549958587E-1,6.173202991E-1,3.580617309E-1
7.161055623E1,6.391581893E-2,6.838992834E-1,3.772364855E-1
7.163075102E1,1.203747913E-1,7.057371736E-1,3.719101548E-1
7.165093998E1,2.689790726E-1,8.096003532E-1,3.724428117E-1
7.167111784E1,3.147853911E-1,9.688572884E-1,3.532680571E-1
7.169129623E1,1.741705984E-1,9.294425249E-1,3.580617309E-1
7.171147550E1,-3.462106735E-2,4.154528081E-1,1.881521940E-1
7.173165597E1,-1.219726875E-1,-9.906952083E-2,-2.262353599E-1
7.175183789E1,-5.566002727E-1,2.450106293E-2,-5.436839461E-1
7.177202144E1,-1.042360425E0,1.017326787E-1,-7.418229580E-1
7.179220670E1,-1.363537431E0,-8.788424730E-2,-9.847030640E-1
7.181239373E1,-1.610146046E0,6.338318437E-2,-9.937578440E-1
7.183258248E1,-1.685247064E0,9.843035936E-1,-7.972166538E-1
7.185277279E1,-1.476988077E0,2.366483212E0,-6.336987019E-1
7.187296451E1,-1.387505889E0,3.331612110E0,-5.516734123E-1
7.189315742E1,-1.790708184E0,2.759565353E0,-7.647261620E-1
7.191335128E1,-1.752891302E0,1.613341808E0,-7.034734488E-1
7.193354581E1,-1.467933297E0,7.169224024E-1,-1.846900880E-1
7.195374071E1,-1.159006834E0,-1.374190152E-1,2.089248300E-1
7.197393492E1,-8.932235837E-1,-4.079959691E-1,-2.336922139E-1
7.199412550E1,-5.113265514E-1,3.440801501E-1,-1.670732856E0
7.201431315E1,-1.784316599E-1,1.115863681E0,-2.286455154E0
7.203449805E1,-1.512674391E-1,7.360971570E-1,-1.241964221E0
7.205468044E1,-3.542001545E-1,-3.036001325E-1,-3.636543751E-1
7.207486336E1,-5.384907722E-1,-6.695181727E-1,-6.910897791E-2
7.209504696E1,-5.368928909E-1,-6.700508595E-1,-1.394163817E-1
7.211523133E1,-4.117243886E-1,-7.350319028E-1,-2.230395675E-1
7.213541659E1,-2.721748650E-1,-6.865624189E-1,-1.154479459E-1
7.215560279E1,-1.560611278E-1,-1.954758763E-1,2.046637833E-1
7.217578992E1,3.142527863E-2,2.279664129E-1,5.402218103E-1
7.219597800E1,2.391516864E-1,2.178464085E-1,8.470177650E-1
7.221616696E1,3.611243665E-1,-3.355580568E-2,1.150085211E0
7.223635670E1,3.712443709E-1,-3.195790946E-1,1.297624230E0
7.225654711E1,3.430148959E-1,-5.193160176E-1,1.217196822E0
7.227673810E1,2.918822467E-1,-6.892255545E-1,8.677904010E-1
7.229692951E1,5.422192216E-1,-8.996151686E-1,2.051964104E-1
7.231712117E1,5.800360441E-1,-1.140364766E0,-4.605933726E-1
7.233731836E1,5.113265663E-2,-1.293762684E0,-7.668566704E-1
7.235750873E1,1.496695429E-1,-7.062698007E-1,-5.809681416E-1
7.237768701E1,4.442149401E-1,4.575307369E-1,-2.010685205E-2
7.239786581E1,8.351666927E-1,9.614004493E-1,4.331628382E-1
7.241804550E1,1.252750039E0,9.108003974E-1,6.323671341E-1
7.243822633E1,5.161202550E-1,1.633581758E0,4.597944319E-1
7.245840852E1,-5.299686790E-1,1.379516423E-1,2.632532716E-1
7.247859222E1,-8.372972012E-1,-1.360874295E0,6.440850496E-1
7.249877753E1,-5.960150361E-1,-1.264467955E0,8.944219947E-1
7.251896451E1,-4.713791609E-1,-9.986846447E-1,8.177229762E-1
7.253915310E1,-2.087916732E-1,-9.928256869E-1,5.551354885E-1
7.255934321E1,4.942823350E-1,-9.715204239E-1,2.861564457E-1
7.257953466E1,1.414137483E0,-1.018924713E0,-2.010685205E-2
7.259972727E1,1.837047100E0,-1.353950143E0,-2.166479975E-1
7.261992081E1,1.969672441E0,-1.343830109E0,-3.210438192E-1
7.264011503E1,1.864211321E0,-5.416865349E-1,-2.960101366E-1
7.266030961E1,1.255945802E0,1.012000442E-1,-1.665806025E-1
7.268050399E1,4.958802164E-1,2.290316820E-1,-5.259739235E-2
7.270069487E1,1.826927215E-1,3.494064808E-1,3.528685868E-2
7.272087987E1,1.821600795E-1,3.861580789E-1,6.245107949E-2
7.274106237E1,-1.704421826E-2,2.364885211E-1,4.394212738E-3
7.276124534E1,-2.306295782E-1,8.894951642E-2,3.262370080E-2
7.278142894E1,-1.326253265E-1,3.036001325E-2,1.290300637E-1
7.280161331E1,1.342232227E-1,-5.486107618E-2,1.620532274E-1
7.282179857E1,3.323622644E-1,-1.267663687E-1,1.492700726E-1
7.284198477E1,5.315665603E-1,-3.195790946E-2,1.822932363E-1
7.286217190E1,6.455497742E-1,1.001347825E-1,1.838911325E-1
7.288235998E1,5.885581374E-1,1.800295562E-1,1.822932363E-1
7.290254894E1,5.257076025E-1,1.949432492E-1,2.387522161E-1
7.292273867E1,4.554001987E-1,1.736379713E-1,3.921501637E-1
7.294292909E1,2.950780392E-1,1.800295562E-1,5.993439555E-1
7.296312008E1,1.123853177E-1,6.231792271E-2,7.064029574E-1
7.298331149E1,-3.089264594E-2,-2.524674833E-1,5.460807681E-1
7.300350315E1,-1.603221744E-1,-4.447475672E-1,2.483395934E-1
7.302370034E1,-1.763011366E-1,-4.340949357E-1,-2.342248410E-1
7.304389081E1,-4.884233773E-1,-2.966759205E-1,-8.121303916E-1
7.306406930E1,-1.214933157E0,-2.716422379E-1,-1.211071610E0
7.308424826E1,-1.565404892E0,-4.010717571E-1,-1.526389599E0
7.310442800E1,-1.649028063E0,-1.778990328E-1,-1.535977006E0
7.312460883E1,-1.435442805E0,9.161267281E-1,-1.173254728E0
7.314479102E1,-1.456215382E0,2.582199097E0,-4.605933726E-1
7.316497472E1,-1.855689287E0,2.943856001E0,-1.464737463E-3
7.318516003E1,-1.352884769E0,1.829590321E0,-4.291680753E-1
7.320534701E1,-9.954888821E-1,9.614004493E-1,-5.032039285E-1
7.322553560E1,-1.303350091E0,1.544632316E-1,-3.269027770E-1
7.324572571E1,-1.326785922E0,-7.712509036E-1,-4.174501896E-1
7.326591716E1,-7.595329881E-1,-4.697812796E-1,-1.217995763E0
7.328610977E1,-1.842906028E-1,7.952193022E-1,-1.878459215E0
7.330630331E1,-3.994738683E-2,9.507477880E-1,-1.151416779E0
7.332649753E1,-2.998717129E-1,-8.575372398E-2,-2.177132517E-1
7.334669211E1,-5.336970687E-1,-7.797729969E-1,2.126532495E-1
7.336688659E1,-5.262402296E-1,-5.384907722E-1,3.277017176E-1
7.338707763E1,-2.306295782E-1,-3.526022732E-1,1.215732098E-1
7.340726534E1,1.209074259E-1,-3.062632978E-1,3.368896246E-2
7.342745024E1,3.462106884E-1,-1.187768951E-1,2.382195890E-1
7.344763263E1,4.223770201E-1,1.065263674E-1,5.807018280E-1
7.346781555E1,4.617917836E-1,4.207791388E-2,9.732515216E-1
7.348799914E1,5.571328998E-1,-2.828274965E-1,1.314135909E0
7.350818352E1,5.938844681E-1,-3.808317482E-1,1.339702129E0
7.352836878E1,6.274402738E-1,-1.960085034E-1,9.913609624E-1
7.354855503E1,7.957519293E-1,-2.130527236E-2,3.830954432E-1
7.356874232E1,3.376885653E-1,8.149266988E-2,-5.394228697E-1
7.358893060E1,2.402169555E-1,8.096003532E-1,-9.213199019E-1
7.360911977E1,5.896234512E-1,1.354482770E0,-7.311703563E-1
7.362930972E1,1.399223804E0,2.517750502E0,-1.681784987E-1
7.364950034E1,1.883918762E0,3.121222496E0,4.677838981E-1
7.366969154E1,1.075383663E0,6.966823936E-1,-4.265049398E-1
7.368988315E1,-9.353014827E-1,-2.727074862E0,-7.886945605E-1
7.371007498E1,-1.130244732E0,-1.451954365E0,5.657881498E-1
7.373027227E1,6.087981462E-1,2.234390497E0,1.316799045E0
7.375046232E1,9.534109831E-1,1.580318570E0,1.199087381E0
7.377063992E1,4.809665382E-1,-8.596677780E-1,1.450489640E0
7.379081810E1,5.992107987E-1,-3.009902477E0,1.733849764E0
7.381099716E1,5.528718233E-1,-1.334242702E0,1.012666225E0
7.383117742E1,4.601939023E-1,1.602689147E0,-3.075948730E-2
7.385135914E1,2.945453823E-1,1.595764875E0,-3.561975360E-1
7.387154253E1,4.708465338E-1,3.866907060E-1,-2.010685205E-2
7.389172768E1,6.578003168E-1,-7.137266397E-1,1.897500902E-1
7.391191461E1,6.439518929E-1,-1.438105941E0,3.063964546E-1
7.393210331E1,5.161202550E-1,-1.875929236E0,2.728406489E-1
7.395229367E1,4.884233773E-1,-1.446627975E0,2.344911546E-1
7.397248550E1,3.323622644E-1,-1.715074480E-1,1.945437789E-1
7.399267857E1,4.154528305E-2,7.195855975E-1,1.764342934E-1
7.401287263E1,7.563371956E-2,3.696464896E-1,2.355564237E-1
7.403306737E1,3.850927949E-1,-5.544697046E-1,3.617901504E-1
7.405326248E1,6.215813160E-1,-9.507477880E-1,4.081291258E-1
7.407345498E1,7.430213690E-1,-4.554001987E-1,3.830954432E-1
7.409364482E1,5.608612895E-1,2.444780022E-1,3.623228073E-1
7.411384013E1,6.498108059E-2,4.463454783E-1,3.607248962E-1
7.413402956E1,-4.367581010E-1,-3.675159439E-2,3.229080439E-1
7.415420784E1,-6.817687154E-1,-7.036066055E-1,1.695100814E-1
7.417438664E1,-5.214465261E-1,-8.815056682E-1,-1.884185076E-1
7.419456633E1,-3.360906839E-1,-2.716422379E-1,-3.806985915E-1
7.421474716E1,-3.020022511E-1,4.751075804E-1,-4.472775757E-1
7.423492935E1,-3.600591123E-1,3.941475451E-1,-6.432861090E-1
7.425511305E1,-5.741770864E-1,-2.359558940E-1,-8.558061719E-1
7.427529836E1,-6.311687231E-1,-4.234423041E-1,-1.075250506E0
7.429548534E1,-1.007739425E0,4.804339111E-1,-9.900293946E-1
7.431567399E1,-1.781120777E0,1.459943771E0,-8.776440620E-1
7.433586420E1,-2.200302124E0,2.102830410E0,-8.355661631E-1
7.435605576E1,-1.902560830E0,2.367015839E0,-7.625955939E-1
7.437624847E1,-1.352884769E0,1.637842894E0,-8.084019423E-1
7.439644211E1,-1.245293140E0,4.101265073E-1,-5.404881239E-1
7.441663644E1,-1.260206938E0,-1.130777359E0,-3.141196072E-1
7.443683112E1,-1.206943750E0,-1.960085154E0,-2.507364154E-1
7.445702586E1,-8.282424808E-1,-1.010402560E0,-3.679154217E-1
7.447721711E1,-1.587242782E-1,-1.097221524E-1,-9.586040974E-1
7.449740222E1,1.757684946E-1,-2.183790505E-2,-7.061366439E-1
7.451758482E1,1.129179448E-1,-4.687159956E-1,-8.217177391E-1
7.453776789E1,5.432844535E-2,-8.820382953E-1,-9.538104534E-1
7.455795159E1,1.731053442E-1,-1.641038656E0,-6.225134134E-1
7.457813607E1,2.689790726E-1,-2.049034595E0,-4.371575713E-1
7.459832144E1,4.101265073E-1,-1.455150127E0,-3.087933064E-1
7.461850774E1,5.619265437E-1,-9.997498989E-1,-2.342248410E-1
7.463869498E1,5.640571117E-1,-8.175898194E-1,-2.342248410E-1
7.465888315E1,4.852275848E-1,-6.087981462E-1,-4.141212255E-2
7.467907222E1,4.639223218E-1,-6.423539519E-1,3.298322558E-1
7.469926206E1,2.737727463E-1,-6.556697488E-1,5.205144286E-1
7.471945258E1,4.048001766E-2,-5.938844681E-1,6.275734305E-1
7.473964367E1,1.081242561E-1,-5.512739420E-1,7.745798230E-1
7.475983518E1,2.130527347E-1,-4.942823350E-1,8.219840527E-1
7.478002696E1,4.021370113E-1,-4.564654827E-1,6.616618633E-1
7.480022425E1,7.068024278E-1,-4.074633420E-1,4.438154697E-1
7.482041456E1,6.567350626E-1,-3.547327816E-1,2.312953621E-1
7.484059263E1,5.635244846E-1,-3.914843798E-1,3.315633163E-2
7.486077123E1,7.185203433E-1,-1.576590240E-1,-1.079910994E-1
7.488095071E1,1.048219442E0,3.414169848E-1,-3.418164849E-1
7.490113138E1,9.044088125E-1,1.692703962E0,-4.717786312E-1
7.492131352E1,4.410191476E-1,2.338786364E0,2.263685223E-3
7.494149727E1,1.912148297E-1,7.600656152E-1,6.414218545E-1
7.496168268E1,-1.693769246E-1,-1.385908008E0,1.006807327E0
7.498186977E1,-2.396843135E-1,-1.856221914E0,1.096822023E0
7.500205852E1,-3.206443489E-1,-1.267663717E0,1.226784229E0
7.502224883E1,-4.191812575E-1,-1.461009026E0,1.220392704E0
7.504244055E1,-4.745749533E-1,-2.040512562E0,1.016927361E0
7.506263347E1,-3.792338669E-1,-1.625592351E0,6.877608299E-1
7.508282732E1,3.707117438E-1,-5.155876279E-1,6.458161026E-2
7.510302185E1,1.565937519E0,2.977411747E-1,-3.753722608E-1
7.512321675E1,1.539305925E0,9.944236279E-1,-2.214416862E-1
7.514341138E1,1.232510090E0,9.374319762E-2,-2.651174963E-1
7.516360242E1,7.195855975E-1,-9.086698890E-1,6.419544816E-1
7.518378753E1,2.189116776E-1,-1.593634367E0,1.448891759E0
7.520397013E1,5.624592304E-1,-2.411756992E0,9.247819781E-1
7.522415321E1,6.530066133E-1,-1.375255346E0,3.532680571E-1
7.524433690E1,1.026381493E0,-2.716422379E-1,-3.647196293E-1
7.526452138E1,8.980172276E-1,6.897581816E-1,-4.589954615E-1
7.528470675E1,6.215813160E-1,2.013348341E-1,3.795001656E-2
7.530489305E1,6.317013502E-1,-7.526087761E-1,3.861580743E-3
7.532508029E1,9.518130422E-1,-3.137201369E-1,-1.324921697E-1
7.534526847E1,8.777772188E-1,-1.688442826E-1,-3.066627681E-1
7.536545753E1,3.648527861E-1,5.326318368E-2,-7.354313731E-1
7.538564737E1,-6.391582079E-3,4.442149401E-1,-1.231844187E0
7.540583789E1,1.065263641E-3,4.181159735E-1,-1.829457164E0
7.542602899E1,4.048001766E-2,3.249054253E-1,-2.294977427E0
7.544622050E1,-5.390233994E-1,-8.596677780E-1,-2.465952158E0
7.546641227E1,-9.747162461E-1,-2.328666210E0,-2.308293104E0
7.548660956E1,-4.154528081E-1,-5.965476483E-2,-1.802825570E0
7.550680013E1,4.197138846E-1,2.320144176E0,-1.627589703E0
7.552697873E1,8.037413955E-1,2.158224106E0,-1.361273766E0
7.554715779E1,6.141244769E-1,1.808284998E0,-1.137568355E0
7.556733763E1,2.077264041E-1,1.087101579E0,-9.958883524E-1
7.558751857E1,4.234423041E-1,1.337971091E0,-1.122654676E0
7.560770086E1,7.872298360E-1,1.925996661E0,-1.025715709E0
7.562788466E1,1.153680563E0,1.805089235E0,-5.527386665E-1
7.564807008E1,1.267131090E0,1.217596292E0,2.035985142E-1
7.566825716E1,1.078046799E0,2.471411675E-1,7.852324843E-1
7.568844586E1,1.094558358E0,-8.341014385E-1,1.031308413E0
7.570863607E1,1.612809181E0,-4.687159881E-2,1.007339954E0
7.572882763E1,1.855156660E0,2.246108294E0,1.028112531E0
7.574902034E1,1.858885050E0,3.624559641E0,1.108007312E0
7.576921399E1,1.975531459E0,4.098069191E0,9.263799191E-1
7.578940831E1,1.946769357E0,2.071405172E0,4.054659605E-1
7.580960300E1,2.136918783E0,1.476455450E0,-2.384859025E-1
7.582979753E1,2.230662107E0,1.995771408E0,-9.005472660E-1
7.584998857E1,2.116146326E0,1.971270323E0,-1.622796059E0
7.587017367E1,2.079394579E0,1.807219744E0,-2.355697393E0
7.589035628E1,2.145973682E0,1.938779831E0,-3.069423914E0
7.591053935E1,2.287121058E0,1.784316540E0,-3.848664284E0
7.593072305E1,2.346775770E0,1.179246902E0,-4.370110989E0
7.595090753E1,2.273805141E0,9.353014827E-1,-4.462256432E0
7.597109289E1,2.021870375E0,9.230509400E-1,-4.261986732E0
7.599127920E1,1.552089095E0,6.620613337E-1,-3.942940235E0
7.601146644E1,1.132907867E0,4.958802164E-1,-3.576489449E0
7.603165461E1,1.042893052E0,3.110569715E-1,-3.238801003E0
7.605184367E1,1.107341528E0,1.491369158E-1,-2.937331438E0
7.607203357E1,1.099884748E0,5.001412630E-1,-2.710430145E0
7.609222420E1,1.119059443E0,9.874994159E-1,-2.674743891E0
7.611241539E1,1.146223664E0,1.043958426E0,-2.740790129E0
7.613260701E1,1.158474207E0,7.041392922E-1,-2.817489147E0
7.615279888E1,1.099884748E0,2.609896064E-1,-2.873948097E0
7.617299628E1,1.009337306E0,1.576590240E-1,-2.883535624E0
7.619318675E1,9.560741186E-1,2.785664499E-1,-2.724278688E0
7.621336503E1,9.283772707E-1,3.281011879E-1,-2.402036428E0
7.623354383E1,9.374319911E-1,4.250401855E-1,-2.164482594E0
7.625372352E1,9.827057123E-1,7.046719193E-1,-2.020672083E0
7.627390435E1,9.709877968E-1,6.817687154E-1,-1.837979198E0
7.629408654E1,8.287751079E-1,4.644549489E-1,-1.495496988E0
7.631427029E1,6.013413072E-1,1.247956395E0,-1.022519946E0
7.633445571E1,8.873646259E-1,1.228781581E0,-1.130644202E0
7.635464279E1,8.926909566E-1,1.390169114E-1,-1.184972644E0
7.637483154E1,8.474172354E-1,-4.324970245E-1,-1.036900997E0
7.639502185E1,7.446193099E-1,-4.000065029E-1,-7.684545517E-1
7.641521352E1,4.303665161E-1,-4.623244107E-1,-5.777723789E-1
7.643540633E1,-5.273054913E-2,-4.431496859E-1,-5.708481669E-1
7.645560008E1,-5.832318664E-1,2.812296152E-1,-6.976145506E-1
7.647579451E1,-7.542066574E-1,1.753423929E0,-1.348490596E0
7.649598930E1,-6.141244769E-1,2.408028364E0,-2.076065779E0
7.651618409E1,-3.328948915E-1,1.358211160E0,-2.076598406E0
7.653637534E1,5.379581451E-2,1.015728831E0,-1.395362258E0
7.655656044E1,1.438105851E-1,1.150484681E0,-7.908250690E-1
7.657674305E1,-3.675159514E-1,7.898929715E-1,-8.563387990E-1
7.659692612E1,-1.004011035E0,4.340949357E-1,-8.435556293E-1
7.661710982E1,-1.046621561E0,5.512739420E-1,-6.155892015E-1
7.663729430E1,-7.941540480E-1,3.430148959E-1,-4.882902205E-1
7.665747966E1,-6.434192657E-1,-8.522109129E-3,-3.583280444E-1
7.667766597E1,-5.203812718E-1,-2.039979845E-1,-2.656501234E-1
7.669785321E1,-4.074633420E-1,-1.560611278E-1,-2.832269669E-1
7.671804138E1,-2.119874656E-1,1.720400751E-1,-2.560627460E-1
7.673823050E1,-1.065263618E-2,3.866907060E-1,-1.862879843E-1
7.675842050E1,1.070589945E-1,5.262402296E-1,-1.937448233E-1
7.677861123E1,2.370211631E-1,5.368928909E-1,-1.138500497E-1
7.679880253E1,4.000065029E-1,4.319643974E-1,-9.467530251E-2
7.681899425E1,4.207791388E-1,2.886864543E-1,-1.324921697E-1
7.683918617E1,2.876211703E-1,1.741705984E-1,-9.307741374E-2
7.685938357E1,1.853558719E-1,4.048001766E-2,-1.318263728E-2
7.687957388E1,2.194443047E-1,1.438105945E-2,5.978792161E-2
7.689975185E1,-3.515370190E-2,1.581916511E-1,7.203845680E-2
7.691993034E1,6.125266105E-2,8.894951642E-2,1.013332009E-1
7.694010972E1,4.580633640E-1,8.894951642E-2,2.323606312E-1
7.696029029E1,4.293012619E-1,2.567285299E-1,3.277017176E-1
