"Time (s)","Acceleration x (m/s^2)","Acceleration y (m/s^2)","Acceleration z (m/s^2)"
1.593387500E-2,-1.524826288E0,3.416352510E0,8.664410591E0
3.614460400E-2,-1.443470240E0,3.294318676E0,8.240283012E0
5.641799000E-2,-1.567897081E0,3.244069338E0,8.379665375E0
7.669080200E-2,-1.541576028E0,3.181855917E0,8.556734085E0
9.696314600E-2,-1.292722464E0,3.054438114E0,8.134998322E0
1.172352810E-1,-1.031904817E0,3.073580742E0,7.563114166E0
1.375071040E-1,-1.173081279E0,2.834298372E0,7.481758118E0
1.577787190E-1,-1.268794179E0,2.585444927E0,7.996214867E0
1.780501770E-1,-8.045865893E-1,2.293520451E0,8.024929047E0
1.983214790E-1,-5.814558864E-1,2.322234392E0,7.878966808E0
2.185926770E-1,-1.232901812E0,2.355733871E0,8.247461319E0
2.388638230E-1,-8.787640929E-1,2.157129526E0,1.007916737E1
2.591349170E-1,-2.488535494E-1,1.654038668E0,1.070189953E1
2.794058540E-1,-9.332008660E-2,1.479362607E0,9.617352486E0
2.996768440E-1,1.866401732E-1,1.701895118E0,8.762516975E0
3.199477810E-1,6.705885530E-1,1.955534339E0,8.657232285E0
3.402186150E-1,1.220937729E0,1.883749604E0,8.726624489E0
3.604895000E-1,1.254437327E0,1.737787485E0,9.233902931E0
3.807603330E-1,1.566102386E0,2.075175524E0,9.064012527E0
4.010311670E-1,2.216950178E0,1.670788407E0,9.119047165E0
4.213020000E-1,2.452044964E0,7.082754970E-1,9.399605751E0
4.415727810E-1,2.483151674E0,-9.152546525E-2,1.065882874E1
4.619727810E-1,1.067797065E0,-2.997010350E-1,1.231286716E1
4.821143960E-1,9.571290575E-3,-1.489532143E-1,1.202333546E1
5.023851250E-1,8.739784956E-1,-2.159522474E-1,1.162612724E1
5.226559580E-1,7.040880919E-1,-7.639086246E-1,1.119003487E1
5.429267400E-1,5.988038778E-1,-6.759724021E-2,1.073539925E1
5.631974690E-1,1.322034478E0,5.503492057E-2,9.945169449E0
5.834683020E-1,1.525424480E0,-3.954139352E-1,9.028120041E0
6.037390310E-1,1.297508121E0,-1.369891018E-1,9.176474571E0
6.240098120E-1,1.024726272E0,2.105683982E-1,1.002891827E1
6.442805420E-1,7.998009920E-1,1.818545163E-1,1.022512913E1
6.645513230E-1,5.868397355E-1,2.512463629E-1,9.882955551E0
6.848220520E-1,2.709871531E-1,7.441678643E-1,9.717850685E0
7.050928330E-1,4.624129832E-1,9.116654396E-1,9.329615593E0
7.253635620E-1,8.811569214E-1,9.906286001E-1,9.202795982E0
7.456342920E-1,8.356932998E-1,1.074975610E0,9.847063065E0
7.660342920E-1,8.931210637E-1,1.177866936E0,1.028495026E1
7.861758020E-1,1.386640668E0,1.180259824E0,9.815957069E0
8.064465310E-1,2.516651154E0,1.713859200E0,9.059226990E0
8.267172600E-1,3.538984776E0,2.286342144E0,7.977072716E0
8.469879900E-1,2.858824968E0,3.148356438E0,8.278568268E0
8.673879900E-1,1.625923038E0,4.213760853E0,9.119047165E0
8.875295000E-1,1.130010486E0,4.754538536E0,8.638090134E0
9.078002290E-1,6.203392744E-1,4.857429981E0,8.384450912E0
9.280709580E-1,4.097708762E-1,4.658825874E0,8.182855606E0
9.484789270E-1,3.308077157E-1,4.723432064E0,8.848658562E0
9.687609580E-1,5.700899959E-1,4.395615101E0,8.657232285E0
9.888762190E-1,1.374676585E0,4.208974838E0,9.059226990E0
1.009148354E0,3.016751051E0,5.647659779E0,9.423533440E0
1.029420177E0,1.041476011E0,5.877370834E0,1.082871914E1
1.049691740E0,-6.939185411E-2,2.932404041E0,9.923633575E0
1.069963146E0,-4.402793646E-1,3.047259569E0,8.827122688E0
1.090234448E0,-6.340979934E-1,3.327818155E0,8.446663857E0
1.110505594E0,-5.694918036E-1,3.495315790E0,9.181260109E0
1.130776687E0,0.000000000E0,2.525624275E0,9.440283775E0
1.151047729E0,7.710871100E-1,1.347757339E0,1.004088211E1
1.171318667E0,1.637887120E0,5.527420044E-1,1.202572823E1
1.191589552E0,-2.153540403E-2,1.838286042E0,1.081436157E1
1.211860437E0,-5.934200287E-1,2.925225735E0,9.591031075E0
1.232131271E0,-1.220339537E-1,2.939582586E0,9.916455269E0
1.252402000E0,-6.867401004E-1,1.972284079E0,1.074497032E1
1.272672781E0,-7.489534616E-1,1.094118118E0,1.016530895E1
1.292943562E0,5.264209956E-2,1.508076429E0,9.207581520E0
1.313214344E0,9.864411354E-1,1.938784599E0,7.869395256E0
1.333485073E0,9.332008660E-2,2.839084148E0,8.618947029E0
1.353755750E0,6.699903309E-2,2.650051117E0,9.636494637E0
1.374026531E0,1.999203324E0,2.592623234E0,9.358927727E0
1.394297208E0,2.204986095E0,3.390031576E0,9.406784058E0
1.414567885E0,1.585245013E0,2.784049034E0,9.418747902E0
1.434838667E0,1.465603828E0,2.781656265E0,9.334401131E0
1.455109344E0,2.001596212E0,3.423531055E0,9.152546883E0
1.475380021E0,4.800600529E0,1.280758262E0,7.649255753E0
1.495650698E0,5.171487808E0,2.082952023E0,5.985047817E0
1.515921375E0,3.476771355E0,2.128415823E0,5.772086620E0
1.536192052E0,3.625126362E0,6.815955162E0,9.320044518E0
1.556462729E0,3.625126362E0,6.930810928E0,7.055237770E0
1.576733406E0,1.118046403E0,5.903691769E0,6.174080849E0
1.597004135E0,4.504488707E-1,5.216951370E0,6.859025955E0
1.617274760E0,1.831705689E0,5.209773064E0,7.622934818E0
1.637545437E0,4.289134443E-1,2.898904562E0,7.855038643E0
1.657816115E0,4.576273263E-1,3.126821041E0,8.676374435E0
1.678086792E0,7.591229677E-1,4.347758770E0,8.072785378E0
1.698357469E0,-5.383850932E-1,8.039285660E0,5.757729530E0
1.718628146E0,1.034297585E0,7.117451191E0,5.740979671E0
1.738898771E0,1.096511006E0,2.408375978E0,7.467401028E0
1.759169448E0,6.002395630E0,2.930011272E0,9.736993790E0
1.779440125E0,9.763913155E0,1.890928149E0,1.240857983E1
1.799710750E0,8.135597229E0,2.487339020E0,1.082154083E1
1.819981427E0,6.510272026E0,2.547159672E0,7.855038643E0
1.840252104E0,5.082953453E0,3.284747362E0,5.748157978E0
1.860522729E0,4.091726780E0,3.119044304E0,6.011368752E0
1.880793406E0,3.809373617E0,3.004188776E0,6.040082455E0
1.901064031E0,2.875574589E0,3.844667673E0,5.889334679E0
1.921334708E0,1.865205288E0,3.619742393E0,6.075974941E0
1.941605333E0,2.262413740E0,2.817548752E0,6.624529362E0
1.961875958E0,3.756731510E0,2.379662037E0,7.007380962E0
1.982146635E0,5.358128071E0,1.967498422E0,6.981060028E0
2.002417260E0,5.861218929E0,1.855035782E0,6.713063717E0
2.022687885E0,6.150750637E0,1.405185103E0,6.751348972E0
2.042958562E0,6.687341213E0,1.321436286E0,7.256234646E0
2.063229187E0,8.126026154E0,8.590233326E-1,7.244270325E0
2.083499812E0,9.854840279E0,8.039883971E-1,6.892525673E0
2.103770437E0,1.072403336E1,5.623133183E-1,6.279963017E0
2.124041062E0,1.029272652E1,5.407779217E-1,5.681159019E0
2.144311740E0,1.025204849E1,8.638089895E-1,5.166104317E0
2.164582365E0,1.051765156E1,1.055832982E0,4.024129391E0
2.184852990E0,1.047458076E1,8.231309652E-1,2.953939438E0
2.205123615E0,1.171286678E1,1.141974568E0,3.421138287E0
2.225394240E0,1.348893929E1,1.244866014E0,3.842274904E0
2.245664865E0,1.292662621E1,1.072582722E0,2.532802820E0
2.266064865E0,1.080060291E1,1.608574986E0,8.638089895E-1
2.286206115E0,1.102074242E1,2.102094650E0,-2.973082066E-1
2.306476740E0,1.196411324E1,2.379662037E0,-1.733600020E0
2.326747365E0,1.014197922E1,2.504088879E0,-3.737588882E0
2.347017990E0,9.363713264E0,2.566302299E0,-4.192823410E0
2.367417990E0,9.850054741E0,2.226521492E0,-4.719244480E0
2.387559240E0,9.804591179E0,1.960319996E0,-6.102894306E0
2.407829812E0,9.179466248E0,1.898106575E0,-6.696912289E0
2.428100437E0,8.559126854E0,1.740180254E0,-6.028716564E0
2.448371062E0,7.932207108E0,1.766501307E0,-4.946562767E0
2.468771062E0,6.196214199E0,1.912463546E0,-5.190630436E0
2.488912312E0,5.432305813E0,1.950748682E0,-5.911468506E0
2.509182885E0,5.889933109E0,1.871785522E0,-5.892325878E0
2.529453510E0,7.079763889E0,1.723430514E0,-5.638686657E0
2.549724135E0,8.164310455E0,1.591825247E0,-5.727221012E0
2.570124135E0,8.956933022E0,1.417149186E0,-5.724828243E0
2.590265333E0,9.457033157E0,1.125224829E0,-5.294120312E0
2.610535958E0,9.349356651E0,1.201795220E0,-4.733601570E0
2.630806583E0,8.763114929E0,1.644467354E0,-4.489533424E0
2.651077208E0,8.149953842E0,1.627717614E0,-4.948955536E0
2.671347781E0,8.216953278E0,1.517647743E0,-5.267798901E0
2.691618406E0,8.118846893E0,1.888535261E0,-6.981658459E0
2.711889031E0,7.469794273E0,2.190629244E0,-9.464810371E0
2.732159604E0,6.790232658E0,2.465803623E0,-1.016590691E1
2.752430229E0,7.637889862E0,2.099701881E0,-7.275975227E0
2.772700854E0,7.498507977E0,2.238485575E0,-5.294120312E0
2.792971479E0,7.568498135E0,3.200998545E0,-4.755136967E0
2.813242104E0,8.863613129E0,3.373281717E0,-5.478367329E0
2.833512677E0,8.319844246E0,3.658027649E0,-5.966503143E0
2.853783302E0,6.672984123E0,4.175475597E0,-5.710471153E0
2.874053927E0,5.562116146E0,4.213760853E0,-5.605186939E0
2.894324552E0,7.046264648E0,3.210569859E0,-6.431309223E0
2.914595177E0,6.919445038E0,2.676372051E0,-7.774280548E0
2.934865802E0,5.066203594E0,3.097508907E0,-7.264011383E0
2.955136427E0,6.461817741E0,3.500101328E0,-6.217749596E0
2.975407052E0,1.102792168E1,2.877369165E0,-5.507081509E0
2.995677677E0,9.397212982E0,2.975475073E0,-5.983253002E0
3.015948302E0,5.880361557E0,3.087937593E0,-6.232106686E0
3.036218927E0,4.642673969E0,3.576671600E0,-5.528616905E0
3.056489552E0,7.036693096E0,2.834298372E0,-4.846064091E0
3.076760177E0,1.049611664E1,2.298306227E0,-6.381059647E0
3.097030802E0,6.890730858E0,2.135594130E0,-7.479963779E0
3.117301479E0,5.279164791E0,1.311864972E0,-6.804589272E0
3.137572104E0,6.320641041E0,8.949156404E-1,-6.088537216E0
3.157842729E0,6.413960934E0,-1.216750264E0,-7.101299286E0
3.178113354E0,6.098108292E0,-1.661815286E0,-7.683353424E0
3.198383979E0,4.237689018E0,-1.400997639E0,-7.000801086E0
3.218654604E0,5.875576019E0,-2.805584669E-1,-5.368297577E0
3.238925229E0,8.770293236E0,-2.035095692E0,-5.509474277E0
3.259195906E0,8.643473625E0,-1.948953986E0,-7.465606689E0
3.279466531E0,8.612366676E0,-7.328019142E-1,-6.744768620E0
3.299737156E0,8.506484032E0,-1.369891018E-1,-4.673780918E0
3.320007781E0,7.786244869E0,4.283152521E-1,-3.687339783E0
3.340278458E0,8.216953278E0,-8.913264424E-2,-6.217749596E0
3.360549083E0,8.183453560E0,-2.047059774E0,-8.676973343E0
3.380819708E0,7.063014030E0,-1.953739643E0,-7.838887215E0
3.401090385E0,6.771090031E0,-2.779861689E0,-5.660222054E0
3.421361010E0,7.623532772E0,-2.492722988E0,-5.468796253E0
3.441631687E0,8.020741463E0,-2.645863533E0,-5.990431309E0
3.461902312E0,8.257631302E0,-2.523829699E0,-6.488736629E0
3.482172937E0,9.088538170E0,-2.148156643E0,-7.089335442E0
3.502443615E0,8.837292671E0,-2.227119684E0,-6.495915413E0
3.522714240E0,7.335795879E0,-9.631111473E-2,-3.031108141E0
3.542984917E0,4.889134884E0,1.601396561E0,-6.684948444E0
3.563255542E0,2.861217737E0,1.448255897E0,-8.590831757E0
3.583526219E0,4.661816597E0,-9.385846853E-1,-8.621937752E0
3.603796844E0,5.528616905E0,-1.585245013E0,-9.665806770E0
3.624067521E0,5.480760098E0,-2.107478619E0,-9.548559189E0
3.644338146E0,4.783850670E0,-2.818146944E0,-9.246464729E0
3.664608823E0,4.501497746E0,-2.169692039E0,-9.107681274E0
3.684879448E0,3.900300980E0,-9.984052777E-1,-7.898707390E0
3.705150125E0,4.946562767E0,3.289532900E0,-8.011170387E0
3.725420750E0,5.650650501E0,-1.345962733E-1,-8.662615776E0
3.745691427E0,6.026323795E0,-1.762313843E0,-8.956933022E0
3.766091427E0,5.751149178E0,-2.521436930E0,-9.792626381E0
3.786232729E0,3.095714331E0,-1.759921074E0,-9.780662537E0
3.806503406E0,2.607578516E0,-5.748756528E-1,-8.319844246E0
3.826774031E0,3.804588079E0,-1.042074203E0,-8.085348129E0
3.847044708E0,3.991228104E0,-2.487937450E0,-9.040681839E0
3.867444708E0,3.334996462E0,-2.349153519E0,-9.488738060E0
3.887586010E0,3.543770313E0,-1.408176184E0,-9.541379929E0
3.907856635E0,3.296711445E0,7.322037220E-1,-8.954540253E0
3.928127312E0,2.166700840E0,9.667003751E-1,-7.802994728E0
3.948535281E0,4.053441525E0,-1.147358418E0,-9.448060036E0
3.968817260E0,3.735196114E0,-1.238285661E0,-1.109252739E1
3.988932417E0,2.209771633E0,-2.121835470E0,-1.040758228E1
4.009204448E0,8.117650747E-1,-2.461616278E0,-9.236893654E0
4.029476167E0,6.849454641E-1,-2.337189436E0,-9.126823425E0
4.049747729E0,1.915454507E0,-1.884347796E0,-9.455238342E0
4.070019083E0,3.749552965E0,-1.369890928E0,-9.883553505E0
4.090290281E0,4.192225456E0,-2.442473650E0,-9.704092026E0
4.110561427E0,3.004786968E0,-2.531008244E0,-9.320642471E0
4.130832469E0,1.913061738E0,-1.776670814E0,-9.510273933E0
4.151099448E0,1.745564103E0,-1.929811478E0,-9.658628464E0
4.171335750E0,1.283151150E0,-2.085943222E0,-9.289535522E0
4.191645698E0,1.558923960E0,-2.633899450E0,-9.234500885E0
4.211916427E0,2.645863533E0,-2.636292458E0,-8.906683922E0
4.232187104E0,2.810968399E0,-2.715255499E0,-9.584450722E0
4.252457781E0,2.734398127E0,-2.538186550E0,-9.948160172E0
4.272728458E0,2.636292458E0,-2.538186550E0,-9.687342644E0
4.292999083E0,1.941775560E0,-2.365903378E0,-9.215357780E0
4.313269812E0,1.386640668E0,-1.697707653E0,-9.426525116E0
4.333540490E0,1.628315806E0,-2.602792740E0,-9.433703423E0
4.353811115E0,2.267199516E0,-2.595614433E0,-9.047860146E0
4.374081740E0,1.420140266E0,-2.609971285E0,-9.448060036E0
4.394352417E0,7.519445419E-1,-2.629113913E0,-9.028717995E0
4.414623094E0,1.393819213E0,-2.425724030E0,-8.380263329E0
4.434893771E0,1.750349760E0,-3.007179976E0,-9.294321060E0
4.455293771E0,2.502294302E0,-3.972085476E0,-9.205786705E0
4.475435073E0,2.397010088E0,-4.257429600E0,-8.216953278E0
4.495705698E0,1.970489502E0,-4.250251293E0,-8.035098076E0
4.515976375E0,2.054238319E0,-5.011168957E0,-8.748757362E0
4.536247000E0,2.126022816E0,-4.444069862E0,-9.220144272E0
4.556517677E0,1.185045362E0,-3.952943087E0,-9.493523598E0
4.576788302E0,1.153938770E0,-3.256631613E0,-8.863613129E0
4.597058979E0,1.420140266E0,-4.515854359E0,-8.727222443E0
4.617329604E0,2.593221426E0,-5.648257732E0,-9.503094673E0
4.637600281E0,2.578864574E0,-3.330809116E0,-1.054457092E1
4.657870906E0,1.592423439E0,-1.745564103E0,-9.708877563E0
4.678141583E0,2.794218540E0,-1.968096644E-1,-9.114859581E0
4.698412260E0,4.721637249E0,-7.256234884E-1,-9.078967094E0
4.718682885E0,4.211368084E0,-2.459223509E0,-8.743971825E0
4.738953562E0,3.852444410E0,-2.839682341E0,-8.720044136E0
4.759224187E0,3.098107100E0,-2.758326292E0,-8.813364029E0
4.779494812E0,2.837289333E0,-2.861217737E0,-8.772686005E0
4.799765490E0,3.016751051E0,-2.583650351E0,-9.095717430E0
4.820036115E0,3.936193228E0,-2.296511650E0,-9.000003815E0
4.840306792E0,4.074976921E0,-7.639086246E-1,-8.875576973E0
4.860577417E0,3.931407690E0,-2.365903378E0,-8.660223007E0
4.880848042E0,3.814159393E0,-2.954537868E0,-8.815756798E0
4.901118719E0,4.039084435E0,-3.433700562E0,-9.021539688E0
4.921389344E0,4.139583111E0,-3.747160196E0,-8.930612564E0
4.941659969E0,3.862015724E0,-2.614757061E0,-8.839685440E0
4.962059969E0,3.155534744E0,-2.160120726E0,-9.117252350E0
4.982201271E0,2.401795626E0,-2.162513494E0,-8.966505051E0
5.002471896E0,1.779063582E0,-2.619542599E0,-9.346963882E0
5.022742573E0,1.869990945E0,-2.755933523E0,-9.677771568E0
5.043013198E0,2.135594130E0,-2.691327333E0,-9.253643036E0
5.063283823E0,2.397010088E0,-2.748754978E0,-9.318249702E0
5.083554448E0,1.836491346E0,-2.260619164E0,-9.179466248E0
5.103825125E0,-1.818545163E-1,-3.589233875E0,-8.851649284E0
5.124095750E0,4.528416991E-1,-4.312464714E0,-8.571688652E0
5.144366375E0,1.338784218E0,-4.479962349E0,-8.090133667E0
5.164637000E0,1.812563181E0,-3.802195072E0,-9.306285858E0
5.184907677E0,2.099701881E0,-2.992822886E0,-9.751948357E0
5.205178302E0,1.621137381E0,-2.559721947E0,-9.117252350E0
5.225448927E0,1.247258782E0,-3.510270834E0,-8.937790871E0
5.245719552E0,1.496710539E0,-4.043870449E0,-9.270393372E0
5.266119552E0,1.901097536E0,-3.694518089E0,-9.260822296E0
5.286260802E0,2.437688112E0,-3.996013880E0,-8.889934540E0
5.306531427E0,2.190629244E0,-4.127619267E0,-9.021539688E0
5.326802052E0,2.111665964E0,-3.677768469E0,-9.404989243E0
5.347072677E0,1.755135417E0,-3.536591768E0,-9.998409271E0
5.367472446E0,1.771885157E0,-3.235096216E0,-9.558130264E0
5.387613696E0,2.047059774E0,-2.447259426E0,-9.414560318E0
5.407884321E0,2.509472847E0,-1.503889084E0,-9.419346809E0
5.428154946E0,3.277568817E0,-1.259821177E0,-7.218547821E0
5.448425571E0,4.003192425E0,-1.611566067E0,-9.519845009E0
5.468825571E0,2.918645382E0,-4.783850670E0,-9.993623734E0
5.488966769E0,3.783052683E0,-3.756731510E0,-8.660223007E0
5.509237394E0,2.557329178E0,-9.888339639E-1,-9.167501450E0
5.529508019E0,1.862812400E0,-9.218349457E-1,-9.522237778E0
5.549778644E0,2.459223509E0,-2.921038151E0,-8.921041489E0
5.570178644E0,3.100499868E0,-3.050250769E0,-8.743971825E0
5.590319894E0,3.105285645E0,-2.763111830E0,-9.057432175E0
5.610590467E0,3.792623997E0,-3.780659676E0,-7.673782349E0
5.630861092E0,2.605185747E0,-2.162513494E0,-8.645866394E0
5.651131717E0,2.954537868E0,-2.593221426E0,-1.103988552E1
5.671402342E0,3.589233875E0,-3.232703447E0,-8.990432739E0
5.691672915E0,2.851646423E0,-2.265404940E0,-8.985647202E0
5.711943540E0,2.806182861E0,-2.509472847E0,-9.098110199E0
5.732214113E0,2.782254457E0,-2.540579557E0,-9.031110764E0
5.752484738E0,3.088535786E0,-2.901895761E0,-9.086145401E0
5.772755311E0,3.325425386E0,-2.877967358E0,-8.921041489E0
5.793025936E0,3.220141172E0,-2.645863533E0,-8.851649284E0
5.813296561E0,3.107678413E0,-2.471187592E0,-8.808578491E0
5.833567134E0,3.236890793E0,-2.595614433E0,-8.839685440E0
5.853837759E0,3.169891834E0,-2.665006161E0,-8.952147484E0
5.874108331E0,3.251247883E0,-2.808575630E0,-9.047860146E0
5.894378956E0,3.241676569E0,-2.751147747E0,-9.210572243E0
5.914649529E0,3.155534744E0,-2.621935368E0,-9.155537605E0
5.934920102E0,3.148356438E0,-2.593221426E0,-9.119645119E0
5.955190727E0,3.215355396E0,-2.542972326E0,-9.100502968E0
5.975461300E0,3.306282759E0,-2.600399971E0,-9.059824944E0
5.995731873E0,3.450450182E0,-2.641077995E0,-8.947361946E0
6.016002498E0,3.366103172E0,-2.629113913E0,-8.899505615E0
6.036273071E0,3.263211966E0,-2.564507723E0,-8.968897820E0
6.056543644E0,3.236890793E0,-2.514258385E0,-9.035896301E0
6.076814217E0,3.272783279E0,-2.521436930E0,-9.071788788E0
6.097084842E0,3.318246841E0,-2.562114954E0,-9.021539688E0
6.117355415E0,3.287140131E0,-2.679363251E0,-8.904291153E0
6.137625988E0,3.217748165E0,-2.810968399E0,-8.854042053E0
6.157896561E0,3.069393158E0,-2.827718258E0,-8.894720078E0
6.178167134E0,2.846860647E0,-2.782254457E0,-8.983254433E0
6.198437706E0,2.703291416E0,-2.777468920E0,-9.143573761E0
6.218708279E0,2.758326292E0,-2.720041037E0,-9.299106598E0
6.238978852E0,3.107678413E0,-2.770290375E0,-9.217751503E0
6.259249425E0,3.375674486E0,-2.818146944E0,-9.126823425E0
6.279519998E0,3.428914785E0,-2.980858803E0,-9.083752632E0
6.299790571E0,3.402593851E0,-2.988037348E0,-9.067003250E0
6.320061144E0,3.354139090E0,-2.784647465E0,-9.067003250E0
6.340331717E0,3.404986620E0,-2.480758905E0,-9.028717995E0
6.360602290E0,3.426522017E0,-2.215155602E0,-9.007183075E0
6.380872863E0,3.416950703E0,-2.100300074E0,-9.117252350E0
6.401143384E0,3.205784082E0,-2.032702923E0,-9.131608963E0
6.421413904E0,3.081357241E0,-2.054238319E0,-9.090931892E0
6.441684477E0,3.059821844E0,-1.939382792E0,-9.071788788E0
6.461955050E0,3.081357241E0,-1.846062660E0,-8.916254997E0
6.482225571E0,3.028715372E0,-1.611566067E0,-8.849256516E0
6.502496144E0,2.856431961E0,-1.381855130E0,-8.904291153E0
6.522766717E0,2.906681299E0,-1.688136339E0,-9.081359863E0
6.543037290E0,3.248854876E0,-1.989632010E0,-9.198608398E0
6.563307811E0,3.634697676E0,-1.810170293E0,-9.191430092E0
6.583578384E0,3.594019651E0,-1.441675663E0,-9.153144836E0
6.603848904E0,3.239283562E0,-1.542174220E0,-9.095717430E0
6.624119477E0,2.966501951E0,-1.824527264E0,-9.038289070E0
6.644386040E0,3.212962627E0,-1.989632010E0,-9.114859581E0
6.664621977E0,3.773481369E0,-2.025524378E0,-9.217751503E0
6.684931717E0,4.120440483E0,-1.932204247E0,-9.220144272E0
6.705202134E0,3.826123476E0,-1.915454507E0,-9.021539688E0
6.725472550E0,3.505485058E0,-2.018345833E0,-8.849256516E0
6.745743071E0,3.426522017E0,-2.196012974E0,-8.827720642E0
6.766143019E0,3.416950703E0,-2.406581402E0,-9.007183075E0
6.786284009E0,3.483949661E0,-2.334796667E0,-9.191430092E0
6.806554477E0,3.493520975E0,-2.093121529E0,-9.244071960E0
6.826824946E0,3.493520975E0,-1.965703845E0,-9.227322578E0
6.847095519E0,3.354139090E0,-1.929811478E0,-9.260822296E0
6.867495519E0,3.181855917E0,-1.910668850E0,-9.289535522E0
6.887636561E0,3.141177893E0,-1.877169371E0,-9.265607834E0
6.907907029E0,3.150749207E0,-1.896311998E0,-9.179466248E0
6.928177602E0,3.165106058E0,-1.982453585E0,-9.143573761E0
6.948585519E0,3.153141975E0,-2.081157446E0,-9.189037323E0
6.968867238E0,3.076571703E0,-2.148156643E0,-9.241679192E0
6.988982238E0,3.047857761E0,-2.186441660E0,-9.224929810E0
7.009254165E0,3.019144058E0,-2.131406784E0,-9.122037888E0
7.029525779E0,2.971287489E0,-2.039881229E0,-9.040681839E0
7.049797134E0,2.935395241E0,-1.992024899E0,-9.028717995E0
7.070068279E0,3.019144058E0,-1.977667928E0,-9.105288506E0
7.090339373E0,3.172284603E0,-2.063809633E0,-9.138788223E0
7.110610363E0,3.265604734E0,-2.083550215E0,-9.162715912E0
7.130881248E0,3.315854073E0,-2.030309916E0,-9.143573761E0
7.151152081E0,3.339782238E0,-2.003988981E0,-9.160323143E0
7.171422863E0,3.395415306E0,-2.025524378E0,-9.150752068E0
7.191693488E0,3.358924866E0,-2.090728760E0,-9.129216194E0
7.211964113E0,3.368496180E0,-2.109871387E0,-9.086145401E0
7.232234790E0,3.284747362E0,-2.006381750E0,-9.102895737E0
7.252505363E0,3.267997503E0,-1.936989903E0,-9.136395454E0
7.272775936E0,3.313461065E0,-1.946561217E0,-9.157930374E0
7.293046509E0,3.330210924E0,-1.953739643E0,-9.162715912E0
7.313317029E0,3.325425386E0,-1.982453585E0,-9.167501450E0
7.333587602E0,3.344567776E0,-2.054238319E0,-9.153144836E0
7.353858123E0,3.337389469E0,-2.109871387E0,-9.179466248E0
7.374128644E0,3.313461065E0,-2.126621008E0,-9.184251785E0
7.394399165E0,3.289532900E0,-2.143370867E0,-9.090931892E0
7.414669686E0,3.181855917E0,-2.102692842E0,-9.055039406E0
7.434940206E0,3.088535786E0,-2.011167526E0,-9.093324661E0
7.455210675E0,3.112463951E0,-1.987239242E0,-9.069396019E0
7.475481196E0,3.160320520E0,-1.936989903E0,-9.167501450E0
7.495751665E0,3.148356438E0,-1.972882271E0,-9.227322578E0
7.516022186E0,3.150749207E0,-2.083550215E0,-9.248857498E0
7.536292654E0,3.258426189E0,-2.100300074E0,-9.193822861E0
7.556563123E0,3.334996462E0,-2.056631088E0,-9.162715912E0
7.576833644E0,3.400201082E0,-2.112264156E0,-9.157930374E0
7.597104113E0,3.402593851E0,-2.181656122E0,-9.119645119E0
7.617374634E0,3.354139090E0,-2.143370867E0,-9.107681274E0
7.637645154E0,3.296711445E0,-2.176870346E0,-9.138788223E0
7.657915623E0,3.241676569E0,-2.210369825E0,-9.143573761E0
7.678186092E0,3.181855917E0,-2.172084808E0,-9.189037323E0
7.698456561E0,3.193820000E0,-2.176870346E0,-9.215357780E0
7.718727081E0,3.102892876E0,-2.258226395E0,-9.208179474E0
7.738997550E0,2.971287489E0,-2.229512453E0,-9.143573761E0
7.759268019E0,2.854039192E0,-2.181656122E0,-9.100502968E0
7.779538488E0,2.700898647E0,-2.093121529E0,-9.064610481E0
7.799808956E0,2.703291416E0,-1.886740685E0,-8.985647202E0
7.820079425E0,2.827718258E0,-2.191227436E0,-9.038289070E0
7.840349894E0,2.983251572E0,-2.051845312E0,-9.424132347E0
7.860620363E0,2.710469961E0,-1.855633974E0,-9.534201622E0
7.880890831E0,2.444866419E0,-1.781456470E0,-9.443274498E0
7.901161300E0,2.159522533E0,-1.700100541E0,-9.424132347E0
7.921431769E0,2.047059774E0,-1.647458434E0,-9.527023315E0
7.941702238E0,2.130808592E0,-1.623530149E0,-9.558130264E0
7.961972706E0,2.358724833E0,-1.661815286E0,-9.558130264E0
7.982243175E0,2.564507723E0,-1.731207132E0,-9.445667267E0
8.002513644E0,2.710469961E0,-1.853241086E0,-9.327820778E0
8.022784113E0,2.696112871E0,-1.939382792E0,-9.210572243E0
8.043054581E0,2.600399971E0,-1.913061738E0,-9.244071960E0
8.063324998E0,2.569293261E0,-1.939382792E0,-9.334999084E0
8.083595415E0,2.593221426E0,-1.977667928E0,-9.412167549E0
8.103865884E0,2.631506681E0,-2.059023857E0,-9.402596474E0
8.124136352E0,2.688934565E0,-2.013560295E0,-9.354142189E0
8.144406821E0,2.717648268E0,-1.953739643E0,-9.337391853E0
8.164677342E0,2.746362209E0,-1.855633974E0,-9.383454323E0
8.184947811E0,2.791825771E0,-1.860419631E0,-9.395418167E0
8.205218227E0,2.741576433E0,-1.838884234E0,-9.407382011E0
8.225488644E0,2.693720102E0,-1.800599098E0,-9.419346809E0
8.245759113E0,2.641077995E0,-1.774278045E0,-9.407382011E0
8.266159113E0,2.614757061E0,-1.786242127E0,-9.412167549E0
8.286300050E0,2.600399971E0,-1.819741607E0,-9.388239861E0
8.306570519E0,2.586043119E0,-1.819741607E0,-9.332606316E0
8.326840988E0,2.593221426E0,-1.850848317E0,-9.344570160E0
8.347111456E0,2.535793781E0,-1.877169371E0,-9.393025398E0
8.367511456E0,2.523829699E0,-1.905883193E0,-9.464810371E0
8.387652342E0,2.554936409E0,-1.941775560E0,-9.495916367E0
8.407922811E0,2.566900492E0,-1.901097536E0,-9.443274498E0
8.428193279E0,2.554936409E0,-1.848455548E0,-9.397810936E0
8.448463748E0,2.564507723E0,-1.826920033E0,-9.390632629E0
8.468863748E0,2.593221426E0,-1.819741607E0,-9.371489525E0
8.489004634E0,2.605185747E0,-1.805384636E0,-9.351749420E0
8.509275102E0,2.581257343E0,-1.805384636E0,-9.354142189E0
8.529545571E0,2.605185747E0,-1.848455548E0,-9.354142189E0
8.549815988E0,2.612364054E0,-1.848455548E0,-9.393025398E0
8.570215988E0,2.643470764E0,-1.896311998E0,-9.390632629E0
8.590356925E0,2.657827854E0,-1.881955028E0,-9.383454323E0
8.610627394E0,2.653042078E0,-1.841277003E0,-9.354142189E0
8.630897811E0,2.633899450E0,-1.812563181E0,-9.388239861E0
8.651168279E0,2.593221426E0,-1.817348838E0,-9.404989243E0
8.671438748E0,2.583650351E0,-1.817348838E0,-9.402596474E0
8.691709165E0,2.590828657E0,-1.843669891E0,-9.385847092E0
8.711979634E0,2.571686029E0,-1.841277003E0,-9.383454323E0
8.732250102E0,2.574079037E0,-1.874776483E0,-9.390632629E0
8.752520571E0,2.571686029E0,-1.893919110E0,-9.385847092E0
8.772790988E0,2.602792740E0,-1.884347796E0,-9.419346809E0
8.793061456E0,2.600399971E0,-1.884347796E0,-9.404989243E0
8.813331873E0,2.619542599E0,-1.872383714E0,-9.388239861E0
8.833602342E0,2.621935368E0,-1.850848317E0,-9.371489525E0
8.853872759E0,2.631506681E0,-1.858026743E0,-9.361320496E0
8.874143175E0,2.624328136E0,-1.841277003E0,-9.366106033E0
8.894413696E0,2.624328136E0,-1.881955028E0,-9.363713264E0
8.914684165E0,2.619542599E0,-1.846062660E0,-9.373882294E0
8.934954581E0,2.583650351E0,-1.862812400E0,-9.383454323E0
8.955225050E0,2.602792740E0,-1.858026743E0,-9.402596474E0
8.975495415E0,2.590828657E0,-1.881955028E0,-9.395418167E0
8.995765936E0,2.609971285E0,-1.891526341E0,-9.397810936E0
9.016036352E0,2.607578516E0,-1.874776483E0,-9.376275063E0
9.036306769E0,2.638685226E0,-1.874776483E0,-9.349356651E0
9.056577238E0,2.636292458E0,-1.872383714E0,-9.368498802E0
9.076847706E0,2.641077995E0,-1.848455548E0,-9.378668785E0
9.097118123E0,2.641077995E0,-1.855633974E0,-9.376275063E0
9.117388592E0,2.660220623E0,-1.867598057E0,-9.373882294E0
9.137659009E0,2.672184706E0,-1.874776483E0,-9.356534958E0
9.157929425E0,2.679363251E0,-1.867598057E0,-9.358927727E0
9.178199894E0,2.645863533E0,-1.874776483E0,-9.349356651E0
9.198470311E0,2.662613392E0,-1.865205288E0,-9.381061554E0
9.218740779E0,2.631506681E0,-1.874776483E0,-9.378668785E0
9.239011196E0,2.629113913E0,-1.877169371E0,-9.388239861E0
9.259281613E0,2.621935368E0,-1.872383714E0,-9.376275063E0
9.279552081E0,2.607578516E0,-1.860419631E0,-9.383454323E0
9.299822498E0,2.617149830E0,-1.884347796E0,-9.366106033E0
9.320092915E0,2.609971285E0,-1.877169371E0,-9.366106033E0
9.340363384E0,2.614757061E0,-1.877169371E0,-9.388239861E0
9.360633800E0,2.617149830E0,-1.881955028E0,-9.363713264E0
9.380904217E0,2.614757061E0,-1.874776483E0,-9.366106033E0
9.401174686E0,2.631506681E0,-1.872383714E0,-9.363713264E0
9.421445102E0,2.641077995E0,-1.872383714E0,-9.358927727E0
9.441715519E0,2.653042078E0,-1.889133453E0,-9.371489525E0
9.462115519E0,2.655434847E0,-1.898704767E0,-9.361320496E0
9.482256404E0,2.672184706E0,-1.889133453E0,-9.366106033E0
9.502526821E0,2.665006161E0,-1.881955028E0,-9.349356651E0
9.522797238E0,2.643470764E0,-1.867598057E0,-9.366106033E0
9.543067706E0,2.674577475E0,-1.889133453E0,-9.368498802E0
9.563338123E0,2.655434847E0,-1.862812400E0,-9.358927727E0
9.583608540E0,2.650649309E0,-1.874776483E0,-9.334999084E0
9.603878956E0,2.636292458E0,-1.881955028E0,-9.373882294E0
9.791312811E0,2.696112871E0,-1.901097536E0,-9.354142189E0
9.811583227E0,2.686541557E0,-1.881955028E0,-9.354142189E0
9.831853644E0,2.700898647E0,-1.901097536E0,-9.358927727E0
9.852124061E0,2.700898647E0,-1.905883193E0,-9.363713264E0
9.872394477E0,2.696112871E0,-1.896311998E0,-9.349356651E0
9.892664894E0,2.700898647E0,-1.915454507E0,-9.339784622E0
9.912935311E0,2.724826813E0,-1.915454507E0,-9.334999084E0
9.933205727E0,2.715255499E0,-1.925025821E0,-9.339784622E0
9.953476144E0,2.720041037E0,-1.934597135E0,-9.349356651E0
9.973746561E0,2.710469961E0,-1.920240164E0,-9.344570160E0
9.994016977E0,2.696112871E0,-1.925025821E0,-9.330213547E0
1.001428739E1,2.710469961E0,-1.944168448E0,-9.320642471E0
1.003455781E1,2.724826813E0,-1.963310957E0,-9.325428009E0
1.005482823E1,2.739183664E0,-1.944168448E0,-9.334999084E0
1.007509864E1,2.729612350E0,-1.910668850E0,-9.339784622E0
1.009536901E1,2.724826813E0,-1.939382792E0,-9.320642471E0
1.011563943E1,2.734398127E0,-1.948953986E0,-9.296713829E0
1.013590984E1,2.743969440E0,-1.944168448E0,-9.301499367E0
1.015618026E1,2.743969440E0,-1.948953986E0,-9.291928291E0
1.017645068E1,2.753540754E0,-1.948953986E0,-9.291928291E0
1.019672104E1,2.782254457E0,-1.968096614E0,-9.363713264E0
1.021699146E1,2.820539713E0,-1.977667928E0,-9.450452805E0
1.023726187E1,2.854039192E0,-1.968096614E0,-9.474381447E0
1.025753229E1,2.825325251E0,-1.929811478E0,-9.512666702E0
1.027780265E1,2.830111027E0,-1.948953986E0,-9.460023880E0
1.029807307E1,2.930609465E0,-2.039881229E0,-9.363713264E0
1.040456026E1,2.861217737E0,-2.315654039E0,-9.134002686E0
1.042483068E1,3.007179976E0,-2.277369022E0,-8.990432739E0
1.044510104E1,3.210569859E0,-2.164906263E0,-8.942576408E0
1.046550104E1,3.248854876E0,-2.119442701E0,-9.031110764E0
1.048564187E1,3.205784082E0,-2.229512453E0,-9.174679756E0
1.050591224E1,3.023929596E0,-2.365903378E0,-9.124430656E0
1.052618265E1,2.906681299E0,-2.483151674E0,-9.102895737E0
1.054645302E1,2.930609465E0,-2.452044964E0,-8.949754715E0
1.056685302E1,2.885145903E0,-2.298904419E0,-8.973683357E0
1.058699380E1,2.842075109E0,-2.260619164E0,-9.078967094E0
1.060726422E1,2.873181820E0,-2.200798512E0,-9.119645119E0
1.062753458E1,2.827718258E0,-2.289333105E0,-9.174679756E0
1.064780500E1,2.925823927E0,-2.375474691E0,-9.186644554E0
1.066820500E1,3.031108141E0,-2.341975212E0,-9.193822861E0
1.068834578E1,3.141177893E0,-2.330011129E0,-9.098110199E0
1.070861614E1,3.323032379E0,-2.279761791E0,-8.978468895E0
1.072888651E1,3.409772158E0,-2.243869543E0,-8.959325790E0
1.074915693E1,3.488735437E0,-2.263011932E0,-8.911469460E0
1.076955692E1,3.522234917E0,-2.325225353E0,-8.913862228E0
1.078969765E1,3.531806231E0,-2.334796667E0,-8.959325790E0
1.080996807E1,3.529413462E0,-2.370688915E0,-8.983254433E0
1.083023844E1,3.483949661E0,-2.385046005E0,-8.961718559E0
1.085050880E1,3.517449379E0,-2.416152716E0,-8.925827026E0
1.087077922E1,3.555734396E0,-2.392224550E0,-8.901898384E0
1.089104958E1,3.598805189E0,-2.373081923E0,-8.937790871E0
1.091131995E1,3.541377544E0,-2.401795626E0,-9.004789352E0
1.093159031E1,3.378067255E0,-2.286940336E0,-8.973683357E0
1.095186068E1,3.342175007E0,-2.306082726E0,-9.105288506E0
1.097213104E1,3.200998545E0,-2.272583246E0,-9.126823425E0
1.099240146E1,3.131606579E0,-2.308475733E0,-9.102895737E0
1.101267182E1,3.124428272E0,-2.303689957E0,-9.083752632E0
1.103294219E1,3.167499065E0,-2.327618122E0,-9.059824944E0
1.105321255E1,3.200998545E0,-2.339582443E0,-9.093324661E0
1.107348292E1,3.229712248E0,-2.353939295E0,-9.052646637E0
1.109375328E1,3.210569859E0,-2.358724833E0,-9.050253868E0
1.111402364E1,3.208176851E0,-2.344367981E0,-9.050253868E0
1.113429401E1,3.236890793E0,-2.339582443E0,-9.019146919E0
1.115456437E1,3.301496983E0,-2.385046005E0,-9.038289070E0
1.117483469E1,3.381058455E0,-2.454437733E0,-8.968897820E0
1.119510505E1,3.400201082E0,-2.363510609E0,-9.095717430E0
1.121537547E1,3.421736479E0,-2.231905222E0,-9.052646637E0
1.123564583E1,3.421736479E0,-2.229512453E0,-9.055039406E0
1.125591614E1,3.370888948E0,-2.258226395E0,-9.016754150E0
1.127618646E1,3.337389469E0,-2.215155602E0,-9.033503532E0
1.129645682E1,3.402593851E0,-2.294118643E0,-9.071788788E0
1.131672719E1,3.443271875E0,-2.351546526E0,-9.086145401E0
1.133699755E1,3.272783279E0,-2.303689957E0,-9.055039406E0
1.135726792E1,3.222533941E0,-2.217548370E0,-9.040681839E0
1.137753823E1,3.270390272E0,-2.298904419E0,-9.052646637E0
1.139780859E1,3.272783279E0,-2.361117840E0,-9.031110764E0
1.141807896E1,3.248854876E0,-2.306082726E0,-9.064610481E0
1.143834927E1,3.229712248E0,-2.236690998E0,-9.076574326E0
1.145861963E1,3.184248686E0,-2.291725874E0,-9.126823425E0
1.147888995E1,3.327818155E0,-2.301297188E0,-9.083752632E0
1.149916031E1,3.246462107E0,-2.303689957E0,-9.019146919E0
1.151943068E1,3.294318676E0,-2.267797709E0,-9.057432175E0
1.153970099E1,3.313461065E0,-2.200798512E0,-9.031110764E0
1.155997135E1,3.402593851E0,-2.157727718E0,-8.997611046E0
1.158024166E1,3.409772158E0,-2.179263115E0,-8.918647766E0
1.160051203E1,3.414557934E0,-2.200798512E0,-9.078967094E0
1.162078239E1,3.462414265E0,-2.162513494E0,-8.973683357E0
1.164105271E1,3.443271875E0,-2.260619164E0,-8.980861664E0
1.166132307E1,3.368496180E0,-2.564507723E0,-9.162715912E0
1.168159338E1,3.754338741E0,-2.791825771E0,-8.978468895E0
1.170186370E1,3.165106058E0,-2.389831543E0,-9.007183075E0
1.172213406E1,3.165106058E0,-2.222334146E0,-9.071788788E0
1.174240437E1,3.150749207E0,-2.039881229E0,-9.114859581E0
1.176267469E1,3.229712248E0,-2.239083767E0,-9.112466812E0
1.178294505E1,3.191427231E0,-2.131406784E0,-9.071788788E0
1.180321536E1,3.448057413E0,-2.270190477E0,-9.009575844E0
1.182348568E1,3.270390272E0,-2.387438774E0,-9.088538170E0
1.184375599E1,3.267997503E0,-2.222334146E0,-9.059824944E0
1.186402635E1,3.419343472E0,-2.298904419E0,-9.045467377E0
1.188429666E1,3.323032379E0,-2.063809633E0,-8.973683357E0
1.190456698E1,3.486342669E0,-1.566102386E0,-8.961718559E0
1.192483729E1,3.512663603E0,-1.135394335E0,-8.851649284E0
1.194510760E1,3.356531858E0,-1.982453585E0,-9.055039406E0
1.196550760E1,3.375674486E0,-2.514258385E0,-9.191430092E0
1.198564823E1,3.507878065E0,-2.437688112E0,-9.177073479E0
1.200591854E1,3.464807272E0,-2.119442701E0,-9.167501450E0
1.202618890E1,3.332603693E0,-1.922633052E0,-9.074181557E0
1.204645922E1,3.428914785E0,-1.647458434E0,-9.019146919E0
1.206685922E1,3.167499065E0,-2.504687071E0,-9.165108681E0
1.208699984E1,2.968894720E0,-3.433700562E0,-9.016754150E0
1.210727015E1,3.122035265E0,-2.598007202E0,-8.880363464E0
1.212754042E1,2.899502754E0,-2.313261271E0,-9.021539688E0
1.214781078E1,3.009572744E0,-2.164906263E0,-9.198608398E0
1.216821078E1,2.822932482E0,-2.602792740E0,-9.227322578E0
1.218835135E1,2.846860647E0,-3.011965513E0,-9.021539688E0
1.220862166E1,3.105285645E0,-3.069393158E0,-8.976076126E0
1.222889198E1,2.949752092E0,-3.134597778E0,-9.000003815E0
1.224916229E1,2.937788010E0,-3.090928555E0,-9.071788788E0
1.226943255E1,2.825325251E0,-2.894717216E0,-9.052646637E0
1.228970286E1,2.916252613E0,-2.612364054E0,-9.062217712E0
1.230997318E1,2.897109985E0,-2.609971285E0,-9.071788788E0
1.233024349E1,2.988037348E0,-2.531008244E0,-9.090931892E0
1.235051375E1,2.954537868E0,-2.588435888E0,-9.126823425E0
1.237078406E1,2.918645382E0,-2.839682341E0,-9.131608963E0
1.239105437E1,2.921038151E0,-2.985644341E0,-9.181859016E0
1.241132463E1,3.014358282E0,-2.538186550E0,-9.224929810E0
1.243159495E1,3.165106058E0,-1.412961721E0,-8.988039970E0
1.245186521E1,2.983251572E0,-1.812563181E0,-9.074181557E0
1.247213552E1,3.155534744E0,-2.598007202E0,-9.186644554E0
1.249240578E1,3.141177893E0,-2.894717216E0,-9.169894218E0
1.251267609E1,3.172284603E0,-2.729612350E0,-9.136395454E0
1.253294640E1,3.169891834E0,-2.035095692E0,-8.973683357E0
1.255321666E1,3.193820000E0,-1.867598057E0,-9.055039406E0
1.257348693E1,3.229712248E0,-2.138585329E0,-9.138788223E0
1.259375724E1,3.246462107E0,-2.263011932E0,-9.033503532E0
1.261402750E1,3.184248686E0,-2.373081923E0,-9.136395454E0
1.263429776E1,3.033500910E0,-2.330011129E0,-9.102895737E0
1.265456807E1,2.988037348E0,-2.341975212E0,-9.131608963E0
1.267483833E1,3.004786968E0,-2.365903378E0,-9.105288506E0
1.269510864E1,3.007179976E0,-2.365903378E0,-9.114859581E0
1.271537890E1,2.992822886E0,-2.375474691E0,-9.112466812E0
1.273564917E1,2.997608662E0,-2.387438774E0,-9.112466812E0
1.275591942E1,3.028715372E0,-2.389831543E0,-9.105288506E0
1.277618974E1,3.031108141E0,-2.389831543E0,-9.098110199E0
1.279646000E1,3.076571703E0,-2.382653236E0,-9.078967094E0
1.281673026E1,3.114856958E0,-2.404188633E0,-9.067003250E0
1.283700052E1,3.129213810E0,-2.392224550E0,-9.081359863E0
1.285727078E1,3.107678413E0,-2.394617319E0,-9.093324661E0
1.287754104E1,3.138785124E0,-2.411366940E0,-9.126823425E0
1.289781130E1,3.110071182E0,-2.404188633E0,-9.122037888E0
1.291808161E1,3.110071182E0,-2.401795626E0,-9.105288506E0
1.293835187E1,3.081357241E0,-2.385046005E0,-9.064610481E0
1.295862213E1,3.081357241E0,-2.394617319E0,-9.052646637E0
1.297889234E1,3.062214851E0,-2.375474691E0,-9.105288506E0
1.299916255E1,3.069393158E0,-2.399402857E0,-9.145966530E0
1.301943281E1,3.055036306E0,-2.420938253E0,-9.143573761E0
1.303970307E1,3.028715372E0,-2.370688915E0,-9.122037888E0
1.305997333E1,3.055036306E0,-2.353939295E0,-9.105288506E0
1.308024359E1,3.083750248E0,-2.377867460E0,-9.119645119E0
1.310051385E1,3.083750248E0,-2.413759947E0,-9.124430656E0
1.312078411E1,3.088535786E0,-2.399402857E0,-9.112466812E0
1.314105437E1,3.105285645E0,-2.327618122E0,-9.057432175E0
1.316132458E1,3.100499868E0,-2.306082726E0,-9.019146919E0
1.318159484E1,3.129213810E0,-2.437688112E0,-9.119645119E0
1.320186510E1,3.205784082E0,-2.444866419E0,-9.179466248E0
1.322213536E1,3.074178934E0,-2.353939295E0,-9.062217712E0
1.324240557E1,2.966501951E0,-2.322832584E0,-9.002396584E0
1.326267583E1,3.045464993E0,-2.399402857E0,-9.107681274E0
1.328294609E1,3.141177893E0,-2.509472847E0,-9.289535522E0
1.330321630E1,3.110071182E0,-2.401795626E0,-9.330213547E0
1.332348656E1,2.911466837E0,-2.315654039E0,-9.177073479E0
1.334375682E1,2.832503796E0,-2.313261271E0,-8.997611046E0
1.336402703E1,2.904288530E0,-2.320439816E0,-8.995218277E0
1.338429729E1,3.067000389E0,-2.365903378E0,-9.021539688E0
1.340456750E1,3.133999348E0,-2.399402857E0,-9.038289070E0
1.342483776E1,3.119642496E0,-2.423331022E0,-9.088538170E0
1.344510797E1,3.205784082E0,-2.401795626E0,-9.093324661E0
1.346550797E1,3.198605776E0,-2.425724030E0,-9.050253868E0
1.348564844E1,3.196212769E0,-2.406581402E0,-9.071788788E0
1.350591870E1,3.169891834E0,-2.389831543E0,-9.088538170E0
1.352618890E1,3.165106058E0,-2.382653236E0,-9.129216194E0
1.354645911E1,3.133999348E0,-2.346760750E0,-9.141180992E0
1.356685911E1,3.086143017E0,-2.330011129E0,-9.136395454E0
1.358699958E1,3.076571703E0,-2.337189436E0,-9.102895737E0
1.360726979E1,3.033500910E0,-2.368296146E0,-9.095717430E0
1.362754005E1,3.033500910E0,-2.368296146E0,-9.105288506E0
1.364781026E1,3.016751051E0,-2.365903378E0,-9.102895737E0
1.366821026E1,3.014358282E0,-2.370688915E0,-9.100502968E0
1.368835068E1,3.014358282E0,-2.365903378E0,-9.134002686E0
1.370862094E1,3.076571703E0,-2.375474691E0,-9.157930374E0
1.372889114E1,3.100499868E0,-2.382653236E0,-9.143573761E0
1.374916135E1,3.093321562E0,-2.370688915E0,-9.129216194E0
1.376956135E1,3.100499868E0,-2.368296146E0,-9.105288506E0
1.378970177E1,3.114856958E0,-2.351546526E0,-9.074181557E0
1.380997198E1,3.117249727E0,-2.344367981E0,-9.088538170E0
1.383024219E1,3.105285645E0,-2.380260229E0,-9.102895737E0
1.385051239E1,3.124428272E0,-2.382653236E0,-9.093324661E0
1.387078260E1,3.090928555E0,-2.380260229E0,-9.110074043E0
1.389105281E1,3.076571703E0,-2.385046005E0,-9.110074043E0
1.391132302E1,3.062214851E0,-2.368296146E0,-9.093324661E0
1.393159323E1,3.057429075E0,-2.353939295E0,-9.102895737E0
1.395186344E1,3.067000389E0,-2.363510609E0,-9.136395454E0
1.397213364E1,3.064607620E0,-2.380260229E0,-9.126823425E0
1.399240385E1,3.059821844E0,-2.361117840E0,-9.122037888E0
1.401267406E1,3.055036306E0,-2.375474691E0,-9.095717430E0
1.403294427E1,3.055036306E0,-2.365903378E0,-9.112466812E0
1.405321442E1,3.083750248E0,-2.394617319E0,-9.114859581E0
1.407348463E1,3.098107100E0,-2.363510609E0,-9.100502968E0
1.409375484E1,3.119642496E0,-2.373081923E0,-9.107681274E0
1.411402505E1,3.078964472E0,-2.368296146E0,-9.086145401E0
1.413429526E1,3.083750248E0,-2.344367981E0,-9.093324661E0
1.415456542E1,3.074178934E0,-2.368296146E0,-9.071788788E0
1.417483562E1,3.076571703E0,-2.373081923E0,-9.088538170E0
1.419510578E1,3.083750248E0,-2.382653236E0,-9.117252350E0
1.437240234E1,3.093321562E0,-2.375474691E0,-9.100502968E0
1.439267255E1,3.098107100E0,-2.361117840E0,-9.095717430E0
1.441294271E1,3.098107100E0,-2.365903378E0,-9.090931892E0
1.443321292E1,3.078964472E0,-2.370688915E0,-9.086145401E0
1.445348307E1,3.055036306E0,-2.375474691E0,-9.119645119E0
1.447375323E1,3.074178934E0,-2.370688915E0,-9.138788223E0
1.449402344E1,3.069393158E0,-2.370688915E0,-9.114859581E0
1.451429359E1,3.069393158E0,-2.351546526E0,-9.110074043E0
1.453456370E1,3.069393158E0,-2.356332064E0,-9.119645119E0
1.455483396E1,3.093321562E0,-2.365903378E0,-9.105288506E0
1.457510411E1,3.078964472E0,-2.370688915E0,-9.086145401E0
1.459537427E1,3.083750248E0,-2.356332064E0,-9.105288506E0
1.461564443E1,3.088535786E0,-2.361117840E0,-9.110074043E0
1.463591463E1,3.098107100E0,-2.380260229E0,-9.100502968E0
1.465618479E1,3.093321562E0,-2.365903378E0,-9.110074043E0
1.467645495E1,3.093321562E0,-2.356332064E0,-9.105288506E0
1.469685495E1,3.088535786E0,-2.356332064E0,-9.119645119E0
1.471699526E1,3.088535786E0,-2.361117840E0,-9.110074043E0
1.473726542E1,3.088535786E0,-2.361117840E0,-9.119645119E0
1.475753557E1,3.069393158E0,-2.365903378E0,-9.129216194E0
1.477780573E1,3.050250769E0,-2.341975212E0,-9.114859581E0
1.479807594E1,3.088535786E0,-2.351546526E0,-9.105288506E0
1.481834609E1,3.098107100E0,-2.365903378E0,-9.114859581E0
1.483861625E1,3.074178934E0,-2.351546526E0,-9.119645119E0
1.485888640E1,3.069393158E0,-2.346760750E0,-9.100502968E0
1.487915651E1,3.064607620E0,-2.341975212E0,-9.100502968E0
1.489942667E1,3.083750248E0,-2.341975212E0,-9.110074043E0
1.491969682E1,3.088535786E0,-2.370688915E0,-9.110074043E0
1.493996698E1,3.102892876E0,-2.361117840E0,-9.119645119E0
1.496036698E1,3.093321562E0,-2.365903378E0,-9.119645119E0
1.498050729E1,3.078964472E0,-2.351546526E0,-9.100502968E0
1.500077745E1,3.069393158E0,-2.351546526E0,-9.086145401E0
1.502104760E1,3.098107100E0,-2.356332064E0,-9.105288506E0
1.504131771E1,3.074178934E0,-2.337189436E0,-9.110074043E0
1.506171771E1,3.083750248E0,-2.351546526E0,-9.124430656E0
1.508185802E1,3.102892876E0,-2.361117840E0,-9.110074043E0
1.510212812E1,3.093321562E0,-2.351546526E0,-9.100502968E0
1.512239828E1,3.083750248E0,-2.341975212E0,-9.105288506E0
1.514266844E1,3.083750248E0,-2.327618122E0,-9.124430656E0
1.516306844E1,3.069393158E0,-2.356332064E0,-9.114859581E0
1.518320870E1,3.074178934E0,-2.370688915E0,-9.105288506E0
1.520347885E1,3.069393158E0,-2.356332064E0,-9.110074043E0
1.522374896E1,3.045464993E0,-2.365903378E0,-9.119645119E0
1.524401911E1,3.069393158E0,-2.351546526E0,-9.129216194E0
1.526428922E1,3.098107100E0,-2.351546526E0,-9.119645119E0
1.528455937E1,3.083750248E0,-2.356332064E0,-9.105288506E0
1.530482948E1,3.069393158E0,-2.341975212E0,-9.114859581E0
1.532509963E1,3.098107100E0,-2.351546526E0,-9.110074043E0
1.534536974E1,3.098107100E0,-2.351546526E0,-9.114859581E0
1.536563989E1,3.098107100E0,-2.351546526E0,-9.090931892E0
1.538591000E1,3.083750248E0,-2.356332064E0,-9.110074043E0
1.540618010E1,3.088535786E0,-2.356332064E0,-9.114859581E0
1.542645026E1,3.083750248E0,-2.351546526E0,-9.119645119E0
1.544672036E1,3.078964472E0,-2.356332064E0,-9.114859581E0
1.546699052E1,3.078964472E0,-2.346760750E0,-9.110074043E0
1.548726062E1,3.074178934E0,-2.346760750E0,-9.114859581E0
1.550753073E1,3.088535786E0,-2.356332064E0,-9.124430656E0
1.552780083E1,3.098107100E0,-2.365903378E0,-9.124430656E0
1.554807099E1,3.074178934E0,-2.361117840E0,-9.095717430E0
1.556834109E1,3.069393158E0,-2.346760750E0,-9.110074043E0
1.558861120E1,3.088535786E0,-2.365903378E0,-9.110074043E0
1.560901120E1,3.093321562E0,-2.351546526E0,-9.119645119E0
1.562915146E1,3.078964472E0,-2.322832584E0,-9.134002686E0
1.564942156E1,3.093321562E0,-2.356332064E0,-9.110074043E0
1.566969166E1,3.078964472E0,-2.346760750E0,-9.076574326E0
1.568996177E1,3.069393158E0,-2.365903378E0,-9.081359863E0
1.571023187E1,3.074178934E0,-2.365903378E0,-9.100502968E0
1.573050198E1,3.083750248E0,-2.361117840E0,-9.129216194E0
1.575077208E1,3.083750248E0,-2.346760750E0,-9.129216194E0
1.577104224E1,3.088535786E0,-2.337189436E0,-9.114859581E0
1.579131234E1,3.078964472E0,-2.332403898E0,-9.114859581E0
1.581158245E1,3.093321562E0,-2.332403898E0,-9.114859581E0
1.583185255E1,3.102892876E0,-2.327618122E0,-9.124430656E0
1.585212265E1,3.098107100E0,-2.351546526E0,-9.119645119E0
1.587239276E1,3.074178934E0,-2.365903378E0,-9.110074043E0
1.589266281E1,3.078964472E0,-2.346760750E0,-9.124430656E0
1.591293292E1,3.088535786E0,-2.375474691E0,-9.110074043E0
1.593320302E1,3.098107100E0,-2.365903378E0,-9.124430656E0
1.595347312E1,3.078964472E0,-2.337189436E0,-9.119645119E0
1.597374323E1,3.069393158E0,-2.337189436E0,-9.119645119E0
1.599401333E1,3.083750248E0,-2.346760750E0,-9.129216194E0
1.601428344E1,3.083750248E0,-2.361117840E0,-9.124430656E0
1.603455354E1,3.074178934E0,-2.365903378E0,-9.105288506E0
1.605482359E1,3.055036306E0,-2.361117840E0,-9.110074043E0
1.607509370E1,3.059821844E0,-2.361117840E0,-9.105288506E0
1.609536380E1,3.069393158E0,-2.370688915E0,-9.105288506E0
1.611563390E1,3.093321562E0,-2.375474691E0,-9.114859581E0
1.613590401E1,3.093321562E0,-2.365903378E0,-9.110074043E0
1.615617406E1,3.078964472E0,-2.370688915E0,-9.110074043E0
1.617644416E1,3.083750248E0,-2.370688915E0,-9.105288506E0
1.619671422E1,3.088535786E0,-2.365903378E0,-9.090931892E0
1.621698432E1,3.088535786E0,-2.351546526E0,-9.095717430E0
1.623725442E1,3.074178934E0,-2.361117840E0,-9.114859581E0
1.625752448E1,3.064607620E0,-2.370688915E0,-9.105288506E0
1.627779458E1,3.074178934E0,-2.361117840E0,-9.110074043E0
1.629806469E1,3.069393158E0,-2.365903378E0,-9.105288506E0
1.631833474E1,3.064607620E0,-2.394617319E0,-9.090931892E0
1.633860484E1,3.083750248E0,-2.365903378E0,-9.090931892E0
1.635887484E1,3.059821844E0,-2.356332064E0,-9.105288506E0
1.637914495E1,3.088535786E0,-2.361117840E0,-9.129216194E0
1.639941505E1,3.136392355E0,-2.375474691E0,-9.119645119E0
1.641968510E1,3.112463951E0,-2.356332064E0,-9.110074043E0
1.643995521E1,3.055036306E0,-2.361117840E0,-9.090931892E0
1.646035521E1,3.055036306E0,-2.341975212E0,-9.095717430E0
1.648049536E1,3.078964472E0,-2.351546526E0,-9.095717430E0
1.650076547E1,3.064607620E0,-2.389831543E0,-9.110074043E0
1.652103552E1,3.083750248E0,-2.375474691E0,-9.119645119E0
1.654130557E1,3.088535786E0,-2.356332064E0,-9.134002686E0
1.656170557E1,3.088535786E0,-2.346760750E0,-9.129216194E0
1.658184573E1,3.088535786E0,-2.346760750E0,-9.114859581E0
1.660211578E1,3.093321562E0,-2.351546526E0,-9.095717430E0
1.662238588E1,3.074178934E0,-2.337189436E0,-9.100502968E0
1.664265594E1,3.064607620E0,-2.356332064E0,-9.119645119E0
1.666305594E1,3.102892876E0,-2.385046005E0,-9.114859581E0
1.668319604E1,3.093321562E0,-2.346760750E0,-9.114859581E0
1.670346614E1,3.088535786E0,-2.337189436E0,-9.095717430E0
1.672373620E1,3.088535786E0,-2.351546526E0,-9.105288506E0
1.674400625E1,3.088535786E0,-2.351546526E0,-9.119645119E0
1.676440625E1,3.083750248E0,-2.346760750E0,-9.110074043E0
1.678454635E1,3.093321562E0,-2.361117840E0,-9.110074043E0
1.680481646E1,3.083750248E0,-2.356332064E0,-9.134002686E0
1.682508651E1,3.083750248E0,-2.351546526E0,-9.138788223E0
1.684535656E1,3.074178934E0,-2.341975212E0,-9.105288506E0
1.686562661E1,3.083750248E0,-2.346760750E0,-9.105288506E0
1.688589666E1,3.083750248E0,-2.346760750E0,-9.105288506E0
1.690616672E1,3.088535786E0,-2.370688915E0,-9.105288506E0
1.692643677E1,3.093321562E0,-2.356332064E0,-9.110074043E0
1.694670682E1,3.078964472E0,-2.351546526E0,-9.110074043E0
1.696697687E1,3.083750248E0,-2.337189436E0,-9.114859581E0
1.698724692E1,3.093321562E0,-2.351546526E0,-9.119645119E0
1.700751698E1,3.083750248E0,-2.351546526E0,-9.114859581E0
1.702778698E1,3.069393158E0,-2.370688915E0,-9.105288506E0
1.704805708E1,3.078964472E0,-2.365903378E0,-9.100502968E0
1.706832713E1,3.078964472E0,-2.361117840E0,-9.095717430E0
1.708859719E1,3.069393158E0,-2.361117840E0,-9.090931892E0
1.710886724E1,3.064607620E0,-2.370688915E0,-9.100502968E0
1.712913729E1,3.069393158E0,-2.365903378E0,-9.129216194E0
1.714940734E1,3.093321562E0,-2.365903378E0,-9.124430656E0
1.716967734E1,3.107678413E0,-2.361117840E0,-9.114859581E0
1.718994739E1,3.093321562E0,-2.370688915E0,-9.134002686E0
1.721021745E1,3.083750248E0,-2.361117840E0,-9.090931892E0
1.723048750E1,3.088535786E0,-2.346760750E0,-9.071788788E0
1.725075750E1,3.112463951E0,-2.351546526E0,-9.086145401E0
1.727102755E1,3.107678413E0,-2.361117840E0,-9.124430656E0
1.729129760E1,3.083750248E0,-2.346760750E0,-9.134002686E0
1.731156760E1,3.078964472E0,-2.351546526E0,-9.114859581E0
1.733183765E1,3.083750248E0,-2.337189436E0,-9.100502968E0
1.735210771E1,3.078964472E0,-2.361117840E0,-9.095717430E0
1.737237771E1,3.074178934E0,-2.365903378E0,-9.110074043E0
1.739264776E1,3.088535786E0,-2.370688915E0,-9.110074043E0
1.741291776E1,3.078964472E0,-2.356332064E0,-9.095717430E0
1.743318781E1,3.083750248E0,-2.356332064E0,-9.095717430E0
1.745345781E1,3.107678413E0,-2.375474691E0,-9.110074043E0
1.747372786E1,3.117249727E0,-2.365903378E0,-9.105288506E0
1.749399786E1,3.107678413E0,-2.365903378E0,-9.090931892E0
1.751426792E1,3.102892876E0,-2.346760750E0,-9.081359863E0
1.753453797E1,3.107678413E0,-2.351546526E0,-9.090931892E0
1.755480797E1,3.117249727E0,-2.351546526E0,-9.100502968E0
1.757507797E1,3.102892876E0,-2.370688915E0,-9.100502968E0
1.759534802E1,3.083750248E0,-2.361117840E0,-9.100502968E0
1.761561802E1,3.083750248E0,-2.365903378E0,-9.105288506E0
1.763588807E1,3.102892876E0,-2.370688915E0,-9.105288506E0
1.765615807E1,3.098107100E0,-2.365903378E0,-9.124430656E0
1.767642807E1,3.093321562E0,-2.370688915E0,-9.076574326E0
1.769669812E1,3.088535786E0,-2.365903378E0,-9.095717430E0
1.771696812E1,3.093321562E0,-2.341975212E0,-9.114859581E0
1.773723818E1,3.107678413E0,-2.356332064E0,-9.110074043E0
1.775750818E1,3.122035265E0,-2.356332064E0,-9.090931892E0
1.777777818E1,3.117249727E0,-2.351546526E0,-9.086145401E0
1.779804823E1,3.107678413E0,-2.356332064E0,-9.095717430E0
1.781831823E1,3.112463951E0,-2.361117840E0,-9.095717430E0
1.783858823E1,3.112463951E0,-2.351546526E0,-9.086145401E0
1.785885823E1,3.126821041E0,-2.341975212E0,-9.110074043E0
1.787912828E1,3.102892876E0,-2.356332064E0,-9.081359863E0
1.789939828E1,3.093321562E0,-2.356332064E0,-9.105288506E0
1.791966828E1,3.098107100E0,-2.351546526E0,-9.119645119E0
1.793993828E1,3.074178934E0,-2.351546526E0,-9.114859581E0
1.796033828E1,3.078964472E0,-2.356332064E0,-9.100502968E0
1.798047833E1,3.107678413E0,-2.341975212E0,-9.100502968E0
1.800074833E1,3.107678413E0,-2.337189436E0,-9.114859581E0
1.802101833E1,3.102892876E0,-2.361117840E0,-9.124430656E0
1.804128838E1,3.093321562E0,-2.365903378E0,-9.124430656E0
1.806168838E1,3.098107100E0,-2.365903378E0,-9.105288506E0
1.808182838E1,3.088535786E0,-2.380260229E0,-9.100502968E0
1.810209838E1,3.088535786E0,-2.365903378E0,-9.124430656E0
1.812236844E1,3.098107100E0,-2.365903378E0,-9.119645119E0
1.814263844E1,3.117249727E0,-2.337189436E0,-9.134002686E0
1.816303844E1,3.102892876E0,-2.351546526E0,-9.119645119E0
1.818317844E1,3.050250769E0,-2.332403898E0,-9.095717430E0
1.820344844E1,3.064607620E0,-2.327618122E0,-9.100502968E0
1.822371849E1,3.078964472E0,-2.365903378E0,-9.105288506E0
1.824398849E1,3.102892876E0,-2.370688915E0,-9.114859581E0
1.826425854E1,3.093321562E0,-2.370688915E0,-9.129216194E0
1.828452854E1,3.093321562E0,-2.365903378E0,-9.114859581E0
1.830479854E1,3.098107100E0,-2.365903378E0,-9.129216194E0
1.832506859E1,3.088535786E0,-2.356332064E0,-9.119645119E0
1.834533859E1,3.088535786E0,-2.346760750E0,-9.100502968E0
1.836560859E1,3.078964472E0,-2.361117840E0,-9.100502968E0
1.838587864E1,3.112463951E0,-2.380260229E0,-9.119645119E0
1.840614864E1,3.107678413E0,-2.341975212E0,-9.105288506E0
1.842641864E1,3.093321562E0,-2.346760750E0,-9.143573761E0
1.844668870E1,3.102892876E0,-2.365903378E0,-9.124430656E0
1.846695870E1,3.069393158E0,-2.375474691E0,-9.105288506E0
1.848722875E1,3.069393158E0,-2.351546526E0,-9.095717430E0
1.850749875E1,3.064607620E0,-2.356332064E0,-9.105288506E0
1.852776880E1,3.083750248E0,-2.370688915E0,-9.129216194E0
1.854803880E1,3.088535786E0,-2.375474691E0,-9.119645119E0
1.856830880E1,3.055036306E0,-2.361117840E0,-9.114859581E0
1.858857885E1,3.064607620E0,-2.322832584E0,-9.105288506E0
1.860884885E1,3.088535786E0,-2.361117840E0,-9.105288506E0
1.862911890E1,3.098107100E0,-2.370688915E0,-9.129216194E0
1.864938890E1,3.102892876E0,-2.365903378E0,-9.110074043E0
1.866965896E1,3.074178934E0,-2.380260229E0,-9.114859581E0
1.868992896E1,3.083750248E0,-2.365903378E0,-9.100502968E0
1.871019896E1,3.093321562E0,-2.370688915E0,-9.100502968E0
1.873046901E1,3.098107100E0,-2.356332064E0,-9.119645119E0
1.875073906E1,3.088535786E0,-2.361117840E0,-9.110074043E0
1.877100911E1,3.074178934E0,-2.375474691E0,-9.119645119E0
1.879127911E1,3.064607620E0,-2.365903378E0,-9.110074043E0
1.881154917E1,3.088535786E0,-2.370688915E0,-9.129216194E0
1.883181922E1,3.088535786E0,-2.375474691E0,-9.110074043E0
1.885208922E1,3.074178934E0,-2.365903378E0,-9.119645119E0
1.887235927E1,3.088535786E0,-2.351546526E0,-9.134002686E0
1.889262927E1,3.117249727E0,-2.365903378E0,-9.138788223E0
1.891289932E1,3.078964472E0,-2.351546526E0,-9.119645119E0
1.893316937E1,3.074178934E0,-2.370688915E0,-9.100502968E0
1.895343937E1,3.078964472E0,-2.337189436E0,-9.100502968E0
1.897370943E1,3.088535786E0,-2.361117840E0,-9.095717430E0
1.899397948E1,3.069393158E0,-2.385046005E0,-9.124430656E0
1.901424948E1,3.098107100E0,-2.380260229E0,-9.119645119E0
1.903451953E1,3.093321562E0,-2.361117840E0,-9.119645119E0
1.905478958E1,3.083750248E0,-2.351546526E0,-9.138788223E0
1.907505958E1,3.088535786E0,-2.346760750E0,-9.105288506E0
1.909532963E1,3.074178934E0,-2.351546526E0,-9.095717430E0
1.911559963E1,3.083750248E0,-2.365903378E0,-9.110074043E0
1.913586969E1,3.064607620E0,-2.346760750E0,-9.105288506E0
1.915613974E1,3.078964472E0,-2.375474691E0,-9.124430656E0
1.917640979E1,3.093321562E0,-2.351546526E0,-9.129216194E0
1.919667979E1,3.112463951E0,-2.375474691E0,-9.114859581E0
1.921694984E1,3.107678413E0,-2.341975212E0,-9.119645119E0
1.923721989E1,3.069393158E0,-2.341975212E0,-9.100502968E0
1.925748989E1,3.078964472E0,-2.346760750E0,-9.119645119E0
1.927775995E1,3.078964472E0,-2.361117840E0,-9.105288506E0
1.929803000E1,3.078964472E0,-2.375474691E0,-9.114859581E0
1.931830005E1,3.074178934E0,-2.351546526E0,-9.129216194E0
1.933857005E1,3.069393158E0,-2.341975212E0,-9.119645119E0
1.935884010E1,3.069393158E0,-2.351546526E0,-9.124430656E0
1.937911015E1,3.088535786E0,-2.341975212E0,-9.100502968E0
1.939938015E1,3.074178934E0,-2.361117840E0,-9.105288506E0
1.941965021E1,3.093321562E0,-2.346760750E0,-9.105288506E0
1.943992026E1,3.088535786E0,-2.356332064E0,-9.119645119E0
1.946032026E1,3.083750248E0,-2.361117840E0,-9.138788223E0
1.948046036E1,3.074178934E0,-2.356332064E0,-9.114859581E0
1.950073036E1,3.093321562E0,-2.356332064E0,-9.129216194E0
1.952100042E1,3.074178934E0,-2.351546526E0,-9.086145401E0
1.954127047E1,3.083750248E0,-2.332403898E0,-9.114859581E0
1.956167047E1,3.102892876E0,-2.356332064E0,-9.129216194E0
1.958181057E1,3.088535786E0,-2.337189436E0,-9.143573761E0
1.960208057E1,3.069393158E0,-2.332403898E0,-9.134002686E0
1.962235062E1,3.074178934E0,-2.356332064E0,-9.114859581E0
1.964262068E1,3.055036306E0,-2.332403898E0,-9.095717430E0
1.966302068E1,3.064607620E0,-2.346760750E0,-9.114859581E0
1.968316078E1,3.078964472E0,-2.356332064E0,-9.114859581E0
1.970343083E1,3.102892876E0,-2.356332064E0,-9.124430656E0
1.972370083E1,3.093321562E0,-2.351546526E0,-9.124430656E0
1.974397088E1,3.083750248E0,-2.341975212E0,-9.114859581E0
1.976437088E1,3.088535786E0,-2.337189436E0,-9.105288506E0
1.978451099E1,3.102892876E0,-2.361117840E0,-9.124430656E0
1.980478104E1,3.093321562E0,-2.337189436E0,-9.114859581E0
1.982505104E1,3.083750248E0,-2.370688915E0,-9.110074043E0
1.984532109E1,3.083750248E0,-2.356332064E0,-9.114859581E0
1.986559114E1,3.083750248E0,-2.361117840E0,-9.134002686E0
1.988586120E1,3.083750248E0,-2.337189436E0,-9.148359299E0
1.990613125E1,3.074178934E0,-2.346760750E0,-9.105288506E0
1.992640125E1,3.083750248E0,-2.341975212E0,-9.114859581E0
1.994667130E1,3.083750248E0,-2.346760750E0,-9.105288506E0
1.996694135E1,3.078964472E0,-2.361117840E0,-9.105288506E0
1.998721140E1,3.083750248E0,-2.370688915E0,-9.119645119E0
2.000748140E1,3.088535786E0,-2.346760750E0,-9.129216194E0
2.002775146E1,3.088535786E0,-2.332403898E0,-9.124430656E0
2.004802151E1,3.083750248E0,-2.341975212E0,-9.110074043E0
2.006829156E1,3.088535786E0,-2.351546526E0,-9.124430656E0
2.008856161E1,3.098107100E0,-2.341975212E0,-9.119645119E0
2.010883161E1,3.088535786E0,-2.341975212E0,-9.105288506E0
2.012910166E1,3.093321562E0,-2.361117840E0,-9.110074043E0
2.014937172E1,3.074178934E0,-2.346760750E0,-9.114859581E0
2.016964172E1,3.069393158E0,-2.337189436E0,-9.124430656E0
2.018991177E1,3.069393158E0,-2.332403898E0,-9.119645119E0
2.021018182E1,3.093321562E0,-2.332403898E0,-9.129216194E0
2.023045187E1,3.112463951E0,-2.356332064E0,-9.100502968E0
2.025072187E1,3.083750248E0,-2.351546526E0,-9.095717430E0
2.027099192E1,3.078964472E0,-2.337189436E0,-9.114859581E0
2.029126198E1,3.107678413E0,-2.365903378E0,-9.119645119E0
2.031153198E1,3.102892876E0,-2.356332064E0,-9.119645119E0
2.033180203E1,3.083750248E0,-2.341975212E0,-9.124430656E0
2.035207208E1,3.074178934E0,-2.327618122E0,-9.114859581E0
2.037234208E1,3.064607620E0,-2.346760750E0,-9.110074043E0
2.039261213E1,3.083750248E0,-2.351546526E0,-9.105288506E0
2.041288219E1,3.107678413E0,-2.346760750E0,-9.114859581E0
2.043315219E1,3.098107100E0,-2.351546526E0,-9.119645119E0
2.045342224E1,3.078964472E0,-2.356332064E0,-9.114859581E0
2.047369224E1,3.098107100E0,-2.351546526E0,-9.105288506E0
2.049396229E1,3.093321562E0,-2.341975212E0,-9.095717430E0
2.051423234E1,3.098107100E0,-2.351546526E0,-9.105288506E0
2.053450234E1,3.107678413E0,-2.327618122E0,-9.119645119E0
2.055477234E1,3.088535786E0,-2.346760750E0,-9.124430656E0
2.057504239E1,3.102892876E0,-2.346760750E0,-9.119645119E0
2.059531245E1,3.088535786E0,-2.361117840E0,-9.100502968E0
2.061558245E1,3.088535786E0,-2.356332064E0,-9.119645119E0
2.063585250E1,3.102892876E0,-2.341975212E0,-9.105288506E0
2.065612255E1,3.098107100E0,-2.346760750E0,-9.095717430E0
2.067639255E1,3.088535786E0,-2.346760750E0,-9.110074043E0
2.069666260E1,3.083750248E0,-2.351546526E0,-9.110074043E0
2.071693260E1,3.093321562E0,-2.346760750E0,-9.129216194E0
2.073720265E1,3.093321562E0,-2.356332064E0,-9.105288506E0
2.075747271E1,3.098107100E0,-2.351546526E0,-9.095717430E0
2.077774271E1,3.098107100E0,-2.356332064E0,-9.090931892E0
2.079801276E1,3.088535786E0,-2.351546526E0,-9.114859581E0
2.081828276E1,3.107678413E0,-2.356332064E0,-9.119645119E0
2.083855281E1,3.117249727E0,-2.341975212E0,-9.105288506E0
2.085895281E1,3.093321562E0,-2.337189436E0,-9.110074043E0
2.087909286E1,3.083750248E0,-2.346760750E0,-9.105288506E0
2.089936286E1,3.083750248E0,-2.346760750E0,-9.124430656E0
2.091963292E1,3.098107100E0,-2.341975212E0,-9.119645119E0
2.093990292E1,3.102892876E0,-2.356332064E0,-9.105288506E0
2.096030292E1,3.093321562E0,-2.346760750E0,-9.105288506E0
2.098044292E1,3.088535786E0,-2.356332064E0,-9.105288506E0
2.100071302E1,3.098107100E0,-2.346760750E0,-9.124430656E0
2.102098302E1,3.107678413E0,-2.361117840E0,-9.114859581E0
2.104125302E1,3.102892876E0,-2.370688915E0,-9.124430656E0
2.106165302E1,3.093321562E0,-2.351546526E0,-9.129216194E0
2.108179307E1,3.093321562E0,-2.351546526E0,-9.100502968E0
2.110206312E1,3.078964472E0,-2.351546526E0,-9.114859581E0
2.112233312E1,3.102892876E0,-2.351546526E0,-9.105288506E0
2.114260312E1,3.098107100E0,-2.346760750E0,-9.110074043E0
2.116300312E1,3.088535786E0,-2.337189436E0,-9.138788223E0
2.118314318E1,3.078964472E0,-2.346760750E0,-9.119645119E0
2.120341323E1,3.069393158E0,-2.341975212E0,-9.095717430E0
2.122368323E1,3.059821844E0,-2.341975212E0,-9.086145401E0
2.124395323E1,3.059821844E0,-2.356332064E0,-9.105288506E0
2.126422328E1,3.093321562E0,-2.375474691E0,-9.138788223E0
2.128449328E1,3.107678413E0,-2.356332064E0,-9.110074043E0
2.130476328E1,3.098107100E0,-2.351546526E0,-9.110074043E0
2.132503333E1,3.102892876E0,-2.337189436E0,-9.110074043E0
2.134530333E1,3.107678413E0,-2.346760750E0,-9.100502968E0
2.136557333E1,3.093321562E0,-2.351546526E0,-9.114859581E0
2.138584338E1,3.064607620E0,-2.356332064E0,-9.119645119E0
2.140611338E1,3.078964472E0,-2.346760750E0,-9.105288506E0
2.142638338E1,3.088535786E0,-2.346760750E0,-9.114859581E0
2.144665338E1,3.088535786E0,-2.356332064E0,-9.119645119E0
2.146692338E1,3.069393158E0,-2.341975212E0,-9.110074043E0
2.148719344E1,3.064607620E0,-2.341975212E0,-9.095717430E0
2.150746344E1,3.059821844E0,-2.351546526E0,-9.095717430E0
2.152773344E1,3.074178934E0,-2.356332064E0,-9.110074043E0
2.154800344E1,3.102892876E0,-2.365903378E0,-9.129216194E0
2.156827344E1,3.098107100E0,-2.361117840E0,-9.129216194E0
2.158854349E1,3.078964472E0,-2.346760750E0,-9.100502968E0
2.160881349E1,3.074178934E0,-2.351546526E0,-9.114859581E0
2.162908349E1,3.088535786E0,-2.365903378E0,-9.114859581E0
2.164935349E1,3.112463951E0,-2.356332064E0,-9.100502968E0
2.166962349E1,3.093321562E0,-2.375474691E0,-9.095717430E0
2.168989349E1,3.064607620E0,-2.356332064E0,-9.086145401E0
2.171016349E1,3.093321562E0,-2.365903378E0,-9.114859581E0
2.173043349E1,3.083750248E0,-2.361117840E0,-9.110074043E0
2.175070354E1,3.083750248E0,-2.365903378E0,-9.110074043E0
2.177097349E1,3.093321562E0,-2.356332064E0,-9.124430656E0
2.179124349E1,3.083750248E0,-2.370688915E0,-9.114859581E0
2.181151354E1,3.078964472E0,-2.375474691E0,-9.105288506E0
2.183178354E1,3.088535786E0,-2.370688915E0,-9.090931892E0
2.185205354E1,3.074178934E0,-2.389831543E0,-9.095717430E0
2.187232354E1,3.074178934E0,-2.351546526E0,-9.105288506E0
2.189259354E1,3.098107100E0,-2.375474691E0,-9.119645119E0
2.191286354E1,3.122035265E0,-2.380260229E0,-9.124430656E0
2.193313354E1,3.083750248E0,-2.346760750E0,-9.124430656E0
2.195340349E1,3.055036306E0,-2.361117840E0,-9.095717430E0
2.197367349E1,3.064607620E0,-2.332403898E0,-9.081359863E0
2.199394349E1,3.078964472E0,-2.356332064E0,-9.057432175E0
2.201421349E1,3.074178934E0,-2.399402857E0,-9.105288506E0
2.203448349E1,3.064607620E0,-2.380260229E0,-9.148359299E0
2.205475349E1,3.083750248E0,-2.356332064E0,-9.143573761E0
2.207502349E1,3.098107100E0,-2.356332064E0,-9.110074043E0
2.209529349E1,3.088535786E0,-2.351546526E0,-9.105288506E0
2.211556349E1,3.078964472E0,-2.341975212E0,-9.124430656E0
2.213583349E1,3.078964472E0,-2.346760750E0,-9.114859581E0
2.215610349E1,3.088535786E0,-2.365903378E0,-9.110074043E0
2.217637349E1,3.088535786E0,-2.389831543E0,-9.076574326E0
2.219664344E1,3.078964472E0,-2.356332064E0,-9.090931892E0
2.221691344E1,3.098107100E0,-2.337189436E0,-9.138788223E0
2.223718344E1,3.093321562E0,-2.356332064E0,-9.119645119E0
2.225745344E1,3.093321562E0,-2.341975212E0,-9.105288506E0
2.227772344E1,3.078964472E0,-2.341975212E0,-9.090931892E0
2.229799338E1,3.078964472E0,-2.365903378E0,-9.129216194E0
2.231826338E1,3.078964472E0,-2.365903378E0,-9.124430656E0
2.233853338E1,3.069393158E0,-2.361117840E0,-9.119645119E0
2.235880333E1,3.078964472E0,-2.346760750E0,-9.114859581E0
2.237907333E1,3.083750248E0,-2.351546526E0,-9.105288506E0
2.239934333E1,3.098107100E0,-2.365903378E0,-9.105288506E0
2.241961333E1,3.093321562E0,-2.370688915E0,-9.100502968E0
2.243988328E1,3.088535786E0,-2.351546526E0,-9.105288506E0
2.246028328E1,3.088535786E0,-2.351546526E0,-9.119645119E0
2.248042323E1,3.083750248E0,-2.361117840E0,-9.114859581E0
2.250069323E1,3.074178934E0,-2.346760750E0,-9.124430656E0
2.252096323E1,3.078964472E0,-2.332403898E0,-9.095717430E0
2.254123318E1,3.069393158E0,-2.332403898E0,-9.095717430E0
2.256163318E1,3.069393158E0,-2.337189436E0,-9.110074043E0
2.258177312E1,3.093321562E0,-2.365903378E0,-9.100502968E0
2.260204312E1,3.083750248E0,-2.346760750E0,-9.105288506E0
2.262231312E1,3.098107100E0,-2.346760750E0,-9.119645119E0
2.264258307E1,3.122035265E0,-2.375474691E0,-9.129216194E0
2.266298307E1,3.112463951E0,-2.351546526E0,-9.124430656E0
2.268312302E1,3.098107100E0,-2.337189436E0,-9.110074043E0
2.270339302E1,3.078964472E0,-2.313261271E0,-9.095717430E0
2.272366292E1,3.064607620E0,-2.346760750E0,-9.090931892E0
2.274393297E1,3.069393158E0,-2.356332064E0,-9.105288506E0
2.276433297E1,3.093321562E0,-2.361117840E0,-9.129216194E0
2.278447292E1,3.098107100E0,-2.346760750E0,-9.129216194E0
2.280474286E1,3.083750248E0,-2.337189436E0,-9.105288506E0
2.282501281E1,3.107678413E0,-2.327618122E0,-9.086145401E0
2.284528281E1,3.112463951E0,-2.332403898E0,-9.105288506E0
2.286555276E1,3.107678413E0,-2.365903378E0,-9.100502968E0
2.288582276E1,3.078964472E0,-2.370688915E0,-9.110074043E0
2.290609271E1,3.074178934E0,-2.365903378E0,-9.095717430E0
2.292636265E1,3.093321562E0,-2.361117840E0,-9.100502968E0
2.294663265E1,3.107678413E0,-2.351546526E0,-9.119645119E0
2.296690255E1,3.112463951E0,-2.332403898E0,-9.110074043E0
2.298717255E1,3.083750248E0,-2.322832584E0,-9.110074043E0
2.300744250E1,3.074178934E0,-2.341975212E0,-9.114859581E0
2.302771250E1,3.088535786E0,-2.370688915E0,-9.100502968E0
2.304798239E1,3.088535786E0,-2.375474691E0,-9.100502968E0
2.306825239E1,3.083750248E0,-2.356332064E0,-9.124430656E0
2.308852239E1,3.093321562E0,-2.380260229E0,-9.110074043E0
2.310879234E1,3.093321562E0,-2.365903378E0,-9.114859581E0
2.312906229E1,3.083750248E0,-2.346760750E0,-9.105288506E0
2.314933224E1,3.093321562E0,-2.337189436E0,-9.090931892E0
2.316960224E1,3.122035265E0,-2.332403898E0,-9.124430656E0
2.318987219E1,3.098107100E0,-2.341975212E0,-9.119645119E0
2.321014213E1,3.102892876E0,-2.351546526E0,-9.110074043E0
2.323041208E1,3.107678413E0,-2.361117840E0,-9.090931892E0
2.325068203E1,3.088535786E0,-2.356332064E0,-9.100502968E0
2.327095198E1,3.093321562E0,-2.365903378E0,-9.110074043E0
2.329122193E1,3.088535786E0,-2.356332064E0,-9.095717430E0
2.331149187E1,3.093321562E0,-2.346760750E0,-9.114859581E0
2.333176187E1,3.093321562E0,-2.346760750E0,-9.119645119E0
2.335203182E1,3.074178934E0,-2.332403898E0,-9.124430656E0
2.337230177E1,3.088535786E0,-2.346760750E0,-9.119645119E0
2.339257172E1,3.107678413E0,-2.346760750E0,-9.105288506E0
2.341284167E1,3.093321562E0,-2.346760750E0,-9.095717430E0
2.343311161E1,3.088535786E0,-2.337189436E0,-9.114859581E0
2.345338156E1,3.126821041E0,-2.351546526E0,-9.119645119E0
2.347365151E1,3.150749207E0,-2.361117840E0,-9.114859581E0
2.349392146E1,3.093321562E0,-2.346760750E0,-9.081359863E0
2.351419140E1,3.074178934E0,-2.318047047E0,-9.090931892E0
2.353446135E1,3.088535786E0,-2.327618122E0,-9.095717430E0
2.355473130E1,3.088535786E0,-2.365903378E0,-9.105288506E0
2.357500135E1,3.083750248E0,-2.370688915E0,-9.114859581E0
2.359527114E1,3.074178934E0,-2.361117840E0,-9.119645119E0
2.361554114E1,3.083750248E0,-2.337189436E0,-9.110074043E0
2.363581104E1,3.098107100E0,-2.346760750E0,-9.105288506E0
2.365608099E1,3.098107100E0,-2.351546526E0,-9.076574326E0
2.367635094E1,3.088535786E0,-2.346760750E0,-9.081359863E0
2.369662088E1,3.093321562E0,-2.356332064E0,-9.119645119E0
2.371689083E1,3.083750248E0,-2.346760750E0,-9.129216194E0
2.373716078E1,3.093321562E0,-2.365903378E0,-9.105288506E0
2.375743068E1,3.093321562E0,-2.356332064E0,-9.105288506E0
2.377770068E1,3.078964472E0,-2.351546526E0,-9.100502968E0
2.379797057E1,3.083750248E0,-2.356332064E0,-9.119645119E0
2.381824052E1,3.074178934E0,-2.351546526E0,-9.105288506E0
2.383851047E1,3.064607620E0,-2.375474691E0,-9.090931892E0
2.385878042E1,3.069393158E0,-2.356332064E0,-9.105288506E0
2.387905031E1,3.078964472E0,-2.346760750E0,-9.138788223E0
2.389932026E1,3.088535786E0,-2.361117840E0,-9.124430656E0
2.391959021E1,3.078964472E0,-2.365903378E0,-9.105288506E0
2.393986010E1,3.083750248E0,-2.356332064E0,-9.100502968E0
2.396026010E1,3.088535786E0,-2.361117840E0,-9.105288506E0
2.398040000E1,3.107678413E0,-2.365903378E0,-9.105288506E0
2.400066995E1,3.093321562E0,-2.361117840E0,-9.110074043E0
2.402093984E1,3.093321562E0,-2.361117840E0,-9.110074043E0
2.404120979E1,3.107678413E0,-2.365903378E0,-9.114859581E0
2.406160979E1,3.102892876E0,-2.370688915E0,-9.110074043E0
2.408174963E1,3.078964472E0,-2.365903378E0,-9.100502968E0
2.410201958E1,3.083750248E0,-2.356332064E0,-9.110074043E0
2.412228953E1,3.083750248E0,-2.365903378E0,-9.129216194E0
2.414255942E1,3.093321562E0,-2.356332064E0,-9.124430656E0
2.416295942E1,3.078964472E0,-2.375474691E0,-9.105288506E0
2.418309927E1,3.074178934E0,-2.375474691E0,-9.100502968E0
2.420336922E1,3.064607620E0,-2.361117840E0,-9.100502968E0
2.422363916E1,3.064607620E0,-2.351546526E0,-9.114859581E0
2.424390906E1,3.088535786E0,-2.365903378E0,-9.134002686E0
2.426417901E1,3.112463951E0,-2.385046005E0,-9.114859581E0
2.428444890E1,3.112463951E0,-2.365903378E0,-9.110074043E0
2.430471885E1,3.098107100E0,-2.385046005E0,-9.076574326E0
2.432498875E1,3.074178934E0,-2.346760750E0,-9.076574326E0
2.434525870E1,3.083750248E0,-2.370688915E0,-9.086145401E0
2.436552859E1,3.088535786E0,-2.389831543E0,-9.100502968E0
2.438579854E1,3.088535786E0,-2.385046005E0,-9.119645119E0
2.440606844E1,3.074178934E0,-2.365903378E0,-9.110074043E0
2.442633838E1,3.074178934E0,-2.356332064E0,-9.105288506E0
2.444660828E1,3.088535786E0,-2.365903378E0,-9.081359863E0
2.446687818E1,3.083750248E0,-2.356332064E0,-9.090931892E0
2.448714812E1,3.088535786E0,-2.361117840E0,-9.105288506E0
2.450753682E1,3.083750248E0,-2.370688915E0,-9.119645119E0
2.452768797E1,3.083750248E0,-2.375474691E0,-9.105288506E0
2.454795786E1,3.074178934E0,-2.356332064E0,-9.100502968E0
2.456822781E1,3.098107100E0,-2.361117840E0,-9.081359863E0
2.458849771E1,3.102892876E0,-2.361117840E0,-9.100502968E0
2.460876760E1,3.098107100E0,-2.346760750E0,-9.129216194E0
2.462903755E1,3.074178934E0,-2.356332064E0,-9.114859581E0
2.464930745E1,3.088535786E0,-2.356332064E0,-9.110074043E0
2.466957734E1,3.093321562E0,-2.365903378E0,-9.105288506E0
2.468984724E1,3.078964472E0,-2.370688915E0,-9.110074043E0
2.471011719E1,3.078964472E0,-2.356332064E0,-9.119645119E0
2.473038708E1,3.064607620E0,-2.356332064E0,-9.100502968E0
2.475065698E1,3.069393158E0,-2.356332064E0,-9.090931892E0
2.477092692E1,3.102892876E0,-2.370688915E0,-9.105288506E0
2.479119682E1,3.088535786E0,-2.365903378E0,-9.114859581E0
2.481146672E1,3.102892876E0,-2.351546526E0,-9.124430656E0
2.483173661E1,3.098107100E0,-2.356332064E0,-9.110074043E0
2.485200651E1,3.093321562E0,-2.365903378E0,-9.095717430E0
2.487227646E1,3.083750248E0,-2.365903378E0,-9.105288506E0
2.489254635E1,3.093321562E0,-2.370688915E0,-9.105288506E0
2.491281625E1,3.093321562E0,-2.361117840E0,-9.100502968E0
2.493321625E1,3.078964472E0,-2.346760750E0,-9.100502968E0
2.495335609E1,3.098107100E0,-2.356332064E0,-9.114859581E0
2.497362599E1,3.117249727E0,-2.365903378E0,-9.119645119E0
2.499389588E1,3.083750248E0,-2.361117840E0,-9.124430656E0
2.501416578E1,3.059821844E0,-2.365903378E0,-9.124430656E0
2.503443568E1,3.055036306E0,-2.341975212E0,-9.090931892E0
2.505470557E1,3.059821844E0,-2.365903378E0,-9.086145401E0
2.507497547E1,3.093321562E0,-2.375474691E0,-9.095717430E0
2.509524536E1,3.107678413E0,-2.341975212E0,-9.124430656E0
2.511551526E1,3.078964472E0,-2.356332064E0,-9.100502968E0
2.513578521E1,3.074178934E0,-2.375474691E0,-9.124430656E0
2.515605505E1,3.093321562E0,-2.346760750E0,-9.114859581E0
2.517632500E1,3.107678413E0,-2.361117840E0,-9.081359863E0
2.519659489E1,3.078964472E0,-2.365903378E0,-9.100502968E0
2.521686479E1,3.064607620E0,-2.356332064E0,-9.110074043E0
2.523713469E1,3.088535786E0,-2.356332064E0,-9.119645119E0
2.525740458E1,3.102892876E0,-2.346760750E0,-9.105288506E0
2.527767442E1,3.098107100E0,-2.365903378E0,-9.110074043E0
2.529794437E1,3.093321562E0,-2.356332064E0,-9.100502968E0
2.531821422E1,3.083750248E0,-2.351546526E0,-9.119645119E0
2.533848411E1,3.074178934E0,-2.370688915E0,-9.110074043E0
2.535875401E1,3.069393158E0,-2.385046005E0,-9.100502968E0
2.537902390E1,3.059821844E0,-2.365903378E0,-9.110074043E0
2.539929380E1,3.055036306E0,-2.351546526E0,-9.124430656E0
2.541956370E1,3.083750248E0,-2.356332064E0,-9.119645119E0
2.543983359E1,3.078964472E0,-2.361117840E0,-9.090931892E0
2.546023359E1,3.102892876E0,-2.346760750E0,-9.095717430E0
2.548037338E1,3.102892876E0,-2.356332064E0,-9.095717430E0
2.550064328E1,3.102892876E0,-2.370688915E0,-9.095717430E0
2.552091318E1,3.093321562E0,-2.370688915E0,-9.086145401E0
2.554118307E1,3.083750248E0,-2.370688915E0,-9.095717430E0
2.556158307E1,3.069393158E0,-2.356332064E0,-9.100502968E0
2.558172281E1,3.088535786E0,-2.337189436E0,-9.124430656E0
2.560199271E1,3.098107100E0,-2.341975212E0,-9.134002686E0
2.562226260E1,3.107678413E0,-2.365903378E0,-9.143573761E0
2.564253250E1,3.107678413E0,-2.356332064E0,-9.095717430E0
2.566293250E1,3.088535786E0,-2.351546526E0,-9.090931892E0
2.568307224E1,3.093321562E0,-2.361117840E0,-9.095717430E0
2.570334213E1,3.102892876E0,-2.404188633E0,-9.100502968E0
2.572361203E1,3.078964472E0,-2.370688915E0,-9.105288506E0
2.574388192E1,3.064607620E0,-2.346760750E0,-9.119645119E0
2.576428193E1,3.069393158E0,-2.337189436E0,-9.119645119E0
2.578442161E1,3.088535786E0,-2.361117840E0,-9.114859581E0
2.580469156E1,3.088535786E0,-2.375474691E0,-9.095717430E0
2.582496146E1,3.074178934E0,-2.346760750E0,-9.081359863E0
2.584523135E1,3.069393158E0,-2.313261271E0,-9.081359863E0
2.586550120E1,3.117249727E0,-2.341975212E0,-9.105288506E0
2.588577109E1,3.160320520E0,-2.389831543E0,-9.129216194E0
2.590604099E1,3.131606579E0,-2.385046005E0,-9.129216194E0
2.592631088E1,3.093321562E0,-2.375474691E0,-9.119645119E0
2.594658073E1,3.093321562E0,-2.365903378E0,-9.081359863E0
2.596685062E1,3.102892876E0,-2.375474691E0,-9.090931892E0
2.598712042E1,3.102892876E0,-2.380260229E0,-9.119645119E0
2.600739036E1,3.093321562E0,-2.389831543E0,-9.119645119E0
2.602766026E1,3.050250769E0,-2.370688915E0,-9.100502968E0
2.604793010E1,3.021536827E0,-2.346760750E0,-9.086145401E0
2.606819995E1,3.026322365E0,-2.346760750E0,-9.090931892E0
2.608846989E1,3.069393158E0,-2.365903378E0,-9.129216194E0
2.610885854E1,3.102892876E0,-2.361117840E0,-9.124430656E0
2.612900963E1,3.117249727E0,-2.356332064E0,-9.105288506E0
2.614927953E1,3.098107100E0,-2.365903378E0,-9.081359863E0
2.616954937E1,3.098107100E0,-2.375474691E0,-9.081359863E0
2.618981922E1,3.107678413E0,-2.380260229E0,-9.105288506E0
2.621008911E1,3.122035265E0,-2.385046005E0,-9.110074043E0
2.623035901E1,3.102892876E0,-2.375474691E0,-9.100502968E0
2.625062885E1,3.083750248E0,-2.351546526E0,-9.100502968E0
2.627089870E1,3.088535786E0,-2.346760750E0,-9.100502968E0
2.629116859E1,3.098107100E0,-2.351546526E0,-9.114859581E0
2.631143844E1,3.078964472E0,-2.365903378E0,-9.114859581E0
2.633170833E1,3.088535786E0,-2.375474691E0,-9.095717430E0
2.635197818E1,3.069393158E0,-2.370688915E0,-9.105288506E0
2.637224807E1,3.069393158E0,-2.361117840E0,-9.114859581E0
2.639251792E1,3.098107100E0,-2.346760750E0,-9.119645119E0
2.641278776E1,3.107678413E0,-2.341975212E0,-9.090931892E0
2.643305765E1,3.102892876E0,-2.322832584E0,-9.110074043E0
2.645332750E1,3.102892876E0,-2.341975212E0,-9.090931892E0
2.647359739E1,3.078964472E0,-2.346760750E0,-9.095717430E0
2.649386724E1,3.098107100E0,-2.361117840E0,-9.100502968E0
2.651413708E1,3.102892876E0,-2.380260229E0,-9.100502968E0
2.653440698E1,3.074178934E0,-2.365903378E0,-9.129216194E0
2.655467682E1,3.059821844E0,-2.346760750E0,-9.143573761E0
2.657494667E1,3.069393158E0,-2.346760750E0,-9.124430656E0
2.659521656E1,3.064607620E0,-2.365903378E0,-9.090931892E0
2.661548640E1,3.078964472E0,-2.375474691E0,-9.095717430E0
2.663575625E1,3.083750248E0,-2.375474691E0,-9.110074043E0
2.665602614E1,3.064607620E0,-2.351546526E0,-9.114859581E0
2.667629599E1,3.064607620E0,-2.361117840E0,-9.110074043E0
2.669656583E1,3.083750248E0,-2.365903378E0,-9.100502968E0
2.671683573E1,3.098107100E0,-2.365903378E0,-9.119645119E0
2.673710557E1,3.098107100E0,-2.361117840E0,-9.110074043E0
2.675737542E1,3.078964472E0,-2.361117840E0,-9.110074043E0
2.677764531E1,3.078964472E0,-2.385046005E0,-9.090931892E0
2.679791515E1,3.093321562E0,-2.370688915E0,-9.105288506E0
2.681818500E1,3.088535786E0,-2.380260229E0,-9.110074043E0
2.683845484E1,3.074178934E0,-2.380260229E0,-9.100502968E0
2.685872474E1,3.050250769E0,-2.365903378E0,-9.090931892E0
2.687899458E1,3.031108141E0,-2.346760750E0,-9.081359863E0
2.689926443E1,3.035893679E0,-2.361117840E0,-9.090931892E0
2.691953427E1,3.064607620E0,-2.361117840E0,-9.134002686E0
2.693980411E1,3.088535786E0,-2.375474691E0,-9.138788223E0
2.696020411E1,3.098107100E0,-2.370688915E0,-9.100502968E0
2.698034385E1,3.088535786E0,-2.370688915E0,-9.095717430E0
2.700061370E1,3.098107100E0,-2.370688915E0,-9.100502968E0
2.702088354E1,3.112463951E0,-2.385046005E0,-9.086145401E0
2.704115338E1,3.102892876E0,-2.365903378E0,-9.090931892E0
2.706155338E1,3.088535786E0,-2.375474691E0,-9.105288506E0
2.708169307E1,3.078964472E0,-2.356332064E0,-9.100502968E0
2.710196297E1,3.093321562E0,-2.361117840E0,-9.100502968E0
2.712223281E1,3.074178934E0,-2.361117840E0,-9.114859581E0
2.714250265E1,3.069393158E0,-2.370688915E0,-9.114859581E0
2.716290265E1,3.078964472E0,-2.365903378E0,-9.114859581E0
2.718304234E1,3.088535786E0,-2.380260229E0,-9.105288506E0
2.720331219E1,3.059821844E0,-2.385046005E0,-9.086145401E0
2.722358203E1,3.074178934E0,-2.375474691E0,-9.105288506E0
2.724385187E1,3.074178934E0,-2.356332064E0,-9.129216194E0
2.726408234E1,3.107678413E0,-2.385046005E0,-9.114859581E0
2.728439151E1,3.107678413E0,-2.380260229E0,-9.105288506E0
2.730466135E1,3.074178934E0,-2.370688915E0,-9.100502968E0
2.732493125E1,3.069393158E0,-2.375474691E0,-9.086145401E0
2.734520109E1,3.064607620E0,-2.356332064E0,-9.086145401E0
2.736560109E1,3.069393158E0,-2.385046005E0,-9.095717430E0
2.738574078E1,3.083750248E0,-2.399402857E0,-9.119645119E0
2.740601068E1,3.088535786E0,-2.389831543E0,-9.129216194E0
2.742628047E1,3.074178934E0,-2.365903378E0,-9.110074043E0
2.744655031E1,3.069393158E0,-2.365903378E0,-9.090931892E0
2.746682015E1,3.078964472E0,-2.361117840E0,-9.081359863E0
2.748709000E1,3.083750248E0,-2.356332064E0,-9.110074043E0
2.750735984E1,3.069393158E0,-2.361117840E0,-9.090931892E0
2.752762974E1,3.088535786E0,-2.404188633E0,-9.100502968E0
2.754789953E1,3.078964472E0,-2.380260229E0,-9.095717430E0
2.756816937E1,3.074178934E0,-2.385046005E0,-9.114859581E0
2.758843922E1,3.083750248E0,-2.380260229E0,-9.114859581E0
2.760870906E1,3.074178934E0,-2.361117840E0,-9.105288506E0
2.762897890E1,3.069393158E0,-2.365903378E0,-9.095717430E0
2.764924875E1,3.083750248E0,-2.365903378E0,-9.119645119E0
2.766951859E1,3.064607620E0,-2.365903378E0,-9.124430656E0
2.768978844E1,3.064607620E0,-2.385046005E0,-9.105288506E0
2.771005823E1,3.069393158E0,-2.365903378E0,-9.124430656E0
2.773032807E1,3.074178934E0,-2.370688915E0,-9.110074043E0
2.775059792E1,3.069393158E0,-2.385046005E0,-9.105288506E0
2.777086776E1,3.098107100E0,-2.375474691E0,-9.100502968E0
2.779113760E1,3.088535786E0,-2.375474691E0,-9.090931892E0
2.781140745E1,3.069393158E0,-2.370688915E0,-9.129216194E0
2.783167724E1,3.064607620E0,-2.365903378E0,-9.124430656E0
2.785194703E1,3.045464993E0,-2.361117840E0,-9.110074043E0
2.787221692E1,3.069393158E0,-2.380260229E0,-9.110074043E0
2.789248677E1,3.074178934E0,-2.375474691E0,-9.114859581E0
2.791275656E1,3.078964472E0,-2.346760750E0,-9.124430656E0
2.793302640E1,3.088535786E0,-2.380260229E0,-9.134002686E0
2.795329625E1,3.117249727E0,-2.375474691E0,-9.110074043E0
2.797356609E1,3.098107100E0,-2.356332064E0,-9.124430656E0
2.799383594E1,3.064607620E0,-2.375474691E0,-9.100502968E0
2.801410573E1,3.031108141E0,-2.356332064E0,-9.076574326E0
2.803437557E1,3.035893679E0,-2.346760750E0,-9.081359863E0
2.805464542E1,3.064607620E0,-2.375474691E0,-9.105288506E0
2.807491521E1,3.078964472E0,-2.365903378E0,-9.124430656E0
2.809518505E1,3.078964472E0,-2.346760750E0,-9.162715912E0
2.811545489E1,3.069393158E0,-2.351546526E0,-9.143573761E0
2.813572474E1,3.093321562E0,-2.365903378E0,-9.100502968E0
2.815599453E1,3.088535786E0,-2.361117840E0,-9.090931892E0
2.817626437E1,3.069393158E0,-2.356332064E0,-9.119645119E0
2.819653422E1,3.069393158E0,-2.385046005E0,-9.119645119E0
2.821680406E1,3.078964472E0,-2.380260229E0,-9.110074043E0
2.823707385E1,3.083750248E0,-2.346760750E0,-9.100502968E0
2.825734370E1,3.093321562E0,-2.361117840E0,-9.100502968E0
2.827761354E1,3.088535786E0,-2.370688915E0,-9.114859581E0
2.829788338E1,3.069393158E0,-2.356332064E0,-9.119645119E0
2.831815318E1,3.055036306E0,-2.365903378E0,-9.090931892E0
2.833842302E1,3.059821844E0,-2.361117840E0,-9.105288506E0
2.835869286E1,3.064607620E0,-2.361117840E0,-9.138788223E0
2.837896271E1,3.059821844E0,-2.351546526E0,-9.143573761E0
2.839923250E1,3.059821844E0,-2.351546526E0,-9.119645119E0
2.841950234E1,3.069393158E0,-2.356332064E0,-9.110074043E0
2.843977219E1,3.078964472E0,-2.356332064E0,-9.105288506E0
2.846017219E1,3.093321562E0,-2.356332064E0,-9.114859581E0
2.848031187E1,3.107678413E0,-2.356332064E0,-9.100502968E0
2.850058167E1,3.098107100E0,-2.356332064E0,-9.110074043E0
2.852085151E1,3.102892876E0,-2.356332064E0,-9.110074043E0
2.854112135E1,3.074178934E0,-2.370688915E0,-9.110074043E0
2.856152135E1,3.045464993E0,-2.370688915E0,-9.110074043E0
2.858166104E1,3.059821844E0,-2.346760750E0,-9.100502968E0
2.860193088E1,3.064607620E0,-2.337189436E0,-9.119645119E0
2.862220073E1,3.074178934E0,-2.341975212E0,-9.134002686E0
2.864247057E1,3.093321562E0,-2.375474691E0,-9.124430656E0
2.866287057E1,3.059821844E0,-2.346760750E0,-9.138788223E0
2.868301021E1,3.064607620E0,-2.351546526E0,-9.129216194E0
2.870328005E1,3.069393158E0,-2.351546526E0,-9.129216194E0
2.872354989E1,3.074178934E0,-2.356332064E0,-9.090931892E0
2.874381974E1,3.078964472E0,-2.375474691E0,-9.095717430E0
2.876421974E1,3.083750248E0,-2.370688915E0,-9.105288506E0
2.878435942E1,3.078964472E0,-2.346760750E0,-9.105288506E0
2.880462927E1,3.093321562E0,-2.346760750E0,-9.124430656E0
2.882489911E1,3.083750248E0,-2.361117840E0,-9.124430656E0
2.884516896E1,3.078964472E0,-2.356332064E0,-9.124430656E0
2.886543880E1,3.069393158E0,-2.370688915E0,-9.110074043E0
2.888570864E1,3.069393158E0,-2.365903378E0,-9.119645119E0
2.890597849E1,3.074178934E0,-2.361117840E0,-9.105288506E0
2.892624833E1,3.064607620E0,-2.361117840E0,-9.105288506E0
2.894651818E1,3.083750248E0,-2.346760750E0,-9.124430656E0
2.896678802E1,3.093321562E0,-2.341975212E0,-9.124430656E0
2.898705786E1,3.078964472E0,-2.351546526E0,-9.100502968E0
2.900732771E1,3.055036306E0,-2.356332064E0,-9.100502968E0
2.902759755E1,3.074178934E0,-2.365903378E0,-9.110074043E0
2.904786745E1,3.093321562E0,-2.365903378E0,-9.124430656E0
2.906813729E1,3.078964472E0,-2.356332064E0,-9.134002686E0
2.908840713E1,3.078964472E0,-2.356332064E0,-9.119645119E0
2.910867698E1,3.074178934E0,-2.351546526E0,-9.114859581E0
2.912894682E1,3.064607620E0,-2.361117840E0,-9.105288506E0
2.914921666E1,3.078964472E0,-2.351546526E0,-9.105288506E0
2.916948651E1,3.098107100E0,-2.351546526E0,-9.105288506E0
2.918975635E1,3.074178934E0,-2.365903378E0,-9.110074043E0
2.921002614E1,3.078964472E0,-2.365903378E0,-9.119645119E0
2.923029609E1,3.078964472E0,-2.365903378E0,-9.105288506E0
2.925056594E1,3.093321562E0,-2.361117840E0,-9.095717430E0
2.927083578E1,3.083750248E0,-2.346760750E0,-9.110074043E0
2.929110562E1,3.078964472E0,-2.351546526E0,-9.110074043E0
2.931137547E1,3.088535786E0,-2.361117840E0,-9.134002686E0
2.933164531E1,3.074178934E0,-2.356332064E0,-9.119645119E0
2.935191521E1,3.064607620E0,-2.361117840E0,-9.105288506E0
2.937218505E1,3.093321562E0,-2.370688915E0,-9.105288506E0
2.939245489E1,3.093321562E0,-2.356332064E0,-9.119645119E0
2.941272474E1,3.083750248E0,-2.370688915E0,-9.124430656E0
2.943299463E1,3.093321562E0,-2.375474691E0,-9.119645119E0
2.945326448E1,3.093321562E0,-2.346760750E0,-9.129216194E0
2.947353432E1,3.088535786E0,-2.337189436E0,-9.119645119E0
2.949380416E1,3.074178934E0,-2.337189436E0,-9.110074043E0
2.951407406E1,3.083750248E0,-2.351546526E0,-9.095717430E0
2.953434390E1,3.078964472E0,-2.375474691E0,-9.110074043E0
2.955461375E1,3.078964472E0,-2.370688915E0,-9.114859581E0
2.957488359E1,3.074178934E0,-2.361117840E0,-9.110074043E0
2.959515349E1,3.088535786E0,-2.356332064E0,-9.110074043E0
2.961542333E1,3.093321562E0,-2.356332064E0,-9.095717430E0
2.963569323E1,3.098107100E0,-2.361117840E0,-9.110074043E0
2.965596307E1,3.088535786E0,-2.356332064E0,-9.119645119E0
2.967623297E1,3.088535786E0,-2.351546526E0,-9.110074043E0
2.969650281E1,3.069393158E0,-2.351546526E0,-9.110074043E0
2.971677265E1,3.093321562E0,-2.351546526E0,-9.114859581E0
2.973704255E1,3.107678413E0,-2.351546526E0,-9.124430656E0
2.975731239E1,3.098107100E0,-2.361117840E0,-9.124430656E0
2.977758229E1,3.074178934E0,-2.351546526E0,-9.114859581E0
2.979785213E1,3.059821844E0,-2.351546526E0,-9.086145401E0
2.981812203E1,3.069393158E0,-2.365903378E0,-9.105288506E0
2.983839193E1,3.083750248E0,-2.365903378E0,-9.124430656E0
2.985866177E1,3.088535786E0,-2.370688915E0,-9.129216194E0
2.987893167E1,3.088535786E0,-2.361117840E0,-9.119645119E0
2.989920151E1,3.088535786E0,-2.351546526E0,-9.119645119E0
2.991947140E1,3.093321562E0,-2.361117840E0,-9.090931892E0
2.993974130E1,3.069393158E0,-2.351546526E0,-9.100502968E0
2.996014130E1,3.074178934E0,-2.356332064E0,-9.105288506E0
2.998028104E1,3.078964472E0,-2.370688915E0,-9.129216194E0
3.000055094E1,3.083750248E0,-2.385046005E0,-9.119645119E0
3.002082083E1,3.064607620E0,-2.365903378E0,-9.114859581E0
3.004109068E1,3.074178934E0,-2.351546526E0,-9.119645119E0
3.006149068E1,3.078964472E0,-2.356332064E0,-9.114859581E0
3.008163047E1,3.093321562E0,-2.365903378E0,-9.110074043E0
3.010190031E1,3.093321562E0,-2.365903378E0,-9.129216194E0
3.012217021E1,3.078964472E0,-2.351546526E0,-9.134002686E0
3.014244010E1,3.069393158E0,-2.365903378E0,-9.114859581E0
3.016284010E1,3.055036306E0,-2.361117840E0,-9.105288506E0
3.018297989E1,3.074178934E0,-2.365903378E0,-9.090931892E0
3.020324979E1,3.074178934E0,-2.361117840E0,-9.095717430E0
3.022351969E1,3.069393158E0,-2.351546526E0,-9.138788223E0
3.024378958E1,3.102892876E0,-2.375474691E0,-9.129216194E0
3.026394166E1,3.112463951E0,-2.361117840E0,-9.138788223E0
3.028433015E1,3.093321562E0,-2.370688915E0,-9.119645119E0
3.030459948E1,3.064607620E0,-2.380260229E0,-9.100502968E0
3.032486932E1,3.055036306E0,-2.341975212E0,-9.100502968E0
3.034513917E1,3.069393158E0,-2.365903378E0,-9.095717430E0
3.036553916E1,3.088535786E0,-2.380260229E0,-9.114859581E0
3.038567896E1,3.083750248E0,-2.385046005E0,-9.124430656E0
3.040594885E1,3.078964472E0,-2.375474691E0,-9.110074043E0
3.042621875E1,3.083750248E0,-2.365903378E0,-9.110074043E0
3.044648864E1,3.078964472E0,-2.356332064E0,-9.095717430E0
3.046675849E1,3.102892876E0,-2.356332064E0,-9.110074043E0
3.048702838E1,3.078964472E0,-2.365903378E0,-9.119645119E0
3.050729828E1,3.069393158E0,-2.394617319E0,-9.100502968E0
3.052756818E1,3.093321562E0,-2.394617319E0,-9.095717430E0
3.054783807E1,3.098107100E0,-2.389831543E0,-9.114859581E0
3.056810797E1,3.102892876E0,-2.385046005E0,-9.100502968E0
3.058837792E1,3.102892876E0,-2.375474691E0,-9.105288506E0
3.060864781E1,3.074178934E0,-2.365903378E0,-9.090931892E0
3.062891765E1,3.078964472E0,-2.370688915E0,-9.095717430E0
3.064918755E1,3.098107100E0,-2.361117840E0,-9.100502968E0
3.066945745E1,3.093321562E0,-2.385046005E0,-9.138788223E0
3.068972734E1,3.069393158E0,-2.375474691E0,-9.167501450E0
3.070999729E1,3.055036306E0,-2.365903378E0,-9.143573761E0
3.073026719E1,3.040679455E0,-2.385046005E0,-9.110074043E0
3.075053708E1,3.021536827E0,-2.394617319E0,-9.071788788E0
3.077080698E1,3.059821844E0,-2.394617319E0,-9.081359863E0
3.079107693E1,3.093321562E0,-2.399402857E0,-9.067003250E0
3.081134682E1,3.131606579E0,-2.361117840E0,-9.076574326E0
3.083161672E1,3.160320520E0,-2.332403898E0,-9.110074043E0
3.085188661E1,3.179463148E0,-2.370688915E0,-9.124430656E0
3.087215656E1,3.107678413E0,-2.418545485E0,-9.095717430E0
3.089242646E1,2.988037348E0,-2.365903378E0,-9.033503532E0
3.091269635E1,3.011965513E0,-2.308475733E0,-9.067003250E0
3.093296625E1,3.107678413E0,-2.356332064E0,-9.105288506E0
3.095323620E1,3.126821041E0,-2.404188633E0,-9.124430656E0
3.097350609E1,3.179463148E0,-2.356332064E0,-9.215357780E0
3.099377599E1,3.184248686E0,-2.375474691E0,-9.229715347E0
3.101404594E1,3.074178934E0,-2.408974171E0,-9.167501450E0
3.103431578E1,2.944966555E0,-2.385046005E0,-9.067003250E0
3.105458573E1,2.882753134E0,-2.408974171E0,-9.004789352E0
3.107485568E1,2.897109985E0,-2.456830740E0,-9.028717995E0
3.109512557E1,2.964108944E0,-2.437688112E0,-9.081359863E0
3.111539547E1,3.055036306E0,-2.389831543E0,-9.143573761E0
3.113566531E1,3.189034462E0,-2.365903378E0,-9.162715912E0
3.115593531E1,3.260818958E0,-2.351546526E0,-9.134002686E0
3.117620521E1,3.265604734E0,-2.318047047E0,-9.134002686E0
3.119647510E1,3.222533941E0,-2.327618122E0,-9.153144836E0
3.121674505E1,3.150749207E0,-2.394617319E0,-9.143573761E0
3.123701495E1,3.050250769E0,-2.418545485E0,-9.110074043E0
3.125728484E1,2.997608662E0,-2.394617319E0,-9.071788788E0
3.127755479E1,2.978466034E0,-2.385046005E0,-9.062217712E0
3.129782469E1,2.983251572E0,-2.380260229E0,-9.076574326E0
3.131809458E1,2.968894720E0,-2.365903378E0,-9.105288506E0
3.133836453E1,2.959323406E0,-2.346760750E0,-9.138788223E0
3.135867375E1,2.959323406E0,-2.332403898E0,-9.134002686E0
3.137890437E1,2.997608662E0,-2.327618122E0,-9.124430656E0
3.139917432E1,3.055036306E0,-2.351546526E0,-9.138788223E0
3.141944422E1,3.141177893E0,-2.394617319E0,-9.134002686E0
3.143971411E1,3.136392355E0,-2.399402857E0,-9.105288506E0
3.146011411E1,3.150749207E0,-2.385046005E0,-9.090931892E0
3.148025396E1,3.141177893E0,-2.370688915E0,-9.067003250E0
3.150052385E1,3.160320520E0,-2.389831543E0,-9.071788788E0
3.152079375E1,3.155534744E0,-2.399402857E0,-9.076574326E0
3.154106370E1,3.122035265E0,-2.385046005E0,-9.100502968E0
3.156146370E1,3.083750248E0,-2.346760750E0,-9.110074043E0
3.158160344E1,3.050250769E0,-2.346760750E0,-9.119645119E0
3.160187338E1,3.035893679E0,-2.365903378E0,-9.138788223E0
3.162214328E1,3.026322365E0,-2.375474691E0,-9.129216194E0
3.164241318E1,3.007179976E0,-2.375474691E0,-9.129216194E0
3.166281318E1,3.007179976E0,-2.375474691E0,-9.138788223E0
3.168295302E1,3.045464993E0,-2.389831543E0,-9.124430656E0
3.170322292E1,3.078964472E0,-2.375474691E0,-9.105288506E0
3.172349281E1,3.107678413E0,-2.361117840E0,-9.095717430E0
3.174376276E1,3.117249727E0,-2.356332064E0,-9.086145401E0
3.176416276E1,3.131606579E0,-2.365903378E0,-9.067003250E0
3.178430255E1,3.126821041E0,-2.389831543E0,-9.081359863E0
3.180457250E1,3.126821041E0,-2.408974171E0,-9.086145401E0
3.182484239E1,3.102892876E0,-2.394617319E0,-9.090931892E0
3.184511229E1,3.074178934E0,-2.375474691E0,-9.100502968E0
3.186538219E1,3.059821844E0,-2.370688915E0,-9.119645119E0
3.188565213E1,3.055036306E0,-2.356332064E0,-9.105288506E0
3.190592203E1,3.059821844E0,-2.365903378E0,-9.124430656E0
3.192619187E1,3.040679455E0,-2.351546526E0,-9.124430656E0
3.194646182E1,3.040679455E0,-2.365903378E0,-9.110074043E0
3.196673172E1,3.074178934E0,-2.370688915E0,-9.100502968E0
3.198700166E1,3.107678413E0,-2.380260229E0,-9.081359863E0
3.200727156E1,3.117249727E0,-2.370688915E0,-9.100502968E0
3.202754146E1,3.126821041E0,-2.365903378E0,-9.095717430E0
3.204781135E1,3.117249727E0,-2.389831543E0,-9.086145401E0
3.206808125E1,3.102892876E0,-2.389831543E0,-9.105288506E0
3.208835120E1,3.088535786E0,-2.389831543E0,-9.105288506E0
3.210862109E1,3.088535786E0,-2.375474691E0,-9.105288506E0
3.212889099E1,3.083750248E0,-2.375474691E0,-9.110074043E0
3.214916088E1,3.078964472E0,-2.365903378E0,-9.110074043E0
3.216943078E1,3.083750248E0,-2.351546526E0,-9.110074043E0
3.218970073E1,3.074178934E0,-2.356332064E0,-9.105288506E0
3.220997062E1,3.083750248E0,-2.370688915E0,-9.100502968E0
3.223024052E1,3.078964472E0,-2.370688915E0,-9.110074043E0
3.225051042E1,3.083750248E0,-2.380260229E0,-9.105288506E0
3.227078031E1,3.098107100E0,-2.385046005E0,-9.100502968E0
3.229105021E1,3.112463951E0,-2.380260229E0,-9.100502968E0
3.231132015E1,3.098107100E0,-2.370688915E0,-9.105288506E0
3.233159000E1,3.093321562E0,-2.370688915E0,-9.090931892E0
3.235185989E1,3.102892876E0,-2.356332064E0,-9.086145401E0
3.237212979E1,3.093321562E0,-2.375474691E0,-9.110074043E0
3.239239969E1,3.093321562E0,-2.380260229E0,-9.110074043E0
3.241266963E1,3.078964472E0,-2.380260229E0,-9.100502968E0
3.243293953E1,3.064607620E0,-2.385046005E0,-9.086145401E0
3.245320943E1,3.059821844E0,-2.356332064E0,-9.105288506E0
3.247347932E1,3.102892876E0,-2.351546526E0,-9.114859581E0
3.249374922E1,3.117249727E0,-2.385046005E0,-9.134002686E0
3.251401906E1,3.098107100E0,-2.365903378E0,-9.119645119E0
3.253428896E1,3.098107100E0,-2.361117840E0,-9.095717430E0
3.255455885E1,3.078964472E0,-2.385046005E0,-9.076574326E0
3.257482880E1,3.074178934E0,-2.375474691E0,-9.081359863E0
3.259509864E1,3.069393158E0,-2.380260229E0,-9.105288506E0
3.261536854E1,3.098107100E0,-2.385046005E0,-9.124430656E0
3.263563844E1,3.093321562E0,-2.375474691E0,-9.100502968E0
3.265590833E1,3.088535786E0,-2.365903378E0,-9.105288506E0
3.267617823E1,3.083750248E0,-2.370688915E0,-9.105288506E0
3.269644812E1,3.083750248E0,-2.385046005E0,-9.100502968E0
3.271671802E1,3.074178934E0,-2.370688915E0,-9.119645119E0
3.273698792E1,3.045464993E0,-2.370688915E0,-9.114859581E0
3.275725781E1,3.088535786E0,-2.380260229E0,-9.100502968E0
3.277752771E1,3.112463951E0,-2.385046005E0,-9.105288506E0
3.279779755E1,3.098107100E0,-2.370688915E0,-9.114859581E0
3.281806745E1,3.083750248E0,-2.356332064E0,-9.129216194E0
3.283833734E1,3.064607620E0,-2.375474691E0,-9.105288506E0
3.285860724E1,3.050250769E0,-2.375474691E0,-9.086145401E0
3.287887713E1,3.078964472E0,-2.370688915E0,-9.105288506E0
3.289914703E1,3.093321562E0,-2.375474691E0,-9.124430656E0
3.291941692E1,3.078964472E0,-2.389831543E0,-9.129216194E0
3.293968677E1,3.074178934E0,-2.394617319E0,-9.119645119E0
3.296008677E1,3.064607620E0,-2.375474691E0,-9.095717430E0
3.298022651E1,3.074178934E0,-2.370688915E0,-9.095717430E0
3.300049646E1,3.098107100E0,-2.389831543E0,-9.100502968E0
3.302076630E1,3.107678413E0,-2.389831543E0,-9.095717430E0
3.304103620E1,3.078964472E0,-2.385046005E0,-9.095717430E0
3.306143620E1,3.059821844E0,-2.365903378E0,-9.110074043E0
3.308157599E1,3.074178934E0,-2.361117840E0,-9.105288506E0
3.310184583E1,3.078964472E0,-2.375474691E0,-9.110074043E0
3.312211573E1,3.083750248E0,-2.408974171E0,-9.105288506E0
3.314238562E1,3.069393158E0,-2.385046005E0,-9.100502968E0
3.316278562E1,3.064607620E0,-2.365903378E0,-9.100502968E0
3.318292536E1,3.064607620E0,-2.370688915E0,-9.110074043E0
3.320319521E1,3.083750248E0,-2.394617319E0,-9.105288506E0
3.322346510E1,3.088535786E0,-2.389831543E0,-9.100502968E0
3.324373500E1,3.078964472E0,-2.370688915E0,-9.100502968E0
3.326413500E1,3.078964472E0,-2.365903378E0,-9.110074043E0
3.328427474E1,3.117249727E0,-2.385046005E0,-9.110074043E0
3.330454458E1,3.122035265E0,-2.399402857E0,-9.119645119E0
3.332481448E1,3.074178934E0,-2.404188633E0,-9.105288506E0
3.334508437E1,3.045464993E0,-2.380260229E0,-9.081359863E0
3.336548437E1,3.055036306E0,-2.365903378E0,-9.081359863E0
3.338562411E1,3.059821844E0,-2.404188633E0,-9.110074043E0
3.340589396E1,3.078964472E0,-2.413759947E0,-9.110074043E0
3.342616385E1,3.074178934E0,-2.394617319E0,-9.119645119E0
3.344643375E1,3.064607620E0,-2.385046005E0,-9.110074043E0
3.346670359E1,3.078964472E0,-2.394617319E0,-9.100502968E0
3.348697349E1,3.093321562E0,-2.389831543E0,-9.090931892E0
3.350724333E1,3.083750248E0,-2.385046005E0,-9.086145401E0
3.352751323E1,3.074178934E0,-2.380260229E0,-9.090931892E0
3.354778307E1,3.088535786E0,-2.399402857E0,-9.114859581E0
3.356805297E1,3.093321562E0,-2.370688915E0,-9.105288506E0
3.358832281E1,3.112463951E0,-2.365903378E0,-9.100502968E0
3.360859271E1,3.102892876E0,-2.385046005E0,-9.114859581E0
3.362886255E1,3.074178934E0,-2.370688915E0,-9.100502968E0
3.364913245E1,3.055036306E0,-2.375474691E0,-9.100502968E0
3.366940224E1,3.069393158E0,-2.394617319E0,-9.095717430E0
3.368967219E1,3.069393158E0,-2.399402857E0,-9.114859581E0
3.370994203E1,3.078964472E0,-2.399402857E0,-9.105288506E0
3.373021187E1,3.069393158E0,-2.370688915E0,-9.100502968E0
3.375048177E1,3.055036306E0,-2.365903378E0,-9.105288506E0
3.377075161E1,3.093321562E0,-2.365903378E0,-9.110074043E0
3.379102146E1,3.098107100E0,-2.380260229E0,-9.086145401E0
3.381129135E1,3.102892876E0,-2.380260229E0,-9.095717430E0
3.383156120E1,3.093321562E0,-2.380260229E0,-9.110074043E0
3.385183104E1,3.074178934E0,-2.370688915E0,-9.105288506E0
3.387210094E1,3.083750248E0,-2.380260229E0,-9.100502968E0
3.389237078E1,3.083750248E0,-2.385046005E0,-9.105288506E0
3.391264062E1,3.074178934E0,-2.385046005E0,-9.105288506E0
3.393291047E1,3.074178934E0,-2.361117840E0,-9.105288506E0
3.395318036E1,3.078964472E0,-2.375474691E0,-9.114859581E0
3.397345021E1,3.102892876E0,-2.389831543E0,-9.110074043E0
3.399372005E1,3.093321562E0,-2.365903378E0,-9.114859581E0
3.401398984E1,3.074178934E0,-2.389831543E0,-9.114859581E0
3.403425979E1,3.050250769E0,-2.380260229E0,-9.105288506E0
3.405452963E1,3.064607620E0,-2.380260229E0,-9.090931892E0
3.407479948E1,3.074178934E0,-2.399402857E0,-9.090931892E0
3.409506932E1,3.083750248E0,-2.389831543E0,-9.124430656E0
3.411533911E1,3.055036306E0,-2.370688915E0,-9.110074043E0
3.413560906E1,3.074178934E0,-2.365903378E0,-9.124430656E0
3.415587890E1,3.074178934E0,-2.370688915E0,-9.095717430E0
3.417614875E1,3.069393158E0,-2.385046005E0,-9.076574326E0
3.419641859E1,3.083750248E0,-2.365903378E0,-9.100502968E0
3.421668844E1,3.078964472E0,-2.370688915E0,-9.110074043E0
3.423695828E1,3.069393158E0,-2.375474691E0,-9.081359863E0
3.425722812E1,3.059821844E0,-2.365903378E0,-9.114859581E0
3.427749802E1,3.083750248E0,-2.380260229E0,-9.110074043E0
3.429776786E1,3.098107100E0,-2.375474691E0,-9.114859581E0
3.431803765E1,3.074178934E0,-2.356332064E0,-9.110074043E0
3.433830755E1,3.059821844E0,-2.370688915E0,-9.086145401E0
3.435857739E1,3.069393158E0,-2.389831543E0,-9.124430656E0
3.437884719E1,3.078964472E0,-2.385046005E0,-9.129216194E0
3.439911708E1,3.088535786E0,-2.389831543E0,-9.100502968E0
3.441938693E1,3.069393158E0,-2.385046005E0,-9.095717430E0
3.443965677E1,3.059821844E0,-2.370688915E0,-9.110074043E0
3.446005677E1,3.088535786E0,-2.351546526E0,-9.105288506E0
3.448019640E1,3.098107100E0,-2.370688915E0,-9.110074043E0
3.450046635E1,3.078964472E0,-2.375474691E0,-9.119645119E0
3.452073609E1,3.088535786E0,-2.370688915E0,-9.114859581E0
3.454100594E1,3.093321562E0,-2.375474691E0,-9.105288506E0
3.456140594E1,3.078964472E0,-2.385046005E0,-9.090931892E0
3.458154562E1,3.064607620E0,-2.375474691E0,-9.110074043E0
3.460181547E1,3.078964472E0,-2.365903378E0,-9.124430656E0
3.462208526E1,3.074178934E0,-2.370688915E0,-9.114859581E0
3.464235510E1,3.074178934E0,-2.365903378E0,-9.095717430E0
3.466275510E1,3.093321562E0,-2.351546526E0,-9.100502968E0
3.468289479E1,3.088535786E0,-2.380260229E0,-9.124430656E0
3.470316463E1,3.093321562E0,-2.365903378E0,-9.143573761E0
3.472343442E1,3.078964472E0,-2.370688915E0,-9.119645119E0
3.474370427E1,3.069393158E0,-2.361117840E0,-9.081359863E0
3.476410427E1,3.059821844E0,-2.356332064E0,-9.086145401E0
3.478424396E1,3.045464993E0,-2.375474691E0,-9.100502968E0
3.480451375E1,3.083750248E0,-2.385046005E0,-9.090931892E0
3.482478359E1,3.083750248E0,-2.365903378E0,-9.105288506E0
3.484505344E1,3.078964472E0,-2.356332064E0,-9.119645119E0
3.486532323E1,3.078964472E0,-2.365903378E0,-9.105288506E0
3.488559307E1,3.088535786E0,-2.356332064E0,-9.086145401E0
3.490586292E1,3.078964472E0,-2.356332064E0,-9.100502968E0
3.492613271E1,3.083750248E0,-2.361117840E0,-9.100502968E0
3.494640255E1,3.078964472E0,-2.375474691E0,-9.095717430E0
3.496667234E1,3.069393158E0,-2.370688915E0,-9.100502968E0
3.498694219E1,3.083750248E0,-2.361117840E0,-9.114859581E0
3.500721198E1,3.088535786E0,-2.365903378E0,-9.119645119E0
3.502748182E1,3.074178934E0,-2.365903378E0,-9.110074043E0
3.504775161E1,3.069393158E0,-2.356332064E0,-9.090931892E0
3.506802146E1,3.069393158E0,-2.365903378E0,-9.090931892E0
3.508829125E1,3.083750248E0,-2.375474691E0,-9.105288506E0
3.510856104E1,3.083750248E0,-2.370688915E0,-9.129216194E0
3.512883088E1,3.069393158E0,-2.356332064E0,-9.100502968E0
3.514910068E1,3.078964472E0,-2.351546526E0,-9.090931892E0
3.516937052E1,3.078964472E0,-2.375474691E0,-9.100502968E0
3.518964031E1,3.083750248E0,-2.370688915E0,-9.100502968E0
3.520991010E1,3.102892876E0,-2.361117840E0,-9.110074043E0
3.523017995E1,3.083750248E0,-2.370688915E0,-9.105288506E0
3.525044974E1,3.098107100E0,-2.375474691E0,-9.114859581E0
3.527071953E1,3.078964472E0,-2.365903378E0,-9.119645119E0
3.529098937E1,3.078964472E0,-2.365903378E0,-9.100502968E0
3.531125916E1,3.083750248E0,-2.365903378E0,-9.086145401E0
3.533152896E1,3.078964472E0,-2.365903378E0,-9.110074043E0
3.535179880E1,3.069393158E0,-2.365903378E0,-9.114859581E0
3.537206859E1,3.088535786E0,-2.375474691E0,-9.110074043E0
3.539233838E1,3.083750248E0,-2.361117840E0,-9.100502968E0
3.541260823E1,3.088535786E0,-2.356332064E0,-9.110074043E0
3.543287802E1,3.078964472E0,-2.365903378E0,-9.114859581E0
3.545314781E1,3.074178934E0,-2.375474691E0,-9.124430656E0
3.547341760E1,3.078964472E0,-2.380260229E0,-9.105288506E0
3.549368745E1,3.078964472E0,-2.370688915E0,-9.090931892E0
3.551395724E1,3.074178934E0,-2.361117840E0,-9.100502968E0
3.553422703E1,3.112463951E0,-2.365903378E0,-9.105288506E0
3.555449687E1,3.107678413E0,-2.385046005E0,-9.114859581E0
3.557476667E1,3.069393158E0,-2.361117840E0,-9.119645119E0
3.559503646E1,3.078964472E0,-2.356332064E0,-9.100502968E0
3.561530625E1,3.088535786E0,-2.356332064E0,-9.100502968E0
3.563557609E1,3.083750248E0,-2.380260229E0,-9.100502968E0
3.565584583E1,3.083750248E0,-2.375474691E0,-9.105288506E0
3.567611562E1,3.069393158E0,-2.380260229E0,-9.119645119E0
3.569638547E1,3.074178934E0,-2.375474691E0,-9.114859581E0
3.571665531E1,3.083750248E0,-2.351546526E0,-9.114859581E0
3.573692510E1,3.102892876E0,-2.351546526E0,-9.110074043E0
3.575719489E1,3.098107100E0,-2.356332064E0,-9.090931892E0
3.577746469E1,3.078964472E0,-2.365903378E0,-9.100502968E0
3.579773448E1,3.074178934E0,-2.380260229E0,-9.105288506E0
3.581800427E1,3.069393158E0,-2.385046005E0,-9.100502968E0
3.583827406E1,3.088535786E0,-2.361117840E0,-9.095717430E0
3.585854390E1,3.098107100E0,-2.361117840E0,-9.114859581E0
3.587881370E1,3.088535786E0,-2.365903378E0,-9.119645119E0
3.589908349E1,3.078964472E0,-2.361117840E0,-9.114859581E0
3.591935328E1,3.074178934E0,-2.351546526E0,-9.095717430E0
3.593962307E1,3.074178934E0,-2.365903378E0,-9.095717430E0
3.596002307E1,3.078964472E0,-2.375474691E0,-9.119645119E0
3.598016265E1,3.088535786E0,-2.380260229E0,-9.105288506E0
3.600043245E1,3.074178934E0,-2.365903378E0,-9.105288506E0
3.602070224E1,3.064607620E0,-2.361117840E0,-9.105288506E0
3.604097203E1,3.083750248E0,-2.365903378E0,-9.081359863E0
3.606137203E1,3.112463951E0,-2.380260229E0,-9.100502968E0
3.608151166E1,3.093321562E0,-2.385046005E0,-9.114859581E0
3.610178140E1,3.078964472E0,-2.365903378E0,-9.110074043E0
3.612205125E1,3.078964472E0,-2.361117840E0,-9.095717430E0
3.614232104E1,3.074178934E0,-2.375474691E0,-9.105288506E0
3.616272104E1,3.074178934E0,-2.385046005E0,-9.095717430E0
3.618286062E1,3.078964472E0,-2.375474691E0,-9.105288506E0
3.620313042E1,3.069393158E0,-2.361117840E0,-9.110074043E0
3.622340021E1,3.059821844E0,-2.351546526E0,-9.100502968E0
3.624367000E1,3.074178934E0,-2.365903378E0,-9.119645119E0
3.626386120E1,3.078964472E0,-2.365903378E0,-9.110074043E0
3.628420948E1,3.083750248E0,-2.380260229E0,-9.110074043E0
3.630447932E1,3.083750248E0,-2.385046005E0,-9.105288506E0
3.632474911E1,3.074178934E0,-2.385046005E0,-9.119645119E0
3.634501890E1,3.083750248E0,-2.380260229E0,-9.086145401E0
3.636541890E1,3.088535786E0,-2.380260229E0,-9.090931892E0
3.638555849E1,3.088535786E0,-2.351546526E0,-9.114859581E0
3.640582833E1,3.098107100E0,-2.394617319E0,-9.119645119E0
3.642609812E1,3.117249727E0,-2.389831543E0,-9.129216194E0
3.644636792E1,3.102892876E0,-2.370688915E0,-9.114859581E0
3.646663771E1,3.059821844E0,-2.389831543E0,-9.067003250E0
3.648690750E1,3.050250769E0,-2.361117840E0,-9.071788788E0
3.650717729E1,3.064607620E0,-2.370688915E0,-9.100502968E0
3.652744708E1,3.083750248E0,-2.399402857E0,-9.119645119E0
3.654771687E1,3.083750248E0,-2.399402857E0,-9.100502968E0
3.656798666E1,3.098107100E0,-2.385046005E0,-9.095717430E0
3.658825646E1,3.102892876E0,-2.380260229E0,-9.095717430E0
3.660852625E1,3.088535786E0,-2.375474691E0,-9.090931892E0
3.662879604E1,3.088535786E0,-2.375474691E0,-9.086145401E0
3.664906583E1,3.074178934E0,-2.385046005E0,-9.090931892E0
3.666933562E1,3.064607620E0,-2.399402857E0,-9.095717430E0
3.668960542E1,3.078964472E0,-2.394617319E0,-9.100502968E0
3.670987521E1,3.074178934E0,-2.380260229E0,-9.119645119E0
3.673014500E1,3.074178934E0,-2.375474691E0,-9.114859581E0
3.675041474E1,3.069393158E0,-2.375474691E0,-9.105288506E0
3.677068453E1,3.074178934E0,-2.365903378E0,-9.095717430E0
3.679095432E1,3.074178934E0,-2.370688915E0,-9.081359863E0
3.681122411E1,3.083750248E0,-2.385046005E0,-9.095717430E0
3.683149390E1,3.078964472E0,-2.389831543E0,-9.119645119E0
3.685176370E1,3.069393158E0,-2.385046005E0,-9.124430656E0
3.687203349E1,3.074178934E0,-2.365903378E0,-9.119645119E0
3.689230328E1,3.098107100E0,-2.370688915E0,-9.086145401E0
3.691257307E1,3.102892876E0,-2.370688915E0,-9.100502968E0
3.693284281E1,3.093321562E0,-2.361117840E0,-9.110074043E0
3.695311260E1,3.078964472E0,-2.370688915E0,-9.110074043E0
3.697338239E1,3.093321562E0,-2.380260229E0,-9.100502968E0
3.699365219E1,3.088535786E0,-2.370688915E0,-9.095717430E0
3.701392198E1,3.064607620E0,-2.370688915E0,-9.095717430E0
3.703419172E1,3.078964472E0,-2.380260229E0,-9.110074043E0
3.705446151E1,3.088535786E0,-2.370688915E0,-9.110074043E0
3.707473130E1,3.083750248E0,-2.365903378E0,-9.100502968E0
3.709500109E1,3.098107100E0,-2.365903378E0,-9.100502968E0
3.711527088E1,3.078964472E0,-2.375474691E0,-9.095717430E0
3.713554062E1,3.088535786E0,-2.375474691E0,-9.100502968E0
3.715581042E1,3.088535786E0,-2.361117840E0,-9.110074043E0
3.717608021E1,3.093321562E0,-2.370688915E0,-9.110074043E0
3.719635000E1,3.098107100E0,-2.361117840E0,-9.134002686E0
3.721661974E1,3.093321562E0,-2.380260229E0,-9.124430656E0
3.723688953E1,3.064607620E0,-2.361117840E0,-9.076574326E0
3.725715932E1,3.074178934E0,-2.351546526E0,-9.100502968E0
3.727742911E1,3.064607620E0,-2.375474691E0,-9.090931892E0
3.729769885E1,3.088535786E0,-2.380260229E0,-9.110074043E0
3.731796864E1,3.083750248E0,-2.370688915E0,-9.129216194E0
3.733823844E1,3.093321562E0,-2.361117840E0,-9.095717430E0
3.735850818E1,3.088535786E0,-2.361117840E0,-9.100502968E0
3.737877797E1,3.069393158E0,-2.361117840E0,-9.105288506E0
3.739904776E1,3.074178934E0,-2.370688915E0,-9.100502968E0
3.741931750E1,3.098107100E0,-2.365903378E0,-9.100502968E0
3.743958729E1,3.093321562E0,-2.375474691E0,-9.100502968E0
3.745998729E1,3.093321562E0,-2.361117840E0,-9.119645119E0
3.748012682E1,3.093321562E0,-2.361117840E0,-9.119645119E0
3.750039661E1,3.093321562E0,-2.356332064E0,-9.114859581E0
3.752066635E1,3.098107100E0,-2.365903378E0,-9.100502968E0
3.754093614E1,3.064607620E0,-2.361117840E0,-9.095717430E0
3.756133614E1,3.074178934E0,-2.356332064E0,-9.105288506E0
3.758147568E1,3.088535786E0,-2.370688915E0,-9.095717430E0
3.760174547E1,3.083750248E0,-2.385046005E0,-9.114859581E0
3.762201521E1,3.069393158E0,-2.365903378E0,-9.119645119E0
3.764228500E1,3.093321562E0,-2.356332064E0,-9.095717430E0
3.766268500E1,3.083750248E0,-2.365903378E0,-9.110074043E0
3.768282453E1,3.083750248E0,-2.365903378E0,-9.105288506E0
3.770309427E1,3.098107100E0,-2.356332064E0,-9.105288506E0
3.772336406E1,3.093321562E0,-2.356332064E0,-9.110074043E0
3.774363380E1,3.083750248E0,-2.351546526E0,-9.119645119E0
3.776403380E1,3.074178934E0,-2.365903378E0,-9.114859581E0
3.778417333E1,3.088535786E0,-2.385046005E0,-9.095717430E0
3.780444312E1,3.107678413E0,-2.370688915E0,-9.095717430E0
3.782471286E1,3.093321562E0,-2.365903378E0,-9.100502968E0
3.784498265E1,3.074178934E0,-2.361117840E0,-9.124430656E0
3.786525239E1,3.098107100E0,-2.361117840E0,-9.119645119E0
3.788552219E1,3.083750248E0,-2.375474691E0,-9.095717430E0
3.790579192E1,3.083750248E0,-2.375474691E0,-9.119645119E0
3.792606172E1,3.088535786E0,-2.375474691E0,-9.105288506E0
3.794633146E1,3.088535786E0,-2.370688915E0,-9.086145401E0
3.796660125E1,3.098107100E0,-2.356332064E0,-9.086145401E0
3.798687099E1,3.126821041E0,-2.375474691E0,-9.114859581E0
3.800714073E1,3.098107100E0,-2.365903378E0,-9.129216194E0
3.802741047E1,3.069393158E0,-2.346760750E0,-9.110074043E0
3.804768026E1,3.093321562E0,-2.351546526E0,-9.081359863E0
3.806795005E1,3.093321562E0,-2.375474691E0,-9.076574326E0
3.808821979E1,3.069393158E0,-2.380260229E0,-9.095717430E0
3.810848953E1,3.078964472E0,-2.375474691E0,-9.119645119E0
3.812875932E1,3.083750248E0,-2.365903378E0,-9.124430656E0
3.814902906E1,3.083750248E0,-2.361117840E0,-9.100502968E0
3.816929885E1,3.098107100E0,-2.346760750E0,-9.100502968E0
3.818956859E1,3.074178934E0,-2.346760750E0,-9.110074043E0
3.820983833E1,3.093321562E0,-2.361117840E0,-9.100502968E0
3.823010812E1,3.112463951E0,-2.361117840E0,-9.100502968E0
3.825037786E1,3.102892876E0,-2.365903378E0,-9.110074043E0
3.827064760E1,3.088535786E0,-2.365903378E0,-9.119645119E0
3.829091739E1,3.078964472E0,-2.365903378E0,-9.105288506E0
3.831118708E1,3.083750248E0,-2.361117840E0,-9.100502968E0
3.833145687E1,3.083750248E0,-2.332403898E0,-9.095717430E0
3.835172666E1,3.083750248E0,-2.351546526E0,-9.100502968E0
3.837199640E1,3.083750248E0,-2.361117840E0,-9.086145401E0
3.839226614E1,3.088535786E0,-2.351546526E0,-9.095717430E0
3.841253594E1,3.098107100E0,-2.361117840E0,-9.114859581E0
3.843280568E1,3.088535786E0,-2.380260229E0,-9.114859581E0
3.845307542E1,3.064607620E0,-2.351546526E0,-9.100502968E0
3.847334521E1,3.078964472E0,-2.356332064E0,-9.100502968E0
3.849361489E1,3.093321562E0,-2.356332064E0,-9.100502968E0
3.851388469E1,3.107678413E0,-2.361117840E0,-9.110074043E0
3.853415443E1,3.102892876E0,-2.375474691E0,-9.114859581E0
3.855442422E1,3.088535786E0,-2.365903378E0,-9.114859581E0
3.857469396E1,3.078964472E0,-2.361117840E0,-9.119645119E0
3.859496370E1,3.078964472E0,-2.361117840E0,-9.114859581E0
3.861523349E1,3.098107100E0,-2.389831543E0,-9.105288506E0
3.863550323E1,3.078964472E0,-2.380260229E0,-9.105288506E0
3.865577297E1,3.064607620E0,-2.356332064E0,-9.110074043E0
3.867604271E1,3.093321562E0,-2.356332064E0,-9.129216194E0
3.869631250E1,3.088535786E0,-2.361117840E0,-9.105288506E0
3.871658224E1,3.083750248E0,-2.356332064E0,-9.105288506E0
3.873685198E1,3.098107100E0,-2.365903378E0,-9.090931892E0
3.875712172E1,3.088535786E0,-2.356332064E0,-9.100502968E0
3.877739146E1,3.078964472E0,-2.370688915E0,-9.090931892E0
3.879766125E1,3.064607620E0,-2.356332064E0,-9.081359863E0
3.881793099E1,3.069393158E0,-2.351546526E0,-9.134002686E0
3.883820073E1,3.088535786E0,-2.375474691E0,-9.148359299E0
3.885847047E1,3.117249727E0,-2.365903378E0,-9.114859581E0
3.887874021E1,3.107678413E0,-2.361117840E0,-9.100502968E0
3.889900995E1,3.069393158E0,-2.385046005E0,-9.095717430E0
3.891927974E1,3.050250769E0,-2.356332064E0,-9.090931892E0
3.893954948E1,3.078964472E0,-2.370688915E0,-9.095717430E0
3.895993802E1,3.074178934E0,-2.385046005E0,-9.100502968E0
3.898008896E1,3.083750248E0,-2.394617319E0,-9.119645119E0
3.900035870E1,3.088535786E0,-2.385046005E0,-9.134002686E0
3.902062844E1,3.093321562E0,-2.370688915E0,-9.105288506E0
3.904089818E1,3.093321562E0,-2.365903378E0,-9.081359863E0
3.906129818E1,3.102892876E0,-2.361117840E0,-9.100502968E0
3.908143765E1,3.098107100E0,-2.375474691E0,-9.100502968E0
3.910170739E1,3.083750248E0,-2.380260229E0,-9.090931892E0
3.912197713E1,3.093321562E0,-2.385046005E0,-9.100502968E0
3.914224687E1,3.093321562E0,-2.389831543E0,-9.119645119E0
3.916264687E1,3.112463951E0,-2.394617319E0,-9.114859581E0
3.918278635E1,3.107678413E0,-2.389831543E0,-9.100502968E0
3.920305609E1,3.083750248E0,-2.385046005E0,-9.081359863E0
3.922332583E1,3.074178934E0,-2.389831543E0,-9.071788788E0
3.924359557E1,3.078964472E0,-2.385046005E0,-9.100502968E0
3.926399557E1,3.074178934E0,-2.389831543E0,-9.124430656E0
3.928413505E1,3.088535786E0,-2.389831543E0,-9.114859581E0
3.930440479E1,3.078964472E0,-2.356332064E0,-9.095717430E0
3.932467453E1,3.074178934E0,-2.356332064E0,-9.086145401E0
3.934494427E1,3.078964472E0,-2.361117840E0,-9.095717430E0
3.936534427E1,3.088535786E0,-2.375474691E0,-9.100502968E0
3.938548375E1,3.093321562E0,-2.385046005E0,-9.105288506E0
3.940575349E1,3.078964472E0,-2.370688915E0,-9.100502968E0
3.942602323E1,3.083750248E0,-2.375474691E0,-9.105288506E0
3.944629297E1,3.083750248E0,-2.361117840E0,-9.105288506E0
3.946656265E1,3.088535786E0,-2.356332064E0,-9.105288506E0
3.948683239E1,3.083750248E0,-2.361117840E0,-9.114859581E0
3.950710213E1,3.078964472E0,-2.365903378E0,-9.110074043E0
3.952737187E1,3.093321562E0,-2.365903378E0,-9.114859581E0
3.954764161E1,3.074178934E0,-2.375474691E0,-9.086145401E0
3.956791135E1,3.055036306E0,-2.351546526E0,-9.105288506E0
3.958818104E1,3.102892876E0,-2.375474691E0,-9.100502968E0
3.960845078E1,3.117249727E0,-2.365903378E0,-9.105288506E0
3.962872052E1,3.093321562E0,-2.356332064E0,-9.119645119E0
3.964899026E1,3.064607620E0,-2.370688915E0,-9.090931892E0
3.966926000E1,3.078964472E0,-2.337189436E0,-9.081359863E0
3.968952974E1,3.088535786E0,-2.356332064E0,-9.067003250E0
3.970979948E1,3.083750248E0,-2.385046005E0,-9.124430656E0
3.973006916E1,3.088535786E0,-2.370688915E0,-9.129216194E0
3.975033890E1,3.074178934E0,-2.365903378E0,-9.105288506E0
3.977060864E1,3.064607620E0,-2.365903378E0,-9.105288506E0
3.979087838E1,3.074178934E0,-2.351546526E0,-9.090931892E0
3.981114812E1,3.074178934E0,-2.361117840E0,-9.090931892E0
3.983141781E1,3.088535786E0,-2.346760750E0,-9.110074043E0
3.985168755E1,3.078964472E0,-2.365903378E0,-9.110074043E0
3.987195729E1,3.088535786E0,-2.385046005E0,-9.105288506E0
3.989222703E1,3.078964472E0,-2.361117840E0,-9.114859581E0
3.991249672E1,3.093321562E0,-2.365903378E0,-9.110074043E0
3.993276646E1,3.098107100E0,-2.361117840E0,-9.090931892E0
3.995303614E1,3.083750248E0,-2.341975212E0,-9.119645119E0
3.997330588E1,3.088535786E0,-2.356332064E0,-9.095717430E0
3.999357562E1,3.098107100E0,-2.375474691E0,-9.100502968E0
4.001384531E1,3.083750248E0,-2.361117840E0,-9.105288506E0
4.003411505E1,3.083750248E0,-2.346760750E0,-9.110074043E0
4.005438479E1,3.078964472E0,-2.375474691E0,-9.095717430E0
4.007465448E1,3.093321562E0,-2.375474691E0,-9.114859581E0
4.009492422E1,3.098107100E0,-2.356332064E0,-9.110074043E0
4.011519390E1,3.088535786E0,-2.337189436E0,-9.105288506E0
4.013546364E1,3.088535786E0,-2.351546526E0,-9.105288506E0
4.015573338E1,3.093321562E0,-2.356332064E0,-9.095717430E0
4.017600307E1,3.098107100E0,-2.351546526E0,-9.100502968E0
4.019627281E1,3.107678413E0,-2.356332064E0,-9.105288506E0
4.021654250E1,3.122035265E0,-2.380260229E0,-9.067003250E0
4.023681224E1,3.112463951E0,-2.385046005E0,-9.086145401E0
4.025708192E1,3.078964472E0,-2.399402857E0,-9.114859581E0
4.027735167E1,3.074178934E0,-2.389831543E0,-9.119645119E0
4.029762135E1,3.074178934E0,-2.351546526E0,-9.110074043E0
4.031789109E1,3.083750248E0,-2.351546526E0,-9.110074043E0
4.033816078E1,3.098107100E0,-2.365903378E0,-9.110074043E0
4.035843052E1,3.107678413E0,-2.361117840E0,-9.105288506E0
4.037870021E1,3.102892876E0,-2.380260229E0,-9.114859581E0
4.039896995E1,3.098107100E0,-2.389831543E0,-9.100502968E0
4.041923963E1,3.078964472E0,-2.380260229E0,-9.081359863E0
4.043950937E1,3.078964472E0,-2.380260229E0,-9.095717430E0
4.045990937E1,3.088535786E0,-2.375474691E0,-9.086145401E0
4.048004875E1,3.093321562E0,-2.375474691E0,-9.110074043E0
4.050031849E1,3.107678413E0,-2.365903378E0,-9.129216194E0
4.052058818E1,3.112463951E0,-2.370688915E0,-9.124430656E0
4.054085786E1,3.102892876E0,-2.375474691E0,-9.090931892E0
4.056125786E1,3.074178934E0,-2.385046005E0,-9.071788788E0
4.058139729E1,3.064607620E0,-2.375474691E0,-9.071788788E0
4.060166703E1,3.078964472E0,-2.394617319E0,-9.090931892E0
4.062193672E1,3.107678413E0,-2.385046005E0,-9.105288506E0
4.064220640E1,3.126821041E0,-2.375474691E0,-9.100502968E0
4.066260640E1,3.122035265E0,-2.370688915E0,-9.095717430E0
4.068274583E1,3.107678413E0,-2.365903378E0,-9.105288506E0
4.070301552E1,3.098107100E0,-2.375474691E0,-9.105288506E0
4.072328521E1,3.102892876E0,-2.380260229E0,-9.105288506E0
4.074355495E1,3.059821844E0,-2.389831543E0,-9.081359863E0
4.076395495E1,3.064607620E0,-2.394617319E0,-9.090931892E0
4.078409432E1,3.083750248E0,-2.385046005E0,-9.105288506E0
4.080436401E1,3.093321562E0,-2.375474691E0,-9.105288506E0
4.082463370E1,3.102892876E0,-2.365903378E0,-9.100502968E0
4.084490344E1,3.122035265E0,-2.365903378E0,-9.105288506E0
4.086517312E1,3.141177893E0,-2.375474691E0,-9.110074043E0
4.088544281E1,3.098107100E0,-2.399402857E0,-9.071788788E0
4.090571250E1,3.074178934E0,-2.394617319E0,-9.043074608E0
4.092598224E1,3.083750248E0,-2.380260229E0,-9.057432175E0
4.094625193E1,3.117249727E0,-2.380260229E0,-9.081359863E0
4.096652161E1,3.141177893E0,-2.389831543E0,-9.095717430E0
4.098679130E1,3.131606579E0,-2.361117840E0,-9.090931892E0
4.100706099E1,3.078964472E0,-2.346760750E0,-9.090931892E0
4.102733068E1,3.045464993E0,-2.351546526E0,-9.114859581E0
4.104760036E1,3.069393158E0,-2.404188633E0,-9.119645119E0
4.106787005E1,3.055036306E0,-2.389831543E0,-9.100502968E0
4.108813979E1,3.045464993E0,-2.370688915E0,-9.090931892E0
4.110840948E1,3.069393158E0,-2.365903378E0,-9.081359863E0
4.112867916E1,3.093321562E0,-2.385046005E0,-9.090931892E0
4.114894885E1,3.112463951E0,-2.389831543E0,-9.148359299E0
4.116921854E1,3.136392355E0,-2.423331022E0,-9.090931892E0
4.118948823E1,3.112463951E0,-2.385046005E0,-9.086145401E0
4.120975792E1,3.117249727E0,-2.375474691E0,-9.062217712E0
4.123002760E1,3.122035265E0,-2.408974171E0,-9.067003250E0
4.125029729E1,3.107678413E0,-2.404188633E0,-9.095717430E0
4.127056698E1,3.098107100E0,-2.389831543E0,-9.105288506E0
4.129083666E1,3.093321562E0,-2.380260229E0,-9.124430656E0
4.131110630E1,3.069393158E0,-2.385046005E0,-9.071788788E0
4.133137604E1,3.045464993E0,-2.389831543E0,-9.081359863E0
4.135164573E1,3.045464993E0,-2.389831543E0,-9.110074043E0
4.137191542E1,3.064607620E0,-2.404188633E0,-9.119645119E0
4.139218510E1,3.064607620E0,-2.399402857E0,-9.110074043E0
4.141245479E1,3.069393158E0,-2.389831543E0,-9.086145401E0
4.143272448E1,3.083750248E0,-2.394617319E0,-9.067003250E0
4.145299416E1,3.102892876E0,-2.389831543E0,-9.076574326E0
4.147326385E1,3.126821041E0,-2.375474691E0,-9.090931892E0
4.149353354E1,3.141177893E0,-2.385046005E0,-9.095717430E0
4.151380323E1,3.136392355E0,-2.394617319E0,-9.086145401E0
4.153407286E1,3.141177893E0,-2.399402857E0,-9.076574326E0
4.155434255E1,3.117249727E0,-2.385046005E0,-9.081359863E0
4.157461224E1,3.107678413E0,-2.380260229E0,-9.086145401E0
4.159488192E1,3.107678413E0,-2.380260229E0,-9.100502968E0
4.161515161E1,3.083750248E0,-2.389831543E0,-9.095717430E0
4.163542130E1,3.069393158E0,-2.394617319E0,-9.105288506E0
4.165569094E1,3.059821844E0,-2.399402857E0,-9.110074043E0
4.167596062E1,3.050250769E0,-2.399402857E0,-9.095717430E0
4.169623031E1,3.059821844E0,-2.370688915E0,-9.086145401E0
4.171650000E1,3.074178934E0,-2.399402857E0,-9.067003250E0
4.173676969E1,3.083750248E0,-2.399402857E0,-9.081359863E0
4.175703932E1,3.102892876E0,-2.394617319E0,-9.105288506E0
4.177730901E1,3.117249727E0,-2.399402857E0,-9.095717430E0
4.179757870E1,3.122035265E0,-2.413759947E0,-9.095717430E0
4.181784838E1,3.122035265E0,-2.408974171E0,-9.067003250E0
4.183811797E1,3.112463951E0,-2.389831543E0,-9.081359863E0
4.185838771E1,3.098107100E0,-2.394617319E0,-9.090931892E0
4.187865739E1,3.107678413E0,-2.394617319E0,-9.100502968E0
4.189892703E1,3.117249727E0,-2.413759947E0,-9.095717430E0
4.191919672E1,3.098107100E0,-2.399402857E0,-9.076574326E0
4.193946640E1,3.083750248E0,-2.380260229E0,-9.095717430E0
4.195977547E1,3.088535786E0,-2.408974171E0,-9.095717430E0
4.198000583E1,3.088535786E0,-2.408974171E0,-9.095717430E0
4.200027547E1,3.064607620E0,-2.408974171E0,-9.095717430E0
4.202054515E1,3.059821844E0,-2.394617319E0,-9.071788788E0
4.204081474E1,3.055036306E0,-2.385046005E0,-9.076574326E0
4.206121474E1,3.088535786E0,-2.404188633E0,-9.081359863E0
4.208135411E1,3.107678413E0,-2.413759947E0,-9.086145401E0
4.210162380E1,3.107678413E0,-2.408974171E0,-9.086145401E0
4.212189349E1,3.078964472E0,-2.389831543E0,-9.100502968E0
4.214216312E1,3.098107100E0,-2.385046005E0,-9.086145401E0
4.216256312E1,3.112463951E0,-2.375474691E0,-9.081359863E0
4.218270245E1,3.131606579E0,-2.394617319E0,-9.086145401E0
4.220297213E1,3.102892876E0,-2.399402857E0,-9.086145401E0
4.222324177E1,3.078964472E0,-2.389831543E0,-9.086145401E0
4.224351146E1,3.083750248E0,-2.394617319E0,-9.100502968E0
4.226391146E1,3.088535786E0,-2.399402857E0,-9.119645119E0
4.228405078E1,3.093321562E0,-2.389831543E0,-9.090931892E0
4.230432042E1,3.088535786E0,-2.375474691E0,-9.100502968E0
4.232459010E1,3.093321562E0,-2.375474691E0,-9.100502968E0
4.234485974E1,3.093321562E0,-2.385046005E0,-9.100502968E0
4.236525974E1,3.093321562E0,-2.408974171E0,-9.100502968E0
4.238539906E1,3.102892876E0,-2.404188633E0,-9.090931892E0
4.240566870E1,3.098107100E0,-2.394617319E0,-9.086145401E0
4.242593833E1,3.093321562E0,-2.375474691E0,-9.095717430E0
4.244620802E1,3.098107100E0,-2.385046005E0,-9.095717430E0
4.246647765E1,3.112463951E0,-2.389831543E0,-9.095717430E0
4.248674734E1,3.102892876E0,-2.389831543E0,-9.090931892E0
4.250701698E1,3.083750248E0,-2.399402857E0,-9.095717430E0
4.252728667E1,3.078964472E0,-2.389831543E0,-9.095717430E0
4.254755630E1,3.083750248E0,-2.394617319E0,-9.095717430E0
4.256782594E1,3.078964472E0,-2.404188633E0,-9.081359863E0
4.258809562E1,3.074178934E0,-2.365903378E0,-9.081359863E0
4.260836526E1,3.074178934E0,-2.351546526E0,-9.119645119E0
4.262863489E1,3.107678413E0,-2.394617319E0,-9.110074043E0
4.264890458E1,3.126821041E0,-2.399402857E0,-9.110074043E0
4.266917422E1,3.093321562E0,-2.385046005E0,-9.090931892E0
4.268944385E1,3.069393158E0,-2.385046005E0,-9.081359863E0
4.270971354E1,3.083750248E0,-2.375474691E0,-9.090931892E0
4.272998318E1,3.083750248E0,-2.385046005E0,-9.086145401E0
4.275025281E1,3.098107100E0,-2.389831543E0,-9.090931892E0
4.277052250E1,3.107678413E0,-2.399402857E0,-9.090931892E0
4.279079213E1,3.078964472E0,-2.394617319E0,-9.100502968E0
4.281106177E1,3.078964472E0,-2.380260229E0,-9.100502968E0
4.283133146E1,3.083750248E0,-2.380260229E0,-9.090931892E0
4.285160109E1,3.088535786E0,-2.394617319E0,-9.110074043E0
4.287187073E1,3.093321562E0,-2.385046005E0,-9.110074043E0
4.289214036E1,3.083750248E0,-2.380260229E0,-9.100502968E0
4.291241000E1,3.088535786E0,-2.389831543E0,-9.081359863E0
4.293267969E1,3.083750248E0,-2.375474691E0,-9.090931892E0
4.295294932E1,3.088535786E0,-2.385046005E0,-9.095717430E0
4.297321896E1,3.083750248E0,-2.380260229E0,-9.100502968E0
4.299348859E1,3.078964472E0,-2.375474691E0,-9.100502968E0
4.301375828E1,3.078964472E0,-2.389831543E0,-9.090931892E0
4.303402792E1,3.083750248E0,-2.399402857E0,-9.110074043E0
4.305429755E1,3.083750248E0,-2.380260229E0,-9.110074043E0
4.307456719E1,3.083750248E0,-2.380260229E0,-9.119645119E0
4.309483682E1,3.107678413E0,-2.375474691E0,-9.105288506E0
4.311510646E1,3.098107100E0,-2.370688915E0,-9.086145401E0
4.313537609E1,3.093321562E0,-2.365903378E0,-9.081359863E0
4.315564573E1,3.102892876E0,-2.365903378E0,-9.071788788E0
4.317591536E1,3.098107100E0,-2.385046005E0,-9.090931892E0
4.319618505E1,3.102892876E0,-2.389831543E0,-9.100502968E0
4.321645469E1,3.088535786E0,-2.385046005E0,-9.090931892E0
4.323672432E1,3.088535786E0,-2.380260229E0,-9.110074043E0
4.325699396E1,3.074178934E0,-2.380260229E0,-9.110074043E0
4.327726359E1,3.107678413E0,-2.380260229E0,-9.114859581E0
4.329753323E1,3.107678413E0,-2.389831543E0,-9.081359863E0
4.331780286E1,3.078964472E0,-2.370688915E0,-9.071788788E0
4.333807250E1,3.102892876E0,-2.365903378E0,-9.081359863E0
4.335834208E1,3.093321562E0,-2.394617319E0,-9.114859581E0
4.337861172E1,3.069393158E0,-2.370688915E0,-9.100502968E0
4.339888135E1,3.064607620E0,-2.370688915E0,-9.105288506E0
4.341915099E1,3.088535786E0,-2.370688915E0,-9.090931892E0
4.343942062E1,3.098107100E0,-2.389831543E0,-9.071788788E0
4.345969026E1,3.093321562E0,-2.394617319E0,-9.086145401E0
4.347995989E1,3.093321562E0,-2.385046005E0,-9.105288506E0
4.350022953E1,3.102892876E0,-2.370688915E0,-9.124430656E0
4.352049917E1,3.112463951E0,-2.365903378E0,-9.110074043E0
4.354076880E1,3.102892876E0,-2.365903378E0,-9.086145401E0
4.356116880E1,3.112463951E0,-2.370688915E0,-9.086145401E0
4.358130807E1,3.107678413E0,-2.370688915E0,-9.086145401E0
4.360157765E1,3.107678413E0,-2.365903378E0,-9.086145401E0
4.362184729E1,3.107678413E0,-2.375474691E0,-9.086145401E0
4.364211692E1,3.122035265E0,-2.385046005E0,-9.086145401E0
4.366251693E1,3.107678413E0,-2.380260229E0,-9.110074043E0
4.368265620E1,3.107678413E0,-2.380260229E0,-9.090931892E0
4.370292583E1,3.078964472E0,-2.375474691E0,-9.105288506E0
4.372319542E1,3.069393158E0,-2.375474691E0,-9.119645119E0
4.374346505E1,3.069393158E0,-2.385046005E0,-9.100502968E0
4.376386505E1,3.055036306E0,-2.385046005E0,-9.105288506E0
4.378416224E1,3.059821844E0,-2.380260229E0,-9.095717430E0
4.380427448E1,3.078964472E0,-2.370688915E0,-9.100502968E0
4.382454401E1,3.078964472E0,-2.365903378E0,-9.095717430E0
4.384481354E1,3.088535786E0,-2.380260229E0,-9.081359863E0
4.386508302E1,3.107678413E0,-2.385046005E0,-9.086145401E0
4.388535260E1,3.093321562E0,-2.375474691E0,-9.100502968E0
4.390562219E1,3.093321562E0,-2.380260229E0,-9.100502968E0
4.392589166E1,3.093321562E0,-2.394617319E0,-9.105288506E0
4.394616130E1,3.078964472E0,-2.385046005E0,-9.095717430E0
4.396643094E1,3.098107100E0,-2.385046005E0,-9.090931892E0
4.398670052E1,3.083750248E0,-2.380260229E0,-9.095717430E0
4.400697015E1,3.078964472E0,-2.380260229E0,-9.100502968E0
4.402723974E1,3.078964472E0,-2.375474691E0,-9.105288506E0
4.404750932E1,3.088535786E0,-2.361117840E0,-9.090931892E0
4.406777896E1,3.098107100E0,-2.365903378E0,-9.100502968E0
4.408804854E1,3.093321562E0,-2.365903378E0,-9.105288506E0
4.410831818E1,3.117249727E0,-2.365903378E0,-9.110074043E0
4.412858776E1,3.088535786E0,-2.365903378E0,-9.086145401E0
4.414885739E1,3.069393158E0,-2.389831543E0,-9.076574326E0
4.416912698E1,3.098107100E0,-2.385046005E0,-9.086145401E0
4.418939661E1,3.117249727E0,-2.404188633E0,-9.100502968E0
4.420966620E1,3.102892876E0,-2.394617319E0,-9.124430656E0
4.422993583E1,3.069393158E0,-2.365903378E0,-9.114859581E0
4.425020542E1,3.064607620E0,-2.361117840E0,-9.071788788E0
4.427047505E1,3.078964472E0,-2.375474691E0,-9.071788788E0
4.429074458E1,3.055036306E0,-2.404188633E0,-9.100502968E0
4.431101422E1,3.078964472E0,-2.399402857E0,-9.124430656E0
4.433128385E1,3.059821844E0,-2.404188633E0,-9.119645119E0
4.435155344E1,3.078964472E0,-2.385046005E0,-9.100502968E0
4.437182307E1,3.102892876E0,-2.375474691E0,-9.071788788E0
4.439209265E1,3.098107100E0,-2.380260229E0,-9.081359863E0
4.441236224E1,3.098107100E0,-2.385046005E0,-9.086145401E0
4.443263187E1,3.093321562E0,-2.380260229E0,-9.081359863E0
4.445290146E1,3.098107100E0,-2.394617319E0,-9.100502968E0
4.447317104E1,3.117249727E0,-2.418545485E0,-9.090931892E0
4.449344068E1,3.117249727E0,-2.408974171E0,-9.110074043E0
4.451371026E1,3.112463951E0,-2.404188633E0,-9.114859581E0
4.453397984E1,3.074178934E0,-2.385046005E0,-9.086145401E0
4.455424948E1,3.074178934E0,-2.365903378E0,-9.067003250E0
4.457451906E1,3.088535786E0,-2.370688915E0,-9.067003250E0
4.459478864E1,3.107678413E0,-2.389831543E0,-9.105288506E0
4.461505828E1,3.078964472E0,-2.389831543E0,-9.124430656E0
4.463532786E1,3.093321562E0,-2.389831543E0,-9.095717430E0
4.465559745E1,3.088535786E0,-2.389831543E0,-9.081359863E0
4.467586708E1,3.093321562E0,-2.394617319E0,-9.086145401E0
4.469613667E1,3.093321562E0,-2.385046005E0,-9.095717430E0
4.471640625E1,3.107678413E0,-2.389831543E0,-9.100502968E0
4.473667583E1,3.126821041E0,-2.385046005E0,-9.095717430E0
4.475694547E1,3.117249727E0,-2.385046005E0,-9.090931892E0
4.477721505E1,3.122035265E0,-2.389831543E0,-9.076574326E0
4.479748463E1,3.102892876E0,-2.394617319E0,-9.071788788E0
4.481775422E1,3.102892876E0,-2.380260229E0,-9.086145401E0
4.483802380E1,3.078964472E0,-2.399402857E0,-9.095717430E0
4.485829344E1,3.083750248E0,-2.380260229E0,-9.100502968E0
4.487856302E1,3.083750248E0,-2.380260229E0,-9.100502968E0
4.489883260E1,3.098107100E0,-2.399402857E0,-9.086145401E0
4.491910219E1,3.088535786E0,-2.399402857E0,-9.076574326E0
4.493937177E1,3.088535786E0,-2.365903378E0,-9.090931892E0
4.495964130E1,3.093321562E0,-2.385046005E0,-9.114859581E0
4.497991094E1,3.141177893E0,-2.418545485E0,-9.100502968E0
4.500018052E1,3.107678413E0,-2.399402857E0,-9.095717430E0
4.502045015E1,3.064607620E0,-2.385046005E0,-9.067003250E0
4.504071974E1,3.102892876E0,-2.370688915E0,-9.057432175E0
4.506111974E1,3.112463951E0,-2.404188633E0,-9.076574326E0
4.508125890E1,3.102892876E0,-2.418545485E0,-9.095717430E0
4.510152849E1,3.117249727E0,-2.404188633E0,-9.105288506E0
4.512179807E1,3.088535786E0,-2.399402857E0,-9.100502968E0
4.514206765E1,3.088535786E0,-2.404188633E0,-9.100502968E0
4.516246765E1,3.098107100E0,-2.385046005E0,-9.090931892E0
4.518260682E1,3.102892876E0,-2.380260229E0,-9.081359863E0
4.520287640E1,3.088535786E0,-2.370688915E0,-9.071788788E0
4.522314599E1,3.083750248E0,-2.399402857E0,-9.071788788E0
4.524341552E1,3.093321562E0,-2.399402857E0,-9.095717430E0
4.526381552E1,3.107678413E0,-2.399402857E0,-9.100502968E0
4.528395474E1,3.117249727E0,-2.404188633E0,-9.090931892E0
4.530422432E1,3.107678413E0,-2.394617319E0,-9.081359863E0
4.532449390E1,3.107678413E0,-2.394617319E0,-9.076574326E0
4.534476349E1,3.107678413E0,-2.389831543E0,-9.095717430E0
4.536516349E1,3.098107100E0,-2.375474691E0,-9.105288506E0
4.538530265E1,3.083750248E0,-2.375474691E0,-9.090931892E0
4.540557224E1,3.098107100E0,-2.380260229E0,-9.086145401E0
4.542584182E1,3.093321562E0,-2.375474691E0,-9.076574326E0
4.544624182E1,3.093321562E0,-2.375474691E0,-9.090931892E0
4.546638099E1,3.098107100E0,-2.399402857E0,-9.095717430E0
4.548665057E1,3.088535786E0,-2.385046005E0,-9.095717430E0
4.550692015E1,3.098107100E0,-2.389831543E0,-9.086145401E0
4.552718974E1,3.102892876E0,-2.380260229E0,-9.081359863E0
4.554745927E1,3.112463951E0,-2.375474691E0,-9.105288506E0
4.556772885E1,3.088535786E0,-2.375474691E0,-9.095717430E0
4.558799844E1,3.088535786E0,-2.375474691E0,-9.086145401E0
4.560826802E1,3.088535786E0,-2.375474691E0,-9.076574326E0
4.562853760E1,3.093321562E0,-2.370688915E0,-9.081359863E0
4.564880719E1,3.126821041E0,-2.394617319E0,-9.100502968E0
4.566907677E1,3.117249727E0,-2.389831543E0,-9.119645119E0
4.568934630E1,3.083750248E0,-2.370688915E0,-9.105288506E0
4.570961588E1,3.074178934E0,-2.375474691E0,-9.081359863E0
4.572988547E1,3.078964472E0,-2.356332064E0,-9.081359863E0
4.575015505E1,3.078964472E0,-2.385046005E0,-9.076574326E0
4.577042463E1,3.088535786E0,-2.399402857E0,-9.100502968E0
4.579069422E1,3.102892876E0,-2.394617319E0,-9.110074043E0
4.581096375E1,3.098107100E0,-2.385046005E0,-9.114859581E0
4.583123333E1,3.107678413E0,-2.389831543E0,-9.095717430E0
4.585150292E1,3.112463951E0,-2.375474691E0,-9.090931892E0
4.587177250E1,3.102892876E0,-2.365903378E0,-9.081359863E0
4.589204203E1,3.088535786E0,-2.365903378E0,-9.090931892E0
4.591231151E1,3.093321562E0,-2.385046005E0,-9.100502968E0
4.593258120E1,3.098107100E0,-2.389831543E0,-9.071788788E0
4.595285073E1,3.102892876E0,-2.375474691E0,-9.100502968E0
4.597312031E1,3.117249727E0,-2.380260229E0,-9.095717430E0
4.599338989E1,3.107678413E0,-2.365903378E0,-9.090931892E0
4.601365948E1,3.098107100E0,-2.385046005E0,-9.086145401E0
4.603392901E1,3.093321562E0,-2.389831543E0,-9.086145401E0
4.605419859E1,3.083750248E0,-2.380260229E0,-9.105288506E0
4.607446818E1,3.078964472E0,-2.370688915E0,-9.119645119E0
4.609473776E1,3.093321562E0,-2.370688915E0,-9.105288506E0
4.611500729E1,3.093321562E0,-2.385046005E0,-9.086145401E0
4.613527687E1,3.074178934E0,-2.380260229E0,-9.090931892E0
4.615554646E1,3.074178934E0,-2.389831543E0,-9.095717430E0
4.617581599E1,3.078964472E0,-2.380260229E0,-9.071788788E0
4.619608557E1,3.088535786E0,-2.389831543E0,-9.076574326E0
4.621635510E1,3.078964472E0,-2.380260229E0,-9.090931892E0
4.623662469E1,3.078964472E0,-2.356332064E0,-9.105288506E0
4.625689427E1,3.088535786E0,-2.380260229E0,-9.100502968E0
4.627716380E1,3.093321562E0,-2.375474691E0,-9.119645119E0
4.629743338E1,3.093321562E0,-2.380260229E0,-9.100502968E0
4.631770297E1,3.088535786E0,-2.375474691E0,-9.071788788E0
4.633797250E1,3.088535786E0,-2.361117840E0,-9.071788788E0
4.635824208E1,3.131606579E0,-2.399402857E0,-9.114859581E0
4.637851167E1,3.117249727E0,-2.389831543E0,-9.100502968E0
4.639878120E1,3.088535786E0,-2.380260229E0,-9.100502968E0
4.641905078E1,3.074178934E0,-2.385046005E0,-9.100502968E0
4.643932036E1,3.083750248E0,-2.394617319E0,-9.076574326E0
4.645958984E1,3.069393158E0,-2.380260229E0,-9.076574326E0
4.647985948E1,3.088535786E0,-2.380260229E0,-9.114859581E0
4.650012906E1,3.102892876E0,-2.389831543E0,-9.143573761E0
4.652039859E1,3.093321562E0,-2.389831543E0,-9.129216194E0
4.654066818E1,3.102892876E0,-2.375474691E0,-9.100502968E0
4.656106818E1,3.102892876E0,-2.365903378E0,-9.071788788E0
4.658120729E1,3.098107100E0,-2.380260229E0,-9.076574326E0
4.660147682E1,3.102892876E0,-2.375474691E0,-9.081359863E0
4.662174640E1,3.102892876E0,-2.375474691E0,-9.095717430E0
4.664201594E1,3.098107100E0,-2.375474691E0,-9.105288506E0
4.666241594E1,3.112463951E0,-2.385046005E0,-9.090931892E0
4.668255505E1,3.098107100E0,-2.385046005E0,-9.100502968E0
4.670282463E1,3.074178934E0,-2.385046005E0,-9.100502968E0
4.672309417E1,3.069393158E0,-2.365903378E0,-9.081359863E0
4.674336375E1,3.064607620E0,-2.370688915E0,-9.095717430E0
4.676376375E1,3.064607620E0,-2.385046005E0,-9.110074043E0
4.678390286E1,3.088535786E0,-2.375474691E0,-9.119645119E0
4.680417239E1,3.093321562E0,-2.380260229E0,-9.105288506E0
4.682444198E1,3.098107100E0,-2.370688915E0,-9.081359863E0
4.684471151E1,3.093321562E0,-2.389831543E0,-9.081359863E0
4.686498109E1,3.102892876E0,-2.380260229E0,-9.086145401E0
4.688525062E1,3.098107100E0,-2.375474691E0,-9.090931892E0
4.690552021E1,3.093321562E0,-2.375474691E0,-9.081359863E0
4.692578969E1,3.088535786E0,-2.370688915E0,-9.100502968E0
4.694605932E1,3.093321562E0,-2.370688915E0,-9.105288506E0
4.696632885E1,3.088535786E0,-2.394617319E0,-9.090931892E0
4.698659844E1,3.088535786E0,-2.375474691E0,-9.090931892E0
4.700686797E1,3.083750248E0,-2.370688915E0,-9.110074043E0
4.702713750E1,3.083750248E0,-2.361117840E0,-9.110074043E0
4.704740708E1,3.093321562E0,-2.380260229E0,-9.105288506E0
4.706767666E1,3.088535786E0,-2.380260229E0,-9.110074043E0
4.708794620E1,3.098107100E0,-2.385046005E0,-9.076574326E0
4.710821573E1,3.107678413E0,-2.375474691E0,-9.076574326E0
4.712848531E1,3.126821041E0,-2.356332064E0,-9.090931892E0
4.714875484E1,3.131606579E0,-2.389831543E0,-9.110074043E0
4.716902442E1,3.088535786E0,-2.370688915E0,-9.100502968E0
4.718929396E1,3.078964472E0,-2.341975212E0,-9.095717430E0
4.720956349E1,3.078964472E0,-2.370688915E0,-9.076574326E0
4.722983307E1,3.078964472E0,-2.394617319E0,-9.076574326E0
4.725010260E1,3.055036306E0,-2.385046005E0,-9.090931892E0
4.727037219E1,3.078964472E0,-2.380260229E0,-9.090931892E0
4.729064172E1,3.093321562E0,-2.385046005E0,-9.100502968E0
4.731091125E1,3.098107100E0,-2.380260229E0,-9.100502968E0
4.733118083E1,3.098107100E0,-2.365903378E0,-9.100502968E0
4.735145036E1,3.093321562E0,-2.370688915E0,-9.076574326E0
4.737171995E1,3.107678413E0,-2.380260229E0,-9.081359863E0
4.739198948E1,3.098107100E0,-2.370688915E0,-9.081359863E0
4.741225901E1,3.112463951E0,-2.385046005E0,-9.076574326E0
4.743252859E1,3.107678413E0,-2.389831543E0,-9.105288506E0
4.745279812E1,3.112463951E0,-2.380260229E0,-9.100502968E0
4.747306765E1,3.088535786E0,-2.375474691E0,-9.081359863E0
4.749333719E1,3.064607620E0,-2.375474691E0,-9.105288506E0
4.751360677E1,3.059821844E0,-2.380260229E0,-9.081359863E0
4.753387630E1,3.083750248E0,-2.380260229E0,-9.071788788E0
4.755414583E1,3.088535786E0,-2.385046005E0,-9.095717430E0
4.757441542E1,3.098107100E0,-2.389831543E0,-9.110074043E0
4.759468495E1,3.098107100E0,-2.380260229E0,-9.110074043E0
4.761495448E1,3.093321562E0,-2.380260229E0,-9.090931892E0
4.763522406E1,3.112463951E0,-2.370688915E0,-9.086145401E0
4.765549359E1,3.098107100E0,-2.370688915E0,-9.095717430E0
4.767576312E1,3.102892876E0,-2.375474691E0,-9.105288506E0
4.769603265E1,3.112463951E0,-2.385046005E0,-9.100502968E0
4.771630224E1,3.098107100E0,-2.389831543E0,-9.095717430E0
4.773657177E1,3.098107100E0,-2.385046005E0,-9.081359863E0
4.775684130E1,3.088535786E0,-2.380260229E0,-9.095717430E0
4.777711088E1,3.088535786E0,-2.380260229E0,-9.095717430E0
4.779738042E1,3.083750248E0,-2.375474691E0,-9.100502968E0
4.781764995E1,3.078964472E0,-2.375474691E0,-9.090931892E0
4.783791942E1,3.078964472E0,-2.370688915E0,-9.100502968E0
4.785818906E1,3.088535786E0,-2.380260229E0,-9.110074043E0
4.787845859E1,3.093321562E0,-2.375474691E0,-9.090931892E0
4.789872818E1,3.102892876E0,-2.365903378E0,-9.086145401E0
4.791899771E1,3.136392355E0,-2.399402857E0,-9.100502968E0
4.793926724E1,3.122035265E0,-2.389831543E0,-9.114859581E0
4.795949745E1,3.083750248E0,-2.394617319E0,-9.090931892E0
4.797980625E1,3.055036306E0,-2.365903378E0,-9.076574326E0
4.800007583E1,3.088535786E0,-2.356332064E0,-9.076574326E0
4.802034542E1,3.102892876E0,-2.399402857E0,-9.110074043E0
4.804061495E1,3.112463951E0,-2.423331022E0,-9.114859581E0
4.806101495E1,3.093321562E0,-2.404188633E0,-9.105288506E0
4.808115406E1,3.088535786E0,-2.385046005E0,-9.100502968E0
4.810142364E1,3.093321562E0,-2.380260229E0,-9.100502968E0
4.812169318E1,3.093321562E0,-2.375474691E0,-9.081359863E0
4.814196276E1,3.112463951E0,-2.380260229E0,-9.086145401E0
4.816236276E1,3.098107100E0,-2.385046005E0,-9.100502968E0
4.818250187E1,3.074178934E0,-2.408974171E0,-9.105288506E0
4.820277140E1,3.074178934E0,-2.399402857E0,-9.119645119E0
4.822304099E1,3.078964472E0,-2.399402857E0,-9.095717430E0
4.824331052E1,3.069393158E0,-2.385046005E0,-9.076574326E0
4.826371052E1,3.055036306E0,-2.356332064E0,-9.076574326E0
4.828384963E1,3.064607620E0,-2.370688915E0,-9.095717430E0
4.830411922E1,3.074178934E0,-2.385046005E0,-9.114859581E0
4.832438880E1,3.083750248E0,-2.375474691E0,-9.119645119E0
4.834465838E1,3.074178934E0,-2.380260229E0,-9.105288506E0
4.836505838E1,3.083750248E0,-2.385046005E0,-9.110074043E0
4.838519750E1,3.112463951E0,-2.399402857E0,-9.100502968E0
4.840546708E1,3.107678413E0,-2.408974171E0,-9.090931892E0
4.842573661E1,3.107678413E0,-2.399402857E0,-9.090931892E0
4.844600620E1,3.083750248E0,-2.385046005E0,-9.086145401E0
4.846627578E1,3.078964472E0,-2.361117840E0,-9.095717430E0
4.848654531E1,3.083750248E0,-2.375474691E0,-9.124430656E0
4.850681489E1,3.088535786E0,-2.370688915E0,-9.110074043E0
4.852708443E1,3.069393158E0,-2.361117840E0,-9.110074043E0
4.854735401E1,3.069393158E0,-2.380260229E0,-9.110074043E0
4.856775401E1,3.064607620E0,-2.375474691E0,-9.086145401E0
4.858789312E1,3.069393158E0,-2.365903378E0,-9.119645119E0
4.860816271E1,3.117249727E0,-2.389831543E0,-9.129216194E0
4.862843229E1,3.102892876E0,-2.375474691E0,-9.138788223E0
4.864870182E1,3.093321562E0,-2.375474691E0,-9.119645119E0
4.866897140E1,3.069393158E0,-2.370688915E0,-9.076574326E0
4.868924088E1,3.074178934E0,-2.365903378E0,-9.095717430E0
4.870951052E1,3.069393158E0,-2.385046005E0,-9.090931892E0
4.872978010E1,3.069393158E0,-2.389831543E0,-9.095717430E0
4.875004969E1,3.078964472E0,-2.365903378E0,-9.100502968E0
4.877031922E1,3.059821844E0,-2.361117840E0,-9.114859581E0
4.879058880E1,3.074178934E0,-2.365903378E0,-9.119645119E0
4.881085838E1,3.064607620E0,-2.370688915E0,-9.095717430E0
4.883112792E1,3.098107100E0,-2.356332064E0,-9.086145401E0
4.885139750E1,3.098107100E0,-2.370688915E0,-9.114859581E0
4.887166708E1,3.093321562E0,-2.380260229E0,-9.105288506E0
4.889193666E1,3.083750248E0,-2.375474691E0,-9.100502968E0
4.891220620E1,3.102892876E0,-2.361117840E0,-9.110074043E0
4.893247578E1,3.088535786E0,-2.365903378E0,-9.124430656E0
4.895274536E1,3.050250769E0,-2.365903378E0,-9.114859581E0
4.897301489E1,3.035893679E0,-2.361117840E0,-9.100502968E0
4.899328448E1,3.045464993E0,-2.380260229E0,-9.105288506E0
4.901355406E1,3.069393158E0,-2.375474691E0,-9.114859581E0
4.903395406E1,3.083750248E0,-2.385046005E0,-9.129216194E0
4.905409318E1,3.093321562E0,-2.375474691E0,-9.119645119E0
4.907436276E1,3.083750248E0,-2.365903378E0,-9.086145401E0
4.909463234E1,3.107678413E0,-2.365903378E0,-9.105288506E0
4.911490193E1,3.112463951E0,-2.370688915E0,-9.100502968E0
4.913517146E1,3.107678413E0,-2.351546526E0,-9.095717430E0
4.915544104E1,3.126821041E0,-2.346760750E0,-9.100502968E0
4.917571062E1,3.126821041E0,-2.356332064E0,-9.095717430E0
4.919598021E1,3.107678413E0,-2.375474691E0,-9.119645119E0
4.921624974E1,3.083750248E0,-2.370688915E0,-9.114859581E0
4.923651932E1,3.069393158E0,-2.365903378E0,-9.095717430E0
4.925678890E1,3.069393158E0,-2.361117840E0,-9.114859581E0
4.927705844E1,3.069393158E0,-2.375474691E0,-9.100502968E0
4.929732802E1,3.031108141E0,-2.370688915E0,-9.086145401E0
4.931759760E1,3.026322365E0,-2.322832584E0,-9.095717430E0
4.933786713E1,3.078964472E0,-2.351546526E0,-9.100502968E0
4.935813672E1,3.122035265E0,-2.370688915E0,-9.114859581E0
4.937840630E1,3.098107100E0,-2.351546526E0,-9.119645119E0
4.939867588E1,3.093321562E0,-2.346760750E0,-9.105288506E0
4.941894547E1,3.098107100E0,-2.341975212E0,-9.090931892E0
4.943921500E1,3.112463951E0,-2.385046005E0,-9.090931892E0
4.945948458E1,3.112463951E0,-2.404188633E0,-9.090931892E0
4.947975416E1,3.088535786E0,-2.389831543E0,-9.100502968E0
4.950002375E1,3.069393158E0,-2.356332064E0,-9.110074043E0
4.952029328E1,3.078964472E0,-2.361117840E0,-9.119645119E0
4.954056286E1,3.074178934E0,-2.361117840E0,-9.100502968E0
4.956096286E1,3.059821844E0,-2.351546526E0,-9.105288506E0
4.958110203E1,3.074178934E0,-2.346760750E0,-9.124430656E0
4.960137156E1,3.059821844E0,-2.370688915E0,-9.119645119E0
4.962164114E1,3.055036306E0,-2.365903378E0,-9.105288506E0
4.964191068E1,3.069393158E0,-2.365903378E0,-9.095717430E0
4.966231068E1,3.093321562E0,-2.361117840E0,-9.095717430E0
4.968244984E1,3.107678413E0,-2.351546526E0,-9.095717430E0
4.970271943E1,3.122035265E0,-2.361117840E0,-9.114859581E0
4.972298901E1,3.145963669E0,-2.365903378E0,-9.114859581E0
4.974325854E1,3.141177893E0,-2.385046005E0,-9.110074043E0
4.976365854E1,3.083750248E0,-2.375474691E0,-9.100502968E0
4.978379771E1,3.040679455E0,-2.351546526E0,-9.114859581E0
4.980406724E1,3.069393158E0,-2.356332064E0,-9.110074043E0
4.982433682E1,3.050250769E0,-2.365903378E0,-9.110074043E0
4.984460640E1,3.045464993E0,-2.351546526E0,-9.114859581E0
4.986487588E1,3.055036306E0,-2.322832584E0,-9.124430656E0
4.988514552E1,3.078964472E0,-2.346760750E0,-9.114859581E0
4.990541510E1,3.088535786E0,-2.380260229E0,-9.114859581E0
4.992568463E1,3.093321562E0,-2.370688915E0,-9.129216194E0
4.994595422E1,3.083750248E0,-2.389831543E0,-9.105288506E0
4.996622380E1,3.078964472E0,-2.380260229E0,-9.076574326E0
4.998649333E1,3.074178934E0,-2.361117840E0,-9.095717430E0
5.000676292E1,3.107678413E0,-2.346760750E0,-9.105288506E0
5.002703245E1,3.098107100E0,-2.346760750E0,-9.090931892E0
5.004730203E1,3.069393158E0,-2.361117840E0,-9.100502968E0
5.006757161E1,3.050250769E0,-2.365903378E0,-9.090931892E0
5.008784120E1,3.069393158E0,-2.370688915E0,-9.095717430E0
5.010811073E1,3.074178934E0,-2.389831543E0,-9.110074043E0
5.012838031E1,3.078964472E0,-2.380260229E0,-9.100502968E0
5.014864989E1,3.083750248E0,-2.380260229E0,-9.105288506E0
5.016891943E1,3.093321562E0,-2.356332064E0,-9.114859581E0
5.018918901E1,3.112463951E0,-2.361117840E0,-9.105288506E0
5.020945859E1,3.141177893E0,-2.385046005E0,-9.090931892E0
5.022972818E1,3.131606579E0,-2.351546526E0,-9.114859581E0
5.024999771E1,3.112463951E0,-2.370688915E0,-9.119645119E0
5.027026729E1,3.093321562E0,-2.370688915E0,-9.081359863E0
5.029053687E1,3.074178934E0,-2.346760750E0,-9.076574326E0
5.031080640E1,3.064607620E0,-2.394617319E0,-9.110074043E0
5.033107599E1,3.055036306E0,-2.413759947E0,-9.114859581E0
5.035134557E1,3.016751051E0,-2.356332064E0,-9.129216194E0
5.037161515E1,3.021536827E0,-2.346760750E0,-9.134002686E0
5.039188474E1,3.045464993E0,-2.370688915E0,-9.138788223E0
5.041215427E1,3.083750248E0,-2.380260229E0,-9.134002686E0
5.043242385E1,3.045464993E0,-2.361117840E0,-9.100502968E0
5.045269344E1,3.040679455E0,-2.370688915E0,-9.105288506E0
5.047296302E1,3.069393158E0,-2.408974171E0,-9.095717430E0
5.049323255E1,3.112463951E0,-2.413759947E0,-9.081359863E0
5.051350213E1,3.136392355E0,-2.394617319E0,-9.090931892E0
5.053377172E1,3.141177893E0,-2.394617319E0,-9.081359863E0
5.055404130E1,3.117249727E0,-2.361117840E0,-9.076574326E0
5.057431083E1,3.102892876E0,-2.361117840E0,-9.090931892E0
5.059458042E1,3.093321562E0,-2.375474691E0,-9.114859581E0
5.061485000E1,3.093321562E0,-2.385046005E0,-9.143573761E0
5.063511958E1,3.074178934E0,-2.385046005E0,-9.129216194E0
5.065538911E1,3.050250769E0,-2.389831543E0,-9.110074043E0
5.067565870E1,3.031108141E0,-2.380260229E0,-9.086145401E0
5.069592828E1,3.031108141E0,-2.356332064E0,-9.095717430E0
5.071619786E1,3.074178934E0,-2.380260229E0,-9.119645119E0
5.073646745E1,3.102892876E0,-2.385046005E0,-9.110074043E0
5.075673703E1,3.088535786E0,-2.385046005E0,-9.105288506E0
5.077700656E1,3.064607620E0,-2.375474691E0,-9.090931892E0
5.079727614E1,3.083750248E0,-2.346760750E0,-9.100502968E0
5.081754573E1,3.136392355E0,-2.361117840E0,-9.119645119E0
5.083781531E1,3.160320520E0,-2.385046005E0,-9.134002686E0
5.085808489E1,3.155534744E0,-2.389831543E0,-9.110074043E0
5.087835443E1,3.098107100E0,-2.394617319E0,-9.090931892E0
5.089862401E1,3.011965513E0,-2.380260229E0,-9.067003250E0
5.091889359E1,2.992822886E0,-2.380260229E0,-9.067003250E0
5.093916318E1,3.007179976E0,-2.370688915E0,-9.110074043E0
5.095956318E1,3.026322365E0,-2.337189436E0,-9.162715912E0
5.097970229E1,3.083750248E0,-2.346760750E0,-9.162715912E0
5.099997187E1,3.083750248E0,-2.337189436E0,-9.143573761E0
5.102024146E1,3.093321562E0,-2.361117840E0,-9.119645119E0
5.104051104E1,3.093321562E0,-2.375474691E0,-9.086145401E0
5.106091104E1,3.122035265E0,-2.394617319E0,-9.057432175E0
5.108105015E1,3.122035265E0,-2.413759947E0,-9.062217712E0
5.110131974E1,3.107678413E0,-2.389831543E0,-9.095717430E0
5.112158932E1,3.107678413E0,-2.365903378E0,-9.100502968E0
5.114185885E1,3.088535786E0,-2.351546526E0,-9.114859581E0
5.116225885E1,3.069393158E0,-2.341975212E0,-9.119645119E0
5.118239802E1,3.074178934E0,-2.341975212E0,-9.124430656E0
5.120266760E1,3.055036306E0,-2.356332064E0,-9.129216194E0
5.122293719E1,3.040679455E0,-2.361117840E0,-9.138788223E0
5.124320672E1,3.045464993E0,-2.375474691E0,-9.105288506E0
5.126360672E1,3.035893679E0,-2.370688915E0,-9.095717430E0
5.128374588E1,3.045464993E0,-2.380260229E0,-9.119645119E0
5.130401547E1,3.093321562E0,-2.380260229E0,-9.090931892E0
5.132428500E1,3.112463951E0,-2.370688915E0,-9.081359863E0
5.134455458E1,3.083750248E0,-2.365903378E0,-9.095717430E0
5.136495458E1,3.107678413E0,-2.361117840E0,-9.090931892E0
5.138509375E1,3.122035265E0,-2.365903378E0,-9.086145401E0
5.140536328E1,3.098107100E0,-2.356332064E0,-9.090931892E0
5.142563286E1,3.098107100E0,-2.365903378E0,-9.114859581E0
5.144590245E1,3.117249727E0,-2.370688915E0,-9.119645119E0
5.146617203E1,3.083750248E0,-2.361117840E0,-9.124430656E0
5.148644161E1,3.069393158E0,-2.346760750E0,-9.119645119E0
5.150671114E1,3.078964472E0,-2.356332064E0,-9.110074043E0
5.152698073E1,3.069393158E0,-2.361117840E0,-9.134002686E0
5.154725031E1,3.055036306E0,-2.365903378E0,-9.100502968E0
5.156751984E1,3.055036306E0,-2.380260229E0,-9.110074043E0
5.158778943E1,3.064607620E0,-2.380260229E0,-9.119645119E0
5.160805901E1,3.083750248E0,-2.385046005E0,-9.095717430E0
5.162832859E1,3.064607620E0,-2.389831543E0,-9.110074043E0
5.164859812E1,3.069393158E0,-2.361117840E0,-9.095717430E0
5.166886771E1,3.088535786E0,-2.346760750E0,-9.100502968E0
5.168913729E1,3.088535786E0,-2.356332064E0,-9.110074043E0
5.170940687E1,3.098107100E0,-2.365903378E0,-9.100502968E0
5.172967646E1,3.088535786E0,-2.365903378E0,-9.090931892E0
5.174994599E1,3.078964472E0,-2.361117840E0,-9.081359863E0
5.177021557E1,3.098107100E0,-2.380260229E0,-9.110074043E0
5.179048515E1,3.112463951E0,-2.394617319E0,-9.114859581E0
5.181075474E1,3.083750248E0,-2.370688915E0,-9.114859581E0
5.183102427E1,3.050250769E0,-2.361117840E0,-9.124430656E0
5.185129385E1,3.045464993E0,-2.351546526E0,-9.124430656E0
5.187156338E1,3.064607620E0,-2.356332064E0,-9.095717430E0
5.189183297E1,3.059821844E0,-2.370688915E0,-9.090931892E0
5.191210255E1,3.074178934E0,-2.361117840E0,-9.100502968E0
5.193237213E1,3.069393158E0,-2.365903378E0,-9.110074043E0
5.195264172E1,3.093321562E0,-2.380260229E0,-9.114859581E0
5.197291125E1,3.102892876E0,-2.375474691E0,-9.095717430E0
5.199318083E1,3.083750248E0,-2.370688915E0,-9.090931892E0
5.201345042E1,3.098107100E0,-2.365903378E0,-9.110074043E0
5.203371995E1,3.093321562E0,-2.365903378E0,-9.110074043E0
5.205398953E1,3.088535786E0,-2.370688915E0,-9.105288506E0
5.207425911E1,3.078964472E0,-2.361117840E0,-9.110074043E0
5.209452864E1,3.093321562E0,-2.346760750E0,-9.100502968E0
5.211479823E1,3.088535786E0,-2.365903378E0,-9.114859581E0
5.213506781E1,3.074178934E0,-2.370688915E0,-9.110074043E0
5.215533734E1,3.074178934E0,-2.380260229E0,-9.095717430E0
5.217560693E1,3.083750248E0,-2.380260229E0,-9.090931892E0
5.219587646E1,3.078964472E0,-2.370688915E0,-9.100502968E0
5.221614604E1,3.093321562E0,-2.365903378E0,-9.124430656E0
5.223641562E1,3.088535786E0,-2.365903378E0,-9.124430656E0
5.225668515E1,3.074178934E0,-2.356332064E0,-9.124430656E0
5.227695474E1,3.074178934E0,-2.361117840E0,-9.086145401E0
5.229722427E1,3.083750248E0,-2.370688915E0,-9.071788788E0
5.231749385E1,3.083750248E0,-2.370688915E0,-9.114859581E0
5.233776338E1,3.074178934E0,-2.365903378E0,-9.114859581E0
5.235803297E1,3.069393158E0,-2.370688915E0,-9.119645119E0
5.237830250E1,3.069393158E0,-2.375474691E0,-9.095717430E0
5.239857208E1,3.074178934E0,-2.365903378E0,-9.095717430E0
5.241884161E1,3.083750248E0,-2.375474691E0,-9.110074043E0
5.243911120E1,3.088535786E0,-2.375474691E0,-9.095717430E0
5.245938078E1,3.078964472E0,-2.370688915E0,-9.100502968E0
5.247965031E1,3.069393158E0,-2.375474691E0,-9.105288506E0
5.249991989E1,3.069393158E0,-2.385046005E0,-9.105288506E0
5.252018943E1,3.074178934E0,-2.389831543E0,-9.100502968E0
5.254045896E1,3.083750248E0,-2.380260229E0,-9.095717430E0
5.256085896E1,3.074178934E0,-2.356332064E0,-9.100502968E0
5.258099812E1,3.078964472E0,-2.365903378E0,-9.110074043E0
5.260126760E1,3.088535786E0,-2.375474691E0,-9.114859581E0
5.262153719E1,3.112463951E0,-2.365903378E0,-9.129216194E0
5.264180677E1,3.093321562E0,-2.375474691E0,-9.114859581E0
5.266220677E1,3.083750248E0,-2.370688915E0,-9.086145401E0
5.268234588E1,3.069393158E0,-2.356332064E0,-9.076574326E0
5.270261542E1,3.083750248E0,-2.380260229E0,-9.095717430E0
5.272288500E1,3.107678413E0,-2.404188633E0,-9.105288506E0
5.274315453E1,3.088535786E0,-2.389831543E0,-9.114859581E0
5.276355453E1,3.074178934E0,-2.365903378E0,-9.114859581E0
5.278369364E1,3.083750248E0,-2.375474691E0,-9.105288506E0
5.280396318E1,3.083750248E0,-2.365903378E0,-9.086145401E0
5.282423276E1,3.078964472E0,-2.356332064E0,-9.100502968E0
5.284450229E1,3.078964472E0,-2.385046005E0,-9.100502968E0
5.286477187E1,3.064607620E0,-2.404188633E0,-9.100502968E0
5.288504140E1,3.069393158E0,-2.380260229E0,-9.100502968E0
5.290531094E1,3.078964472E0,-2.380260229E0,-9.114859581E0
5.292558052E1,3.088535786E0,-2.399402857E0,-9.124430656E0
5.294585005E1,3.078964472E0,-2.385046005E0,-9.095717430E0
5.296611958E1,3.064607620E0,-2.365903378E0,-9.095717430E0
5.298638917E1,3.074178934E0,-2.361117840E0,-9.095717430E0
5.300665870E1,3.102892876E0,-2.375474691E0,-9.100502968E0
5.302692823E1,3.107678413E0,-2.389831543E0,-9.124430656E0
5.304719781E1,3.069393158E0,-2.380260229E0,-9.119645119E0
5.306746734E1,3.055036306E0,-2.361117840E0,-9.100502968E0
5.308773687E1,3.069393158E0,-2.375474691E0,-9.095717430E0
5.310800646E1,3.098107100E0,-2.385046005E0,-9.086145401E0
5.312827599E1,3.107678413E0,-2.365903378E0,-9.110074043E0
5.314854552E1,3.088535786E0,-2.361117840E0,-9.119645119E0
5.316881510E1,3.078964472E0,-2.356332064E0,-9.124430656E0
5.318908463E1,3.059821844E0,-2.356332064E0,-9.105288506E0
5.320935416E1,3.078964472E0,-2.370688915E0,-9.100502968E0
5.322962370E1,3.088535786E0,-2.361117840E0,-9.105288506E0
5.324989328E1,3.064607620E0,-2.370688915E0,-9.110074043E0
5.327016281E1,3.074178934E0,-2.370688915E0,-9.124430656E0
5.329043234E1,3.078964472E0,-2.365903378E0,-9.086145401E0
5.331070187E1,3.093321562E0,-2.370688915E0,-9.071788788E0
5.333097140E1,3.102892876E0,-2.370688915E0,-9.114859581E0
5.335124099E1,3.112463951E0,-2.385046005E0,-9.114859581E0
5.337151052E1,3.093321562E0,-2.365903378E0,-9.114859581E0
5.339178005E1,3.064607620E0,-2.361117840E0,-9.105288506E0
5.341204958E1,3.078964472E0,-2.365903378E0,-9.100502968E0
5.343231916E1,3.064607620E0,-2.346760750E0,-9.076574326E0
5.345258870E1,3.069393158E0,-2.380260229E0,-9.076574326E0
5.347285823E1,3.088535786E0,-2.389831543E0,-9.110074043E0
5.349312776E1,3.078964472E0,-2.375474691E0,-9.119645119E0
5.351339729E1,3.074178934E0,-2.365903378E0,-9.105288506E0
5.353366682E1,3.069393158E0,-2.365903378E0,-9.100502968E0
5.355393640E1,3.078964472E0,-2.356332064E0,-9.100502968E0
5.357420594E1,3.088535786E0,-2.356332064E0,-9.090931892E0
5.359447547E1,3.083750248E0,-2.361117840E0,-9.100502968E0
5.361474500E1,3.074178934E0,-2.380260229E0,-9.086145401E0
5.363501453E1,3.083750248E0,-2.370688915E0,-9.086145401E0
5.365528411E1,3.088535786E0,-2.370688915E0,-9.110074043E0
5.367555359E1,3.074178934E0,-2.370688915E0,-9.114859581E0
5.369582318E1,3.069393158E0,-2.370688915E0,-9.105288506E0
5.371609271E1,3.059821844E0,-2.370688915E0,-9.095717430E0
5.373636219E1,3.059821844E0,-2.361117840E0,-9.081359863E0
5.375663177E1,3.078964472E0,-2.370688915E0,-9.124430656E0
5.377690130E1,3.098107100E0,-2.380260229E0,-9.129216194E0
5.379717083E1,3.078964472E0,-2.389831543E0,-9.100502968E0
5.381744036E1,3.074178934E0,-2.380260229E0,-9.090931892E0
5.383770989E1,3.107678413E0,-2.351546526E0,-9.095717430E0
5.385797942E1,3.088535786E0,-2.361117840E0,-9.090931892E0
5.387824896E1,3.098107100E0,-2.380260229E0,-9.081359863E0
5.389851849E1,3.078964472E0,-2.361117840E0,-9.100502968E0
5.391878802E1,3.083750248E0,-2.375474691E0,-9.119645119E0
5.393905755E1,3.078964472E0,-2.375474691E0,-9.105288506E0
5.395932708E1,3.088535786E0,-2.365903378E0,-9.100502968E0
5.397959656E1,3.074178934E0,-2.356332064E0,-9.100502968E0
5.399986614E1,3.074178934E0,-2.370688915E0,-9.114859581E0
5.402013568E1,3.083750248E0,-2.370688915E0,-9.100502968E0
5.404040521E1,3.074178934E0,-2.375474691E0,-9.100502968E0
5.406080521E1,3.074178934E0,-2.375474691E0,-9.086145401E0
5.408094427E1,3.083750248E0,-2.365903378E0,-9.076574326E0
5.410121380E1,3.069393158E0,-2.361117840E0,-9.086145401E0
5.412148333E1,3.122035265E0,-2.380260229E0,-9.095717430E0
5.414175286E1,3.122035265E0,-2.389831543E0,-9.114859581E0
5.416215286E1,3.083750248E0,-2.380260229E0,-9.110074043E0
5.418229192E1,3.064607620E0,-2.365903378E0,-9.110074043E0
5.420256146E1,3.074178934E0,-2.346760750E0,-9.076574326E0
5.422283094E1,3.069393158E0,-2.389831543E0,-9.081359863E0
5.424310052E1,3.064607620E0,-2.389831543E0,-9.105288506E0
5.426350052E1,3.078964472E0,-2.365903378E0,-9.129216194E0
5.428367896E1,3.088535786E0,-2.370688915E0,-9.105288506E0
5.430390911E1,3.117249727E0,-2.370688915E0,-9.086145401E0
5.432417864E1,3.098107100E0,-2.375474691E0,-9.081359863E0
5.434444818E1,3.088535786E0,-2.365903378E0,-9.086145401E0
5.436484818E1,3.069393158E0,-2.356332064E0,-9.114859581E0
5.438498724E1,3.083750248E0,-2.375474691E0,-9.095717430E0
5.440525677E1,3.098107100E0,-2.380260229E0,-9.095717430E0
5.442552625E1,3.098107100E0,-2.356332064E0,-9.100502968E0
5.444579573E1,3.093321562E0,-2.380260229E0,-9.124430656E0
5.446606526E1,3.088535786E0,-2.356332064E0,-9.100502968E0
5.448633479E1,3.074178934E0,-2.365903378E0,-9.076574326E0
5.450673479E1,3.064607620E0,-2.375474691E0,-9.090931892E0
5.452687479E1,3.083750248E0,-2.380260229E0,-9.110074043E0
5.454714417E1,3.083750248E0,-2.365903378E0,-9.105288506E0
5.456741349E1,3.098107100E0,-2.370688915E0,-9.110074043E0
5.458768281E1,3.088535786E0,-2.380260229E0,-9.105288506E0
5.460795224E1,3.074178934E0,-2.380260229E0,-9.095717430E0
5.462822167E1,3.083750248E0,-2.361117840E0,-9.081359863E0
5.464849114E1,3.112463951E0,-2.356332064E0,-9.095717430E0
5.466876057E1,3.107678413E0,-2.361117840E0,-9.105288506E0
5.468903005E1,3.107678413E0,-2.365903378E0,-9.110074043E0
5.470929953E1,3.083750248E0,-2.361117840E0,-9.100502968E0
5.472956901E1,3.069393158E0,-2.365903378E0,-9.086145401E0
5.474983854E1,3.064607620E0,-2.365903378E0,-9.090931892E0
5.477010807E1,3.078964472E0,-2.365903378E0,-9.095717430E0
5.479037755E1,3.088535786E0,-2.370688915E0,-9.114859581E0
5.481064708E1,3.088535786E0,-2.370688915E0,-9.110074043E0
5.483091656E1,3.074178934E0,-2.356332064E0,-9.100502968E0
5.485118604E1,3.078964472E0,-2.365903378E0,-9.105288506E0
5.487145557E1,3.069393158E0,-2.361117840E0,-9.090931892E0
5.489172505E1,3.064607620E0,-2.361117840E0,-9.105288506E0
5.491199458E1,3.088535786E0,-2.380260229E0,-9.105288506E0
5.493226411E1,3.102892876E0,-2.385046005E0,-9.105288506E0
5.495253359E1,3.102892876E0,-2.365903378E0,-9.119645119E0
5.497280312E1,3.083750248E0,-2.365903378E0,-9.086145401E0
5.499307265E1,3.083750248E0,-2.361117840E0,-9.076574326E0
5.501334213E1,3.069393158E0,-2.375474691E0,-9.067003250E0
5.503361166E1,3.059821844E0,-2.385046005E0,-9.076574326E0
5.505388114E1,3.117249727E0,-2.385046005E0,-9.153144836E0
5.507415068E1,3.112463951E0,-2.408974171E0,-9.129216194E0
5.509442015E1,3.074178934E0,-2.380260229E0,-9.110074043E0
5.511468969E1,3.069393158E0,-2.351546526E0,-9.062217712E0
5.513495922E1,3.064607620E0,-2.370688915E0,-9.095717430E0
5.515522870E1,3.093321562E0,-2.394617319E0,-9.114859581E0
5.517549823E1,3.083750248E0,-2.380260229E0,-9.105288506E0
5.519576771E1,3.078964472E0,-2.380260229E0,-9.110074043E0
5.521603724E1,3.093321562E0,-2.380260229E0,-9.100502968E0
5.523630672E1,3.112463951E0,-2.389831543E0,-9.100502968E0
5.525657625E1,3.126821041E0,-2.399402857E0,-9.081359863E0
5.527684573E1,3.088535786E0,-2.375474691E0,-9.071788788E0
5.529711526E1,3.069393158E0,-2.365903378E0,-9.081359863E0
5.531738474E1,3.083750248E0,-2.370688915E0,-9.100502968E0
5.533765422E1,3.078964472E0,-2.385046005E0,-9.114859581E0
5.535792375E1,3.078964472E0,-2.404188633E0,-9.105288506E0
5.537819323E1,3.050250769E0,-2.389831543E0,-9.090931892E0
5.539846276E1,3.050250769E0,-2.370688915E0,-9.100502968E0
5.541873224E1,3.078964472E0,-2.361117840E0,-9.105288506E0
5.543900172E1,3.102892876E0,-2.394617319E0,-9.067003250E0
5.545927125E1,3.112463951E0,-2.385046005E0,-9.095717430E0
5.547954073E1,3.102892876E0,-2.375474691E0,-9.086145401E0
5.549981026E1,3.088535786E0,-2.394617319E0,-9.095717430E0
5.552007974E1,3.078964472E0,-2.389831543E0,-9.100502968E0
5.554034922E1,3.093321562E0,-2.399402857E0,-9.090931892E0
5.556074922E1,3.093321562E0,-2.389831543E0,-9.100502968E0
5.558088823E1,3.093321562E0,-2.380260229E0,-9.090931892E0
5.560115771E1,3.064607620E0,-2.365903378E0,-9.090931892E0
5.562142724E1,3.088535786E0,-2.389831543E0,-9.119645119E0
5.564169672E1,3.122035265E0,-2.399402857E0,-9.114859581E0
5.566209672E1,3.098107100E0,-2.389831543E0,-9.105288506E0
5.568223573E1,3.035893679E0,-2.394617319E0,-9.095717430E0
5.570250521E1,3.040679455E0,-2.356332064E0,-9.086145401E0
5.572277469E1,3.088535786E0,-2.356332064E0,-9.086145401E0
5.574304422E1,3.112463951E0,-2.408974171E0,-9.100502968E0
5.576344422E1,3.107678413E0,-2.404188633E0,-9.105288506E0
5.578358318E1,3.102892876E0,-2.385046005E0,-9.110074043E0
5.580385265E1,3.102892876E0,-2.394617319E0,-9.095717430E0
5.582412213E1,3.107678413E0,-2.389831543E0,-9.081359863E0
5.584439166E1,3.093321562E0,-2.385046005E0,-9.086145401E0
5.586466114E1,3.078964472E0,-2.370688915E0,-9.095717430E0
5.588493062E1,3.064607620E0,-2.370688915E0,-9.100502968E0
5.590520010E1,3.093321562E0,-2.385046005E0,-9.081359863E0
5.592546958E1,3.088535786E0,-2.385046005E0,-9.100502968E0
5.594573906E1,3.074178934E0,-2.380260229E0,-9.110074043E0
5.596600854E1,3.083750248E0,-2.361117840E0,-9.114859581E0
5.598627802E1,3.074178934E0,-2.361117840E0,-9.105288506E0
5.600654750E1,3.098107100E0,-2.380260229E0,-9.095717430E0
5.602681703E1,3.098107100E0,-2.389831543E0,-9.105288506E0
5.604708651E1,3.083750248E0,-2.380260229E0,-9.114859581E0
5.606735599E1,3.078964472E0,-2.370688915E0,-9.110074043E0
5.608762547E1,3.074178934E0,-2.365903378E0,-9.076574326E0
5.610789495E1,3.098107100E0,-2.365903378E0,-9.076574326E0
5.612816442E1,3.102892876E0,-2.365903378E0,-9.095717430E0
5.614843390E1,3.093321562E0,-2.370688915E0,-9.090931892E0
5.616870338E1,3.078964472E0,-2.370688915E0,-9.110074043E0
5.618897286E1,3.059821844E0,-2.370688915E0,-9.105288506E0
5.620924234E1,3.078964472E0,-2.380260229E0,-9.105288506E0
5.622951182E1,3.088535786E0,-2.380260229E0,-9.110074043E0
5.624978130E1,3.088535786E0,-2.375474691E0,-9.095717430E0
5.627005078E1,3.074178934E0,-2.365903378E0,-9.090931892E0
5.629032026E1,3.112463951E0,-2.389831543E0,-9.114859581E0
5.631058979E1,3.126821041E0,-2.375474691E0,-9.119645119E0
5.633085927E1,3.098107100E0,-2.375474691E0,-9.110074043E0
5.635112875E1,3.083750248E0,-2.365903378E0,-9.076574326E0
5.637139818E1,3.055036306E0,-2.346760750E0,-9.071788788E0
5.639166765E1,3.059821844E0,-2.389831543E0,-9.090931892E0
5.641193713E1,3.074178934E0,-2.399402857E0,-9.095717430E0
5.643220661E1,3.078964472E0,-2.370688915E0,-9.119645119E0
5.645247609E1,3.088535786E0,-2.365903378E0,-9.114859581E0
5.647274557E1,3.078964472E0,-2.356332064E0,-9.100502968E0
5.649301505E1,3.088535786E0,-2.361117840E0,-9.090931892E0
5.651328453E1,3.102892876E0,-2.365903378E0,-9.081359863E0
5.653355401E1,3.078964472E0,-2.370688915E0,-9.095717430E0
5.655382349E1,3.078964472E0,-2.385046005E0,-9.095717430E0
5.657409292E1,3.088535786E0,-2.385046005E0,-9.081359863E0
5.659436239E1,3.098107100E0,-2.356332064E0,-9.086145401E0
5.661463187E1,3.107678413E0,-2.365903378E0,-9.110074043E0
5.663490135E1,3.093321562E0,-2.361117840E0,-9.105288506E0
5.665517083E1,3.083750248E0,-2.361117840E0,-9.105288506E0
5.667544031E1,3.074178934E0,-2.370688915E0,-9.105288506E0
5.669570979E1,3.074178934E0,-2.389831543E0,-9.105288506E0
5.671597922E1,3.093321562E0,-2.375474691E0,-9.129216194E0
5.673624870E1,3.074178934E0,-2.375474691E0,-9.114859581E0
5.675651818E1,3.064607620E0,-2.361117840E0,-9.095717430E0
5.677678765E1,3.069393158E0,-2.370688915E0,-9.081359863E0
5.679705713E1,3.088535786E0,-2.370688915E0,-9.086145401E0
5.681732656E1,3.102892876E0,-2.375474691E0,-9.110074043E0
5.683759604E1,3.093321562E0,-2.365903378E0,-9.110074043E0
5.685786552E1,3.107678413E0,-2.365903378E0,-9.100502968E0
5.687813500E1,3.102892876E0,-2.365903378E0,-9.105288506E0
5.689840448E1,3.098107100E0,-2.375474691E0,-9.095717430E0
5.691867390E1,3.088535786E0,-2.380260229E0,-9.081359863E0
5.693894338E1,3.074178934E0,-2.375474691E0,-9.076574326E0
5.695921286E1,3.074178934E0,-2.365903378E0,-9.105288506E0
5.697948229E1,3.102892876E0,-2.375474691E0,-9.110074043E0
5.699975177E1,3.112463951E0,-2.380260229E0,-9.105288506E0
5.702002125E1,3.093321562E0,-2.375474691E0,-9.114859581E0
5.704029068E1,3.083750248E0,-2.361117840E0,-9.090931892E0
5.706069068E1,3.088535786E0,-2.351546526E0,-9.095717430E0
5.708082963E1,3.098107100E0,-2.375474691E0,-9.090931892E0
5.710109911E1,3.088535786E0,-2.389831543E0,-9.105288506E0
5.712136854E1,3.098107100E0,-2.385046005E0,-9.119645119E0
5.714163802E1,3.069393158E0,-2.370688915E0,-9.090931892E0
5.716203802E1,3.088535786E0,-2.380260229E0,-9.100502968E0
5.718217692E1,3.098107100E0,-2.365903378E0,-9.105288506E0
5.720244640E1,3.112463951E0,-2.380260229E0,-9.105288506E0
5.722271583E1,3.122035265E0,-2.394617319E0,-9.095717430E0
5.724298531E1,3.074178934E0,-2.375474691E0,-9.071788788E0
5.726338531E1,3.078964472E0,-2.394617319E0,-9.076574326E0
5.728352422E1,3.078964472E0,-2.389831543E0,-9.095717430E0
5.730379370E1,3.083750248E0,-2.375474691E0,-9.119645119E0
5.732406312E1,3.083750248E0,-2.370688915E0,-9.090931892E0
5.734433260E1,3.074178934E0,-2.365903378E0,-9.086145401E0
5.736473260E1,3.069393158E0,-2.370688915E0,-9.090931892E0
5.738487151E1,3.074178934E0,-2.375474691E0,-9.086145401E0
5.740514094E1,3.078964472E0,-2.375474691E0,-9.095717430E0
5.742541042E1,3.098107100E0,-2.389831543E0,-9.086145401E0
5.744567989E1,3.112463951E0,-2.394617319E0,-9.095717430E0
5.746594932E1,3.098107100E0,-2.399402857E0,-9.090931892E0
5.748621880E1,3.107678413E0,-2.380260229E0,-9.076574326E0
5.750648823E1,3.107678413E0,-2.389831543E0,-9.086145401E0
5.752675771E1,3.102892876E0,-2.389831543E0,-9.095717430E0
5.754702713E1,3.088535786E0,-2.399402857E0,-9.095717430E0
5.756729661E1,3.074178934E0,-2.380260229E0,-9.105288506E0
5.758756609E1,3.074178934E0,-2.370688915E0,-9.110074043E0
5.760783552E1,3.083750248E0,-2.380260229E0,-9.095717430E0
5.762810500E1,3.088535786E0,-2.389831543E0,-9.100502968E0
5.764837442E1,3.093321562E0,-2.389831543E0,-9.090931892E0
5.766864385E1,3.093321562E0,-2.385046005E0,-9.095717430E0
5.768891333E1,3.074178934E0,-2.380260229E0,-9.105288506E0
5.770918276E1,3.078964472E0,-2.389831543E0,-9.095717430E0
5.772945224E1,3.078964472E0,-2.380260229E0,-9.081359863E0
5.774972166E1,3.083750248E0,-2.370688915E0,-9.090931892E0
5.776999114E1,3.107678413E0,-2.365903378E0,-9.105288506E0
5.779026057E1,3.122035265E0,-2.380260229E0,-9.114859581E0
5.781053000E1,3.098107100E0,-2.370688915E0,-9.095717430E0
5.783079948E1,3.093321562E0,-2.370688915E0,-9.086145401E0
5.785106890E1,3.093321562E0,-2.375474691E0,-9.067003250E0
5.787133838E1,3.069393158E0,-2.399402857E0,-9.067003250E0
5.789160781E1,3.069393158E0,-2.394617319E0,-9.081359863E0
5.791187724E1,3.074178934E0,-2.380260229E0,-9.100502968E0
5.793214672E1,3.074178934E0,-2.380260229E0,-9.105288506E0
5.795241614E1,3.088535786E0,-2.389831543E0,-9.100502968E0
5.797268562E1,3.088535786E0,-2.380260229E0,-9.114859581E0
5.799295505E1,3.083750248E0,-2.375474691E0,-9.105288506E0
5.801322448E1,3.088535786E0,-2.365903378E0,-9.090931892E0
5.803349396E1,3.078964472E0,-2.380260229E0,-9.095717430E0
5.805376338E1,3.088535786E0,-2.389831543E0,-9.100502968E0
5.807403281E1,3.088535786E0,-2.375474691E0,-9.114859581E0
5.809430224E1,3.088535786E0,-2.394617319E0,-9.090931892E0
5.811457172E1,3.107678413E0,-2.380260229E0,-9.090931892E0
5.813484114E1,3.083750248E0,-2.370688915E0,-9.090931892E0
5.815511057E1,3.078964472E0,-2.375474691E0,-9.071788788E0
5.817538005E1,3.078964472E0,-2.380260229E0,-9.090931892E0
5.819564948E1,3.064607620E0,-2.385046005E0,-9.110074043E0
5.821591890E1,3.078964472E0,-2.380260229E0,-9.110074043E0
5.823618833E1,3.088535786E0,-2.385046005E0,-9.100502968E0
5.825645781E1,3.074178934E0,-2.375474691E0,-9.095717430E0
5.827672724E1,3.078964472E0,-2.375474691E0,-9.086145401E0
5.829699666E1,3.088535786E0,-2.375474691E0,-9.090931892E0
5.831726609E1,3.098107100E0,-2.399402857E0,-9.086145401E0
5.833753557E1,3.107678413E0,-2.394617319E0,-9.090931892E0
5.835780500E1,3.088535786E0,-2.399402857E0,-9.090931892E0
5.837807442E1,3.074178934E0,-2.389831543E0,-9.100502968E0
5.839834385E1,3.078964472E0,-2.370688915E0,-9.095717430E0
5.841861333E1,3.102892876E0,-2.380260229E0,-9.105288506E0
5.843888276E1,3.098107100E0,-2.389831543E0,-9.100502968E0
5.845915219E1,3.074178934E0,-2.399402857E0,-9.114859581E0
5.847942161E1,3.069393158E0,-2.394617319E0,-9.114859581E0
5.849969109E1,3.074178934E0,-2.385046005E0,-9.086145401E0
5.851996052E1,3.074178934E0,-2.370688915E0,-9.086145401E0
5.854022995E1,3.069393158E0,-2.389831543E0,-9.090931892E0
5.856062995E1,3.112463951E0,-2.404188633E0,-9.105288506E0
5.858076880E1,3.107678413E0,-2.394617319E0,-9.119645119E0
5.860103828E1,3.098107100E0,-2.408974171E0,-9.110074043E0
5.862130771E1,3.059821844E0,-2.394617319E0,-9.052646637E0
5.864157713E1,3.074178934E0,-2.375474691E0,-9.052646637E0
5.866197713E1,3.093321562E0,-2.394617319E0,-9.086145401E0
5.868211599E1,3.112463951E0,-2.404188633E0,-9.114859581E0
5.870238547E1,3.107678413E0,-2.408974171E0,-9.105288506E0
5.872265489E1,3.088535786E0,-2.404188633E0,-9.105288506E0
5.874292432E1,3.074178934E0,-2.389831543E0,-9.086145401E0
5.876332432E1,3.088535786E0,-2.385046005E0,-9.090931892E0
5.878346318E1,3.093321562E0,-2.385046005E0,-9.086145401E0
5.880373265E1,3.078964472E0,-2.385046005E0,-9.090931892E0
5.882400208E1,3.083750248E0,-2.399402857E0,-9.100502968E0
5.884427151E1,3.098107100E0,-2.394617319E0,-9.105288506E0
5.886454094E1,3.102892876E0,-2.389831543E0,-9.100502968E0
5.888481042E1,3.088535786E0,-2.394617319E0,-9.086145401E0
5.890507984E1,3.102892876E0,-2.380260229E0,-9.086145401E0
5.892534927E1,3.088535786E0,-2.375474691E0,-9.086145401E0
5.894561864E1,3.074178934E0,-2.399402857E0,-9.105288506E0
5.896588812E1,3.074178934E0,-2.385046005E0,-9.114859581E0
5.898615760E1,3.074178934E0,-2.375474691E0,-9.105288506E0
5.900642703E1,3.083750248E0,-2.380260229E0,-9.076574326E0
5.902669646E1,3.083750248E0,-2.375474691E0,-9.067003250E0
5.904696588E1,3.083750248E0,-2.380260229E0,-9.076574326E0
5.906723531E1,3.093321562E0,-2.389831543E0,-9.090931892E0
5.908750474E1,3.098107100E0,-2.389831543E0,-9.090931892E0
5.910777416E1,3.098107100E0,-2.365903378E0,-9.095717430E0
5.912804359E1,3.088535786E0,-2.375474691E0,-9.105288506E0
5.914831302E1,3.069393158E0,-2.380260229E0,-9.100502968E0
5.916858245E1,3.078964472E0,-2.389831543E0,-9.105288506E0
5.918885192E1,3.078964472E0,-2.380260229E0,-9.071788788E0
5.920912135E1,3.088535786E0,-2.370688915E0,-9.086145401E0
5.922939078E1,3.117249727E0,-2.404188633E0,-9.095717430E0
5.924966021E1,3.107678413E0,-2.375474691E0,-9.134002686E0
5.926992963E1,3.078964472E0,-2.375474691E0,-9.124430656E0
5.929019906E1,3.059821844E0,-2.385046005E0,-9.076574326E0
5.931046849E1,3.069393158E0,-2.370688915E0,-9.081359863E0
5.933073792E1,3.074178934E0,-2.385046005E0,-9.095717430E0
5.935100734E1,3.098107100E0,-2.404188633E0,-9.105288506E0
5.937127682E1,3.098107100E0,-2.385046005E0,-9.105288506E0
5.939154625E1,3.088535786E0,-2.375474691E0,-9.086145401E0
5.941181568E1,3.069393158E0,-2.389831543E0,-9.086145401E0
5.943208510E1,3.078964472E0,-2.370688915E0,-9.086145401E0
5.945235453E1,3.078964472E0,-2.375474691E0,-9.100502968E0
5.947262396E1,3.069393158E0,-2.380260229E0,-9.100502968E0
5.949289338E1,3.083750248E0,-2.380260229E0,-9.086145401E0
5.951316281E1,3.088535786E0,-2.380260229E0,-9.090931892E0
5.953343224E1,3.098107100E0,-2.375474691E0,-9.119645119E0
5.955370167E1,3.093321562E0,-2.380260229E0,-9.095717430E0
5.957397109E1,3.074178934E0,-2.375474691E0,-9.081359863E0
5.959424052E1,3.064607620E0,-2.361117840E0,-9.095717430E0
5.961450995E1,3.083750248E0,-2.361117840E0,-9.100502968E0
5.963477937E1,3.088535786E0,-2.385046005E0,-9.105288506E0
5.965504880E1,3.078964472E0,-2.394617319E0,-9.100502968E0
5.967531823E1,3.069393158E0,-2.385046005E0,-9.100502968E0
5.969558765E1,3.074178934E0,-2.370688915E0,-9.105288506E0
5.971585708E1,3.093321562E0,-2.375474691E0,-9.100502968E0
5.973612651E1,3.088535786E0,-2.375474691E0,-9.100502968E0
5.975639594E1,3.093321562E0,-2.365903378E0,-9.081359863E0
5.977666536E1,3.093321562E0,-2.380260229E0,-9.119645119E0
5.979693479E1,3.074178934E0,-2.389831543E0,-9.114859581E0
5.981720422E1,3.069393158E0,-2.385046005E0,-9.105288506E0
5.983747364E1,3.064607620E0,-2.375474691E0,-9.086145401E0
5.985774307E1,3.064607620E0,-2.361117840E0,-9.081359863E0
5.987801250E1,3.074178934E0,-2.356332064E0,-9.095717430E0
5.989828193E1,3.093321562E0,-2.380260229E0,-9.105288506E0
5.991855135E1,3.102892876E0,-2.380260229E0,-9.105288506E0
5.993882078E1,3.088535786E0,-2.380260229E0,-9.105288506E0
5.995909021E1,3.074178934E0,-2.380260229E0,-9.090931892E0
5.997935958E1,3.055036306E0,-2.365903378E0,-9.076574326E0
5.999962901E1,3.059821844E0,-2.385046005E0,-9.081359863E0
6.001989844E1,3.064607620E0,-2.394617319E0,-9.105288506E0
6.004016786E1,3.083750248E0,-2.385046005E0,-9.124430656E0
6.006056786E1,3.074178934E0,-2.365903378E0,-9.114859581E0
6.008070672E1,3.083750248E0,-2.365903378E0,-9.105288506E0
6.010097614E1,3.093321562E0,-2.370688915E0,-9.090931892E0
6.012124557E1,3.088535786E0,-2.370688915E0,-9.095717430E0
6.014151500E1,3.088535786E0,-2.385046005E0,-9.081359863E0
6.016191500E1,3.083750248E0,-2.394617319E0,-9.081359863E0
6.018205380E1,3.074178934E0,-2.370688915E0,-9.100502968E0
6.020232328E1,3.088535786E0,-2.361117840E0,-9.095717430E0
6.022259271E1,3.098107100E0,-2.365903378E0,-9.119645119E0
6.024286213E1,3.074178934E0,-2.375474691E0,-9.100502968E0
6.026326213E1,3.064607620E0,-2.365903378E0,-9.081359863E0
6.028340094E1,3.069393158E0,-2.375474691E0,-9.095717430E0
6.030367036E1,3.074178934E0,-2.389831543E0,-9.110074043E0
6.032393979E1,3.083750248E0,-2.389831543E0,-9.100502968E0
6.034420922E1,3.078964472E0,-2.375474691E0,-9.105288506E0
6.036460922E1,3.088535786E0,-2.370688915E0,-9.100502968E0
6.038474807E1,3.088535786E0,-2.370688915E0,-9.100502968E0
6.040501750E1,3.093321562E0,-2.385046005E0,-9.100502968E0
6.042528687E1,3.078964472E0,-2.380260229E0,-9.105288506E0
6.044555630E1,3.074178934E0,-2.385046005E0,-9.090931892E0
6.046582573E1,3.083750248E0,-2.375474691E0,-9.110074043E0
6.048609515E1,3.088535786E0,-2.370688915E0,-9.110074043E0
6.050636458E1,3.098107100E0,-2.385046005E0,-9.105288506E0
6.052663401E1,3.098107100E0,-2.389831543E0,-9.100502968E0
6.054690344E1,3.083750248E0,-2.361117840E0,-9.090931892E0
6.056717281E1,3.088535786E0,-2.361117840E0,-9.086145401E0
6.058744224E1,3.098107100E0,-2.375474691E0,-9.095717430E0
6.060771167E1,3.107678413E0,-2.389831543E0,-9.086145401E0
6.062798109E1,3.102892876E0,-2.394617319E0,-9.110074043E0
6.064825052E1,3.093321562E0,-2.385046005E0,-9.110074043E0
6.066851995E1,3.107678413E0,-2.385046005E0,-9.100502968E0
6.068878932E1,3.112463951E0,-2.370688915E0,-9.105288506E0
6.070905875E1,3.098107100E0,-2.341975212E0,-9.124430656E0
6.072932818E1,3.083750248E0,-2.341975212E0,-9.086145401E0
6.074959760E1,3.050250769E0,-2.365903378E0,-9.076574326E0
6.076986703E1,3.045464993E0,-2.375474691E0,-9.086145401E0
6.079013640E1,3.069393158E0,-2.385046005E0,-9.100502968E0
6.081040583E1,3.064607620E0,-2.389831543E0,-9.119645119E0
6.083067526E1,3.074178934E0,-2.389831543E0,-9.114859581E0
6.085094469E1,3.102892876E0,-2.375474691E0,-9.081359863E0
6.087121411E1,3.122035265E0,-2.361117840E0,-9.095717430E0
6.089148349E1,3.102892876E0,-2.361117840E0,-9.100502968E0
6.091175292E1,3.098107100E0,-2.361117840E0,-9.086145401E0
6.093202234E1,3.078964472E0,-2.351546526E0,-9.090931892E0
6.095229177E1,3.088535786E0,-2.365903378E0,-9.095717430E0
6.097256114E1,3.074178934E0,-2.380260229E0,-9.105288506E0
6.099283057E1,3.069393158E0,-2.380260229E0,-9.100502968E0
6.101310000E1,3.069393158E0,-2.361117840E0,-9.090931892E0
6.103336937E1,3.083750248E0,-2.346760750E0,-9.100502968E0
6.105363880E1,3.088535786E0,-2.351546526E0,-9.100502968E0
6.107390823E1,3.078964472E0,-2.365903378E0,-9.110074043E0
6.109417765E1,3.078964472E0,-2.370688915E0,-9.100502968E0
6.111444703E1,3.078964472E0,-2.380260229E0,-9.071788788E0
6.113471646E1,3.088535786E0,-2.385046005E0,-9.081359863E0
6.115498588E1,3.083750248E0,-2.375474691E0,-9.095717430E0
6.117525526E1,3.102892876E0,-2.370688915E0,-9.090931892E0
6.119552469E1,3.117249727E0,-2.375474691E0,-9.086145401E0
6.121579411E1,3.083750248E0,-2.356332064E0,-9.105288506E0
6.123606354E1,3.083750248E0,-2.365903378E0,-9.090931892E0
6.125633292E1,3.078964472E0,-2.361117840E0,-9.090931892E0
6.127660234E1,3.069393158E0,-2.365903378E0,-9.110074043E0
6.129687177E1,3.069393158E0,-2.370688915E0,-9.105288506E0
6.131714120E1,3.064607620E0,-2.370688915E0,-9.110074043E0
6.133741057E1,3.059821844E0,-2.389831543E0,-9.105288506E0
6.135768000E1,3.078964472E0,-2.365903378E0,-9.100502968E0
6.137794943E1,3.088535786E0,-2.370688915E0,-9.095717430E0
6.139821880E1,3.078964472E0,-2.385046005E0,-9.090931892E0
6.141848823E1,3.083750248E0,-2.375474691E0,-9.100502968E0
6.143875765E1,3.083750248E0,-2.380260229E0,-9.090931892E0
6.145915765E1,3.088535786E0,-2.380260229E0,-9.100502968E0
6.147929646E1,3.102892876E0,-2.394617319E0,-9.100502968E0
6.149956583E1,3.122035265E0,-2.380260229E0,-9.114859581E0
6.151983526E1,3.083750248E0,-2.370688915E0,-9.129216194E0
6.154010463E1,3.059821844E0,-2.385046005E0,-9.071788788E0
6.156050463E1,3.069393158E0,-2.361117840E0,-9.067003250E0
6.158064349E1,3.064607620E0,-2.361117840E0,-9.105288506E0
6.160091286E1,3.078964472E0,-2.404188633E0,-9.110074043E0
6.162118229E1,3.083750248E0,-2.408974171E0,-9.110074043E0
6.164145172E1,3.069393158E0,-2.385046005E0,-9.105288506E0
6.166185172E1,3.069393158E0,-2.380260229E0,-9.076574326E0
6.168199052E1,3.102892876E0,-2.385046005E0,-9.090931892E0
6.170225989E1,3.088535786E0,-2.385046005E0,-9.090931892E0
6.172252932E1,3.083750248E0,-2.375474691E0,-9.090931892E0
6.174279870E1,3.078964472E0,-2.385046005E0,-9.100502968E0
6.176319870E1,3.074178934E0,-2.385046005E0,-9.100502968E0
6.178333755E1,3.078964472E0,-2.380260229E0,-9.110074043E0
6.180360693E1,3.098107100E0,-2.404188633E0,-9.114859581E0
6.182387635E1,3.088535786E0,-2.399402857E0,-9.081359863E0
6.184414573E1,3.059821844E0,-2.385046005E0,-9.076574326E0
6.186441515E1,3.074178934E0,-2.375474691E0,-9.081359863E0
6.188468453E1,3.098107100E0,-2.394617319E0,-9.105288506E0
6.190495396E1,3.088535786E0,-2.399402857E0,-9.110074043E0
6.192522338E1,3.059821844E0,-2.389831543E0,-9.081359863E0
6.194549276E1,3.102892876E0,-2.365903378E0,-9.095717430E0
6.196576219E1,3.098107100E0,-2.399402857E0,-9.124430656E0
6.198603156E1,3.088535786E0,-2.394617319E0,-9.095717430E0
6.200630094E1,3.083750248E0,-2.385046005E0,-9.076574326E0
6.202657036E1,3.074178934E0,-2.375474691E0,-9.090931892E0
6.204683979E1,3.078964472E0,-2.375474691E0,-9.110074043E0
6.206710917E1,3.088535786E0,-2.375474691E0,-9.110074043E0
6.208737859E1,3.083750248E0,-2.394617319E0,-9.100502968E0
6.210764797E1,3.074178934E0,-2.389831543E0,-9.095717430E0
6.212791739E1,3.069393158E0,-2.370688915E0,-9.105288506E0
6.214818677E1,3.098107100E0,-2.375474691E0,-9.100502968E0
6.216845620E1,3.083750248E0,-2.375474691E0,-9.090931892E0
6.218872557E1,3.088535786E0,-2.375474691E0,-9.110074043E0
6.220899495E1,3.112463951E0,-2.385046005E0,-9.114859581E0
6.222926437E1,3.083750248E0,-2.375474691E0,-9.095717430E0
6.224953380E1,3.059821844E0,-2.385046005E0,-9.076574326E0
6.226980318E1,3.050250769E0,-2.365903378E0,-9.062217712E0
6.229007255E1,3.059821844E0,-2.375474691E0,-9.090931892E0
6.231034198E1,3.078964472E0,-2.394617319E0,-9.110074043E0
6.233061140E1,3.098107100E0,-2.394617319E0,-9.134002686E0
6.235088078E1,3.088535786E0,-2.380260229E0,-9.110074043E0
6.237115015E1,3.093321562E0,-2.380260229E0,-9.095717430E0
6.239141958E1,3.093321562E0,-2.375474691E0,-9.095717430E0
6.241168896E1,3.093321562E0,-2.375474691E0,-9.090931892E0
6.243195838E1,3.074178934E0,-2.365903378E0,-9.090931892E0
6.245222776E1,3.064607620E0,-2.380260229E0,-9.095717430E0
6.247249719E1,3.083750248E0,-2.399402857E0,-9.081359863E0
6.249276656E1,3.083750248E0,-2.380260229E0,-9.095717430E0
6.251303594E1,3.088535786E0,-2.375474691E0,-9.110074043E0
6.253330536E1,3.074178934E0,-2.375474691E0,-9.105288506E0
6.255357474E1,3.074178934E0,-2.365903378E0,-9.095717430E0
6.257384411E1,3.069393158E0,-2.380260229E0,-9.086145401E0
6.259411354E1,3.088535786E0,-2.385046005E0,-9.105288506E0
6.261438292E1,3.078964472E0,-2.380260229E0,-9.100502968E0
6.263465234E1,3.069393158E0,-2.375474691E0,-9.086145401E0
6.265492172E1,3.064607620E0,-2.370688915E0,-9.086145401E0
6.267519114E1,3.088535786E0,-2.365903378E0,-9.100502968E0
6.269546052E1,3.098107100E0,-2.375474691E0,-9.100502968E0
6.271572989E1,3.098107100E0,-2.365903378E0,-9.090931892E0
6.273599927E1,3.083750248E0,-2.370688915E0,-9.095717430E0
6.275626870E1,3.083750248E0,-2.380260229E0,-9.110074043E0
6.277653807E1,3.088535786E0,-2.370688915E0,-9.110074043E0
6.279680745E1,3.083750248E0,-2.370688915E0,-9.095717430E0
6.281707687E1,3.098107100E0,-2.385046005E0,-9.095717430E0
6.283734625E1,3.069393158E0,-2.380260229E0,-9.095717430E0
6.285761562E1,3.064607620E0,-2.356332064E0,-9.100502968E0
6.287788505E1,3.083750248E0,-2.380260229E0,-9.100502968E0
6.289815442E1,3.122035265E0,-2.370688915E0,-9.119645119E0
6.291842380E1,3.093321562E0,-2.361117840E0,-9.138788223E0
6.293869318E1,3.064607620E0,-2.389831543E0,-9.110074043E0
6.295896260E1,3.050250769E0,-2.361117840E0,-9.076574326E0
6.297923198E1,3.055036306E0,-2.370688915E0,-9.086145401E0
6.299950135E1,3.064607620E0,-2.394617319E0,-9.114859581E0
6.301977078E1,3.078964472E0,-2.389831543E0,-9.124430656E0
6.304004015E1,3.078964472E0,-2.380260229E0,-9.114859581E0
6.306044015E1,3.093321562E0,-2.370688915E0,-9.105288506E0
6.308057890E1,3.093321562E0,-2.356332064E0,-9.086145401E0
6.310084833E1,3.088535786E0,-2.365903378E0,-9.086145401E0
6.312111771E1,3.098107100E0,-2.370688915E0,-9.110074043E0
6.314138708E1,3.078964472E0,-2.385046005E0,-9.105288506E0
6.316178708E1,3.078964472E0,-2.380260229E0,-9.071788788E0
6.318192588E1,3.083750248E0,-2.365903378E0,-9.100502968E0
6.320219526E1,3.088535786E0,-2.385046005E0,-9.114859581E0
6.322246463E1,3.083750248E0,-2.380260229E0,-9.090931892E0
6.324273406E1,3.083750248E0,-2.356332064E0,-9.100502968E0
6.326313406E1,3.059821844E0,-2.365903378E0,-9.086145401E0
6.328327281E1,3.069393158E0,-2.370688915E0,-9.095717430E0
6.330354219E1,3.078964472E0,-2.380260229E0,-9.114859581E0
6.332381156E1,3.083750248E0,-2.380260229E0,-9.124430656E0
6.334408094E1,3.083750248E0,-2.370688915E0,-9.095717430E0
6.336448094E1,3.088535786E0,-2.361117840E0,-9.076574326E0
6.338461974E1,3.074178934E0,-2.351546526E0,-9.100502968E0
6.340488911E1,3.088535786E0,-2.370688915E0,-9.119645119E0
6.342515854E1,3.083750248E0,-2.365903378E0,-9.086145401E0
6.344542792E1,3.074178934E0,-2.375474691E0,-9.110074043E0
6.346569729E1,3.064607620E0,-2.370688915E0,-9.090931892E0
6.348596661E1,3.064607620E0,-2.361117840E0,-9.105288506E0
6.350623604E1,3.069393158E0,-2.370688915E0,-9.110074043E0
6.352650547E1,3.078964472E0,-2.375474691E0,-9.086145401E0
6.354677484E1,3.083750248E0,-2.370688915E0,-9.100502968E0
6.356700484E1,3.074178934E0,-2.361117840E0,-9.114859581E0
6.358731354E1,3.078964472E0,-2.370688915E0,-9.100502968E0
6.360758292E1,3.074178934E0,-2.361117840E0,-9.114859581E0
6.362785234E1,3.102892876E0,-2.389831543E0,-9.124430656E0
6.364812172E1,3.088535786E0,-2.380260229E0,-9.110074043E0
6.366839109E1,3.074178934E0,-2.365903378E0,-9.124430656E0
6.368866047E1,3.069393158E0,-2.375474691E0,-9.095717430E0
6.370892984E1,3.069393158E0,-2.370688915E0,-9.090931892E0
6.372919922E1,3.069393158E0,-2.370688915E0,-9.100502968E0
6.374946859E1,3.069393158E0,-2.380260229E0,-9.095717430E0
6.376973802E1,3.074178934E0,-2.370688915E0,-9.110074043E0
6.379000739E1,3.083750248E0,-2.361117840E0,-9.110074043E0
6.381027677E1,3.078964472E0,-2.361117840E0,-9.114859581E0
6.383054620E1,3.098107100E0,-2.370688915E0,-9.110074043E0
6.385081557E1,3.093321562E0,-2.365903378E0,-9.090931892E0
6.387108495E1,3.088535786E0,-2.361117840E0,-9.105288506E0
6.389135432E1,3.078964472E0,-2.365903378E0,-9.100502968E0
6.391162364E1,3.093321562E0,-2.385046005E0,-9.086145401E0
6.393189307E1,3.078964472E0,-2.356332064E0,-9.100502968E0
6.395216245E1,3.083750248E0,-2.365903378E0,-9.105288506E0
6.397243182E1,3.093321562E0,-2.380260229E0,-9.100502968E0
6.399270120E1,3.083750248E0,-2.361117840E0,-9.105288506E0
6.401297057E1,3.078964472E0,-2.365903378E0,-9.105288506E0
6.403323995E1,3.074178934E0,-2.370688915E0,-9.095717430E0
6.405350932E1,3.074178934E0,-2.365903378E0,-9.105288506E0
6.407377870E1,3.064607620E0,-2.351546526E0,-9.124430656E0
6.409404807E1,3.088535786E0,-2.375474691E0,-9.105288506E0
6.411431745E1,3.078964472E0,-2.394617319E0,-9.090931892E0
6.413458682E1,3.069393158E0,-2.361117840E0,-9.105288506E0
6.415485620E1,3.083750248E0,-2.351546526E0,-9.100502968E0
6.417512557E1,3.098107100E0,-2.370688915E0,-9.100502968E0
6.419539495E1,3.093321562E0,-2.375474691E0,-9.090931892E0
6.421566432E1,3.083750248E0,-2.365903378E0,-9.105288506E0
6.423593370E1,3.059821844E0,-2.361117840E0,-9.110074043E0
6.425620307E1,3.055036306E0,-2.375474691E0,-9.105288506E0
6.427647245E1,3.083750248E0,-2.365903378E0,-9.105288506E0
6.429674177E1,3.074178934E0,-2.365903378E0,-9.114859581E0
6.431701114E1,3.078964472E0,-2.380260229E0,-9.105288506E0
6.433728052E1,3.088535786E0,-2.375474691E0,-9.100502968E0
6.435754989E1,3.078964472E0,-2.356332064E0,-9.110074043E0
6.437781927E1,3.074178934E0,-2.365903378E0,-9.086145401E0
6.439808864E1,3.074178934E0,-2.365903378E0,-9.100502968E0
6.441835802E1,3.074178934E0,-2.365903378E0,-9.105288506E0
6.443862739E1,3.074178934E0,-2.356332064E0,-9.105288506E0
6.445889677E1,3.069393158E0,-2.356332064E0,-9.100502968E0
6.447916614E1,3.050250769E0,-2.365903378E0,-9.105288506E0
6.449943552E1,3.069393158E0,-2.370688915E0,-9.114859581E0
6.451970484E1,3.088535786E0,-2.370688915E0,-9.114859581E0
6.453997422E1,3.074178934E0,-2.361117840E0,-9.086145401E0
6.456037422E1,3.074178934E0,-2.346760750E0,-9.095717430E0
6.458051297E1,3.088535786E0,-2.370688915E0,-9.114859581E0
6.460078234E1,3.098107100E0,-2.370688915E0,-9.124430656E0
6.462105172E1,3.078964472E0,-2.375474691E0,-9.119645119E0
6.464132109E1,3.069393158E0,-2.370688915E0,-9.086145401E0
6.466172109E1,3.059821844E0,-2.356332064E0,-9.062217712E0
6.468185979E1,3.055036306E0,-2.375474691E0,-9.090931892E0
6.470212916E1,3.074178934E0,-2.370688915E0,-9.119645119E0
6.472239854E1,3.064607620E0,-2.361117840E0,-9.124430656E0
6.474266792E1,3.069393158E0,-2.375474691E0,-9.119645119E0
6.476306792E1,3.078964472E0,-2.375474691E0,-9.095717430E0
6.478320667E1,3.098107100E0,-2.365903378E0,-9.081359863E0
6.480347599E1,3.078964472E0,-2.380260229E0,-9.105288506E0
6.482374536E1,3.074178934E0,-2.361117840E0,-9.100502968E0
6.484401474E1,3.069393158E0,-2.365903378E0,-9.081359863E0
6.486428406E1,3.088535786E0,-2.385046005E0,-9.086145401E0
6.488455344E1,3.093321562E0,-2.370688915E0,-9.095717430E0
6.490482281E1,3.088535786E0,-2.370688915E0,-9.119645119E0
6.492509219E1,3.083750248E0,-2.365903378E0,-9.114859581E0
6.494536156E1,3.059821844E0,-2.365903378E0,-9.086145401E0
6.496563094E1,3.050250769E0,-2.370688915E0,-9.067003250E0
6.498590026E1,3.069393158E0,-2.380260229E0,-9.105288506E0
6.500616963E1,3.083750248E0,-2.375474691E0,-9.114859581E0
6.502643901E1,3.088535786E0,-2.370688915E0,-9.124430656E0
6.504670828E1,3.064607620E0,-2.365903378E0,-9.105288506E0
6.506697771E1,3.064607620E0,-2.370688915E0,-9.081359863E0
6.508724708E1,3.083750248E0,-2.370688915E0,-9.081359863E0
6.510751646E1,3.093321562E0,-2.380260229E0,-9.095717430E0
6.512778578E1,3.093321562E0,-2.389831543E0,-9.095717430E0
6.514805515E1,3.088535786E0,-2.385046005E0,-9.100502968E0
6.516832453E1,3.074178934E0,-2.375474691E0,-9.095717430E0
6.518859390E1,3.074178934E0,-2.380260229E0,-9.090931892E0
6.520886328E1,3.069393158E0,-2.380260229E0,-9.086145401E0
6.522913260E1,3.064607620E0,-2.375474691E0,-9.105288506E0
6.524940198E1,3.059821844E0,-2.380260229E0,-9.100502968E0
6.526967135E1,3.083750248E0,-2.375474691E0,-9.081359863E0
6.528994068E1,3.069393158E0,-2.370688915E0,-9.090931892E0
6.531021005E1,3.083750248E0,-2.389831543E0,-9.100502968E0
6.533047943E1,3.093321562E0,-2.380260229E0,-9.114859581E0
6.535074875E1,3.088535786E0,-2.370688915E0,-9.095717430E0
6.537101805E1,3.083750248E0,-2.380260229E0,-9.086145401E0
6.539128701E1,3.083750248E0,-2.404188633E0,-9.086145401E0
6.541155633E1,3.078964472E0,-2.399402857E0,-9.071788788E0
6.543182571E1,3.078964472E0,-2.385046005E0,-9.100502968E0
6.545209508E1,3.107678413E0,-2.399402857E0,-9.105288506E0
6.547236440E1,3.112463951E0,-2.389831543E0,-9.095717430E0
6.549263378E1,3.064607620E0,-2.385046005E0,-9.100502968E0
6.551290315E1,3.059821844E0,-2.365903378E0,-9.081359863E0
6.553317248E1,3.050250769E0,-2.337189436E0,-9.081359863E0
6.555344185E1,3.059821844E0,-2.389831543E0,-9.086145401E0
6.557371117E1,3.078964472E0,-2.399402857E0,-9.119645119E0
6.559398055E1,3.083750248E0,-2.394617319E0,-9.105288506E0
6.561424992E1,3.078964472E0,-2.380260229E0,-9.105288506E0
6.563451925E1,3.088535786E0,-2.375474691E0,-9.095717430E0
6.565478862E1,3.083750248E0,-2.370688915E0,-9.081359863E0
6.567505800E1,3.064607620E0,-2.385046005E0,-9.090931892E0
6.569532732E1,3.074178934E0,-2.380260229E0,-9.114859581E0
6.571559670E1,3.083750248E0,-2.385046005E0,-9.100502968E0
6.573586602E1,3.093321562E0,-2.389831543E0,-9.086145401E0
6.575613539E1,3.088535786E0,-2.365903378E0,-9.086145401E0
6.577640477E1,3.083750248E0,-2.375474691E0,-9.100502968E0
6.579667414E1,3.069393158E0,-2.375474691E0,-9.110074043E0
6.581694347E1,3.074178934E0,-2.361117840E0,-9.105288506E0
6.583721284E1,3.069393158E0,-2.370688915E0,-9.095717430E0
6.585748216E1,3.059821844E0,-2.375474691E0,-9.110074043E0
6.587775154E1,3.059821844E0,-2.370688915E0,-9.114859581E0
6.589815154E1,3.055036306E0,-2.380260229E0,-9.110074043E0
6.591829024E1,3.069393158E0,-2.370688915E0,-9.090931892E0
6.593855961E1,3.078964472E0,-2.361117840E0,-9.081359863E0
6.595882893E1,3.074178934E0,-2.365903378E0,-9.100502968E0
6.597909831E1,3.078964472E0,-2.365903378E0,-9.095717430E0
6.599936763E1,3.074178934E0,-2.370688915E0,-9.105288506E0
6.601963701E1,3.064607620E0,-2.375474691E0,-9.095717430E0
6.603990633E1,3.069393158E0,-2.370688915E0,-9.105288506E0
6.606030633E1,3.078964472E0,-2.385046005E0,-9.105288506E0
6.608044503E1,3.069393158E0,-2.365903378E0,-9.100502968E0
6.610071440E1,3.078964472E0,-2.361117840E0,-9.110074043E0
6.612098378E1,3.059821844E0,-2.356332064E0,-9.110074043E0
6.614125310E1,3.050250769E0,-2.356332064E0,-9.124430656E0
6.616165310E1,3.083750248E0,-2.361117840E0,-9.124430656E0
6.618179180E1,3.078964472E0,-2.375474691E0,-9.095717430E0
6.620206112E1,3.098107100E0,-2.375474691E0,-9.086145401E0
6.622233050E1,3.098107100E0,-2.370688915E0,-9.086145401E0
6.624259982E1,3.088535786E0,-2.365903378E0,-9.114859581E0
6.626299982E1,3.088535786E0,-2.380260229E0,-9.100502968E0
6.628313857E1,3.078964472E0,-2.365903378E0,-9.134002686E0
6.630340789E1,3.069393158E0,-2.375474691E0,-9.110074043E0
6.632367722E1,3.031108141E0,-2.361117840E0,-9.076574326E0
6.634394659E1,3.050250769E0,-2.341975212E0,-9.086145401E0
6.636434659E1,3.074178934E0,-2.361117840E0,-9.110074043E0
6.638448529E1,3.088535786E0,-2.375474691E0,-9.138788223E0
6.640475461E1,3.098107100E0,-2.370688915E0,-9.119645119E0
6.642502399E1,3.078964472E0,-2.370688915E0,-9.090931892E0
6.644529331E1,3.083750248E0,-2.370688915E0,-9.090931892E0
6.646556263E1,3.078964472E0,-2.365903378E0,-9.090931892E0
6.648583201E1,3.078964472E0,-2.356332064E0,-9.095717430E0
6.650610133E1,3.069393158E0,-2.375474691E0,-9.090931892E0
6.652637070E1,3.074178934E0,-2.380260229E0,-9.100502968E0
6.654664003E1,3.074178934E0,-2.370688915E0,-9.081359863E0
6.656704003E1,3.069393158E0,-2.356332064E0,-9.119645119E0
6.658717873E1,3.074178934E0,-2.351546526E0,-9.114859581E0
6.660744805E1,3.074178934E0,-2.370688915E0,-9.090931892E0
6.662771742E1,3.069393158E0,-2.356332064E0,-9.081359863E0
6.664798675E1,3.078964472E0,-2.370688915E0,-9.071788788E0
6.666825612E1,3.088535786E0,-2.380260229E0,-9.095717430E0
6.668852545E1,3.093321562E0,-2.361117840E0,-9.119645119E0
6.670892544E1,3.083750248E0,-2.346760750E0,-9.100502968E0
6.672906414E1,3.078964472E0,-2.361117840E0,-9.124430656E0
6.674933346E1,3.064607620E0,-2.365903378E0,-9.100502968E0
6.676960279E1,3.074178934E0,-2.365903378E0,-9.090931892E0
6.678987216E1,3.074178934E0,-2.365903378E0,-9.095717430E0
6.681014149E1,3.074178934E0,-2.365903378E0,-9.105288506E0
6.683041086E1,3.069393158E0,-2.370688915E0,-9.110074043E0
6.685068018E1,3.055036306E0,-2.356332064E0,-9.105288506E0
6.687094956E1,3.055036306E0,-2.351546526E0,-9.100502968E0
6.689121888E1,3.064607620E0,-2.361117840E0,-9.100502968E0
6.691148820E1,3.059821844E0,-2.370688915E0,-9.095717430E0
6.693175758E1,3.059821844E0,-2.356332064E0,-9.110074043E0
6.695202690E1,3.055036306E0,-2.351546526E0,-9.119645119E0
6.697229628E1,3.050250769E0,-2.351546526E0,-9.114859581E0
6.699256560E1,3.050250769E0,-2.370688915E0,-9.114859581E0
6.701283492E1,3.059821844E0,-2.375474691E0,-9.110074043E0
6.703310430E1,3.074178934E0,-2.351546526E0,-9.090931892E0
6.705337357E1,3.112463951E0,-2.351546526E0,-9.086145401E0
6.707364294E1,3.107678413E0,-2.361117840E0,-9.110074043E0
6.709391227E1,3.122035265E0,-2.375474691E0,-9.105288506E0
6.711418164E1,3.088535786E0,-2.361117840E0,-9.114859581E0
6.713445096E1,3.064607620E0,-2.341975212E0,-9.100502968E0
6.715472034E1,3.064607620E0,-2.337189436E0,-9.095717430E0
6.717498966E1,3.064607620E0,-2.361117840E0,-9.090931892E0
6.719525899E1,3.031108141E0,-2.370688915E0,-9.100502968E0
6.721552831E1,3.035893679E0,-2.356332064E0,-9.105288506E0
6.723579768E1,3.055036306E0,-2.346760750E0,-9.119645119E0
6.725606701E1,3.078964472E0,-2.341975212E0,-9.110074043E0
6.727633633E1,3.083750248E0,-2.341975212E0,-9.095717430E0
6.729660570E1,3.098107100E0,-2.351546526E0,-9.100502968E0
6.731687503E1,3.093321562E0,-2.351546526E0,-9.105288506E0
6.733714435E1,3.074178934E0,-2.351546526E0,-9.105288506E0
6.735741367E1,3.078964472E0,-2.370688915E0,-9.086145401E0
6.737768305E1,3.074178934E0,-2.370688915E0,-9.081359863E0
6.739795237E1,3.069393158E0,-2.346760750E0,-9.076574326E0
6.741822170E1,3.055036306E0,-2.346760750E0,-9.071788788E0
6.743849102E1,3.035893679E0,-2.332403898E0,-9.110074043E0
6.745876034E1,3.045464993E0,-2.318047047E0,-9.110074043E0
6.747902972E1,3.021536827E0,-2.318047047E0,-9.086145401E0
6.749929904E1,3.007179976E0,-2.313261271E0,-9.095717430E0
6.751956836E1,2.988037348E0,-2.303689957E0,-9.143573761E0
6.753983774E1,2.973680258E0,-2.303689957E0,-9.172286987E0
6.756023774E1,2.997608662E0,-2.313261271E0,-9.172286987E0
6.758037638E1,3.031108141E0,-2.337189436E0,-9.129216194E0
6.760064570E1,3.078964472E0,-2.337189436E0,-9.086145401E0
6.762091503E1,3.088535786E0,-2.337189436E0,-9.071788788E0
6.764118440E1,3.098107100E0,-2.322832584E0,-9.095717430E0
6.766158440E1,3.117249727E0,-2.322832584E0,-9.090931892E0
6.768172305E1,3.117249727E0,-2.313261271E0,-9.095717430E0
6.770199237E1,3.107678413E0,-2.294118643E0,-9.119645119E0
6.772226170E1,3.093321562E0,-2.298904419E0,-9.129216194E0
6.774253107E1,3.074178934E0,-2.313261271E0,-9.157930374E0
6.776293107E1,3.107678413E0,-2.294118643E0,-9.148359299E0
6.778306972E1,3.112463951E0,-2.298904419E0,-9.134002686E0
6.780333904E1,3.117249727E0,-2.294118643E0,-9.119645119E0
6.782360836E1,3.102892876E0,-2.313261271E0,-9.110074043E0
6.784387768E1,3.150749207E0,-2.313261271E0,-9.100502968E0
6.786414701E1,3.145963669E0,-2.303689957E0,-9.110074043E0
6.788441633E1,3.126821041E0,-2.308475733E0,-9.134002686E0
6.790468570E1,3.141177893E0,-2.294118643E0,-9.114859581E0
6.792495503E1,3.150749207E0,-2.298904419E0,-9.114859581E0
6.794522435E1,3.150749207E0,-2.298904419E0,-9.114859581E0
6.796541503E1,3.131606579E0,-2.298904419E0,-9.100502968E0
6.798576284E1,3.122035265E0,-2.246262312E0,-9.090931892E0
6.800603222E1,3.102892876E0,-2.251047850E0,-9.100502968E0
6.802630154E1,3.088535786E0,-2.289333105E0,-9.119645119E0
6.804657096E1,3.093321562E0,-2.313261271E0,-9.134002686E0
6.806684029E1,3.112463951E0,-2.318047047E0,-9.143573761E0
6.808710961E1,3.122035265E0,-2.298904419E0,-9.119645119E0
6.810737893E1,3.117249727E0,-2.298904419E0,-9.090931892E0
6.812764826E1,3.117249727E0,-2.289333105E0,-9.100502968E0
6.814791758E1,3.122035265E0,-2.274976015E0,-9.129216194E0
6.816818690E1,3.112463951E0,-2.294118643E0,-9.110074043E0
6.818845623E1,3.122035265E0,-2.289333105E0,-9.105288506E0
6.820872560E1,3.102892876E0,-2.279761791E0,-9.110074043E0
6.822899492E1,3.112463951E0,-2.294118643E0,-9.114859581E0
6.824926425E1,3.107678413E0,-2.289333105E0,-9.110074043E0
6.826953362E1,3.112463951E0,-2.274976015E0,-9.114859581E0
6.828980289E1,3.117249727E0,-2.274976015E0,-9.095717430E0
6.831007279E1,3.102892876E0,-2.274976015E0,-9.100502968E0
6.833034159E1,3.102892876E0,-2.274976015E0,-9.124430656E0
6.835061091E1,3.098107100E0,-2.274976015E0,-9.143573761E0
6.837088024E1,3.093321562E0,-2.260619164E0,-9.129216194E0
6.839114956E1,3.112463951E0,-2.265404940E0,-9.110074043E0
6.841141888E1,3.117249727E0,-2.274976015E0,-9.105288506E0
6.843181888E1,3.102892876E0,-2.270190477E0,-9.095717430E0
6.845195753E1,3.112463951E0,-2.260619164E0,-9.114859581E0
6.847222685E1,3.102892876E0,-2.260619164E0,-9.124430656E0
6.849249617E1,3.102892876E0,-2.265404940E0,-9.134002686E0
6.851276550E1,3.088535786E0,-2.274976015E0,-9.124430656E0
6.853303482E1,3.088535786E0,-2.274976015E0,-9.134002686E0
6.855330414E1,3.093321562E0,-2.270190477E0,-9.114859581E0
6.857357347E1,3.112463951E0,-2.251047850E0,-9.105288506E0
6.859384279E1,3.112463951E0,-2.255833626E0,-9.134002686E0
6.861411211E1,3.131606579E0,-2.274976015E0,-9.143573761E0
6.863438138E1,3.122035265E0,-2.260619164E0,-9.148359299E0
6.865465071E1,3.093321562E0,-2.265404940E0,-9.129216194E0
6.867492008E1,3.074178934E0,-2.251047850E0,-9.110074043E0
6.869518935E1,3.083750248E0,-2.241476536E0,-9.105288506E0
6.871545867E1,3.093321562E0,-2.270190477E0,-9.119645119E0
6.873572800E1,3.093321562E0,-2.265404940E0,-9.134002686E0
6.875599732E1,3.093321562E0,-2.260619164E0,-9.138788223E0
6.877626664E1,3.098107100E0,-2.260619164E0,-9.134002686E0
6.879653596E1,3.093321562E0,-2.260619164E0,-9.129216194E0
6.881680529E1,3.093321562E0,-2.255833626E0,-9.129216194E0
6.883707461E1,3.088535786E0,-2.241476536E0,-9.110074043E0
6.885734393E1,3.098107100E0,-2.246262312E0,-9.134002686E0
6.887761326E1,3.098107100E0,-2.270190477E0,-9.138788223E0
6.889788258E1,3.107678413E0,-2.255833626E0,-9.129216194E0
6.891815190E1,3.088535786E0,-2.246262312E0,-9.124430656E0
6.893842123E1,3.093321562E0,-2.251047850E0,-9.119645119E0
6.895869055E1,3.078964472E0,-2.255833626E0,-9.129216194E0
6.897895987E1,3.088535786E0,-2.255833626E0,-9.119645119E0
6.899922920E1,3.098107100E0,-2.255833626E0,-9.124430656E0
6.901949852E1,3.083750248E0,-2.255833626E0,-9.143573761E0
6.903976779E1,3.074178934E0,-2.265404940E0,-9.138788223E0
6.906016779E1,3.074178934E0,-2.251047850E0,-9.129216194E0
6.908030643E1,3.088535786E0,-2.236690998E0,-9.114859581E0
6.910057576E1,3.093321562E0,-2.255833626E0,-9.124430656E0
6.912084508E1,3.098107100E0,-2.246262312E0,-9.114859581E0
6.914111440E1,3.093321562E0,-2.246262312E0,-9.110074043E0
6.916151440E1,3.088535786E0,-2.260619164E0,-9.124430656E0
6.918165305E1,3.078964472E0,-2.260619164E0,-9.143573761E0
6.920192237E1,3.083750248E0,-2.260619164E0,-9.143573761E0
6.922219170E1,3.078964472E0,-2.246262312E0,-9.138788223E0
6.924246102E1,3.093321562E0,-2.260619164E0,-9.119645119E0
6.926286102E1,3.093321562E0,-2.255833626E0,-9.119645119E0
6.928299961E1,3.088535786E0,-2.260619164E0,-9.138788223E0
6.930326893E1,3.083750248E0,-2.255833626E0,-9.153144836E0
6.932353826E1,3.088535786E0,-2.255833626E0,-9.134002686E0
6.934380758E1,3.093321562E0,-2.241476536E0,-9.129216194E0
6.936420758E1,3.093321562E0,-2.255833626E0,-9.143573761E0
6.938434623E1,3.083750248E0,-2.255833626E0,-9.129216194E0
6.940461555E1,3.098107100E0,-2.255833626E0,-9.124430656E0
6.942488487E1,3.122035265E0,-2.265404940E0,-9.143573761E0
6.944515420E1,3.093321562E0,-2.260619164E0,-9.134002686E0
6.946542346E1,3.069393158E0,-2.255833626E0,-9.134002686E0
6.948569279E1,3.083750248E0,-2.231905222E0,-9.129216194E0
6.950596211E1,3.102892876E0,-2.251047850E0,-9.114859581E0
6.952623143E1,3.088535786E0,-2.265404940E0,-9.110074043E0
6.954650076E1,3.078964472E0,-2.255833626E0,-9.143573761E0
6.956677008E1,3.074178934E0,-2.260619164E0,-9.143573761E0
6.958703940E1,3.069393158E0,-2.260619164E0,-9.143573761E0
6.960730873E1,3.088535786E0,-2.255833626E0,-9.134002686E0
6.962757805E1,3.083750248E0,-2.260619164E0,-9.143573761E0
6.964784737E1,3.088535786E0,-2.255833626E0,-9.138788223E0
6.966811670E1,3.098107100E0,-2.236690998E0,-9.129216194E0
6.968838602E1,3.102892876E0,-2.246262312E0,-9.119645119E0
6.970865529E1,3.102892876E0,-2.255833626E0,-9.124430656E0
6.972892466E1,3.107678413E0,-2.236690998E0,-9.124430656E0
6.974919399E1,3.102892876E0,-2.260619164E0,-9.129216194E0
6.976946331E1,3.117249727E0,-2.260619164E0,-9.138788223E0
6.978973263E1,3.093321562E0,-2.251047850E0,-9.110074043E0
6.981000196E1,3.088535786E0,-2.251047850E0,-9.134002686E0
6.983027128E1,3.098107100E0,-2.255833626E0,-9.138788223E0
6.985054060E1,3.093321562E0,-2.251047850E0,-9.138788223E0
6.987080992E1,3.078964472E0,-2.251047850E0,-9.129216194E0
6.989107925E1,3.093321562E0,-2.241476536E0,-9.129216194E0
6.991134857E1,3.088535786E0,-2.251047850E0,-9.124430656E0
6.993161789E1,3.074178934E0,-2.260619164E0,-9.124430656E0
6.995188722E1,3.069393158E0,-2.251047850E0,-9.129216194E0
6.997215654E1,3.078964472E0,-2.255833626E0,-9.148359299E0
6.999242586E1,3.093321562E0,-2.255833626E0,-9.143573761E0
7.001269518E1,3.098107100E0,-2.246262312E0,-9.134002686E0
7.003296451E1,3.098107100E0,-2.231905222E0,-9.124430656E0
7.005323383E1,3.102892876E0,-2.236690998E0,-9.110074043E0
7.007350321E1,3.098107100E0,-2.251047850E0,-9.124430656E0
7.009377248E1,3.088535786E0,-2.251047850E0,-9.124430656E0
7.011404185E1,3.088535786E0,-2.270190477E0,-9.129216194E0
7.013431117E1,3.088535786E0,-2.260619164E0,-9.138788223E0
7.015458050E1,3.083750248E0,-2.251047850E0,-9.138788223E0
7.017484982E1,3.093321562E0,-2.251047850E0,-9.138788223E0
7.019511914E1,3.093321562E0,-2.231905222E0,-9.138788223E0
7.021538846E1,3.083750248E0,-2.231905222E0,-9.138788223E0
7.023565779E1,3.083750248E0,-2.241476536E0,-9.134002686E0
7.025592711E1,3.069393158E0,-2.251047850E0,-9.124430656E0
7.027619643E1,3.083750248E0,-2.236690998E0,-9.119645119E0
7.029646576E1,3.107678413E0,-2.246262312E0,-9.148359299E0
7.031673508E1,3.122035265E0,-2.265404940E0,-9.134002686E0
7.033700440E1,3.112463951E0,-2.260619164E0,-9.138788223E0
7.035727373E1,3.102892876E0,-2.265404940E0,-9.138788223E0
7.037754305E1,3.064607620E0,-2.241476536E0,-9.124430656E0
7.039781237E1,3.055036306E0,-2.231905222E0,-9.119645119E0
7.041808170E1,3.074178934E0,-2.265404940E0,-9.124430656E0
7.043835102E1,3.074178934E0,-2.260619164E0,-9.134002686E0
7.045862034E1,3.083750248E0,-2.265404940E0,-9.138788223E0
7.047888972E1,3.088535786E0,-2.260619164E0,-9.134002686E0
7.049915904E1,3.093321562E0,-2.255833626E0,-9.138788223E0
7.051942836E1,3.102892876E0,-2.255833626E0,-9.129216194E0
7.053969768E1,3.098107100E0,-2.255833626E0,-9.124430656E0
7.056009768E1,3.088535786E0,-2.255833626E0,-9.100502968E0
7.058023633E1,3.088535786E0,-2.274976015E0,-9.129216194E0
7.060050565E1,3.083750248E0,-2.265404940E0,-9.124430656E0
7.062077498E1,3.088535786E0,-2.255833626E0,-9.119645119E0
7.064104430E1,3.107678413E0,-2.274976015E0,-9.129216194E0
7.066144430E1,3.102892876E0,-2.274976015E0,-9.129216194E0
7.068158294E1,3.083750248E0,-2.279761791E0,-9.124430656E0
7.070185227E1,3.078964472E0,-2.260619164E0,-9.114859581E0
7.072212159E1,3.074178934E0,-2.251047850E0,-9.124430656E0
7.074239091E1,3.098107100E0,-2.270190477E0,-9.138788223E0
7.076279091E1,3.093321562E0,-2.274976015E0,-9.148359299E0
7.078292956E1,3.074178934E0,-2.265404940E0,-9.138788223E0
7.080319888E1,3.078964472E0,-2.260619164E0,-9.119645119E0
7.082346826E1,3.112463951E0,-2.260619164E0,-9.114859581E0
7.084373758E1,3.102892876E0,-2.274976015E0,-9.143573761E0
7.086413758E1,3.102892876E0,-2.279761791E0,-9.114859581E0
7.088427623E1,3.107678413E0,-2.289333105E0,-9.114859581E0
7.090454555E1,3.098107100E0,-2.284547329E0,-9.105288506E0
7.092481487E1,3.083750248E0,-2.274976015E0,-9.119645119E0
7.094508420E1,3.107678413E0,-2.284547329E0,-9.138788223E0
7.096548420E1,3.126821041E0,-2.279761791E0,-9.143573761E0
7.098562284E1,3.102892876E0,-2.260619164E0,-9.129216194E0
7.100589216E1,3.083750248E0,-2.251047850E0,-9.134002686E0
7.102616149E1,3.088535786E0,-2.260619164E0,-9.114859581E0
7.104643081E1,3.093321562E0,-2.241476536E0,-9.114859581E0
7.106670013E1,3.102892876E0,-2.260619164E0,-9.148359299E0
7.108696951E1,3.117249727E0,-2.289333105E0,-9.138788223E0
7.110723883E1,3.112463951E0,-2.265404940E0,-9.129216194E0
7.112750815E1,3.088535786E0,-2.274976015E0,-9.124430656E0
7.114777748E1,3.069393158E0,-2.255833626E0,-9.105288506E0
7.116804680E1,3.083750248E0,-2.231905222E0,-9.095717430E0
7.118831612E1,3.093321562E0,-2.251047850E0,-9.138788223E0
7.120858545E1,3.093321562E0,-2.270190477E0,-9.138788223E0
7.122885477E1,3.093321562E0,-2.255833626E0,-9.157930374E0
7.124912409E1,3.078964472E0,-2.255833626E0,-9.138788223E0
7.126939347E1,3.078964472E0,-2.255833626E0,-9.134002686E0
7.128966279E1,3.078964472E0,-2.260619164E0,-9.129216194E0
7.130993211E1,3.098107100E0,-2.246262312E0,-9.129216194E0
7.133020143E1,3.083750248E0,-2.246262312E0,-9.124430656E0
7.135047076E1,3.083750248E0,-2.255833626E0,-9.134002686E0
7.137074008E1,3.088535786E0,-2.260619164E0,-9.138788223E0
7.139100946E1,3.107678413E0,-2.255833626E0,-9.124430656E0
7.141127878E1,3.098107100E0,-2.241476536E0,-9.129216194E0
7.143154810E1,3.102892876E0,-2.231905222E0,-9.129216194E0
7.145181742E1,3.093321562E0,-2.260619164E0,-9.143573761E0
7.147208675E1,3.083750248E0,-2.251047850E0,-9.143573761E0
7.149235607E1,3.078964472E0,-2.255833626E0,-9.110074043E0
7.151262539E1,3.098107100E0,-2.255833626E0,-9.138788223E0
7.153289472E1,3.083750248E0,-2.255833626E0,-9.148359299E0
7.155316409E1,3.083750248E0,-2.246262312E0,-9.143573761E0
7.157343341E1,3.088535786E0,-2.241476536E0,-9.129216194E0
7.159370274E1,3.093321562E0,-2.241476536E0,-9.114859581E0
7.161397206E1,3.083750248E0,-2.260619164E0,-9.138788223E0
7.163424138E1,3.093321562E0,-2.251047850E0,-9.129216194E0
7.165451070E1,3.093321562E0,-2.255833626E0,-9.124430656E0
7.167478003E1,3.088535786E0,-2.255833626E0,-9.143573761E0
7.169504935E1,3.088535786E0,-2.255833626E0,-9.138788223E0
7.171531867E1,3.083750248E0,-2.251047850E0,-9.143573761E0
7.173558805E1,3.088535786E0,-2.241476536E0,-9.138788223E0
7.175585732E1,3.098107100E0,-2.255833626E0,-9.138788223E0
7.177612670E1,3.102892876E0,-2.251047850E0,-9.114859581E0
7.179639602E1,3.074178934E0,-2.241476536E0,-9.124430656E0
7.181666534E1,3.088535786E0,-2.241476536E0,-9.148359299E0
7.183693461E1,3.102892876E0,-2.251047850E0,-9.134002686E0
7.185720399E1,3.098107100E0,-2.246262312E0,-9.134002686E0
7.187747331E1,3.078964472E0,-2.255833626E0,-9.134002686E0
7.189774263E1,3.055036306E0,-2.231905222E0,-9.124430656E0
7.191801196E1,3.069393158E0,-2.246262312E0,-9.134002686E0
7.193828133E1,3.083750248E0,-2.265404940E0,-9.143573761E0
7.195855065E1,3.088535786E0,-2.255833626E0,-9.124430656E0
7.197881998E1,3.098107100E0,-2.246262312E0,-9.129216194E0
7.199908930E1,3.098107100E0,-2.231905222E0,-9.129216194E0
7.201935862E1,3.088535786E0,-2.241476536E0,-9.129216194E0
7.203962794E1,3.083750248E0,-2.260619164E0,-9.124430656E0
7.206002794E1,3.093321562E0,-2.246262312E0,-9.110074043E0
7.208016659E1,3.088535786E0,-2.236690998E0,-9.124430656E0
7.210043596E1,3.098107100E0,-2.260619164E0,-9.138788223E0
7.212070529E1,3.093321562E0,-2.255833626E0,-9.129216194E0
7.214097461E1,3.078964472E0,-2.246262312E0,-9.119645119E0
7.216137461E1,3.083750248E0,-2.241476536E0,-9.129216194E0
7.218151326E1,3.083750248E0,-2.251047850E0,-9.148359299E0
7.220178258E1,3.078964472E0,-2.251047850E0,-9.143573761E0
7.222205190E1,3.078964472E0,-2.246262312E0,-9.129216194E0
7.224232123E1,3.083750248E0,-2.246262312E0,-9.119645119E0
7.226272123E1,3.083750248E0,-2.251047850E0,-9.148359299E0
7.228285987E1,3.102892876E0,-2.246262312E0,-9.143573761E0
7.230312920E1,3.098107100E0,-2.260619164E0,-9.134002686E0
7.232339852E1,3.083750248E0,-2.246262312E0,-9.119645119E0
7.234366784E1,3.078964472E0,-2.251047850E0,-9.134002686E0
7.236406784E1,3.098107100E0,-2.260619164E0,-9.134002686E0
7.238420649E1,3.083750248E0,-2.251047850E0,-9.157930374E0
7.240447586E1,3.102892876E0,-2.251047850E0,-9.148359299E0
7.242474513E1,3.088535786E0,-2.241476536E0,-9.129216194E0
7.244501446E1,3.078964472E0,-2.241476536E0,-9.148359299E0
7.246528383E1,3.083750248E0,-2.255833626E0,-9.143573761E0
7.248555315E1,3.078964472E0,-2.241476536E0,-9.129216194E0
7.250582248E1,3.069393158E0,-2.246262312E0,-9.129216194E0
7.252609180E1,3.083750248E0,-2.236690998E0,-9.138788223E0
7.254636112E1,3.074178934E0,-2.231905222E0,-9.143573761E0
7.256676112E1,3.093321562E0,-2.246262312E0,-9.138788223E0
7.258689977E1,3.107678413E0,-2.251047850E0,-9.124430656E0
7.260716904E1,3.078964472E0,-2.255833626E0,-9.129216194E0
7.262743836E1,3.088535786E0,-2.231905222E0,-9.134002686E0
7.264770774E1,3.098107100E0,-2.251047850E0,-9.157930374E0
7.266797701E1,3.093321562E0,-2.270190477E0,-9.157930374E0
7.268824638E1,3.069393158E0,-2.260619164E0,-9.172286987E0
7.270851571E1,3.069393158E0,-2.241476536E0,-9.129216194E0
7.272878503E1,3.083750248E0,-2.236690998E0,-9.100502968E0
7.274905435E1,3.155534744E0,-2.294118643E0,-9.134002686E0
7.276932367E1,3.284747362E0,-2.389831543E0,-9.162715912E0
7.278959300E1,3.375674486E0,-2.466402054E0,-9.148359299E0
7.280986232E1,3.370888948E0,-2.351546526E0,-9.090931892E0
7.283013164E1,3.303889751E0,-2.188834429E0,-9.033503532E0
7.285040096E1,3.236890793E0,-2.207977057E0,-9.033503532E0
7.287067029E1,3.279961586E0,-2.361117840E0,-9.210572243E0
7.289093961E1,3.169891834E0,-2.337189436E0,-9.090931892E0
7.291133961E1,2.944966555E0,-2.222334146E0,-9.009575844E0
7.293163659E1,2.973680258E0,-2.284547329E0,-9.244071960E0
7.295174852E1,3.050250769E0,-2.351546526E0,-9.296713829E0
7.297201774E1,3.083750248E0,-2.490330219E0,-9.215357780E0
7.299228680E1,2.643470764E0,-1.977667928E0,-8.866005898E0
7.301255602E1,2.557329178E0,-1.762313843E0,-8.990432739E0
7.303282518E1,2.633899450E0,-2.112264156E0,-9.153144836E0
7.305309446E1,2.901895761E0,-2.600399971E0,-9.268000603E0
7.307336367E1,3.696911097E0,-3.529413462E0,-9.445667267E0
7.309363295E1,2.911466837E0,-2.901895761E0,-9.296713829E0
7.311390222E1,1.939382792E0,-1.211964726E0,-8.832506180E0
7.313417154E1,2.432902336E0,-1.814955950E0,-9.191430092E0
7.315444081E1,2.887538671E0,-2.432902336E0,-9.239286423E0
7.317471013E1,2.643470764E0,-1.776670814E0,-8.990432739E0
7.319497946E1,2.820539713E0,-2.160120726E0,-9.354142189E0
7.321524878E1,2.839682341E0,-2.313261271E0,-9.134002686E0
7.323551810E1,3.313461065E0,-2.925823927E0,-9.067003250E0
7.325578737E1,3.227319479E0,-2.571686029E0,-9.033503532E0
7.327605670E1,2.978466034E0,-2.428116798E0,-9.086145401E0
7.329632602E1,3.069393158E0,-2.485544443E0,-9.052646637E0
7.331659534E1,3.050250769E0,-2.514258385E0,-9.057432175E0
7.333686466E1,3.150749207E0,-2.562114954E0,-9.253643036E0
7.335713399E1,2.978466034E0,-2.432902336E0,-9.124430656E0
7.337740331E1,2.815753937E0,-2.260619164E0,-9.258428574E0
7.339767263E1,2.954537868E0,-2.447259426E0,-9.253643036E0
7.341794190E1,3.112463951E0,-2.600399971E0,-9.076574326E0
7.343821123E1,3.303889751E0,-2.605185747E0,-9.023932457E0
7.345848055E1,3.419343472E0,-2.547757864E0,-8.909076691E0
7.347874987E1,3.395415306E0,-2.418545485E0,-8.803792953E0
7.349901920E1,3.294318676E0,-2.428116798E0,-8.846863747E0
7.351928852E1,3.246462107E0,-2.394617319E0,-8.928219795E0
7.353955784E1,3.174677372E0,-2.432902336E0,-9.038289070E0
7.355994591E1,3.308675528E0,-2.681756020E0,-9.009575844E0
7.358009649E1,3.284747362E0,-2.389831543E0,-9.009575844E0
7.360036581E1,3.308675528E0,-2.346760750E0,-9.215357780E0
7.362063508E1,3.179463148E0,-2.303689957E0,-9.258428574E0
7.364090446E1,2.988037348E0,-2.136192322E0,-9.134002686E0
7.366130446E1,2.796611547E0,-2.112264156E0,-9.291928291E0
7.368144305E1,3.031108141E0,-2.385046005E0,-9.272786140E0
7.370171237E1,3.098107100E0,-2.514258385E0,-9.143573761E0
7.372198170E1,3.040679455E0,-2.428116798E0,-9.062217712E0
7.374225102E1,2.968894720E0,-2.174477577E0,-8.909076691E0
7.376265102E1,2.968894720E0,-2.251047850E0,-9.019146919E0
7.378278966E1,3.193820000E0,-2.624328136E0,-9.191430092E0
7.380305899E1,3.088535786E0,-2.605185747E0,-8.976076126E0
7.382332826E1,3.098107100E0,-2.227119684E0,-8.976076126E0
7.384359758E1,3.515056372E0,-2.337189436E0,-9.033503532E0
7.386399758E1,3.385843992E0,-2.365903378E0,-9.134002686E0
7.388413623E1,3.040679455E0,-2.193620205E0,-8.966505051E0
7.390440555E1,3.007179976E0,-2.313261271E0,-8.952147484E0
7.392467487E1,3.323032379E0,-2.394617319E0,-9.153144836E0
7.394494414E1,3.361317635E0,-2.557329178E0,-9.181859016E0
7.396534414E1,3.007179976E0,-2.538186550E0,-9.067003250E0
7.398548274E1,3.165106058E0,-2.437688112E0,-9.086145401E0
7.400575211E1,3.366103172E0,-2.136192322E0,-9.143573761E0
7.402602143E1,3.491128206E0,-2.001596212E0,-9.196215630E0
7.404629076E1,3.481556892E0,-2.447259426E0,-9.081359863E0
7.406656008E1,2.897109985E0,-2.791825771E0,-8.913862228E0
7.408682935E1,2.925823927E0,-2.274976015E0,-8.923434258E0
7.410709867E1,3.370888948E0,-2.657827854E0,-9.315856934E0
7.412736800E1,3.179463148E0,-2.676970243E0,-9.306285858E0
7.414763732E1,3.059821844E0,-2.418545485E0,-9.301499367E0
7.416790659E1,2.676970243E0,-2.461616278E0,-9.344570160E0
7.418817591E1,2.825325251E0,-2.270190477E0,-9.632308006E0
7.420844524E1,2.667398930E0,-2.940180779E0,-9.445667267E0
7.422871456E1,1.915454507E0,-3.194418192E0,-8.985647202E0
7.424898388E1,1.992024899E0,-2.858824968E0,-8.540582657E0
7.426925315E1,1.867598057E0,-2.868396044E0,-8.353941917E0
7.428952248E1,2.145165443E0,-3.064607620E0,-8.521439552E0
7.430979180E1,2.681756020E0,-3.208775282E0,-1.001037312E1
7.433006112E1,2.317448616E0,-2.949752092E0,-1.044646549E1
7.435033039E1,2.207378864E0,-3.792623997E0,-8.913862228E0
7.437059972E1,2.116451740E0,-1.805384636E0,-8.090133667E0
7.439086904E1,1.652244091E0,-2.700898647E0,-8.775078773E0
7.441113831E1,1.657029629E0,-3.663411379E0,-9.479166985E0
7.443140763E1,1.412961721E0,-3.873979807E0,-9.320642471E0
7.445167696E1,1.235294700E0,-3.850051641E0,-9.574879646E0
7.447194628E1,1.743171334E0,-3.945764542E0,-9.397810936E0
7.449221555E1,1.676172256E0,-4.314857483E0,-9.134002686E0
7.451248492E1,1.594816327E0,-5.066203594E0,-7.850851059E0
7.453275420E1,4.360919297E-1,-4.257429600E0,-9.833304405E0
7.455302352E1,-2.488535494E-1,-4.176073551E0,-9.062217712E0
7.457329284E1,2.925225794E-1,-3.189632654E0,-9.431310654E0
7.459356216E1,1.139581800E0,-3.452843189E0,-9.938589096E0
7.461383143E1,1.575673699E0,-3.845266104E0,-9.737591743E0
7.472031268E1,-3.014956415E-1,-3.706482172E0,-9.141180992E0
7.474058201E1,-2.321037948E-1,-4.424927235E0,-9.294321060E0
7.476085128E1,-1.096511006E0,-4.238286972E0,-9.589237213E0
7.478112055E1,-2.611765862E0,-3.500699520E0,-1.132463169E1
7.480138987E1,-2.224128723E0,-3.373879910E0,-1.046800041E1
7.482165920E1,-2.415554523E0,-3.148954630E0,-8.361120224E0
7.484192847E1,-3.638885021E0,-2.715255499E0,-1.072403336E1
7.486232846E1,-2.585444927E0,-2.789433002E0,-9.457631111E0
7.488246711E1,-3.952943087E0,-1.070788145E0,-1.160997581E1
7.490273649E1,-2.578266382E0,-2.042274237E0,-8.260024071E0
7.492300581E1,2.344966233E-1,-5.550152302E0,-6.680162430E0
7.494327508E1,-2.791227579E0,-6.191428661E0,-6.266204357E0
7.496354435E1,-4.977669239E0,-6.902695179E0,-8.003992081E0
7.498381367E1,-6.390032768E0,-6.200999737E0,-8.099704742E0
7.500408300E1,-6.457031727E0,-6.043073654E0,-5.550152302E0
7.502435232E1,-7.359724045E0,-7.120441914E0,-3.347558975E0
7.504462961E1,-9.679565430E0,-7.810173035E0,-2.473580360E0
7.506496810E1,-1.188933754E1,-7.137191772E0,-8.572286963E-1
7.508515909E1,-1.199462128E1,-7.798209190E0,-3.020938635E-1
7.510542867E1,-1.232782269E1,-8.856434822E0,-1.135394335E0
7.512569815E1,-1.209990597E1,-9.479166985E0,-1.786242127E0
7.514596742E1,-1.161894894E1,-9.419346809E0,-1.850848317E0
7.516636758E1,-1.080239773E1,-8.897112846E0,-1.625923038E0
7.518650638E1,-9.531210899E0,-8.317451477E0,-6.777670383E-1
7.520677576E1,-8.159524918E0,-8.039883614E0,7.657032460E-2
7.522704513E1,-6.887740135E0,-7.812565804E0,6.245267391E-1
7.524731440E1,-6.031109333E0,-8.018348694E0,7.130611539E-1
7.526771446E1,-5.650052547E0,-7.735995770E0,1.016949654E0
7.528785315E1,-5.243272781E0,-7.048657417E0,1.651645780E0
7.530812253E1,-4.982454777E0,-6.893123627E0,2.024926186E0
7.532839190E1,-4.185046673E0,-6.474380016E0,2.681157827E0
7.534866117E1,-3.574278831E0,-6.126822472E0,3.394817114E0
7.536906117E1,-3.248854876E0,-5.875576019E0,3.756133318E0
7.538919987E1,-3.184248686E0,-5.894718647E0,4.278367043E0
7.540946920E1,-2.752942562E0,-5.487938881E0,5.358128071E0
7.542973852E1,-2.439482689E0,-5.377869129E0,5.906084538E0
7.545000784E1,-1.994417667E0,-5.322834015E0,6.214758396E0
7.547027716E1,-1.378864050E0,-5.495117188E0,6.445067883E0
7.549054649E1,-8.931210637E-1,-5.538187981E0,6.765706062E0
7.551081581E1,-5.455635786E-1,-5.325226784E0,7.307082176E0
7.553108513E1,-2.033899277E-1,-5.320441246E0,7.553543091E0
7.555135440E1,1.794617027E-1,-5.286941528E0,7.622934818E0
7.557162373E1,3.810569942E-1,-5.109274387E0,7.579864025E0
7.559189305E1,6.155536175E-1,-4.877170563E0,7.472187042E0
7.561216237E1,6.418746710E-1,-4.807778835E0,7.314260483E0
7.563243170E1,4.887340367E-1,-4.697709084E0,7.316653252E0
7.565270102E1,4.025924206E-1,-4.611567497E0,7.465008259E0
7.567297034E1,4.025924206E-1,-4.436891556E0,7.565506935E0
7.569323961E1,-5.862415433E-1,-4.134797573E0,7.914859295E0
7.571350893E1,-2.269233322E1,1.118046403E0,1.712543106E1
7.573377826E1,-7.465606928E-1,-7.499105930E0,1.197547913E1
7.575404758E1,6.644270420E0,-6.936194420E0,1.052722359E1
7.577431690E1,3.766302824E0,-5.588437080E0,8.860622406E0
7.579458623E1,1.532602906E0,-3.854837179E0,1.103450203E1
7.581485555E1,-1.387837082E-1,-3.383451223E0,1.158544922E1
7.583512487E1,1.024726272E0,-4.188037872E0,1.243729401E1
7.585539420E1,9.242277741E-1,-3.816552162E0,1.250967693E1
7.587566352E1,4.839483798E-1,-2.980858803E0,1.262213898E1
7.589593279E1,2.009970993E-1,-2.787040234E0,1.181515980E1
7.591620211E1,2.949153781E-1,-3.120240688E0,1.122114182E1
7.593647143E1,1.348355532E0,-2.913859844E0,1.122353458E1
7.595674076E1,1.936989903E0,-1.972882271E0,1.091725349E1
7.597701008E1,3.174677372E0,-1.104287624E0,1.079043388E1
7.599727940E1,4.240081787E0,-1.523031592E0,1.202572823E1
7.601754873E1,1.779063582E0,-3.978067636E-1,1.151366425E1
7.603781805E1,1.578066587E0,-1.798206210E0,1.136231804E1
7.605808737E1,1.568495274E0,-7.639086246E-1,1.210708427E1
7.607835675E1,3.179463148E0,-1.635494232E0,1.085743237E1
7.609875670E1,2.121237278E0,-2.877967358E0,1.198265743E1
7.611889529E1,-1.342971683E0,-2.375474691E0,1.084068298E1
7.613916461E1,-1.043868899E0,-1.099501967E0,1.015334511E1
7.615943393E1,7.519445419E-1,-1.645065546E0,8.863015175E0
7.617970326E1,1.165902853E0,-2.133799553E0,7.670791149E0
7.619997258E1,9.672985673E-1,-2.660220623E0,6.612565517E0
7.622024190E1,-1.292124242E-1,-1.807777524E0,7.253841877E0
7.624051123E1,-6.867401004E-1,-1.869990945E0,7.129415035E0
7.626078055E1,-9.672985673E-1,-2.095514536E0,6.205187321E0
7.628104987E1,-1.718644857E0,-2.025524378E0,4.821537495E0
7.630131920E1,-1.826920033E0,-1.920240164E0,4.345366001E0
7.632158852E1,-6.843472719E-1,-2.569293261E0,5.434698582E0
7.634185784E1,-4.426721931E-1,-2.095514536E0,6.981060028E0
7.636212716E1,-2.556730986E0,-4.063013077E0,1.301695538E1
7.638239649E1,-4.321437836E0,-2.181656122E0,5.664409637E0
7.640266581E1,-2.042274237E0,-2.789433002E0,5.561518192E0
7.642293513E1,3.589234129E-2,-4.065405846E0,6.354140759E0
7.644320446E1,-2.310270309E0,-2.643470764E0,6.624529362E0
7.646347378E1,-3.007179976E0,-1.800599098E0,8.130212784E0
7.648374315E1,-2.757728100E0,-2.363510609E0,9.483354568E0
7.650401253E1,-2.221735716E0,-2.746362209E0,8.513663292E0
7.652428185E1,-2.602194548E0,-2.940180779E0,7.548757076E0
7.654455117E1,-2.484946251E0,-2.231905222E0,7.742575645E0
7.656482050E1,-2.618944407E0,-1.712064624E0,7.419544697E0
7.658508982E1,-2.870789051E0,-1.472782373E0,7.996214867E0
7.660535914E1,-2.602194548E0,-8.309076428E-1,7.907680511E0
7.662562846E1,-2.226521492E0,-6.442674994E-1,7.376473904E0
7.664589784E1,-9.577272534E-1,-1.348355532E0,6.993024349E0
7.666629784E1,-4.761717021E-1,-1.968096614E0,7.342974663E0
7.668643649E1,3.284149170E-1,-3.381058455E0,7.217949390E0
7.670670581E1,-2.919243574E-1,-4.185645103E0,1.098425198E1
7.672697518E1,-1.804786444E0,-3.086143017E0,1.178883934E1
7.674724451E1,-3.318246841E0,-6.873382926E-1,1.244925785E1
7.676764451E1,-4.948955536E0,3.948157430E-1,9.533603668E0
7.678778321E1,-3.150749207E0,1.579861164E0,8.173283577E0
7.680805253E1,-1.780858278E0,1.698904037E-1,8.731410027E0
7.682832185E1,-2.966501951E0,1.292124242E-1,9.803992271E0
7.684859123E1,-4.015156269E0,6.412764788E-1,9.823135376E0
7.686899123E1,-2.973680258E0,1.323829174E0,9.457033157E0
7.688912987E1,-2.740978241E0,1.677966833E0,9.492925644E0
7.690939925E1,-3.090928555E0,1.496112347E0,9.262616158E0
7.692966857E1,-2.398804665E0,1.457827210E0,9.320044518E0
7.694993789E1,-2.082952023E0,1.488933921E0,9.066405296E0
7.697033789E1,-2.111665964E0,1.790429592E0,8.982656479E0
7.699047659E1,-2.391626120E0,1.709073544E0,9.464211464E0
7.701074596E1,-2.372483730E0,1.436291814E0,9.753743172E0
7.703101529E1,-2.248056889E0,1.280758262E0,8.994620323E0
7.705128466E1,-2.413161755E0,1.515254974E0,8.834300995E0
7.707155399E1,-2.382055044E0,1.498505235E0,9.131011009E0
7.709182331E1,-2.274377823E0,1.780858278E0,8.482556343E0
7.711209268E1,-2.590230465E0,1.933998942E0,9.354142189E0
7.713236206E1,-2.671586514E0,1.654038668E0,9.269794464E0
7.715263138E1,-2.650051117E0,1.620539188E0,9.547960281E0
