"Time (s)","Acceleration x (m/s^2)","Acceleration y (m/s^2)","Acceleration z (m/s^2)"
4.013709200E-2,-1.490552902E0,2.911088943E0,9.245225906E0
6.043683100E-2,-1.485821724E0,2.895485401E0,9.250885010E0
8.055016500E-2,-1.519406796E0,2.860879660E0,9.256195068E0
1.009501650E-1,-1.553233027E0,2.808379173E0,9.266653061E0
1.210913620E-1,-1.569883585E0,2.751556158E0,9.280882835E0
1.413619350E-1,-1.570352435E0,2.697133303E0,9.296765327E0
1.616325080E-1,-1.585542083E0,2.641533852E0,9.310141563E0
1.819030810E-1,-1.633504033E0,2.554004669E0,9.326259613E0
2.023030810E-1,-1.727963090E0,2.428251982E0,9.342810631E0
2.224443830E-1,-1.879162312E0,2.282376766E0,9.350396156E0
2.427150080E-1,-1.998845696E0,2.092855930E0,9.369896889E0
2.629856330E-1,-1.981579423E0,1.875966549E0,9.419366837E0
2.832563100E-1,-1.862668514E0,1.696721554E0,9.477446556E0
3.036563100E-1,-1.703305125E0,1.567408800E0,9.529552460E0
3.237976650E-1,-1.546808481E0,1.427282810E0,9.578133583E0
3.440683420E-1,-1.353188157E0,1.312852025E0,9.623703957E0
3.643390710E-1,-1.078406930E0,1.269512296E0,9.664149284E0
3.847390710E-1,-7.726773024E-1,1.292431593E0,9.690354347E0
4.050383420E-1,-4.730570316E-1,1.340308905E0,9.703101158E0
4.253107900E-1,-1.616624594E-1,1.349834085E0,9.711961746E0
4.454180290E-1,4.970660806E-2,1.301323056E0,9.719798088E0
4.656894350E-1,2.624216378E-1,1.210534573E0,9.728110313E0
4.859600600E-1,4.054933786E-1,1.092929840E0,9.737117767E0
5.063606850E-1,5.324194431E-1,9.684897661E-1,9.744174957E0
5.265025600E-1,6.564077139E-1,8.767442107E-1,9.745298386E0
5.467736540E-1,7.751018405E-1,8.712169528E-1,9.737072945E0
5.670446960E-1,8.750662208E-1,9.282083511E-1,9.723327637E0
5.873156330E-1,9.923943877E-1,9.772898555E-1,9.707236290E0
6.075864670E-1,1.116388083E0,9.898462296E-1,9.692484856E0
6.278573520E-1,1.202681780E0,9.951032400E-1,9.681617737E0
6.481281850E-1,1.276457191E0,1.061664343E0,9.665087700E0
6.683989150E-1,1.403657913E0,1.161431193E0,9.635932922E0
6.886697480E-1,1.599433303E0,1.259118319E0,9.593061447E0
7.089404770E-1,1.742294669E0,1.336628199E0,9.557626724E0
7.292112060E-1,1.589641333E0,1.188691974E0,9.603668213E0
7.494819870E-1,1.443972826E0,1.059697866E0,9.641699791E0
7.697527170E-1,1.357542992E0,9.363763928E-1,9.666987419E0
7.900233940E-1,1.287856817E0,8.149284720E-1,9.687501907E0
8.104234460E-1,1.212563753E0,7.588098049E-1,9.701766014E0
8.305648520E-1,1.123079062E0,7.610483766E-1,9.712357521E0
8.508355290E-1,1.006705761E0,7.605124712E-1,9.725151062E0
8.711062580E-1,8.655056953E-1,7.602432966E-1,9.738754272E0
8.913769870E-1,6.765191555E-1,7.558579445E-1,9.754045486E0
9.117829250E-1,5.591368079E-1,7.062134147E-1,9.765193939E0
9.320336540E-1,5.561184287E-1,6.100241542E-1,9.771846771E0
9.522223520E-1,6.736778021E-1,5.615810752E-1,9.767353058E0
9.724550080E-1,8.624519110E-1,5.797193646E-1,9.751435280E0
9.927255810E-1,1.113528013E0,6.163543463E-1,9.723711014E0
1.013126623E0,1.396634459E0,6.577801704E-1,9.684375763E0
1.033268810E0,1.550057530E0,7.375119925E-1,9.655246735E0
1.053540060E0,1.516743660E0,8.828286529E-1,9.648341179E0
1.073811206E0,1.360615492E0,1.085590363E0,9.650938034E0
1.094081883E0,1.281979918E0,1.280848861E0,9.637756348E0
1.114482300E0,1.359322548E0,1.386683226E0,9.612478256E0
1.134624071E0,1.411084175E0,1.416356683E0,9.600685120E0
1.154895008E0,1.472844362E0,1.359384775E0,9.599645615E0
1.175165842E0,1.537308097E0,1.242402196E0,9.605388641E0
1.195436571E0,1.348645449E0,1.144703388E0,9.645787239E0
1.215844696E0,9.331107736E-1,1.088922858E0,9.701234818E0
1.236142508E0,7.408703566E-1,1.040474653E0,9.723112106E0
1.256392508E0,7.119317651E-1,1.027160287E0,9.726688385E0
1.276473602E0,5.836963058E-1,1.031212330E0,9.734798431E0
1.296784956E0,2.425905764E-1,1.068530560E0,9.745244026E0
1.317056779E0,-8.105865121E-2,1.146863222E0,9.739020348E0
1.337328446E0,-3.024638295E-1,1.283545852E0,9.717582703E0
1.357599852E0,-4.594851732E-1,1.500591159E0,9.680263519E0
1.377870477E0,-5.502866507E-1,1.747674227E0,9.633961678E0
1.398271102E0,-6.866361499E-1,1.954074144E0,9.585432053E0
1.418412560E0,-9.270636439E-1,2.084363461E0,9.537629128E0
1.438685790E0,-1.213982344E0,2.104330540E0,9.500968933E0
1.458956467E0,-1.504899740E0,1.975147367E0,9.487067223E0
1.479227144E0,-1.664805889E0,1.778298616E0,9.499287605E0
1.499627144E0,-1.648138523E0,1.628846169E0,9.528949738E0
1.519768498E0,-1.674381375E0,1.553214073E0,9.536998749E0
1.540039175E0,-1.733537555E0,1.581199646E0,9.521820068E0
1.560309852E0,-1.831606388E0,1.666815758E0,9.488800049E0
1.580580477E0,-2.137165070E0,1.726827741E0,9.413871765E0
1.600980477E0,-2.604402304E0,1.709317207E0,9.298693657E0
1.621121883E0,-3.024939537E0,1.616183281E0,9.187387466E0
1.641392560E0,-3.376308203E0,1.478164434E0,9.087681770E0
1.661663237E0,-3.676833153E0,1.316162109E0,8.995498657E0
1.681933915E0,-3.953300714E0,1.118746996E0,8.904503822E0
1.702333915E0,-4.208371639E0,8.750604987E-1,8.814435959E0
1.722475321E0,-4.434735775E0,5.799468756E-1,8.727380753E0
1.742745998E0,-4.644234657E0,2.156450003E-1,8.634522438E0
1.763016675E0,-4.838088512E0,-1.699995995E-1,8.528445244E0
1.783287352E0,-4.995940208E0,-5.255196691E-1,8.422279358E0
1.803687352E0,-5.169162750E0,-8.455604911E-1,8.290667534E0
1.823986675E0,-5.399231434E0,-1.141913891E0,8.106462479E0
1.844257456E0,-5.681756496E0,-1.400847673E0,7.869285583E0
1.864370790E0,-5.973575592E0,-1.620229363E0,7.606682777E0
1.884641362E0,-6.238199234E0,-1.828718662E0,7.342414379E0
1.905041362E0,-6.462639809E0,-2.036192179E0,7.089330196E0
1.925325529E0,-6.655617237E0,-2.218780994E0,6.852017879E0
1.945447821E0,-6.819449425E0,-2.348805428E0,6.644442081E0
1.965719487E0,-6.975337029E0,-2.434099197E0,6.449048042E0
1.985990998E0,-7.134191990E0,-2.512923002E0,6.241707325E0
2.006262352E0,-7.313777447E0,-2.586186171E0,5.999225140E0
2.026533550E0,-7.508972168E0,-2.635389328E0,5.730659485E0
2.046804592E0,-7.712399960E0,-2.644832134E0,5.449231625E0
2.067075633E0,-7.900392532E0,-2.619209051E0,5.185936928E0
2.087346623E0,-8.055845261E0,-2.612701893E0,4.944445610E0
2.107617508E0,-8.180892944E0,-2.630322456E0,4.724910736E0
2.127888394E0,-8.277399063E0,-2.636060238E0,4.550410271E0
2.148159175E0,-8.338386536E0,-2.613651752E0,4.450902462E0
2.168429956E0,-8.361782074E0,-2.597253799E0,4.416476250E0
2.188700685E0,-8.367791176E0,-2.594407558E0,4.406756401E0
2.208971467E0,-8.383571625E0,-2.589000463E0,4.379859924E0
2.229242248E0,-8.425527573E0,-2.555797815E0,4.318421841E0
2.249512977E0,-8.489835739E0,-2.484338999E0,4.233335018E0
2.269783706E0,-8.563799858E0,-2.372738361E0,4.147510052E0
2.290054383E0,-8.639101982E0,-2.235047102E0,4.067045212E0
2.310454383E0,-8.710464478E0,-2.107335329E0,3.982126474E0
2.330595790E0,-8.787208557E0,-1.987284541E0,3.873763084E0
2.350866467E0,-8.877537727E0,-1.828728914E0,3.743723154E0
2.371137196E0,-8.967126846E0,-1.631048203E0,3.619486332E0
2.391407873E0,-9.041231155E0,-1.422256231E0,3.521891117E0
2.411813862E0,-9.104894638E0,-1.166728973E0,3.451090574E0
2.432060685E0,-9.175082207E0,-8.334559202E-1,3.360596180E0
2.452214800E0,-9.254637718E0,-4.801966548E-1,3.208034515E0
2.472486519E0,-9.328955650E0,-1.993517876E-1,3.016825438E0
2.492757144E0,-9.391502380E0,2.066205628E-2,2.823053837E0
2.513158029E0,-9.431618690E0,2.639896274E-1,2.673064470E0
2.533300060E0,-9.440440178E0,5.644969940E-1,2.594185591E0
2.553571258E0,-9.435684204E0,9.550311565E-1,2.495229721E0
2.573842352E0,-9.447787285E0,1.261304617E0,2.306257010E0
2.594113029E0,-9.469926834E0,1.466770887E0,2.083133221E0
2.614513394E0,-9.451960564E0,1.726692796E0,1.961976647E0
2.634655112E0,-9.377326965E0,2.017161608E0,2.041371346E0
2.654925946E0,-9.270007133E0,2.305246830E0,2.218826056E0
2.675196779E0,-9.183558464E0,2.552737236E0,2.305683851E0
2.695467508E0,-9.168739319E0,2.656723976E0,2.246424913E0
2.715865112E0,-9.199177742E0,2.643368483E0,2.134973526E0
2.736173446E0,-9.209237099E0,2.628409624E0,2.109928608E0
2.756427352E0,-9.195911407E0,2.607320309E0,2.192593575E0
2.776542821E0,-9.210517883E0,2.440475702E0,2.319664717E0
2.796815165E0,-9.236046791E0,2.062841654E0,2.571090937E0
2.817087196E0,-9.255239487E0,1.508734941E0,2.869607210E0
2.837358915E0,-9.293517113E0,9.908913374E-1,2.969688892E0
2.857630425E0,-9.370514870E0,5.210943222E-1,2.844698429E0
2.877901779E0,-9.443818092E0,2.878165059E-2,2.642695904E0
2.898173029E0,-9.482354164E0,-5.367097259E-1,2.442803860E0
2.918443706E0,-9.459678650E0,-1.342916012E0,2.209398985E0
2.938716727E0,-9.357275963E0,-2.212779284E0,1.927535057E0
2.958987404E0,-9.306695938E0,-2.511933804E0,1.801663995E0
2.979258081E0,-9.337523460E0,-2.506921768E0,1.642071247E0
2.999658081E0,-9.337320328E0,-2.690279484E0,1.321833253E0
3.019799487E0,-9.299481392E0,-2.954802036E0,9.793781638E-1
3.040070217E0,-9.264513016E0,-3.129627228E0,7.379733324E-1
3.060340894E0,-9.234347343E0,-3.272229671E0,4.355886579E-1
3.080740894E0,-9.178376198E0,-3.453648567E0,9.624379687E-3
3.101040269E0,-9.053210258E0,-3.736287117E0,-4.999209046E-1
3.121153602E0,-8.807172775E0,-4.239177227E0,-7.959226966E-1
3.141424279E0,-8.564930916E0,-4.749717236E0,-5.025252700E-1
3.161694852E0,-8.405733109E0,-5.050785065E0,-5.997094139E-2
3.181965529E0,-8.264677048E0,-5.273264885E0,2.411637008E-1
3.202365529E0,-8.160417557E0,-5.427196503E0,3.514456451E-1
3.222506831E0,-8.114746094E0,-5.498336315E0,2.993156910E-1
3.242777456E0,-8.001245499E0,-5.659667969E0,3.444182575E-1
3.263048185E0,-7.775210857E0,-5.933970451E0,7.102669477E-1
3.283318915E0,-7.553317070E0,-6.182068825E0,9.485808015E-1
3.303718915E0,-7.442370892E0,-6.332218170E0,8.273571134E-1
3.323860373E0,-7.388182640E0,-6.413158417E0,6.756649613E-1
3.344131050E0,-7.361811638E0,-6.451495171E0,5.935593247E-1
3.364401779E0,-7.350187302E0,-6.462569237E0,6.167082787E-1
3.384672508E0,-7.317250252E0,-6.496840477E0,6.475346684E-1
3.405072508E0,-7.244931221E0,-6.581087589E0,6.088050008E-1
3.425370737E0,-7.110811710E0,-6.732790470E0,5.256163478E-1
3.445484175E0,-6.920364380E0,-6.933983803E0,4.458614886E-1
3.465755008E0,-6.727596283E0,-7.123660564E0,4.041038156E-1
3.486025790E0,-6.491937637E0,-7.344939232E0,2.774761915E-1
3.506296623E0,-6.176316261E0,-7.616652012E0,1.006404907E-1
3.526567456E0,-5.767236233E0,-7.930971146E0,9.528036416E-2
3.546838237E0,-5.331456184E0,-8.227317810E0,2.391766012E-1
3.567108967E0,-4.942470551E0,-8.462918282E0,3.484082818E-1
3.587379748E0,-4.673651695E0,-8.615603447E0,3.142106235E-1
3.607650529E0,-4.567172527E0,-8.676275253E0,1.832069457E-1
3.627921310E0,-4.572497845E0,-8.674465179E0,1.276639402E-1
3.648192092E0,-4.582108498E0,-8.668742180E0,1.660536975E-1
3.668462821E0,-4.635952473E0,-8.639290810E0,2.024619728E-1
3.688737560E0,-4.709175587E0,-8.595237732E0,3.405035436E-1
3.709042925E0,-4.697166920E0,-8.597812653E0,4.296705425E-1
3.729274592E0,-4.482704163E0,-8.715876579E0,3.305192888E-1
3.749545425E0,-4.051029682E0,-8.926468849E0,2.787669897E-1
3.769816258E0,-3.320757866E0,-9.218965530E0,3.919560015E-1
3.790086987E0,-2.321616173E0,-9.498899460E0,7.425601482E-1
3.810487092E0,-1.316540599E0,-9.662052155E0,1.040113211E0
3.830628654E0,-9.327983856E-1,-9.705013275E0,1.054982901E0
3.850899487E0,-1.004354119E0,-9.701219559E0,1.023718476E0
3.871170321E0,-7.067052722E-1,-9.734519958E0,9.539853930E-1
3.891441050E0,-5.261387229E-1,-9.759245872E0,8.066595197E-1
3.911847040E0,-6.327964664E-1,-9.752448082E0,8.122261763E-1
3.932094071E0,-6.391031742E-1,-9.742913246E0,9.151886702E-1
3.952248290E0,-5.898607969E-1,-9.723892212E0,1.126223922E0
3.972518915E0,-5.850377679E-1,-9.689236641E0,1.395285010E0
3.992928029E0,-7.594604492E-1,-9.629340172E0,1.693936229E0
4.013211102E0,-1.121266484E0,-9.549948692E0,1.926557899E0
4.033327144E0,-1.614658713E0,-9.450759888E0,2.060680628E0
4.053599800E0,-2.116014957E0,-9.348102570E0,2.075055122E0
4.073872144E0,-2.475047112E0,-9.272223473E0,2.017523527E0
4.094142821E0,-2.605810165E0,-9.239871025E0,2.001234055E0
4.114544123E0,-2.526995420E0,-9.244176865E0,2.080832958E0
4.134686675E0,-2.337856531E0,-9.264338493E0,2.208357573E0
4.154958237E0,-2.174546957E0,-9.279015541E0,2.311190605E0
4.175229592E0,-2.143605232E0,-9.309545517E0,2.215335369E0
4.195500373E0,-2.246576548E0,-9.336497307E0,1.988242626E0
4.215908862E0,-2.466928244E0,-9.321780205E0,1.785798788E0
4.236207248E0,-2.743624210E0,-9.259650230E0,1.703465700E0
4.256461415E0,-2.983059168E0,-9.184772491E0,1.706370592E0
4.276577404E0,-3.119755507E0,-9.138170242E0,1.712119460E0
4.296849904E0,-3.166125774E0,-9.128620148E0,1.677592993E0
4.317122248E0,-3.171408653E0,-9.139108658E0,1.609110832E0
4.337394071E0,-3.170316458E0,-9.152275085E0,1.534710050E0
4.357665842E0,-3.171440601E0,-9.160289764E0,1.483727455E0
4.377937352E0,-3.143859863E0,-9.170799255E0,1.477485299E0
4.398208758E0,-3.089256525E0,-9.186448097E0,1.495340586E0
4.418479592E0,-3.035124540E0,-9.202635765E0,1.506612420E0
4.438752925E0,-2.990054131E0,-9.220602036E0,1.486761451E0
4.459023758E0,-2.946609259E0,-9.244207382E0,1.425666094E0
4.479294540E0,-2.869355440E0,-9.282688141E0,1.329990149E0
4.499694540E0,-2.776114941E0,-9.324430466E0,1.232309461E0
4.519836206E0,-2.818078041E0,-9.307971001E0,1.261149168E0
4.540107040E0,-2.994600773E0,-9.241930962E0,1.337712646E0
4.560377821E0,-3.061113596E0,-9.219503403E0,1.341909528E0
4.580648706E0,-2.939299107E0,-9.262114525E0,1.320654273E0
4.601048706E0,-2.754557371E0,-9.330399513E0,1.235489726E0
4.621190425E0,-2.556890011E0,-9.402839661E0,1.104223728E0
4.641461258E0,-2.363650560E0,-9.464788437E0,1.000655174E0
4.661732092E0,-2.168056250E0,-9.516565323E0,9.512615204E-1
4.682002977E0,-1.988696456E0,-9.560031891E0,9.062411189E-1
4.702402977E0,-1.846876025E0,-9.596219063E0,8.197625279E-1
4.722544696E0,-1.766573906E0,-9.626296043E0,6.196964979E-1
4.742815581E0,-1.714508176E0,-9.650154114E0,3.246270120E-1
4.763086467E0,-1.652665615E0,-9.665740967E0,1.119108498E-1
4.783357352E0,-1.608230829E0,-9.673878670E0,6.994133815E-3
4.803757352E0,-1.575898767E0,-9.678972244E0,-6.655853242E-2
4.824057040E0,-1.532337427E0,-9.684713364E0,-1.692604572E-1
4.844170581E0,-1.491244435E0,-9.688630104E0,-2.775085270E-1
4.864441362E0,-1.460953951E0,-9.690261841E0,-3.672157228E-1
4.884841362E0,-1.424981236E0,-9.692458153E0,-4.428140223E-1
4.905140894E0,-1.384234190E0,-9.695538521E0,-5.008188486E-1
4.925404696E0,-1.347396970E0,-9.699009895E0,-5.330201387E-1
4.945517821E0,-1.312569261E0,-9.703434944E0,-5.393513441E-1
4.965790112E0,-1.283766270E0,-9.706922531E0,-5.458894372E-1
4.986060894E0,-1.268604517E0,-9.706838608E0,-5.816441774E-1
5.006462092E0,-1.265479088E0,-9.702913284E0,-6.499405503E-1
5.026604696E0,-1.269856930E0,-9.697252274E0,-7.219138741E-1
5.046876258E0,-1.278354645E0,-9.691943169E0,-7.761608362E-1
5.067147769E0,-1.286950827E0,-9.687620163E0,-8.149579763E-1
5.087419123E0,-1.288281798E0,-9.684611320E0,-8.479594588E-1
5.107690373E0,-1.281747937E0,-9.682172775E0,-8.848958611E-1
5.127961623E0,-1.261335015E0,-9.680509567E0,-9.312098026E-1
5.148232717E0,-1.218927860E0,-9.682491302E0,-9.664235115E-1
5.168503862E0,-1.156648993E0,-9.690291405E0,-9.647914767E-1
5.188782925E0,-1.075255752E0,-9.703354836E0,-9.268902540E-1
5.209123133E0,-9.788586497E-1,-9.718487740E0,-8.736242652E-1
5.229315894E0,-8.795532584E-1,-9.732303619E0,-8.240321875E-1
5.249587144E0,-7.772704363E-1,-9.744141579E0,-7.860903740E-1
5.269858290E0,-6.756294370E-1,-9.753337860E0,-7.657085657E-1
5.290129227E0,-6.149063706E-1,-9.766872406E0,-6.328455806E-1
5.310529435E0,-5.622150302E-1,-9.779564857E0,-4.630468488E-1
5.330671467E0,-5.366007090E-1,-9.784078598E0,-3.927368224E-1
5.350942560E0,-5.782729387E-1,-9.781663895E0,-3.937561512E-1
5.371213602E0,-7.317243218E-1,-9.770153999E0,-4.231689572E-1
5.391484592E0,-9.869725108E-1,-9.754961014E0,-1.923991591E-1
5.411890633E0,-1.319993854E0,-9.715461731E0,1.944257915E-1
5.432153810E0,-1.703595042E0,-9.644630432E0,4.992588460E-1
5.452446831E0,-2.094079018E0,-9.558681488E0,6.456239820E-1
5.472562196E0,-2.416409254E0,-9.481189728E0,6.621087193E-1
5.492833133E0,-2.672976494E0,-9.415124893E0,6.172556281E-1
5.513234540E0,-2.904800892E0,-9.349276543E0,5.688087940E-1
5.533377508E0,-3.148467064E0,-9.273467064E0,5.102518201E-1
5.553649331E0,-3.414456129E0,-9.183506012E0,4.184392989E-1
5.573920998E0,-3.676201344E0,-9.085816383E0,3.223005831E-1
5.594191935E0,-3.906912565E0,-8.990515709E0,2.775727510E-1
5.614592508E0,-4.066897869E0,-8.918610573E0,2.985347509E-1
5.634734904E0,-4.120945930E0,-8.892290115E0,3.396543264E-1
5.655006310E0,-4.072937012E0,-8.912637711E0,3.826926053E-1
5.675273654E0,-3.961185217E0,-8.959988594E0,4.449743032E-1
5.695505269E0,-3.806055307E0,-9.023069382E0,5.182008147E-1
5.715905269E0,-3.608954906E0,-9.099539757E0,5.867044926E-1
5.736252717E0,-3.406847239E0,-9.174127579E0,6.317963600E-1
5.756507144E0,-3.225324154E0,-9.239898682E0,6.260488033E-1
5.776623550E0,-3.053601742E0,-9.301774025E0,5.682576895E-1
5.796896571E0,-2.897579908E0,-9.355371475E0,5.014533997E-1
5.817169227E0,-2.814153433E0,-9.382672310E0,4.651906192E-1
5.837441519E0,-2.834427118E0,-9.375297546E0,4.900959134E-1
5.857713498E0,-2.971539497E0,-9.328497887E0,5.652113557E-1
5.877984487E0,-3.128517628E0,-9.275178909E0,5.948194265E-1
5.898385425E0,-3.203190327E0,-9.251755714E0,5.612236857E-1
5.918527352E0,-3.171945333E0,-9.263155937E0,5.505437255E-1
5.938801935E0,-3.045476675E0,-9.304896355E0,5.606657863E-1
5.959072925E0,-2.999185324E0,-9.319741249E0,5.636609793E-1
5.979343967E0,-3.162227154E0,-9.268519402E0,5.150386691E-1
5.999743967E0,-3.325979471E0,-9.217989922E0,3.700378239E-1
6.019885946E0,-3.346581221E0,-9.213320732E0,2.924096882E-1
6.040156987E0,-3.208603144E0,-9.259377480E0,3.730767965E-1
6.060428029E0,-3.068557024E0,-9.305728912E0,3.971852362E-1
6.080699019E0,-2.914630413E0,-9.354623795E0,4.078449309E-1
6.101099019E0,-2.756039858E0,-9.401708603E0,4.272070527E-1
6.121241050E0,-2.597195625E0,-9.448156357E0,3.966352940E-1
6.141512092E0,-2.395859003E0,-9.505409241E0,2.782866061E-1
6.161783133E0,-2.169749737E0,-9.563283920E0,7.858677953E-2
6.182054175E0,-1.961752772E0,-9.607117653E0,-1.587255299E-1
6.202454175E0,-1.790348649E0,-9.634538651E0,-3.751018941E-1
6.222596310E0,-1.660066247E0,-9.649728775E0,-5.452436209E-1
6.242867352E0,-1.552978158E0,-9.657251358E0,-7.043843269E-1
6.263138394E0,-1.450662017E0,-9.657799721E0,-8.904401064E-1
6.283409435E0,-1.328269958E0,-9.655655861E0,-1.083688974E0
6.303809435E0,-1.183784604E0,-9.659489632E0,-1.209672928E0
6.323951519E0,-1.037284732E0,-9.669171333E0,-1.265527606E0
6.344351519E0,-8.959794044E-1,-9.678046227E0,-1.305007815E0
6.364493602E0,-7.613192201E-1,-9.682091713E0,-1.359369278E0
6.384764644E0,-6.368421912E-1,-9.680396080E0,-1.433438063E0
6.405164644E0,-5.379749537E-1,-9.671170235E0,-1.532787204E0
6.425465008E0,-4.839366078E-1,-9.653923988E0,-1.654674411E0
6.445577769E0,-4.814995527E-1,-9.634405136E0,-1.765441775E0
6.465848915E0,-5.152004361E-1,-9.620862961E0,-1.828649521E0
6.486119956E0,-5.562527776E-1,-9.619834900E0,-1.822018743E0
6.506390998E0,-5.640963912E-1,-9.635913849E0,-1.732443452E0
6.526662092E0,-5.065494776E-1,-9.663493156E0,-1.590821147E0
6.546933133E0,-4.113706052E-1,-9.685570717E0,-1.480160594E0
6.567204227E0,-3.461093009E-1,-9.691648483E0,-1.456890941E0
6.587475321E0,-3.376817405E-1,-9.689735413E0,-1.471525431E0
6.607746362E0,-4.013187289E-1,-9.688566208E0,-1.463215113E0
6.628017456E0,-4.845134020E-1,-9.697982788E0,-1.372866631E0
6.648288550E0,-5.948911309E-1,-9.732669830E0,-1.044809818E0
6.668559592E0,-9.208447337E-1,-9.748876572E0,-5.308822989E-1
6.688830685E0,-1.524956226E0,-9.687026024E0,-8.004439622E-2
6.709220581E0,-2.258523703E0,-9.541721344E0,1.581770629E-1
6.729372873E0,-2.878019810E0,-9.373729706E0,1.434749067E-1
6.749643915E0,-3.218936443E0,-9.259277344E0,2.731593549E-1
6.769915008E0,-3.392955542E0,-9.183758736E0,5.628814697E-1
6.790186102E0,-3.533316374E0,-9.113795280E0,7.904457450E-1
6.810586102E0,-3.658449173E0,-9.050179482E0,9.382817149E-1
6.830728342E0,-3.789398909E0,-8.985522270E0,1.034997940E0
6.850999383E0,-3.931452751E0,-8.913147926E0,1.126879334E0
6.871270477E0,-4.037564754E0,-8.852806091E0,1.223227978E0
6.891541571E0,-4.069326878E0,-8.830335617E0,1.279115081E0
6.911947560E0,-4.053832531E0,-8.839931488E0,1.261915922E0
6.932195165E0,-4.022750378E0,-8.859307289E0,1.224965930E0
6.952349696E0,-3.922108889E0,-8.903843880E0,1.228419542E0
6.972621883E0,-3.735671282E0,-8.983192444E0,1.231823087E0
6.992892925E0,-3.482749939E0,-9.089166641E0,1.194942951E0
7.013293810E0,-3.190470934E0,-9.210753441E0,1.073919415E0
7.033436623E0,-2.905378580E0,-9.324777603E0,8.818623424E-1
7.053708237E0,-2.709530830E0,-9.390740395E0,8.017665148E-1
7.073979800E0,-2.630595922E0,-9.407451630E0,8.661446571E-1
7.094250946E0,-2.606586695E0,-9.407964706E0,9.307379127E-1
7.114651310E0,-2.675636292E0,-9.384268761E0,9.730631113E-1
7.134793758E0,-2.767999887E0,-9.353481293E0,1.010421991E0
7.155065165E0,-2.796350241E0,-9.339971542E0,1.056289792E0
7.175336415E0,-2.763088226E0,-9.348044395E0,1.072292209E0
7.195607456E0,-2.845499039E0,-9.325078011E0,1.056614995E0
7.216015581E0,-3.021135092E0,-9.278977394E0,9.714491963E-1
7.236298550E0,-3.161542892E0,-9.242980003E0,8.615984917E-1
7.256414279E0,-3.182842970E0,-9.241488457E0,7.967336774E-1
7.276686935E0,-3.113638163E0,-9.268122673E0,7.599722147E-1
7.296959123E0,-2.971250296E0,-9.316032410E0,7.440512180E-1
7.317231206E0,-2.795912981E0,-9.375679016E0,6.707488298E-1
7.337503029E0,-2.580487728E0,-9.447138786E0,5.128708482E-1
7.357774696E0,-2.320256233E0,-9.523560524E0,2.976278365E-1
7.378046310E0,-2.048792362E0,-9.590118408E0,4.962885007E-2
7.398317821E0,-1.812953591E0,-9.635197639E0,-2.157502323E-1
7.418588915E0,-1.638572454E0,-9.655388832E0,-5.088545680E-1
7.438861675E0,-1.501755595E0,-9.654011726E0,-8.456794024E-1
7.459132821E0,-1.365134239E0,-9.648228645E0,-1.103843570E0
7.479403915E0,-1.220140457E0,-9.654422760E0,-1.213989377E0
7.499803915E0,-1.057923794E0,-9.669597626E0,-1.245017529E0
7.519946102E0,-8.708429933E-1,-9.684338570E0,-1.274993062E0
7.540346102E0,-6.575082541E-1,-9.689579010E0,-1.360198021E0
7.560488394E0,-4.530323744E-1,-9.682603836E0,-1.487388372E0
7.580888394E0,-2.837406397E-1,-9.669073105E0,-1.612111330E0
7.601188602E0,-1.720365733E-1,-9.653397560E0,-1.718340874E0
7.621302300E0,-1.179971918E-1,-9.639130592E0,-1.801006675E0
7.641573342E0,-1.034745425E-1,-9.631407738E0,-1.842731476E0
7.661844383E0,-1.326405704E-1,-9.632126808E0,-1.837099314E0
7.682115373E0,-1.594712585E-1,-9.640931129E0,-1.788130164E0
7.702515373E0,-1.580619663E-1,-9.653916359E0,-1.716765761E0
7.722657612E0,-1.745400131E-1,-9.667778969E0,-1.635229111E0
7.742928706E0,-2.346939594E-1,-9.689716339E0,-1.491546154E0
7.763199748E0,-3.785724342E-1,-9.720328331E0,-1.241890430E0
7.783470894E0,-6.288764477E-1,-9.750586510E0,-8.372454047E-1
7.803870894E0,-1.012774467E0,-9.748089790E0,-3.455650210E-1
7.824171050E0,-1.508142710E0,-9.689743042E0,6.915299594E-2
7.844284852E0,-2.046895266E0,-9.583638191E0,3.667273819E-1
7.864555842E0,-2.524874926E0,-9.460700989E0,5.390191078E-1
7.884826831E0,-2.856972218E0,-9.362946510E0,5.859317780E-1
7.905226831E0,-3.117462635E0,-9.282034874E0,5.437298417E-1
7.925515060E0,-3.364087343E0,-9.199592590E0,4.698966444E-1
7.945635790E0,-3.595334053E0,-9.111339569E0,4.769281745E-1
7.965907769E0,-3.827641010E0,-9.009075165E0,5.967530608E-1
7.986179435E0,-4.002246380E0,-8.922170639E0,7.397857904E-1
8.006451102E0,-4.082110882E0,-8.874351501E0,8.675495982E-1
8.026722717E0,-4.081636906E0,-8.864285469E0,9.669947624E-1
8.046994175E0,-4.045639515E0,-8.873143196E0,1.034653425E0
8.067265581E0,-3.996981382E0,-8.887248039E0,1.100606441E0
8.087536935E0,-3.883026838E0,-8.926942825E0,1.184139371E0
8.107808290E0,-3.694579601E0,-8.999974251E0,1.233257294E0
8.128079540E0,-3.455900908E0,-9.098708153E0,1.200268507E0
8.148350737E0,-3.209902525E0,-9.200490952E0,1.103583336E0
8.168621987E0,-2.986721992E0,-9.283396721E0,1.033643842E0
8.188893133E0,-2.791877747E0,-9.348134041E0,9.940829277E-1
8.209293185E0,-2.608537912E0,-9.407624245E0,9.287198186E-1
8.229435529E0,-2.475385666E0,-9.448864937E0,8.728122115E-1
8.249706727E0,-2.407497406E0,-9.470751762E0,8.241411448E-1
8.269977873E0,-2.362920523E0,-9.490262985E0,7.224234939E-1
8.290249019E0,-2.439867496E0,-9.481925011E0,5.572645068E-1
8.310649071E0,-2.741098642E0,-9.411183357E0,2.939469516E-1
8.330791310E0,-2.969932556E0,-9.345744133E0,8.331213146E-2
8.351062404E0,-2.955717087E0,-9.349996567E0,1.081210226E-1
8.371333654E0,-2.752208233E0,-9.407649994E0,3.030714393E-1
8.391604800E0,-2.480803251E0,-9.474019051E0,5.088806748E-1
8.412010737E0,-2.250873327E0,-9.528102875E0,5.649748445E-1
8.432258446E0,-2.049659729E0,-9.579594612E0,4.479637444E-1
8.452413029E0,-1.826916218E0,-9.632299423E0,2.270561904E-1
8.472684071E0,-1.595553875E0,-9.675885201E0,-4.298026487E-2
8.493093185E0,-1.429583907E0,-9.696204185E0,-3.321154416E-1
8.513376935E0,-1.368188620E0,-9.690130234E0,-6.323196292E-1
8.533493342E0,-1.344935775E0,-9.668066025E0,-9.434197545E-1
8.553766310E0,-1.277336001E0,-9.647268295E0,-1.212031603E0
8.574039019E0,-1.167688012E0,-9.638846397E0,-1.378228426E0
8.594310060E0,-1.020855427E0,-9.640814781E0,-1.477479339E0
8.614711415E0,-8.185917139E-1,-9.645414352E0,-1.570435166E0
8.634854644E0,-5.812686086E-1,-9.641097069E0,-1.697573066E0
8.655126571E0,-3.438138366E-1,-9.626796722E0,-1.837652206E0
8.675398342E0,-1.668953449E-1,-9.609288216E0,-1.950412393E0
8.695669383E0,-7.987383008E-2,-9.591446877E0,-2.041604280E0
8.716077873E0,-5.407941714E-2,-9.575589180E0,-2.115551233E0
8.736357300E0,-4.055577889E-2,-9.565830231E0,-2.159547567E0
8.756438862E0,-2.483077534E-2,-9.573813438E0,-2.124119043E0
8.776750685E0,-8.355262689E-3,-9.600475311E0,-2.000297308E0
8.797022873E0,-3.669898212E-2,-9.640048981E0,-1.799583316E0
8.817295060E0,-1.513417363E-1,-9.685430527E0,-1.529680610E0
8.837566935E0,-3.421183825E-1,-9.725878716E0,-1.208565712E0
8.857838706E0,-6.419963241E-1,-9.751941681E0,-8.110830188E-1
8.878110321E0,-1.118247390E0,-9.736081123E0,-3.586509228E-1
8.898381883E0,-1.761718869E0,-9.646995544E0,4.701444879E-2
8.918652977E0,-2.440427780E0,-9.492971420E0,3.133735061E-1
8.938925790E0,-2.976383686E0,-9.336438179E0,3.774226904E-1
8.959196935E0,-3.301930189E0,-9.229559898E0,2.878696918E-1
8.979468081E0,-3.532256126E0,-9.132708549E0,5.359017849E-1
8.999868081E0,-3.706538200E0,-9.037538528E0,8.688290715E-1
9.020010321E0,-3.809605837E0,-8.962454796E0,1.153989315E0
9.040281467E0,-3.864980459E0,-8.903887749E0,1.397532582E0
9.060552612E0,-3.891870022E0,-8.851359367E0,1.636202574E0
9.080823758E0,-3.883507013E0,-8.813329697E0,1.847699523E0
9.101223758E0,-3.840170383E0,-8.798407555E0,2.002870083E0
9.121366050E0,-3.787062883E0,-8.807815552E0,2.061777592E0
9.141637196E0,-3.742630005E0,-8.832648277E0,2.036521673E0
9.161908342E0,-3.647353411E0,-8.885481834E0,1.978740573E0
9.182179487E0,-3.455029249E0,-8.979424477E0,1.898179054E0
9.202579487E0,-3.172388554E0,-9.110488892E0,1.762195468E0
9.222721727E0,-2.846785545E0,-9.261239052E0,1.515135050E0
9.242992873E0,-2.563292265E0,-9.387374878E0,1.215363741E0
9.263264019E0,-2.398690939E0,-9.441812515E0,1.126429558E0
9.283535165E0,-2.299182892E0,-9.465808868E0,1.132521391E0
9.303935165E0,-2.286666155E0,-9.465133667E0,1.163090706E0
9.324077456E0,-2.368016481E0,-9.436015129E0,1.234712958E0
9.344348602E0,-2.398562908E0,-9.417397499E0,1.315262794E0
9.364619748E0,-2.425520897E0,-9.404257774E0,1.359108090E0
9.385019748E0,-2.614668608E0,-9.366335869E0,1.267147541E0
9.405320008E0,-2.892522812E0,-9.308415413E0,1.075686216E0
9.425594956E0,-3.071056366E0,-9.257448196E0,1.019145370E0
9.445701258E0,-3.131444454E0,-9.232458115E0,1.061207533E0
9.465972977E0,-3.016303539E0,-9.263418198E0,1.123119235E0
9.486244123E0,-2.820070028E0,-9.331935883E0,1.064216256E0
9.506644644E0,-2.579262257E0,-9.421017647E0,8.730501533E-1
9.526787300E0,-2.289772034E0,-9.514863014E0,6.282627583E-1
9.547058862E0,-1.970228910E0,-9.599786758E0,3.642434180E-1
9.567330217E0,-1.666498899E0,-9.663566589E0,9.306983650E-2
9.587601571E0,-1.423276424E0,-9.700962067E0,-1.897613853E-1
9.607872925E0,-1.234958649E0,-9.712759018E0,-5.546091199E-1
9.628144123E0,-1.037315369E0,-9.704089165E0,-9.617785215E-1
9.648415321E0,-8.638551235E-1,-9.707317352E0,-1.091847897E0
9.668686571E0,-7.080812454E-1,-9.725198746E0,-1.043792725E0
9.688957717E0,-5.203295946E-1,-9.741532326E0,-1.001090527E0
9.709357769E0,-3.144083917E-1,-9.746784210E0,-1.035238624E0
9.729500165E0,-1.264867932E-1,-9.738470078E0,-1.147423267E0
9.749771310E0,3.293098882E-2,-9.720419884E0,-1.297208905E0
9.770042508E0,1.504067332E-1,-9.698170662E0,-1.446804881E0
9.790313654E0,2.106854469E-1,-9.678489685E0,-1.566155910E0
9.810713706E0,2.186727971E-1,-9.666865349E0,-1.635324597E0
9.830855998E0,2.008857429E-1,-9.663912773E0,-1.654937983E0
9.851127092E0,2.374044508E-1,-9.673649788E0,-1.592021585E0
9.871398290E0,2.806625664E-1,-9.689217567E0,-1.486836553E0
9.891669435E0,2.906553447E-1,-9.706448555E0,-1.367758393E0
9.912075373E0,2.329246849E-1,-9.733303070E0,-1.174284935E0
9.932338915E0,6.042317301E-2,-9.774595261E0,-7.899501324E-1
9.952632040E0,-3.044991493E-1,-9.798090935E0,-2.740388513E-1
9.972747612E0,-8.187550902E-1,-9.771130562E0,1.582220942E-1
9.993018602E0,-1.424177885E0,-9.692390442E0,4.468328655E-1
1.001342001E1,-2.029676676E0,-9.574244499E0,6.201955676E-1
1.003356334E1,-2.530431032E0,-9.450118065E0,6.801279783E-1
1.005383527E1,-2.906761169E0,-9.343725204E0,6.449245811E-1
1.007410704E1,-3.243101835E0,-9.235037804E0,6.055940390E-1
1.009437813E1,-3.558630466E0,-9.112770081E0,6.811359525E-1
1.011477871E1,-3.849458694E0,-8.982789993E0,8.133444786E-1
1.013492147E1,-4.063949108E0,-8.870131493E0,9.876580834E-1
1.015519298E1,-4.191032887E0,-8.782827377E0,1.211429834E0
1.017546433E1,-4.232830048E0,-8.727077484E0,1.446254849E0
1.019573542E1,-4.201168060E0,-8.707367897E0,1.643876433E0
1.021614365E1,-4.104339123E0,-8.725057602E0,1.788340807E0
1.023642678E1,-3.959312916E0,-8.774630547E0,1.870855927E0
1.025654256E1,-3.765056610E0,-8.854734421E0,1.894306898E0
1.027681522E1,-3.494385004E0,-8.974487305E0,1.848851204E0
1.029708756E1,-3.152927160E0,-9.133625031E0,1.675209165E0
1.031735959E1,-2.830607414E0,-9.292470932E0,1.344632626E0
1.033763147E1,-2.661052942E0,-9.357354164E0,1.236575842E0
1.035790319E1,-2.546807766E0,-9.374549866E0,1.342374206E0
1.037817428E1,-2.413272381E0,-9.403381348E0,1.386699080E0
1.039857480E1,-2.368078709E0,-9.415740013E0,1.380736828E0
1.041871709E1,-2.354773045E0,-9.413309097E0,1.419523239E0
1.043899037E1,-2.365911722E0,-9.405980110E0,1.449274063E0
1.045926147E1,-2.581163168E0,-9.365091324E0,1.342778325E0
1.047953261E1,-2.899688244E0,-9.307994843E0,1.059925675E0
1.049993261E1,-3.122458220E0,-9.260241508E0,8.176561594E-1
1.052007485E1,-3.204236746E0,-9.238471031E0,7.442495823E-1
1.054034595E1,-3.143998623E0,-9.256430626E0,7.772784829E-1
1.056061709E1,-2.991255522E0,-9.307029724E0,7.758774161E-1
1.058088819E1,-2.795611620E0,-9.375761032E0,6.708506942E-1
1.060128819E1,-2.563966751E0,-9.454016685E0,4.669497013E-1
1.062143048E1,-2.307821274E0,-9.529040337E0,2.043379396E-1
1.064170162E1,-2.035331488E0,-9.592698097E0,-8.919708431E-2
1.066197277E1,-1.767866850E0,-9.637500763E0,-4.044961035E-1
1.068224392E1,-1.517126083E0,-9.659518242E0,-7.499592304E-1
1.070264392E1,-1.307662964E0,-9.672813416E0,-9.471377730E-1
1.072278615E1,-1.119271755E0,-9.691139221E0,-9.997247458E-1
1.074305725E1,-9.221159220E-1,-9.711015701E0,-1.008093119E0
1.076332839E1,-7.152214050E-1,-9.727837563E0,-1.013916492E0
1.078359954E1,-5.003050566E-1,-9.737848282E0,-1.046125293E0
1.080399954E1,-2.832746804E-1,-9.737294197E0,-1.129266024E0
1.082429975E1,-8.575750887E-2,-9.723533630E0,-1.271188617E0
1.084457100E1,6.682132930E-2,-9.699857712E0,-1.441767931E0
1.086468480E1,1.586835384E-1,-9.674349785E0,-1.597551107E0
1.088495574E1,2.035313696E-1,-9.654959679E0,-1.706086516E0
1.090535574E1,2.605094314E-1,-9.653061867E0,-1.709069371E0
1.092564089E1,3.369454741E-1,-9.666333199E0,-1.618291855E0
1.094576360E1,3.909506500E-1,-9.679238319E0,-1.526392817E0
1.096603574E1,4.178158641E-1,-9.691772461E0,-1.437133670E0
1.098630766E1,3.521030843E-1,-9.715858459E0,-1.283938885E0
1.100657938E1,1.524777859E-1,-9.753463745E0,-1.008502245E0
1.102685100E1,-2.470873147E-1,-9.786574364E0,-5.764349103E-1
1.104712261E1,-8.553071022E-1,-9.767955780E0,-1.608838439E-1
1.106739407E1,-1.568296790E0,-9.679659843E0,1.225201935E-1
1.108766542E1,-2.278332233E0,-9.535151482E0,2.459261119E-1
1.110793678E1,-2.860217333E0,-9.378633499E0,1.754371673E-1
1.112820813E1,-3.238047600E0,-9.252551079E0,2.752359807E-1
1.114847933E1,-3.535560131E0,-9.132275581E0,5.212871432E-1
1.116875058E1,-3.808257341E0,-9.010498047E0,6.917324662E-1
1.118902168E1,-4.070723057E0,-8.885870934E0,8.005694151E-1
1.120942178E1,-4.305194855E0,-8.760250092E0,9.453641772E-1
1.122956412E1,-4.471875191E0,-8.651800156E0,1.148508310E0
1.124983527E1,-4.548152447E0,-8.583495140E0,1.344733119E0
1.127010647E1,-4.532305717E0,-8.572044373E0,1.465828657E0
1.129037761E1,-4.459907055E0,-8.604181290E0,1.499226570E0
1.131077767E1,-4.324264526E0,-8.672072411E0,1.505413771E0
1.133091990E1,-4.065317631E0,-8.798132896E0,1.495479345E0
1.135119105E1,-3.671684265E0,-8.978640556E0,1.439841509E0
1.137146214E1,-3.220650673E0,-9.180545807E0,1.231004238E0
1.139173329E1,-2.817975998E0,-9.345589638E0,9.430435896E-1
1.141213928E1,-2.585182428E0,-9.412323952E0,9.462457895E-1
1.143238699E1,-2.475757122E0,-9.430856705E0,1.048791051E0
1.145254152E1,-2.421642780E0,-9.447278023E0,1.027120590E0
1.147281371E1,-2.440960169E0,-9.441380501E0,1.035584569E0
1.149308475E1,-2.463274956E0,-9.425671577E0,1.122218847E0
1.151348563E1,-2.629012346E0,-9.375630379E0,1.164578795E0
1.153362855E1,-2.893140316E0,-9.312170982E0,1.040957570E0
1.155390016E1,-3.124314785E0,-9.259284019E0,8.213971853E-1
1.157417178E1,-3.219551086E0,-9.238921165E0,6.687343121E-1
1.159444287E1,-3.174104929E0,-9.253966331E0,6.778928638E-1
1.161484324E1,-3.043269396E0,-9.294985771E0,7.156438231E-1
1.163498574E1,-2.844213009E0,-9.362687111E0,6.488053203E-1
1.165525709E1,-2.597173214E0,-9.446220398E0,4.404495358E-1
1.167553636E1,-2.336483240E0,-9.523458481E0,1.223606989E-1
1.169589266E1,-2.089308977E0,-9.578689575E0,-2.321225703E-1
1.171623996E1,-1.875805378E0,-9.609132767E0,-5.624080300E-1
1.173649329E1,-1.676773190E0,-9.622492790E0,-8.754752278E-1
1.175660845E1,-1.468306661E0,-9.627107620E0,-1.154666662E0
1.177688058E1,-1.265991688E0,-9.642334938E0,-1.262148142E0
1.179715251E1,-1.040017724E0,-9.669747353E0,-1.258860588E0
1.181742423E1,-7.906236053E-1,-9.701181412E0,-1.196825743E0
1.183769589E1,-5.217812061E-1,-9.724584579E0,-1.153514266E0
1.185796746E1,-2.364055067E-1,-9.728845596E0,-1.209985495E0
1.187823897E1,4.680481553E-2,-9.711456299E0,-1.362278342E0
1.189851027E1,2.782848179E-1,-9.679792404E0,-1.547432661E0
1.191878142E1,4.070632756E-1,-9.645295143E0,-1.724225521E0
1.193905371E1,4.467186034E-1,-9.618983269E0,-1.856338501E0
1.195932475E1,4.616394937E-1,-9.605569839E0,-1.921018124E0
1.197959589E1,4.713527560E-1,-9.606294632E0,-1.915023923E0
1.199999589E1,4.519214928E-1,-9.621991158E0,-1.839415669E0
1.202013813E1,3.752592504E-1,-9.657772064E0,-1.660416126E0
1.204040923E1,1.958356053E-1,-9.712915421E0,-1.338392615E0
1.206068032E1,-1.296626031E-1,-9.770277023E0,-8.338261247E-1
1.208108032E1,-6.507229805E-1,-9.780356407E0,-3.026332259E-1
1.210138048E1,-1.298420429E0,-9.720313072E0,2.314264711E-4
1.212149428E1,-1.961993814E0,-9.607449532E0,1.336690634E-1
1.214176527E1,-2.531690359E0,-9.471299171E0,2.354206741E-1
1.216203626E1,-2.957216024E0,-9.344330788E0,3.297371566E-1
1.218230730E1,-3.299013615E0,-9.222365379E0,4.846562445E-1
1.220270730E1,-3.619520426E0,-9.091555595E0,6.427049041E-1
1.222284944E1,-3.914547682E0,-8.959426880E0,7.585378885E-1
1.224312053E1,-4.170402050E0,-8.830405235E0,8.955894709E-1
1.226339157E1,-4.359917641E0,-8.713907242E0,1.108743906E0
1.228366267E1,-4.461431980E0,-8.626794815E0,1.358099580E0
1.230406266E1,-4.465558529E0,-8.591241837E0,1.555550218E0
1.232420490E1,-4.391153812E0,-8.612612724E0,1.646528482E0
1.234447595E1,-4.275544643E0,-8.667062759E0,1.664970994E0
1.236474704E1,-4.099171162E0,-8.756730080E0,1.639161468E0
1.238501819E1,-3.826143503E0,-8.894005775E0,1.558099985E0
1.240541818E1,-3.462945938E0,-9.071148872E0,1.375739217E0
1.242571720E1,-3.054939032E0,-9.260738373E0,1.037517905E0
1.244583095E1,-2.691539288E0,-9.393738747E0,8.268513680E-1
1.246610214E1,-2.486584902E0,-9.432826042E0,1.004532099E0
1.248637329E1,-2.404180527E0,-9.450189590E0,1.041267633E0
1.250664449E1,-2.428107738E0,-9.449919701E0,9.867584705E-1
1.252691563E1,-2.415930510E0,-9.446181297E0,1.050394177E0
1.254718678E1,-2.457212448E0,-9.419446945E0,1.185963869E0
1.256745793E1,-2.690052271E0,-9.351039886E0,1.221490741E0
1.258772907E1,-2.973994732E0,-9.277381897E0,1.120680690E0
1.260800016E1,-3.230910063E0,-9.215224266E0,9.006955624E-1
1.262827126E1,-3.372525215E0,-9.183216095E0,6.819162369E-1
1.264854240E1,-3.360923290E0,-9.193957329E0,5.879963040E-1
1.266881350E1,-3.234222174E0,-9.243019104E0,5.261139274E-1
1.268908459E1,-3.017020702E0,-9.322675705E0,3.945645690E-1
1.270948459E1,-2.729930401E0,-9.417319298E0,1.787914187E-1
1.272962678E1,-2.423414707E0,-9.501953125E0,-1.016006470E-1
1.274989792E1,-2.138468742E0,-9.560824394E0,-4.335610867E-1
1.277016897E1,-1.867218614E0,-9.597508430E0,-7.561112642E-1
1.279044011E1,-1.610805273E0,-9.623177528E0,-9.849590659E-1
1.281084011E1,-1.379076123E0,-9.648603439E0,-1.083045721E0
1.283098235E1,-1.144752622E0,-9.670777321E0,-1.155852795E0
1.285125339E1,-9.003362656E-1,-9.691141129E0,-1.200654507E0
1.287152449E1,-6.555176377E-1,-9.711670876E0,-1.193372130E0
1.289179558E1,-3.951672316E-1,-9.727618217E0,-1.177988052E0
1.291219558E1,-1.103975251E-1,-9.730424881E0,-1.215331554E0
1.293254267E1,1.780674607E-1,-9.712871552E0,-1.341193795E0
1.295260892E1,4.072889984E-1,-9.679325104E0,-1.521570086E0
1.297288001E1,5.310934186E-1,-9.644164085E0,-1.696596026E0
1.299328798E1,5.979710817E-1,-9.621265411E0,-1.801130772E0
1.301357084E1,6.900114417E-1,-9.614839554E0,-1.802541375E0
1.303368647E1,7.826693058E-1,-9.619040489E0,-1.741228223E0
1.305395897E1,8.410149813E-1,-9.633479118E0,-1.630694747E0
1.307423115E1,8.054476976E-1,-9.670414925E0,-1.415876746E0
1.309450214E1,5.779818892E-1,-9.747885704E0,-9.028001428E-1
1.311490308E1,3.815773129E-2,-9.802289963E0,-2.899167836E-1
1.313504600E1,-6.896338463E-1,-9.782036781E0,8.095314354E-2
1.315531761E1,-1.528661847E0,-9.685290337E0,1.695295125E-1
1.317558865E1,-2.346021175E0,-9.521496773E0,8.757477254E-2
1.319599709E1,-2.966665030E0,-9.346092224E0,1.408692747E-1
1.321629600E1,-3.350250483E0,-9.205373764E0,4.553177357E-1
1.323655048E1,-3.693152905E0,-9.057915688E0,6.965469122E-1
1.325666662E1,-4.016673565E0,-8.906392097E0,8.443305492E-1
1.327693949E1,-4.302405357E0,-8.762168884E0,9.402729273E-1
1.329721199E1,-4.525691986E0,-8.633409500E0,1.073654294E0
1.331748418E1,-4.658103466E0,-8.527953148E0,1.321546793E0
1.333775615E1,-4.704005718E0,-8.452707291E0,1.610728145E0
1.335802798E1,-4.681887627E0,-8.419301987E0,1.834577918E0
1.337829964E1,-4.601334572E0,-8.437780380E0,1.949864388E0
1.339857110E1,-4.462326527E0,-8.513091087E0,1.945589304E0
1.341884220E1,-4.254449368E0,-8.642486572E0,1.837792873E0
1.343911532E1,-3.963600397E0,-8.821105003E0,1.627383709E0
1.345938636E1,-3.604637146E0,-9.027531624E0,1.296399355E0
1.347965740E1,-3.167878389E0,-9.237511635E0,8.962809443E-1
1.350005740E1,-2.716514111E0,-9.399470329E0,6.640070677E-1
1.352019959E1,-2.437738419E0,-9.474662781E0,6.771816015E-1
1.354047063E1,-2.362713099E0,-9.496718407E0,6.327069402E-1
1.356074173E1,-2.391064167E0,-9.491369247E0,6.058959365E-1
1.358101282E1,-2.418552876E0,-9.475896835E0,7.268925309E-1
1.360141282E1,-2.515067339E0,-9.438856125E0,8.676609993E-1
1.362155501E1,-2.738583088E0,-9.375933647E0,8.731724024E-1
1.364182605E1,-3.053808689E0,-9.290481567E0,7.290862799E-1
1.366209714E1,-3.358078241E0,-9.197145462E0,5.533657670E-1
1.368236824E1,-3.545780420E0,-9.132928848E0,4.329413176E-1
1.370276824E1,-3.535290718E0,-9.140141487E0,3.604505956E-1
1.372291042E1,-3.364885092E0,-9.208249092E0,2.368076891E-1
1.374318152E1,-3.122811317E0,-9.296088219E0,3.427075595E-2
1.376345256E1,-2.833034515E0,-9.385840416E0,-2.242899239E-1
1.378372360E1,-2.509222507E0,-9.466812134E0,-5.036300421E-1
1.380412360E1,-2.191725254E0,-9.527248383E0,-7.734796405E-1
1.382442376E1,-1.904825687E0,-9.565955162E0,-1.017122149E0
1.384453751E1,-1.612629533E0,-9.586133957E0,-1.294547081E0
1.386480850E1,-1.298477411E0,-9.591892242E0,-1.574782968E0
1.388520850E1,-9.921860099E-1,-9.605827332E0,-1.707056284E0
1.390550839E1,-6.972957253E-1,-9.633614540E0,-1.696361184E0
1.392577246E1,-4.044094980E-1,-9.662426949E0,-1.626145601E0
1.394588568E1,-7.876542211E-2,-9.668441772E0,-1.638723016E0
1.396615813E1,2.742563188E-1,-9.638542175E0,-1.787091255E0
1.398642912E1,5.655721426E-1,-9.592834473E0,-1.956535220E0
1.400683027E1,7.308282852E-1,-9.550941467E0,-2.101381063E0
1.402697329E1,7.618719935E-1,-9.522563934E0,-2.216008186E0
1.404724433E1,7.568485141E-1,-9.514336586E0,-2.252768755E0
1.406757621E1,7.657181025E-1,-9.534189224E0,-2.164093733E0
1.408797694E1,7.501372695E-1,-9.566846848E0,-2.020673752E0
1.410805881E1,7.006076574E-1,-9.602425575E0,-1.863586187E0
1.412833027E1,5.459478498E-1,-9.650393486E0,-1.655965090E0
1.414860183E1,2.730993032E-1,-9.716131210E0,-1.300999165E0
1.416887313E1,-1.542263180E-1,-9.778349876E0,-7.283368111E-1
1.418914423E1,-7.514293194E-1,-9.773453712E0,-2.921167612E-1
1.420954449E1,-1.476437569E0,-9.694869995E0,-4.149179440E-3
1.422968683E1,-2.186139107E0,-9.558198929E0,1.789340377E-1
1.424995803E1,-2.799796343E0,-9.395642281E0,2.311658710E-1
1.427022923E1,-3.285429001E0,-9.237854004E0,1.959635168E-1
1.429050027E1,-3.657592773E0,-9.091141701E0,3.788862526E-1
1.431090037E1,-3.951603174E0,-8.952641487E0,6.367356777E-1
1.433104261E1,-4.157742023E0,-8.839602470E0,8.631234765E-1
1.435131381E1,-4.294052124E0,-8.747898102E0,1.098080993E0
1.437158496E1,-4.381872654E0,-8.664184570E0,1.378942609E0
1.439185600E1,-4.427198887E0,-8.591928482E0,1.658031583E0
1.441225600E1,-4.410855293E0,-8.558502197E0,1.861925364E0
1.443239818E1,-4.334103107E0,-8.580256462E0,1.940396070E0
1.445279824E1,-4.212438583E0,-8.644489288E0,1.923160076E0
1.447294042E1,-4.030422211E0,-8.751947403E0,1.824690819E0
1.449321147E1,-3.740304232E0,-8.916494370E0,1.636041999E0
1.451361152E1,-3.349887133E0,-9.121956825E0,1.318537354E0
1.453375365E1,-2.948224068E0,-9.305263519E0,9.436318874E-1
1.455402475E1,-2.661649466E0,-9.399951935E0,8.525965810E-1
1.457429589E1,-2.508982897E0,-9.435682297E0,9.183073044E-1
1.459456699E1,-2.450685740E0,-9.445370674E0,9.744279981E-1
1.461496699E1,-2.469427109E0,-9.434645653E0,1.029461384E0
1.463510912E1,-2.411504984E0,-9.437385559E0,1.136124969E0
1.465538022E1,-2.383302450E0,-9.430541992E0,1.247050047E0
1.467565131E1,-2.593633652E0,-9.388792992E0,1.137544751E0
1.469605928E1,-2.948129654E0,-9.319025993E0,7.966613173E-1
1.471633428E1,-3.217957735E0,-9.245865822E0,5.736814141E-1
1.473638089E1,-3.322335482E0,-9.210640907E0,5.445778370E-1
1.475673147E1,-3.239861250E0,-9.237871170E0,5.791700482E-1
1.477700339E1,-3.031131983E0,-9.311145782E0,5.340400338E-1
1.479727511E1,-2.776601315E0,-9.397847176E0,3.759469688E-1
1.481754673E1,-2.500113964E0,-9.481640816E0,1.352992356E-1
1.483781819E1,-2.219781399E0,-9.551134109E0,-1.371642202E-1
1.485808970E1,-1.964546680E0,-9.599144936E0,-4.091092944E-1
1.487836074E1,-1.748611927E0,-9.625532150E0,-6.796289086E-1
1.489876105E1,-1.539665580E0,-9.630635262E0,-1.025026321E0
1.491890345E1,-1.290725827E0,-9.619065285E0,-1.406413078E0
1.493917475E1,-1.035017014E0,-9.620603561E0,-1.594722271E0
1.495944595E1,-7.869426012E-1,-9.644563675E0,-1.591699123E0
1.497971714E1,-5.181720257E-1,-9.672600746E0,-1.530579448E0
1.499998834E1,-2.221684158E-1,-9.684307098E0,-1.528150439E0
1.502025944E1,6.447856128E-2,-9.678067207E0,-1.581529379E0
1.504053053E1,2.939551175E-1,-9.660263062E0,-1.662313700E0
1.506093063E1,4.458963573E-1,-9.636803627E0,-1.761697412E0
1.508107282E1,5.365639329E-1,-9.613427162E0,-1.861320972E0
1.510134392E1,6.088371277E-1,-9.592329979E0,-1.945996284E0
1.512161506E1,7.267035246E-1,-9.589685440E0,-1.918391109E0
1.514188615E1,8.356445432E-1,-9.606295586E0,-1.786380768E0
1.516215725E1,8.809725046E-1,-9.628815651E0,-1.637125134E0
1.518242829E1,8.402954936E-1,-9.657226562E0,-1.484005213E0
1.520269938E1,7.104065418E-1,-9.696294785E0,-1.283580422E0
1.522297053E1,4.276164174E-1,-9.751033783E0,-9.512423277E-1
1.524324162E1,-1.335968971E-1,-9.793716431E0,-4.854409099E-1
1.526351272E1,-9.143009782E-1,-9.763648033E0,-7.490719855E-2
1.528378376E1,-1.749849200E0,-9.648022652E0,1.551678777E-1
1.530405485E1,-2.447632551E0,-9.496031761E0,6.965437531E-2
1.532432595E1,-2.881402254E0,-9.373317719E0,9.394100308E-2
1.534459704E1,-3.170420170E0,-9.273015976E0,3.605342507E-1
1.536486808E1,-3.457460642E0,-9.159289360E0,5.689901710E-1
1.538513918E1,-3.755146265E0,-9.031644821E0,7.061539888E-1
1.540541027E1,-4.027245045E0,-8.900948524E0,8.513464928E-1
1.542568136E1,-4.224100590E0,-8.788941383E0,1.040132880E0
1.544595240E1,-4.318115711E0,-8.716251373E0,1.245486975E0
1.546622345E1,-4.327904224E0,-8.687356949E0,1.403371811E0
1.548649459E1,-4.285323620E0,-8.693752289E0,1.491663694E0
1.550676563E1,-4.188351154E0,-8.735856056E0,1.520824909E0
1.552703673E1,-3.999293327E0,-8.828454018E0,1.494805574E0
1.554730782E1,-3.704741478E0,-8.973535538E0,1.385980248E0
1.556770782E1,-3.302611351E0,-9.163691521E0,1.135739088E0
1.558785001E1,-2.832311630E0,-9.358551025E0,7.522798777E-1
1.560812110E1,-2.461271524E0,-9.472278595E0,6.232719421E-1
1.562839220E1,-2.273858309E0,-9.509681702E0,7.522761822E-1
1.564866324E1,-2.223488569E0,-9.520138741E0,7.703462839E-1
1.566893433E1,-2.234072447E0,-9.516091347E0,7.894963622E-1
1.568920542E1,-2.204206228E0,-9.508308411E0,9.507626295E-1
1.570947652E1,-2.319332123E0,-9.465527534E0,1.093104959E0
1.572974756E1,-2.663385153E0,-9.384732246E0,1.001779079E0
1.575001865E1,-3.054651737E0,-9.290202141E0,7.291342020E-1
1.577028975E1,-3.354672194E0,-9.203931808E0,4.518871605E-1
1.579068975E1,-3.482708693E0,-9.160899162E0,3.450576961E-1
1.581083188E1,-3.411845684E0,-9.185236931E0,4.013786614E-1
1.583110298E1,-3.207731009E0,-9.258200645E0,4.081401229E-1
1.585137407E1,-2.941748142E0,-9.350979805E0,2.750746310E-1
1.587164516E1,-2.633783340E0,-9.446247101E0,4.457589239E-2
1.589191621E1,-2.303627968E0,-9.529274940E0,-2.379151583E-1
1.591218730E1,-1.986883879E0,-9.587981224E0,-5.415742397E-1
1.593245839E1,-1.709084988E0,-9.620176315E0,-8.376273513E-1
1.595285839E1,-1.441323161E0,-9.630804062E0,-1.157837033E0
1.597315850E1,-1.157778502E0,-9.628865242E0,-1.454262257E0
1.599327225E1,-8.950057626E-1,-9.637022972E0,-1.580232978E0
1.601354324E1,-6.376923323E-1,-9.655679703E0,-1.591089606E0
1.603381423E1,-3.648990393E-1,-9.675990105E0,-1.553202629E0
1.605408516E1,-7.978283614E-2,-9.682851791E0,-1.551259756E0
1.607435621E1,2.150240839E-1,-9.662362099E0,-1.662199616E0
1.609462720E1,4.881233871E-1,-9.616613388E0,-1.858189225E0
1.611489824E1,6.798371077E-1,-9.563408852E0,-2.061415672E0
1.613516933E1,7.673351169E-1,-9.518398285E0,-2.231969357E0
1.615544043E1,8.043941855E-1,-9.497401237E0,-2.307100058E0
1.617571147E1,8.342533112E-1,-9.514334679E0,-2.225276470E0
1.619598251E1,8.437236547E-1,-9.554164886E0,-2.043634176E0
1.621625355E1,8.072976470E-1,-9.606859207E0,-1.796361208E0
1.623652459E1,5.890759230E-1,-9.686301231E0,-1.413840890E0
1.625679568E1,1.347684413E-1,-9.772436142E0,-8.072921038E-1
1.627706678E1,-4.485926032E-1,-9.791793823E0,-2.998897731E-1
1.629733782E1,-1.163022041E0,-9.737405777E0,2.641533688E-2
1.631760892E1,-1.908332825E0,-9.616033554E0,2.460963428E-1
1.633788001E1,-2.573425531E0,-9.456064224E0,3.615514636E-1
1.635815105E1,-3.116433620E0,-9.291334152E0,3.596515059E-1
1.637842214E1,-3.558917284E0,-9.131455421E0,3.478631079E-1
1.639869324E1,-3.883484840E0,-8.984474182E0,6.067485213E-1
1.641896423E1,-4.104378700E0,-8.861526489E0,8.932047486E-1
1.643923532E1,-4.228306770E0,-8.772827148E0,1.152953148E0
1.645950636E1,-4.284900188E0,-8.705275536E0,1.424148798E0
1.647977746E1,-4.300421238E0,-8.645339966E0,1.713141918E0
1.650017746E1,-4.284549713E0,-8.599424362E0,1.965430975E0
1.652031959E1,-4.214758873E0,-8.593561172E0,2.134689808E0
1.654059068E1,-4.080845356E0,-8.642401695E0,2.196809292E0
1.656086178E1,-3.890098810E0,-8.742774963E0,2.145087481E0
1.658113282E1,-3.643150806E0,-8.886127472E0,1.983577847E0
1.660153282E1,-3.319750309E0,-9.072875023E0,1.683029771E0
1.662167496E1,-2.962013960E0,-9.264506340E0,1.251319885E0
1.664194605E1,-2.678585052E0,-9.381139755E0,9.948791862E-1
1.666221714E1,-2.516057491E0,-9.410245895E0,1.134505987E0
1.668248818E1,-2.397658348E0,-9.434675217E0,1.186820626E0
1.670288819E1,-2.398814440E0,-9.433521271E0,1.193630815E0
1.672303032E1,-2.420880795E0,-9.417640686E0,1.271919131E0
1.674330142E1,-2.475980520E0,-9.390271187E0,1.364819527E0
1.676357246E1,-2.720829964E0,-9.329362869E0,1.315468311E0
1.678384355E1,-3.030365229E0,-9.263083458E0,1.087456107E0
1.680424355E1,-3.209735155E0,-9.216823578E0,9.582000375E-1
1.682454365E1,-3.247293234E0,-9.199815750E0,9.944167137E-1
1.684465740E1,-3.155492306E0,-9.221188545E0,1.087627649E0
1.686492834E1,-2.998414755E0,-9.277467728E0,1.052844167E0
1.688519933E1,-2.810208082E0,-9.354061127E0,8.801465034E-1
1.690547027E1,-2.567769289E0,-9.444097519E0,6.212556362E-1
1.692574131E1,-2.274693727E0,-9.533806801E0,3.204517365E-1
1.694601230E1,-1.962244391E0,-9.608327866E0,3.747323994E-3
1.696628334E1,-1.663412690E0,-9.659070015E0,-3.252828717E-1
1.698655438E1,-1.372056484E0,-9.682788849E0,-7.290028930E-1
1.700682548E1,-1.097525597E0,-9.687099457E0,-1.061088562E0
1.702709647E1,-8.750566244E-1,-9.703654289E0,-1.115233660E0
1.704736756E1,-6.708806157E-1,-9.723788261E0,-1.080855608E0
1.706763860E1,-4.666424990E-1,-9.737173080E0,-1.067740321E0
1.708790964E1,-2.691817582E-1,-9.741805077E0,-1.093242049E0
1.710818074E1,-7.978615165E-2,-9.733793259E0,-1.190497518E0
1.712845178E1,1.079520285E-1,-9.711502075E0,-1.358482599E0
1.714872282E1,2.822968662E-1,-9.678862572E0,-1.552519917E0
1.716899392E1,4.080529511E-1,-9.644943237E0,-1.725958943E0
1.718926501E1,4.446329772E-1,-9.621412277E0,-1.844209075E0
1.720953605E1,4.559106231E-1,-9.618331909E0,-1.857476234E0
1.722980714E1,4.779357314E-1,-9.633834839E0,-1.769513130E0
1.725007818E1,5.069763064E-1,-9.651608467E0,-1.661269546E0
1.727034923E1,5.146607757E-1,-9.666274071E0,-1.571191192E0
1.729062027E1,4.306277633E-1,-9.687954903E0,-1.458930969E0
1.731089136E1,2.443020642E-1,-9.721983910E0,-1.262434244E0
1.733116240E1,-6.149568781E-2,-9.770936012E0,-8.339085579E-1
1.735143350E1,-5.991956592E-1,-9.783280373E0,-3.142807782E-1
1.737170454E1,-1.340130687E0,-9.714453697E0,6.184510142E-2
1.739197563E1,-2.078454971E0,-9.580141068E0,2.670547068E-1
1.741224668E1,-2.651810408E0,-9.437899590E0,2.536634505E-1
1.743251772E1,-3.029727221E0,-9.323893547E0,2.370094955E-1
1.745278881E1,-3.321036577E0,-9.210682869E0,5.517423749E-1
1.747305985E1,-3.571115017E0,-9.097285271E0,8.105096817E-1
1.749333095E1,-3.782498360E0,-8.995316505E0,9.733278155E-1
1.751360199E1,-3.956394911E0,-8.905377388E0,1.100715041E0
1.753387308E1,-4.094796181E0,-8.821254730E0,1.260356069E0
1.755414412E1,-4.187739372E0,-8.746129990E0,1.462342381E0
1.757441522E1,-4.227320671E0,-8.695841789E0,1.637832403E0
1.759481522E1,-4.211830616E0,-8.687931061E0,1.717764974E0
1.761495730E1,-4.150963306E0,-8.718682289E0,1.710109115E0
1.763522839E1,-4.012884140E0,-8.792130470E0,1.663006783E0
1.765549944E1,-3.758040667E0,-8.918770790E0,1.582097650E0
1.767577053E1,-3.381788969E0,-9.091917038E0,1.439068556E0
1.769604152E1,-2.929342985E0,-9.285929680E0,1.166551709E0
1.771631266E1,-2.490731478E0,-9.446942329E0,8.496639729E-1
1.773658371E1,-2.267620564E0,-9.500182152E0,8.802356124E-1
1.775685475E1,-2.189584255E0,-9.508045197E0,9.865075350E-1
1.777725475E1,-2.198229551E0,-9.502604485E0,1.019159913E0
1.779739688E1,-2.229263067E0,-9.491982460E0,1.050258279E0
1.781779688E1,-2.240129709E0,-9.477684975E0,1.151393414E0
1.783793902E1,-2.400272369E0,-9.433945656E0,1.187327385E0
1.785821006E1,-2.714630365E0,-9.366137505E0,1.037612438E0
1.787848115E1,-3.038057327E0,-9.290261269E0,7.947613001E-1
1.789875220E1,-3.280218840E0,-9.222788811E0,5.922267437E-1
1.791902329E1,-3.375886202E0,-9.193386078E0,5.053938031E-1
1.793929433E1,-3.303459883E0,-9.221403122E0,4.725145400E-1
1.795956542E1,-3.117478848E0,-9.290234566E0,3.784812093E-1
1.797983647E1,-2.866935492E0,-9.375556946E0,2.236099690E-1
1.800023647E1,-2.561686277E0,-9.466112137E0,2.929998003E-2
1.802037860E1,-2.234347343E0,-9.546922684E0,-1.853078455E-1
1.804064964E1,-1.916899323E0,-9.608315468E0,-4.196958542E-1
1.806092074E1,-1.628891349E0,-9.645431519E0,-6.947896481E-1
1.808119178E1,-1.351716638E0,-9.658202171E0,-1.030724764E0
1.810159178E1,-1.093060851E0,-9.664797783E0,-1.251921058E0
1.812173392E1,-8.611193299E-1,-9.680852890E0,-1.307646513E0
1.814200496E1,-6.205281615E-1,-9.699385643E0,-1.306625724E0
1.816227600E1,-3.754589558E-1,-9.708816528E0,-1.329774857E0
1.818254709E1,-1.380283833E-1,-9.703143120E0,-1.414334059E0
1.820294709E1,8.389007300E-2,-9.682910919E0,-1.550666809E0
1.822308918E1,2.678775787E-1,-9.655261993E0,-1.695450425E0
1.824336027E1,4.036822915E-1,-9.626501083E0,-1.826992989E0
1.826363126E1,4.659751952E-1,-9.600252151E0,-1.946387649E0
1.828390235E1,4.816210568E-1,-9.584023476E0,-2.021119118E0
1.830430235E1,4.951805472E-1,-9.586321831E0,-2.006891012E0
1.832444449E1,5.193988085E-1,-9.602371216E0,-1.922261000E0
1.834471553E1,5.414299965E-1,-9.619621277E0,-1.827597499E0
1.836498662E1,5.128142834E-1,-9.645123482E0,-1.696762443E0
1.838525766E1,3.911040127E-1,-9.686067581E0,-1.482407928E0
1.840552871E1,1.304706633E-1,-9.747978210E0,-1.063152671E0
1.842579980E1,-3.540388346E-1,-9.786324501E0,-5.223953724E-1
1.844607084E1,-9.887552261E-1,-9.755753517E0,-1.342710853E-1
1.846634188E1,-1.666554570E0,-9.663515091E0,9.724625945E-2
1.848661298E1,-2.282077551E0,-9.536167145E0,1.550654322E-1
1.850688402E1,-2.748102188E0,-9.413151741E0,1.043392494E-1
1.852715506E1,-3.106220007E0,-9.299902916E0,1.833118945E-1
1.854742610E1,-3.418811560E0,-9.178517342E0,4.867654741E-1
1.856769720E1,-3.693849564E0,-9.056870461E0,7.063853741E-1
1.858796824E1,-3.922636986E0,-8.947157860E0,8.553786874E-1
1.860823928E1,-4.100463390E0,-8.850767136E0,1.010201573E0
1.862851032E1,-4.212636471E0,-8.772560120E0,1.210893631E0
1.864878142E1,-4.235059261E0,-8.732091904E0,1.408982038E0
1.866905246E1,-4.180119991E0,-8.737427711E0,1.534391284E0
1.868932350E1,-4.079108238E0,-8.776021957E0,1.585155129E0
1.870959459E1,-3.940747976E0,-8.839878082E0,1.580337167E0
1.872986563E1,-3.726031065E0,-8.942932129E0,1.520209551E0
1.875013668E1,-3.407778740E0,-9.089276314E0,1.393737197E0
1.877040772E1,-3.006812334E0,-9.260691643E0,1.170070767E0
1.879067881E1,-2.587033987E0,-9.413580894E0,9.285103083E-1
1.881094985E1,-2.330654621E0,-9.470751762E0,1.021417260E0
1.883122089E1,-2.252272844E0,-9.481512070E0,1.094799280E0
1.885149194E1,-2.309326649E0,-9.471690178E0,1.060420632E0
1.887176303E1,-2.353737593E0,-9.461244583E0,1.056017160E0
1.889203407E1,-2.331012964E0,-9.455473900E0,1.153587461E0
1.891230511E1,-2.433875799E0,-9.419232368E0,1.234783411E0
1.893257615E1,-2.722986937E0,-9.349584579E0,1.158014059E0
1.895284720E1,-3.074944019E0,-9.263297081E0,9.520714283E-1
1.897311829E1,-3.357754469E0,-9.187989235E0,6.904453635E-1
1.899338933E1,-3.450820684E0,-9.163387299E0,5.427139997E-1
1.901366037E1,-3.354419947E0,-9.199831963E0,5.304201245E-1
1.903393142E1,-3.137474298E0,-9.277197838E0,5.101373792E-1
1.905420246E1,-2.854797840E0,-9.373331070E0,4.014692903E-1
1.907447355E1,-2.529744387E0,-9.472162247E0,2.211819291E-1
1.909474459E1,-2.178451538E0,-9.561628342E0,-1.013714820E-3
1.911501563E1,-1.840959191E0,-9.628821373E0,-2.589685321E-1
1.913528668E1,-1.536943913E0,-9.669592857E0,-5.542241335E-1
1.915555777E1,-1.258569956E0,-9.686082840E0,-8.753166795E-1
1.917582881E1,-9.969935417E-1,-9.693546295E0,-1.100698829E0
1.919609985E1,-7.586546540E-1,-9.708389282E0,-1.158456922E0
1.921637089E1,-5.283493400E-1,-9.722947121E0,-1.164277315E0
1.923664194E1,-3.032130897E-1,-9.728899956E0,-1.194548965E0
1.925691298E1,-8.582766354E-2,-9.723050117E0,-1.274885654E0
1.927718407E1,1.137293503E-1,-9.702577591E0,-1.420366049E0
1.929745511E1,2.764146328E-1,-9.671281815E0,-1.600089550E0
1.931772615E1,3.815508783E-1,-9.638278008E0,-1.768725276E0
1.933799720E1,4.207057357E-1,-9.614226341E0,-1.886808276E0
1.935826824E1,4.399498999E-1,-9.610258102E0,-1.902569175E0
1.937853928E1,4.933752120E-1,-9.630528450E0,-1.783227801E0
1.939892918E1,5.558626056E-1,-9.659143448E0,-1.600736141E0
1.941908142E1,5.945211649E-1,-9.682379723E0,-1.438217878E0
1.943935246E1,5.697489381E-1,-9.707725525E0,-1.267221570E0
1.945962350E1,4.117624164E-1,-9.746708870E0,-1.001257300E0
1.947989454E1,8.217156865E-3,-9.792015076E0,-5.355048180E-1
1.950029454E1,-6.484718919E-1,-9.784657478E0,-1.017813012E-1
1.952043662E1,-1.441088080E0,-9.698157310E0,1.984991133E-1
1.954070767E1,-2.221544743E0,-9.546691895E0,3.095187545E-1
1.956097876E1,-2.827973127E0,-9.388759613E0,1.554247737E-1
1.958124975E1,-3.223827600E0,-9.259955406E0,1.748115569E-1
1.960164975E1,-3.534129620E0,-9.138523102E0,4.095096290E-1
1.962179188E1,-3.803093672E0,-9.021874428E0,5.591462255E-1
1.964206292E1,-4.041026592E0,-8.911487579E0,6.525881886E-1
1.966233397E1,-4.231606960E0,-8.811347961E0,7.899643779E-1
1.968260501E1,-4.362484455E0,-8.721035004E0,1.040507436E0
1.970300501E1,-4.417607784E0,-8.652512550E0,1.337588310E0
1.972314709E1,-4.403988838E0,-8.623953819E0,1.550060153E0
1.974341813E1,-4.333209515E0,-8.648115158E0,1.613625407E0
1.976368918E1,-4.204157829E0,-8.724170685E0,1.544117928E0
1.978396016E1,-3.992280006E0,-8.846408844E0,1.404679775E0
1.980423126E1,-3.658793449E0,-9.014984131E0,1.230317235E0
1.982463126E1,-3.219053268E0,-9.210726738E0,9.851819277E-1
1.984477334E1,-2.718659639E0,-9.397996902E0,6.759613156E-1
1.986504433E1,-2.343269825E0,-9.498446465E0,6.774922609E-1
1.988531542E1,-2.201639891E0,-9.522485733E0,8.033956289E-1
1.990558647E1,-2.205671787E0,-9.524051666E0,7.732064128E-1
1.992585751E1,-2.258599281E0,-9.509305000E0,8.013945818E-1
1.994612855E1,-2.306550264E0,-9.483875275E0,9.520107508E-1
1.996639959E1,-2.485940456E0,-9.430198669E0,1.030454755E0
1.998667063E1,-2.817033529E0,-9.358855247E0,8.040776849E-1
2.000694168E1,-3.110366583E0,-9.286039352E0,5.152488947E-1
2.002721277E1,-3.284034491E0,-9.229407310E0,4.511584938E-1
2.004748381E1,-3.298215151E0,-9.218070030E0,5.651150942E-1
2.006775480E1,-3.182766914E0,-9.253397942E0,6.442077756E-1
2.008802584E1,-3.007706642E0,-9.315045357E0,5.949943066E-1
2.010829694E1,-2.789881945E0,-9.392148972E0,4.176969826E-1
2.012856793E1,-2.531449080E0,-9.472988129E0,1.569871455E-1
2.014883897E1,-2.266412735E0,-9.540011406E0,-1.481535882E-1
2.016911001E1,-2.028470278E0,-9.583358765E0,-4.636121094E-1
2.018938105E1,-1.809806347E0,-9.606461525E0,-7.815868258E-1
2.020965209E1,-1.542396784E0,-9.611384392E0,-1.188567877E0
2.022992313E1,-1.253570795E0,-9.603920937E0,-1.537409663E0
2.025019418E1,-1.018688679E0,-9.625163078E0,-1.577623367E0
2.027046522E1,-7.718821168E-1,-9.658004761E0,-1.515756249E0
2.029073626E1,-5.054082274E-1,-9.685250282E0,-1.452882886E0
2.031100730E1,-2.134922296E-1,-9.695133209E0,-1.459175944E0
2.033127829E1,1.074481010E-1,-9.680707932E0,-1.562925935E0
2.035154938E1,4.122990370E-1,-9.648802757E0,-1.703228712E0
2.037182043E1,6.521925926E-1,-9.611097336E0,-1.836256862E0
2.039209147E1,7.831906080E-1,-9.576929092E0,-1.959447980E0
2.041236246E1,8.123524189E-1,-9.555166245E0,-2.051654577E0
2.043263350E1,8.467891812E-1,-9.557337761E0,-2.027470112E0
2.045290454E1,8.543934822E-1,-9.577240944E0,-1.927912474E0
2.047317558E1,8.247715831E-1,-9.601880074E0,-1.814949989E0
2.049344662E1,7.253556252E-1,-9.638644218E0,-1.655533195E0
2.051371766E1,5.173875690E-1,-9.692367554E0,-1.400258541E0
2.053398871E1,1.760714352E-1,-9.763520241E0,-9.016963243E-1
2.055425975E1,-3.790619969E-1,-9.792617798E0,-3.624288738E-1
2.057453079E1,-1.094045758E0,-9.745431900E0,-2.504783915E-3
2.059480183E1,-1.849310517E0,-9.629446983E0,1.555484235E-1
2.061507287E1,-2.487306833E0,-9.484306335E0,1.778273731E-1
2.063534392E1,-2.952214956E0,-9.349978447E0,1.808466166E-1
2.065561496E1,-3.317795515E0,-9.223956108E0,2.850629687E-1
2.067588595E1,-3.629512310E0,-9.093186378E0,5.576713681E-1
2.069615699E1,-3.885383129E0,-8.965023994E0,8.381700516E-1
2.071642803E1,-4.074723721E0,-8.853917122E0,1.084056258E0
2.073669907E1,-4.197475433E0,-8.766106606E0,1.306508780E0
2.075697011E1,-4.262614727E0,-8.701716423E0,1.510173082E0
2.077724115E1,-4.269619942E0,-8.669263840E0,1.668712735E0
2.079751220E1,-4.220751762E0,-8.677936554E0,1.746151328E0
2.081778318E1,-4.137183189E0,-8.720047951E0,1.736333966E0
2.083805423E1,-4.000753880E0,-8.796192169E0,1.670733571E0
2.085832527E1,-3.764210463E0,-8.920511246E0,1.557427049E0
2.087859631E1,-3.414135456E0,-9.090390205E0,1.370714307E0
2.089890673E1,-2.981835842E0,-9.283601761E0,1.045842409E0
2.091913845E1,-2.548601866E0,-9.441585541E0,7.290210724E-1
2.093940949E1,-2.277426481E0,-9.501173973E0,8.434564471E-1
2.095968048E1,-2.143912554E0,-9.530570984E0,8.615338802E-1
2.097995152E1,-2.127053738E0,-9.540443420E0,7.911886573E-1
2.100035152E1,-2.139555216E0,-9.535854340E0,8.125188351E-1
2.102049360E1,-2.249314070E0,-9.505461693E0,8.701579571E-1
2.104076464E1,-2.574576616E0,-9.432192802E0,7.587372661E-1
2.106103563E1,-2.910682917E0,-9.351984978E0,4.885652959E-1
2.108130668E1,-3.099595070E0,-9.300004959E0,2.698180676E-1
2.110170668E1,-3.155273914E0,-9.280303955E0,3.009814322E-1
2.112184876E1,-3.110998869E0,-9.286658287E0,5.000600219E-1
2.114211980E1,-2.986090183E0,-9.320230484E0,6.220738292E-1
2.116239084E1,-2.802872419E0,-9.381789207E0,5.443570018E-1
2.118266178E1,-2.559294462E0,-9.462815285E0,2.747998834E-1
2.120306178E1,-2.269013882E0,-9.540115356E0,-9.043440968E-2
2.122320386E1,-1.974103451E0,-9.595459938E0,-4.477112293E-1
2.124347490E1,-1.700076461E0,-9.628833771E0,-7.521292567E-1
2.126374589E1,-1.447969437E0,-9.645241737E0,-1.021312594E0
2.128401694E1,-1.149236917E0,-9.639577866E0,-1.388582349E0
2.130441694E1,-8.361535072E-1,-9.631299973E0,-1.645994186E0
2.132455902E1,-5.808109045E-1,-9.651743889E0,-1.636116743E0
2.134483006E1,-3.393119574E-1,-9.677092552E0,-1.552138329E0
2.136510105E1,-8.843655139E-2,-9.686998367E0,-1.524670959E0
2.138537209E1,1.785872430E-1,-9.673834801E0,-1.598569393E0
2.140564308E1,4.235374928E-1,-9.644450188E0,-1.724985838E0
2.142591412E1,6.007341146E-1,-9.610961914E0,-1.854434848E0
2.144618517E1,6.699070930E-1,-9.582198143E0,-1.975624800E0
2.146645621E1,6.636137962E-1,-9.565057755E0,-2.059048176E0
2.148672725E1,6.805202365E-1,-9.566301346E0,-2.047719002E0
2.150699824E1,7.186509967E-1,-9.583723068E0,-1.950940728E0
2.152726928E1,7.247335911E-1,-9.599115372E0,-1.871398807E0
2.154754032E1,6.974048018E-1,-9.614573479E0,-1.801108479E0
2.156781131E1,5.830358863E-1,-9.647781372E0,-1.658542395E0
2.158808235E1,3.261618316E-1,-9.728172302E0,-1.194436193E0
2.160835339E1,-2.035713643E-1,-9.787291527E0,-5.812637210E-1
2.162862444E1,-9.513347745E-1,-9.759059906E0,-1.615379006E-1
2.164889543E1,-1.777359843E0,-9.644119263E0,4.846698046E-2
2.166916647E1,-2.486196518E0,-9.485692024E0,1.042075530E-1
2.168943751E1,-2.989939451E0,-9.339058876E0,1.123803258E-1
2.170970850E1,-3.356933355E0,-9.209915161E0,2.807860970E-1
2.172997954E1,-3.679466724E0,-9.075003624E0,5.255632997E-1
2.175025058E1,-3.968607903E0,-8.939985275E0,7.051272392E-1
2.177052162E1,-4.196725368E0,-8.820433617E0,8.705404401E-1
2.179079261E1,-4.341046810E0,-8.725744247E0,1.089533806E0
2.181106365E1,-4.407252789E0,-8.656534195E0,1.345707655E0
2.183133470E1,-4.413108826E0,-8.615943909E0,1.568553686E0
2.185160569E1,-4.374382973E0,-8.612103462E0,1.693173409E0
2.187187673E1,-4.283938408E0,-8.651431084E0,1.723657489E0
2.189214777E1,-4.111375332E0,-8.745351791E0,1.669070721E0
2.191241876E1,-3.834303617E0,-8.895116806E0,1.531474948E0
2.193268980E1,-3.439681053E0,-9.094562531E0,1.275898576E0
2.195296084E1,-2.957381487E0,-9.310161591E0,8.632270098E-1
2.197323183E1,-2.518786192E0,-9.457347870E0,6.202214360E-1
2.199350287E1,-2.262003660E0,-9.513001442E0,7.460207939E-1
2.201377392E1,-2.176214695E0,-9.531870842E0,7.602040768E-1
2.203404490E1,-2.188089371E0,-9.530746460E0,7.399438620E-1
2.205431595E1,-2.179681063E0,-9.525974274E0,8.217070103E-1
2.207458699E1,-2.262066841E0,-9.498619080E0,9.108695984E-1
2.209498699E1,-2.597654819E0,-9.427172661E0,7.422952652E-1
2.211512902E1,-2.935002089E0,-9.348018646E0,4.131624699E-1
2.213540006E1,-3.162954330E0,-9.280105591E0,2.139192075E-1
2.215567100E1,-3.265283346E0,-9.243900299E0,2.421389967E-1
2.217594209E1,-3.240938902E0,-9.247681618E0,3.835123181E-1
2.219621313E1,-3.114322901E0,-9.288438797E0,4.430406392E-1
2.221648412E1,-2.935996294E0,-9.350391388E0,3.471352458E-1
2.223675516E1,-2.695428848E0,-9.427997589E0,1.337698251E-1
2.225702615E1,-2.402383327E0,-9.506552696E0,-1.562408656E-1
2.227729720E1,-2.099898100E0,-9.566740036E0,-4.881546199E-1
2.229756824E1,-1.812204719E0,-9.601671219E0,-8.331868649E-1
2.231783923E1,-1.525167108E0,-9.611750603E0,-1.207687020E0
2.233811027E1,-1.231180191E0,-9.607141495E0,-1.535389543E0
2.235838126E1,-9.787299037E-1,-9.621008873E0,-1.627475142E0
2.237865230E1,-7.328011394E-1,-9.648315430E0,-1.594803572E0
2.239904209E1,-4.732954502E-1,-9.671014786E0,-1.554944873E0
2.241919433E1,-2.171350271E-1,-9.679052353E0,-1.561792850E0
2.243946537E1,4.770171642E-2,-9.665763855E0,-1.655631900E0
2.245973636E1,3.069334328E-1,-9.632966995E0,-1.811661720E0
2.248000740E1,5.121673942E-1,-9.594881058E0,-1.961207986E0
2.250040740E1,6.165998578E-1,-9.561802864E0,-2.088567019E0
2.252054944E1,6.330994964E-1,-9.544305801E0,-2.162354946E0
2.254082048E1,6.219764352E-1,-9.541522026E0,-2.177820206E0
2.256109152E1,6.320615411E-1,-9.547074318E0,-2.150407076E0
2.258136251E1,6.124556661E-1,-9.559762001E0,-2.099106312E0
2.260176251E1,5.528667569E-1,-9.584748268E0,-1.999331236E0
2.262190459E1,4.033885002E-1,-9.654299736E0,-1.673967600E0
2.264217563E1,5.119358003E-2,-9.762895584E0,-9.239221811E-1
2.266244662E1,-4.714421034E-1,-9.790261269E0,-3.145014048E-1
2.268271767E1,-1.101685405E0,-9.744308472E0,7.155628502E-2
2.270311766E1,-1.786900043E0,-9.635435104E0,3.684648871E-1
2.272325970E1,-2.396881580E0,-9.489378929E0,6.140307188E-1
2.274353074E1,-2.864864349E0,-9.346029282E0,7.840124369E-1
2.276380178E1,-3.238486528E0,-9.215342522E0,8.718041182E-1
2.278407282E1,-3.578181028E0,-9.086938858E0,8.913691044E-1
2.280434381E1,-3.879111290E0,-8.960376740E0,9.135328531E-1
2.282474381E1,-4.100207329E0,-8.843767166E0,1.070739031E0
2.284488589E1,-4.212106228E0,-8.754984856E0,1.333705068E0
2.286515688E1,-4.222808838E0,-8.695254326E0,1.652523875E0
2.288542793E1,-4.156767845E0,-8.669007301E0,1.933902621E0
2.290569897E1,-4.051604748E0,-8.682528496E0,2.090115786E0
2.292597001E1,-3.928151846E0,-8.732468605E0,2.117546797E0
2.294624100E1,-3.772979736E0,-8.817068100E0,2.048003197E0
2.296651199E1,-3.539608240E0,-8.946600914E0,1.897340178E0
2.298678308E1,-3.207030773E0,-9.120630264E0,1.642997026E0
2.300705412E1,-2.785896301E0,-9.312354088E0,1.299698234E0
2.302732511E1,-2.412289381E0,-9.445480347E0,1.064962029E0
2.304759610E1,-2.179147243E0,-9.487067223E0,1.190486550E0
2.306786720E1,-2.017149925E0,-9.500830650E0,1.354879260E0
2.308813824E1,-1.955238223E0,-9.513627052E0,1.355854273E0
2.310840928E1,-1.905042291E0,-9.530468941E0,1.308188438E0
2.312868027E1,-1.865223527E0,-9.530204773E0,1.366210818E0
2.314895131E1,-2.086124420E0,-9.491194725E0,1.317453980E0
2.316922235E1,-2.425854683E0,-9.448447227E0,1.006212115E0
2.318949339E1,-2.637697458E0,-9.420622826E0,6.817713380E-1
2.320976444E1,-2.711302042E0,-9.405878067E0,5.905037522E-1
2.323003548E1,-2.646240234E0,-9.415112495E0,7.235000134E-1
2.325030647E1,-2.472072363E0,-9.447954178E0,8.918591142E-1
2.327057751E1,-2.257200956E0,-9.495588303E0,9.535464048E-1
2.329084855E1,-2.062847137E0,-9.550268173E0,8.410899043E-1
2.331111959E1,-1.871134400E0,-9.608322144E0,5.910926461E-1
2.333139058E1,-1.685346603E0,-9.657243729E0,2.600999177E-1
2.335166168E1,-1.522128582E0,-9.687375069E0,-9.094739705E-2
2.337193267E1,-1.364428997E0,-9.701187134E0,-4.423590600E-1
2.339220371E1,-1.160444856E0,-9.698471069E0,-8.737415075E-1
2.341247475E1,-9.361504316E-1,-9.691177368E0,-1.172639132E0
2.343274579E1,-7.389297485E-1,-9.708477974E0,-1.170393586E0
2.345301683E1,-5.058966279E-1,-9.732007980E0,-1.096572280E0
2.347328787E1,-2.560947835E-1,-9.745858192E0,-1.059739947E0
2.349355892E1,-1.221635100E-2,-9.744466782E0,-1.102540016E0
2.351382996E1,2.141685635E-1,-9.728502274E0,-1.216866970E0
2.353410100E1,4.076729119E-1,-9.702848434E0,-1.363424182E0
2.355437199E1,5.446618795E-1,-9.676232338E0,-1.498085976E0
2.357464308E1,6.138986945E-1,-9.657962799E0,-1.586591125E0
2.359491407E1,6.153196096E-1,-9.646486282E0,-1.654406667E0
2.361518511E1,6.624184847E-1,-9.644337654E0,-1.648740768E0
2.363545615E1,7.061889172E-1,-9.656519890E0,-1.556695819E0
2.365572720E1,7.074548602E-1,-9.677111626E0,-1.422464252E0
2.367599824E1,6.468853951E-1,-9.707570076E0,-1.230854869E0
2.369626928E1,4.938395023E-1,-9.752086639E0,-9.073786139E-1
2.371654032E1,8.161590248E-2,-9.802426338E0,-2.759970725E-1
2.373681136E1,-5.490556359E-1,-9.787648201E0,2.661933899E-1
2.375708240E1,-1.285867214E0,-9.705939293E0,5.582794547E-1
2.377735345E1,-1.984390140E0,-9.581127167E0,6.592196226E-1
2.379762449E1,-2.533726931E0,-9.451063156E0,6.542403102E-1
2.381789553E1,-2.944979668E0,-9.333465576E0,6.196107864E-1
2.383816657E1,-3.314546824E0,-9.209145546E0,6.130226254E-1
2.385843761E1,-3.630357742E0,-9.075690269E0,7.891392708E-1
2.387870865E1,-3.849118710E0,-8.960969925E0,1.027467251E0
2.389910865E1,-3.978230000E0,-8.873569489E0,1.266420364E0
2.391925074E1,-4.031816006E0,-8.812261581E0,1.502966762E0
2.393952178E1,-4.029951572E0,-8.776879311E0,1.701840997E0
2.395979282E1,-3.979380131E0,-8.774395943E0,1.828906655E0
2.398006386E1,-3.900634766E0,-8.800227165E0,1.873881698E0
2.400046386E1,-3.806149721E0,-8.846925735E0,1.848110676E0
2.402060595E1,-3.650546074E0,-8.926387787E0,1.778619647E0
2.404087699E1,-3.403646708E0,-9.043531418E0,1.673360467E0
2.406114808E1,-3.060615301E0,-9.194864273E0,1.502498984E0
2.408141912E1,-2.626105070E0,-9.368068695E0,1.230140448E0
2.410181912E1,-2.202628851E0,-9.506072998E0,9.764167666E-1
2.412196121E1,-1.940979123E0,-9.548636436E0,1.107490182E0
2.414223225E1,-1.784365892E0,-9.552226067E0,1.319619775E0
2.416250329E1,-1.724588513E0,-9.570246696E0,1.267502785E0
2.418277438E1,-1.685466647E0,-9.593674660E0,1.136216879E0
2.420317438E1,-1.688931942E0,-9.589294434E0,1.167614937E0
2.422331647E1,-1.898726225E0,-9.559427261E0,1.087459087E0
2.424358751E1,-2.202180147E0,-9.521473885E0,8.138386011E-1
2.426385855E1,-2.367403984E0,-9.487870216E0,7.389874458E-1
2.428412959E1,-2.415349483E0,-9.465300560E0,8.628759384E-1
2.430452959E1,-2.315074444E0,-9.467214584E0,1.087504268E0
2.432467173E1,-2.154300928E0,-9.483420372E0,1.262586832E0
2.434494277E1,-2.002632380E0,-9.506416321E0,1.337129235E0
2.436521381E1,-1.862247586E0,-9.541567802E0,1.288768649E0
2.438548485E1,-1.721473336E0,-9.585515976E0,1.151003599E0
2.440575595E1,-1.591517568E0,-9.631001472E0,9.387679100E-1
2.442602699E1,-1.512879491E0,-9.666249275E0,6.672435999E-1
2.444629803E1,-1.482738495E0,-9.687678337E0,3.475210965E-1
2.446656907E1,-1.420045733E0,-9.703253746E0,-2.700430341E-2
2.448684016E1,-1.262318134E0,-9.710388184E0,-5.341395736E-1
2.450711115E1,-1.009642005E0,-9.695834160E0,-1.068546891E0
2.452738225E1,-8.527528644E-1,-9.711849213E0,-1.059804082E0
2.454765329E1,-6.756907701E-1,-9.740606308E0,-9.134710431E-1
2.456792438E1,-4.361880124E-1,-9.759860039E0,-8.516334891E-1
2.458819543E1,-1.929591447E-1,-9.764439583E0,-8.881896734E-1
2.460846652E1,2.470157854E-2,-9.754440308E0,-1.010279655E0
2.462873756E1,2.150942832E-1,-9.734601021E0,-1.166902304E0
2.464900860E1,3.642604649E-1,-9.710094452E0,-1.323547959E0
2.466927964E1,4.292543828E-1,-9.690657616E0,-1.441278338E0
2.468955074E1,4.047108293E-1,-9.682001114E0,-1.505141973E0
2.470982178E1,3.721111119E-1,-9.676490784E0,-1.548367262E0
2.473009282E1,3.640801609E-1,-9.678493500E0,-1.537723780E0
2.475036386E1,3.343857825E-1,-9.691009521E0,-1.463867545E0
2.477063496E1,2.597306073E-1,-9.717411041E0,-1.294160724E0
2.479090600E1,-2.160583250E-2,-9.780268669E0,-7.185201645E-1
2.481117709E1,-4.785589576E-1,-9.794726372E0,-6.854719669E-2
2.483144813E1,-9.539138079E-1,-9.752901077E0,3.759754300E-1
2.485171918E1,-1.504395366E0,-9.664825439E0,7.059282660E-1
2.487199022E1,-2.058256149E0,-9.534473419E0,1.013798356E0
2.489226131E1,-2.482433319E0,-9.400484085E0,1.280164957E0
2.491253235E1,-2.759321213E0,-9.297626495E0,1.452818751E0
2.493280339E1,-3.016599178E0,-9.207456589E0,1.514353275E0
2.495307449E1,-3.268979788E0,-9.122988701E0,1.501739979E0
2.497334553E1,-3.496001244E0,-9.047782898E0,1.444293380E0
2.499361657E1,-3.669885159E0,-8.989681244E0,1.374031782E0
2.501388767E1,-3.799803734E0,-8.943431854E0,1.321705937E0
2.503415871E1,-3.874133825E0,-8.909606934E0,1.334310293E0
2.505442975E1,-3.863711357E0,-8.900925636E0,1.419729710E0
2.507470084E1,-3.779011011E0,-8.922600746E0,1.508861661E0
2.509497188E1,-3.651284933E0,-8.967258453E0,1.557811022E0
2.511524292E1,-3.472070456E0,-9.037950516E0,1.559023499E0
2.513551402E1,-3.221376419E0,-9.138072014E0,1.512871504E0
2.515578506E1,-2.884190559E0,-9.260908127E0,1.444790363E0
2.517605610E1,-2.502297163E0,-9.386614799E0,1.341773510E0
2.519632720E1,-2.176840544E0,-9.486694336E0,1.197660089E0
2.521659824E1,-1.994979739E0,-9.520605087E0,1.244393945E0
2.523686933E1,-1.918055773E0,-9.520342827E0,1.361813664E0
2.525714037E1,-1.885040998E0,-9.523138046E0,1.388112068E0
2.527741142E1,-1.888254166E0,-9.525661469E0,1.366258502E0
2.529768251E1,-1.930317283E0,-9.513694763E0,1.390639305E0
2.531795355E1,-2.078558445E0,-9.484321594E0,1.377541900E0
2.533822459E1,-2.350227118E0,-9.454668999E0,1.120736718E0
2.535849563E1,-2.528838396E0,-9.434995651E0,8.696058989E-1
2.537876673E1,-2.563143015E0,-9.426863670E0,8.572782278E-1
2.539916673E1,-2.486420393E0,-9.437764168E0,9.574477673E-1
2.541930886E1,-2.337127209E0,-9.463829994E0,1.069655418E0
2.543957990E1,-2.187456846E0,-9.491815567E0,1.136163712E0
2.545985095E1,-2.024329424E0,-9.527233124E0,1.142067194E0
2.548012204E1,-1.823048234E0,-9.573129654E0,1.096389055E0
2.550052204E1,-1.617381215E0,-9.623578072E0,9.701556563E-1
2.552066412E1,-1.435066938E0,-9.671641350E0,7.552067637E-1
2.554093522E1,-1.276773214E0,-9.712327957E0,4.592655599E-1
2.556120626E1,-1.120496511E0,-9.742236137E0,6.093953177E-2
2.558147735E1,-9.523149729E-1,-9.753830910E0,-3.553398848E-1
2.560187735E1,-7.824929953E-1,-9.763722420E0,-4.773069322E-1
2.562201944E1,-6.389139295E-1,-9.777657509E0,-3.995000422E-1
2.564229048E1,-4.822737575E-1,-9.787874222E0,-3.678605258E-1
2.566256157E1,-3.291130662E-1,-9.793590546E0,-3.842715025E-1
2.568283267E1,-1.926106364E-1,-9.794791222E0,-4.420100451E-1
2.570323266E1,-6.880410761E-2,-9.790685654E0,-5.550860763E-1
2.572337475E1,1.696068607E-2,-9.781774521E0,-6.978425980E-1
2.574364584E1,6.364989281E-2,-9.770712852E0,-8.363624811E-1
2.576391688E1,8.962480724E-2,-9.758762360E0,-9.638028145E-1
2.578418792E1,1.018216088E-1,-9.745265961E0,-1.090789795E0
2.580458792E1,1.023803353E-1,-9.730793953E0,-1.213073134E0
2.582488803E1,1.100201756E-1,-9.715250015E0,-1.331241012E0
2.584500173E1,1.461107135E-1,-9.699128151E0,-1.440819025E0
2.586527267E1,1.835147142E-1,-9.687287331E0,-1.514323950E0
2.588554365E1,1.789072901E-1,-9.680144310E0,-1.559862852E0
2.590581459E1,1.181490496E-1,-9.669606209E0,-1.629462004E0
2.592608558E1,1.737479679E-2,-9.659831047E0,-1.690489292E0
2.594635662E1,-1.050283760E-1,-9.683640480E0,-1.544815779E0
2.596662756E1,-2.922357321E-1,-9.736002922E0,-1.138081312E0
2.598689871E1,-5.355657935E-1,-9.762913704E0,-7.543765903E-1
2.600716975E1,-8.026633263E-1,-9.765085220E0,-4.113716781E-1
2.602744074E1,-1.092366815E0,-9.745219231E0,-8.837533742E-2
2.604771183E1,-1.368290424E0,-9.708727837E0,1.968824863E-1
2.606798287E1,-1.583853960E0,-9.669322968E0,4.074080586E-1
2.608825392E1,-1.768978238E0,-9.631119728E0,5.316364169E-1
2.610852496E1,-1.965882897E0,-9.589333534E0,5.919350982E-1
2.612879600E1,-2.153203011E0,-9.548677444E0,5.973985791E-1
2.614906709E1,-2.327763557E0,-9.511491776E0,5.323880315E-1
2.616933813E1,-2.507848978E0,-9.472772598E0,3.842850327E-1
2.618960918E1,-2.735875607E0,-9.415736198E0,1.711565405E-1
2.620988027E1,-3.021847486E0,-9.329394341E0,3.508844972E-2
2.623015131E1,-3.280573845E0,-9.241627693E0,2.337863483E-2
2.625042235E1,-3.479235172E0,-9.168277740E0,8.953298628E-2
2.627069339E1,-3.633885860E0,-9.107116699E0,1.602624208E-1
2.629096444E1,-3.747782469E0,-9.059502602E0,2.234360874E-1
2.631123548E1,-3.797904730E0,-9.037112236E0,2.773298621E-1
2.633150652E1,-3.785950899E0,-9.040111542E0,3.366775811E-1
2.635177761E1,-3.722429514E0,-9.063822746E0,4.012766778E-1
2.637204865E1,-3.607152700E0,-9.106399536E0,4.820043445E-1
2.639231970E1,-3.443480730E0,-9.163855553E0,5.801525712E-1
2.641259079E1,-3.245911360E0,-9.229184151E0,6.757298708E-1
2.643286183E1,-3.010925770E0,-9.304693222E0,7.262207866E-1
2.645313293E1,-2.739725828E0,-9.387158394E0,7.386117578E-1
2.647340397E1,-2.490262747E0,-9.452346802E0,7.887417674E-1
2.649367501E1,-2.311611414E0,-9.493822098E0,8.331733346E-1
2.651394610E1,-2.215201616E0,-9.518404007E0,8.143931627E-1
2.653421714E1,-2.199935675E0,-9.527767181E0,7.431832552E-1
2.655448818E1,-2.277245760E0,-9.520317078E0,5.900078416E-1
2.657475928E1,-2.354553699E0,-9.509914398E0,4.336022139E-1
2.659515928E1,-2.430039167E0,-9.488904953E0,4.753709137E-1
2.661530136E1,-2.562509298E0,-9.453454018E0,4.859302640E-1
2.663557246E1,-2.712531805E0,-9.418954849E0,3.095932305E-1
2.665584350E1,-2.749248028E0,-9.412815094E0,1.045624837E-1
2.667611454E1,-2.667689085E0,-9.436032295E0,1.229624674E-1
2.669638558E1,-2.574813604E0,-9.460981369E0,1.747606397E-1
2.671665668E1,-2.446672916E0,-9.495368958E0,1.488215625E-1
2.673692772E1,-2.268618584E0,-9.540266991E0,8.396671712E-2
2.675719881E1,-2.016470909E0,-9.597060204E0,2.592007071E-2
2.677746985E1,-1.715500236E0,-9.655319214E0,-4.748455435E-2
2.679774089E1,-1.421322465E0,-9.701347351E0,-1.846380532E-1
2.681814089E1,-1.160123825E0,-9.726732254E0,-4.638837576E-1
2.683828303E1,-9.349082112E-1,-9.728867531E0,-8.033983111E-1
2.685855407E1,-7.535566688E-1,-9.722523689E0,-1.036848783E0
2.687882511E1,-6.291349530E-1,-9.725462914E0,-1.090856314E0
2.689922511E1,-5.519913435E-1,-9.729631424E0,-1.095428467E0
2.691936725E1,-4.779370129E-1,-9.731809616E0,-1.110785723E0
2.693963829E1,-3.894960880E-1,-9.731031418E0,-1.151385784E0
2.695990933E1,-3.001754582E-1,-9.726115227E0,-1.217769623E0
2.698018042E1,-2.296296656E-1,-9.717255592E0,-1.300996661E0
2.700058043E1,-1.854278892E-1,-9.703985214E0,-1.403092027E0
2.702072251E1,-1.490404159E-1,-9.691700935E0,-1.489661098E0
2.704099355E1,-1.108213067E-1,-9.689305305E0,-1.508464932E0
2.706126459E1,-8.479426801E-2,-9.696851730E0,-1.460911155E0
2.708153569E1,-6.032870337E-2,-9.706866264E0,-1.394092679E0
2.710193568E1,-2.688216791E-2,-9.713009834E0,-1.351704836E0
2.712207777E1,2.502617054E-2,-9.715763092E0,-1.331803322E0
2.714234886E1,7.126079500E-2,-9.718800545E0,-1.307757616E0
2.716261990E1,3.701561317E-2,-9.722008705E0,-1.285135865E0
2.718289095E1,-1.073153242E-1,-9.721356392E0,-1.286112428E0
2.720329095E1,-3.424366713E-1,-9.718847275E0,-1.263777494E0
2.722343308E1,-7.659885883E-1,-9.723937035E0,-1.014245272E0
2.724370412E1,-1.414086699E0,-9.669954300E0,-8.140775561E-1
2.726397522E1,-2.131116390E0,-9.529446602E0,-9.046333432E-1
2.728424626E1,-2.695894718E0,-9.363774300E0,-1.105563998E0
2.730464626E1,-3.050959349E0,-9.260450363E0,-1.051715732E0
2.732478834E1,-3.381428242E0,-9.155404091E0,-9.565060735E-1
2.734505938E1,-3.734090567E0,-9.017923355E0,-9.507980347E-1
2.736533048E1,-4.058362961E0,-8.871656418E0,-9.968836308E-1
2.738560152E1,-4.306647301E0,-8.752793312E0,-1.005877256E0
2.740587256E1,-4.458839417E0,-8.685048103E0,-9.268715978E-1
2.742614360E1,-4.533091545E0,-8.658498764E0,-8.073863387E-1
2.744641470E1,-4.561473846E0,-8.653223038E0,-6.964793205E-1
2.746668574E1,-4.551549911E0,-8.665838242E0,-5.975095630E-1
2.748695678E1,-4.489118099E0,-8.704274178E0,-5.037984848E-1
2.750722782E1,-4.355160713E0,-8.777662277E0,-3.944786489E-1
2.752749892E1,-4.136179924E0,-8.887606621E0,-2.699067891E-1
2.754776996E1,-3.817892075E0,-9.031723022E0,-1.485285312E-1
2.756804100E1,-3.387635469E0,-9.202710152E0,-6.661110371E-2
2.758831204E1,-2.864289284E0,-9.378944397E0,-4.048127681E-2
2.760858313E1,-2.322232723E0,-9.527491570E0,-6.716611236E-2
2.762885418E1,-1.947438836E0,-9.610980988E0,-8.318655193E-2
2.764912522E1,-1.831361175E0,-9.633476257E0,-1.123995930E-1
2.766939631E1,-1.870356798E0,-9.626211166E0,-9.070111811E-2
2.768966735E1,-1.925267100E0,-9.615673065E0,5.057824403E-2
2.770993839E1,-1.975678563E0,-9.601963997E0,2.633841336E-1
2.773020944E1,-2.098859549E0,-9.571559906E0,3.878407776E-1
2.775048048E1,-2.297321081E0,-9.525073051E0,4.070474803E-1
2.777075157E1,-2.484277010E0,-9.479909897E0,3.606436849E-1
2.779102261E1,-2.606092215E0,-9.448055267E0,3.360829949E-1
2.781129365E1,-2.709218025E0,-9.418795586E0,3.417640626E-1
2.783156470E1,-2.820741892E0,-9.387227058E0,3.061992526E-1
2.785183579E1,-2.884876966E0,-9.372063637E0,1.108663678E-1
2.787210683E1,-2.802131891E0,-9.396239281E0,-1.706968397E-1
2.789237782E1,-2.610558510E0,-9.443419456E0,-4.209465683E-1
2.791264892E1,-2.355985641E0,-9.497911453E0,-6.398497224E-1
2.793291990E1,-2.098475695E0,-9.541651726E0,-8.506972790E-1
2.795319100E1,-1.849433661E0,-9.571043968E0,-1.070090413E0
2.797346209E1,-1.594771862E0,-9.589459419E0,-1.292038441E0
2.799373313E1,-1.337894201E0,-9.600545883E0,-1.486591816E0
2.801413313E1,-1.087902188E0,-9.608849525E0,-1.629989386E0
2.803427522E1,-8.537864089E-1,-9.618597031E0,-1.709984064E0
2.805458563E1,-6.234605312E-1,-9.629510880E0,-1.747630596E0
2.807481740E1,-3.953143060E-1,-9.636766434E0,-1.773935556E0
2.809508845E1,-1.632536650E-1,-9.633970261E0,-1.824926138E0
2.811535949E1,6.532729417E-2,-9.616899490E0,-1.918686748E0
2.813563053E1,2.619328201E-1,-9.588119507E0,-2.041993380E0
2.815590157E1,4.090676308E-1,-9.556357384E0,-2.163117409E0
2.817617267E1,4.956565797E-1,-9.530777931E0,-2.255879879E0
2.819644371E1,5.083542466E-1,-9.517930031E0,-2.306721687E0
2.821671475E1,4.952566922E-1,-9.521636963E0,-2.294243336E0
2.823698579E1,4.888150096E-1,-9.537240028E0,-2.229908943E0
2.825725683E1,4.836352766E-1,-9.550030708E0,-2.175638676E0
2.827752782E1,4.804949462E-1,-9.557268143E0,-2.144324541E0
2.829779892E1,4.395518899E-1,-9.573484421E0,-2.079801798E0
2.831806996E1,3.152023554E-1,-9.624109268E0,-1.856763005E0
2.833834100E1,1.978614135E-3,-9.731459618E0,-1.212052703E0
2.835861204E1,-4.894263148E-1,-9.774736404E0,-6.207764745E-1
2.837888308E1,-1.101531386E0,-9.741962433E0,-2.262694389E-1
2.839928308E1,-1.809661746E0,-9.638218880E0,1.543575618E-2
2.841942522E1,-2.459428549E0,-9.492330551E0,1.313325912E-1
2.843969626E1,-2.958784103E0,-9.348358154E0,1.554963440E-1
2.845996730E1,-3.371979237E0,-9.207835197E0,1.260887384E-1
2.848023834E1,-3.759552717E0,-9.055163383E0,2.004239708E-1
2.850063834E1,-4.075517178E0,-8.907678604E0,4.623872042E-1
2.852078048E1,-4.280873775E0,-8.790137291E0,7.602596879E-1
2.854105152E1,-4.386576653E0,-8.704382896E0,1.077979207E0
2.856132256E1,-4.408548355E0,-8.653023720E0,1.363915801E0
2.858159360E1,-4.381515026E0,-8.631195068E0,1.573273778E0
2.860199360E1,-4.338856697E0,-8.633432388E0,1.675877094E0
2.862213574E1,-4.282983303E0,-8.662343979E0,1.670395374E0
2.864240673E1,-4.180827141E0,-8.725371361E0,1.599677682E0
2.866267782E1,-3.984073400E0,-8.836411476E0,1.488417983E0
2.868294892E1,-3.675243139E0,-8.995580673E0,1.320034146E0
2.870334892E1,-3.250413656E0,-9.193092346E0,1.045112967E0
2.872349095E1,-2.734162807E0,-9.394914627E0,6.559944153E-1
2.874376204E1,-2.263154030E0,-9.529516220E0,4.866710603E-1
2.876403313E1,-2.051490784E0,-9.571250916E0,5.940802097E-1
2.878430418E1,-2.044000149E0,-9.574293137E0,5.703883767E-1
2.880457522E1,-2.060467958E0,-9.574661255E0,5.007112622E-1
2.882497522E1,-2.050231457E0,-9.572651863E0,5.755463243E-1
2.884511735E1,-2.145186424E0,-9.543456078E0,7.007198930E-1
2.886538839E1,-2.414860487E0,-9.480871201E0,6.722443104E-1
2.888565949E1,-2.738561630E0,-9.404399872E0,4.774469733E-1
2.890593053E1,-3.032897949E0,-9.322474480E0,2.517646253E-1
2.892620157E1,-3.237204313E0,-9.256162643E0,1.198404133E-1
2.894647266E1,-3.280099392E0,-9.241236687E0,1.042391285E-1
2.896674371E1,-3.151238918E0,-9.286479950E0,3.696832061E-2
2.898701480E1,-2.923003912E0,-9.360113144E0,-1.212668866E-1
2.900728584E1,-2.618587255E0,-9.445142746E0,-3.204199970E-1
2.902755694E1,-2.272499084E0,-9.524681091E0,-5.353344679E-1
2.904782798E1,-1.938268304E0,-9.582734108E0,-7.646710277E-1
2.906809907E1,-1.635034323E0,-9.614183426E0,-1.031763315E0
2.908837016E1,-1.321851015E0,-9.621188164E0,-1.362290740E0
2.910864121E1,-9.941522479E-1,-9.612978935E0,-1.665136933E0
2.912891230E1,-6.924318671E-1,-9.619950294E0,-1.774111867E0
2.914918339E1,-4.008205533E-1,-9.640970230E0,-1.749692202E0
2.916945444E1,-1.077589393E-1,-9.652938843E0,-1.726137757E0
2.918972553E1,1.802516133E-1,-9.644148827E0,-1.768698215E0
2.920999662E1,4.650707543E-1,-9.612518311E0,-1.885095716E0
2.923026767E1,7.104842067E-1,-9.564621925E0,-2.045387745E0
2.925053876E1,8.499711156E-1,-9.518175125E0,-2.202786922E0
2.927080985E1,8.646945953E-1,-9.490498543E0,-2.313680172E0
2.929108095E1,8.369401693E-1,-9.490559578E0,-2.323616505E0
2.931135204E1,8.371723294E-1,-9.515832901E0,-2.217761040E0
2.933162313E1,8.349050283E-1,-9.545598030E0,-2.086836100E0
2.935189423E1,8.160699606E-1,-9.574189186E0,-1.959423184E0
2.937216532E1,7.349699140E-1,-9.619506836E0,-1.759346008E0
2.939243642E1,4.624327719E-1,-9.716826439E0,-1.240896344E0
2.941270751E1,-7.836633921E-2,-9.786666870E0,-6.207977533E-1
2.943297860E1,-7.904809117E-1,-9.772442818E0,-2.118692994E-1
2.945324970E1,-1.586903453E0,-9.677399635E0,7.579733152E-3
2.947352079E1,-2.351557732E0,-9.520219803E0,7.739462703E-2
2.949379188E1,-3.009149313E0,-9.333470345E0,4.151370749E-2
2.951406303E1,-3.540656567E0,-9.144924164E0,6.709692627E-2
2.953433412E1,-3.941210508E0,-8.971524239E0,3.860188127E-1
2.955460522E1,-4.250528336E0,-8.811102867E0,6.840016246E-1
2.957487631E1,-4.456339359E0,-8.684404373E0,9.447477460E-1
2.959514746E1,-4.555571556E0,-8.593703270E0,1.251174569E0
2.961541855E1,-4.540558338E0,-8.533075333E0,1.655398607E0
2.963568970E1,-4.449460983E0,-8.498054504E0,2.038566589E0
2.965596079E1,-4.341992855E0,-8.496412277E0,2.264612913E0
2.967623188E1,-4.243165016E0,-8.536623955E0,2.300431728E0
2.969650303E1,-4.122862816E0,-8.623586655E0,2.192288160E0
2.971677412E1,-3.916866064E0,-8.773006439E0,1.965426087E0
2.973704527E1,-3.583306789E0,-8.984550476E0,1.614980698E0
2.975731642E1,-3.226828098E0,-9.180152893E0,1.217693925E0
2.977758751E1,-2.979012012E0,-9.280920982E0,1.077207685E0
2.979785865E1,-2.727651358E0,-9.341433525E0,1.211574554E0
2.981812980E1,-2.487573624E0,-9.393989563E0,1.317312956E0
2.983840095E1,-2.443838358E0,-9.403408051E0,1.331902623E0
2.985867209E1,-2.444721699E0,-9.401401520E0,1.344385386E0
2.987894324E1,-2.510376453E0,-9.380934715E0,1.366182208E0
2.989934324E1,-2.794620275E0,-9.322884560E0,1.201795220E0
2.991948553E1,-3.117511988E0,-9.255542755E0,8.868169785E-1
2.993975668E1,-3.317926168E0,-9.206092834E0,6.400126219E-1
2.996002782E1,-3.349852324E0,-9.198665619E0,5.774281025E-1
2.998029897E1,-3.241559267E0,-9.234555244E0,6.210217476E-1
3.000069897E1,-3.039451361E0,-9.303589821E0,6.126522422E-1
3.002084131E1,-2.786856174E0,-9.390464783E0,4.722174406E-1
3.004111246E1,-2.502220631E0,-9.479636192E0,2.139243037E-1
3.006138360E1,-2.211438417E0,-9.553467751E0,-1.057477146E-1
3.008165475E1,-1.935748100E0,-9.603525162E0,-4.422511756E-1
3.010205475E1,-1.677198172E0,-9.629441261E0,-7.945174575E-1
3.012219714E1,-1.395759225E0,-9.632153511E0,-1.201613545E0
3.014246834E1,-1.096931934E0,-9.634130478E0,-1.466513276E0
3.016273949E1,-8.248600960E-1,-9.655314445E0,-1.504952192E0
3.018301069E1,-5.456063151E-1,-9.681576729E0,-1.462797046E0
3.020328188E1,-2.591494322E-1,-9.696559906E0,-1.442207336E0
3.022355308E1,2.955231257E-2,-9.690217972E0,-1.506384492E0
3.024382428E1,3.056685925E-1,-9.662948608E0,-1.644501686E0
3.026409548E1,5.259599090E-1,-9.623207092E0,-1.813185096E0
3.028436668E1,6.603921056E-1,-9.581716537E0,-1.981153369E0
3.030476668E1,7.240203023E-1,-9.547036171E0,-2.121384621E0
3.032490907E1,7.740140557E-1,-9.526443481E0,-2.195033550E0
3.034518032E1,8.449503183E-1,-9.536487579E0,-2.124114513E0
3.036545152E1,8.846753240E-1,-9.565476418E0,-1.972150326E0
3.038572272E1,8.902717233E-1,-9.599075317E0,-1.798769593E0
3.040599397E1,7.755142450E-1,-9.648525238E0,-1.573191643E0
3.042626516E1,4.090096951E-1,-9.741583824E0,-1.051013470E0
3.044653642E1,-1.813786030E-1,-9.790895462E0,-5.252105594E-1
3.046680761E1,-9.189819694E-1,-9.761775017E0,-1.833271831E-1
3.048707886E1,-1.721263885E0,-9.654270172E0,5.201081187E-2
3.050735011E1,-2.465984821E0,-9.489937782E0,1.743046641E-1
3.052762136E1,-3.082825422E0,-9.308226585E0,1.532852352E-1
3.054789256E1,-3.542143822E0,-9.139681816E0,2.996945381E-1
3.056816386E1,-3.911592245E0,-8.975205421E0,5.617161393E-1
3.058843506E1,-4.210503101E0,-8.821797371E0,7.860968709E-1
3.060870631E1,-4.419714451E0,-8.693019867E0,1.033405066E0
3.062897756E1,-4.521657944E0,-8.591353416E0,1.383340240E0
3.064924881E1,-4.539001942E0,-8.509833336E0,1.774987221E0
3.066952006E1,-4.503375053E0,-8.458402634E0,2.084565401E0
3.068979136E1,-4.441782475E0,-8.451732635E0,2.238118172E0
3.071006261E1,-4.355678082E0,-8.491824150E0,2.255524874E0
3.073033386E1,-4.195607185E0,-8.588663101E0,2.191377640E0
3.075060517E1,-3.912174463E0,-8.753893852E0,2.057820320E0
3.077087642E1,-3.510554314E0,-8.974554062E0,1.817625999E0
3.079114772E1,-3.113485336E0,-9.178995132E0,1.490853667E0
3.081141897E1,-2.839148283E0,-9.290757179E0,1.338454604E0
3.083169027E1,-2.598796129E0,-9.343320847E0,1.455679774E0
3.085196152E1,-2.417345762E0,-9.373734474E0,1.568414450E0
3.087223282E1,-2.397495747E0,-9.385847092E0,1.525866151E0
3.089250412E1,-2.391018867E0,-9.386884689E0,1.529645562E0
3.091277543E1,-2.563996315E0,-9.327927589E0,1.608127117E0
3.093304673E1,-2.894352913E0,-9.242224693E0,1.540907502E0
3.095331803E1,-3.187410355E0,-9.180384636E0,1.315811515E0
3.097358933E1,-3.325010538E0,-9.162334442E0,1.079967976E0
3.099386063E1,-3.241596699E0,-9.201505661E0,9.973620176E-1
3.101413194E1,-3.054107189E0,-9.268388748E0,9.694247246E-1
3.103440324E1,-2.836401939E0,-9.347339630E0,8.674420118E-1
3.105467454E1,-2.582062006E0,-9.437852859E0,6.559592485E-1
3.107494584E1,-2.292589426E0,-9.528316498E0,3.543894589E-1
3.109534584E1,-2.003263474E0,-9.599839211E0,-2.051663212E-2
3.111548850E1,-1.727201343E0,-9.642819405E0,-4.507704377E-1
3.113575985E1,-1.441068292E0,-9.660888672E0,-8.723261952E-1
3.115603115E1,-1.198608518E0,-9.675574303E0,-1.056880236E0
3.117630251E1,-9.686431289E-1,-9.697652817E0,-1.089796901E0
3.119657381E1,-7.041614652E-1,-9.717550278E0,-1.115238190E0
3.121684517E1,-4.274740517E-1,-9.729702950E0,-1.149149179E0
3.123711647E1,-1.630141437E-1,-9.731165886E0,-1.203425884E0
3.125738782E1,1.007439867E-1,-9.719392776E0,-1.301399708E0
3.127765918E1,3.717422783E-1,-9.690377235E0,-1.459035516E0
3.129793053E1,6.086874604E-1,-9.644515038E0,-1.668295145E0
3.131820188E1,7.696459293E-1,-9.595563889E0,-1.871680260E0
3.133847324E1,8.441877961E-1,-9.558150291E0,-2.024717808E0
3.135874459E1,9.152880907E-1,-9.548107147E0,-2.041151762E0
3.137901595E1,9.755377769E-1,-9.569650650E0,-1.908011556E0
3.139941595E1,1.016330719E0,-9.606261253E0,-1.690324068E0
3.141955865E1,9.687235355E-1,-9.662584305E0,-1.366170883E0
3.143983001E1,6.467541456E-1,-9.753000259E0,-7.944079638E-1
3.146010142E1,1.358655393E-1,-9.802654266E0,-2.447246760E-1
3.148037277E1,-4.990668893E-1,-9.793364525E0,1.064102650E-1
3.150077277E1,-1.259880424E0,-9.719917297E0,3.260391355E-1
3.152091553E1,-2.024295092E0,-9.583262444E0,4.834482372E-1
3.154118688E1,-2.730959177E0,-9.402927399E0,5.451552868E-1
3.156145829E1,-3.339646101E0,-9.206114769E0,5.143983960E-1
3.158172964E1,-3.821271420E0,-9.016612053E0,5.186338425E-1
3.160212964E1,-4.194637775E0,-8.841026306E0,6.416055560E-1
3.162227240E1,-4.444955826E0,-8.704131126E0,8.067581058E-1
3.164254381E1,-4.576724052E0,-8.606699944E0,1.071773291E0
3.166281522E1,-4.607268810E0,-8.534607887E0,1.450488091E0
3.168308662E1,-4.580194950E0,-8.476341248E0,1.828611493E0
3.170348662E1,-4.518721581E0,-8.449260712E0,2.088425159E0
3.172362938E1,-4.424610615E0,-8.477250099E0,2.174725056E0
3.174390079E1,-4.279552460E0,-8.562717438E0,2.129717350E0
3.176417220E1,-4.044446468E0,-8.707277298E0,1.999042511E0
3.178444360E1,-3.690556288E0,-8.909006119E0,1.783196330E0
3.180471501E1,-3.293128967E0,-9.118270874E0,1.477438927E0
3.182511501E1,-2.977102041E0,-9.252931595E0,1.300195932E0
3.184525777E1,-2.743709087E0,-9.312216759E0,1.387467623E0
3.186552918E1,-2.557738066E0,-9.351540565E0,1.475478888E0
3.188580063E1,-2.540060043E0,-9.360759735E0,1.447289467E0
3.190620063E1,-2.540287495E0,-9.368156433E0,1.398202777E0
3.192634339E1,-2.595809221E0,-9.352612495E0,1.400284171E0
3.194661485E1,-2.879488230E0,-9.285138130E0,1.290407896E0
3.196688626E1,-3.188447952E0,-9.217267036E0,1.022821426E0
3.198715766E1,-3.273791313E0,-9.201471329E0,8.863470554E-1
3.200742907E1,-3.184059381E0,-9.228613853E0,9.299643040E-1
3.202770048E1,-2.988599539E0,-9.277325630E0,1.081609726E0
3.204797188E1,-2.746040106E0,-9.346424103E0,1.128718853E0
3.206824334E1,-2.455065489E0,-9.439108849E0,1.022868991E0
3.208851475E1,-2.110965252E0,-9.542407036E0,8.103554249E-1
3.210878615E1,-1.747448683E0,-9.635380745E0,5.255932808E-1
3.212905761E1,-1.415747046E0,-9.702364922E0,1.737268120E-1
3.214932897E1,-1.139689922E0,-9.736534119E0,-2.671976089E-1
3.216960048E1,-8.997850418E-1,-9.736300468E0,-7.518092990E-1
3.218987188E1,-6.775230765E-1,-9.723343849E0,-1.080716848E0
3.221014334E1,-4.660737813E-1,-9.730291367E0,-1.128979683E0
3.223041475E1,-2.544588447E-1,-9.739840508E0,-1.114066958E0
3.225068621E1,-3.650930151E-2,-9.739688873E0,-1.143462300E0
3.227095767E1,1.538973898E-1,-9.733253479E0,-1.187643766E0
3.229122907E1,3.256254792E-1,-9.718638420E0,-1.269812465E0
3.231150053E1,4.882177711E-1,-9.692568779E0,-1.409305573E0
3.233177199E1,6.059523225E-1,-9.662969589E0,-1.558922648E0
3.235204339E1,6.538190842E-1,-9.643416405E0,-1.657541633E0
3.237231485E1,6.605355144E-1,-9.639945030E0,-1.674973845E0
3.239258631E1,6.971884370E-1,-9.652160645E0,-1.587483406E0
3.241285777E1,7.518523932E-1,-9.670440674E0,-1.444882751E0
3.243312923E1,7.749621868E-1,-9.687534332E0,-1.312059879E0
3.245340069E1,7.447032332E-1,-9.709113121E0,-1.161427379E0
3.247367209E1,6.206952929E-1,-9.742516518E0,-9.319356680E-1
3.249394355E1,2.851471901E-1,-9.793352127E0,-4.234885573E-1
3.251421501E1,-3.081336617E-1,-9.801341057E0,9.576290846E-2
3.253448647E1,-1.026972055E0,-9.744380951E0,4.034337103E-1
3.255488647E1,-1.766950965E0,-9.633472443E0,4.944384396E-1
3.257502933E1,-2.376446486E0,-9.503293991E0,4.585647285E-1
3.259530084E1,-2.832504988E0,-9.380346298E0,3.954661191E-1
3.261557230E1,-3.226386547E0,-9.253813744E0,3.574086726E-1
3.263584381E1,-3.586250067E0,-9.112621307E0,5.189667344E-1
3.265611527E1,-3.898344278E0,-8.969376564E0,7.235929966E-1
3.267638673E1,-4.156595230E0,-8.837069511E0,8.940379024E-1
3.269665819E1,-4.353805065E0,-8.722590446E0,1.063568473E0
3.271692964E1,-4.482158661E0,-8.633677483E0,1.241069317E0
3.273720110E1,-4.528000355E0,-8.587502480E0,1.386505008E0
3.275747261E1,-4.506170750E0,-8.589225769E0,1.445692539E0
3.277774407E1,-4.443378925E0,-8.623714447E0,1.434680700E0
3.279801553E1,-4.319123268E0,-8.694254875E0,1.387624860E0
3.281828704E1,-4.086717606E0,-8.817949295E0,1.308778286E0
3.283855850E1,-3.724798203E0,-8.993126869E0,1.191608429E0
3.285882990E1,-3.248916864E0,-9.199802399E0,9.892243743E-1
3.287910147E1,-2.701735735E0,-9.399286270E0,7.241542935E-1
3.289950147E1,-2.283478022E0,-9.508472443E0,7.382836938E-1
3.291964438E1,-2.150705814E0,-9.539907455E0,7.314466834E-1
3.293991589E1,-2.143399000E0,-9.547937393E0,6.427351832E-1
3.296018735E1,-2.098929167E0,-9.562747002E0,5.645931363E-1
3.298045886E1,-2.002737761E0,-9.578382492E0,6.434332728E-1
3.300085886E1,-2.052770853E0,-9.564458847E0,6.911221147E-1
3.302100183E1,-2.357118368E0,-9.507915497E0,4.625217319E-1
3.304127329E1,-2.671216726E0,-9.434706688E0,1.459428519E-1
3.306154475E1,-2.867624044E0,-9.377975464E0,2.640802413E-2
3.308181626E1,-2.986331940E0,-9.339783669E0,1.436688453E-1
3.310221626E1,-2.952568293E0,-9.346610069E0,3.059439659E-1
3.312235923E1,-2.789867640E0,-9.396041870E0,3.184787333E-1
3.314263068E1,-2.582699537E0,-9.458318710E0,2.005900890E-1
3.316290220E1,-2.317995548E0,-9.528736115E0,2.156158909E-2
3.318317371E1,-2.004858255E0,-9.597684860E0,-1.881059855E-1
3.320344517E1,-1.712184787E0,-9.646816254E0,-4.216093123E-1
3.322371668E1,-1.479794025E0,-9.670743942E0,-6.762483120E-1
3.324398813E1,-1.270740747E0,-9.674093246E0,-9.836263657E-1
3.326425964E1,-1.024031758E0,-9.654476166E0,-1.383046389E0
3.328453115E1,-7.583037019E-1,-9.630450249E0,-1.688131213E0
3.330480261E1,-5.213100910E-1,-9.638973236E0,-1.728817582E0
3.332507412E1,-2.930732369E-1,-9.659496307E0,-1.666921377E0
3.334534563E1,-5.002557114E-2,-9.667222977E0,-1.647025466E0
3.336561709E1,1.812491268E-1,-9.663195610E0,-1.661381841E0
3.338588860E1,3.886986077E-1,-9.650648117E0,-1.698320985E0
3.340616011E1,5.624134541E-1,-9.630270004E0,-1.764077544E0
3.342643162E1,6.774564981E-1,-9.607160568E0,-1.847675920E0
3.344670303E1,7.367945313E-1,-9.590756416E0,-1.909166574E0
3.346697459E1,8.063932061E-1,-9.589670181E0,-1.886356711E0
3.348724605E1,8.773154616E-1,-9.602733612E0,-1.785554409E0
3.350751756E1,8.931698799E-1,-9.625156403E0,-1.651964784E0
3.352778907E1,8.264155984E-1,-9.656961441E0,-1.493492842E0
3.354806053E1,6.892415285E-1,-9.697178841E0,-1.288427591E0
3.356833204E1,3.883315325E-1,-9.764499664E0,-8.210622072E-1
3.358860355E1,-2.138304561E-1,-9.801170349E0,-2.484755516E-1
3.360887501E1,-1.020558000E0,-9.752988815E0,8.985841274E-2
3.362914652E1,-1.862706661E0,-9.627074242E0,1.419595033E-1
3.364941803E1,-2.539214134E0,-9.471832275E0,8.465269208E-2
3.366968954E1,-3.008738279E0,-9.332454681E0,1.522521079E-1
3.368996100E1,-3.365688086E0,-9.200927734E0,4.306406677E-1
3.371023251E1,-3.720879555E0,-9.051590919E0,6.278090477E-1
3.373050402E1,-4.034289360E0,-8.906851768E0,7.502574921E-1
3.375077553E1,-4.262268066E0,-8.788836479E0,8.716719747E-1
3.377104704E1,-4.390619755E0,-8.705072403E0,1.055728555E0
3.379131850E1,-4.438471317E0,-8.652431488E0,1.267201543E0
3.381159001E1,-4.427250385E0,-8.635900497E0,1.411051869E0
3.383186152E1,-4.375971317E0,-8.658657074E0,1.431403637E0
3.385213303E1,-4.272426128E0,-8.721297264E0,1.362251043E0
3.387240454E1,-4.088296413E0,-8.822607040E0,1.271939516E0
3.389267600E1,-3.781745195E0,-8.973338127E0,1.161029696E0
3.391294751E1,-3.350647688E0,-9.162442207E0,9.965819716E-1
3.393321902E1,-2.850494862E0,-9.355150223E0,7.254191041E-1
3.395349053E1,-2.372987747E0,-9.502883911E0,4.842865765E-1
3.397376199E1,-2.163077593E0,-9.545948982E0,6.052502990E-1
3.399403350E1,-2.133757591E0,-9.545578003E0,7.066900730E-1
3.401430501E1,-2.191753864E0,-9.533547401E0,6.914306879E-1
3.403457652E1,-2.217647552E0,-9.527931213E0,6.862675548E-1
3.405484803E1,-2.194944859E0,-9.524009705E0,8.036457300E-1
3.407511954E1,-2.326066017E0,-9.488872528E0,8.491848111E-1
3.409539100E1,-2.603843212E0,-9.430744171E0,6.719030738E-1
3.411566251E1,-2.877233267E0,-9.364148140E0,4.523952603E-1
3.413593402E1,-3.098681450E0,-9.300179482E0,2.742578983E-1
3.415620548E1,-3.189353466E0,-9.271784782E0,1.800439507E-1
3.417647699E1,-3.115705490E0,-9.297817230E0,1.155338064E-1
3.419674850E1,-2.937982082E0,-9.356206894E0,6.232630927E-3
3.421702001E1,-2.712832689E0,-9.422678947E0,-1.550974101E-1
3.423729147E1,-2.420692682E0,-9.496699333E0,-3.512068093E-1
3.425756298E1,-2.088319063E0,-9.564251900E0,-5.782554150E-1
3.427783449E1,-1.755328655E0,-9.611338615E0,-8.434256315E-1
3.429810600E1,-1.435656786E0,-9.637474060E0,-1.108318210E0
3.431837751E1,-1.134783506E0,-9.651690483E0,-1.314354658E0
3.433864897E1,-8.381401896E-1,-9.666652679E0,-1.422579050E0
3.435892048E1,-5.299380422E-1,-9.682711601E0,-1.461040258E0
3.437919199E1,-2.215149701E-1,-9.692228317E0,-1.477169991E0
3.439959199E1,7.161099464E-2,-9.690597534E0,-1.502524972E0
3.441973501E1,3.598823249E-1,-9.672345161E0,-1.576893210E0
3.444000647E1,6.571962833E-1,-9.632786751E0,-1.716944933E0
3.446027798E1,9.157405496E-1,-9.581958771E0,-1.875598669E0
3.448054949E1,1.064038873E0,-9.537890434E0,-2.016647577E0
3.450094949E1,1.074090362E0,-9.515997887E0,-2.112465382E0
3.452109246E1,1.035730124E0,-9.521687508E0,-2.105971575E0
3.454136397E1,1.009879470E0,-9.549375534E0,-1.989962935E0
3.456163548E1,9.971277118E-1,-9.580380440E0,-1.841856599E0
3.458190699E1,9.689218402E-1,-9.607143402E0,-1.712999582E0
3.460230699E1,8.397360444E-1,-9.644058228E0,-1.567603350E0
3.462244996E1,5.943108201E-1,-9.694757462E0,-1.352344871E0
3.464272147E1,1.908440739E-1,-9.761684418E0,-9.184092283E-1
3.466299298E1,-4.480126202E-1,-9.788711548E0,-3.883256316E-1
3.468326444E1,-1.277280688E0,-9.723093987E0,1.963383146E-2
3.470366444E1,-2.125768661E0,-9.572083473E0,1.634294242E-1
3.472380746E1,-2.799863815E0,-9.398402214E0,3.438446298E-2
3.474407892E1,-3.254682541E0,-9.249605179E0,1.491480619E-1
3.476435042E1,-3.580702782E0,-9.113875389E0,5.350111127E-1
3.478462194E1,-3.873155832E0,-8.971575737E0,8.245438933E-1
3.480485407E1,-4.118479252E0,-8.839092255E0,1.038724184E0
3.482525407E1,-4.292499542E0,-8.725929260E0,1.266098499E0
3.484543647E1,-4.382230282E0,-8.637563705E0,1.535878778E0
3.486570792E1,-4.420837879E0,-8.570729256E0,1.780223489E0
3.488597944E1,-4.443117142E0,-8.533523560E0,1.899494171E0
3.490625089E1,-4.448658943E0,-8.539009094E0,1.861491203E0
3.492652240E1,-4.396070480E0,-8.595737457E0,1.719957948E0
3.494679386E1,-4.239517212E0,-8.703402519E0,1.564501166E0
3.496706537E1,-3.956576109E0,-8.865247726E0,1.386822104E0
3.498733683E1,-3.556047916E0,-9.069134712E0,1.129476428E0
3.500760829E1,-3.073026419E0,-9.281805992E0,7.582631707E-1
3.502787980E1,-2.560630083E0,-9.453809738E0,4.889101684E-1
3.504815126E1,-2.236797571E0,-9.525225639E0,6.612105370E-1
3.506842277E1,-2.106225491E0,-9.547716141E0,7.584965825E-1
3.508869423E1,-2.108613014E0,-9.547254562E0,7.576649189E-1
3.510896574E1,-2.113300085E0,-9.542676926E0,8.010447025E-1
3.512923720E1,-2.119840145E0,-9.526448250E0,9.609545469E-1
3.514950871E1,-2.280304432E0,-9.483015060E0,1.021279335E0
3.516978016E1,-2.600407124E0,-9.422513962E0,7.902622223E-1
3.519005168E1,-2.927819967E0,-9.348943710E0,4.421681762E-1
3.521032313E1,-3.163317919E0,-9.279580116E0,2.306546718E-1
3.523059464E1,-3.209072113E0,-9.265052795E0,1.762018204E-1
3.525086610E1,-3.069189072E0,-9.313169479E0,1.237684265E-1
3.527113761E1,-2.832956076E0,-9.388452530E0,4.115416855E-2
3.529140907E1,-2.570205450E0,-9.463601112E0,-6.844050437E-2
3.531168053E1,-2.284959555E0,-9.533762932E0,-2.381679565E-1
3.533195204E1,-2.014626265E0,-9.586466789E0,-4.596952796E-1
3.535222350E1,-1.775896549E0,-9.615826607E0,-7.432783246E-1
3.537249501E1,-1.521012664E0,-9.625349998E0,-1.099786520E0
3.539276647E1,-1.244182110E0,-9.624073029E0,-1.414081097E0
3.541303798E1,-9.790102839E-1,-9.633123398E0,-1.553981781E0
3.543330944E1,-7.034232020E-1,-9.657169342E0,-1.553917408E0
3.545358089E1,-3.969230950E-1,-9.682031631E0,-1.507017732E0
3.547385240E1,-9.122110158E-2,-9.696649551E0,-1.461866736E0
3.549412386E1,2.099981755E-1,-9.691225052E0,-1.485405684E0
3.551439532E1,5.079220533E-1,-9.661095619E0,-1.604878426E0
3.553466683E1,7.714169621E-1,-9.612909317E0,-1.779680729E0
3.555493829E1,9.498901367E-1,-9.561357498E0,-1.961772799E0
3.557520980E1,9.984091520E-1,-9.529788971E0,-2.087265015E0
3.559560980E1,9.780564308E-1,-9.529440880E0,-2.098466158E0
3.561575272E1,9.815879464E-1,-9.546732903E0,-2.016626120E0
3.563602418E1,9.836256504E-1,-9.570591927E0,-1.899111271E0
3.565629568E1,9.545000792E-1,-9.599120140E0,-1.765280366E0
3.567656714E1,8.350992799E-1,-9.642367363E0,-1.580423474E0
3.569683860E1,5.592143536E-1,-9.719137192E0,-1.181542635E0
3.571711011E1,4.929108918E-2,-9.792740822E0,-5.198034048E-1
3.573738157E1,-6.806142330E-1,-9.782778740E0,-6.640741974E-2
3.575765303E1,-1.520343900E0,-9.686981201E0,1.460154504E-1
3.577792449E1,-2.275881052E0,-9.536087036E0,2.319495231E-1
3.579819595E1,-2.859275341E0,-9.377610207E0,2.352721244E-1
3.581859595E1,-3.329357862E0,-9.221045494E0,2.410119325E-1
3.583873892E1,-3.716335058E0,-9.063362122E0,4.633605778E-1
3.585901037E1,-4.039851665E0,-8.908793449E0,6.952622533E-1
3.587928188E1,-4.278454304E0,-8.779542923E0,8.859102130E-1
3.589968188E1,-4.429998398E0,-8.680172920E0,1.095490932E0
3.591982480E1,-4.506465435E0,-8.603049278E0,1.360038400E0
3.594009626E1,-4.527893066E0,-8.544501305E0,1.630973101E0
3.596036772E1,-4.499681473E0,-8.521030426E0,1.820796371E0
3.598063923E1,-4.436326504E0,-8.541113853E0,1.881159782E0
3.600103923E1,-4.334306240E0,-8.605108261E0,1.826550722E0
3.602118214E1,-4.148789883E0,-8.722729683E0,1.694671869E0
3.604145360E1,-3.837740660E0,-8.900429726E0,1.491472483E0
3.606172506E1,-3.389722586E0,-9.125612259E0,1.184635878E0
3.608199652E1,-2.874879360E0,-9.341060638E0,8.062577844E-1
3.610239652E1,-2.471783400E0,-9.455625534E0,8.073521256E-1
3.612253944E1,-2.262141466E0,-9.496970177E0,9.277262092E-1
3.614281089E1,-2.169917822E0,-9.523749352E0,8.717972636E-1
3.616308235E1,-2.095840693E0,-9.548840523E0,7.729718685E-1
3.618335381E1,-2.004654884E0,-9.565921783E0,8.030408621E-1
3.620362532E1,-2.047335863E0,-9.551627159E0,8.632677794E-1
3.622389673E1,-2.353931904E0,-9.497978210E0,6.463817358E-1
3.624416824E1,-2.697576523E0,-9.423646927E0,2.972187400E-1
3.626443970E1,-2.968615055E0,-9.346424103E0,4.524948448E-2
3.628471110E1,-3.150635242E0,-9.286758423E0,-2.894766629E-3
3.630498256E1,-3.192033291E0,-9.272217751E0,8.533603698E-2
3.632525402E1,-3.073674917E0,-9.311510086E0,1.367557347E-1
3.634552548E1,-2.883490801E0,-9.372626305E0,9.874649346E-2
3.636579694E1,-2.637184381E0,-9.445373535E0,-2.382260747E-2
3.638606839E1,-2.346932173E0,-9.519357681E0,-2.100132853E-1
3.640633985E1,-2.047444820E0,-9.580559731E0,-4.372968078E-1
3.642661131E1,-1.759504676E0,-9.624511719E0,-6.658134460E-1
3.644688277E1,-1.457501054E0,-9.656299591E0,-8.955160379E-1
3.646715423E1,-1.121818900E0,-9.673134804E0,-1.158611774E0
3.648742569E1,-7.815088630E-1,-9.676918983E0,-1.384513617E0
3.650769714E1,-4.628045857E-1,-9.683215141E0,-1.480389476E0
3.652796860E1,-1.805707067E-1,-9.691940308E0,-1.484619260E0
3.654824006E1,7.725962996E-2,-9.692457199E0,-1.490201473E0
3.656851152E1,3.186489940E-1,-9.680272102E0,-1.536609769E0
3.658878293E1,5.373357534E-1,-9.655414581E0,-1.629304767E0
3.660905438E1,6.918715835E-1,-9.623512268E0,-1.754908323E0
3.662932584E1,7.459783554E-1,-9.596781731E0,-1.875013232E0
3.664959730E1,7.237321734E-1,-9.591879845E0,-1.908516765E0
3.666986876E1,6.871447563E-1,-9.612667084E0,-1.815166354E0
3.669014022E1,6.664883494E-1,-9.644027710E0,-1.648911595E0
3.671041168E1,6.398937702E-1,-9.669121742E0,-1.506321669E0
3.673068308E1,5.816065669E-1,-9.688376427E0,-1.402665257E0
3.675095454E1,4.366820455E-1,-9.709297180E0,-1.307378888E0
3.677122600E1,2.347925901E-1,-9.736194611E0,-1.149678469E0
3.679149746E1,-7.988995314E-2,-9.781142235E0,-7.023329735E-1
3.681176892E1,-6.640019417E-1,-9.783164024E0,-1.385459304E-1
3.683204032E1,-1.459412932E0,-9.694543839E0,2.372870147E-1
3.685231178E1,-2.215601921E0,-9.546279907E0,3.606050909E-1
3.687258324E1,-2.710851669E0,-9.417732239E0,3.577384949E-1
3.689285464E1,-3.008028746E0,-9.326304436E0,3.770795763E-1
3.691312610E1,-3.301114798E0,-9.222069740E0,4.758745432E-1
3.693339756E1,-3.617111921E0,-9.091713905E0,6.539376378E-1
3.695366902E1,-3.852509975E0,-8.981280327E0,8.155725002E-1
3.697394042E1,-4.016038895E0,-8.894739151E0,9.619957805E-1
3.699421188E1,-4.144096851E0,-8.816241264E0,1.127272248E0
3.701448334E1,-4.241850853E0,-8.747565269E0,1.287318707E0
3.703475475E1,-4.289957523E0,-8.708296776E0,1.390043020E0
3.705498688E1,-4.284403324E0,-8.705573082E0,1.423824787E0
3.707529761E1,-4.234732628E0,-8.732842445E0,1.405310035E0
3.709556907E1,-4.117946148E0,-8.795473099E0,1.361085176E0
3.711584048E1,-3.904877424E0,-8.903632164E0,1.283611894E0
3.713611199E1,-3.580585241E0,-9.055782318E0,1.158710718E0
3.715638339E1,-3.139913559E0,-9.238954544E0,9.762423038E-1
3.717665485E1,-2.634503365E0,-9.416798592E0,7.440970540E-1
3.719692631E1,-2.154943943E0,-9.547554016E0,6.089468002E-1
3.721719772E1,-1.879127741E0,-9.598974228E0,7.063620090E-1
3.723746918E1,-1.861416817E0,-9.597232819E0,7.737152576E-1
3.725774058E1,-1.965953708E0,-9.577139854E0,7.640666962E-1
3.727801204E1,-2.044532776E0,-9.562894821E0,7.357333899E-1
3.729828339E1,-2.092475176E0,-9.545861244E0,8.176122904E-1
3.731855490E1,-2.263888597E0,-9.504617691E0,8.410914540E-1
3.733882636E1,-2.488901615E0,-9.459424019E0,7.036063075E-1
3.735909777E1,-2.677503347E0,-9.414590836E0,6.056795716E-1
3.737936923E1,-2.857275724E0,-9.361900330E0,6.009775400E-1
3.739976923E1,-2.970302820E0,-9.325329781E0,6.212387085E-1
3.741991209E1,-2.972226143E0,-9.327052116E0,5.851184726E-1
3.744018350E1,-2.869760752E0,-9.367191315E0,4.365659356E-1
3.746045496E1,-2.702563763E0,-9.424390793E0,2.176708430E-1
3.748072636E1,-2.460650921E0,-9.492922783E0,-4.069877788E-3
3.750112636E1,-2.164204597E0,-9.561867714E0,-2.393431515E-1
3.752126923E1,-1.853201389E0,-9.616718292E0,-5.047258735E-1
3.754154063E1,-1.539505720E0,-9.654003143E0,-7.749364376E-1
3.756181209E1,-1.253588200E0,-9.674457550E0,-1.001883507E0
3.758208311E1,-9.974358082E-1,-9.689115524E0,-1.138665915E0
3.760248311E1,-7.468579412E-1,-9.706328392E0,-1.183125973E0
3.762262598E1,-4.970807731E-1,-9.724602699E0,-1.164212704E0
3.764289738E1,-2.484404892E-1,-9.738913536E0,-1.123492002E0
3.766316884E1,8.532309905E-3,-9.742610931E0,-1.118860006E0
3.768344025E1,2.828238010E-1,-9.731182098E0,-1.180888772E0
3.770384025E1,5.388751030E-1,-9.709158897E0,-1.269735932E0
3.772398306E1,7.328003049E-1,-9.682917595E0,-1.369129777E0
3.774425452E1,8.334016800E-1,-9.657309532E0,-1.487350106E0
3.776452592E1,8.359783292E-1,-9.645344734E0,-1.561683536E0
3.778479738E1,8.094898462E-1,-9.652915001E0,-1.528515100E0
3.780506879E1,7.893852592E-1,-9.674507141E0,-1.396845937E0
3.782534019E1,8.104078770E-1,-9.695176125E0,-1.231745481E0
3.784561160E1,8.559170365E-1,-9.705557823E0,-1.113535881E0
3.786588306E1,8.932022452E-1,-9.706615448E0,-1.074327588E0
3.788615447E1,8.255907893E-1,-9.711625099E0,-1.083108902E0
3.790642587E1,6.533206105E-1,-9.727877617E0,-1.054497957E0
3.792669728E1,4.057907164E-1,-9.761322021E0,-8.498932123E-1
3.794696874E1,-8.022122830E-2,-9.800312042E0,-3.432683051E-1
3.796724014E1,-8.541592956E-1,-9.768703461E0,1.150847524E-1
3.798751155E1,-1.710539699E0,-9.649065018E0,3.741277456E-1
3.800778296E1,-2.408666849E0,-9.499348640E0,3.620694578E-1
3.802805436E1,-2.858622551E0,-9.378669739E0,1.980101317E-1
3.804832577E1,-3.183511734E0,-9.274994850E0,1.006166413E-1
3.806859723E1,-3.510753632E0,-9.152447701E0,2.787512243E-1
3.808886863E1,-3.823262215E0,-9.014879227E0,5.338611603E-1
3.810914004E1,-4.070878029E0,-8.896013260E0,6.776983142E-1
3.812941144E1,-4.254181385E0,-8.804168701E0,7.476215363E-1
3.814968285E1,-4.372442722E0,-8.742251396E0,7.906851768E-1
3.816995426E1,-4.431405067E0,-8.710330009E0,8.143648505E-1
3.819022572E1,-4.454509735E0,-8.699357986E0,8.055491447E-1
3.821049707E1,-4.463175774E0,-8.697297096E0,7.794018984E-1
3.823076853E1,-4.426121712E0,-8.717063904E0,7.698273063E-1
3.825116853E1,-4.314908028E0,-8.772489548E0,7.716210485E-1
3.827131134E1,-4.119663239E0,-8.866385460E0,7.654736638E-1
3.829158275E1,-3.819699764E0,-9.002131462E0,7.361463308E-1
3.831185415E1,-3.413025141E0,-9.169926643E0,6.588500142E-1
3.833212556E1,-2.902729988E0,-9.353896141E0,4.991557896E-1
3.835239697E1,-2.319438934E0,-9.523792267E0,2.966395617E-1
3.837266837E1,-1.781589270E0,-9.642797470E0,1.131508797E-1
3.839293978E1,-1.429807425E0,-9.701856613E0,4.854695871E-3
3.841321118E1,-1.253567934E0,-9.725893021E0,-7.719594985E-2
3.843348259E1,-1.216848016E0,-9.729580879E0,-1.578521430E-1
3.845375400E1,-1.412724018E0,-9.702953339E0,-1.652621627E-1
3.847402535E1,-1.747557282E0,-9.645914078E0,-2.697887719E-1
3.849429676E1,-2.138437986E0,-9.555034637E0,-5.466213822E-1
3.851456816E1,-2.493629932E0,-9.463203430E0,-6.324362755E-1
3.853483957E1,-2.787784815E0,-9.388536453E0,-5.040140748E-1
3.855511098E1,-2.980149746E0,-9.338306427E0,-2.917898297E-1
3.857538238E1,-3.054146051E0,-9.317883492E0,-1.400476396E-1
3.859565379E1,-3.073025465E0,-9.311433792E0,-1.552960575E-1
3.861592519E1,-3.088232756E0,-9.303023338E0,-2.949234843E-1
3.863619660E1,-3.057688236E0,-9.303796768E0,-5.101882219E-1
3.865646801E1,-2.965245962E0,-9.314612389E0,-7.846776247E-1
3.867673941E1,-2.807673216E0,-9.331296921E0,-1.101926804E0
3.869701082E1,-2.586110830E0,-9.344392776E0,-1.471304178E0
3.871728223E1,-2.366718054E0,-9.353878975E0,-1.753276706E0
3.873755363E1,-2.167467117E0,-9.393767357E0,-1.797106028E0
3.875782504E1,-1.931721210E0,-9.463281631E0,-1.698569179E0
3.877809644E1,-1.665391326E0,-9.534358025E0,-1.578890324E0
3.879836785E1,-1.382235527E0,-9.593208313E0,-1.493375421E0
3.881863926E1,-1.099902987E0,-9.631147385E0,-1.483779073E0
3.883891066E1,-8.393774033E-1,-9.650450706E0,-1.527946234E0
3.885918202E1,-6.066381931E-1,-9.657978058E0,-1.589294553E0
3.887945342E1,-4.146449566E-1,-9.656303406E0,-1.659597754E0
3.889985342E1,-2.826582491E-1,-9.649345398E0,-1.726449132E0
3.891999624E1,-2.116067559E-1,-9.647542953E0,-1.746576309E0
3.894026764E1,-1.732155383E-1,-9.655534744E0,-1.706174612E0
3.896053905E1,-1.550679356E-1,-9.667158127E0,-1.640850782E0
3.898081046E1,-1.424614489E-1,-9.676608086E0,-1.585350990E0
3.900121046E1,-1.363919973E-1,-9.682084084E0,-1.552110553E0
3.902135322E1,-1.660462916E-1,-9.684958458E0,-1.531139731E0
3.904162462E1,-2.986870408E-1,-9.685009956E0,-1.510551929E0
3.906189598E1,-4.920462072E-1,-9.684938431E0,-1.459536314E0
3.908216738E1,-7.160699964E-1,-9.685503006E0,-1.359653592E0
3.910256738E1,-9.980211854E-1,-9.709866524E0,-9.448992610E-1
3.912271019E1,-1.387897372E0,-9.695377350E0,-4.937314987E-1
3.914298160E1,-1.842290401E0,-9.625704765E0,-3.495210707E-1
3.916325296E1,-2.224586964E0,-9.549033165E0,-1.938702315E-1
3.918352436E1,-2.504336596E0,-9.481353760E0,5.116355047E-2
3.920379577E1,-2.749426365E0,-9.410599709E0,2.272549272E-1
3.922406712E1,-2.959150314E0,-9.343965530E0,3.226968944E-1
3.924433853E1,-3.133700132E0,-9.284871101E0,3.761378229E-1
3.926460993E1,-3.260346174E0,-9.239321709E0,4.188922048E-1
3.928488129E1,-3.323868752E0,-9.216062546E0,4.318239987E-1
3.930528129E1,-3.333099127E0,-9.214077950E0,4.019967914E-1
3.932542410E1,-3.301297188E0,-9.228377342E0,3.299915791E-1
3.934569546E1,-3.224143505E0,-9.257528305E0,2.710081041E-1
3.936596686E1,-3.113350153E0,-9.295762062E0,2.573734522E-1
3.938623827E1,-2.974749565E0,-9.340764999E0,2.671805024E-1
3.940650962E1,-2.802371502E0,-9.394269943E0,2.545509636E-1
3.942678103E1,-2.606070757E0,-9.452092171E0,1.916909069E-1
3.944705243E1,-2.376733303E0,-9.513975143E0,7.623818517E-2
3.946732379E1,-2.086132765E0,-9.581969261E0,-6.554519385E-2
3.948759519E1,-1.754570961E0,-9.644980431E0,-2.573230863E-1
3.950786660E1,-1.436224818E0,-9.686446190E0,-5.295161009E-1
3.952813796E1,-1.166578293E0,-9.707810402E0,-7.535857558E-1
3.954840936E1,-9.592275620E-1,-9.717910767E0,-9.013834596E-1
3.956868077E1,-8.440675735E-1,-9.722157478E0,-9.682940841E-1
3.958895212E1,-8.514307141E-1,-9.724411011E0,-9.387620687E-1
3.960922353E1,-9.162949324E-1,-9.725858688E0,-8.593434095E-1
3.962949493E1,-1.076140523E0,-9.716974258E0,-7.698951960E-1
3.964976629E1,-1.367223740E0,-9.687270164E0,-6.766700149E-1
3.967003769E1,-1.647005081E0,-9.650846481E0,-5.647283196E-1
3.969030905E1,-1.863489151E0,-9.617480278E0,-4.493016005E-1
3.971058046E1,-2.069356203E0,-9.577735901E0,-3.938809931E-1
3.973085186E1,-2.267152548E0,-9.531943321E0,-4.152748287E-1
3.975112322E1,-2.395591974E0,-9.499053001E0,-4.466645718E-1
3.977139462E1,-2.444760084E0,-9.484284401E0,-4.918190837E-1
3.979166598E1,-2.453157425E0,-9.476275444E0,-5.938173532E-1
3.981193738E1,-2.444304466E0,-9.466012955E0,-7.683451176E-1
3.983220874E1,-2.389638424E0,-9.459439278E0,-9.894594550E-1
3.985248014E1,-2.286392689E0,-9.457073212E0,-1.227423549E0
3.987275155E1,-2.118822336E0,-9.464096069E0,-1.453229070E0
3.989302290E1,-1.881145716E0,-9.485763550E0,-1.628492355E0
3.991329431E1,-1.620035291E0,-9.521026611E0,-1.701738715E0
3.993356572E1,-1.356830478E0,-9.563680649E0,-1.692749023E0
3.995383707E1,-1.092276931E0,-9.600837708E0,-1.673689246E0
3.997410848E1,-8.423718214E-1,-9.621068954E0,-1.701712012E0
3.999437983E1,-6.006849408E-1,-9.624339104E0,-1.783718348E0
4.001465124E1,-3.503940701E-1,-9.613636971E0,-1.904096961E0
4.003492259E1,-8.987602592E-2,-9.596316338E0,-2.018174171E0
4.005519400E1,1.553773880E-1,-9.577513695E0,-2.101780176E0
4.007546535E1,3.644021749E-1,-9.554677963E0,-2.178465128E0
4.009586535E1,5.166647434E-1,-9.530746460E0,-2.251293898E0
4.011600811E1,6.000654101E-1,-9.513092995E0,-2.304636955E0
4.013627952E1,6.115331054E-1,-9.511950493E0,-2.306342602E0
4.015655087E1,5.827854276E-1,-9.523632050E0,-2.265206337E0
4.017682228E1,5.125790238E-1,-9.538733482E0,-2.218151093E0
4.019709363E1,4.124860764E-1,-9.556989670E0,-2.159672499E0
4.021736504E1,2.901481688E-1,-9.580240250E0,-2.074896574E0
4.023763639E1,1.529874057E-1,-9.608123779E0,-1.957281590E0
4.025790780E1,-9.339296259E-3,-9.637691498E0,-1.812514067E0
4.027817915E1,-2.277695835E-1,-9.661217690E0,-1.667147517E0
4.029845056E1,-4.800556302E-1,-9.670245171E0,-1.557651639E0
4.031872191E1,-7.251770496E-1,-9.667599678E0,-1.477164149E0
4.033899332E1,-9.754759669E-1,-9.653873444E0,-1.421809793E0
4.035926467E1,-1.263610244E0,-9.622100830E0,-1.410270929E0
4.037953603E1,-1.605975389E0,-9.568575859E0,-1.426042438E0
4.039993603E1,-2.027450323E0,-9.552578926E0,-8.989292979E-1
4.042007879E1,-2.312209845E0,-9.516058922E0,-5.183472037E-1
4.044035019E1,-2.529592752E0,-9.472535133E0,-2.065169960E-1
4.046062155E1,-2.750569582E0,-9.411285400E0,1.801453829E-1
4.048089290E1,-2.934744358E0,-9.341279030E0,5.460672379E-1
4.050129290E1,-3.021405220E0,-9.303853989E0,6.926770210E-1
4.052143566E1,-3.093308687E0,-9.285091400E0,6.236169338E-1
4.054170707E1,-3.200885296E0,-9.257362366E0,4.753466845E-1
4.056197837E1,-3.336377382E0,-9.214500427E0,3.632713258E-1
4.058224978E1,-3.428587437E0,-9.183955193E0,2.648488879E-1
4.060264978E1,-3.441529512E0,-9.181161880E0,1.803747267E-1
4.062279254E1,-3.431198359E0,-9.184779167E0,1.925988048E-1
4.064306394E1,-3.366311073E0,-9.207525253E0,2.445641458E-1
4.066333530E1,-3.238748074E0,-9.251650810E0,2.964128256E-1
4.068360670E1,-3.047977209E0,-9.314556122E0,3.453510702E-1
4.070400671E1,-2.810317278E0,-9.387753487E0,3.775957227E-1
4.072414941E1,-2.544396162E0,-9.464138985E0,3.556602895E-1
4.074442082E1,-2.258772135E0,-9.540004730E0,2.379802763E-1
4.076469217E1,-2.014998198E0,-9.597344398E0,3.411401063E-2
4.078496358E1,-1.926792145E0,-9.615237236E0,-7.130283862E-2
4.080523493E1,-2.014369488E0,-9.597535133E0,-5.495495629E-3
4.082550624E1,-2.165303707E0,-9.563994408E0,1.088351607E-1
4.084577769E1,-2.264864922E0,-9.539487839E0,1.973557919E-1
4.086604905E1,-2.297690153E0,-9.528882980E0,3.023231030E-1
4.088632040E1,-2.355500460E0,-9.510558128E0,4.138697982E-1
4.090659181E1,-2.523396969E0,-9.464851379E0,4.684392512E-1
4.092686316E1,-2.741499662E0,-9.406792641E0,4.084521532E-1
4.094713457E1,-2.928630829E0,-9.354213715E0,3.036582172E-1
4.096740592E1,-3.071039200E0,-9.312058449E0,1.570552289E-1
4.098767728E1,-3.138349295E0,-9.290890694E0,-2.221467718E-2
4.100794868E1,-3.090100050E0,-9.306804657E0,-7.111716270E-2
4.102822004E1,-2.958829403E0,-9.349484444E0,-5.347365513E-2
4.104849139E1,-2.807615280E0,-9.395524025E0,-1.087074652E-1
4.106876280E1,-2.595871449E0,-9.453203201E0,-2.622798383E-1
4.108903415E1,-2.336749077E0,-9.512057304E0,-4.803636670E-1
4.110930551E1,-2.077863455E0,-9.556307793E0,-7.279005051E-1
4.112957691E1,-1.826398253E0,-9.587220192E0,-9.590983987E-1
4.114984827E1,-1.566265583E0,-9.610711098E0,-1.162509680E0
4.117011962E1,-1.268404245E0,-9.627869606E0,-1.365886807E0
4.119039103E1,-9.422401786E-1,-9.639146805E0,-1.539291978E0
4.121066238E1,-6.181375980E-1,-9.646007538E0,-1.656150699E0
4.123093374E1,-3.041578531E-1,-9.645056725E0,-1.746636748E0
4.125120514E1,-5.802099127E-3,-9.636739731E0,-1.817582130E0
4.127147650E1,2.502123117E-1,-9.624766350E0,-1.863241196E0
4.129174785E1,4.466616511E-1,-9.605398178E0,-1.925411224E0
4.131201926E1,5.813631415E-1,-9.575723648E0,-2.034185171E0
4.133229061E1,6.545767188E-1,-9.548980713E0,-2.135151625E0
4.135256196E1,6.390544772E-1,-9.539787292E0,-2.180470228E0
4.137283332E1,5.466186404E-1,-9.551720619E0,-2.153190851E0
4.139310472E1,4.257763922E-1,-9.581885338E0,-2.043666124E0
4.141337608E1,3.081485927E-1,-9.617184639E0,-1.893463135E0
4.143364743E1,2.018665522E-1,-9.645864487E0,-1.756968260E0
4.145391879E1,6.542050838E-2,-9.672409058E0,-1.615735054E0
4.147419019E1,-1.475274861E-1,-9.696953773E0,-1.455228209E0
4.149446155E1,-3.874519467E-1,-9.718103409E0,-1.256476760E0
4.151473290E1,-7.039377689E-1,-9.734296799E0,-9.582901597E-1
4.153500431E1,-1.186065793E0,-9.722371101E0,-4.889964163E-1
4.155527566E1,-1.868164778E0,-9.626596451E0,-9.478719532E-2
4.157554702E1,-2.539204359E0,-9.472067833E0,5.253808200E-2
4.159581837E1,-2.960337400E0,-9.348392487E0,1.197398007E-1
4.161608972E1,-3.210948467E0,-9.262120247E0,2.708087265E-1
4.163636113E1,-3.485145807E0,-9.152717590E0,5.019035339E-1
4.165663249E1,-3.752227306E0,-9.035136223E0,6.763741970E-1
4.167690384E1,-3.950984001E0,-8.937190056E0,8.286943436E-1
4.169717519E1,-4.084712982E0,-8.855493546E0,1.032339334E0
4.171744660E1,-4.164743900E0,-8.785562515E0,1.280307293E0
4.173771790E1,-4.206656456E0,-8.731133461E0,1.497246146E0
4.175798931E1,-4.217718124E0,-8.705397606E0,1.611613631E0
4.177826066E1,-4.190280914E0,-8.718113899E0,1.614441156E0
4.179853202E1,-4.107910633E0,-8.766875267E0,1.561201572E0
4.181880337E1,-3.941514969E0,-8.857258797E0,1.477777243E0
4.183907478E1,-3.666390181E0,-8.995668411E0,1.343844771E0
4.185934613E1,-3.253822803E0,-9.185507774E0,1.099761367E0
4.187961749E1,-2.715018034E0,-9.397674561E0,6.948133707E-1
4.190001749E1,-2.197354555E0,-9.547018051E0,4.432363212E-1
4.192016019E1,-1.951016307E0,-9.585935593E0,6.883064508E-1
4.194043160E1,-1.922127843E0,-9.582966805E0,8.016057611E-1
4.196070296E1,-1.962183475E0,-9.572320938E0,8.311890960E-1
4.198097431E1,-1.950881124E0,-9.562526703E0,9.604855776E-1
4.200137431E1,-2.025077343E0,-9.526367188E0,1.147943735E0
4.202151702E1,-2.323083639E0,-9.465309143E0,1.087010026E0
4.204178837E1,-2.660791874E0,-9.403883934E0,8.108915687E-1
4.206205973E1,-2.922507763E0,-9.344029427E0,5.643123984E-1
4.208233108E1,-3.093291283E0,-9.295696259E0,4.381299913E-1
4.210273108E1,-3.128010511E0,-9.282360077E0,4.729897976E-1
4.212287379E1,-3.051758289E0,-9.305916786E0,5.070240498E-1
4.214314519E1,-2.931179285E0,-9.348011971E0,4.396067560E-1
4.216341655E1,-2.778227329E0,-9.400401115E0,2.903597355E-1
4.218368790E1,-2.594154358E0,-9.456874847E0,9.094373137E-2
4.220395926E1,-2.407779217E0,-9.505284309E0,-1.502124071E-1
4.222423061E1,-2.202051878E0,-9.544606209E0,-4.709845781E-1
4.224450197E1,-1.928504944E0,-9.572549820E0,-9.041843414E-1
4.226477332E1,-1.651682615E0,-9.588179588E0,-1.228467464E0
4.228504462E1,-1.423959374E0,-9.624763489E0,-1.227457285E0
4.230531603E1,-1.146360278E0,-9.669002533E0,-1.169036388E0
4.232558738E1,-8.206815124E-1,-9.705940247E0,-1.136483073E0
4.234585874E1,-4.948619604E-1,-9.729516029E0,-1.123392105E0
4.236613009E1,-1.890642196E-1,-9.736343384E0,-1.156829119E0
4.238640144E1,9.719023854E-2,-9.724874496E0,-1.260067940E0
4.240667280E1,3.608261645E-1,-9.697770119E0,-1.411891341E0
4.242694415E1,5.534264445E-1,-9.663106918E0,-1.577486396E0
4.244721551E1,6.114501953E-1,-9.636980057E0,-1.710301042E0
4.246748686E1,6.332446933E-1,-9.633827209E0,-1.720106244E0
4.248775822E1,6.537917256E-1,-9.650706291E0,-1.614565015E0
4.250802957E1,6.354094148E-1,-9.672424316E0,-1.486895919E0
4.252830087E1,5.863004923E-1,-9.695756912E0,-1.348674059E0
4.254857228E1,4.157607257E-1,-9.744525909E0,-1.020657539E0
4.256884363E1,-4.228404909E-2,-9.801392555E0,-3.182687759E-1
4.258911499E1,-6.849923730E-1,-9.780826569E0,1.913003772E-1
4.260938634E1,-1.450144410E0,-9.690247536E0,4.081152081E-1
4.262965769E1,-2.236506939E0,-9.535820961E0,4.863546789E-1
4.264992905E1,-2.936591148E0,-9.343723297E0,4.915706813E-1
4.267020040E1,-3.507371902E0,-9.149463654E0,3.950353861E-1
4.269047176E1,-3.930288553E0,-8.971762657E0,4.802997112E-1
4.271074311E1,-4.256912231E0,-8.808949471E0,6.719490886E-1
4.273101446E1,-4.487640858E0,-8.680605888E0,8.237323761E-1
4.275128582E1,-4.609045506E0,-8.595369339E0,1.023086071E0
4.277155717E1,-4.630699158E0,-8.543778419E0,1.315619349E0
4.279182853E1,-4.587905407E0,-8.513993263E0,1.622785330E0
4.281209988E1,-4.512113094E0,-8.512668610E0,1.829126000E0
4.283237124E1,-4.424572945E0,-8.546222687E0,1.885635257E0
4.285264259E1,-4.312739372E0,-8.617774010E0,1.817864537E0
4.287291394E1,-4.152973652E0,-8.725018501E0,1.672495604E0
4.289318530E1,-3.898874044E0,-8.878273010E0,1.464737892E0
4.291345665E1,-3.512905121E0,-9.080173492E0,1.174877882E0
4.293372801E1,-3.019534349E0,-9.298969269E0,7.628632188E-1
4.295399936E1,-2.558380842E0,-9.454271317E0,4.917565584E-1
4.297427072E1,-2.339148998E0,-9.491647720E0,7.793470621E-1
4.299454207E1,-2.224389076E0,-9.512275696E0,8.597006202E-1
4.301481342E1,-2.175377607E0,-9.523707390E0,8.585545421E-1
4.303508473E1,-2.147496939E0,-9.519229889E0,9.710309505E-1
4.305535608E1,-2.240485191E0,-9.486533165E0,1.075318456E0
4.307562743E1,-2.594692945E0,-9.424085617E0,7.902995944E-1
4.309589879E1,-2.914219141E0,-9.355430603E0,3.919593692E-1
4.311617014E1,-3.133713007E0,-9.289239883E0,2.454829961E-1
4.313644150E1,-3.208823681E0,-9.259673119E0,3.637107909E-1
4.315671285E1,-3.139275551E0,-9.272221565E0,5.841661692E-1
4.317698421E1,-2.995486259E0,-9.307854652E0,7.491927743E-1
4.319725556E1,-2.822233677E0,-9.362236023E0,7.442665696E-1
4.321752691E1,-2.622757673E0,-9.431653976E0,5.791702867E-1
4.323779827E1,-2.400368929E0,-9.503223419E0,3.119983077E-1
4.325806962E1,-2.186039686E0,-9.559895515E0,-3.867745865E-3
4.327834092E1,-1.991668701E0,-9.596673965E0,-3.278532326E-1
4.329861228E1,-1.800130486E0,-9.617617607E0,-6.567785740E-1
4.331888363E1,-1.559379458E0,-9.627157211E0,-1.027898788E0
4.333915499E1,-1.224949002E0,-9.617338181E0,-1.475360155E0
4.335942634E1,-8.535728455E-1,-9.603922844E0,-1.790655494E0
4.337969769E1,-5.465258956E-1,-9.630861282E0,-1.765841842E0
4.340009769E1,-2.361287773E-1,-9.655165672E0,-1.700707793E0
4.342024040E1,6.333661824E-2,-9.657685280E0,-1.701611042E0
4.344051171E1,3.107907474E-1,-9.648241043E0,-1.727783561E0
4.346078306E1,4.946438968E-1,-9.632017136E0,-1.774806619E0
4.348105441E1,6.187496185E-1,-9.614127159E0,-1.831966162E0
4.350145441E1,6.490569115E-1,-9.606722832E0,-1.860100627E0
4.352159712E1,6.397483349E-1,-9.614439964E0,-1.823087573E0
4.354186848E1,6.190075874E-1,-9.630453110E0,-1.744015574E0
4.356213978E1,5.487569571E-1,-9.649391174E0,-1.660870910E0
4.358241113E1,4.262062609E-1,-9.675888062E0,-1.538163781E0
4.360281113E1,2.229444683E-1,-9.726628304E0,-1.230197430E0
4.362295384E1,-1.785086244E-1,-9.793679237E0,-4.715768695E-1
4.364322519E1,-8.091822267E-1,-9.772922516E0,7.481377572E-2
4.366349655E1,-1.564664364E0,-9.675264359E0,3.338741064E-1
4.368376790E1,-2.296348333E0,-9.521593094E0,4.862534404E-1
4.370416790E1,-2.842874050E0,-9.367347717E0,5.841690898E-1
4.372431056E1,-3.208122492E0,-9.246373177E0,6.187931299E-1
4.374458191E1,-3.551896572E0,-9.119930267E0,6.174864769E-1
4.376485327E1,-3.876845837E0,-8.977781296E0,7.347651124E-1
4.378512462E1,-4.116582870E0,-8.853222847E0,9.190135002E-1
4.380539592E1,-4.260097027E0,-8.758772850E0,1.142743111E0
4.382566728E1,-4.337223053E0,-8.684885025E0,1.389836669E0
4.384593863E1,-4.367753983E0,-8.630734444E0,1.613546968E0
4.386620993E1,-4.355248451E0,-8.604572296E0,1.778632879E0
4.388648129E1,-4.285368443E0,-8.620265007E0,1.870039105E0
4.390675264E1,-4.164567471E0,-8.675423622E0,1.887800336E0
4.392702400E1,-3.967872381E0,-8.777456284E0,1.839195609E0
4.394729535E1,-3.668969154E0,-8.932816505E0,1.707002521E0
4.396756665E1,-3.256710768E0,-9.134456635E0,1.458056450E0
4.398783801E1,-2.787960768E0,-9.340032578E0,1.077710867E0
4.400810936E1,-2.379779100E0,-9.478417397E0,8.164845109E-1
4.402838072E1,-2.131353617E0,-9.525512695E0,9.446344972E-1
4.404865202E1,-2.010080576E0,-9.542036057E0,1.038999677E0
4.406892337E1,-1.988881588E0,-9.548517227E0,1.020075321E0
4.408919473E1,-2.000676870E0,-9.544291496E0,1.036424398E0
4.410946603E1,-2.178577423E0,-9.504201889E0,1.046111345E0
4.412973738E1,-2.575208902E0,-9.426383018E0,8.258169889E-1
4.415000874E1,-2.889553547E0,-9.352642059E0,5.907165408E-1
4.417028009E1,-3.093110323E0,-9.292459488E0,5.032342672E-1
4.419055139E1,-3.164240837E0,-9.259892464E0,6.421528459E-1
4.421082275E1,-3.078712702E0,-9.269457817E0,8.769683838E-1
4.423109410E1,-2.905352592E0,-9.310038567E0,1.025911331E0
4.425136540E1,-2.720504522E0,-9.367453575E0,1.009972572E0
4.427163676E1,-2.513048410E0,-9.440237045E0,8.584415317E-1
4.429190811E1,-2.269449711E0,-9.520983696E0,6.089781523E-1
4.431217941E1,-2.028902054E0,-9.590003014E0,2.928894460E-1
4.433245077E1,-1.818822980E0,-9.636163712E0,-8.141808212E-2
4.435272212E1,-1.610096693E0,-9.656553268E0,-5.735387802E-1
4.437299348E1,-1.343999982E0,-9.648862839E0,-1.124058008E0
4.439326478E1,-1.099280238E0,-9.659699440E0,-1.285367966E0
4.441353613E1,-8.729888201E-1,-9.693852425E0,-1.198961735E0
4.443380749E1,-6.066498756E-1,-9.720057487E0,-1.150149822E0
4.445407879E1,-3.448264897E-1,-9.732833862E0,-1.150400639E0
4.447435014E1,-9.917526692E-2,-9.732580185E0,-1.198932171E0
4.449462150E1,1.399216801E-1,-9.718708992E0,-1.302883267E0
4.451489280E1,3.490824699E-1,-9.692723274E0,-1.449014664E0
4.453516415E1,4.811021388E-1,-9.665784836E0,-1.584783196E0
4.455543551E1,5.100722313E-1,-9.655619621E0,-1.636831403E0
4.457570681E1,5.244672298E-1,-9.668031693E0,-1.557076454E0
4.459610681E1,5.346097946E-1,-9.688364983E0,-1.421328306E0
4.461624952E1,5.209685564E-1,-9.703669548E0,-1.318241596E0
4.463652087E1,4.835801125E-1,-9.716373444E0,-1.236376405E0
4.465679223E1,3.591496646E-1,-9.738580704E0,-1.096107960E0
4.467706353E1,8.677782118E-2,-9.782345772E0,-6.845392585E-1
4.469733488E1,-4.414612353E-1,-9.796617508E0,-4.225312173E-2
4.471760624E1,-1.135884285E0,-9.733466148E0,3.738821745E-1
4.473787759E1,-1.863255143E0,-9.611663818E0,5.608983040E-1
4.475814894E1,-2.504848957E0,-9.460762978E0,6.245654225E-1
4.477842025E1,-3.008914232E0,-9.312820435E0,6.230586171E-1
4.479869160E1,-3.408408880E0,-9.174938202E0,6.112599969E-1
4.481909160E1,-3.752027750E0,-9.028574944E0,7.599294782E-1
4.483923431E1,-4.013719082E0,-8.902197838E0,9.007361531E-1
4.485950566E1,-4.180420399E0,-8.814758301E0,9.972526431E-1
4.487977702E1,-4.264271736E0,-8.757951736E0,1.133425236E0
4.490017702E1,-4.281754494E0,-8.722532272E0,1.324535012E0
4.492031973E1,-4.253489494E0,-8.706659317E0,1.507412553E0
4.494059103E1,-4.189425468E0,-8.717366219E0,1.620684981E0
4.496086243E1,-4.117240906E0,-8.747672081E0,1.642242789E0
4.498113374E1,-4.027337551E0,-8.800378799E0,1.582490683E0
4.500153374E1,-3.868440866E0,-8.893366814E0,1.453813553E0
4.502167650E1,-3.610549927E0,-9.028951645E0,1.269778013E0
4.504194785E1,-3.232950926E0,-9.203362465E0,1.008228302E0
4.506221921E1,-2.767167568E0,-9.384808540E0,6.622306705E-1
4.508249056E1,-2.328862429E0,-9.512675285E0,5.057595372E-1
4.510289056E1,-2.058526278E0,-9.559909821E0,7.355126739E-1
4.512303327E1,-1.976107478E0,-9.569802284E0,8.272066116E-1
4.514330467E1,-2.018960238E0,-9.558294296E0,8.562675714E-1
4.516357603E1,-2.056336164E0,-9.544419289E0,9.197418690E-1
4.518384738E1,-2.062809467E0,-9.528626442E0,1.058518648E0
4.520411879E1,-2.154715061E0,-9.495971680E0,1.163664579E0
4.522439014E1,-2.444669962E0,-9.445247650E0,9.905906320E-1
4.524466150E1,-2.835913897E0,-9.367780685E0,6.104678512E-1
4.526493290E1,-3.169907093E0,-9.272475243E0,3.785188794E-1
4.528520426E1,-3.367281914E0,-9.203454971E0,3.580876291E-1
4.530547566E1,-3.354205370E0,-9.204948425E0,4.343207777E-1
4.532574702E1,-3.173603773E0,-9.267192841E0,4.666425288E-1
4.534601842E1,-2.946711063E0,-9.344907761E0,3.999929726E-1
4.536628972E1,-2.695837736E0,-9.425615311E0,2.462274283E-1
4.538656118E1,-2.403882980E0,-9.507382393E0,3.778136149E-2
4.540683254E1,-2.109302282E0,-9.574746132E0,-2.132401466E-1
4.542710394E1,-1.839847684E0,-9.619626045E0,-4.981528223E-1
4.544737535E1,-1.586462855E0,-9.641394615E0,-8.348830938E-1
4.546764676E1,-1.295990467E0,-9.639342308E0,-1.254544735E0
4.548791811E1,-9.853221774E-1,-9.629691124E0,-1.571171761E0
4.550818952E1,-7.009581923E-1,-9.647402763E0,-1.614516020E0
4.552846087E1,-4.200333357E-1,-9.671963692E0,-1.564309001E0
4.554873233E1,-1.291525662E-1,-9.680300713E0,-1.563804150E0
4.556900374E1,1.618103832E-1,-9.670900345E0,-1.617987990E0
4.558927509E1,4.456169009E-1,-9.643882751E0,-1.722598195E0
4.560954650E1,6.944147944E-1,-9.604139328E0,-1.857064366E0
4.562981790E1,8.643715978E-1,-9.566720963E0,-1.975125551E0
4.565008936E1,9.167381525E-1,-9.549815178E0,-2.032490015E0
4.567036066E1,9.005996585E-1,-9.556574821E0,-2.007777214E0
4.569063217E1,8.885802627E-1,-9.576530457E0,-1.915952444E0
4.571090358E1,8.555901647E-1,-9.598555565E0,-1.818262458E0
4.573117499E1,7.967942357E-1,-9.618725777E0,-1.736554384E0
4.575144639E1,6.920232177E-1,-9.648872375E0,-1.609581470E0
4.577171780E1,4.670297801E-1,-9.717810631E0,-1.231430292E0
4.579198926E1,-7.516174112E-3,-9.793570518E0,-5.062743425E-1
4.581226066E1,-6.846724153E-1,-9.782671928E0,3.062537685E-2
4.583253207E1,-1.496142983E0,-9.687019348E0,3.059263527E-1
4.585280353E1,-2.278440237E0,-9.529954910E0,3.988095522E-1
4.587307493E1,-2.875972033E0,-9.367135048E0,3.949040771E-1
4.589334639E1,-3.316491604E0,-9.221137047E0,3.767050505E-1
4.591361780E1,-3.689958096E0,-9.066768646E0,5.901778936E-1
4.593388926E1,-3.998426676E0,-8.911510468E0,8.763208389E-1
4.595416066E1,-4.200456619E0,-8.791295052E0,1.113404512E0
4.597443212E1,-4.299039841E0,-8.712941170E0,1.331651568E0
4.599470358E1,-4.332131386E0,-8.660958290E0,1.546230316E0
4.601497504E1,-4.346576214E0,-8.617095947E0,1.738770008E0
4.603524650E1,-4.336834431E0,-8.589918137E0,1.890918970E0
4.605551790E1,-4.294061661E0,-8.597622871E0,1.952516913E0
4.607578936E1,-4.217360020E0,-8.641443253E0,1.926064134E0
4.609606082E1,-4.066576481E0,-8.729166031E0,1.853374720E0
4.611633228E1,-3.814690351E0,-8.867230415E0,1.729383945E0
4.613660368E1,-3.449189425E0,-9.054825783E0,1.511165261E0
4.615687519E1,-2.976390839E0,-9.273543358E0,1.145806432E0
4.617714665E1,-2.492646456E0,-9.456130028E0,7.339698076E-1
4.619741811E1,-2.196101427E0,-9.523536682E0,8.060883284E-1
4.621768957E1,-2.020970821E0,-9.546151161E0,9.782849550E-1
4.623796103E1,-1.980362892E0,-9.553972244E0,9.849711657E-1
4.625823249E1,-1.967827559E0,-9.552351952E0,1.024984002E0
4.627850394E1,-1.969749212E0,-9.528719902E0,1.222275496E0
4.629877546E1,-2.209310532E0,-9.479542732E0,1.194826961E0
4.631904691E1,-2.617757082E0,-9.424021721E0,7.110165954E-1
4.633931837E1,-2.922521353E0,-9.355850220E0,3.119683862E-1
4.635958983E1,-3.128485680E0,-9.292269707E0,1.915521026E-1
4.637986134E1,-3.157365084E0,-9.280303955E0,2.782171965E-1
4.640026134E1,-3.021095991E0,-9.321638107E0,3.878621459E-1
4.642040421E1,-2.807921410E0,-9.386384010E0,4.263133109E-1
4.644067577E1,-2.574366808E0,-9.456369400E0,3.465683162E-1
4.646094728E1,-2.309981346E0,-9.529203415E0,1.692661047E-1
4.648121874E1,-2.038937330E0,-9.592061043E0,-7.405791432E-2
4.650161874E1,-1.783767462E0,-9.635801315E0,-3.740102351E-1
4.652176170E1,-1.546173334E0,-9.655952454E0,-7.364236712E-1
4.654203322E1,-1.284479022E0,-9.653892517E0,-1.150154471E0
4.656230473E1,-9.889565706E-1,-9.644851685E0,-1.472819686E0
4.658257618E1,-6.862899065E-1,-9.651638031E0,-1.595391154E0
4.660297618E1,-3.716320693E-1,-9.670573235E0,-1.585026860E0
4.662311920E1,-5.134833977E-2,-9.677021027E0,-1.588401556E0
4.664339072E1,2.543407977E-1,-9.665288925E0,-1.639472961E0
4.666366222E1,5.179787278E-1,-9.636865616E0,-1.741522670E0
4.668393374E1,7.366715074E-1,-9.597260475E0,-1.876251340E0
4.670433374E1,9.168880582E-1,-9.554323196E0,-2.011121750E0
4.672447676E1,1.007732630E0,-9.526219368E0,-2.099048376E0
4.674474827E1,9.940622449E-1,-9.526493073E0,-2.104317665E0
4.676501978E1,9.636332989E-1,-9.548593521E0,-2.016475916E0
4.678529129E1,8.908108473E-1,-9.578221321E0,-1.906444311E0
4.680556280E1,7.717595100E-1,-9.616413116E0,-1.760501027E0
4.682583436E1,5.577595830E-1,-9.673149109E0,-1.513105035E0
4.684610587E1,2.060982883E-1,-9.755116463E0,-9.826537967E-1
4.686637738E1,-3.153131902E-1,-9.794078827E0,-3.833994865E-1
4.688664889E1,-1.007025123E0,-9.754475594E0,8.062196523E-2
4.690692046E1,-1.786315560E0,-9.635103226E0,3.798094392E-1
4.692719197E1,-2.483518124E0,-9.474663734E0,4.829649627E-1
4.694746353E1,-3.018305540E0,-9.320919037E0,4.250541627E-1
4.696773504E1,-3.473991394E0,-9.165724754E0,3.020948470E-1
4.698800660E1,-3.877233505E0,-8.996617317E0,4.453356266E-1
4.700827811E1,-4.158444405E0,-8.842852592E0,8.256376386E-1
4.702854967E1,-4.307862282E0,-8.730517387E0,1.179310322E0
4.704882118E1,-4.353390217E0,-8.665723801E0,1.457259893E0
4.706909275E1,-4.346527576E0,-8.632868767E0,1.658811688E0
4.708936431E1,-4.326035023E0,-8.614890099E0,1.799852967E0
4.710963582E1,-4.281258583E0,-8.620507240E0,1.878316283E0
4.712990738E1,-4.217066288E0,-8.652471542E0,1.876554966E0
4.715017894E1,-4.122175217E0,-8.710421562E0,1.818405151E0
4.717045051E1,-3.938657522E0,-8.816615105E0,1.710167289E0
4.719072207E1,-3.639945745E0,-8.976016998E0,1.533720374E0
4.721099358E1,-3.217316389E0,-9.180033684E0,1.243479013E0
4.723126514E1,-2.733563423E0,-9.378510475E0,8.611319661E-1
4.725153670E1,-2.327991009E0,-9.489282608E0,8.392578363E-1
4.727180827E1,-2.046852827E0,-9.543091774E0,9.540270567E-1
4.729215853E1,-1.944805026E0,-9.570662498E0,8.891354203E-1
4.731235155E1,-1.931885481E0,-9.580077171E0,8.126012683E-1
4.733262306E1,-1.931844473E0,-9.576142311E0,8.578231335E-1
4.735289462E1,-2.030402660E0,-9.548754692E0,9.322774410E-1
4.737316618E1,-2.326978207E0,-9.500965118E0,6.980158091E-1
4.739343775E1,-2.629844666E0,-9.440381050E0,3.654049933E-1
4.741370931E1,-2.879019976E0,-9.372798920E0,1.796605438E-1
4.743398087E1,-3.016768217E0,-9.328314781E0,2.280951142E-1
4.745425243E1,-3.011296511E0,-9.324413300E0,3.972180784E-1
4.747452400E1,-2.889394045E0,-9.356863976E0,5.204644799E-1
4.749479556E1,-2.732285500E0,-9.405348778E0,4.943860173E-1
4.751506712E1,-2.579740524E0,-9.455380440E0,3.333102763E-1
4.753533874E1,-2.414578199E0,-9.504356384E0,8.600158244E-2
4.755561030E1,-2.233677149E0,-9.546364784E0,-2.190849632E-1
4.757588186E1,-2.021182299E0,-9.578901291E0,-5.743390918E-1
4.759615348E1,-1.741170883E0,-9.595235825E0,-1.034487724E0
4.761642504E1,-1.421033621E0,-9.594340324E0,-1.449036956E0
4.763669665E1,-1.153089166E0,-9.620790482E0,-1.510359406E0
4.765696822E1,-8.571112156E-1,-9.663075447E0,-1.435523391E0
4.767723983E1,-5.035926700E-1,-9.694376945E0,-1.391351223E0
4.769751139E1,-1.333814412E-1,-9.707523346E0,-1.384407520E0
4.771778301E1,2.165227234E-1,-9.700324059E0,-1.423809409E0
4.773805462E1,5.316752791E-1,-9.676745415E0,-1.499440193E0
4.775832618E1,8.030041456E-1,-9.641807556E0,-1.600348592E0
4.777859780E1,9.868907332E-1,-9.603983879E0,-1.720444798E0
4.779890874E1,1.056453466E0,-9.576293945E0,-1.829995394E0
4.781914103E1,1.106688738E0,-9.567330360E0,-1.847110868E0
4.783941264E1,1.139186740E0,-9.577655792E0,-1.772323966E0
4.785968426E1,1.129531503E0,-9.598692894E0,-1.661218047E0
4.787995587E1,1.027907014E0,-9.635622978E0,-1.506181598E0
4.790035587E1,8.172812462E-1,-9.689455986E0,-1.271573544E0
4.792049900E1,4.536833167E-1,-9.765370369E0,-7.759374380E-1
4.794077061E1,-1.829958409E-1,-9.802911758E0,-1.995527297E-1
4.796104222E1,-1.020295620E0,-9.752190590E0,1.553789228E-1
4.798131384E1,-1.865110159E0,-9.623292923E0,2.898013890E-1
4.800171384E1,-2.536677361E0,-9.467420578E0,3.218704164E-1
4.802185697E1,-2.989987135E0,-9.332394600E0,3.698480725E-1
4.804212863E1,-3.364812136E0,-9.196888924E0,5.154197812E-1
4.806240025E1,-3.711099625E0,-9.046104431E0,7.524147034E-1
4.808267186E1,-4.007998943E0,-8.898694038E0,9.589468837E-1
4.810307186E1,-4.208807945E0,-8.781398773E0,1.159027219E0
4.812321509E1,-4.307550907E0,-8.703914642E0,1.362813950E0
4.814348670E1,-4.348511219E0,-8.655396461E0,1.531323791E0
4.816375832E1,-4.353498459E0,-8.633259773E0,1.638374090E0
4.818402993E1,-4.328270435E0,-8.641767502E0,1.660214663E0
4.820430155E1,-4.269541264E0,-8.679236412E0,1.616253257E0
4.822457316E1,-4.129655361E0,-8.760042191E0,1.542076707E0
4.824484478E1,-3.877659082E0,-8.893110275E0,1.430638909E0
4.826511639E1,-3.506108522E0,-9.071797371E0,1.257011533E0
4.828538801E1,-3.039226532E0,-9.270308495E0,9.974225163E-1
4.830565962E1,-2.565630674E0,-9.433195114E0,7.763815522E-1
4.832593124E1,-2.175605774E0,-9.523118973E0,8.644912839E-1
4.834620285E1,-1.920564890E0,-9.574721336E0,8.980728388E-1
4.836647446E1,-1.845960259E0,-9.595936775E0,8.251290321E-1
4.838674613E1,-1.822553754E0,-9.603403091E0,7.895146012E-1
4.840701775E1,-1.836871028E0,-9.597204208E0,8.306362033E-1
4.842728936E1,-2.034501553E0,-9.564497948E0,7.426814437E-1
4.844756098E1,-2.409220934E0,-9.496604919E0,4.248862267E-1
4.846783259E1,-2.733103514E0,-9.414471626E0,2.612659931E-1
4.848823259E1,-2.966560125E0,-9.340998650E0,3.400753736E-1
4.850837582E1,-3.044377327E0,-9.307210922E0,5.272358060E-1
4.852864749E1,-2.967531681E0,-9.321112633E0,6.935407519E-1
4.854891910E1,-2.814546824E0,-9.365907669E0,7.269639373E-1
4.856919072E1,-2.666764975E0,-9.418458939E0,5.927790403E-1
4.858946238E1,-2.475181341E0,-9.482831955E0,3.460618258E-1
4.860973400E1,-2.235662699E0,-9.548338890E0,3.763318062E-2
4.863000561E1,-1.988260984E0,-9.598557472E0,-2.913663089E-1
4.865027722E1,-1.758058906E0,-9.628134727E0,-6.153384447E-1
4.867054884E1,-1.515368938E0,-9.639257431E0,-9.791662097E-1
4.869082046E1,-1.200202942E0,-9.625247955E0,-1.443779826E0
4.871109207E1,-8.694620132E-1,-9.610100746E0,-1.749401331E0
4.873136374E1,-5.971542001E-1,-9.639033318E0,-1.703772545E0
4.875163535E1,-3.079211414E-1,-9.667731285E0,-1.615720987E0
4.877190697E1,-6.773708854E-3,-9.676672935E0,-1.591335177E0
4.879217863E1,2.710606456E-1,-9.667761803E0,-1.622130036E0
4.881245025E1,5.156893730E-1,-9.648862839E0,-1.674482346E0
4.883272186E1,7.277373075E-1,-9.623793602E0,-1.738789439E0
4.885299348E1,8.784832954E-1,-9.598349571E0,-1.808405995E0
4.887326514E1,9.291169047E-1,-9.586323738E0,-1.846491098E0
4.889353676E1,9.289137125E-1,-9.588969231E0,-1.832809925E0
4.891380837E1,9.523139596E-1,-9.599087715E0,-1.766636372E0
4.893407999E1,9.439879656E-1,-9.614009857E0,-1.688218832E0
4.895435160E1,8.788427114E-1,-9.634103775E0,-1.606884360E0
4.897462327E1,7.212175131E-1,-9.664258003E0,-1.500775456E0
4.899489488E1,4.788921177E-1,-9.720131874E0,-1.208342075E0
4.901516655E1,1.330154203E-2,-9.793018341E0,-5.167285204E-1
4.903543816E1,-6.695396900E-1,-9.783690453E0,-3.888377547E-2
4.905570978E1,-1.435968161E0,-9.698424339E0,2.212235332E-1
4.907598144E1,-2.140782595E0,-9.562349319E0,3.859082162E-1
4.909638144E1,-2.698432684E0,-9.414577484E0,5.045758486E-1
4.911652467E1,-3.124942780E0,-9.277433395E0,5.782426000E-1
4.913679629E1,-3.512940407E0,-9.135874748E0,6.045163274E-1
4.915706796E1,-3.861442089E0,-8.991471291E0,6.427277923E-1
4.917733957E1,-4.137463570E0,-8.858824730E0,7.569735646E-1
4.919761118E1,-4.318414688E0,-8.750787735E0,9.723191857E-1
4.921788285E1,-4.405939579E0,-8.672989845E0,1.239894152E0
4.923815446E1,-4.414219856E0,-8.633059502E0,1.468102813E0
4.925842608E1,-4.358494282E0,-8.634622574E0,1.617782354E0
4.927869775E1,-4.268683434E0,-8.669154167E0,1.671676278E0
4.929909775E1,-4.151879787E0,-8.730752945E0,1.645063996E0
4.931924098E1,-3.962220669E0,-8.834740639E0,1.555166721E0
4.933951264E1,-3.658706188E0,-8.991835594E0,1.389659286E0
4.935978426E1,-3.231590986E0,-9.190816879E0,1.120763898E0
4.938005592E1,-2.734895706E0,-9.386631966E0,7.628045678E-1
4.940045592E1,-2.298841953E0,-9.510644913E0,6.582908630E-1
4.942059915E1,-1.993709326E0,-9.565602303E0,8.335291147E-1
4.944087082E1,-1.837803245E0,-9.594670296E0,8.574212790E-1
4.946114243E1,-1.787348747E0,-9.608717918E0,8.051863313E-1
4.948141410E1,-1.778264880E0,-9.605805397E0,8.582880497E-1
4.950181410E1,-1.925594091E0,-9.578311920E0,8.475920558E-1
4.952195728E1,-2.298675776E0,-9.518905640E0,5.262318254E-1
4.954235728E1,-2.643171549E0,-9.441980362E0,1.817636192E-1
4.956250066E1,-2.880945921E0,-9.373257637E0,1.121655926E-1
4.958277228E1,-2.977042198E0,-9.338590622E0,3.135747612E-1
4.960317228E1,-2.897688627E0,-9.349078178E0,6.070642471E-1
4.962331556E1,-2.720209599E0,-9.388025284E0,7.973889112E-1
4.964358717E1,-2.525311232E0,-9.443496704E0,7.833012342E-1
4.966385884E1,-2.311886072E0,-9.511107445E0,6.036596298E-1
4.968413046E1,-2.072604895E0,-9.579743385E0,3.212661743E-1
4.970453046E1,-1.837340355E0,-9.632969856E0,-2.142954245E-2
4.972467374E1,-1.627623558E0,-9.663201332E0,-3.791736960E-1
4.974494540E1,-1.420011759E0,-9.672399521E0,-7.737195492E-1
4.976521707E1,-1.146088600E0,-9.656304359E0,-1.269902468E0
4.978548868E1,-8.244441748E-1,-9.629749298E0,-1.660903215E0
4.980576035E1,-5.740281940E-1,-9.653820038E0,-1.626233578E0
4.982603197E1,-3.289177716E-1,-9.682833672E0,-1.518197417E0
4.984630363E1,-8.854846656E-2,-9.692024231E0,-1.492384195E0
4.986657525E1,1.179173812E-1,-9.686195374E0,-1.527779698E0
4.988684691E1,3.112134337E-1,-9.665754318E0,-1.626877785E0
4.990711853E1,4.938075840E-1,-9.634202003E0,-1.763147116E0
4.992739019E1,6.274930835E-1,-9.604741096E0,-1.877655864E0
4.994766181E1,6.637418270E-1,-9.596277237E0,-1.908221006E0
4.996793348E1,6.397715211E-1,-9.611240387E0,-1.839873791E0
4.998820514E1,6.074701548E-1,-9.632804871E0,-1.735058427E0
5.000847676E1,5.721976161E-1,-9.648524284E0,-1.657995343E0
5.002874837E1,4.962970316E-1,-9.663388252E0,-1.594681621E0
5.004902004E1,3.370152414E-1,-9.684885979E0,-1.503261447E0
5.006929171E1,1.363246590E-1,-9.717822075E0,-1.309864879E0
5.008956332E1,-2.001174986E-1,-9.776055336E0,-7.477193475E-1
5.010983499E1,-8.165945411E-1,-9.770742416E0,-1.901853085E-1
5.013010660E1,-1.613922715E0,-9.672180176E0,1.206888109E-1
5.015037827E1,-2.345485210E0,-9.520408630E0,1.758185923E-1
5.017064993E1,-2.814473867E0,-9.392527580E0,1.718797386E-1
5.019092155E1,-3.115726709E0,-9.295730591E0,2.280929983E-1
5.021119322E1,-3.420346022E0,-9.176589966E0,5.116936564E-1
5.023146483E1,-3.705818415E0,-9.044980049E0,7.909681797E-1
5.025173650E1,-3.903854370E0,-8.940449715E0,9.993391037E-1
5.027200816E1,-4.004929066E0,-8.872679710E0,1.185951829E0
5.029227978E1,-4.029313087E0,-8.832247734E0,1.387960315E0
5.031255144E1,-4.019132614E0,-8.807089806E0,1.565928102E0
5.033282311E1,-3.996415138E0,-8.802028656E0,1.650252700E0
5.035309473E1,-3.943304062E0,-8.828055382E0,1.638957977E0
5.037336639E1,-3.847006798E0,-8.879957199E0,1.586592913E0
5.039363801E1,-3.670289755E0,-8.965403557E0,1.523451805E0
5.041390967E1,-3.399154186E0,-9.089200020E0,1.415126681E0
5.043418134E1,-3.032657862E0,-9.247336388E0,1.208364487E0
5.045445296E1,-2.581483603E0,-9.418838501E0,8.898431063E-1
5.047472462E1,-2.185552120E0,-9.530517578E0,7.503368258E-1
5.049499624E1,-1.953732014E0,-9.560500145E0,9.747511148E-1
5.051526790E1,-1.817032933E0,-9.579523087E0,1.049530864E0
5.053553957E1,-1.794117093E0,-9.588249207E0,1.008476734E0
5.055581118E1,-1.872856498E0,-9.568479538E0,1.052133203E0
5.057608285E1,-2.130447388E0,-9.513636589E0,1.059376836E0
5.059635447E1,-2.468659163E0,-9.451244354E0,8.660790324E-1
5.061662613E1,-2.670173407E0,-9.415910721E0,6.174108982E-1
5.063689780E1,-2.767920494E0,-9.392784119E0,5.334984660E-1
5.065716941E1,-2.755927086E0,-9.388126373E0,6.620823741E-1
5.067744108E1,-2.613210440E0,-9.415475845E0,8.308601975E-1
5.069771275E1,-2.426350594E0,-9.458893776E0,9.014068246E-1
5.071798436E1,-2.224476337E0,-9.515761375E0,8.199823499E-1
5.073825603E1,-1.995173216E0,-9.582408905E0,6.058846712E-1
5.075852764E1,-1.756638885E0,-9.642930031E0,3.138721883E-1
5.077879931E1,-1.530578375E0,-9.686450958E0,-1.969529316E-2
5.079919931E1,-1.312846899E0,-9.710508347E0,-3.909693360E-1
5.081934259E1,-1.080248237E0,-9.713459969E0,-8.075519204E-1
5.083961426E1,-8.347148895E-1,-9.701556206E0,-1.163378835E0
5.085988587E1,-6.211164594E-1,-9.708271027E0,-1.238574743E0
5.088015754E1,-4.156990647E-1,-9.722428322E0,-1.213253260E0
5.090055754E1,-2.103499621E-1,-9.725738525E0,-1.239416838E0
5.092070082E1,-2.054690383E-2,-9.718410492E0,-1.312421799E0
5.094097249E1,1.693421304E-1,-9.702890396E0,-1.412665129E0
5.096124410E1,3.512152135E-1,-9.681859016E0,-1.519418240E0
5.098151577E1,4.997510612E-1,-9.658826828E0,-1.621016145E0
5.100191577E1,5.907176137E-1,-9.637241364E0,-1.716100574E0
5.102205905E1,6.142150164E-1,-9.628758430E0,-1.755026340E0
5.104233066E1,5.760220289E-1,-9.633744240E0,-1.740558624E0
5.106260233E1,5.376001000E-1,-9.644355774E0,-1.693454504E0
5.108287394E1,4.868119061E-1,-9.661046028E0,-1.611703277E0
5.110327394E1,4.137255549E-1,-9.686766624E0,-1.471651435E0
5.112341728E1,2.499312311E-1,-9.736242294E0,-1.146081686E0
5.114368889E1,-1.426195055E-1,-9.793842316E0,-4.803057313E-1
5.116396056E1,-6.561220884E-1,-9.784591675E0,4.054905474E-2
5.118423217E1,-1.255819440E0,-9.717144012E0,4.128099978E-1
5.120450384E1,-1.918804407E0,-9.591949463E0,6.950389147E-1
5.122477546E1,-2.517488241E0,-9.438657761E0,8.627767563E-1
5.124504712E1,-2.937230349E0,-9.314161301E0,8.885232210E-1
5.126531874E1,-3.288586855E0,-9.205813408E0,7.801173925E-1
5.128559040E1,-3.632525682E0,-9.091428757E0,5.666232109E-1
5.130586202E1,-3.918308020E0,-8.975400925E0,5.093383193E-1
5.132613368E1,-4.120294094E0,-8.868527412E0,7.367428541E-1
5.134640530E1,-4.192514896E0,-8.802882195E0,1.049979925E0
5.136667696E1,-4.181101322E0,-8.771492958E0,1.322759271E0
5.138694858E1,-4.143223286E0,-8.760280609E0,1.503854036E0
5.140722019E1,-4.098127365E0,-8.769886017E0,1.569975615E0
5.142749186E1,-4.022838116E0,-8.808928490E0,1.545944571E0
5.144776348E1,-3.866271973E0,-8.888428688E0,1.489349365E0
5.146803514E1,-3.599272728E0,-9.013268471E0,1.405917525E0
5.148830676E1,-3.220503330E0,-9.175705910E0,1.266955733E0
5.150857842E1,-2.765112400E0,-9.350932121E0,1.041441441E0
5.152885004E1,-2.348309994E0,-9.483551979E0,8.473824859E-1
5.154912171E1,-2.090004206E0,-9.526486397E0,1.023871899E0
5.156939332E1,-1.920023084E0,-9.543017387E0,1.189420581E0
5.158966493E1,-1.818560481E0,-9.567527771E0,1.151367545E0
5.160993660E1,-1.779618740E0,-9.571653366E0,1.177625895E0
5.163020822E1,-1.953189135E0,-9.522833824E0,1.292699456E0
5.165047988E1,-2.360111952E0,-9.448100090E0,1.154839754E0
5.167075150E1,-2.674319267E0,-9.390765190E0,9.120903015E-1
5.169102316E1,-2.819315195E0,-9.354559898E0,8.450242281E-1
5.171129478E1,-2.814606190E0,-9.334789276E0,1.053606868E0
5.173156639E1,-2.684596300E0,-9.342393875E0,1.297308803E0
5.175183806E1,-2.520725727E0,-9.372876167E0,1.401969671E0
5.177210967E1,-2.343325853E0,-9.430584908E0,1.320336461E0
5.179250967E1,-2.136346102E0,-9.506207466E0,1.112851262E0
5.181265296E1,-1.931399345E0,-9.578993797E0,8.264210820E-1
5.183292457E1,-1.762385011E0,-9.634602547E0,4.887073636E-1
5.185319618E1,-1.627775550E0,-9.669936180E0,1.143176332E-1
5.187346785E1,-1.446484804E0,-9.691387177E0,-3.938072026E-1
5.189373946E1,-1.186055064E0,-9.689085007E0,-9.408974648E-1
5.191401113E1,-9.903717637E-1,-9.707713127E0,-9.746035337E-1
5.193428269E1,-7.580543756E-1,-9.739053726E0,-8.640459180E-1
5.195455436E1,-4.563733339E-1,-9.761161804E0,-8.257316947E-1
5.197482598E1,-1.511081457E-1,-9.769125938E0,-8.436349630E-1
5.199509764E1,1.318146735E-1,-9.760869026E0,-9.372588396E-1
5.201536926E1,3.876095116E-1,-9.737668991E0,-1.094502687E0
5.203564087E1,6.106665134E-1,-9.706504822E0,-1.257472277E0
5.205591254E1,7.629388571E-1,-9.677083969E0,-1.393683553E0
5.207618415E1,7.837384343E-1,-9.662451744E0,-1.480936766E0
5.209645577E1,7.484924197E-1,-9.666552544E0,-1.472383142E0
5.211672738E1,7.099865675E-1,-9.684050560E0,-1.373124838E0
5.213699905E1,6.529993415E-1,-9.701803207E0,-1.272395730E0
5.215727066E1,5.958265662E-1,-9.711791039E0,-1.223310947E0
5.217754228E1,4.883798957E-1,-9.725071907E0,-1.163981795E0
5.219781389E1,2.781252265E-1,-9.752143860E0,-9.943418503E-1
5.221808551E1,-6.568645686E-2,-9.794919968E0,-4.749912620E-1
5.223835712E1,-6.410022378E-1,-9.784467697E0,1.539936066E-1
5.225862879E1,-1.358574629E0,-9.698425293E0,5.149791837E-1
5.227890040E1,-2.096803188E0,-9.554218292E0,7.005130053E-1
5.229930040E1,-2.716276169E0,-9.390003204E0,7.874392867E-1
5.231944363E1,-3.120287418E0,-9.264352798E0,7.784259915E-1
5.233971530E1,-3.433677435E0,-9.160063744E0,6.881043315E-1
5.235998691E1,-3.747248411E0,-9.047422409E0,5.221714973E-1
5.238025853E1,-4.041008472E0,-8.925081253E0,4.284329116E-1
5.240065853E1,-4.245732307E0,-8.824397087E0,5.236009359E-1
5.242080176E1,-4.319296837E0,-8.778168678E0,6.766235232E-1
5.244107337E1,-4.289787769E0,-8.779635429E0,8.283164501E-1
5.246134499E1,-4.201131344E0,-8.811939240E0,9.330699444E-1
5.248161660E1,-4.091540813E0,-8.858052254E0,9.821305275E-1
5.250201660E1,-3.968961000E0,-8.912614822E0,9.914793372E-1
5.252215983E1,-3.783442974E0,-8.995891571E0,9.642986655E-1
5.254243144E1,-3.504387379E0,-9.115489960E0,8.930224180E-1
5.256270306E1,-3.132148981E0,-9.263572693E0,7.390963435E-1
5.258297467E1,-2.677481890E0,-9.420969963E0,4.968124628E-1
5.260320697E1,-2.267080307E0,-9.527091980E0,5.150502920E-1
5.262351785E1,-1.991148233E0,-9.583944321E0,5.947546959E-1
5.264378947E1,-1.844777346E0,-9.618618965E0,4.993521273E-1
5.266406108E1,-1.751968861E0,-9.639747620E0,4.198438227E-1
5.268433269E1,-1.720181227E0,-9.644276619E0,4.464233816E-1
5.270460436E1,-1.859988213E0,-9.620144844E0,4.045127034E-1
5.272487598E1,-2.141662359E0,-9.569005013E0,1.334381998E-1
5.274514759E1,-2.385585070E0,-9.510335922E0,-1.813261509E-1
5.276541920E1,-2.515979528E0,-9.475982666E0,-2.144611329E-1
5.278569082E1,-2.476687670E0,-9.488429070E0,7.815873623E-2
5.280596243E1,-2.304912090E0,-9.524266243E0,3.822611868E-1
5.282623405E1,-2.107681513E0,-9.560552597E0,5.691213608E-1
5.284650566E1,-1.921263814E0,-9.597123146E0,6.118525267E-1
5.286677728E1,-1.713525534E0,-9.640349388E0,5.457924604E-1
5.288704889E1,-1.508522868E0,-9.681606293E0,4.015460610E-1
5.290732046E1,-1.368591189E0,-9.708741188E0,1.941624433E-1
5.292759207E1,-1.292954445E0,-9.720508575E0,-1.018312424E-1
5.294786368E1,-1.199176908E0,-9.720650673E0,-4.912302792E-1
5.296813530E1,-1.033832192E0,-9.706373215E0,-9.422798753E-1
5.298840686E1,-7.935153246E-1,-9.682376862E0,-1.338775516E0
5.300867848E1,-5.452231765E-1,-9.686476707E0,-1.430141568E0
5.302895009E1,-3.227667809E-1,-9.711215973E0,-1.326083660E0
5.304922170E1,-9.860678017E-2,-9.718822479E0,-1.305816531E0
5.306949327E1,7.935851812E-2,-9.715035439E0,-1.334979653E0
5.308976488E1,2.236959040E-1,-9.701417923E0,-1.415214062E0
5.311003650E1,3.518714607E-1,-9.680715561E0,-1.526543260E0
5.313030806E1,4.350941181E-1,-9.670653343E0,-1.568291783E0
5.315057967E1,4.583464861E-1,-9.684233665E0,-1.475100517E0
5.317085129E1,4.526454508E-1,-9.706667900E0,-1.321401596E0
5.319112290E1,4.338355958E-1,-9.722488403E0,-1.206393719E0
5.321139447E1,3.934214711E-1,-9.730856895E0,-1.151533246E0
5.323166608E1,2.636947930E-1,-9.739420891E0,-1.115591526E0
5.325193764E1,4.325864464E-2,-9.751820564E0,-1.034650445E0
5.327220926E1,-2.890036404E-1,-9.776166916E0,-7.165311575E-1
5.329248087E1,-9.055525661E-1,-9.764364243E0,-8.696732670E-2
5.331275243E1,-1.730805039E0,-9.650774956E0,1.929809898E-1
5.333302405E1,-2.563483477E0,-9.464537621E0,1.465637535E-1
5.335329561E1,-3.186046600E0,-9.274569511E0,4.305193573E-2
5.337356722E1,-3.540130615E0,-9.144042969E0,1.560496837E-1
5.339383879E1,-3.813788176E0,-9.032399178E0,2.029106468E-1
5.341411040E1,-4.047681808E0,-8.931884766E0,8.994186670E-2
5.343438202E1,-4.248745918E0,-8.838440895E0,-2.238899097E-2
5.345465353E1,-4.395942688E0,-8.766048431E0,-4.972398654E-2
5.347492514E1,-4.486238480E0,-8.720322609E0,-6.372467615E-3
5.349519676E1,-4.542407036E0,-8.691008568E0,5.750466883E-2
5.351546832E1,-4.575543404E0,-8.673178673E0,1.038470790E-1
5.353573993E1,-4.579658508E0,-8.670802116E0,1.196482927E-1
5.355601150E1,-4.518689156E0,-8.702241898E0,1.510869116E-1
5.357628306E1,-4.357113361E0,-8.783294678E0,1.992358267E-1
5.359668306E1,-4.099866390E0,-8.904900551E0,2.534477711E-1
5.361682624E1,-3.751597166E0,-9.055603981E0,3.032255769E-1
5.363709785E1,-3.295101881E0,-9.230601311E0,3.296794593E-1
5.365736941E1,-2.733670235E0,-9.413181305E0,2.990923226E-1
5.367764098E1,-2.126700640E0,-9.572503090E0,1.212708429E-1
5.369791254E1,-1.557088971E0,-9.677973747E0,-2.875655890E-1
5.371818415E1,-1.108487129E0,-9.720700264E0,-6.705502868E-1
5.373845572E1,-8.366746902E-1,-9.731971741E0,-8.712546825E-1
5.375872728E1,-7.819512486E-1,-9.724135399E0,-1.000065327E0
5.377899884E1,-8.872659206E-1,-9.715770721E0,-9.934516549E-1
5.379939884E1,-1.028002024E0,-9.713576317E0,-8.717966080E-1
5.381969999E1,-1.397563815E0,-9.685625076E0,-6.370722055E-1
5.383981415E1,-1.972777486E0,-9.598600388E0,-3.813391626E-1
5.386008572E1,-2.494575739E0,-9.483996391E0,-3.627172112E-2
5.388035717E1,-2.926619530E0,-9.354466438E0,3.150293231E-1
5.390075717E1,-3.159400702E0,-9.266546249E0,5.654194355E-1
5.392090014E1,-3.184681892E0,-9.254751205E0,6.146371961E-1
5.394117165E1,-3.150882483E0,-9.277344704E0,4.161713123E-1
5.396144316E1,-3.159361124E0,-9.283782959E0,1.406237483E-2
5.398171472E1,-3.105010033E0,-9.287208557E0,-5.263596177E-1
5.400211473E1,-2.954739571E0,-9.286094666E0,-1.099253774E0
5.402225785E1,-2.721702814E0,-9.281712532E0,-1.616329789E0
5.404249004E1,-2.403483391E0,-9.283163071E0,-2.053418398E0
5.406280087E1,-2.015065193E0,-9.300864220E0,-2.367240191E0
5.408307249E1,-1.649561167E0,-9.362565041E0,-2.406599045E0
5.410347249E1,-1.260083079E0,-9.451071739E0,-2.293431282E0
5.412361556E1,-8.537350893E-1,-9.529087067E0,-2.153605461E0
5.414388712E1,-4.469113350E-1,-9.574627876E0,-2.072955370E0
5.416415868E1,-4.012021795E-2,-9.579511642E0,-2.098031521E0
5.418443025E1,3.569339216E-1,-9.551359177E0,-2.194201946E0
5.420470181E1,7.147071362E-1,-9.504224777E0,-2.308525562E0
5.422497337E1,9.753602147E-1,-9.450571060E0,-2.430175543E0
5.424524493E1,1.132194996E0,-9.395872116E0,-2.570234537E0
5.426551644E1,1.197576880E0,-9.349886894E0,-2.704773903E0
5.428578801E1,1.167778492E0,-9.341811180E0,-2.745400667E0
5.430605957E1,1.067751169E0,-9.373775482E0,-2.676306725E0
5.432633113E1,9.001192451E-1,-9.454321861E0,-2.444579840E0
5.434660269E1,6.452155113E-1,-9.602669716E0,-1.882237554E0
5.436687426E1,1.787900329E-1,-9.721474648E0,-1.277241588E0
5.438714582E1,-4.803090394E-1,-9.759343147E0,-8.336064816E-1
5.440741733E1,-1.256704688E0,-9.711394310E0,-5.290495753E-1
5.442768894E1,-2.026835918E0,-9.589190483E0,-3.312888443E-1
5.444796046E1,-2.631773233E0,-9.443256378E0,-2.628246248E-1
5.446823202E1,-3.046660662E0,-9.320794106E0,-1.051122993E-1
5.448850358E1,-3.385334492E0,-9.202230453E0,1.697979420E-1
5.450877514E1,-3.696043015E0,-9.076933861E0,3.448646665E-1
5.452904665E1,-3.957973719E0,-8.959742546E0,4.773349464E-1
5.454931822E1,-4.154134750E0,-8.857980728E0,6.706214547E-1
5.456958978E1,-4.278466702E0,-8.776550293E0,9.150334597E-1
5.458986129E1,-4.335263252E0,-8.726974487E0,1.102635503E0
5.461013285E1,-4.343967438E0,-8.717967987E0,1.139020324E0
5.463040441E1,-4.304903507E0,-8.748145103E0,1.052686453E0
5.465067598E1,-4.191596031E0,-8.816946983E0,9.286300540E-1
5.467094749E1,-3.977636814E0,-8.928106308E0,7.985624671E-1
5.469121905E1,-3.642458677E0,-9.081642151E0,6.531913280E-1
5.471149061E1,-3.186474085E0,-9.261570930E0,4.899831116E-1
5.473176212E1,-2.617400646E0,-9.446197510E0,2.982597053E-1
5.475203368E1,-2.019016743E0,-9.596556664E0,7.842953317E-3
5.477230519E1,-1.619331360E0,-9.669899940E0,-2.029666007E-1
5.479257676E1,-1.590660691E0,-9.675097466E0,-1.807660162E-1
5.481284827E1,-1.704433441E0,-9.655878067E0,-1.712353677E-1
5.483311983E1,-1.787052274E0,-9.641068459E0,-1.632119566E-1
5.485339139E1,-1.849993467E0,-9.630485535E0,-4.079519585E-2
5.487366296E1,-2.015087605E0,-9.597193718E0,6.068246812E-2
5.489393446E1,-2.305305243E0,-9.531771660E0,-3.584732860E-2
5.491420598E1,-2.631176233E0,-9.443903923E0,-2.449223399E-1
5.493447754E1,-2.931207895E0,-9.351761818E0,-3.506562114E-1
5.495474910E1,-3.126986742E0,-9.288565636E0,-3.389337957E-1
5.497502061E1,-3.106626034E0,-9.297204018E0,-2.850390077E-1
5.499529217E1,-2.917061567E0,-9.358508110E0,-2.819129527E-1
5.501556368E1,-2.704515934E0,-9.419487000E0,-3.594962955E-1
5.503583519E1,-2.457835913E0,-9.480094910E0,-5.071964264E-1
5.505610681E1,-2.175574780E0,-9.536772728E0,-6.980183125E-1
5.507637832E1,-1.895190597E0,-9.578334808E0,-9.133200049E-1
5.509664988E1,-1.632852316E0,-9.602223396E0,-1.140821695E0
5.511692139E1,-1.360058546E0,-9.611890793E0,-1.390030861E0
5.513719296E1,-1.050744653E0,-9.615938187E0,-1.612471461E0
5.515746447E1,-7.072067261E-1,-9.625317574E0,-1.738824487E0
5.517773603E1,-3.495397568E-1,-9.636396408E0,-1.785521269E0
5.519800754E1,-1.076471619E-2,-9.637667656E0,-1.812631249E0
5.521827910E1,3.207595944E-1,-9.620189667E0,-1.876018405E0
5.523855061E1,6.782591939E-1,-9.570957184E0,-2.026604176E0
5.525882217E1,1.008825302E0,-9.499048233E0,-2.218276978E0
5.527909368E1,1.233323812E0,-9.438631058E0,-2.358294964E0
5.529949368E1,1.288320303E0,-9.416415215E0,-2.416970491E0
5.531963676E1,1.194795251E0,-9.438683510E0,-2.377840757E0
5.533990832E1,1.075296402E0,-9.489203453E0,-2.229161739E0
5.536017988E1,9.650418162E-1,-9.547208786E0,-2.022350311E0
5.538045139E1,8.755571246E-1,-9.593832970E0,-1.833616495E0
5.540085139E1,7.461458445E-1,-9.633719444E0,-1.674842715E0
5.542099447E1,4.890824258E-1,-9.672625542E0,-1.539971709E0
5.544126603E1,1.724724770E-1,-9.705138206E0,-1.396762729E0
5.546153754E1,-2.186083347E-1,-9.741600037E0,-1.106271982E0
5.548180910E1,-7.601865530E-1,-9.758185387E0,-6.085388660E-1
5.550220910E1,-1.505291581E0,-9.687650681E0,-2.322377115E-1
5.552235217E1,-2.287032366E0,-9.535844803E0,-8.679705113E-2
5.554262368E1,-2.877986908E0,-9.374359131E0,-9.478409588E-2
5.556289525E1,-3.242219448E0,-9.254798889E0,8.421958238E-2
5.558316681E1,-3.545600653E0,-9.131973267E0,4.540531933E-1
5.560343837E1,-3.843627930E0,-8.995446205E0,6.919903755E-1
5.562370993E1,-4.098228931E0,-8.868442535E0,8.518387079E-1
5.564398144E1,-4.271856785E0,-8.767677307E0,1.024432063E0
5.566425301E1,-4.363986015E0,-8.697979927E0,1.212911248E0
5.568452457E1,-4.412716866E0,-8.652072906E0,1.356454968E0
5.570479608E1,-4.439832687E0,-8.629323959E0,1.411749601E0
5.572506764E1,-4.431760788E0,-8.636529922E0,1.392924905E0
5.574533920E1,-4.370732307E0,-8.673875809E0,1.353134036E0
5.576561077E1,-4.213237762E0,-8.756360054E0,1.321051598E0
5.578588228E1,-3.932075977E0,-8.894270897E0,1.265349507E0
5.580615384E1,-3.516315937E0,-9.083942413E0,1.134852529E0
5.582642540E1,-2.980096340E0,-9.303059578E0,8.616824746E-1
5.584669697E1,-2.378531218E0,-9.502131462E0,4.716908038E-1
5.586696853E1,-1.957506895E0,-9.599008560E0,4.445098341E-1
5.588724009E1,-1.855820060E0,-9.612514496E0,5.708740354E-1
5.590751165E1,-1.886378527E0,-9.608695030E0,5.338023305E-1
5.592778322E1,-1.895620227E0,-9.606129646E0,5.470736623E-1
5.594805478E1,-1.834179163E0,-9.603286743E0,7.635839581E-1
5.596832634E1,-1.889161348E0,-9.574549675E0,9.640801549E-1
5.598859790E1,-2.211043358E0,-9.522449493E0,7.775787115E-1
5.600886952E1,-2.597028494E0,-9.449402809E0,3.669050634E-1
5.602914108E1,-2.884648800E0,-9.372012138E0,1.207323670E-1
5.604941264E1,-3.016151190E0,-9.331035614E0,7.055469602E-2
5.606968420E1,-2.944345236E0,-9.353482246E0,1.166270524E-1
5.608995577E1,-2.733878374E0,-9.416670799E0,1.503888965E-1
5.611022738E1,-2.496683836E0,-9.482646942E0,1.279082447E-1
5.613049894E1,-2.220626354E0,-9.551877975E0,2.883985825E-2
5.615077051E1,-1.926111221E0,-9.614747047E0,-1.308494210E-1
5.617104212E1,-1.659283042E0,-9.658925056E0,-3.497553766E-1
5.619131368E1,-1.425330281E0,-9.680943489E0,-6.466441154E-1
5.621158530E1,-1.191919565E0,-9.683893204E0,-9.858635068E-1
5.623185686E1,-9.500356913E-1,-9.673937798E0,-1.297212720E0
5.625212848E1,-6.899927855E-1,-9.663700104E0,-1.518944502E0
5.627240009E1,-3.975008726E-1,-9.666425705E0,-1.603934407E0
5.629280009E1,-7.688966393E-2,-9.676853180E0,-1.588390350E0
5.631294327E1,2.433502525E-1,-9.677052498E0,-1.570290327E0
5.633321483E1,5.458597541E-1,-9.657259941E0,-1.615469456E0
5.635348644E1,7.998189330E-1,-9.622364998E0,-1.714869380E0
5.637375806E1,9.798484445E-1,-9.585103035E0,-1.826498032E0
5.639402967E1,1.069865465E0,-9.558512688E0,-1.913271070E0
5.641430129E1,1.082932115E0,-9.554718018E0,-1.924838305E0
5.643457290E1,1.084445119E0,-9.569528580E0,-1.848916650E0
5.645484452E1,1.057609558E0,-9.590787888E0,-1.751747608E0
5.647511613E1,9.817954302E-1,-9.618148804E0,-1.642461658E0
5.649538775E1,8.242368698E-1,-9.663347244E0,-1.452834487E0
5.651565936E1,5.257527232E-1,-9.737767220E0,-1.034345388E0
5.653593092E1,1.488357689E-2,-9.800400734E0,-3.497415185E-1
5.655620259E1,-6.729838252E-1,-9.782265663E0,1.573817730E-1
5.657647426E1,-1.473984241E0,-9.685650826E0,4.311850965E-1
5.659674587E1,-2.210726023E0,-9.538430214E0,5.490176678E-1
5.661701749E1,-2.775880337E0,-9.386548042E0,5.979818702E-1
5.663728915E1,-3.260554790E0,-9.228754044E0,6.076830029E-1
5.665756072E1,-3.734078884E0,-9.046547890E0,6.221085191E-1
5.667783243E1,-4.119520664E0,-8.864100456E0,7.922423482E-1
5.669810405E1,-4.369139671E0,-8.715455055E0,1.059174776E0
5.671837572E1,-4.491921425E0,-8.607681274E0,1.378719091E0
5.673864738E1,-4.531883717E0,-8.534037590E0,1.674101353E0
5.675891900E1,-4.528132915E0,-8.489807129E0,1.894615412E0
5.677919066E1,-4.483823299E0,-8.484597206E0,2.019244671E0
5.679959066E1,-4.409551144E0,-8.519234657E0,2.036884546E0
5.681973400E1,-4.284976482E0,-8.592639923E0,1.993968964E0
5.684000566E1,-4.049748421E0,-8.725537300E0,1.906548262E0
5.686027733E1,-3.684716940E0,-8.919223785E0,1.743760943E0
5.688054900E1,-3.187922001E0,-9.161265373E0,1.441794395E0
5.690094900E1,-2.630368710E0,-9.389090538E0,1.047143698E0
5.692109233E1,-2.218796968E0,-9.488847733E0,1.099589944E0
5.694136405E1,-1.958635569E0,-9.524127960E0,1.274803400E0
5.696163572E1,-1.877083063E0,-9.547417641E0,1.222193599E0
5.698190743E1,-1.833118796E0,-9.560834885E0,1.183426142E0
5.700230743E1,-1.774514198E0,-9.552704811E0,1.329398036E0
5.702245077E1,-1.951472640E0,-9.512788773E0,1.367111921E0
5.704272249E1,-2.355742693E0,-9.463856697E0,1.027750611E0
5.706299415E1,-2.683632612E0,-9.409597397E0,6.542005539E-1
5.708326587E1,-2.877047777E0,-9.357259750E0,5.785195827E-1
5.710366587E1,-2.902112246E0,-9.340611458E0,7.078809738E-1
5.712380920E1,-2.768294096E0,-9.371822357E0,8.221194744E-1
5.714408098E1,-2.548660040E0,-9.432117462E0,8.425407410E-1
5.716435269E1,-2.309178114E0,-9.501001358E0,7.543598413E-1
5.718462436E1,-2.048731565E0,-9.571642876E0,5.972721577E-1
5.720489608E1,-1.791746616E0,-9.633550644E0,3.933582902E-1
5.722516780E1,-1.567998648E0,-9.679575920E0,1.325811297E-1
5.724543952E1,-1.365987659E0,-9.708234787E0,-2.337293476E-1
5.726571124E1,-1.137562871E0,-9.715084076E0,-7.024658322E-1
5.728598296E1,-8.890848756E-1,-9.703830719E0,-1.102537274E0
5.730625467E1,-6.725535393E-1,-9.711582184E0,-1.184578061E0
5.732652639E1,-4.453801811E-1,-9.730333328E0,-1.136942863E0
5.734679811E1,-1.987085789E-1,-9.739505768E0,-1.128241539E0
5.736706983E1,3.353137150E-2,-9.739336967E0,-1.146556139E0
5.738734155E1,2.604104877E-1,-9.728949547E0,-1.204202890E0
5.740761332E1,4.735255539E-1,-9.707685471E0,-1.306526303E0
5.742788504E1,6.316968799E-1,-9.683144569E0,-1.417062402E0
5.744815676E1,7.151996493E-1,-9.667571068E0,-1.482214093E0
5.746842853E1,7.976874113E-1,-9.666377068E0,-1.447490811E0
5.748870025E1,8.811097145E-1,-9.672238350E0,-1.357150316E0
5.750897202E1,9.206249714E-1,-9.679404259E0,-1.277479529E0
5.752924374E1,9.232079983E-1,-9.690705299E0,-1.186718941E0
5.754951551E1,8.222324252E-1,-9.724328041E0,-9.652780294E-1
5.756978723E1,4.193476439E-1,-9.793770790E0,-2.767625153E-1
5.759005900E1,-2.739897966E-1,-9.799159050E0,2.679627240E-1
5.761033072E1,-1.129929423E0,-9.727799416E0,5.133911371E-1
5.763060249E1,-1.988671422E0,-9.588821411E0,5.196793079E-1
5.765087420E1,-2.715340376E0,-9.413735390E0,4.229598939E-1
5.767114598E1,-3.239074469E0,-9.243317604E0,4.897486269E-1
5.769141775E1,-3.641322851E0,-9.075947762E0,7.337167859E-1
5.771168952E1,-3.988599539E0,-8.916066170E0,8.747671247E-1
5.773196124E1,-4.247505188E0,-8.787524223E0,9.531565309E-1
5.775223301E1,-4.405000210E0,-8.693346977E0,1.091827750E0
5.777250478E1,-4.467050552E0,-8.626500130E0,1.341394067E0
5.779277655E1,-4.468467236E0,-8.577775955E0,1.620169759E0
5.781304827E1,-4.438086033E0,-8.553054810E0,1.821817040E0
5.783332004E1,-4.377709389E0,-8.569306374E0,1.890249610E0
5.785359181E1,-4.266510487E0,-8.634844780E0,1.845731020E0
5.787386358E1,-4.086367607E0,-8.748533249E0,1.713232040E0
5.789413535E1,-3.789310455E0,-8.919850349E0,1.499262929E0
5.791440712E1,-3.339321136E0,-9.144706726E0,1.180527925E0
5.793467889E1,-2.787120104E0,-9.369272232E0,7.868227363E-1
5.795495066E1,-2.337259769E0,-9.494174004E0,7.538428307E-1
5.797522243E1,-2.096237421E0,-9.527042389E0,1.005801320E0
5.799549421E1,-2.021338701E0,-9.539250374E0,1.042731285E0
5.801576598E1,-2.036834717E0,-9.536412239E0,1.038518786E0
5.803603775E1,-2.090222120E0,-9.509841919E0,1.168017745E0
5.805630952E1,-2.362759590E0,-9.447956085E0,1.150598526E0
5.807658129E1,-2.773873568E0,-9.367552757E0,8.514481783E-1
5.809698129E1,-3.079901934E0,-9.295705795E0,5.238891244E-1
5.811712483E1,-3.221098423E0,-9.248994827E0,5.010060072E-1
5.813739660E1,-3.201239824E0,-9.236002922E0,7.865825295E-1
5.815766837E1,-3.004940271E0,-9.273145676E0,1.072144866E0
5.817794014E1,-2.741002083E0,-9.343014717E0,1.168493271E0
5.819821197E1,-2.482177258E0,-9.427251816E0,1.065878034E0
5.821848374E1,-2.196547747E0,-9.521224022E0,8.317741156E-1
5.823875551E1,-1.881142378E0,-9.611599922E0,4.988354445E-1
5.825902728E1,-1.574841142E0,-9.679014206E0,8.337557316E-2
5.827929905E1,-1.300562620E0,-9.711889267E0,-3.976553679E-1
5.829969905E1,-1.048282504E0,-9.710779190E0,-8.787776232E-1
5.831984264E1,-8.107267618E-1,-9.691919327E0,-1.256905913E0
5.834011441E1,-5.741437674E-1,-9.692983627E0,-1.373617053E0
5.836038618E1,-3.561572134E-1,-9.702703476E0,-1.378797770E0
5.838065796E1,-1.399168521E-1,-9.702990532E0,-1.415193558E0
5.840105796E1,6.975203753E-2,-9.696283340E0,-1.465471983E0
5.842120155E1,2.861373425E-1,-9.680211067E0,-1.543386102E0
5.844147332E1,5.059850812E-1,-9.653097153E0,-1.652903080E0
5.846174514E1,6.835991740E-1,-9.624507904E0,-1.752693295E0
5.848201691E1,7.949020863E-1,-9.601702690E0,-1.829157948E0
5.850241691E1,8.399497271E-1,-9.590983391E0,-1.864915371E0
5.852256046E1,8.652421832E-1,-9.595296860E0,-1.830858111E0
5.854283228E1,8.784629703E-1,-9.605987549E0,-1.767399311E0
5.856310405E1,8.652210832E-1,-9.612766266E0,-1.736806154E0
5.858337582E1,8.118934035E-1,-9.625408173E0,-1.691957355E0
5.860364764E1,6.536933184E-1,-9.678936005E0,-1.435714006E0
5.862391941E1,2.344931811E-1,-9.777588844E0,-7.170530558E-1
5.864419118E1,-3.512000740E-1,-9.799022675E0,-1.618827283E-1
5.866446301E1,-1.076331139E0,-9.745881081E0,1.724072397E-1
5.868473478E1,-1.881061077E0,-9.616335869E0,3.975945711E-1
5.870500660E1,-2.614846230E0,-9.439143181E0,4.853345752E-1
5.872527837E1,-3.177447796E0,-9.267628670E0,4.304119647E-1
5.874555014E1,-3.626677275E0,-9.101429939E0,4.261181056E-1
5.876595014E1,-4.004617691E0,-8.930360794E0,6.181224585E-1
5.878609374E1,-4.271894455E0,-8.788434029E0,8.274781108E-1
5.880636551E1,-4.424166203E0,-8.683923721E0,1.089310527E0
5.882663733E1,-4.472658634E0,-8.613904953E0,1.402267575E0
5.884690910E1,-4.472549438E0,-8.563611984E0,1.682628632E0
5.886718092E1,-4.455477238E0,-8.531809807E0,1.878115177E0
5.888745269E1,-4.418335915E0,-8.535672188E0,1.947047710E0
5.890772446E1,-4.331794262E0,-8.586993217E0,1.915592432E0
5.892799629E1,-4.155166149E0,-8.690014839E0,1.840821743E0
5.894826806E1,-3.856538773E0,-8.852063179E0,1.714199066E0
5.896853983E1,-3.424403667E0,-9.068871498E0,1.483046532E0
5.898881165E1,-2.909207106E0,-9.296030998E0,1.136093616E0
5.900908342E1,-2.488708258E0,-9.430266380E0,1.023127913E0
5.902935525E1,-2.236893415E0,-9.461982727E0,1.279679418E0
5.904962696E1,-2.097632170E0,-9.476677895E0,1.401036859E0
5.906989879E1,-2.112796783E0,-9.469725609E0,1.425051093E0
5.909017061E1,-2.125684738E0,-9.455393791E0,1.499125838E0
5.911044238E1,-2.249908924E0,-9.410358429E0,1.597952724E0
5.913071415E1,-2.603127956E0,-9.346811295E0,1.425217986E0
5.915098598E1,-2.917388678E0,-9.299557686E0,1.085097790E0
5.917125775E1,-3.094212055E0,-9.264347076E0,8.764253855E-1
5.919152946E1,-3.104634047E0,-9.257707596E0,9.091123343E-1
5.921180134E1,-2.969105244E0,-9.292943954E0,9.979968667E-1
5.923207311E1,-2.750030279E0,-9.361577034E0,9.841725826E-1
5.925234488E1,-2.493117809E0,-9.446703911E0,8.453095555E-1
5.927261671E1,-2.209032297E0,-9.533945084E0,6.280545592E-1
5.929288848E1,-1.921566844E0,-9.609740257E0,3.617381454E-1
5.931316025E1,-1.663461089E0,-9.664409637E0,4.964989424E-2
5.933343207E1,-1.433089614E0,-9.694400787E0,-3.677459955E-1
5.935370384E1,-1.211824656E0,-9.695341110E0,-8.379940987E-1
5.937397561E1,-1.000787497E0,-9.686944008E0,-1.154090524E0
5.939424738E1,-7.869570851E-1,-9.699653625E0,-1.211529255E0
5.941451921E1,-5.410302877E-1,-9.715182304E0,-1.221843719E0
5.943479098E1,-2.701653540E-1,-9.725066185E0,-1.233077168E0
5.945506275E1,-3.647808451E-3,-9.726361275E0,-1.252303958E0
5.947533452E1,2.593065202E-1,-9.713772774E0,-1.321273804E0
5.949560634E1,5.058885813E-1,-9.686257362E0,-1.445996642E0
5.951587811E1,6.988098621E-1,-9.652623177E0,-1.583963990E0
5.953614988E1,8.178228140E-1,-9.626316071E0,-1.683927298E0
5.955642165E1,9.008287787E-1,-9.619905472E0,-1.678188682E0
5.957669348E1,9.612522125E-1,-9.631546974E0,-1.574700713E0
5.959696525E1,9.844224453E-1,-9.645889282E0,-1.469053626E0
5.961723702E1,1.006574392E0,-9.656033516E0,-1.384994626E0
5.963750879E1,9.549253583E-1,-9.690280914E0,-1.164878249E0
5.965778056E1,5.976209641E-1,-9.776802063E0,-4.768394828E-1
5.967805238E1,7.607089356E-3,-9.806040764E0,1.090997681E-1
5.969832415E1,-7.142429948E-1,-9.770744324E0,4.390885830E-1
5.971859592E1,-1.499271154E0,-9.672629356E0,6.023332477E-1
5.973886769E1,-2.227734566E0,-9.528919220E0,6.381907463E-1
5.975913947E1,-2.814612865E0,-9.377131462E0,5.636748672E-1
5.977941124E1,-3.294639587E0,-9.227573395E0,4.094138443E-1
5.979981124E1,-3.699960947E0,-9.069783211E0,4.687419236E-1
5.981995483E1,-3.987401724E0,-8.934402466E0,6.689212322E-1
5.984022660E1,-4.178307056E0,-8.830180168E0,8.602628708E-1
5.986049837E1,-4.304730415E0,-8.746799469E0,1.064507723E0
5.988077014E1,-4.375525475E0,-8.681141853E0,1.289553046E0
5.990117014E1,-4.389723778E0,-8.640227318E0,1.499065638E0
5.992131368E1,-4.345242500E0,-8.638239861E0,1.634028316E0
5.994158540E1,-4.274179459E0,-8.664628029E0,1.681074739E0
5.996185722E1,-4.168015957E0,-8.720359802E0,1.659325957E0
5.998212900E1,-3.976061106E0,-8.824626923E0,1.577108383E0
6.000252900E1,-3.670532465E0,-8.981445312E0,1.425207376E0
6.002267254E1,-3.247975111E0,-9.178847313E0,1.170394897E0
6.004294431E1,-2.761403322E0,-9.371380806E0,8.498572111E-1
6.006321608E1,-2.390207291E0,-9.466009140E0,9.230219126E-1
6.008348780E1,-2.126391172E0,-9.506368637E0,1.130404711E0
6.010388780E1,-2.036041975E0,-9.525517464E0,1.135540605E0
6.012403134E1,-2.064364433E0,-9.523750305E0,1.098613501E0
6.014430311E1,-2.087974787E0,-9.509945869E0,1.171182275E0
6.016457488E1,-2.254759073E0,-9.465748787E0,1.219034314E0
6.018484665E1,-2.599566221E0,-9.400703430E0,1.019518733E0
6.020511842E1,-2.910931110E0,-9.338833809E0,6.950228214E-1
6.022539019E1,-3.100733042E0,-9.283888817E0,6.043614745E-1
6.024566197E1,-3.135646820E0,-9.260954857E0,7.568553090E-1
6.026593368E1,-3.003185272E0,-9.291417122E0,9.060062766E-1
6.028620546E1,-2.772598028E0,-9.361620903E0,9.182276726E-1
6.030647722E1,-2.509954214E0,-9.447482109E0,7.846081853E-1
6.032674900E1,-2.214691401E0,-9.536854744E0,5.602916479E-1
6.034702072E1,-1.902236223E0,-9.616286278E0,2.809376419E-1
6.036729249E1,-1.604574442E0,-9.674327850E0,-5.583717674E-2
6.038756426E1,-1.309957504E0,-9.705007553E0,-5.169447660E-1
6.040783603E1,-1.018735766E0,-9.699212074E0,-1.028522491E0
6.042810775E1,-7.868558764E-1,-9.696713448E0,-1.234903693E0
6.044837952E1,-5.883798599E-1,-9.717303276E0,-1.182463169E0
6.046865129E1,-3.427502513E-1,-9.731151581E0,-1.165167809E0
6.048892301E1,-8.360823989E-2,-9.734707832E0,-1.182738900E0
6.050919478E1,1.762146056E-1,-9.726634979E0,-1.237698197E0
6.052946650E1,4.568662643E-1,-9.700630188E0,-1.363609910E0
6.054973827E1,7.200561166E-1,-9.658669472E0,-1.536879301E0
6.057001004E1,9.114789367E-1,-9.615360260E0,-1.698366761E0
6.059028176E1,9.950877428E-1,-9.588527679E0,-1.800093174E0
6.061055353E1,1.015411377E0,-9.588524818E0,-1.788718104E0
6.063082525E1,1.039182425E0,-9.606413841E0,-1.675496221E0
6.065109702E1,1.056217670E0,-9.625287056E0,-1.551977396E0
6.067136874E1,1.042970657E0,-9.641029358E0,-1.460528612E0
6.069164051E1,9.806162715E-1,-9.664661407E0,-1.342791319E0
6.071191223E1,7.555020452E-1,-9.734248161E0,-9.187068939E-1
6.073218394E1,2.157152742E-1,-9.801503181E0,-2.331669778E-1
6.075245572E1,-5.358088613E-1,-9.789654732E0,2.143824846E-1
6.077272749E1,-1.381958723E0,-9.700118065E0,4.102288187E-1
6.079312749E1,-2.179710150E0,-9.551692963E0,4.294318557E-1
6.081327092E1,-2.825209856E0,-9.384428024E0,3.479753733E-1
6.083354269E1,-3.331902504E0,-9.217422485E0,3.285431862E-1
6.085381441E1,-3.733009100E0,-9.051582336E0,5.512690544E-1
6.087408613E1,-4.068620205E0,-8.893143654E0,7.271233797E-1
6.089435785E1,-4.306761742E0,-8.762813568E0,9.139347076E-1
6.091462962E1,-4.433604240E0,-8.665825844E0,1.190382004E0
6.093490134E1,-4.462717533E0,-8.590662003E0,1.566870332E0
6.095517306E1,-4.436331749E0,-8.535003662E0,1.908680558E0
6.097544478E1,-4.388745308E0,-8.514196396E0,2.101847887E0
6.099571655E1,-4.323055744E0,-8.542318344E0,2.123764277E0
6.101598827E1,-4.205914497E0,-8.626198769E0,2.017270327E0
6.103625999E1,-3.990250349E0,-8.770101547E0,1.825819492E0
6.105653176E1,-3.631021023E0,-8.975620270E0,1.557020426E0
6.107680348E1,-3.152285576E0,-9.212015152E0,1.171428084E0
6.109707519E1,-2.662360191E0,-9.396499634E0,8.877049685E-1
6.111734691E1,-2.330480576E0,-9.463762283E0,1.084638715E0
6.113761863E1,-2.083539963E0,-9.506973267E0,1.202785611E0
6.115789035E1,-2.017693520E0,-9.520901680E0,1.204878807E0
6.117816212E1,-2.030941248E0,-9.510763168E0,1.261366963E0
6.119843384E1,-2.153037310E0,-9.471101761E0,1.353899240E0
6.121870556E1,-2.510817766E0,-9.402468681E0,1.208210707E0
6.123897728E1,-2.893306971E0,-9.328774452E0,8.792669177E-1
6.125924900E1,-3.153938770E0,-9.260383606E0,6.843609810E-1
6.127952072E1,-3.254295111E0,-9.221970558E0,7.315832376E-1
6.129992072E1,-3.152690649E0,-9.245135307E0,8.708670735E-1
6.132006415E1,-2.922449350E0,-9.315716743E0,9.203732610E-1
6.134033587E1,-2.652298450E0,-9.405276299E0,8.224791884E-1
6.136060759E1,-2.351473093E0,-9.500533104E0,6.171159148E-1
6.138087931E1,-2.033929825E0,-9.587556839E0,3.350477815E-1
6.140127931E1,-1.733624220E0,-9.652194977E0,-7.877474651E-3
6.142142264E1,-1.450322747E0,-9.689055443E0,-4.349169731E-1
6.144169441E1,-1.173238516E0,-9.692263603E0,-9.240841866E-1
6.146196613E1,-9.337551594E-1,-9.682634354E0,-1.243011236E0
6.148223785E1,-7.366504073E-1,-9.697576523E0,-1.258866191E0
6.150263785E1,-4.942848980E-1,-9.715593338E0,-1.238273501E0
6.152278129E1,-2.147239596E-1,-9.724356651E0,-1.249467492E0
6.154305301E1,6.145012751E-2,-9.723256111E0,-1.274714112E0
6.156332467E1,3.304528594E-1,-9.709494591E0,-1.336746335E0
6.158359639E1,6.058136225E-1,-9.680233002E0,-1.447920561E0
6.160386811E1,8.429758549E-1,-9.639857292E0,-1.591523767E0
6.162413983E1,9.902044535E-1,-9.602606773E0,-1.726214528E0
6.164441155E1,1.069559574E0,-9.582402229E0,-1.789973855E0
6.166468322E1,1.147032022E0,-9.585284233E0,-1.725407004E0
6.168495493E1,1.194579720E0,-9.602168083E0,-1.594281197E0
6.170522665E1,1.217338800E0,-9.622633934E0,-1.446846962E0
6.172549837E1,1.162969589E0,-9.657185555E0,-1.247666001E0
6.174577004E1,8.697711229E-1,-9.741045952E0,-7.252005935E-1
6.176604176E1,2.597191632E-1,-9.802023888E0,-1.525040418E-1
6.178631342E1,-5.176807642E-1,-9.791514397E0,1.692301333E-1
6.180658514E1,-1.353273034E0,-9.705760002E0,3.705008328E-1
6.182685686E1,-2.163966179E0,-9.553222656E0,4.728511870E-1
6.184712853E1,-2.853388548E0,-9.372122765E0,4.380315542E-1
6.186740025E1,-3.401653767E0,-9.190512657E0,3.655189872E-1
6.188767196E1,-3.807910204E0,-9.020296097E0,5.517903566E-1
6.190794363E1,-4.143848419E0,-8.854980469E0,7.669572830E-1
6.192821535E1,-4.408977509E0,-8.703314781E0,9.917691350E-1
6.194848702E1,-4.574681282E0,-8.579300880E0,1.279948354E0
6.196875874E1,-4.637753010E0,-8.487640381E0,1.619134784E0
6.198903040E1,-4.627046585E0,-8.438926697E0,1.882910132E0
6.200930212E1,-4.562395096E0,-8.447801590E0,1.997394443E0
6.202965249E1,-4.471418381E0,-8.499777794E0,1.982569814E0
6.204984561E1,-4.331209660E0,-8.591294289E0,1.897540569E0
6.207011728E1,-4.092910767E0,-8.737578392E0,1.753050089E0
6.209038894E1,-3.726779222E0,-8.942326546E0,1.521935940E0
6.211066061E1,-3.233296871E0,-9.186491966E0,1.150891662E0
6.213093233E1,-2.673665047E0,-9.403213501E0,7.755488157E-1
6.215120400E1,-2.254264832E0,-9.495564461E0,9.606952667E-1
6.217147566E1,-2.007237911E0,-9.535697937E0,1.100841761E0
6.219174733E1,-2.012717724E0,-9.538128853E0,1.069315195E0
6.221201900E1,-2.036981106E0,-9.535884857E0,1.043067217E0
6.223229072E1,-1.957780242E0,-9.541812897E0,1.136349082E0
6.225256238E1,-1.997886896E0,-9.524275780E0,1.211200595E0
6.227283405E1,-2.348792791E0,-9.471698761E0,9.697895646E-1
6.229310577E1,-2.754891396E0,-9.393651962E0,5.833103657E-1
6.231337743E1,-3.067063570E0,-9.308860779E0,3.295833766E-1
6.233364910E1,-3.205116272E0,-9.263314247E0,2.977011204E-1
6.235392082E1,-3.133467197E0,-9.285629272E0,3.589659035E-1
6.237419249E1,-2.901394606E0,-9.360656738E0,3.611093462E-1
6.239446415E1,-2.618423462E0,-9.446796417E0,2.688601315E-1
6.241473582E1,-2.281076431E0,-9.537068367E0,1.067431197E-1
6.243500749E1,-1.896012068E0,-9.620940208E0,-1.141965166E-1
6.245527915E1,-1.508368850E0,-9.681371689E0,-4.077319503E-1
6.247555087E1,-1.159587502E0,-9.707461357E0,-7.687169313E-1
6.249582254E1,-8.790029883E-1,-9.702853203E0,-1.119098783E0
6.251609420E1,-6.343894005E-1,-9.690090179E0,-1.367511272E0
6.253636587E1,-3.994870484E-1,-9.688606262E0,-1.463457704E0
6.255663754E1,-1.644874662E-1,-9.690812111E0,-1.493821740E0
6.257690921E1,7.945983857E-2,-9.688270569E0,-1.517060280E0
6.259730920E1,3.343618512E-1,-9.674366951E0,-1.570100665E0
6.261745254E1,5.864850879E-1,-9.645418167E0,-1.671032310E0
6.263772421E1,8.073609471E-1,-9.610172272E0,-1.778523803E0
6.265799587E1,9.564854503E-1,-9.580923080E0,-1.860488296E0
6.267826754E1,1.030625701E0,-9.567643166E0,-1.889021873E0
6.269853926E1,1.072384357E0,-9.576646805E0,-1.818850040E0
6.271881092E1,1.114082217E0,-9.598828316E0,-1.670841336E0
6.273908259E1,1.117218733E0,-9.621160507E0,-1.534755349E0
6.275935426E1,1.065060258E0,-9.648817062E0,-1.391533375E0
6.277962592E1,8.888439536E-1,-9.694235802E0,-1.184121847E0
6.280002592E1,4.775090218E-1,-9.769778252E0,-7.027186751E-1
6.282032723E1,-2.051931322E-1,-9.802917480E0,-1.763218939E-1
6.284044150E1,-1.017461777E0,-9.752114296E0,1.773065329E-1
6.286071311E1,-1.853952050E0,-9.625920296E0,2.737070620E-1
6.288098462E1,-2.536120176E0,-9.470488548E0,2.198532522E-1
6.290138462E1,-3.041014194E0,-9.319023132E0,2.800836563E-1
6.292152785E1,-3.422733545E0,-9.170410156E0,5.990529060E-1
6.294179941E1,-3.789483309E0,-9.007225037E0,8.246845007E-1
6.296207103E1,-4.106962204E0,-8.854139328E0,9.526097775E-1
6.298234269E1,-4.343518734E0,-8.725401878E0,1.082410097E0
6.300274269E1,-4.487805843E0,-8.621356010E0,1.304692984E0
6.302288603E1,-4.550375938E0,-8.544546127E0,1.566908717E0
6.304315764E1,-4.557586670E0,-8.504541397E0,1.752587438E0
6.306342926E1,-4.519592762E0,-8.512392998E0,1.811858177E0
6.308370087E1,-4.426151276E0,-8.568465233E0,1.777908921E0
6.310410087E1,-4.239428520E0,-8.677848816E0,1.700753450E0
6.312424415E1,-3.924726486E0,-8.846742630E0,1.581783652E0
6.314451587E1,-3.467290878E0,-9.071083069E0,1.365187049E0
6.316478749E1,-2.896468401E0,-9.313544273E0,1.019193649E0
6.318505915E1,-2.328105927E0,-9.492329597E0,8.037351370E-1
6.320533077E1,-1.979043126E0,-9.557611465E0,9.517535567E-1
6.322560243E1,-1.856586576E0,-9.581820488E0,9.550816417E-1
6.324587405E1,-1.897731900E0,-9.582556725E0,8.623334765E-1
6.326614572E1,-1.928860664E0,-9.579943657E0,8.213256001E-1
6.328641738E1,-1.916521788E0,-9.569637299E0,9.588387609E-1
6.330668905E1,-2.026249647E0,-9.536773682E0,1.055763483E0
6.332696066E1,-2.290822983E0,-9.486881256E0,9.600000381E-1
6.334723233E1,-2.584341764E0,-9.425724030E0,8.045399785E-1
6.336750394E1,-2.884249687E0,-9.350046158E0,6.543154120E-1
6.338777561E1,-3.089996576E0,-9.291987419E0,5.303632021E-1
6.340804728E1,-3.094201803E0,-9.294103622E0,4.646952748E-1
6.342831894E1,-2.949258804E0,-9.346096039E0,3.503488302E-1
6.344859056E1,-2.749933720E0,-9.411505699E0,1.783367395E-1
6.346886222E1,-2.475153446E0,-9.489119530E0,-2.477583848E-2
6.348913384E1,-2.148295879E0,-9.565112114E0,-2.526572645E-1
6.350940551E1,-1.831993461E0,-9.620830536E0,-5.038185120E-1
6.352967717E1,-1.558414578E0,-9.649621964E0,-7.915311456E-1
6.354994879E1,-1.297914624E0,-9.654358864E0,-1.130999207E0
6.357022046E1,-1.033659339E0,-9.647109985E0,-1.426610589E0
6.359049212E1,-7.782668471E-1,-9.652859688E0,-1.544990301E0
6.361076374E1,-5.156364441E-1,-9.669573784E0,-1.550436497E0
6.363103535E1,-2.395872176E-1,-9.680012703E0,-1.552524209E0
6.365130702E1,4.297006130E-2,-9.678613663E0,-1.578922153E0
6.367157863E1,3.409504294E-1,-9.661661148E0,-1.645135045E0
6.369185030E1,6.292384863E-1,-9.627592087E0,-1.756113052E0
6.371212191E1,8.552062511E-1,-9.585325241E0,-1.886946082E0
6.373239358E1,9.645180106E-1,-9.553804398E0,-1.991208076E0
6.375266519E1,1.009352922E0,-9.548825264E0,-1.992865324E0
6.377293686E1,1.062610269E0,-9.568071365E0,-1.869024992E0
6.379320848E1,1.077643156E0,-9.592914581E0,-1.727733254E0
6.381348014E1,1.059666634E0,-9.615854263E0,-1.607116699E0
6.383375176E1,9.492521882E-1,-9.653580666E0,-1.441413760E0
6.385402342E1,6.571599841E-1,-9.732980728E0,-1.003795505E0
6.387429504E1,8.906146139E-2,-9.800309181E0,-3.411593735E-1
6.389456665E1,-6.989822388E-1,-9.781440735E0,7.231933624E-2
6.391483832E1,-1.545968413E0,-9.681029320E0,2.409000695E-1
6.393510993E1,-2.283352852E0,-9.532402039E0,2.999815941E-1
6.395538160E1,-2.827092171E0,-9.385011673E0,3.154234588E-1
6.397565322E1,-3.230151892E0,-9.249994278E0,4.172808528E-1
6.399592483E1,-3.606365442E0,-9.100481033E0,5.880126953E-1
6.401619650E1,-3.936747551E0,-8.953589439E0,7.110903859E-1
6.403646811E1,-4.183660030E0,-8.830734253E0,8.279563785E-1
6.405673972E1,-4.337193489E0,-8.735061646E0,1.028517008E0
6.407701139E1,-4.411699772E0,-8.660535812E0,1.304765344E0
6.409728301E1,-4.427764416E0,-8.610167503E0,1.558944345E0
6.411755462E1,-4.395825386E0,-8.596743584E0,1.715549827E0
6.413782624E1,-4.322967052E0,-8.625256538E0,1.757069707E0
6.415809790E1,-4.191933155E0,-8.699254036E0,1.709108472E0
6.417836952E1,-3.962991714E0,-8.828838348E0,1.586406350E0
6.419864113E1,-3.587899208E0,-9.021237373E0,1.383704066E0
6.421891275E1,-3.066865444E0,-9.254438400E0,1.058339715E0
6.423918436E1,-2.486449957E0,-9.456273079E0,7.529095411E-1
6.425945603E1,-2.095010281E0,-9.532626152E0,9.541276097E-1
6.427985603E1,-1.894298911E0,-9.561243057E0,1.079190493E0
6.430015722E1,-1.870832205E0,-9.572150230E0,1.021916389E0
6.432027144E1,-1.873909116E0,-9.574386597E0,9.949725866E-1
6.434054301E1,-1.963022113E0,-9.544064522E0,1.108042836E0
6.436081452E1,-2.290526390E0,-9.474025726E0,1.080145597E0
6.438108608E1,-2.683475971E0,-9.398383141E0,7.998301983E-1
6.440148608E1,-2.980154276E0,-9.326999664E0,5.441961288E-1
6.442162920E1,-3.183598757E0,-9.261624336E0,5.073266625E-1
6.444190077E1,-3.214063168E0,-9.239767075E0,6.833001375E-1
6.446217238E1,-3.052867889E0,-9.282284737E0,8.304096460E-1
6.448244400E1,-2.803782701E0,-9.358811378E0,8.496049047E-1
6.450284400E1,-2.546568394E0,-9.440924644E0,7.445212007E-1
6.452298717E1,-2.264115095E0,-9.526309967E0,5.418307185E-1
6.454325879E1,-1.961305022E0,-9.604996681E0,2.601854801E-1
6.456353040E1,-1.669347882E0,-9.663149834E0,-8.483031392E-2
6.458380202E1,-1.387536883E0,-9.694149017E0,-5.182593465E-1
6.460407363E1,-1.110239983E0,-9.692298889E0,-9.985541701E-1
6.462434525E1,-8.556328416E-1,-9.687430382E0,-1.261744738E0
6.464461686E1,-6.286185980E-1,-9.707544327E0,-1.240490556E0
6.466488842E1,-3.616963327E-1,-9.723410606E0,-1.222646117E0
6.468516004E1,-8.407825232E-2,-9.727943420E0,-1.237105489E0
6.470543165E1,1.776513159E-1,-9.722103119E0,-1.272611856E0
6.472570327E1,4.519341290E-1,-9.701065063E0,-1.362156034E0
6.474597488E1,7.186785340E-1,-9.661792755E0,-1.517781258E0
6.476624650E1,9.280596972E-1,-9.615419388E0,-1.689018965E0
6.478651811E1,1.038817883E0,-9.581989288E0,-1.810174704E0
6.480678972E1,1.070653558E0,-9.576398849E0,-1.821171403E0
6.482706134E1,1.110734701E0,-9.591596603E0,-1.714038730E0
6.484733296E1,1.133531570E0,-9.609968185E0,-1.591861367E0
6.486760462E1,1.126192331E0,-9.624199867E0,-1.508924961E0
6.488787618E1,1.042329311E0,-9.647595406E0,-1.416979194E0
6.490814780E1,8.386659026E-1,-9.694101334E0,-1.221239924E0
6.492841941E1,4.274156392E-1,-9.775702477E0,-6.506542563E-1
6.494869092E1,-2.401425242E-1,-9.803221703E0,-9.789659083E-2
6.496896264E1,-1.064312458E0,-9.745751381E0,2.407383025E-1
6.498923426E1,-1.878439546E0,-9.618475914E0,3.560599983E-1
6.500950587E1,-2.519628525E0,-9.471996307E0,3.211510479E-1
6.502977749E1,-2.991672516E0,-9.334177017E0,3.056413233E-1
6.505004910E1,-3.370383978E0,-9.190642357E0,5.856515765E-1
6.507032072E1,-3.711594343E0,-9.034901619E0,8.746531010E-1
6.509059233E1,-3.987416983E0,-8.895007133E0,1.072263956E0
6.511086394E1,-4.174979210E0,-8.786591530E0,1.239250898E0
6.513113556E1,-4.272527695E0,-8.708547592E0,1.441213608E0
6.515140717E1,-4.309177876E0,-8.651770592E0,1.657784104E0
6.517167879E1,-4.309895515E0,-8.619707108E0,1.815449834E0
6.519195040E1,-4.292144775E0,-8.616751671E0,1.870686293E0
6.521222202E1,-4.238554001E0,-8.650509834E0,1.836768508E0
6.523249358E1,-4.111244202E0,-8.731217384E0,1.741809726E0
6.525276519E1,-3.877722263E0,-8.867268562E0,1.582782865E0
6.527303681E1,-3.522833824E0,-9.054959297E0,1.329559207E0
6.529343681E1,-3.035498619E0,-9.276928902E0,9.458925128E-1
6.531358004E1,-2.488293886E0,-9.467403412E0,5.891283154E-1
6.533385165E1,-2.083635807E0,-9.550887108E0,7.806442380E-1
6.535412322E1,-1.844640613E0,-9.586592674E0,9.300147295E-1
6.537439483E1,-1.820401192E0,-9.596805573E0,8.705464602E-1
6.539466644E1,-1.844938159E0,-9.595680237E0,8.303615451E-1
6.541493806E1,-1.846847177E0,-9.582357407E0,9.684864879E-1
6.543520967E1,-2.023208380E0,-9.543025970E0,1.003829598E0
6.545548129E1,-2.441309690E0,-9.473780632E0,6.766537428E-1
6.547575285E1,-2.831411123E0,-9.382469177E0,3.503883779E-1
6.549602446E1,-3.134074211E0,-9.288682938E0,2.614205480E-1
6.551629608E1,-3.281508923E0,-9.232266426E0,4.090814888E-1
6.553656769E1,-3.231724739E0,-9.240891457E0,5.764085650E-1
6.555683931E1,-3.058402061E0,-9.297133446E0,6.163365245E-1
6.557711092E1,-2.865764856E0,-9.364757538E0,5.090238452E-1
6.559738249E1,-2.642524004E0,-9.439532280E0,2.875342965E-1
6.561765410E1,-2.387809992E0,-9.511499405E0,-1.112858113E-2
6.563792572E1,-2.115279436E0,-9.569322586E0,-3.521836102E-1
6.565819733E1,-1.821606040E0,-9.609128952E0,-7.188761234E-1
6.567846889E1,-1.479473233E0,-9.625210762E0,-1.156224489E0
6.569874051E1,-1.114770055E0,-9.621629715E0,-1.533600807E0
6.571901212E1,-8.066983223E-1,-9.642409325E0,-1.594860911E0
6.573928374E1,-4.859003425E-1,-9.675937653E0,-1.520037055E0
6.575955530E1,-1.295372546E-1,-9.694917679E0,-1.470431566E0
6.577982691E1,2.263904065E-1,-9.693728447E0,-1.466542840E0
6.580022691E1,5.667796731E-1,-9.670149803E0,-1.528841615E0
6.582037014E1,8.721962571E-1,-9.628956795E0,-1.640989542E0
6.584064171E1,1.125849366E0,-9.581030846E0,-1.762582183E0
6.586091332E1,1.277807593E0,-9.542145729E0,-1.866826296E0
6.588118493E1,1.293399096E0,-9.531425476E0,-1.910348654E0
6.590158493E1,1.279899478E0,-9.544099808E0,-1.855367661E0
6.592172811E1,1.263223410E0,-9.563654900E0,-1.763845086E0
6.594199972E1,1.224535346E0,-9.578780174E0,-1.708181858E0
6.596227129E1,1.154134631E0,-9.595436096E0,-1.663122654E0
6.598254290E1,9.970301986E-1,-9.634113312E0,-1.536289215E0
6.600294290E1,6.953052282E-1,-9.736839294E0,-9.385487437E-1
6.602308608E1,1.579592079E-1,-9.801516533E0,-2.751695812E-1
6.604335769E1,-6.036065817E-1,-9.787000656E0,1.437953562E-1
6.606362931E1,-1.468857765E0,-9.687283516E0,4.115479887E-1
6.608390092E1,-2.265108824E0,-9.524419785E0,5.701654553E-1
6.610430092E1,-2.878644228E0,-9.356583595E0,5.815002918E-1
6.612444410E1,-3.335162401E0,-9.207841873E0,5.125631690E-1
6.614471566E1,-3.764194727E0,-9.044131279E0,4.526814520E-1
6.616498728E1,-4.130748272E0,-8.873917580E0,6.007440686E-1
6.618525884E1,-4.371420383E0,-8.738319397E0,8.383549452E-1
6.620553046E1,-4.481231213E0,-8.652003288E0,1.109861970E0
6.622580207E1,-4.506995201E0,-8.600273132E0,1.375750780E0
6.624607363E1,-4.492641926E0,-8.569846153E0,1.595085502E0
6.626634525E1,-4.446341991E0,-8.565628052E0,1.740815878E0
6.628661681E1,-4.372320652E0,-8.596504211E0,1.775756717E0
6.630688842E1,-4.250797272E0,-8.668327332E0,1.720821023E0
6.632716004E1,-4.034798145E0,-8.794436455E0,1.596459031E0
6.634743160E1,-3.697789431E0,-8.974645615E0,1.397312880E0
6.636770322E1,-3.235932350E0,-9.193148613E0,1.088649631E0
6.638797478E1,-2.711534739E0,-9.395914078E0,7.312783599E-1
6.640824634E1,-2.260654449E0,-9.510917664E0,7.760657668E-1
6.642851796E1,-1.933035612E0,-9.567682266E0,9.450992346E-1
6.644878957E1,-1.826721907E0,-9.594911575E0,8.781468868E-1
6.646906118E1,-1.796081781E0,-9.609517097E0,7.756718397E-1
6.648933275E1,-1.774218559E0,-9.607080460E0,8.523793817E-1
6.650960436E1,-1.958003640E0,-9.568052292E0,8.882607222E-1
6.653000436E1,-2.342962980E0,-9.498200417E0,6.819756627E-1
6.655014754E1,-2.695049763E0,-9.421244621E0,3.837053180E-1
6.657041910E1,-2.969523668E0,-9.345440865E0,1.227043122E-1
6.659069072E1,-3.116763115E0,-9.297389030E0,1.213554367E-1
6.661096228E1,-3.105374336E0,-9.299063683E0,2.333371937E-1
6.663123389E1,-2.956270218E0,-9.347455978E0,2.365161479E-1
6.665150546E1,-2.718303919E0,-9.421674728E0,1.151122227E-1
6.667177707E1,-2.421267271E0,-9.502757072E0,-7.397573441E-2
6.669204863E1,-2.098772049E0,-9.574522018E0,-3.067054749E-1
6.671232025E1,-1.789386272E0,-9.625183105E0,-5.695134997E-1
6.673259181E1,-1.508356929E0,-9.653540611E0,-8.392875195E-1
6.675286337E1,-1.209727883E0,-9.662188530E0,-1.161494255E0
6.677313499E1,-8.773794174E-1,-9.647885323E0,-1.522792697E0
6.679340655E1,-5.569686294E-1,-9.632377625E0,-1.754276037E0
6.681367811E1,-2.525702715E-1,-9.637336731E0,-1.796754956E0
6.683394967E1,4.947803915E-2,-9.639882088E0,-1.800171494E0
6.685422129E1,3.412367702E-1,-9.625537872E0,-1.844714284E0
6.687449290E1,6.045542955E-1,-9.596154213E0,-1.928400755E0
6.689476447E1,8.210871816E-1,-9.560376167E0,-2.023715258E0
6.691503608E1,9.599188566E-1,-9.530603409E0,-2.101552963E0
6.693530764E1,1.008324146E0,-9.520317078E0,-2.125380278E0
6.695557920E1,1.008106470E0,-9.529046059E0,-2.086002350E0
6.697585072E1,1.000967383E0,-9.545476913E0,-2.013037920E0
6.699612238E1,9.557508826E-1,-9.562732697E0,-1.952193856E0
6.701639394E1,8.918471336E-1,-9.583821297E0,-1.877597451E0
6.703666551E1,7.698343992E-1,-9.640785217E0,-1.622653842E0
6.705693712E1,4.150628746E-1,-9.758057594E0,-8.822844625E-1
6.707720868E1,-1.707636565E-1,-9.801636696E0,-2.629368305E-1
6.709760868E1,-8.992773294E-1,-9.764190674E0,1.492605805E-1
6.711775186E1,-1.677781582E0,-9.652984619E0,4.187033772E-1
6.713802342E1,-2.370281935E0,-9.500890732E0,5.340791941E-1
6.715829499E1,-2.909813881E0,-9.350822449E0,5.152545571E-1
6.717856660E1,-3.396487713E0,-9.190731049E0,4.058712423E-1
6.719887743E1,-3.872589350E0,-9.003458023E0,3.334119022E-1
6.721910978E1,-4.202070236E0,-8.841725349E0,5.804116130E-1
6.723938134E1,-4.384582996E0,-8.728489876E0,8.713743091E-1
6.725965296E1,-4.457422256E0,-8.651449203E0,1.205900311E0
6.727992452E1,-4.447423935E0,-8.602439880E0,1.545587420E0
6.730032452E1,-4.382392406E0,-8.579864502E0,1.830559969E0
6.732046764E1,-4.290121078E0,-8.590853691E0,1.990596771E0
6.734073920E1,-4.181917191E0,-8.641385078E0,2.002103090E0
6.736101077E1,-4.024589539E0,-8.738116264E0,1.902209282E0
6.738128233E1,-3.769505501E0,-8.889076233E0,1.716258407E0
6.740168233E1,-3.387918472E0,-9.091948509E0,1.424381495E0
6.742182551E1,-2.905473948E0,-9.308334351E0,1.040918112E0
6.744209702E1,-2.407854557E0,-9.471389771E0,8.157312870E-1
6.746236863E1,-2.006079197E0,-9.546422005E0,1.005911350E0
6.748264019E1,-1.748435855E0,-9.586089134E0,1.104652286E0
6.750304019E1,-1.721024156E0,-9.599171638E0,1.031676054E0
6.752318332E1,-1.779817820E0,-9.590816498E0,1.009397745E0
6.754345493E1,-1.953233242E0,-9.556611061E0,1.013140917E0
6.756372650E1,-2.295956850E0,-9.496096611E0,8.503723145E-1
6.758399806E1,-2.615394592E0,-9.436027527E0,5.398856401E-1
6.760426962E1,-2.833569765E0,-9.381418228E0,3.609208763E-1
6.762454118E1,-2.946640015E0,-9.342489243E0,4.534229636E-1
6.764481275E1,-2.878239870E0,-9.351650238E0,6.578538418E-1
6.766508431E1,-2.691338539E0,-9.396731377E0,7.927947044E-1
6.768535587E1,-2.462662458E0,-9.460344315E0,7.794631124E-1
6.770562749E1,-2.201982975E0,-9.535196304E0,6.337782145E-1
6.772589900E1,-1.926283956E0,-9.607524872E0,3.940641582E-1
6.774617061E1,-1.664657116E0,-9.663930893E0,8.814149350E-2
6.776644212E1,-1.421963096E0,-9.699458122E0,-2.625063956E-1
6.778671374E1,-1.189365268E0,-9.713495255E0,-6.354546547E-1
6.780698525E1,-9.247655272E-1,-9.708031654E0,-1.034082055E0
6.782725686E1,-6.251652837E-1,-9.689458847E0,-1.376204967E0
6.784752842E1,-3.400040567E-1,-9.684105873E0,-1.507608533E0
6.786779999E1,-9.841481596E-2,-9.689024925E0,-1.511123896E0
6.788807150E1,1.096723229E-1,-9.684639931E0,-1.538219571E0
6.790834311E1,2.977418303E-1,-9.674100876E0,-1.579085946E0
6.792861467E1,4.783545136E-1,-9.656153679E0,-1.643244267E0
6.794888624E1,6.446278095E-1,-9.632205009E0,-1.724950552E0
6.796915780E1,7.627688646E-1,-9.610789299E0,-1.794795394E0
6.798942936E1,8.114731908E-1,-9.603702545E0,-1.811295629E0
6.800970087E1,8.288717866E-1,-9.610245705E0,-1.768202066E0
6.802997243E1,8.637539148E-1,-9.621171951E0,-1.690375328E0
6.805024400E1,8.703884482E-1,-9.632559776E0,-1.620680094E0
6.807051556E1,8.404567242E-1,-9.646057129E0,-1.554866195E0
6.809078712E1,7.376472354E-1,-9.672863960E0,-1.435954332E0
6.811105868E1,5.302918553E-1,-9.738567352E0,-1.024440169E0
6.813133025E1,6.822945178E-2,-9.799934387E0,-3.563812077E-1
6.815160181E1,-5.907421708E-1,-9.788398743E0,9.302196652E-2
6.817187337E1,-1.319237828E0,-9.710991859E0,3.558769524E-1
6.819214493E1,-1.991853118E0,-9.588804245E0,5.076794028E-1
6.821241644E1,-2.516258478E0,-9.461102486E0,5.712951422E-1
6.823268801E1,-2.914019108E0,-9.347231865E0,5.550985336E-1
6.825295957E1,-3.289808035E0,-9.226040840E0,4.772107303E-1
6.827323113E1,-3.636135578E0,-9.088726997E0,5.864792466E-1
6.829350269E1,-3.894838095E0,-8.962124825E0,8.251876235E-1
6.831377426E1,-4.058402061E0,-8.863059044E0,1.070486665E0
6.833404577E1,-4.137592793E0,-8.792415619E0,1.320660591E0
6.835431733E1,-4.139815807E0,-8.754774094E0,1.544746757E0
6.837458889E1,-4.081628323E0,-8.752444267E0,1.704525590E0
6.839486046E1,-3.999638557E0,-8.779014587E0,1.761301041E0
6.841513196E1,-3.897328377E0,-8.831622124E0,1.727331996E0
6.843540353E1,-3.725753546E0,-8.923562050E0,1.630697608E0
6.845567509E1,-3.448360682E0,-9.062768936E0,1.464723110E0
6.847594665E1,-3.051243544E0,-9.241959572E0,1.202700257E0
6.849621816E1,-2.550705910E0,-9.433020592E0,8.260834217E-1
6.851648972E1,-2.063568830E0,-9.564784050E0,6.534343362E-1
6.853676129E1,-1.715088248E0,-9.616842270E0,8.632456660E-1
6.855703280E1,-1.575181246E0,-9.638870239E0,8.839484453E-1
6.857730436E1,-1.584464192E0,-9.643054962E0,8.193603158E-1
6.859757592E1,-1.619051218E0,-9.629482269E0,9.067167044E-1
6.861784743E1,-1.804646492E0,-9.589653969E0,9.757837057E-1
6.863811900E1,-2.190311909E0,-9.522204399E0,8.369804025E-1
6.865839056E1,-2.548420191E0,-9.452642441E0,5.687584281E-1
6.867866207E1,-2.811995745E0,-9.387946129E0,3.598856926E-1
6.869905243E1,-2.953418255E0,-9.342640877E0,4.034343362E-1
6.871920514E1,-2.924955130E0,-9.341499329E0,5.928100348E-1
6.873947670E1,-2.783617496E0,-9.375943184E0,7.166280150E-1
6.875974827E1,-2.613379478E0,-9.428240776E0,6.700091362E-1
6.877994118E1,-2.420541763E0,-9.490036964E0,5.005649328E-1
6.880034118E1,-2.185877323E0,-9.556990623E0,2.371922731E-1
6.882056301E1,-1.930585623E0,-9.614125252E0,-1.086940691E-1
6.884083457E1,-1.659970760E0,-9.652697563E0,-4.902263582E-1
6.886110608E1,-1.377767920E0,-9.669347763E0,-8.808341026E-1
6.888137759E1,-1.094813585E0,-9.667144775E0,-1.232103109E0
6.890177759E1,-8.476074934E-1,-9.673626900E0,-1.368536353E0
6.892192061E1,-6.168133020E-1,-9.694078445E0,-1.347133636E0
6.894219217E1,-3.723779321E-1,-9.709224701E0,-1.327656984E0
6.896246374E1,-1.401097029E-1,-9.716916084E0,-1.316165209E0
6.898273525E1,8.965412527E-2,-9.714655876E0,-1.337090611E0
6.900313525E1,3.343645036E-1,-9.699051857E0,-1.409597754E0
6.902327832E1,5.567290783E-1,-9.672634125E0,-1.516764760E0
6.904354978E1,7.207226753E-1,-9.642843246E0,-1.632952094E0
6.906382134E1,7.787978053E-1,-9.624626160E0,-1.711846113E0
6.908409285E1,7.708160281E-1,-9.627044678E0,-1.701829076E0
6.910449285E1,7.718358636E-1,-9.643114090E0,-1.607794762E0
6.912463592E1,7.771970630E-1,-9.659564018E0,-1.503053904E0
6.914490749E1,7.732388973E-1,-9.671248436E0,-1.428094268E0
6.916517900E1,7.391534448E-1,-9.685045242E0,-1.350536823E0
6.918545056E1,6.142856479E-1,-9.714939117E0,-1.188687921E0
6.920572207E1,3.011125624E-1,-9.781808853E0,-6.292424798E-1
6.922599363E1,-2.879719734E-1,-9.802298546E0,-4.907319322E-2
6.924626514E1,-1.058614016E0,-9.744802475E0,2.975561917E-1
6.926653671E1,-1.875290275E0,-9.615559578E0,4.412322044E-1
6.928680822E1,-2.566203117E0,-9.454983711E0,4.338814616E-1
6.930707973E1,-3.053409576E0,-9.312716484E0,3.469757438E-1
6.932735129E1,-3.432975054E0,-9.180839539E0,3.118782043E-1
6.934762280E1,-3.742563248E0,-9.045681000E0,5.824643373E-1
6.936789426E1,-3.959246159E0,-8.932135582E0,8.436357975E-1
6.938816587E1,-4.090513706E0,-8.854999542E0,1.013442397E0
6.940843738E1,-4.165362358E0,-8.802878380E0,1.153037548E0
6.942870894E1,-4.194911480E0,-8.765254974E0,1.320381403E0
6.944898040E1,-4.171998501E0,-8.748505592E0,1.492799163E0
6.946925196E1,-4.089302063E0,-8.767921448E0,1.603608847E0
6.948952353E1,-3.971420527E0,-8.814391136E0,1.644599676E0
6.950979504E1,-3.817227125E0,-8.885958672E0,1.624474645E0
6.953006655E1,-3.585938931E0,-8.998688698E0,1.528078556E0
6.955033811E1,-3.237607718E0,-9.161054611E0,1.327914953E0
6.957060962E1,-2.763822556E0,-9.356019020E0,9.982959032E-1
6.959088113E1,-2.262552738E0,-9.520374298E0,6.431908011E-1
6.961115269E1,-1.940811992E0,-9.587264061E0,6.985675097E-1
6.963142420E1,-1.778707266E0,-9.607378960E0,8.395611048E-1
6.965169572E1,-1.763087034E0,-9.609131813E0,8.523598909E-1
6.967196722E1,-1.805498600E0,-9.598974228E0,8.776492476E-1
6.969223879E1,-1.941630125E0,-9.562735558E0,9.770064354E-1
6.971251030E1,-2.254331112E0,-9.500188828E0,9.136677384E-1
6.973278181E1,-2.573663235E0,-9.441109657E0,6.419469118E-1
6.975305332E1,-2.790518999E0,-9.389472961E0,4.703193903E-1
6.977332483E1,-2.919488430E0,-9.347197533E0,5.261728168E-1
6.979372483E1,-2.906958580E0,-9.339149475E0,7.072883844E-1
6.981386790E1,-2.791903019E0,-9.360514641E0,8.697301149E-1
6.983413941E1,-2.625220537E0,-9.405885696E0,8.988447189E-1
6.985441092E1,-2.430381060E0,-9.470767975E0,7.537775636E-1
6.987468243E1,-2.198935986E0,-9.543359756E0,5.092587471E-1
6.989495394E1,-1.956211448E0,-9.607309341E0,2.079387009E-1
6.991522551E1,-1.723237753E0,-9.653277397E0,-1.228100955E-1
6.993549702E1,-1.473294497E0,-9.681208611E0,-5.234256387E-1
6.995576853E1,-1.160124063E0,-9.683676720E0,-1.025144219E0
6.997604004E1,-8.599915504E-1,-9.680428505E0,-1.311527729E0
6.999631155E1,-6.320289969E-1,-9.708220482E0,-1.233449221E0
7.001658306E1,-3.794595897E-1,-9.730039597E0,-1.163068891E0
7.003685457E1,-1.279162318E-1,-9.736976624E0,-1.159879804E0
7.005712608E1,9.021033347E-2,-9.733718872E0,-1.190365553E0
7.007739759E1,3.103757799E-1,-9.720225334E0,-1.261454225E0
7.009766910E1,5.287762880E-1,-9.697405815E0,-1.360549450E0
7.011794061E1,7.010688186E-1,-9.670236588E0,-1.471531391E0
7.013821212E1,8.136897087E-1,-9.641926765E0,-1.594219565E0
7.015848363E1,8.435063362E-1,-9.626138687E0,-1.672226429E0
7.017875514E1,8.125851154E-1,-9.630328178E0,-1.663391948E0
7.019915514E1,7.907201052E-1,-9.648780823E0,-1.564022779E0
7.021929811E1,7.675287127E-1,-9.666210175E0,-1.464810848E0
7.023956967E1,7.241670489E-1,-9.676199913E0,-1.420256257E0
7.025984118E1,6.242305040E-1,-9.689070702E0,-1.379365087E0
7.028011269E1,4.493395090E-1,-9.715979576E0,-1.252288461E0
7.030051269E1,1.688166559E-1,-9.778046608E0,-7.291684151E-1
7.032065572E1,-3.955640495E-1,-9.798478127E0,-6.103531271E-2
7.034092722E1,-1.193141699E0,-9.727108955E0,3.607656956E-1
7.036119874E1,-2.046564102E0,-9.574783325E0,5.526918769E-1
7.038147025E1,-2.742007256E0,-9.395909309E0,6.071876287E-1
7.040187025E1,-3.180109262E0,-9.257470131E0,5.971078277E-1
7.042201322E1,-3.501969814E0,-9.142431259E0,5.679333210E-1
7.044228478E1,-3.833924055E0,-9.000229836E0,6.835675240E-1
7.046255629E1,-4.106310844E0,-8.864126205E0,8.578282595E-1
7.048282780E1,-4.266818047E0,-8.770091057E0,1.024771452E0
7.050322780E1,-4.326568127E0,-8.714906693E0,1.225397110E0
7.052337082E1,-4.312800884E0,-8.690201759E0,1.431968689E0
7.054364228E1,-4.266722679E0,-8.681297302E0,1.612622738E0
7.056391379E1,-4.210438251E0,-8.690300941E0,1.709169030E0
7.058418530E1,-4.130692005E0,-8.730615616E0,1.698268533E0
7.060445681E1,-3.993761539E0,-8.808878899E0,1.619849324E0
7.062472832E1,-3.768585682E0,-8.929802895E0,1.492231011E0
7.064499983E1,-3.432629585E0,-9.094596863E0,1.294503212E0
7.066527129E1,-2.984369516E0,-9.290198326E0,9.778228998E-1
7.068554280E1,-2.472173929E0,-9.472617149E0,5.729475021E-1
7.070581431E1,-2.078704357E0,-9.564157486E0,6.134062409E-1
7.072608582E1,-1.861068368E0,-9.592290878E0,8.335266709E-1
7.074635733E1,-1.778381705E0,-9.610194206E0,8.074054122E-1
7.076662879E1,-1.729925871E0,-9.621507645E0,7.773821950E-1
7.078690030E1,-1.718738079E0,-9.614334106E0,8.836914897E-1
7.080717181E1,-1.910244823E0,-9.581850052E0,8.423140049E-1
7.082744332E1,-2.285401106E0,-9.524809837E0,4.746855199E-1
7.084771483E1,-2.587961435E0,-9.458133698E0,1.286868453E-1
7.086798629E1,-2.812979221E0,-9.394517899E0,-2.389748022E-2
7.088825780E1,-2.925542116E0,-9.359950066E0,5.399592221E-2
7.090852926E1,-2.871592045E0,-9.371904373E0,3.028955162E-1
7.092880082E1,-2.721448421E0,-9.405755043E0,5.439435840E-1
7.094907228E1,-2.563879251E0,-9.444267273E0,6.346125007E-1
7.096934379E1,-2.401852846E0,-9.491806984E0,5.541683435E-1
7.098961530E1,-2.208615780E0,-9.549016953E0,3.296634853E-1
7.100988676E1,-2.000017881E0,-9.600525856E0,1.478604134E-2
7.103015827E1,-1.791783571E0,-9.635977745E0,-3.283883333E-1
7.105042978E1,-1.576035142E0,-9.653631210E0,-7.027754188E-1
7.107070124E1,-1.309291959E0,-9.651299477E0,-1.143925548E0
7.109097269E1,-1.019382000E0,-9.636528969E0,-1.506173730E0
7.111124426E1,-7.621737719E-1,-9.644990921E0,-1.601132989E0
7.113151572E1,-5.182896256E-1,-9.669641495E0,-1.549125552E0
7.115178722E1,-2.631239593E-1,-9.684752464E0,-1.518790126E0
7.117205874E1,-2.698887885E-2,-9.687765121E0,-1.522129893E0
7.119233019E1,1.837900579E-1,-9.678881645E0,-1.567118764E0
7.121260171E1,3.785766065E-1,-9.661849022E0,-1.635771155E0
7.123287322E1,5.405743122E-1,-9.641141891E0,-1.710717678E0
7.125314462E1,6.333294511E-1,-9.625080109E0,-1.768368006E0
7.127341618E1,6.415389776E-1,-9.623710632E0,-1.772859454E0
7.129368769E1,6.094171405E-1,-9.636839867E0,-1.711815357E0
7.131395915E1,5.754570365E-1,-9.657188416E0,-1.605601430E0
7.133423066E1,5.273208618E-1,-9.673967361E0,-1.518779516E0
7.135450217E1,4.833666980E-1,-9.682133675E0,-1.480889916E0
7.137477358E1,4.128338993E-1,-9.691269875E0,-1.441959023E0
7.139504514E1,2.928699851E-1,-9.712055206E0,-1.326872468E0
7.141531655E1,4.773518443E-2,-9.783627510E0,-6.698967218E-1
7.143558811E1,-5.165428519E-1,-9.793012619E0,2.194465697E-2
7.145585962E1,-1.255753279E0,-9.719692230E0,3.479319811E-1
7.147613108E1,-2.017668247E0,-9.582797050E0,5.190365911E-1
7.149640259E1,-2.646114826E0,-9.422556877E0,6.195766330E-1
7.151667405E1,-3.081855059E0,-9.290452003E0,6.000591516E-1
7.153694556E1,-3.434588432E0,-9.174077988E0,4.585542977E-1
7.155721707E1,-3.768393278E0,-9.038634300E0,5.222005248E-1
7.157748853E1,-4.027998924E0,-8.913377762E0,7.051991224E-1
7.159788853E1,-4.189094543E0,-8.821208000E0,8.989896774E-1
7.161803150E1,-4.234627724E0,-8.772686005E0,1.130616903E0
7.163830296E1,-4.182381630E0,-8.763439178E0,1.371205807E0
7.165857446E1,-4.086849213E0,-8.776401520E0,1.562954068E0
7.167884598E1,-3.986889362E0,-8.806586266E0,1.648980141E0
7.169924598E1,-3.868682861E0,-8.862185478E0,1.632595658E0
7.171938894E1,-3.701473236E0,-8.946608543E0,1.558095694E0
7.173966040E1,-3.442432642E0,-9.070578575E0,1.429906487E0
7.175993191E1,-3.071977139E0,-9.231877327E0,1.227107048E0
7.178020342E1,-2.589829206E0,-9.413722992E0,9.192314744E-1
7.180060342E1,-2.075463533E0,-9.568424225E0,5.550650358E-1
7.182090436E1,-1.777568817E0,-9.622255325E0,6.502590775E-1
7.184101842E1,-1.704303026E0,-9.625959396E0,7.788702250E-1
7.186128983E1,-1.760312915E0,-9.616294861E0,7.736622095E-1
7.188156124E1,-1.824642420E0,-9.607437134E0,7.336326838E-1
7.190196124E1,-1.850222588E0,-9.594377518E0,8.336580992E-1
7.192210410E1,-1.972335458E0,-9.564999580E0,8.894122243E-1
7.194237551E1,-2.229229689E0,-9.527049065E0,6.605061889E-1
7.196264686E1,-2.477449417E0,-9.482915878E0,3.270293176E-1
7.198291837E1,-2.700099945E0,-9.426997185E0,1.075607836E-1
7.200331837E1,-2.878936052E0,-9.374545097E0,1.945036929E-3
7.202346134E1,-2.911791801E0,-9.364356995E0,2.600496262E-2
7.204373275E1,-2.791656733E0,-9.400233269E0,1.125314087E-1
7.206400426E1,-2.615370274E0,-9.450182915E0,1.557997465E-1
7.208427572E1,-2.427112103E0,-9.501040459E0,9.868883342E-2
7.210467572E1,-2.196434975E0,-9.557403564E0,-4.583980888E-2
7.212481863E1,-1.941808820E0,-9.608853340E0,-2.640138566E-1
7.214509009E1,-1.675961971E0,-9.645479202E0,-5.712059140E-1
7.216536155E1,-1.403780818E0,-9.662322044E0,-9.161467552E-1
7.218563306E1,-1.131296396E0,-9.664040565E0,-1.223474383E0
7.220590452E1,-8.614019752E-1,-9.665270805E0,-1.418071389E0
7.222617592E1,-6.029511094E-1,-9.675864220E0,-1.477994680E0
7.224644743E1,-3.653991520E-1,-9.685699463E0,-1.491338253E0
7.226671889E1,-1.556540430E-1,-9.689023972E0,-1.506309748E0
7.228699035E1,4.436115548E-2,-9.684716225E0,-1.541000485E0
7.230726186E1,2.445434630E-1,-9.671010971E0,-1.606901288E0
7.232753332E1,4.182210863E-1,-9.651254654E0,-1.687824726E0
7.234780478E1,5.481338501E-1,-9.629780769E0,-1.771234035E0
7.236807624E1,6.068086624E-1,-9.614941597E0,-1.831686258E0
7.238834775E1,6.079221368E-1,-9.621776581E0,-1.795058250E0
7.240861921E1,5.948354602E-1,-9.648033142E0,-1.652873158E0
7.242889066E1,5.734207630E-1,-9.674682617E0,-1.497356176E0
7.244916217E1,5.380497575E-1,-9.691860199E0,-1.395972967E0
7.246943363E1,4.636747241E-1,-9.706104279E0,-1.321715355E0
7.248970509E1,3.128776550E-1,-9.723623276E0,-1.234358191E0
7.250997655E1,1.315081567E-1,-9.748909950E0,-1.054451466E0
7.253024806E1,-2.262832075E-1,-9.794495583E0,-4.324555397E-1
7.255051952E1,-8.750731945E-1,-9.766825676E0,1.173286214E-1
7.257079098E1,-1.649371028E0,-9.661572456E0,3.224554658E-1
7.259106243E1,-2.295763254E0,-9.527764320E0,3.486714661E-1
7.261133394E1,-2.715335131E0,-9.415613174E0,3.788832426E-1
7.263160540E1,-3.030025244E0,-9.316359520E0,4.413563609E-1
7.265187686E1,-3.358941078E0,-9.195451736E0,5.758199096E-1
7.267214832E1,-3.643139362E0,-9.080057144E0,6.711807251E-1
7.269241978E1,-3.830183268E0,-8.996408463E0,7.514748573E-1
7.271269129E1,-3.911024809E0,-8.950668335E0,8.716670275E-1
7.273296275E1,-3.915164471E0,-8.934040070E0,1.012337446E0
7.275323420E1,-3.899631739E0,-8.929027557E0,1.111633778E0
7.277350566E1,-3.879867554E0,-8.933390617E0,1.145234823E0
7.279377712E1,-3.833756208E0,-8.955861092E0,1.124832749E0
7.281404858E1,-3.733339548E0,-9.002103806E0,1.093010783E0
7.283432009E1,-3.536082029E0,-9.087187767E0,1.043803096E0
7.285459155E1,-3.234488726E0,-9.209020615E0,9.499546289E-1
7.287486301E1,-2.833874702E0,-9.354952812E0,7.901939154E-1
7.289513446E1,-2.382105112E0,-9.496712685E0,5.553516746E-1
7.291540592E1,-1.938408017E0,-9.608185768E0,3.094171882E-1
7.293567743E1,-1.744639635E0,-9.641534805E0,4.091737270E-1
7.295594889E1,-1.790965557E0,-9.625879288E0,5.525390506E-1
7.297622035E1,-1.900625229E0,-9.601950645E0,6.004670858E-1
7.299649181E1,-1.965037823E0,-9.584339142E0,6.704121828E-1
7.301676327E1,-2.040229559E0,-9.554167747E0,8.518970609E-1
7.303703472E1,-2.268840313E0,-9.500215530E0,8.767259121E-1
7.305730624E1,-2.565082312E0,-9.444533348E0,6.257111430E-1
7.307757769E1,-2.790049076E0,-9.393764496E0,3.784203529E-1
7.309784915E1,-2.949279785E0,-9.349232674E0,2.529545426E-1
7.311812061E1,-2.988730431E0,-9.336554527E0,2.581281662E-1
7.313839207E1,-2.885707855E0,-9.367078781E0,3.176506758E-1
7.315866353E1,-2.719739676E0,-9.416182518E0,3.300207257E-1
7.317893499E1,-2.551679373E0,-9.465694427E0,2.448302209E-1
7.319933499E1,-2.342211008E0,-9.522551537E0,7.367218286E-2
7.321947790E1,-2.106313467E0,-9.576370239E0,-1.642093658E-1
7.323974936E1,-1.869078159E0,-9.614188194E0,-4.942884445E-1
7.326002087E1,-1.606708407E0,-9.632163048E0,-9.001759291E-1
7.328029233E1,-1.327362895E0,-9.635439873E0,-1.251712203E0
7.330069233E1,-1.043105125E0,-9.643305779E0,-1.445325375E0
7.332083525E1,-7.564431429E-1,-9.660848618E0,-1.505387545E0
7.334110670E1,-4.668087065E-1,-9.674609184E0,-1.534413338E0
7.336137816E1,-1.907534301E-1,-9.678016663E0,-1.571625829E0
7.338164962E1,6.520386785E-2,-9.669436455E0,-1.633438826E0
7.340204962E1,2.867554128E-1,-9.651939392E0,-1.711204886E0
7.342219259E1,4.650183022E-1,-9.632142067E0,-1.782129765E0
7.344246405E1,6.079779863E-1,-9.608125687E0,-1.866724968E0
7.346273551E1,6.946573257E-1,-9.586086273E0,-1.948024869E0
7.348300696E1,6.992827654E-1,-9.581305504E0,-1.969765186E0
7.350340697E1,6.553969383E-1,-9.597819328E0,-1.903341293E0
7.352354988E1,6.065988541E-1,-9.625494957E0,-1.775462031E0
7.354382134E1,5.558158159E-1,-9.650794983E0,-1.650340438E0
7.356409280E1,4.912896156E-1,-9.670773506E0,-1.550864935E0
7.358436426E1,3.459785879E-1,-9.693264961E0,-1.446137428E0
7.360463572E1,1.460958272E-1,-9.718247414E0,-1.305643797E0
7.362490717E1,-1.128373146E-1,-9.746272087E0,-1.080659866E0
7.364517863E1,-5.482535958E-1,-9.777264595E0,-5.243052244E-1
7.366545009E1,-1.245842576E0,-9.726955414E0,-6.790210307E-2
7.368572155E1,-2.005543470E0,-9.599016190E0,8.411378413E-2
7.370599301E1,-2.579651833E0,-9.460593224E0,1.138411760E-1
7.372626446E1,-2.950142384E0,-9.349810600E0,2.193068266E-1
7.374653592E1,-3.237206697E0,-9.243503571E0,4.985084832E-1
7.376680738E1,-3.497697830E0,-9.131124496E0,7.476983070E-1
7.378707884E1,-3.711698532E0,-9.030625343E0,9.173257947E-1
7.380735030E1,-3.860164881E0,-8.953341484E0,1.052233100E0
7.382762176E1,-3.949412823E0,-8.896204948E0,1.195849299E0
7.384789322E1,-3.977006912E0,-8.867224693E0,1.313817501E0
7.386816467E1,-3.961940527E0,-8.868993759E0,1.346977234E0
7.388843613E1,-3.923020363E0,-8.893005371E0,1.301829219E0
7.390870759E1,-3.864475250E0,-8.929659843E0,1.223677278E0
7.392897905E1,-3.751676083E0,-8.987547874E0,1.148603320E0
7.394925051E1,-3.540755272E0,-9.083329201E0,1.061397433E0
7.396952196E1,-3.217748880E0,-9.216207504E0,9.370215535E-1
7.398979342E1,-2.779703379E0,-9.374566078E0,7.490869761E-1
7.401006488E1,-2.254047632E0,-9.530925751E0,5.011048913E-1
7.403033629E1,-1.725464106E0,-9.650517464E0,2.463144213E-1
7.405060780E1,-1.378757834E0,-9.708814621E0,9.130419046E-2
7.407087921E1,-1.297894120E0,-9.720195770E0,6.047459692E-2
7.409115066E1,-1.405299425E0,-9.704805374E0,1.107880622E-1
7.411142212E1,-1.525635958E0,-9.685974121E0,1.573049575E-1
7.413169358E1,-1.551246285E0,-9.680799484E0,2.148126215E-1
7.415196504E1,-1.547276974E0,-9.679547310E0,2.875873446E-1
7.417223650E1,-1.738042593E0,-9.648939133E0,2.181148082E-1
7.419250796E1,-2.106264830E0,-9.577609062E0,5.871427059E-2
7.421277941E1,-2.432100534E0,-9.500234604E0,2.845861018E-2
7.423305087E1,-2.716801405E0,-9.421925545E0,1.292193681E-1
7.425332228E1,-2.893695116E0,-9.367084503E0,2.337569892E-1
7.427359368E1,-2.938258171E0,-9.352977753E0,2.425406724E-1
7.429399368E1,-2.915258646E0,-9.362570763E0,1.179876551E-1
7.431413665E1,-2.892643690E0,-9.369741440E0,-1.046151146E-1
7.433440811E1,-2.837826967E0,-9.379072189E0,-3.874603510E-1
7.435467957E1,-2.714195251E0,-9.396565437E0,-7.128058076E-1
7.437495103E1,-2.527821541E0,-9.414188385E0,-1.074042201E0
7.439522249E1,-2.275506020E0,-9.433916092E0,-1.411981106E0
7.441549389E1,-2.005975485E0,-9.459422112E0,-1.632721543E0
7.443576535E1,-1.731609225E0,-9.499893188E0,-1.709957600E0
7.445603681E1,-1.434838414E0,-9.549342155E0,-1.709297419E0
7.447630827E1,-1.130309939E0,-9.594824791E0,-1.682890534E0
7.449657967E1,-8.409855366E-1,-9.625157356E0,-1.679135323E0
7.451685113E1,-5.781161189E-1,-9.633872986E0,-1.739154696E0
7.453712259E1,-3.345216811E-1,-9.625391006E0,-1.846704841E0
7.455739405E1,-1.062730476E-1,-9.607727051E0,-1.962312579E0
7.457766546E1,8.836840838E-2,-9.585649490E0,-2.068308592E0
7.459793691E1,2.348671407E-1,-9.565684319E0,-2.147769928E0
7.461820837E1,3.350223601E-1,-9.552052498E0,-2.194636583E0
7.463847983E1,3.457622230E-1,-9.544840813E0,-2.224152803E0
7.465875124E1,2.908308208E-1,-9.552659988E0,-2.198289394E0
7.467902269E1,2.102865130E-1,-9.575904846E0,-2.104330778E0
7.469942269E1,1.049616709E-1,-9.607313156E0,-1.964406252E0
7.471956556E1,-4.092596844E-2,-9.640549660E0,-1.796803594E0
7.473983702E1,-2.230402082E-1,-9.666909218E0,-1.634479284E0
7.476010848E1,-3.973227143E-1,-9.684392929E0,-1.491666794E0
7.478037993E1,-6.279258132E-1,-9.695788383E0,-1.329581141E0
7.480077993E1,-9.394877553E-1,-9.703765869E0,-1.060504198E0
7.482092280E1,-1.350448489E0,-9.701782227E0,-4.712845087E-1
7.484119426E1,-1.877288580E0,-9.624374390E0,-1.326277405E-1
7.486146566E1,-2.364164352E0,-9.517092705E0,7.786267251E-2
7.488173712E1,-2.713073492E0,-9.418521881E0,3.179011047E-1
7.490213712E1,-2.934400558E0,-9.340435982E0,5.620882511E-1
7.492227999E1,-3.112241030E0,-9.271104813E0,7.286821604E-1
7.494255144E1,-3.300710917E0,-9.199561119E0,8.023482561E-1
7.496282290E1,-3.458707094E0,-9.139645576E0,8.213436007E-1
7.498309431E1,-3.532201052E0,-9.107646942E0,8.629521728E-1
7.500336577E1,-3.537923336E0,-9.096853256E0,9.490686059E-1
7.502363722E1,-3.530893564E0,-9.090846062E0,1.029427528E0
7.504390863E1,-3.528126955E0,-9.087818146E0,1.065017462E0
7.506418009E1,-3.499622345E0,-9.099523544E0,1.059100389E0
7.508445150E1,-3.417320967E0,-9.134776115E0,1.023802757E0
7.510472296E1,-3.258495331E0,-9.199053764E0,9.643732309E-1
7.512499436E1,-3.028409243E0,-9.286629677E0,8.704217672E-1
7.514526582E1,-2.736832857E0,-9.388065338E0,7.378032804E-1
7.516553728E1,-2.414879799E0,-9.487941742E0,5.636581182E-1
7.518580868E1,-2.098386765E0,-9.573649406E0,3.352654278E-1
7.520608014E1,-1.813091040E0,-9.637245178E0,8.119093627E-2
7.522635155E1,-1.613466501E0,-9.672875404E0,-5.094625056E-2
7.524662301E1,-1.571823716E0,-9.679863930E0,3.689394798E-3
7.526689447E1,-1.648949742E0,-9.666369438E0,1.125184447E-1
7.528716587E1,-1.735584736E0,-9.649191856E0,2.263683826E-1
7.530743733E1,-1.794101834E0,-9.634602547E0,3.549853861E-1
7.532770874E1,-1.917138338E0,-9.608651161E0,4.108537436E-1
7.534798019E1,-2.108911037E0,-9.567976952E0,4.203731716E-1
7.536825160E1,-2.259654284E0,-9.533237457E0,4.263005853E-1
7.538852306E1,-2.343726635E0,-9.513098717E0,4.222500920E-1
7.540879446E1,-2.353578806E0,-9.509944916E0,4.381827712E-1
7.542906592E1,-2.318306684E0,-9.519712448E0,4.134074748E-1
7.544933733E1,-2.245345592E0,-9.540135384E0,3.385499418E-1
7.546960879E1,-2.193387747E0,-9.555536270E0,2.262080014E-1
7.548988019E1,-2.148632765E0,-9.568189621E0,5.933445692E-2
7.551015165E1,-2.056057215E0,-9.587622643E0,-1.432301253E-1
7.553042306E1,-1.923651338E0,-9.608011246E0,-3.950593770E-1
7.555069452E1,-1.773037314E0,-9.619546890E0,-7.007562518E-1
7.557096592E1,-1.594051123E0,-9.620597839E0,-1.036086440E0
7.559123733E1,-1.410973191E0,-9.612811089E0,-1.331692815E0
7.561150879E1,-1.241895556E0,-9.611369133E0,-1.499890089E0
7.563178014E1,-1.079692841E0,-9.620693207E0,-1.564256668E0
7.565205165E1,-9.241191745E-1,-9.630911827E0,-1.600604415E0
7.567232306E1,-7.811072469E-1,-9.635999680E0,-1.645527244E0
7.569259446E1,-6.443061829E-1,-9.636216164E0,-1.702526212E0
7.571286592E1,-5.088588595E-1,-9.632745743E0,-1.766820788E0
7.573313733E1,-3.650793433E-1,-9.626475334E0,-1.835233808E0
7.575340879E1,-2.162836194E-1,-9.619287491E0,-1.895500898E0
7.577368019E1,-7.345804572E-2,-9.613970757E0,-1.933017254E0
7.579395160E1,5.488486961E-2,-9.608688354E0,-1.959716558E0
7.581422306E1,1.549733579E-1,-9.604482651E0,-1.974911690E0
7.583449446E1,2.039487213E-1,-9.601795197E0,-1.983510494E0
7.585476592E1,1.869892031E-1,-9.600943565E0,-1.989298820E0
7.587503733E1,1.381660253E-1,-9.610534668E0,-1.946517348E0
7.589530874E1,8.564431220E-2,-9.632544518E0,-1.837695718E0
7.591558019E1,3.086396679E-2,-9.654507637E0,-1.720438480E0
7.593585160E1,-2.643099427E-2,-9.672254562E0,-1.617771983E0
7.595612301E1,-1.394583583E-1,-9.688102722E0,-1.513803959E0
7.597639446E1,-3.083241284E-1,-9.701446533E0,-1.399021387E0
7.599666587E1,-5.356624722E-1,-9.707239151E0,-1.285674334E0
7.601693728E1,-8.293192983E-1,-9.708082199E0,-1.111647844E0
7.603720874E1,-1.237471461E0,-9.713505745E0,-5.355951190E-1
7.605748014E1,-1.836629152E0,-9.630920410E0,-2.062703967E-1
7.607775155E1,-2.379752874E0,-9.513237000E0,-7.406763732E-2
7.609815155E1,-2.740781307E0,-9.414873123E0,1.366023570E-1
7.611829441E1,-2.970490456E0,-9.337172508E0,4.046999216E-1
7.613856582E1,-3.155335665E0,-9.264934540E0,6.125606298E-1
7.615883717E1,-3.308838844E0,-9.203289032E0,7.221166492E-1
7.617910863E1,-3.428564548E0,-9.152990341E0,7.988209724E-1
7.619950863E1,-3.494060040E0,-9.122446060E0,8.619130254E-1
7.621965150E1,-3.534405947E0,-9.105627060E0,8.751649261E-1
7.623992290E1,-3.590310812E0,-9.091300011E0,7.926720977E-1
7.626019431E1,-3.653738976E0,-9.079067230E0,6.253985167E-1
7.628046572E1,-3.679521084E0,-9.079611778E0,4.383656383E-1
7.630086572E1,-3.633012056E0,-9.104423523E0,2.847734988E-1
7.632100858E1,-3.501022577E0,-9.158895493E0,1.669839174E-1
7.634127999E1,-3.293408155E0,-9.236824036E0,7.025162131E-2
7.636155139E1,-3.023462772E0,-9.328892708E0,-2.855417319E-2
7.638182280E1,-2.685618162E0,-9.429920197E0,-1.855611205E-1
7.640222280E1,-2.313011408E0,-9.521282196E0,-4.068681598E-1
7.642236561E1,-1.990181804E0,-9.585572243E0,-5.713052154E-1
7.644263702E1,-1.816116929E0,-9.618467331E0,-5.976466537E-1
7.646290842E1,-1.818341494E0,-9.620105743E0,-5.635543466E-1
7.648317988E1,-1.869782329E0,-9.609192848E0,-5.811294317E-1
7.650357988E1,-1.912530184E0,-9.603950500E0,-5.260834098E-1
7.652372269E1,-2.038921595E0,-9.586959839E0,-3.215096295E-1
7.654399410E1,-2.299839973E0,-9.531449318E0,-1.805727929E-1
7.656426551E1,-2.648064375E0,-9.440085411E0,-2.071987092E-1
7.658453691E1,-2.995884418E0,-9.333958626E0,-2.688733339E-1
7.660480832E1,-3.315055847E0,-9.223278046E0,-3.345650136E-1
7.662507972E1,-3.499387741E0,-9.154049873E0,-3.578436673E-1
7.664535113E1,-3.492429018E0,-9.156299591E0,-3.681230247E-1
7.666562254E1,-3.345457554E0,-9.206028938E0,-4.767870009E-1
7.668589394E1,-3.149371147E0,-9.262671471E0,-6.743570566E-1
7.670616535E1,-2.862919331E0,-9.336168289E0,-9.000238180E-1
7.672643676E1,-2.530852556E0,-9.405661583E0,-1.139608860E0
7.674670816E1,-2.199549675E0,-9.455475807E0,-1.387934208E0
7.676697957E1,-1.882709265E0,-9.490709305E0,-1.597571492E0
7.678725098E1,-1.579106569E0,-9.523803711E0,-1.724522710E0
7.680752238E1,-1.262784839E0,-9.557482719E0,-1.797297478E0
7.682779379E1,-9.422630668E-1,-9.585463524E0,-1.844296455E0
7.684806519E1,-6.456328630E-1,-9.606608391E0,-1.861890912E0
7.686833660E1,-3.768276274E-1,-9.617882729E0,-1.877422690E0
7.688860801E1,-1.080183536E-1,-9.615172386E0,-1.925403118E0
7.690891874E1,1.706104577E-1,-9.597211838E0,-2.008679867E0
7.692915087E1,4.220877588E-1,-9.563570023E0,-2.128466368E0
7.694942228E1,6.060987115E-1,-9.519623756E0,-2.275918961E0
7.696969368E1,6.934189796E-1,-9.488924026E0,-2.376948357E0
7.698996509E1,7.148368955E-1,-9.481077194E0,-2.401785851E0
7.701023650E1,6.603351235E-1,-9.491533279E0,-2.375948429E0
7.703050780E1,5.489111543E-1,-9.513630867E0,-2.315148354E0
7.705077920E1,4.299780130E-1,-9.542403221E0,-2.219920874E0
7.707105061E1,3.404546380E-1,-9.571378708E0,-2.107887030E0
7.709132202E1,2.380527556E-1,-9.602643967E0,-1.975584507E0
7.711159342E1,4.251604900E-2,-9.633654594E0,-1.833382845E0
7.713186483E1,-1.901541799E-1,-9.660067558E0,-1.678485751E0
7.715213624E1,-4.911414683E-1,-9.682662010E0,-1.474872112E0
7.717240764E1,-8.863361478E-1,-9.692578316E0,-1.199465394E0
7.719267905E1,-1.397776127E0,-9.674597740E0,-7.866188288E-1
7.721295046E1,-2.068067551E0,-9.574820518E0,-4.650802910E-1
7.723322186E1,-2.658458233E0,-9.434698105E0,-2.991235256E-1
7.725349327E1,-2.996731997E0,-9.336702347E0,-1.263307631E-1
7.727376467E1,-3.222777367E0,-9.261254311E0,1.151625067E-1
7.729403603E1,-3.489410162E0,-9.159399986E0,3.158941269E-1
7.731430743E1,-3.743777037E0,-9.053754807E0,4.289886653E-1
7.733457884E1,-3.943295002E0,-8.961729050E0,5.551851392E-1
7.735485025E1,-4.073375702E0,-8.890899658E0,7.279476523E-1
7.737512165E1,-4.136403561E0,-8.845378876E0,9.054455161E-1
7.739539306E1,-4.180504322E0,-8.809692383E0,1.040721416E0
7.741566441E1,-4.210600376E0,-8.787085533E0,1.108324051E0
7.743593582E1,-4.194684505E0,-8.791236877E0,1.135419965E0
7.745620722E1,-4.105352879E0,-8.831194878E0,1.151718855E0
7.747647863E1,-3.918047428E0,-8.916116714E0,1.149847507E0
7.749674999E1,-3.616559982E0,-9.049495697E0,1.094309211E0
7.751702139E1,-3.203016520E0,-9.219701767E0,9.529832602E-1
7.753729280E1,-2.708538055E0,-9.397441864E0,7.226846218E-1
7.755756420E1,-2.216353655E0,-9.541728020E0,4.621478021E-1
7.757783561E1,-1.961622477E0,-9.594332695E0,5.207703114E-1
7.759810702E1,-1.958363652E0,-9.584750175E0,6.839352846E-1
7.761837837E1,-2.031894684E0,-9.566713333E0,7.209601402E-1
7.763864978E1,-2.069936991E0,-9.550275803E0,8.234034181E-1
7.765892118E1,-2.240074873E0,-9.494802475E0,1.000590563E0
7.767919254E1,-2.576148748E0,-9.409625053E0,9.963932037E-1
7.769959254E1,-2.926842928E0,-9.327885628E0,7.710592151E-1
7.771973535E1,-3.187732697E0,-9.259086609E0,5.273073912E-1
7.774000670E1,-3.351158857E0,-9.206275940E0,4.296361506E-1
7.776027811E1,-3.332229376E0,-9.209727287E0,4.975395203E-1
7.778054952E1,-3.169126511E0,-9.264775276E0,5.394188166E-1
7.780094952E1,-2.952980518E0,-9.338291168E0,4.966192842E-1
7.782109228E1,-2.692288399E0,-9.421999931E0,3.845604062E-1
7.784136363E1,-2.388417721E0,-9.509173393E0,2.036561519E-1
7.786163504E1,-2.094016790E0,-9.580254555E0,-6.491234899E-2
7.788190644E1,-1.817032695E0,-9.625735283E0,-4.626179338E-1
7.790230644E1,-1.535994291E0,-9.643519402E0,-9.020314217E-1
7.792244920E1,-1.271521330E0,-9.644839287E0,-1.237214088E0
7.794272061E1,-1.020626068E0,-9.649694443E0,-1.418487668E0
7.796299196E1,-7.673250437E-1,-9.662716866E0,-1.487779975E0
7.798326332E1,-5.148943067E-1,-9.674386024E0,-1.520369768E0
7.800366332E1,-2.774681747E-1,-9.678722382E0,-1.554265499E0
7.802380613E1,-6.484496593E-2,-9.673200607E0,-1.611015320E0
7.804407754E1,1.279129982E-1,-9.657828331E0,-1.697170734E0
7.806434889E1,2.949191332E-1,-9.637919426E0,-1.787151337E0
7.808462030E1,4.264204204E-1,-9.616968155E0,-1.871495485E0
7.810489165E1,5.048328042E-1,-9.598946571E0,-1.943127632E0
7.812516306E1,5.058222413E-1,-9.594541550E0,-1.964515328E0
7.814543447E1,4.595422745E-1,-9.605101585E0,-1.923858762E0
7.816570582E1,3.972989619E-1,-9.620673180E0,-1.858809471E0
7.818597722E1,3.262490034E-1,-9.631381989E0,-1.816707611E0
7.820624858E1,2.241302729E-1,-9.648566246E0,-1.739345789E0
7.822651993E1,2.709998004E-2,-9.674804688E0,-1.602438450E0
7.824679134E1,-2.135266811E-1,-9.706898689E0,-1.378733397E0
7.826706269E1,-5.825136304E-1,-9.756893158E0,-7.963033319E-1
7.828733405E1,-1.148383975E0,-9.735414505E0,-2.707710266E-1
7.830760551E1,-1.849196553E0,-9.630569458E0,5.469172075E-2
7.832787686E1,-2.522829294E0,-9.473505974E0,2.417177111E-1
7.834814827E1,-3.013092756E0,-9.325831413E0,3.471588790E-1
7.836841962E1,-3.330085754E0,-9.214581490E0,4.152170718E-1
7.838869103E1,-3.618659496E0,-9.102725029E0,4.648514986E-1
7.840896238E1,-3.903488874E0,-8.977005005E0,5.886749625E-1
7.842923379E1,-4.116962433E0,-8.866352081E0,7.802621126E-1
7.844950514E1,-4.256753445E0,-8.774556160E0,1.028393626E0
7.846977650E1,-4.321365833E0,-8.706930161E0,1.298286080E0
7.849004790E1,-4.327012539E0,-8.668835640E0,1.516127706E0
7.851031931E1,-4.304161072E0,-8.654225349E0,1.657998204E0
7.853059066E1,-4.255447388E0,-8.668006897E0,1.710910201E0
7.855086207E1,-4.169363976E0,-8.714862823E0,1.684626937E0
7.857113342E1,-4.017019749E0,-8.800418854E0,1.608280897E0
7.859140483E1,-3.772046328E0,-8.930362701E0,1.480088353E0
7.861167618E1,-3.421308994E0,-9.102937698E0,1.265522480E0
7.863194759E1,-2.953742981E0,-9.304655075E0,9.322928786E-1
7.865221894E1,-2.441803217E0,-9.478127480E0,6.107952595E-1
7.867249035E1,-2.101688385E0,-9.546483040E0,7.861019969E-1
7.869276176E1,-1.971872330E0,-9.560983658E0,9.325832725E-1
7.871303311E1,-2.013417244E0,-9.551371574E0,9.422534108E-1
7.873330452E1,-2.049135447E0,-9.547211647E0,9.067422152E-1
7.875357587E1,-2.050209284E0,-9.540939331E0,9.682539701E-1
7.877384728E1,-2.175671577E0,-9.507704735E0,1.019992709E0
7.879424728E1,-2.471755266E0,-9.453420639E0,8.328534961E-1
7.881439004E1,-2.784362078E0,-9.390349388E0,4.889466465E-1
7.883466139E1,-3.062733412E0,-9.314279556E0,1.851044893E-1
7.885493280E1,-3.280787706E0,-9.241568565E0,1.524919737E-2
7.887520420E1,-3.337048292E0,-9.221400261E0,1.668500714E-2
7.889547556E1,-3.226875305E0,-9.260413170E0,4.907206073E-2
7.891574697E1,-3.038184881E0,-9.324068069E0,3.963243961E-2
7.893601837E1,-2.790512085E0,-9.401185036E0,-3.388591111E-2
7.895628972E1,-2.479403257E0,-9.486530304E0,-1.693821996E-1
7.897656113E1,-2.133103848E0,-9.565030098E0,-3.611529469E-1
7.899683254E1,-1.777411699E0,-9.625411987E0,-6.021943688E-1
7.901718259E1,-1.431713104E0,-9.662549973E0,-8.693191409E-1
7.903737540E1,-1.109144092E0,-9.679190636E0,-1.119573116E0
7.905764681E1,-8.037654757E-1,-9.686424255E0,-1.302888632E0
7.907791822E1,-5.168203712E-1,-9.690128326E0,-1.415872693E0
7.909818957E1,-2.478639334E-1,-9.687129974E0,-1.506143928E0
7.911846092E1,4.925901536E-3,-9.674554825E0,-1.604164958E0
7.913873233E1,2.418368012E-1,-9.653403282E0,-1.709884405E0
7.915900374E1,4.385484159E-1,-9.630923271E0,-1.795375586E0
7.917927514E1,5.776408315E-1,-9.608176231E0,-1.876074314E0
7.919967514E1,6.480979919E-1,-9.591567039E0,-1.937058687E0
7.921981790E1,6.664358974E-1,-9.588449478E0,-1.946249008E0
7.924008931E1,6.280269027E-1,-9.596642494E0,-1.918442369E0
7.926036072E1,5.527842641E-1,-9.610880852E0,-1.869706273E0
7.928063217E1,4.864737093E-1,-9.627304077E0,-1.802425504E0
7.930103217E1,4.214130640E-1,-9.641781807E0,-1.740356207E0
7.932117499E1,3.301359713E-1,-9.659584999E0,-1.659462810E0
7.934144639E1,1.523895264E-1,-9.685348511E0,-1.530095458E0
7.936171780E1,-7.890648395E-2,-9.731367111E0,-1.210225344E0
7.938198921E1,-5.107982159E-1,-9.777682304E0,-5.535305738E-1
7.940238920E1,-1.189010978E0,-9.734169960E0,-5.071098730E-2
7.942253207E1,-1.995797992E0,-9.598881721E0,2.205328345E-1
7.944280348E1,-2.703541994E0,-9.422152519E0,2.903305590E-1
7.946307493E1,-3.147502899E0,-9.283644676E0,2.784948051E-1
7.948334634E1,-3.464732409E0,-9.169781685E0,2.848413885E-1
7.950374634E1,-3.802158117E0,-9.028091431E0,4.555695653E-1
7.952388920E1,-4.087738037E0,-8.887949944E0,6.820059419E-1
7.954416066E1,-4.263284683E0,-8.786295891E0,8.920769691E-1
7.956443212E1,-4.333607674E0,-8.722592354E0,1.143074870E0
7.958470353E1,-4.321699619E0,-8.692050934E0,1.393392563E0
7.960497499E1,-4.269296646E0,-8.684736252E0,1.587092638E0
7.962524644E1,-4.210913181E0,-8.697536469E0,1.670766354E0
7.964551785E1,-4.137458324E0,-8.736466408E0,1.651051760E0
7.966578931E1,-4.024878025E0,-8.799118996E0,1.595696092E0
7.968606077E1,-3.826858282E0,-8.897091866E0,1.538605213E0
7.970633223E1,-3.531410933E0,-9.033520699E0,1.447421908E0
7.972660368E1,-3.136592150E0,-9.205096245E0,1.264268398E0
7.974687514E1,-2.653996706E0,-9.393426895E0,9.435138702E-1
7.976714660E1,-2.201021433E0,-9.530794144E0,6.999025345E-1
7.978741806E1,-1.984062433E0,-9.561080933E0,9.053319097E-1
7.980768952E1,-1.951094031E0,-9.551246643E0,1.066449404E0
7.982796103E1,-1.981698871E0,-9.539962769E0,1.110125542E0
7.984823249E1,-2.011542559E0,-9.519937515E0,1.222650766E0
7.986850394E1,-2.137834311E0,-9.469553947E0,1.388375282E0
7.988877546E1,-2.423147917E0,-9.411948204E0,1.309182882E0
7.990904691E1,-2.760279179E0,-9.363434792E0,9.366679788E-1
7.992931837E1,-3.000603914E0,-9.303566933E0,7.812850475E-1
7.994958988E1,-3.109405756E0,-9.266190529E0,7.998161912E-1
7.996986134E1,-3.094084978E0,-9.268923759E0,8.270902038E-1
7.999013285E1,-2.999796629E0,-9.300037384E0,8.251758814E-1
8.001040436E1,-2.851579905E0,-9.351300240E0,7.694615126E-1
8.003067582E1,-2.658457756E0,-9.418467522E0,6.288519502E-1
8.005094733E1,-2.421493530E0,-9.493832588E0,4.169889987E-1
8.007121884E1,-2.175653219E0,-9.560742378E0,1.706281751E-1
8.009149030E1,-1.925025344E0,-9.614722252E0,-1.475252956E-1
8.011176181E1,-1.653966904E0,-9.650022507E0,-5.584419370E-1
8.013203332E1,-1.380650878E0,-9.666048050E0,-9.119825959E-1
8.015230483E1,-1.125543594E0,-9.689855576E0,-1.005105972E0
8.017257634E1,-8.558642268E-1,-9.723279953E0,-9.464118481E-1
8.019284785E1,-5.762981772E-1,-9.747792244E0,-9.048825502E-1
8.021311936E1,-3.271369636E-1,-9.759741783E0,-9.004467726E-1
8.023339087E1,-1.144358441E-1,-9.758962631E0,-9.591385126E-1
8.025366238E1,6.896407157E-2,-9.747774124E0,-1.070759296E0
8.027393394E1,2.288981676E-1,-9.731969833E0,-1.186066031E0
8.029420546E1,3.398918211E-1,-9.715301514E0,-1.291422725E0
8.031447697E1,3.976535499E-1,-9.699801445E0,-1.387846947E0
8.033474848E1,4.131830335E-1,-9.692292213E0,-1.434967399E0
8.035501999E1,3.617357314E-1,-9.695088387E0,-1.429964542E0
8.037529155E1,2.730072439E-1,-9.703706741E0,-1.390665412E0
8.039556306E1,2.059024572E-1,-9.714255333E0,-1.327108145E0
8.041583462E1,1.545666456E-1,-9.723310471E0,-1.266391993E0
8.043610613E1,1.076223403E-1,-9.728033066E0,-1.234577179E0
8.045637769E1,4.358065128E-2,-9.734730721E0,-1.184700608E0
8.047664920E1,-7.973568141E-2,-9.744960785E0,-1.095335722E0
8.049692077E1,-2.353942543E-1,-9.758502960E0,-9.415926337E-1
8.051719233E1,-5.969026685E-1,-9.782525063E0,-3.410154581E-1
8.053746384E1,-1.199992657E0,-9.731612206E0,1.616575867E-1
8.055773540E1,-1.921503782E0,-9.607120514E0,4.259619713E-1
8.057800696E1,-2.596187115E0,-9.439288139E0,5.744885206E-1
8.059840697E1,-3.059796333E0,-9.291567802E0,6.890604496E-1
8.061855004E1,-3.339611053E0,-9.189970970E0,7.495437860E-1
8.063882160E1,-3.620425224E0,-9.087550163E0,6.923517585E-1
8.065909316E1,-3.908280373E0,-8.976685524E0,5.611109734E-1
8.067936472E1,-4.169396877E0,-8.860188484E0,5.325292349E-1
8.069976473E1,-4.331349850E0,-8.775143623E0,6.376980543E-1
8.071990785E1,-4.387039661E0,-8.733373642E0,8.077455759E-1
8.074017941E1,-4.388327599E0,-8.718210220E0,9.517259002E-1
8.076045098E1,-4.365706444E0,-8.723854065E0,1.002678633E0
8.078072254E1,-4.313344479E0,-8.754293442E0,9.632292986E-1
8.080112254E1,-4.187651634E0,-8.821208000E0,9.056755900E-1
8.082142363E1,-3.960149765E0,-8.929434776E0,8.676387668E-1
8.084153785E1,-3.625133038E0,-9.071836472E0,8.547398448E-1
8.086180936E1,-3.199031115E0,-9.231712341E0,8.438449502E-1
8.088208082E1,-2.732645750E0,-9.386345863E0,7.743120790E-1
8.090248082E1,-2.292476654E0,-9.513894081E0,6.330638528E-1
8.092262384E1,-1.970474243E0,-9.590952873E0,5.488531590E-1
8.094289535E1,-1.747650623E0,-9.634924889E0,5.332449675E-1
8.096316681E1,-1.613370538E0,-9.656140327E0,5.713043213E-1
8.098343848E1,-1.523534536E0,-9.669075012E0,5.985023379E-1
8.100371004E1,-1.529227614E0,-9.667670250E0,6.066383123E-1
8.102398155E1,-1.802415729E0,-9.634726524E0,3.061397672E-1
8.104425316E1,-2.080009222E0,-9.583204269E0,-7.829794288E-2
8.106452467E1,-2.273392200E0,-9.537733078E0,-1.836271733E-1
8.108479629E1,-2.344074965E0,-9.522377968E0,2.308197552E-3
8.110506785E1,-2.294651747E0,-9.528819084E0,3.264633417E-1
8.112533947E1,-2.217545271E0,-9.530193329E0,6.544417739E-1
8.114561108E1,-2.185137510E0,-9.520426750E0,8.700836301E-1
8.116588259E1,-2.185539722E0,-9.515231133E0,9.242151976E-1
8.118615421E1,-2.168111801E0,-9.525789261E0,8.538296819E-1
8.120642582E1,-2.135054588E0,-9.546446800E0,6.908603907E-1
8.122669738E1,-2.118719578E0,-9.564293861E0,4.535397589E-1
8.124696900E1,-2.108392477E0,-9.576253891E0,1.429731548E-1
8.126736900E1,-2.056846857E0,-9.584895134E0,-2.637600303E-1
8.128751212E1,-1.922104359E0,-9.584717751E0,-7.804320455E-1
8.130778379E1,-1.720578909E0,-9.584877968E0,-1.157634258E0
8.132805540E1,-1.522821426E0,-9.622488976E0,-1.122104883E0
8.134832702E1,-1.281063914E0,-9.675968170E0,-9.512619376E-1
8.136859858E1,-9.998666048E-1,-9.719747543E0,-8.349666595E-1
8.138887019E1,-7.288416624E-1,-9.750083923E0,-7.583145499E-1
8.140914181E1,-4.969730079E-1,-9.766498566E0,-7.341068983E-1
8.142941342E1,-3.107971251E-1,-9.770666122E0,-7.796720862E-1
8.144968504E1,-1.687849015E-1,-9.766227722E0,-8.733212352E-1
8.146995665E1,-5.517633632E-2,-9.758778572E0,-9.662174582E-1
8.149022827E1,1.762452163E-2,-9.755347252E0,-1.001632452E0
8.151049988E1,5.074321106E-2,-9.755534172E0,-9.986730218E-1
8.153077150E1,5.037651956E-2,-9.753153801E0,-1.021676302E0
8.155104311E1,3.767576814E-2,-9.749678612E0,-1.054862738E0
8.157131473E1,7.096610963E-3,-9.750171661E0,-1.050952911E0
8.159158634E1,-3.587481007E-2,-9.753816605E0,-1.015951991E0
8.161185796E1,-7.392464578E-2,-9.758374214E0,-9.690468907E-1
8.163212957E1,-8.335950226E-2,-9.763958931E0,-9.102433920E-1
8.165240118E1,-6.105035543E-2,-9.770624161E0,-8.375887871E-1
8.167267280E1,-2.864885144E-2,-9.776859283E0,-7.632769942E-1
8.169294441E1,-1.549266465E-2,-9.781209946E0,-7.057459950E-1
8.171321603E1,-1.212888211E-2,-9.782923698E0,-6.816620231E-1
8.173348764E1,-3.906161338E-2,-9.784813881E0,-6.529018879E-1
8.175375926E1,-1.068909168E-1,-9.789223671E0,-5.745107532E-1
8.177403092E1,-2.376713902E-1,-9.792209625E0,-4.759576917E-1
8.179430254E1,-4.529753029E-1,-9.789436340E0,-3.635317981E-1
8.181457415E1,-8.484622836E-1,-9.769754410E0,-4.900562391E-2
8.183484577E1,-1.420485735E0,-9.696768761E0,3.539472520E-1
8.185511738E1,-1.954283118E0,-9.600090027E0,4.352453947E-1
8.187538900E1,-2.307070732E0,-9.520624161E0,4.533358216E-1
8.189566066E1,-2.553446531E0,-9.452993393E0,5.396452546E-1
8.191593228E1,-2.750664949E0,-9.391474724E0,6.359435320E-1
8.193620389E1,-2.928265810E0,-9.335264206E0,6.696893573E-1
8.195647551E1,-3.060053587E0,-9.296801567E0,6.131363511E-1
8.197674712E1,-3.114062071E0,-9.284790993E0,5.154199004E-1
8.199701879E1,-3.076252222E0,-9.301600456E0,4.327669740E-1
8.201729040E1,-2.999082565E0,-9.329426765E0,3.710722029E-1
8.203756202E1,-2.938247204E0,-9.350746155E0,3.172546029E-1
8.205783363E1,-2.851775408E0,-9.378701210E0,2.787728310E-1
8.207810530E1,-2.758093834E0,-9.407423973E0,2.523183823E-1
8.209837691E1,-2.644586086E0,-9.440044403E0,2.492017001E-1
8.211864853E1,-2.469042778E0,-9.487588882E0,2.446508408E-1
8.213892019E1,-2.244400501E0,-9.544823647E0,1.714033186E-1
8.215919181E1,-2.001705170E0,-9.600145340E0,2.818416245E-2
8.217946342E1,-1.799385548E0,-9.639903069E0,-6.964392960E-2
8.219986342E1,-1.581094027E0,-9.677533150E0,-1.260453016E-1
8.222000670E1,-1.375723839E0,-9.708910942E0,-1.217358857E-1
8.224027832E1,-1.173478246E0,-9.733824730E0,-2.144515216E-1
8.226054993E1,-1.042613029E0,-9.735987663E0,-5.421330929E-1
8.228082160E1,-1.014045238E0,-9.723234177E0,-7.751245499E-1
8.230122160E1,-9.957084060E-1,-9.736118317E0,-6.220583320E-1
8.232136483E1,-1.035130501E0,-9.746546745E0,-3.220655620E-1
8.234163644E1,-1.110561609E0,-9.743506432E0,-3.323478997E-2
8.236190811E1,-1.164275289E0,-9.735011101E0,2.107262015E-1
8.238217972E1,-1.233178139E0,-9.722671509E0,3.454334140E-1
8.240257973E1,-1.354030728E0,-9.705547333E0,3.732933700E-1
8.242272301E1,-1.488516331E0,-9.687346458E0,3.316905499E-1
8.244299467E1,-1.603385210E0,-9.671791077E0,2.366133630E-1
8.246326629E1,-1.662629962E0,-9.664138794E0,1.023013666E-1
8.248353785E1,-1.702017665E0,-9.657736778E0,-4.062825814E-2
8.250393785E1,-1.708834648E0,-9.655239105E0,-1.631958038E-1
8.252408118E1,-1.661941767E0,-9.661357880E0,-2.578839958E-1
8.254435280E1,-1.591996431E0,-9.669285774E0,-3.752842247E-1
8.256462447E1,-1.506895661E0,-9.677142143E0,-5.025562644E-1
8.258489608E1,-1.400262833E0,-9.690180779E0,-5.568239689E-1
8.260516775E1,-1.292274356E0,-9.707742691E0,-5.100604892E-1
8.262543936E1,-1.192006707E0,-9.725126266E0,-4.140266478E-1
8.264571092E1,-1.106412053E0,-9.738945961E0,-3.149240613E-1
8.266598264E1,-1.046046734E0,-9.747907639E0,-2.333895415E-1
8.268625426E1,-1.009073853E0,-9.753214836E0,-1.641724706E-1
8.270652592E1,-9.712448716E-1,-9.757992744E0,-9.303481132E-2
8.272679754E1,-9.359154105E-1,-9.761856079E0,-2.484590746E-2
8.274706915E1,-9.045950174E-1,-9.764787674E0,3.177228570E-2
8.276734082E1,-9.011486769E-1,-9.765053749E0,4.517908022E-2
8.278761243E1,-9.052310586E-1,-9.764754295E0,-2.266320027E-2
8.280788410E1,-8.934878111E-1,-9.763719559E0,-2.045838386E-1
8.282815572E1,-8.708280921E-1,-9.760634422E0,-3.769081533E-1
8.284842733E1,-8.260698915E-1,-9.766104698E0,-3.334825933E-1
8.286869900E1,-7.942042351E-1,-9.772698402E0,-1.843500137E-1
8.288897061E1,-7.318513989E-1,-9.778995514E0,-7.756219804E-2
8.290924222E1,-6.227543354E-1,-9.786854744E0,-6.219756790E-3
8.292951389E1,-4.927440882E-1,-9.794186592E0,3.863370791E-2
8.294978551E1,-3.957346082E-1,-9.798614502E0,3.066835366E-2
8.297005717E1,-3.645096719E-1,-9.799764633E0,-4.624635354E-2
8.299032879E1,-3.432052433E-1,-9.799828529E0,-1.264055222E-1
8.301060046E1,-3.312781453E-1,-9.799969673E0,-1.457078308E-1
8.303087207E1,-4.031440914E-1,-9.797894478E0,-9.552735835E-2
8.305114374E1,-5.207429528E-1,-9.792812347E0,-5.376720801E-3
8.307141535E1,-5.937650204E-1,-9.788328171E0,8.041397482E-2
8.309168697E1,-6.175523996E-1,-9.786355019E0,1.275411546E-1
8.311195863E1,-6.529558301E-1,-9.783741951E0,1.497377008E-1
8.313223025E1,-7.152528763E-1,-9.779482841E0,1.432632953E-1
8.315250191E1,-7.585641742E-1,-9.776829720E0,9.260072559E-2
8.317277353E1,-7.794802189E-1,-9.775520325E0,4.477506503E-2
8.319304519E1,-7.753313184E-1,-9.775780678E0,5.786918849E-2
8.321331681E1,-7.347308993E-1,-9.778512955E0,1.060066819E-1
8.323358848E1,-7.025182247E-1,-9.779990196E0,1.692222506E-1
8.325386009E1,-6.898270845E-1,-9.778939247E0,2.585866451E-1
8.327413176E1,-6.657616496E-1,-9.778507233E0,3.285844922E-1
8.329453176E1,-6.420571208E-1,-9.780431747E0,3.182894289E-1
8.331467504E1,-6.754946113E-1,-9.779306412E0,2.815106511E-1
8.333494665E1,-7.156121731E-1,-9.777585030E0,2.389806509E-1
8.335521832E1,-6.873425841E-1,-9.779869080E0,2.282731682E-1
8.337548993E1,-6.583580971E-1,-9.781900406E0,2.266845107E-1
8.339576160E1,-6.137195826E-1,-9.783718109E0,2.694362402E-1
8.341603322E1,-5.693793297E-1,-9.784132004E0,3.419887125E-1
8.343630488E1,-5.583956242E-1,-9.782576561E0,3.997225463E-1
8.345657655E1,-5.844475031E-1,-9.778278351E0,4.626997411E-1
8.347684816E1,-6.717481613E-1,-9.767826080E0,5.556135178E-1
8.349711983E1,-8.115827441E-1,-9.748873711E0,6.864256263E-1
8.351751983E1,-9.189732075E-1,-9.732083321E0,7.825768590E-1
8.353766311E1,-9.670057893E-1,-9.725025177E0,8.118889928E-1
8.355793473E1,-1.027998567E0,-9.719075203E0,8.081969619E-1
8.357820639E1,-1.196444035E0,-9.706881523E0,7.178869843E-1
8.359847806E1,-1.390381575E0,-9.687130928E0,6.298558116E-1
8.361874967E1,-1.424578428E0,-9.679838181E0,6.646115184E-1
8.363902134E1,-1.421104550E0,-9.682044983E0,6.394166946E-1
8.365929296E1,-1.557628632E0,-9.665954590E0,5.599025488E-1
8.367956462E1,-1.825963974E0,-9.621669769E0,5.096355677E-1
8.369996462E1,-2.076209068E0,-9.573911667E0,4.471715391E-1
8.372010790E1,-2.350995779E0,-9.513671875E0,3.650332391E-1
8.374037957E1,-2.558394909E0,-9.463797569E0,2.480547726E-1
8.376065118E1,-2.676539898E0,-9.432698250E0,1.752949804E-1
8.378092285E1,-2.713866234E0,-9.421906471E0,1.816313565E-1
8.380132285E1,-2.697086096E0,-9.424922943E0,2.587401569E-1
8.382146613E1,-2.670467138E0,-9.429684639E0,3.464584649E-1
8.384173780E1,-2.675406933E0,-9.423146248E0,4.657419324E-1
8.386200941E1,-2.682537556E0,-9.414034843E0,5.918815136E-1
8.388228108E1,-2.702335835E0,-9.402761459E0,6.751770377E-1
8.390268108E1,-2.653400183E0,-9.415547371E0,6.908915043E-1
8.392282436E1,-2.544210196E0,-9.443710327E0,7.167439461E-1
8.394309603E1,-2.424693584E0,-9.469356537E0,7.890088558E-1
8.396336764E1,-2.242483377E0,-9.508183479E0,8.579616547E-1
8.398363931E1,-2.045958281E0,-9.548936844E0,8.956839442E-1
8.400391098E1,-1.847919941E0,-9.587718964E0,9.117183089E-1
8.402418264E1,-1.584627151E0,-9.628147125E0,9.788426757E-1
8.404445426E1,-1.334972858E0,-9.666719437E0,9.709595442E-1
8.406472592E1,-1.024325371E0,-9.716103554E0,8.476276994E-1
8.408499759E1,-7.156414390E-1,-9.754621506E0,7.110662460E-1
8.410526920E1,-5.659169555E-1,-9.772163391E0,5.957748890E-1
8.412554087E1,-5.851146579E-1,-9.778798103E0,4.507251084E-1
8.414581254E1,-8.320376277E-1,-9.767357826E0,2.771761417E-1
8.416608420E1,-1.232440472E0,-9.728751183E0,5.373203754E-2
8.418635587E1,-1.607762098E0,-9.671512604E0,-2.175511867E-1
8.420662754E1,-1.906495452E0,-9.610085487E0,-4.265147150E-1
8.422689915E1,-2.179655313E0,-9.544116974E0,-5.738727450E-1
8.424717082E1,-2.322809458E0,-9.504451752E0,-6.635733843E-1
8.426744254E1,-2.381076813E0,-9.489422798E0,-6.720929742E-1
8.428771415E1,-2.389660120E0,-9.492346764E0,-5.960509181E-1
8.430798582E1,-2.382158279E0,-9.494482040E0,-5.920560360E-1
8.432825749E1,-2.279097319E0,-9.517603874E0,-6.255546212E-1
8.434852920E1,-2.155098677E0,-9.548662186E0,-5.907473564E-1
8.436880087E1,-2.023610115E0,-9.585576057E0,-4.383042455E-1
8.438907254E1,-1.907357574E0,-9.618330002E0,-1.417544037E-1
8.440934421E1,-1.751667976E0,-9.641528130E0,3.781154752E-1
8.442961587E1,-1.560908318E0,-9.632068634E0,9.783766270E-1
8.444988754E1,-1.293135047E0,-9.600535393E0,1.525748372E0
8.447015920E1,-1.028096914E0,-9.535403252E0,2.046826124E0
8.449043092E1,-8.358237743E-1,-9.432628632E0,2.548980713E0
8.451070259E1,-6.742962599E-1,-9.298817635E0,3.041003942E0
8.453097426E1,-5.365802646E-1,-9.132952690E0,3.531521559E0
8.455124598E1,-4.334730208E-1,-8.920849800E0,4.049807072E0
8.457151764E1,-3.691806495E-1,-8.671257019E0,4.565454960E0
8.459178936E1,-3.483424485E-1,-8.415234566E0,5.023233891E0
8.461206103E1,-3.854025304E-1,-8.187513351E0,5.383909225E0
8.463233275E1,-4.555401206E-1,-7.992910385E0,5.663589954E0
8.465260441E1,-5.044072270E-1,-7.823202133E0,5.891814232E0
8.467287613E1,-4.951919615E-1,-7.666849613E0,6.094636440E0
8.469314785E1,-4.378663003E-1,-7.519484043E0,6.279810429E0
8.471341952E1,-4.133889973E-1,-7.384769917E0,6.439307213E0
8.473369124E1,-4.497903287E-1,-7.273946762E0,6.561842442E0
8.475396296E1,-4.628924727E-1,-7.206044674E0,6.635436535E0
8.477423467E1,-3.949775398E-1,-7.180165768E0,6.667801857E0
8.479450639E1,-2.958537340E-1,-7.186367989E0,6.666254997E0
8.481477811E1,-3.135519922E-1,-7.181918621E0,6.670242310E0
8.483504983E1,-3.535936177E-1,-6.746898651E0,7.108074188E0
8.485532155E1,-1.289564222E-1,-6.257728100E0,7.549476147E0
8.487559332E1,5.383622274E-2,-5.735324383E0,7.954467773E0
8.489586504E1,9.148278832E-2,-5.468023777E0,8.140192032E0
8.491613676E1,-3.858439159E-3,-5.465444565E0,8.142437935E0
8.493640853E1,-4.536402971E-2,-5.606044292E0,8.046153069E0
8.495668025E1,1.343502551E-1,-5.716311932E0,7.967189789E0
8.497695202E1,4.008834958E-1,-5.718358994E0,7.956761837E0
8.499722379E1,5.854616761E-1,-5.652369022E0,7.992393017E0
8.501749551E1,7.016811967E-1,-5.523685455E0,8.072602272E0
8.503776728E1,8.204108477E-1,-5.313763618E0,8.201293945E0
8.505803905E1,9.769712090E-1,-5.030189514E0,8.361405373E0
8.507831082E1,1.106499910E0,-4.767807007E0,8.497884750E0
8.509871082E1,1.208424211E0,-4.635621548E0,8.556933403E0
8.511885436E1,1.181540370E0,-4.758268833E0,8.493127823E0
8.513912613E1,1.107500315E0,-5.021805763E0,8.350167274E0
8.515939790E1,1.129603863E0,-5.177906036E0,8.251283646E0
8.517966967E1,1.098535657E0,-5.208546638E0,8.236179352E0
8.520006967E1,1.051516175E0,-5.017347813E0,8.360079765E0
8.522021327E1,1.222557902E0,-4.592023373E0,8.578406334E0
8.524048504E1,1.367596745E0,-4.147504330E0,8.780561447E0
8.526075686E1,1.293978572E0,-3.810149670E0,8.943084717E0
8.528102868E1,1.081002355E0,-3.553555727E0,9.076015472E0
8.530142868E1,9.754125476E-1,-3.292472601E0,9.185781479E0
8.532157233E1,1.014948487E0,-3.017896652E0,9.275374413E0
8.534184415E1,1.255705953E0,-2.751297235E0,9.328662872E0
8.536211598E1,1.485299587E0,-2.543625116E0,9.353835106E0
